49876.5
49877
49878.5
49879
49880.5
49881
49881.5
49882
49883
49884
49884.5
49886
49887
49888
49888.5
49889
49890
49891
49892
49893
49894.5
49896
49897
49898
49898.5
49900
49901
49902
49903.5
49904
49905.5
49906
49907.5
49909
49909.5
49910
49911
49912
49913
49914
49915.5
49916
49917
49918
49919.5
49921
49921.5
49922
49923.5
49925
49925.5
49927
49928.5
49929
49930.5
49931
49932.5
49934
49935.5
49936
49937.5
49938
49939.5
49940
49941.5
49942
49942.5
49943
49943.5
49944
49945
49946
49947
49948
49949
49950
49951
49952
49953
49954
49954.5
49956
49957
49958
49959
49960
49961.5
49962
49963.5
49965
49966.5
49967
49967.5
49968
49969
49970
49971
49972
49972.5
49974
49974.5
49976
49976.5
49978
49978.5
49979
49980.5
49982
49983
49984
49985
49986
49987.5
49988
49989
49990
49990.5
49992
49993
49994
49995.5
49996
49997
49998
49999
50000
50000.5
50002
50003
50004
50005.5
50007
50008.5
50010
50010.5
50012
50013.5
50015
50016
50017
50019
50021
50022
50023
50023
50023
50024
50025
50026
50027
50029
50031
50032
50033
50034
50035
50036
50037
50038
50039
50039
50039
50041
50041
50042
50043
50043.5
50045
50046
50047
50048
50049
50051
50053
50053
50055
50055
50057
50058
50059
50060
50061
50062
50063
50064
50065
50066
50067
50068
50069
50069
50069
50070
50071
50072
50073
50073.5
50075
50075.5
50077
50078
50079
50081
50081
50083
50085
50085
50085
50087
50089
50089
50091
50091
50091
50093
50093
50095
50097
50098
50099
50100
50101
50101
50103
50104
50105
50106
50107
50108
50109
50110
50111
50112
50113
50114
50115
50116
50117
50118.5
50119
50120
50121
50122.5
50124
50125
50126
50127
50128
50129
50130
50131
50132
50133.5
50135
50136.5
50138
50139.5
50141
50141.5
50143
50144
50145
50146
50147
50148
50149
50150
50151
50152
50153
50154
50155
50156
50157
50158
50159
50160
50161
50162
50163
50164
50165
50167
50167
50168
50169
50170
50171
50172
50173
50174
50175
50176
50177
50178
50179
50179.5
50180
50181.5
50183
50184
50185
50186
50187
50188
50189
50190
50191
50191.5
50192
50192.5
50194
50194.5
50195
50196.5
50197
50197.5
50198
50199.5
50201
50201.5
50203
50204.5
50205
50206.5
50207
50208.5
50210
50211.5
50212
50213.5
50215
50216
50217
50218
50219
50220
50221
50221.5
50222
50223.5
50225
50226
50227
50228
50229
50230
50231
50232
50233
50234
50235
50237
50237
50238
50239
50240
50241
50242
50243
50244
50245
50246
50247
50248
50249
50250
50251
50252
50253
50254
50255
50256
50257
50258
50259
50260
50261
50263
50265
50265
50265
50267
50269
50269
50271
50272.5
50274
50274.5
50276
50277.5
50278
50279.5
50281
50283
50285
50285
50285
50287
50289
50290
50291
50291
50291
50293
50295
50296
50297
50298
50299
50300
50301
50302
50303
50304
50305
50306
50307
50308.5
50309
50310
50311
50311
50311
50313
50315
50316
50317
50317
50317
50317.5
50319
50319.5
50320
50320.5
50321
50322.5
50324
50324.5
50325
50326.5
50328
50328.5
50330
50330.5
50332
50333.5
50334
50335.5
50336
50337.5
50338
50338.5
50339
50339
50341
50342.5
50344
50345.5
50347
50347.5
50348
50349.5
50350
50350.5
50351
50351
50351
50352
50353
50354
50355
50356
50357
50358
50359
50360
50361
50362
50363
50364
50365
50366
50367
50368
50369
50370
50371
50371.5
50373
50373.5
50375
50375.5
50376
50377.5
50378
50379.5
50381
50382
50383
50383.5
50385
50385.5
50386
50386.5
50388
50388.5
50390
50390.5
50391
50391.5
50393
50394.5
50396
50397.5
50398
50398.5
50400
50400.5
50401
50402.5
50403
50404.5
50406
50406.5
50407
50408.5
50409
50409.5
50411
50411.5
50413
50414.5
50415
50416.5
50417
50418.5
50419
50420.5
50422
50423.5
50425
50425.5
50427
50427.5
50428
50428.5
50430
50430.5
50431
50431.5
50433
50434.5
50435
50436.5
50437
50438.5
50440
50440.5
50441
50442.5
50443
50443.5
50445
50446.5
50448
50449.5
50451
50451.5
50453
50454
50455
50455.5
50456
50456.5
50458
50458.5
50460
50461.5
50462
50463.5
50465
50465.5
50466
50466.5
50467
50468.5
50470
50470.5
50471
50472.5
50474
50475.5
50477
50478
50479
50479.5
50481
50481.5
50483
50484
50485
50485.5
50486
50486.5
50488
50488.5
50489
50490.5
50492
50492.5
50494
50494.5
50495
50496.5
50497
50497.5
50499
50500.5
50501
50501.5
50503
50503.5
50505
50505.5
50506
50507
50508
50508.5
50509
50510.5
50512
50512.5
50513
50514.5
50515
50516.5
50518
50518.5
50520
50521
50522
50523.5
50525
50525.5
50526
50527
50528
50529
50530
50530.5
50532
50532.5
50533
50534
50535
50536
50537
50538.5
50540
50540.5
50541
50542.5
50543
50544.5
50545
50546.5
50548
50548.5
50549
50550
50551
50552.5
50553
50554.5
50555
50556
50557
50558
50559
50560.5
50562
50562.5
50563
50564.5
50565
50566.5
50567
50568
50569
50570
50571
50572
50573
50574
50575
50576
50577
50578
50579
50579
50581
50581
50581
50583
50583
50584
50585
50587
50587
50588
50589
50590
50591
50592
50593
50595
50597
50598
50599
50600
50601
50602
50603
50604
50605
50606
50607
50608
50609
50610
50611
50612
50613
50614
50615
50616
50617
50618.5
50620
50621
50622
50623
50624
50625.5
50627
50627.5
50628
50629
50630
50631
50632
50633.5
50634
50635
50636
50637.5
50638
50639
50640
50641.5
50642
50643.5
50644
50645.5
50646
50647.5
50649
50650.5
50651
50652.5
50654
50655.5
50656
50656.5
50658
50658.5
50659
50659.5
50660
50661
50662
50663
50664
50664.5
50665
50666
50667
50668
50669
50670
50671
50672
50673
50674
50675
50676
50677
50678
50679
50680
50681
50682
50683
50684
50685
50686
50687
50688
50689
50690
50691
50692
50693
50694
50695
50696
50697
50698
50699
50700
50701
50702
50703
50704
50705
50706
50707
50708
50709
50710
50711
50712.5
50713
50714.5
50716
50717
50718
50718.5
50719
50720.5
50721
50722
50723
50724
50725
50726.5
50728
50728.5
50729
50730.5
50732
50732.5
50734
50734.5
50736
50736.5
50737
50738
50739
50740
50741
50742.5
50743
50744
50745
50746
50747
50748
50749
50750.5
50752
50753
50754
50754.5
50756
50757
50758
50759
50760
50761
50762
50763
50764
50765.5
50767
50767.5
50768
50769
50770
50771
50772
50773.5
50775
50775.5
50776
50777
50778
50779
50780
50780.5
50781
50782.5
50784
50785
50786
50787.5
50789
50789.5
50790
50791
50792
50793
50794
50794.5
50795
50796.5
50797
50798.5
50799
50800.5
50802
50803
50804
50805
50806
50806.5
50808
50809
50810
50810.5
50811
50812
50813
50814
50815
50816.5
50817
50818
50819
50820.5
50822
50822.5
50823
50824.5
50826
50826.5
50828
50828.5
50830
50831
50832
50833
50834
50834.5
50836
50836.5
50837
50838.5
50840
50841
50842
50843
50844
50844.5
50846
50846.5
50847
50848
50849
50850
50851
50852
50853
50854
50855
50856.5
50857
50858
50859
50860
50861
50862
50863
50863
50865
50865
50865
50867
50869
50870
50871
50872
50873
50874
50875
50876
50877
50877
50879
50880
50881
50882
50883
50884
50885
50886
50887
50888
50889
50890
50891
50892
50893
50894
50895
50895
50895
50896
50897
50899
50899
50900
50901
50903
50905
50906
50907
50908
50909
50910
50911
50912
50913
50914.5
50916
50916.5
50917
50918.5
50920
50920.5
50921
50922
50923
50924
50925
50926
50927
50928
50929
50930
50931
50932
50933
50934
50935
50936
50937
50937
50937
50938
50939
50939.5
50940
50940.5
50941
50941.5
50942
50943.5
50945
50946.5
50948
50949.5
50951
50952
50953
50954
50955
50956
50957
50959
50961
50961
50961
50963
50963
50965
50965
50967
50967
50969
50969
50971
50971
50973
50975
50975
50977
50978
50979
50980
50981
50982
50983
50984
50985
50986
50987
50988
50989
50990
50991
50992
50993
50994
50995
50996
50997
50998
50999
51000
51001
51002
51003
51004
51005
51006.5
51007
51008.5
51010
51011
51012
51013
51014
51015.5
51017
51017.5
51018
51019.5
51020
51021.5
51023
51024.5
51026
51027.5
51028
51029.5
51030
51031.5
51032
51033.5
51034
51035.5
51036
51036.5
51037
51038.5
51040
51041.5
51043
51043.5
51045
51046
51047
51048
51049
51050
51051
51051.5
51053
51053.5
51055
51055.5
51056
51056.5
51058
51058.5
51060
51060.5
51062
51063.5
51064
51065.5
51067
51067.5
51069
51069.5
51071
51072
51073
51074
51075
51076
51077
51079
51079
51080
51081
51083
51085
51085
51085
51087
51089
51090.5
51091
51091
51093
51094.5
51096
51097.5
51099
51099.5
51101
51101.5
51103
51103.5
51104
51104.5
51106
51106.5
51107
51107
51109
51109
51111
51112.5
51113
51114.5
51115
51116.5
51117
51117
51119
51119
51121
51122.5
51123
51123
51123
51125
51127
51128.5
51130
51131.5
51133
51133.5
51135
51137
51139
51139
51139
51139.5
51141
51141.5
51142
51142.5
51144
51144.5
51145
51145
51145
51147
51147
51149
51151
51151
51151
51153
51155
51155
51157
51158.5
51160
51161.5
51163
51163.5
51165
51167
51169
51169
51169
51169.5
51170
51170.5
51171
51172.5
51173
51173
51175
51176.5
51177
51178.5
51180
51181.5
51182
51182.5
51183
51184.5
51185
51185
51185
51186
51187
51189
51191
51192.5
51194
51194.5
51195
51196.5
51197
51197
51199
51200.5
51201
51201
51201
51203
51205
51205
51205
51207
51209
51210.5
51212
51212.5
51214
51214.5
51216
51216.5
51217
51217
51217
51219
51221
51221
51223
51223
51225
51226.5
51228
51228.5
51229
51230.5
51231
51231
51233
51234.5
51235
51235
51235
51236
51237
51238
51239
51240
51241
51242
51243
51245
51247
51248.5
51250
51251.5
51252
51252.5
51254
51254.5
51255
51255
51255
51256
51257
51259
51259
51260
51261
51262
51263
51264
51265
51265.5
51266
51267.5
51269
51270
51271
51271.5
51272
51273.5
51274
51274.5
51276
51276.5
51278
51279.5
51281
51281.5
51282
51282.5
51283
51284.5
51285
51286.5
51288
51289.5
51291
51292
51293
51294
51295
51296
51297
51298
51299
51300
51301
51302
51303
51304
51305
51306
51307
51307.5
51309
51310
51311
51312
51313
51313.5
51315
51315.5
51317
51317.5
51319
51320
51321
51321.5
51323
51324
51325
51326
51327
51327.5
51328
51329.5
51331
51332
51333
51334
51335
51336
51337
51338
51339
51340
51341
51342
51343
51344
51345
51346
51347
51348
51349
51350
51351
51352
51353
51355
51357
51357
51359
51359
51359
51360
51361
51362
51363
51364
51365
51366
51367
51368
51369
51370
51371
51372
51373
51374
51375
51376
51377
51378
51379
51380
51381
51382
51383
51384
51385
51386
51387
51388
51389
51391
51393
51393
51393
51395
51395
51396
51397
51399
51399
51400
51401
51402
51403
51404
51405
51406
51407
51408
51409
51410
51411
51412
51413
51414
51415
51416
51417
51419
51419
51420
51421
51422
51423
51424
51425
51427
51427
51429
51429
51430
51431
51432
51433
51434
51435
51436
51437
51438
51439
51440
51441
51441.5
51442
51443.5
51445
51446
51447
51448
51449
51451
51451
51452
51453
51455
51455
51457
51457
51458
51459
51460
51461
51461.5
51462
51462.5
51463
51464.5
51465
51465.5
51467
51467.5
51469
51470.5
51472
51472.5
51473
51473.5
51475
51475.5
51476
51477.5
51479
51480.5
51482
51482.5
51483
51484.5
51486
51486.5
51488
51489.5
51491
51492
51493
51494
51495
51496
51497
51498
51499
51500
51501
51502
51503
51504
51505
51506
51507
51508
51509
51511
51511
51513
51513
51514
51515
51516
51517
51518
51519
51520
51521
51522
51523
51524
51525
51526
51527
51527.5
51528
51529.5
51530
51531.5
51533
51533.5
51535
51536
51537
51537.5
51539
51539.5
51541
51542
51543
51544
51545
51546
51547
51549
51551
51551
51553
51554.5
51556
51557.5
51558
51558.5
51560
51561.5
51563
51565
51565
51567
51567
51569
51571
51572
51573
51573
51575
51576
51577
51577
51577
51577.5
51579
51581
51581
51583
51583
51585
51587
51587
51587
51589
51589
51591
51593
51593
51595
51596
51597
51598
51599
51600
51601
51602
51603
51604
51605
51606.5
51607
51608
51609
51610
51611
51612.5
51614
51614.5
51616
51617
51618
51619
51620
51620.5
51622
51622.5
51624
51624.5
51626
51627
51628
51629
51630
51631
51632
51633
51634
51635
51636
51637
51638
51639
51640
51641
51642
51642.5
51643
51644.5
51646
51647
51648
51649
51650
51651
51652
51653
51654
51655
51656
51657.5
51658
51659
51660
51661
51662
51663.5
51665
51666
51667
51667.5
51668
51669
51670
51671
51672
51673
51674
51675
51676
51677
51678
51679
51680
51681
51682
51683
51684
51684.5
51686
51687
51688
51689
51690
51690.5
51692
51693
51694
51695
51696
51697
51698
51698.5
51700
51701
51702
51702.5
51704
51704.5
51705
51706
51707
51708
51709
51710.5
51712
51713
51714
51715
51716
51716.5
51717
51718.5
51719
51720.5
51721
51722.5
51723
51724.5
51725
51726.5
51728
51729
51730
51731
51732
51733
51734
51735
51736
51736.5
51738
51739
51740
51741
51742
51743
51744
51745
51746
51747
51748
51749
51750
51751
51752
51753.5
51754
51755.5
51756
51757.5
51759
51760
51761
51762
51763
51763.5
51764
51765
51766
51767
51768
51769
51770
51771
51772
51773
51774
51775
51776
51777.5
51779
51780
51781
51782
51783
51784
51785
51785.5
51787
51787.5
51788
51789
51790
51791
51792
51793
51794
51795
51796
51797
51798
51799.5
51801
51801.5
51803
51803.5
51804
51805
51806
51807
51808
51809
51810
51811
51812
51813
51814
51815
51816
51816.5
51818
51818.5
51819
51820
51821
51821
51821
51821.5
51822
51822.5
51824
51825.5
51827
51829
51831
51832
51833
51834
51835
51836.5
51837
51838
51839
51839
51839
51839.5
51840
51840.5
51841
51842.5
51844
51844.5
51845
51845
51847
51848.5
51849
51850.5
51851
51851
51853
51854.5
51856
51857.5
51859
51861
51861
51863
51863
51865
51867
51868
51869
51869
51869
51871
51873
51874
51875
51876.5
51877
51878
51879
51880
51881
51881
51883
51883
51885
51885
51885
51885.5
51887
51889
51889
51891
51891
51893
51895
51896
51897
51897
51899
51899
51901
51901
51903
51904
51905
51905
51905
51905.5
51906
51906.5
51908
51909.5
51911
51913
51913
51913.5
51915
51915.5
51917
51917.5
51918
51918.5
51919
51920.5
51921
51921
51923
51924.5
51925
51926.5
51927
51927
51929
51930.5
51931
51931
51931
51933
51933
51934
51935
51936
51937
51938
51939
51940
51941
51943
51945
51946.5
51947
51948.5
51949
51950.5
51951
51952.5
51953
51953
51953
51954
51955
51956
51957
51958
51959
51959.5
51961
51961.5
51962
51962.5
51963
51963.5
51965
51966.5
51968
51968.5
51969
51970.5
51971
51971.5
51972
51973
51974
51975
51976
51977.5
51979
51979.5
51981
51981.5
51982
51983
51984
51985.5
51987
51987.5
51989
51990.5
51992
51993.5
51995
51995.5
51996
51996.5
51997
51997.5
51999
52000.5
52001
52002.5
52004
52005.5
52006
52006.5
52007
52007.5
52008
52009.5
52010
52011.5
52012
52013.5
52014
52015.5
52017
52018.5
52019
52019.5
52020
52021
52022
52022.5
52023
52024.5
52026
52026.5
52028
52028.5
52029
52030
52031
52032
52033
52034
52035
52036
52037
52038
52039
52040
52041
52042
52043
52044
52045
52046
52047
52048
52049
52050
52051
52052
52053
52054
52055
52056
52057
52058
52059
52060
52061
52062
52063
52063
52065
52065
52065
52066
52067
52067.5
52068
52068.5
52069
52070.5
52071
52071.5
52072
52073
52074
52075.5
52076
52077
52078
52079
52080
52081
52082
52083
52084
52085
52086
52087
52088
52088.5
52090
52091
52092
52092.5
52093
52094
52095
52096.5
52098
52098.5
52099
52100
52101
52101
52103
52104
52105
52106.5
52108
52108.5
52109
52110.5
52112
52113
52114
52115
52116
52117
52118
52119
52120
52121
52122
52123
52124
52124.5
52126
52126.5
52127
52128
52129
52130
52131
52132.5
52134
52134.5
52135
52136
52137
52138
52139
52140.5
52141
52142.5
52144
52145
52146
52147.5
52148
52149.5
52150
52151
52152
52153.5
52155
52156.5
52157
52157.5
52159
52160.5
52161
52161.5
52163
52164.5
52166
52167.5
52168
52168.5
52169
52170.5
52171
52172.5
52174
52175.5
52176
52176.5
52178
52179.5
52181
52181.5
52183
52183.5
52185
52185.5
52187
52188
52189
52189.5
52190
52190.5
52191
52192.5
52194
52195.5
52196
52196.5
52198
52198.5
52199
52200.5
52202
52202.5
52203
52204.5
52206
52207.5
52209
52209.5
52210
52211.5
52213
52213.5
52215
52216
52217
52218
52219
52221
52223
52224
52225
52225
52227
52227
52229
52229
52231
52232
52233
52234
52235
52236
52237
52238
52239
52240
52241
52241
52243
52243
52245
52245
52245
52247
52247
52249
52249
52251
52251
52252
52253
52255
52255
52256
52257
52257.5
52259
52260
52261
52263
52263
52265
52267
52267
52267
52268
52269
52270
52271
52272
52273
52273.5
52275
52276
52277
52278
52279
52281
52281
52282
52283
52283.5
52284
52284.5
52286
52286.5
52287
52287.5
52289
52289.5
52290
52291
52292
52293.5
52295
52295.5
52297
52298.5
52299
52299.5
52301
52302.5
52304
52304.5
52305
52305.5
52307
52307.5
52309
52310.5
52312
52312.5
52314
52314.5
52315
52315.5
52316
52317
52318
52318.5
52319
52320
52321
52322
52323
52324.5
52325
52326
52327
52327
52329
52330
52331
52332
52333
52334
52335
52336
52337
52338
52339
52340
52341
52342
52343
52344.5
52345
52346
52347
52348
52349
52350
52351
52351
52351
52353
52355
52355
52355
52356
52357
52359
52361
52362
52363
52364.5
52366
52366.5
52367
52368.5
52370
52370.5
52371
52372
52373
52374
52375
52376
52377
52378
52379
52380
52381
52382
52383
52383
52383
52384
52385
52386
52387
52389
52391
52392
52393
52393
52395
52396
52397
52398
52399
52399
52399
52400
52401
52403
52405
52405
52405
52407
52409
52409
52409
52410
52411
52413
52413
52415
52415
52416
52417
52418
52419
52420
52421
52422
52423
52424
52425
52426
52427
52429
52431
52432
52433
52433
52433
52435
52435
52436
52437
52439
52441
52441
52441
52443
52445
52445
52447
52447
52449
52449
52449
52451
52451
52453
52455
52456
52457
52457
52459
52460
52461
52462
52463
52464
52465
52466
52467
52467
52467
52468
52469
52471
52473
52473
52473
52475
52475
52477
52477
52479
52481
52482
52483
52483
52485
52486
52487
52488.5
52489
52490.5
52491
52492.5
52493
52494.5
52496
52497
52498
52499
52500
52501
52502
52502.5
52504
52505
52506
52506.5
52508
52509
52510
52510.5
52511
52512
52513
52514
52515
52516
52517
52518
52519
52520
52521
52522.5
52523
52524.5
52525
52526
52527
52527
52527
52528
52529
52531
52531
52533
52535
52536
52537
52538.5
52539
52540
52541
52542
52543
52544.5
52546
52546.5
52548
52548.5
52549
52550
52551
52552
52553
52554.5
52556
52557
52558
52559
52560
52561
52562
52563
52564
52564.5
52565
52566
52567
52568.5
52569
52570.5
52571
52572
52573
52574
52575
52576
52577
52578
52579
52580
52581
52582
52583
52583
52585
52586
52587
52587
52587
52589
52589
52591
52593
52594
52595
52596
52597
52598.5
52599
52600
52601
52602.5
52603
52604
52605
52606
52607
52608.5
52610
52611
52612
52612.5
52614
52614.5
52615
52616
52617
52618
52619
52620.5
52622
52622.5
52624
52624.5
52625
52626
52627
52628
52629
52630
52631
52631
52633
52633
52633
52635
52635
52637
52639
52640
52641
52642.5
52644
52644.5
52646
52646.5
52647
52648
52649
52649
52651
52651
52653
52654
52655
52656
52657
52658
52659
52660.5
52661
52662
52663
52664
52665
52666
52667
52668
52669
52670.5
52671
52672
52673
52674
52675
52676
52677
52678
52679
52680
52681
52681
52683
52683
52685
52685
52687
52688
52689
52690
52691
52692
52693
52694.5
52696
52697
52698
52699.5
52700
52701
52702
52703
52704
52705
52706
52706.5
52707
52708.5
52709
52710
52711
52712
52713
52714
52715
52715
52717
52718
52719
52720
52721
52721
52723
52724
52725
52725
52725
52726
52727
52728
52729
52730
52731
52732
52733
52734
52735
52735.5
52737
52738
52739
52740
52741
52742
52743
52745
52745
52747
52749
52749
52751
52752
52753
52754
52755
52756.5
52757
52758
52759
52760.5
52761
52762
52763
52764
52765
52766
52767
52768
52769
52770
52771
52772.5
52773
52774.5
52776
52777
52778
52779
52780
52781.5
52782
52783
52784
52785
52786
52787
52788
52789.5
52790
52791
52792
52793
52794
52795
52796
52797
52798
52798.5
52800
52801
52802
52802.5
52803
52804
52805
52805
52807
52807
52809
52810
52811
52812.5
52814
52814.5
52816
52817
52818
52819
52820
52820.5
52821
52822.5
52823
52824.5
52826
52826.5
52827
52828.5
52830
52831
52832
52833.5
52834
52835.5
52836
52837.5
52839
52840.5
52842
52842.5
52844
52845.5
52847
52847.5
52849
52850
52851
52852
52853
52854
52855
52856
52857
52859
52861
52862
52863
52864
52865
52866
52867
52868
52869
52870
52871
52872
52873
52874
52875
52875
52875
52877
52879
52879
52879
52881
52883
52883
52885
52885
52885
52887
52889
52889
52891
52891
52891
52892
52893
52895
52895
52897
52899
52900
52901
52902
52903
52904
52905
52906
52907
52908
52909
52910
52911
52912
52913
52914
52915
52916
52917
52918
52919
52920
52921
52922
52923
52924
52925
52926.5
52927
52928.5
52930
52930.5
52932
52933
52934
52934.5
52935
52936
52937
52938
52939
52940
52941
52941
52941
52942
52943
52945
52947
52947
52949
52950
52951
52952
52953
52954
52955
52956
52957
52958
52959
52960
52961
52962
52963
52964
52965
52966
52967
52968.5
52969
52970
52971
52972
52973
52974
52975
52976
52977
52978
52979
52980.5
52981
52982.5
52983
52984
52985
52986
52987
52988
52989
52990
52991
52992
52993
52994
52995
52996
52997
52998
52999
53000
53001
53002
53003
53004
53005
53006
53007
53008
53009
53010
53011
53012.5
53014
53014.5
53016
53016.5
53018
53019
53020
53021.5
53023
53023.5
53024
53025.5
53027
53028.5
53030
53030.5
53032
53033.5
53034
53035.5
53036
53037.5
53039
53040
53041
53042
53043
53044
53045
53046
53047
53048
53049
53050
53051
53053
53055
53056.5
53058
53058.5
53059
53060.5
53062
53063.5
53064
53065.5
53067
53069
53071
53071
53071
53071.5
53072
53072.5
53074
53075.5
53076
53077.5
53079
53079.5
53081
53081.5
53082
53083.5
53084
53084.5
53086
53087.5
53088
53089.5
53090
53090.5
53092
53093.5
53094
53095.5
53096
53097.5
53098
53098.5
53100
53100.5
53102
53102.5
53103
53103
53103
53105
53107
53107
53107
53109
53111
53112.5
53114
53114.5
53116
53116.5
53118
53118.5
53119
53119
53121
53122.5
53124
53124.5
53125
53125
53125
53126
53127
53129
53129
53130
53131
53132
53133
53134
53135
53136
53137
53139
53141
53141
53141
53142
53143
53144
53145
53146
53147
53149
53149
53150
53151
53152
53153
53154
53155
53155.5
53157
53157.5
53159
53159.5
53161
53161.5
53162
53163.5
53164
53165.5
53167
53168
53169
53170
53171
53171.5
53172
53173.5
53174
53175.5
53177
53178
53179
53180
53181
53182
53183
53184
53185
53186
53187
53188
53189
53191
53191
53193
53193
53194
53195
53197
53197
53198
53199
53201
53203
53203
53205
53206.5
53208
53209.5
53210
53210.5
53212
53212.5
53214
53215.5
53216
53217.5
53219
53221
53223
53223
53223
53223.5
53225
53225.5
53226
53226.5
53227
53227
53229
53230.5
53232
53233.5
53235
53235.5
53237
53239
53239
53239.5
53240
53241.5
53243
53245
53245
53245.5
53246
53246.5
53248
53248.5
53250
53251.5
53252
53252.5
53253
53253
53255
53256.5
53258
53259.5
53260
53261.5
53262
53263.5
53265
53265.5
53267
53267.5
53269
53271
53273
53274
53275
53275
53277
53277
53279
53280
53281
53281
53283
53283
53285
53285
53287
53287
53289
53290
53291
53292
53293
53293
53293
53293.5
53295
53297
53299
53300
53301
53302
53303
53304
53305
53306.5
53308
53308.5
53309
53310.5
53311
53312.5
53313
53314.5
53316
53316.5
53317
53318
53319
53320
53321
53321
53323
53324
53325
53326
53327
53328
53329
53330.5
53332
53332.5
53333
53334
53335
53336
53337
53338
53339
53340
53341
53342
53343
53343
53345
53345
53347
53348
53349
53350
53351
53352
53353
53354.5
53355
53356
53357
53358
53359
53360
53361
53362
53363
53363
53363
53365
53365
53367
53369
53369
53371
53371
53371
53373
53373
53373.5
53375
53375.5
53376
53376.5
53377
53377
53377
53378
53379
53380
53381
53382
53383
53385
53387
53387
53387
53389
53391
53392.5
53393
53393
53393
53395
53397
53398.5
53400
53400.5
53402
53402.5
53404
53405.5
53406
53407.5
53408
53408.5
53409
53409
53409
53410
53411
53412
53413
53415
53417
53418.5
53420
53420.5
53422
53422.5
53423
53423
53423
53425
53427
53428.5
53429
53429
53431
53432.5
53434
53434.5
53435
53436.5
53437
53437
53437
53439
53439
53441
53443
53444.5
53446
53447.5
53448
53448.5
53449
53449
53449
53450
53451
53452
53453
53454
53455
53456
53457
53458
53459
53460
53461
53462
53463
53464
53465
53466
53467
53468
53469
53470
53471
53472
53473
53474
53475
53476
53477
53478
53479
53479.5
53480
53480.5
53482
53483.5
53484
53484.5
53486
53486.5
53488
53489.5
53491
53492
53493
53494
53495
53496
53497
53498
53499
53499.5
53500
53500.5
53502
53502.5
53504
53505.5
53507
53507.5
53508
53509.5
53510
53511.5
53513
53514
53515
53515.5
53516
53516.5
53518
53519.5
53521
53521.5
53523
53523.5
53524
53525.5
53526
53527.5
53529
53530
53531
53532
53533
53534
53535
53535.5
53536
53537.5
53538
53539.5
53540
53540.5
53541
53541.5
53543
53543.5
53545
53546.5
53548
53548.5
53549
53549.5
53551
53552.5
53554
53555.5
53557
53558
53559
53560
53561
53561.5
53563
53563.5
53565
53566
53567
53568
53569
53570
53571
53572
53573
53574
53575
53576
53577
53578
53579
53580
53581
53582
53583
53584
53585
53585.5
53587
53587.5
53589
53590
53591
53592
53593
53594
53595
53596
53597
53598
53599
53599.5
53600
53600.5
53601
53602.5
53603
53604.5
53605
53605.5
53606
53607.5
53609
53609.5
53611
53611.5
53613
53614.5
53615
53616.5
53617
53617.5
53619
53620.5
53621
53621.5
53622
53623.5
53624
53625
53626
53627.5
53628
53629.5
53630
53631
53632
53632.5
53634
53634.5
53636
53637
53638
53638.5
53640
53641
53642
53643
53644
53644.5
53645
53646.5
53647
53648
53649
53650.5
53652
53652.5
53653
53654
53655
53656.5
53657
53658
53659
53660
53661
53662.5
53664
53664.5
53666
53667
53668
53669.5
53671
53671.5
53673
53674.5
53675
53676.5
53678
53678.5
53679
53679.5
53681
53681.5
53682
53683.5
53684
53685.5
53687
53688.5
53689
53689.5
53690
53691.5
53692
53693.5
53694
53695.5
53696
53697.5
53698
53699
53700
53700.5
53701
53702.5
53704
53705
53706
53707
53708
53709
53710
53711
53712
53712.5
53714
53714.5
53715
53716
53717
53718
53719
53720.5
53722
53722.5
53723
53724.5
53725
53726
53727
53728.5
53730
53730.5
53732
53732.5
53733
53734.5
53736
53737
53738
53738.5
53739
53740.5
53741
53742.5
53744
53745
53746
53747.5
53748
53749.5
53750
53751.5
53753
53754.5
53756
53757.5
53759
53759.5
53760
53761.5
53762
53763.5
53765
53766
53767
53768
53769
53769.5
53771
53772
53773
53774
53775
53776
53777
53778
53779
53780
53781
53782
53783
53784
53785
53786
53787
53789
53789
53791
53791
53792
53793
53794
53795
53796
53797
53799
53801
53802.5
53804
53804.5
53805
53805
53807
53807
53809
53809
53811
53811
53813
53813
53813
53814
53815
53817
53819
53820.5
53821
53822.5
53823
53824.5
53825
53825
53827
53828.5
53830
53831.5
53832
53833.5
53834
53834.5
53835
53836.5
53838
53838.5
53840
53841.5
53842
53842.5
53843
53843
53845
53846.5
53848
53848.5
53850
53851.5
53853
53855
53855
53855.5
53856
53856.5
53858
53859.5
53861
53861.5
53863
53865
53867
53867
53867
53869
53871
53872
53873
53874
53875
53876
53877
53878.5
53879
53880
53881
53882
53883
53884
53885
53885
53887
53888
53889
53890
53891
53892.5
53893
53894.5
53896
53897
53898
53899
53900
53901
53902
53903
53904
53905
53906
53907
53908
53909
53910
53911
53912
53913
53914
53915
53916
53917
53918
53918.5
53919
53920
53921
53921
53923
53924
53925
53926
53927
53928
53929
53930.5
53931
53932
53933
53934
53935
53936
53937
53938
53939
53939
53939
53941
53941
53943
53943
53945
53945
53945.5
53947
53947.5
53948
53948.5
53950
53950.5
53952
53952.5
53954
53954.5
53956
53957.5
53958
53958.5
53960
53960.5
53961
53962.5
53964
53965.5
53966
53967.5
53968
53968.5
53970
53970.5
53971
53972.5
53974
53975.5
53977
53977.5
53979
53981
53983
53984
53985
53985
53985
53985.5
53987
53987.5
53988
53988.5
53989
53989
53991
53991
53991
53992
53993
53995
53995
53997
53997
53999
54001
54002.5
54003
54003
54003
54004
54005
54006
54007
54008
54009
54010
54011
54012
54013
54014
54015
54016
54017
54018
54019
54020
54021
54022
54023
54024
54025
54026
54027
54028
54029
54030
54031
54032
54033
54033.5
54034
54035.5
54036
54037.5
54038
54038.5
54040
54040.5
54042
54042.5
54043
54044.5
54045
54045.5
54047
54047.5
54048
54049
54050
54051
54052
54053
54054
54055.5
54056
54057.5
54058
54059.5
54060
54061
54062
54063
54064
54065
54066
54066.5
54068
54069
54070
54071
54072
54073
54074
54074.5
54076
54076.5
54077
54078.5
54080
54080.5
54082
54083
54084
54085.5
54087
54087.5
54088
54089
54090
54091
54092
54093.5
54095
54095.5
54097
54097.5
54098
54099.5
54101
54101.5
54103
54103.5
54104
54105
54106
54107
54108
54109
54110
54110.5
54111
54112.5
54113
54114.5
54115
54116.5
54117
54118.5
54119
54120
54121
54122
54123
54124
54125
54126.5
54127
54128
54129
54130
54131
54132
54133
54134
54135
54136
54137
54138
54139
54140
54141
54142
54143
54144
54145
54146
54147
54148.5
54150
54150.5
54151
54152.5
54153
54154.5
54156
54156.5
54157
54158
54159
54160
54161
54162
54163
54164
54165
54166
54167
54168
54169
54170
54171
54172.5
54173
54174.5
54175
54176
54177
54178
54179
54180
54181
54182
54183
54184.5
54185
54186
54187
54188
54189
54190.5
54191
54192
54193
54194
54195
54196
54197
54198
54199
54200
54201
54202
54203
54204.5
54206
54206.5
54207
54208
54209
54210
54211
54212
54213
54214
54215
54216
54217
54217
54217
54218
54219
54220
54221
54222
54223
54224
54225
54226
54227
54228
54229
54231
54231
54232
54233
54234
54235
54235.5
54237
54237.5
54239
54239.5
54240
54241.5
54243
54243.5
54245
54246
54247
54249
54251
54252
54253
54254
54255
54256
54257
54258
54259
54260
54261
54262
54263
54264
54265
54266
54267
54268
54269
54270.5
54271
54272
54273
54274
54275
54276
54277
54278
54279
54280
54281
54282
54283
54284
54285
54285
54285
54286
54287
54287.5
54289
54290
54291
54293
54293
54295
54295
54297
54299
54299
54301
54302
54303
54304
54305
54306
54307
54308
54309
54310
54311
54312
54313
54314
54315
54316.5
54318
54318.5
54320
54320.5
54321
54322.5
54324
54325
54326
54327
54328
54329
54330
54331
54332
54332.5
54334
54335
54336
54337
54338
54339.5
54340
54341
54342
54343.5
54345
54345.5
54347
54347.5
54348
54349
54350
54351
54352
54353
54354
54354.5
54356
54357
54358
54359.5
54360
54361
54362
54362.5
54364
54364.5
54366
54366.5
54367
54368
54369
54370
54371
54372
54373
54374
54375
54376
54377
54378
54379
54380
54381
54382
54383
54384
54385
54386
54387
54388
54389
54390
54391
54392
54393
54394
54395
54396
54397
54398
54399
54400
54401
54402
54403
54404
54405
54405
54407
54407
54407
54408
54409
54411
54411
54412
54413
54413.5
54415
54416
54417
54419
54419
54420
54421
54421.5
54423
54423.5
54424
54424.5
54426
54427.5
54428
54428.5
54429
54430.5
54431
54431.5
54432
54433.5
54434
54435.5
54437
54437.5
54438
54439
54440
54441.5
54442
54443
54444
54445.5
54446
54447.5
54448
54449.5
54451
54451.5
54453
54453.5
54454
54455.5
54457
54458.5
54459
54460.5
54461
54461.5
54463
54463.5
54464
54465
54466
54467
54468
54468.5
54469
54470
54471
54472
54473
54473
54475
54475
54477
54477
54477
54479
54481
54482
54483
54484
54485
54485
54485
54487
54489
54490
54491
54492
54493
54493
54495
54496
54497
54498.5
54500
54500.5
54501
54502.5
54504
54505
54506
54506.5
54508
54509
54510
54511
54512
54513
54514
54515
54516
54516.5
54517
54518.5
54519
54520.5
54522
54522.5
54524
54525
54526
54527
54528
54529.5
54531
54532.5
54533
54533.5
54534
54535
54536
54537
54538
54539
54540
54541
54542
54543
54544
54545
54546
54546.5
54548
54549
54550
54550.5
54551
54552
54553
54554
54555
54556
54557
54557
54557
54559
54559
54561
54561
54563
54563
54565
54565
54566
54567
54568
54569
54569.5
54571
54571.5
54573
54573.5
54574
54575
54576
54577
54578
54579
54580
54581
54582
54583
54584
54585
54586
54587
54588
54589
54590
54591
54592
54593
54594
54595
54596
54597
54598
54599
54600
54601
54602
54603
54604
54605
54606
54607
54608
54609
54610
54611
54612
54613
54614
54615
54616
54617
54618
54619
54620
54621
54622
54623
54624
54625
54626
54627
54628
54629
54630
54631
54632
54633
54634
54635
54636
54637
54638
54639
54640
54641
54642
54643
54644
54645
54646
54647
54648
54649
54650
54651
54652
54653
54654
54655
54656
54657
54658
54659
54660
54661
54662
54663
54664
54665
54666
54667
54668
54669
54670
54671
54672
54673
54674
54675
54676
54677
54678
54679
54680
54681
54682
54683
54684
54685
54686
54687.5
54688
54689
54690
54691.5
54693
54694
54695
54696
54697
54698
54699
54700
54701
54701.5
54703
54704
54705
54706
54707
54707.5
54709
54709.5
54710
54711.5
54713
54713.5
54715
54715.5
54716
54717
54718
54719
54720
54721
54722
54723
54724
54725
54726
54727.5
54728
54729.5
54731
54731.5
54732
54733.5
54734
54735.5
54736
54737.5
54739
54739.5
54741
54742
54743
54744
54745
54746
54747
54749
54749
54751
54753
54754
54755
54755
54755
54757
54759
54760
54761
54762
54763
54764.5
54765
54766.5
54767
54768.5
54769
54770.5
54771
54772.5
54774
54775
54776
54777
54778
54779
54780
54781
54782
54783.5
54785
54786.5
54787
54788.5
54789
54790.5
54792
54793.5
54794
54794.5
54795
54795.5
54796
54797
54798
54799
54800
54801
54802
54802.5
54804
54804.5
54806
54806.5
54807
54808
54809
54809
54811
54812
54813
54814.5
54815
54816
54817
54818.5
54819
54820.5
54821
54822.5
54824
54825
54826
54827.5
54828
54829.5
54830
54831
54832
54833
54834
54834.5
54835
54836.5
54837
54838
54839
54839
54841
54841
54841
54842
54843
54844
54845
54846
54847
54847.5
54849
54850
54851
54852
54853
54854
54855
54856
54857
54858
54859
54860
54861
54862
54863
54865
54867
54867
54867
54869
54869
54871
54871
54873
54875
54876
54877
54877
54877
54879
54879
54881
54881
54882
54883
54884
54885
54887
54889
54889
54891
54891
54891
54893
54893
54894
54895
54896
54897
54898
54899
54899.5
54900
54901
54902
54903
54904
54905
54906
54907
54908
54909
54910
54911
54912
54913
54914
54915
54916
54917
54918
54919
54920
54921
54922
54923
54924
54925
54926
54927
54928
54929
54930
54931
54932
54933
54934
54935
54936
54937
54938
54939
54940
54941
54942
54943
54944
54945
54946
54947
54948
54949
54950
54951
54952
54953
54954
54955
54956
54957
54958
54959
54960
54961
54962
54963
54964
54965
54966
54967
54968
54968.5
54969
54970.5
54972
54972.5
54974
54974.5
54975
54976
54977
54978
54979
54980
54981
54982
54983
54984
54985
54986
54987
54987.5
54989
54989.5
54990
54991.5
54992
54993.5
54994
54995
54996
54997
54998
54999
55000
55001
55002
55003
55004
55005.5
55006
55007.5
55008
55009.5
55010
55011.5
55012
55013.5
55014
55015.5
55016
55017.5
55018
55019
55020
55021.5
55022
55023
55024
55025
55026
55027
55028
55029
55030
55031
55032
55033
55034
55035
55036
55037
55038
55039.5
55040
55041.5
55043
55043.5
55044
55045
55046
55047
55048
55049
55050
55051
55052
55053
55054
55055
55056
55057
55058
55059
55060
55061
55062
55063
55064
55065.5
55066
55067.5
55068
55069
55070
55071.5
55072
55073
55074
55075
55076
55077
55078
55079
55080
55081
55082
55083
55084
55085
55086
55087
55088
55089
55090
55091
55092
55093
55094
55095
55096
55097
55098
55099
55100
55101
55102
55101
55104
55103
55102
55105
55104
55104
55104
55106
55106
55108
55108
55109
55110
55111
55112
55113
55114
55115
55116
55118
55120
55120
55122
55122
55122
55123
55124
55126
55126
55128
55128
55129
55130
55131
55132
55133
55134
55135
55136
55137
55138
55139
55140
55141
55142
55144
55144
55145
55146
55147
55148
55149
55150
55151
55152
55153
55154
55155
55156
55157
55158
55159
55160
55161
55162
55163
55164
55165
55166
55167
55168
55168.5
55170
55171
55172
55172.5
55173
55173.5
55174
55175
55176
55176.5
55178
55179
55180
55181
55182
55182.5
55183
55183
55185
55186.5
55187
55187
55187
55187.5
55189
55191
55193
55193
55195
55196.5
55197
55197
55197
55199
55199
55201
55203
55204.5
55206
55207
55208
55208.5
55210
55211
55212
55213.5
55214
55215.5
55217
55218.5
55219
55219.5
55220
55221
55222
55223
55224
55225
55226
55226.5
55227
55227
55227
55227.5
55228
55228.5
55230
55230.5
55231
55232
55233
55234
55235
55236
55237
55238.5
55239
55240
55241
55241
55243
55243
55243
55244
55245
55246
55247
55248
55249
55250
55251
55252
55253
55254
55255
55256
55257
55258
55259
55260
55261
55262
55263
55264
55265
55266
55267
55268
55269
55271
55273
55274
55275
55276
55277
55277
55279
55279
55279
55280
55281
55282
55283
55284
55285
55285.5
55286
55287.5
55288
55289
55290
55291
55292
55293
55294
55295
55296
55297
55298
55299
55300
55301
55302
55303.5
55304
55305
55306
55307.5
55309
55309.5
55311
55311.5
55313
55314
55315
55315.5
55317
55317.5
55318
55319
55320
55321
55322
55323
55324
55325
55326
55327
55328
55329
55330
55330
55330
55332
55332
55334
55334
55335
55336
55337
55338
55338.5
55340
55340.5
55341
55342.5
55344
55344.5
55346
55347
55348
55349
55350
55351
55352
55352.5
55354
55354.5
55355
55356
55357
55358
55359
55360
55361
55362
55363
55364.5
55365
55366
55367
55368
55369
55370.5
55372
55372.5
55374
55375
55376
55377
55378
55380
55382
55383
55384
55385
55386
55387.5
55389
55389.5
55390
55391
55392
55393.5
55395
55396
55397
55398
55399
55400
55401
55402
55403
55404
55405
55406
55407
55408
55409
55410
55411
55412
55413
55413.5
55415
55416
55417
55418
55419
55419.5
55421
55421.5
55423
55424
55425
55426
55427
55427.5
55428
55429
55430
55431
55432
55432
55432
55434
55434
55435
55436
55436.5
55438
55439
55440
55441
55442
55443
55444
55444.5
55446
55446.5
55447
55448.5
55449
55450.5
55451
55452.5
55454
55454.5
55455
55456.5
55457
55458
55459
55460
55461
55462
55463
55464
55465
55466
55467
55467.5
55468
55469.5
55471
55471.5
55472
55473.5
55474
55475
55476
55477
55478
55479.5
55481
55481.5
55482
55483
55484
55485
55486
55487
55488
55489.5
55491
55492
55493
55494
55495
55496
55497
55498
55499
55499.5
55500
55501
55502
55503
55504
55505
55506
55506.5
55508
55508.5
55510
55510.5
55511
55512.5
55513
55514.5
55516
55517
55518
55519
55520
55521
55522
55523
55524
55525
55526
55527
55528
55529
55530
55531
55532
55532.5
55534
55534.5
55536
55536.5
55537
55538
55539
55540
55541
55542
55543
55544.5
55545
55546
55547
55548
55549
55550
55551
55552
55553
55554
55555
55556.5
55558
55558.5
55559
55560
55561
55562
55563
55564
55565
55566
55567
55567.5
55569
55569.5
55571
55572
55573
55573.5
55575
55575.5
55576
55577
55578
55579
55580
55581
55582
55582.5
55583
55584
55585
55586
55587
55588
55589
55590
55591
55592
55593
55594
55595
55596
55597
55598
55599
55600
55601
55602
55603
55603.5
55605
55605.5
55606
55607.5
55608
55609.5
55611
55612
55613
55613.5
55615
55616
55617
55618
55619
55620
55621
55622
55623
55624
55625
55626
55627
55628
55629
55630
55631
55632.5
55633
55634
55635
55636
55637
55638
55639
55640
55641
55642
55643
55644.5
55645
55646
55647
55648
55649
55650
55651
55652
55653
55654
55655
55656
55657
55658.5
55660
55660.5
55661
55662.5
55663
55664.5
55665
55666.5
55668
55668.5
55670
55671
55672
55673
55674
55674.5
55676
55677
55678
55678.5
55680
55681
55682
55682.5
55684
55684.5
55686
55687
55688
55689
55690
55691
55692
55692.5
55694
55694.5
55696
55697
55698
55699
55700
55701.5
55702
55703.5
55704
55705.5
55706
55707.5
55709
55709.5
55710
55711
55712
55713.5
55714
55715.5
55717
55718
55719
55719.5
55721
55722
55723
55724
55725
55726
55727
55727.5
55729
55730
55731
55731.5
55732
55733.5
55735
55736
55737
55738
55739
55739.5
55740
55741
55742
55743
55744
55744.5
55746
55746.5
55747
55748.5
55750
55750.5
55751
55752.5
55754
55754.5
55755
55756.5
55758
55759
55760
55761
55762
55763
55764
55765
55766
55767
55768
55768.5
55770
55771
55772
55773
55774
55775
55776
55777
55778
55779.5
55780
55781
55782
55783.5
55784
55785
55786
55787
55788
55788.5
55789
55790
55791
55792
55793
55794
55795
55795.5
55796
55796.5
55798
55798.5
55800
55800.5
55802
55803.5
55804
55805.5
55807
55807.5
55808
55808.5
55809
55810.5
55811
55812.5
55814
55815.5
55816
55817.5
55818
55819.5
55821
55821.5
55823
55824
55825
55825.5
55826
55827.5
55829
55829.5
55830
55831.5
55833
55834
55835
55836
55837
55837.5
55839
55839.5
55841
55841.5
55843
55844
55845
55846
55847
55848
55849
55850
55851
55852.5
55853
55854
55855
55856.5
55858
55859
55860
55861
55862
55863.5
55864
55865.5
55866
55867
55868
55869
55870
55870.5
55872
55872.5
55874
55874.5
55876
55877
55878
55879
55880
55881
55882
55883
55884
55885
55886
55887
55888
55889.5
55890
55891
55892
55893
55894
55894.5
55896
55897
55898
55899
55900
55901
55902
55903
55904
55905
55906
55907
55908
55909.5
55911
55912
55913
55914
55915
55916
55917
55918
55919
55920
55921
55922
55923
55924.5
55926
55926.5
55927
55928
55929
55930
55931
55932.5
55934
55935
55936
55937
55938
55939
55940
55941
55942
55943
55944
55945
55946
55947
55948
55949
55950
55951
55952
55953
55954
55955
55956
55957
55958
55959
55960
55961
55962
55963
55964
55964.5
55966
55966.5
55967
55968
55969
55970
55971
55972
55973
55974
55975
55976
55977
55978
55979
55979.5
55981
55982
55983
55984
55985
55986
55987
55988
55989
55990
55991
55992
55993
55994
55995
55996
55997
55997.5
55998
55999.5
56000
56001
56002
56003
56004
56005
56006
56007.5
56009
56010
56011
56012
56013
56014
56015
56016.5
56018
56019
56020
56021
56022
56023
56024
56025
56026
56026.5
56027
56028
56029
56030
56031
56032.5
56034
56034.5
56035
56036.5
56038
56038.5
56040
56041
56042
56043
56044
56045
56046
56047
56048
56049
56050
56051
56052
56052.5
56053
56054
56055
56056
56057
56058
56059
56060
56061
56062
56063
56064
56065
56066.5
56068
56069
56070
56071
56072
56073
56074
56075
56076
56077
56078
56079
56080
56081
56082
56083
56084
56085
56086
56087
56088
56089
56090
56091
56092
56093
56094
56094.5
56095
56096
56097
56098.5
56100
56100.5
56102
56103
56104
56104.5
56106
56107
56108
56108.5
56109
56110.5
56111
56112
56113
56114
56115
56116.5
56117
56118
56119
56120
56121
56122
56123
56124
56125
56126
56127
56128
56129
56130
56131
56132
56133
56133.5
56135
56136
56137
56137.5
56139
56140
56141
56141.5
56142
56143
56144
56145.5
56147
56147.5
56148
56149
56150
56151
56152
56153
56154
56155.5
56157
56157.5
56159
56160
56161
56162
56163
56164
56165
56166
56167
56168
56169
56170
56171
56172.5
56173
56174.5
56176
56177
56178
56178.5
56180
56180.5
56182
56182.5
56183
56184.5
56185
56186.5
56188
56189
56190
56191
56192
56193
56194
56194.5
56196
56197
56198
56198.5
56199
56200
56201
56202
56203
56204
56205
56206
56207
56208
56209
56210
56211
56212
56213
56214.5
56215
56216
56217
56218
56219
56220
56221
56222
56223
56224
56225
56226
56227
56228
56229
56230
56231
56231.5
56232
56233.5
56234
56235.5
56237
56237.5
56238
56239.5
56241
56242
56243
56244
56245
56246
56247
56248
56249
56250.5
56251
56252.5
56254
56255
56256
56256.5
56258
56259
56260
56261
56262
56263
56264
56265.5
56266
56267.5
56269
56269.5
56270
56271
56272
56273
56274
56275
56276
56277
56278
56279
56280
56281
56282
56282.5
56283
56284.5
56286
56286.5
56287
56288.5
56290
56291
56292
56293
56294
56295.5
56296
56297
56298
56299
56300
56301
56302
56302.5
56304
56304.5
56306
56307
56308
56309
56310
56311
56312
56312.5
56313
56314
56315
56316
56317
56318
56319
56320
56321
56322
56323
56324
56325
56326.5
56328
56328.5
56329
56330
56331
56332
56333
56334
56335
56336
56337
56338
56339
56340
56341
56342
56343
56344
56345
56345.5
56346
56347.5
56348
56349.5
56351
56351.5
56352
56353.5
56355
56356
56357
56358
56359
56360
56361
56362
56363
56364
56365
56366
56367
56368
56369
56370
56371
56372
56373
56374
56375
56376
56377
56378
56379
56380
56381
56382
56383
56384
56385
56386
56387
56387.5
56389
56389.5
56390
56391.5
56392
56393.5
56394
56395
56396
56397
56398
56399
56400
56401
56402
56403
56404
56405
56406
56407
56408
56409
56410
56411
56412
56413.5
56414
56415
56416
56417
56418
56419
56420
56421.5
56422
56423.5
56425
56425.5
56426
56427.5
56429
56429.5
56430
56431
56432
56433
56434
56435
56436
56437
56438
56439
56440
56441
56442
56443
56444
56445
56446
56447
56448
56449
56450
56451
56452
56453
56454
56455
56456
56457
56458
56459
56460
56460.5
56461
56462
56463
56464
56465
56466
56467
56468
56469
56470
56471
56472
56473
56474
56475
56476.5
56477
56478
56479
56480
56481
56482
56483
56484
56485
56486.5
56487
56488.5
56490
56491
56492
56492.5
56493
56494
56495
56496
56497
56498.5
56500
56501
56502
56503
56504
56505
56506
56507
56508
56509
56510
56511.5
56513
56513.5
56515
56515.5
56517
56517.5
56518
56519.5
56520
56521.5
56522
56523.5
56524
56525.5
56527
56527.5
56528
56529
56530
56531
56532
56533
56534
56535
56536
56537
56538
56539
56540
56541
56542
56543
56544
56545
56546
56547
56548
56548.5
56549
56550
56551
56552
56553
56554
56555
56556
56557
56558
56559
56559.5
56560
56561.5
56562
56562.5
56564
56565.5
56567
56568
56569
56570
56571
56572
56573
56574
56575
56576
56577
56578
56579
56580
56581
56582
56583
56584
56585
56586.5
56588
56589
56590
56591
56592
56593
56594
56595
56596
56597
56598
56598.5
56600
56601
56602
56603
56604
56605
56606
56607.5
56609
56610
56611
56612
56613
56614
56615
56615.5
56617
56618
56619
56620
56621
56622
56623
56624
56625
56626.5
56628
56629
56630
56630.5
56631
56632
56633
56634
56635
56636
56637
56638
56639
56640
56641
56642
56643
56644
56645
56646
56647
56648
56649
56650
56651
56652
56653
56654
56655
56656
56657
56657.5
56658
56659.5
56661
56662
56663
56664
56665
56666
56667
56667.5
56668
56669.5
56670
56671.5
56672
56673
56674
56675
56676
56677
56678
56679
56680
56681
56682
56683
56684
56685.5
56687
56687.5
56689
56689.5
56690
56691
56692
56693
56694
56695.5
56696
56697.5
56699
56700
56701
56701.5
56702
56703.5
56705
56706
56707
56707.5
56709
56709.5
56711
56711.5
56712
56713
56714
56715
56716
56717
56718
56719
56720
56720.5
56721
56722
56723
56724.5
56725
56726.5
56728
56728.5
56729
56730
56731
56732
56733
56734
56735
56736
56737
56737.5
56739
56739.5
56741
56741.5
56742
56743.5
56744
56745.5
56747
56747.5
56749
56749.5
56750
56751.5
56752
56753.5
56755
56755.5
56756
56756.5
56758
56758.5
56760
56761.5
56763
56764
56765
56766
56767
56767.5
56769
56769.5
56770
56770.5
56771
56771.5
56772
56773
56774
56775.5
56776
56777.5
56778
56779
56780
56781
56782
56783
56784
56785
56786
56787
56788
56789
56790
56790
56792
56793
56794
56795
56796
56796
56798
56799
56800
56801
56802
56802
56802
56803
56804
56804
56806
56807
56808
56809
56810
56811
56812
56812
56812
56813
56814
56815
56816
56816.5
56818
56819
56820
56821
56822
56822.5
56823
56824
56825
56826
56827
56828.5
56830
56831
56832
56834
56836
56836
56836
56837
56838
56839
56840
56842
56842
56843
56844
56844.5
56846
56847
56848
56848.5
56849
56850.5
56852
56853
56854
56854.5
56856
56856.5
56857
56858.5
56860
56860.5
56861
56862
56863
56864
56865
56866.5
56867
56868.5
56870
56870.5
56872
56872.5
56873
56874
56875
56876
56877
56878
56879
56880.5
56881
56882
56883
56884
56885
56886
56887
56888
56889
56890.5
56892
56893
56894
56896
56896
56897
56898
56900
56900
56902
56904
56904
56904
56905
56906
56907
56908
56908.5
56909
56910
56911
56912
56913
56914.5
56916
56916.5
56917
56918
56919
56920
56921
56922.5
56924
56924.5
56925
56926.5
56928
56929
56930
56931
56932
56934
56934
56936
56938
56938
56940
56941
56942
56944
56944
56945
56946
56947
56948
56949
56950
56950
56950
56951
56952
56953
56954
56956
56958
56959
56960
56960
56960
56962
56962
56963
56964
56966
56966
56967
56968
56970
56970
56971
56972
56974
56974
56976
56976
56977
56978
56980
56980
56982
56984
56985
56986
56987
56988
56989
56990
56991
56992
56993
56994
56994
56994
56996
56996
56998
56998
56999
57000
57000.5
57001
57002
57003
57003.5
57004
57005
57006
57007
57008
57008.5
57010
57011
57012
57013
57014
57015
57016
57017
57018
57018.5
57020
57020.5
57022
57023
57024
57024.5
57025
57024.5
57024
57026.5
57026
57028.5
57028
57030.5
57033
57032.5
57035
57036.5
57038
57038.5
57040
57040.5
57041
57042.5
57044
57044.5
57046
57047
57048
57048.5
57050
57051
57052
57053
57054
57054.5
57056
57057
57058
57059
57060
57060.5
57062
57062.5
57063
57062.5
57065
57064.5
57067
57068.5
57070
57071
57072
57073
57074
57075
57076
57076.5
57077
57078.5
57080
57081
57082
57083.5
57084
57085
57086
57087.5
57089
57089.5
57090
57091
57092
57092.5
57093
57092.5
57095
57096.5
57097
57098.5
57100
57101
57102
57103
57104
57104.5
57106
57107
57108
57109
57110
57111.5
57113
57114
57115
57116.5
57118
57119
57120
57121
57122
57122.5
57124
57125
57126
57127
57128
57128.5
57130
57131
57132
57134
57134
57136
57138
57138
57138
57139
57140
57142
57144
57144
57146
57147
57148
57149
57150
57151
57152
57154
57154
57155
57156
57158
57160
57161
57162
57163
57164
57165
57166
57167
57168
57169
57170
57171
57172
57173
57174
57175.5
57177
57178.5
57180
57181.5
57182
57182.5
57184
57184.5
57185
57185.5
57186
57187
57188
57189
57190
57191
57192
57193
57194
57195
57196
57196
57196
57198
57198
57200
57200
57201
57202
57203
57204
57205
57206
57207
57208
57209
57210
57211
57212
57214
57216
57217
57218
57219
57220
57221
57222
57223
57224
57225
57226
57227.5
57229
57230.5
57232
57233.5
57235
57235.5
57237
57237.5
57238
57238.5
57239
57239.5
57241
57242.5
57244
57244.5
57246
57246.5
57248
57249.5
57251
57251.5
57252
57253.5
57255
57255.5
57256
57256.5
57257
57257.5
57259
57260.5
57262
57262.5
57263
57263.5
57265
57265.5
57267
57268.5
57270
57271.5
57272
57272.5
57273
57273.5
57275
57276.5
57278
57278.5
57279
57280.5
57281
57281.5
57283
57283.5
57285
57286.5
57288
57289.5
57291
57292
57293
57294
57295
57295.5
57297
57298
57299
57300
57301
57302
57303
57304
57305
57306
57307
57308
57309
57310
57311
57312
57313
57314
57315
57316
57317
57317.5
57319
57320
57321
57322
57323
57324
57325
57326
57327
57328
57329
57330
57331
57332
57333
57334
57335
57336.5
57338
57339
57340
57341
57342
57343
57344
57345
57346
57347
57348
57348.5
57349
57350.5
57351
57352
57353
57354
57355
57356
57357
57358
57359
57360
57361
57362
57363
57364
57365
57366
57367
57368
57369
57370.5
57371
57372
57373
57374.5
57375
57376
57377
57378
57379
57380
57381
57382
57383
57384
57385
57386.5
57387
57388
57389
57390
57391
57392.5
57394
57394.5
57395
57396
57397
57398.5
57400
57400.5
57401
57402
57403
57404
57405
57406
57407
57408
57409
57410.5
57411
57412
57413
57414
57415
57416
57417
57418.5
57419
57420
57421
57422
57423
57424
57425
57426
57427
57428
57429
57429.5
57431
57432
57433
57433.5
57435
57435.5
57436
57436.5
57438
57438.5
57439
57439.5
57441
57441.5
57442
57443
57444
57445
57446
57447.5
57448
57449.5
57450
57451.5
57453
57453.5
57454
57455
57456
57457
57458
57459
57460
57461
57462
57463
57464
57465
57466
57467
57468
57468
57468
57469
57470
57471
57472
57472
57472
57474
57474
57475
57476
57478
57478
57479
57480
57482
57482
57483
57484
57484.5
57486
57487
57488
57489
57490
57490.5
57491
57492
57493
57494
57495
57495.5
57497
57497.5
57498
57499
57500
57500.5
57502
57503
57504
57504.5
57506
57507
57508
57508.5
57509
57510.5
57511
57512.5
57513
57512.5
57512
57513
57514
57514.5
57516
57516.5
57518
57518.5
57520
57521
57522
57523
57524
57525
57526
57526.5
57527
57528.5
57530
57530.5
57531
57532.5
57534
57535
57536
57537
57538
57539
57540
57541
57542
57544.5
57544
57545
57546
57547
57548
57548.5
57549
57550.5
57552
57552.5
57553
57554
57555
57556
57557
57557.5
57558
57559
57560
57561
57562
57563
57564
57565
57566
57567
57568
57568.5
57569
57570.5
57571
57572
57573
57574
57575
57576.5
57578
57578.5
57579
57580.5
57582
57583
57584
57584.5
57585
57586.5
57587
57588
57589
57590
57591
57592
57593
57594
57595
57596
57597
57598
57599
57600
57601
57602
57603
57602.5
57605
57604.5
57607
57608
57609
57610
57611
57612
57613
57614
57615
57616
57617
57618
57619
57620
57621
57622
57623
57624
57625
57626
57627
57628
57629
57630
57631
57632
57633
57634.5
57635
57636
57637
57638
57639
57640
57641
57642
57643
57644
57645
57646
57647
57648.5
57650
57651
57652
57652.5
57654
57655
57656
57656.5
57657
57658
57659
57660
57661
57662
57663
57664
57665
57666
57667
57668
57669
57670.5
57672
57672.5
57674
57674.5
57676
57677
57678
57679
57680
57681
57682
57683
57684
57685.5
57686
57687.5
57689
57690
57691
57692.5
57693
57694
57695
57695.5
57697
57697.5
57698
57699
57700
57701.5
57703
57704
57705
57706
57707
57708.5
57709
57710.5
57711
57712
57713
57714
57715
57715.5
57717
57718
57719
57720.5
57721
57722
57723
57723.5
57725
57725.5
57727
57728
57729
57730
57731
57732.5
57734
57735
57736
57736.5
57738
57739
57740
57741
57742
57743
57744
57745
57746
57746.5
57748
57748.5
57749
57750
57751
57752
57753
57754
57755
57756
57757
57757.5
57758
57759
57760
57761
57762
57763
57764
57765
57766
57767.5
57768
57769.5
57770
57771.5
57773
57773.5
57775
57775.5
57776
57777
57778
57779
57780
57781
57782
57783
57784
57785
57786
57787
57788
57789
57790
57791
57792
57793
57794
57795
57796
57797
57798
57799
57800
57801
57802
57803
57804
57805
57806
57807.5
57808
57809.5
57811
57812
57813
57814
57815
57816
57817
57817.5
57818
57819
57820
57821
57822
57823
57824
57824.5
57825
57826
57827
57828
57829
57830
57831
57832
57833
57834
57835
57836
57837
57838
57839
57840
57841
57842
57843
57844
57845
57846
57847
57848.5
57849
57850.5
57852
57853
57854
57854.5
57855
57856
57857
57858
57859
57860.5
57862
57862.5
57864
57865
57866
57867
57868
57869
57870
57871.5
57872
57873.5
57874
57875
57876
57877
57878
57879.5
57880
57881.5
57882
57883
57884
57885
57886
57887
57888
57889
57890
57891
57892
57893
57894
57895
57896
57897
57898
57898.5
57899
57900
57901
57902
57903
57904
57905
57906
57907
57908
57909
57908.5
57911
57912
57913
57914
57915
57916
57917
57918
57919
57920
57921
57922
57923
57922.5
57922
57922.5
57923
57924
57925
57926
57927
57928
57929
57930
57931
57932
57933
57934.5
57935
57936.5
57937
57938
57939
57940
57941
57942
57943
57944
57945
57946
57947
57948
57949
57950
57951
57952
57953
57953.5
57955
57955.5
57957
57957.5
57958
57959.5
57961
57962
57963
57963.5
57964
57965.5
57967
57968
57969
57969.5
57971
57971.5
57972
57973.5
57974
57975
57976
57977
57978
57979.5
57980
57981.5
57983
57983.5
57985
57985.5
57987
57987.5
57989
57989.5
57990
57991.5
57992
57993
57994
57995
57996
57997
57998
57999
58000
58001
58002
58003
58004
58005
58006
58006.5
58008
58008.5
58009
58010
58011
58011
58013
58014
58015
58016
58017
58018
58019
58020
58021
58022.5
58023
58024
58025
58026
58027
58028
58029
58030.5
58032
58033
58034
58035
58036
58037
58038
58039
58040
58041
58042
58043
58044
58045
58046
58047
58048
58049
58050
58051
58052
58053
58054
58055
58056
58057
58058
58059
58060
58061
58062
58063
58064
58065
58066
58067
58068
58069
58070
58071.5
58072
58073
58074
58075
58076
58077
58078
58079
58080
58081
58082
58082.5
58084
58084.5
58085
58086.5
58088
58088.5
58090
58090.5
58091
58092
58093
58094
58095
58095
58097
58097
58097
58099
58101
58102
58103
58104
58105
58106
58107
58108.5
58110
58111
58112
58113
58114
58115
58116
58117
58118
58119
58120
58121.5
58123
58123.5
58125
58126
58127
58127.5
58128
58129.5
58130
58131.5
58132
58133
58134
58135
58136
58137
58138
58139
58140
58141
58142
58143
58144
58145
58146
58147
58148
58149
58150
58151
58152
58153
58154
58155
58156
58157
58158
58159
58160
58161
58162
58163
58164
58164.5
58165
58166.5
58168
58168.5
58170
58170.5
58171
58172
58173
58174
58175
58176
58177
58178
58179
58180.5
58181
58182
58183
58183
58183
58185
58187
58187
58189
58190
58191
58192
58193
58193
58193
58195
58195
58195.5
58196
58197.5
58198
58198.5
58200
58201.5
58203
58203.5
58204
58204.5
58206
58206.5
58207
58208.5
58209
58209.5
58210
58211.5
58213
58214.5
58215
58215.5
58216
58216
58218
58219.5
58220
58220
58222
58222
58224
58225.5
58226
58226
58228
58229.5
58230
58231.5
58233
58234.5
58236
58236.5
58238
58239.5
58241
58243
58245
58245
58247
58247
58249
58249
58251
58251
58253
58254
58255
58256
58257
58258
58259
58260.5
58262
58263
58264
58265
58266
58267.5
58269
58269.5
58271
58271.5
58273
58273.5
58274
58275
58276
58277.5
58279
58279.5
58281
58282
58283
58284
58285
58285.5
58287
58287.5
58289
58290
58291
58292
58293
58294
58295
58295.5
58297
58298
58299
58300
58301
58302
58303
58304
58305
58306
58307
58308
58309
58310
58311
58312
58313
58314
58315
58316
58317
58318
58319
58319.5
58321
58322
58323
58323.5
58325
58326
58327
58327.5
58328
58329.5
58331
58331.5
58332
58333.5
58334
58335.5
58336
58337.5
58339
58339.5
58340
58341.5
58343
58343.5
58344
58345
58346
58347
58348
58349.5
58351
58351.5
58353
58354
58355
58356
58357
58358
58359
58360
58361
58362
58363
58364
58365
58366
58367
58368
58369
58370
58371
58372
58373
58374
58375
58376
58377
58377.5
58379
58380
58381
58382
58383
58384
58385
58385.5
58387
58388
58389
58390
58391
58391.5
58392
58393.5
58395
58395.5
58397
58397.5
58399
58400
58401
58401.5
58402
58403
58404
58405
58406
58407.5
58409
58409.5
58410
58411.5
58413
58414
58415
58416
58417
58418
58419
58420
58421
58422
58423
58424.5
58425
58426
58427
58428.5
58429
58430
58431
58432
58433
58434.5
58436
58438.5
58438
58440.5
58440
58440.5
58442
58444.5
58447
58446.5
58449
58450
58451
58452
58453
58454
58455
58454.5
58457
58458
58459
58458.5
58461
58462
58463
58464
58465
58466
58467
58468
58469
58470
58471
58472
58473
58474
58475
58474.5
58477
58476.5
58476
58476.5
58478
58478.5
58479
58480
58481
58482
58483
58484
58485
58486
58487
58488
58489
58490
58491
58492
58493
58494
58495
58496
58497
58498
58499
58500
58501
58502
58503
58504
58505
58506
58507
58508
58509
58510
58511
58512
58513
58514
58515
58516
58517
58518
58519
58520
58521
58522
58523
58524
58525
58526
58527
58528
58529
58530
58531
58532
58533
58534
58535
58536
58537
58538
58539
58540
58541
58542
58543
58544
58545
58546
58547
58548
58549
58550
58551
58552
58553
58554
58555
58556
58557
58558
58559
58560
58561
58562
58563
58564
58565
58566
58567
58568
58569
58570
58571
58572
58573
58574
58575
58576
58577
58578
58579
58580
58581
58582
58583
58584
58585
58586
58587
58587.5
58588
58589
58590
58591
58592
58593
58594
58595
58596
58597
58598
58599
58600
58601
58602
58603
58604
58605
58606
58607
58608
58609
58610
58611
58612
58612.5
58614
58615
58616
58617
58618
58619
58620
58620.5
58621
58622.5
58624
58625
58626
58626.5
58627
58628
58629
58629
58631
58632
58633
58634.5
58635
58636
58637
58638
58639
58639
58641
58642
58643
58644.5
58646
58647
58648
58649
58650
58651
58652
58653.5
58655
58656
58657
58657.5
58658
58659.5
58660
58661.5
58662
58663.5
58665
58666
58667
58668
58669
58670
58671
58672
58673
58674
58675
58676
58677
58678
58679
58680
58681
58682
58683
58683.5
58685
58685.5
58686
58687.5
58688
58689.5
58691
58691.5
58693
58694
58695
58695.5
58696
58697
58698
58699
58700
58701
58702
58702.5
58703
58704.5
58706
58707
58708
58709
58710
58711
58712
58713
58714
58715
58716
58716.5
58717
58718.5
58719
58720
58721
58722.5
58724
58724.5
58725
58726.5
58727
58728
58729
58730.5
58732
58732.5
58733
58734.5
58735
58736.5
58737
58738.5
58739
58740.5
58742
58742.5
58744
58745
58746
58747
58748
58749
58750
58751
58752
58753
58754
58754.5
58755
58756
58757
58758.5
58759
58760.5
58761
58762.5
58764
58764.5
58766
58767
58768
58769
58770
58771
58772
58773
58774
58774.5
58776
58777
58778
58779
58780
58781
58782
58783
58784
58785
58786
58787
58788
58789
58790
58791
58792
58793
58794
58795
58796
58797
58798
58798.5
58799
58800
58801
58802.5
58803
58804.5
58806
58807
58808
58808.5
58809
58810
58811
58812.5
58814
58815
58816
58817
58818
58819
58820
58821
58822
58823
58824
58824.5
58825
58826
58827
58827
58827
58827.5
58828
58828.5
58829
58829.5
58830
58830
58830
58832
58832
58834
58836
58837.5
58839
58840.5
58842
58842.5
58844
58845.5
58847
58849
58849
58851
58851
58853
58853
58853.5
58855
58855.5
58856
58856.5
58857
58858.5
58859
58859.5
58860
58861.5
58862
58862
58862
58864
58866
58867.5
58868
58868
58868
58869
58870
58872
58874
58874
58874
58876
58878
58879.5
58880
58881.5
58883
58883.5
58884
58884
58884
58886
58888
58888
58888
58889
58890
58891
58892
58893
58894
58895
58896
58897
58898
58899
58900
58901
58902
58903
58904
58904.5
58905
58906
58907
58908
58909
58910.5
58911
58912.5
58914
58914.5
58915
58916.5
58917
58918
58919
58920
58921
58922
58923
58924
58925
58926
58927
58928.5
58929
58930.5
58932
58933
58934
58935
58936
58937
58938
58939
58940
58940.5
58942
58942.5
58944
58945
58946
58946.5
58948
58949
58950
58951
58952
58953
58954
58954.5
58955
58956
58957
58958
58959
58960
58961
58962
58963
58964
58965
58966
58967
58968
58969
58970
58971
58972
58973
58974
58975
58976
58977
58978
58979
58980
58981
58982
58983
58984
58985
58986
58987
58988
58989
58990
58991
58992
58993
58994
58995
58996
58997
58998
58999
59000
59001
59002.5
59003
59004
59005
59006
59007
59008
59009
59010
59011
59012
59013
59014.5
59016
59016.5
59017
59018.5
59020
59021
59022
59023
59024
59025
59026
59027
59028
59028.5
59029
59030.5
59031
59032
59033
59034
59035
59036
59037
59038
59039
59040
59041
59042
59043
59044
59045
59046
59047
59048
59049
59050
59051
59052
59053
59054
59055
59056
59057
59058
59059
59060
59061
59062
59063
59064
59065
59066
59067
59068
59069
59070
59071
59072
59073
59074
59075
59076
59077
59078
59079
59080
59081
59082
59083
59084
59085
59086
59087
59088
59089
59090
59091
59091.5
59093
59094
59095
59096
59097
59098
59099
59100
59101
59102
59103
59104
59105
59106
59107
59108
59109
59110
59111
59112
59113
59114
59115
59116
59117
59118
59119
59120
59121
59122
59123
59124
59125
59126
59127
59128
59129
59130
59131
59132
59133
59134
59135
59136
59137
59138
59139
59140
59141
59142
59143
59144
59145
59146
59147
59148
59149
59150
59151
59152
59153
59154
59155
59156
59157
59158
59159
59160
59161
59162
59163
59164
59165
59166
59167
59168
59169
59170
59171
59172
59173
59174
59175
59176
59177
59178
59179
59180
59181
59181.5
59183
59184
59185
59186
59187
59188
59189
59190
59191
59192
59193
59193.5
59194
59195
59196
59197
59198
59199
59200
59201
59202
59203
59204
59205
59206
59207
59208
59209
59210
59211
59212
59213
59214
59215
59216
59216
59218
59218
59220
59220
59222
59222
59224
59224
59224
59226
59228
59228
59230
59231
59232
59233
59234
59234
59236
59237
59238
59239
59240
59241
59242
59242
59242
59243
59244
59244
59244
59246
59246
59246.5
59248
59250
59250
59250.5
59251
59252
59253
59254.5
59255
59256
59257
59258
59259
59260
59261
59261.5
59263
59263.5
59265
59266
59267
59268.5
59270
59270.5
59272
59274
59276
59276
59276
59276.5
59278
59280
59280
59280.5
59282
59284
59286
59286
59286
59286.5
59288
59290
59290
59290.5
59291
59292.5
59293
59294.5
59296
59298
59298
59298.5
59299
59300.5
59302
59304
59304
59304.5
59305
59306
59307
59308
59309
59310
59311
59312
59313
59314
59315
59316
59317
59318.5
59319
59320.5
59322
59324
59326
59327
59328
59328
59330
59331
59332
59333
59334
59336
59338
59338
59340
59340
59342
59342
59342
59344
59344
59346
59348
59349
59350
59351
59352
59353
59354
59355
59356
59357
59358
59359
59360
59361.5
59362
59363
59364
59365
59366
59367
59368
59369
59370
59371
59372
59373
59374
59375
59376
59377
59378
59379
59380
59381
59382
59383
59384
59385
59386
59387
59388
59389
59390
59391
59392
59393
59394
59395
59396
59397
59398
59398
59398
59399
59400
59401
59402
59404
59406
59407
59408
59408
59408
59409
59410
59410
59410
59412
59414
59415
59416
59417
59418
59419
59420
59421
59422
59422
59424
59424
59424
59424.5
59425
59426
59427
59428
59429
59430
59431
59432
59433
59434.5
59435
59436
59437
59438
59439
59440
59441
59442
59443
59444
59445
59446
59447
59448
59449
59449.5
59451
59452
59453
59454
59455
59455.5
59457
59457.5
59458
59458.5
59459
59460
59461
59462
59463
59464
59465
59466
59467
59468
59469
59470
59471
59472
59473
59474
59475
59476
59477
59478
59479
59480
59481
59481.5
59482
59482.5
59484
59484.5
59485
59486.5
59488
59488.5
59489
59490.5
59492
59492.5
59494
59495.5
59497
59497.5
59498
59498.5
59500
59500.5
59502
59502.5
59504
59505.5
59506
59506.5
59507
59508.5
59509
59510
59511
59512
59513
59514
59515
59516
59517
59518.5
59519
59520
59521
59522
59523
59524
59525
59526
59527
59527.5
59528
59529.5
59530
59531.5
59533
59533.5
59534
59535.5
59537
59537.5
59539
59540
59541
59542
59543
59544.5
59546
59546.5
59547
59548
59549
59550.5
59551
59552.5
59553
59554
59555
59556
59557
59558.5
59560
59561.5
59563
59564
59565
59566
59567
59567.5
59568
59569.5
59570
59570.5
59571
59572
59573
59574.5
59576
59576.5
59577
59578.5
59580
59580.5
59581
59582.5
59583
59584.5
59586
59587.5
59588
59589.5
59590
59590.5
59592
59592.5
59593
59594
59595
59596.5
59597
59598.5
59599
59600.5
59601
59602
59603
59604
59605
59606
59607
59608
59609
59610
59611
59612
59613
59614.5
59616
59617.5
59618
59619.5
59620
59620.5
59622
59623.5
59625
59625.5
59627
59627.5
59628
59628.5
59629
59630
59631
59632.5
59633
59634.5
59636
59637.5
59639
59639.5
59641
59641.5
59642
59643.5
59645
59645.5
59647
59648
59649
59650
59651
59652
59653
59654
59655
59655.5
59657
59658
59659
59660
59661
59662
59663
59664
59665
59665.5
59667
59668
59669
59669.5
59670
59671.5
59673
59673.5
59674
59674.5
59675
59676
59677
59678
59679
59680
59681
59681.5
59683
59683.5
59685
59685.5
59687
59688
59689
59689.5
59691
59692
59693
59693.5
59694
59695
59696
59697
59698
59699
59700
59701.5
59702
59703
59704
59705
59706
59707
59708
59709
59710
59711.5
59712
59713
59714
59715
59716
59717
59718
59719
59720
59721.5
59722
59723
59724
59725
59726
59727.5
59728
59729.5
59730
59731.5
59733
59734
59735
59735.5
59736
59737.5
59738
59739
59740
59741.5
59742
59743.5
59745
59746
59747
59747.5
59749
59750
59751
59752
59753
59754.5
59755
59756
59757
59758
59759
59760
59761
59761.5
59763
59763.5
59764
59765
59766
59767.5
59768
59769
59770
59771
59772
59773
59774
59775
59776
59777.5
59778
59779
59780
59781.5
59783
59783.5
59785
59785.5
59786
59787.5
59789
59789.5
59790
59791.5
59793
59793.5
59795
59796
59797
59798
59799
59799.5
59801
59802
59803
59804
59805
59806
59807
59808.5
59810
59811.5
59812
59813.5
59814
59815.5
59816
59816.5
59817
59818.5
59820
59820.5
59821
59822.5
59823
59824.5
59825
59826.5
59827
59828.5
59829
59830
59831
59831.5
59833
59833.5
59834
59835.5
59837
59838
59839
59839.5
59841
59842
59843
59843.5
59844
59845
59846
59847
59848
59849
59850
59851.5
59852
59853.5
59855
59856
59857
59858
59859
59860
59861
59862
59863
59863.5
59865
59866
59867
59868
59869
59870.5
59872
59873.5
59874
59875.5
59876
59876.5
59878
59878.5
59880
59881.5
59883
59883.5
59884
59884.5
59885
59886
59887
59888
59889
59890.5
59892
59893.5
59894
59894.5
59895
59896.5
59898
59898.5
59899
59900.5
59901
59902.5
59904
59905.5
59907
59908
59909
59909.5
59910
59910.5
59912
59912.5
59913
59914.5
59916
59917.5
59919
59920
59921
59921.5
59922
59923.5
59924
59925.5
59927
59928
59929
59930
59931
59932
59933
59934
59935
59936
59937
59938
59939
59940
59941
59942.5
59943
59944.5
59945
59946
59947
59948.5
59950
59951.5
59952
59953.5
59955
59956
59957
59958
59959
59960
59961
59962.5
59963
59964.5
59966
59968
59968
59968.5
59970
59972
59974
59975
59976
59976
59978
59978
59980
59981
59982
59983
59984
59984
59984
59984.5
59986
59986.5
59988
59990
59992
59992
59994
59994
59994
59994.5
59996
59998
60000
60000
60000
60000.5
60002
60002.5
60003
60004.5
60006
60006.5
60007
60008.5
60010
60010.5
60012
60012.5
60013
60014
60015
60016.5
60017
60018
60019
60020
60021
60022.5
60023
60024
60025
60026
60027
60027.5
60028
60028.5
60029
60030.5
60031
60032
60033
60034
60035
60036
60037
60038
60039
60040
60041
60042
60043
60044
60045
60046
60047
60047.5
60048
60049.5
60050
60050.5
60051
60052.5
60054
60055.5
60057
60058
60059
60060
60061
60062
60063
60064
60065
60066
60067
60067.5
60068
60069.5
60070
60070.5
60072
60073.5
60074
60074.5
60076
60077.5
60079
60079.5
60080
60080.5
60082
60083.5
60085
60085.5
60086
60086.5
60087
60088
60089
60089.5
60090
60091
60092
60093
60094
60095
60096
60097
60098
60099
60100
60101
60102
60103
60104
60105
60106
60107
60108
60109
60110
60111
60112
60113
60114
60115
60116
60117
60118
60119
60120
60121
60122
60123
60124
60125
60126
60127
60128
60129.5
60130
60131.5
60132
60133.5
60135
60135.5
60136
60137.5
60138
60139.5
60141
60141.5
60142
60143.5
60144
60145
60146
60147
60148
60149
60150
60151
60152
60153
60154
60155
60156
60157
60158
60159
60160
60161.5
60163
60163.5
60164
60165
60166
60167
60168
60169.5
60171
60172
60173
60174.5
60175
60176
60177
60178.5
60179
60180.5
60182
60182.5
60184
60184.5
60186
60186.5
60187
60188
60189
60190.5
60191
60192.5
60194
60194.5
60195
60196.5
60197
60198.5
60200
60201.5
60202
60203.5
60204
60204.5
60206
60206.5
60208
60208.5
60209
60210
60211
60212
60213
60214
60215
60216.5
60217
60218.5
60219
60220.5
60222
60222.5
60223
60224.5
60226
60227.5
60228
60228.5
60229
60230
60231
60232
60233
60233.5
60235
60236
60237
60238.5
60240
60240.5
60242
60243.5
60244
60245.5
60247
60247.5
60248
60248.5
60250
60251.5
60252
60252.5
60254
60255.5
60257
60258
60259
60260
60261
60261.5
60263
60263.5
60265
60265.5
60266
60266.5
60267
60268.5
60270
60271.5
60272
60273.5
60274
60274.5
60275
60276
60277
60278.5
60280
60280.5
60282
60283.5
60285
60285.5
60287
60287.5
60289
60289.5
60290
60291.5
60293
60293.5
60295
60296
60297
60298
60299
60299.5
60301
60302
60303
60304
60305
60306
60307
60308
60309
60310
60311
60312
60313
60314
60315
60316
60317
60318
60319
60320
60321
60322
60323
60323.5
60325
60325.5
60326
60326.5
60328
60329.5
60331
60332
60333
60334
60335
60335.5
60337
60338
60339
60339.5
60341
60342
60343
60343.5
60344
60345.5
60346
60346.5
60347
60348
60349
60350
60351
60352.5
60353
60354.5
60355
60356
60357
60358.5
60360
60360.5
60361
60362.5
60363
60364.5
60366
60366.5
60367
60368.5
60370
60371.5
60373
60374
60375
60375.5
60376
60377.5
60379
60380
60381
60381.5
60383
60384
60385
60386
60387
60388
60389
60389.5
60390
60391.5
60393
60393.5
60395
60395.5
60396
60397.5
60399
60399.5
60401
60401.5
60403
60404
60405
60406
60407
60408
60409
60410
60411
60411.5
60412
60412.5
60414
60415.5
60417
60418
60419
60420
60421
60422
60423
60424
60425
60426
60427
60427.5
60429
60429.5
60431
60431.5
60433
60433.5
60434
60434.5
60435
60436
60437
60438.5
60439
60440
60441
60441.5
60442
60443
60444
60445
60446
60447
60448
60449
60450
60451
60452
60453
60454
60455
60456
60457
60458
60459
60460
60461
60462
60463
60464
60465
60466
60467
60468
60469
60470
60471
60472
60473
60474
60475
60476
60477
60478
60479
60480
60481
60482
60483
60484
60485
60486
60487
60488
60489
60490
60491
60492
60493
60494
60495
60496
60497
60498
60499
60500
60501
60502
60503
60504
60505
60506
60507
60508
60509
60510
60510.5
60511
60512.5
60513
60514
60515
60515
60517
60517
60517
60518
60519
60520
60521
60523
60523
60524
60525
60526
60527
60527.5
60529
60530
60531
60531.5
60533
60534
60535
60536
60537
60537.5
60538
60538.5
60539
60540.5
60542
60542.5
60543
60544
60545
60546
60547
60548
60549
60550.5
60551
60552.5
60553
60554.5
60556
60557.5
60559
60559.5
60561
60562
60563
60565
60567
60567
60567
60568
60569
60569.5
60570
60571.5
60573
60573.5
60575
60576
60577
60578
60579
60580
60581
60582
60583
60585
60585
60586
60587
60589
60589
60591
60591
60593
60593
60595
60597
60597
60599
60600
60601
60602
60603
60603
60605
60605
60605
60607
60607
60609
60609
60610
60611
60612
60613
60614
60615
60615.5
60617
60618
60619
60620
60621
60622
60623
60624
60625
60626
60627
60627.5
60628
60629.5
60630
60631.5
60632
60633.5
60634
60634.5
60635
60636
60637
60638
60639
60640
60641
60642
60643
60644
60645
60646
60647
60648
60649
60649
60651
60652
60653
60654
60655
60656
60657
60658
60659
60660
60661
60662
60663
60664
60665
60666
60667
60667
60667
60667.5
60669
60669.5
60671
60673
60675
60675
60677
60678
60679
60680
60681
60681
60683
60683
60683
60685
60687
60687
60689
60690
60691
60692
60693
60694
60695
60696
60697
60698
60699
60700
60701
60702.5
60703
60704
60705
60706
60707
60708
60709
60710.5
60711
60712.5
60713
60714
60715
60716
60717
60717
60719
60720
60721
60722
60723
60724
60725
60726
60727
60728
60729
60730
60731
60732
60733
60734
60735
60736
60737
60738.5
60739
60740.5
60741
60742
60743
60744
60745
60746
60747
60748
60749
60750
60751
60751
60751
60753
60755
60756
60757
60757
60759
60760
60761
60762
60763
60764.5
60765
60766.5
60767
60768
60769
60770.5
60771
60772
60773
60774
60775
60776
60777
60778
60779
60779
60779
60781
60781
60781.5
60783
60783.5
60784
60785
60786
60787
60788
60789
60790
60791.5
60793
60795
60795
60795.5
60796
60797
60798
60799
60800
60801
60802
60803.5
60805
60807
60809
60809
60811
60812
60813
60813
60813
60813.5
60814
60815.5
60816
60817.5
60819
60819.5
60820
60821.5
60822
60823
60824
60824.5
60826
60826.5
60828
60829
60830
60830.5
60831
60832
60833
60834
60835
60836
60837
60838
60839
60840
60841
60842
60843
60844
60845
60846
60847
60848
60849
60850
60851
60852
60853
60854
60855
60856
60857
60858
60859
60860
60861
60862
60863
60864.5
60865
60866.5
60867
60868.5
60869
60870
60871
60872.5
60873
60874
60875
60876.5
60877
60878.5
60880
60880.5
60882
60883
60884
60885.5
60886
60887.5
60889
60889.5
60890
60891
60892
60892.5
60894
60895
60896
60897.5
60898
60899.5
60900
60901
60902
60902.5
60904
60905
60906
60906.5
60907
60908
60909
60910
60911
60912
60913
60914
60915
60916
60917
60918.5
60919
60920
60921
60922.5
60923
60924
60925
60926
60927
60928
60929
60930
60931
60932
60933
60934
60935
60936
60937
60938
60939
60940
60941
60941.5
60943
60943.5
60944
60945.5
60946
60946.5
60947
60947.5
60949
60950.5
60951
60951.5
60952
60953.5
60954
60955.5
60957
60958.5
60960
60960.5
60961
60961.5
60962
60963
60964
60965.5
60967
60968.5
60970
60971.5
60973
60973.5
60974
60975.5
60976
60976.5
60977
60977.5
60978
60979.5
60980
60981
60982
60983.5
60984
60985.5
60986
60987
60988
60989
60990
60991
60992
60993
60994
60994.5
60996
60996.5
60997
60998
60999
61000.5
61002
61003
61004
61004.5
61005
61006.5
61007
61008.5
61010
61010.5
61012
61013
61014
61014.5
61016
61017
61018
61019
61020
61021
61022
61023
61024
61025
61026
61027
61028
61029
61030
61031
61032
61033
61034
61035
61036
61037
61038
61039.5
61040
61041.5
61042
61043.5
61045
61045.5
61046
61047.5
61048
61049.5
61050
61051.5
61052
61053.5
61054
61055
61056
61057.5
61059
61059.5
61061
61061.5
61062
61063
61064
61065
61066
61067
61068
61069
61070
61071
61072
61073
61074
61075
61076
61077
61078
61079
61080
61081
61082
61083
61084
61085.5
61086
61087.5
61089
61089.5
61090
61091
61092
61093
61094
61095
61096
61097
61098
61099
61100
61101
61102
61103
61104
61105
61106
61107
61108
61108.5
61109
61110.5
61112
61113
61114
61115
61116
61117
61118
61119
61120
61121
61122
61122.5
61123
61124
61125
61126
61127
61128
61129
61128.5
61128
61130.5
61130
61131
61132
61133
61134
61136.5
61136
61138.5
61138
61140.5
61140
61142.5
61142
61143
61144
61145
61146
61147
61148
61149
61150
61152.5
61152
61153
61154
61155
61156
61157
61158
61160.5
61160
61162.5
61162
61164.5
61164
61165
61166
61168.5
61171
61172
61173
61172.5
61172
61173
61174
61176.5
61176
61177
61178
61179
61180
61181
61182
61183
61184
61185
61186
61187
61188
61190.5
61190
61192.5
61192
61194.5
61197
61198
61199
61200
61201
61202
61203
61204.5
61205
61206.5
61208
61208.5
61209
61210
61211
61212
61213
61214
61215
61216.5
61217
61218.5
61219
61220.5
61221
61222
61223
61224
61225
61226
61227
61228
61229
61228.5
61231
61230.5
61230
61231
61232
61233
61234
61235
61236
61236
61236
61237
61238
61239
61240
61241
61242
61242.5
61244
61244.5
61246
61247
61248
61248.5
61249
61250
61251
61252
61253
61254
61255
61256
61257
61258
61259
61260.5
61261
61262
61263
61264
61265
61266
61267
61268
61269
61270
61271
61272
61273
61274
61275
61276
61277
61278
61279
61280
61281
61282
61283
61284.5
61285
61286.5
61288
61289
61290
61291
61292
61292.5
61293
61294
61295
61296.5
61297
61298.5
61300
61300.5
61301
61302
61303
61304
61305
61306
61307
61308.5
61309
61310.5
61311
61312.5
61313
61314.5
61315
61316
61317
61318.5
61319
61320
61321
61322
61323
61324
61325
61326
61327
61328.5
61330
61330.5
61332
61332.5
61334
61334.5
61336
61336.5
61338
61338.5
61339
61340
61341
61342
61343
61344.5
61345
61346
61347
61348
61349
61350
61351
61352
61353
61354.5
61356
61356.5
61358
61359
61360
61361
61362
61364
61366
61367
61368
61368
61370
61370
61370
61372
61372
61373
61374
61375
61376
61377
61378
61379
61380
61381
61382
61383
61384
61385
61386
61387
61388
61389
61390
61390.5
61391
61392.5
61393
61394
61395
61396.5
61398
61399
61400
61401
61402
61403
61404
61405
61406
61407
61408
61410
61410
61411
61412
61414
61416
61416
61418
61419
61420
61420
61420
61422
61424
61424
61424
61425
61426
61427
61428
61429
61430
61431
61432
61432.5
61434
61434.5
61436
61436.5
61437
61438.5
61440
61441
61442
61443
61444
61444.5
61445
61446
61447
61448
61449
61450
61451
61452
61453
61453.5
61455
61456
61457
61458
61459
61460
61461
61461.5
61463
61464
61465
61466
61467
61467.5
61469
61469.5
61471
61472
61473
61474
61475
61475.5
61477
61477.5
61478
61478.5
61480
61481.5
61483
61484
61485
61485.5
61487
61487.5
61488
61489.5
61490
61491.5
61493
61493.5
61495
61495.5
61496
61497.5
61498
61499.5
61500
61500.5
61502
61502.5
61504
61505.5
61507
61508
61509
61509.5
61511
61511.5
61513
61514
61515
61516
61517
61518
61519
61520
61521
61521.5
61523
61524
61525
61525.5
61526
61527.5
61529
61530
61531
61532
61533
61534
61535
61536
61537
61538.5
61540
61540.5
61542
61543
61544
61545
61546
61547
61548
61549
61550
61551
61552
61552.5
61553
61554
61555
61556.5
61557
61558
61559
61560.5
61561
61562.5
61563
61564.5
61566
61566.5
61568
61568.5
61570
61570.5
61572
61572.5
61573
61574.5
61575
61576.5
61577
61578.5
61580
61581
61582
61583
61584
61585
61586
61587
61588
61589
61590
61591
61592
61594
61594
61595
61596
61598
61600
61600
61600
61602
61604
61604
61604
61605
61606
61607
61608
61609
61610
61611
61612
61613
61614
61615
61616
61617
61618
61619
61620
61621
61622
61623
61624
61625
61626
61627
61628
61629
61630
61631
61632
61633
61634
61636
61636
61638
61640
61640
61640
61642
61642
61643
61644
61646
61648
61649
61650
61651
61652
61653
61654
61655
61656
61658.5
61661
61660.5
61660
61662.5
61662
61664.5
61664
61665
61666
61667
61668
61670.5
61670
61671
61672
61674.5
61674
61676.5
61676
61677
61678
61680.5
61683
61684
61685
61684.5
61684
61685
61686
61688.5
61688
61689
61690
61691
61692
61693
61694
61695
61696
61697
61698
61699
61700
61700
61702
61703
61704
61705
61706
61707
61708
61709
61710
61711
61712
61712
61714
61715
61716
61716
61716
61717
61718
61719
61720
61721
61722
61723
61724
61725
61726
61726.5
61728
61729
61730
61731
61732
61732.5
61734
61734.5
61736
61736.5
61737
61738.5
61739
61740.5
61742
61743
61744
61744.5
61746
61747
61748
61749
61750
61751
61752
61752.5
61753
61754
61755
61756
61757
61758
61759
61760
61761
61762
61763
61764
61765
61766
61767
61767.5
61768
61769.5
61771
61771.5
61772
61772.5
61773
61774.5
61776
61777.5
61779
61780
61781
61782
61783
61784
61785
61786
61787
61788.5
61790
61790.5
61791
61792.5
61794
61794.5
61796
61796.5
61797
61798.5
61799
61800
61801
61802
61803
61804
61805
61805.5
61806
61807.5
61809
61810
61811
61812
61813
61814.5
61815
61816.5
61817
61818.5
61819
61820
61821
61822
61823
61824
61825
61826.5
61828
61828.5
61829
61830.5
61831
61832.5
61833
61834
61835
61836
61837
61838.5
61839
61840
61841
61842.5
61843
61844
61845
61846
61847
61848
61849
61850
61851
61851.5
61852
61852.5
61854
61854.5
61856
61857.5
61858
61858.5
61860
61861.5
61863
61863.5
61864
61865.5
61866
61866.5
61868
61869.5
61871
61871.5
61872
61873.5
61874
61875.5
61876
61876.5
61878
61878.5
61880
61881.5
61883
61883.5
61884
61885.5
61886
61886.5
61888
61889.5
61890
61891.5
61893
61894
61895
61895.5
61896
61897.5
61898
61898.5
61900
61900.5
61902
61903.5
61905
61905.5
61906
61907.5
61908
61909.5
61911
61911.5
61912
61912.5
61913
61914
61915
61916
61917
61918
61919
61920.5
61921
61922.5
61924
61924.5
61925
61926.5
61927
61928.5
61929
61930.5
61932
61933.5
61935
61935.5
61937
61938
61939
61939.5
61941
61942
61943
61944
61945
61946
61947
61948
61949
61950
61951
61952
61953
61954
61955
61955.5
61956
61957.5
61959
61959.5
61961
61962
61963
61964
61965
61966
61967
61968
61969
61970
61971
61972.5
61973
61974.5
61976
61976.5
61978
61978.5
61979
61980.5
61981
61982.5
61983
61984.5
61985
61986.5
61987
61988.5
61989
61990.5
61992
61992.5
61994
61994.5
61995
61996
61997
61998
61999
61999.5
62000
62000.5
62001
62002
62003
62004
62005
62006
62007
62008
62009
62010
62011
62012.5
62013
62014.5
62015
62016.5
62017
62018.5
62019
62020
62021
62022
62023
62024.5
62026
62027.5
62028
62028.5
62029
62030
62031
62032
62033
62034
62035
62036
62037
62037.5
62039
62040
62041
62042
62043
62044
62045
62046
62047
62048.5
62049
62050.5
62052
62052.5
62053
62054.5
62055
62056.5
62058
62059.5
62061
62061.5
62062
62062.5
62063
62064
62065
62066
62067
62068
62069
62070
62071
62072
62073
62073.5
62074
62075.5
62077
62077.5
62079
62079.5
62081
62082
62083
62084
62085
62085.5
62086
62087.5
62089
62090
62091
62092
62093
62094
62095
62096
62097
62098
62099
62100
62101
62102
62103
62104
62105
62106
62107
62108
62109
62110.5
62112
62112.5
62114
62114.5
62115
62116.5
62118
62118.5
62119
62120.5
62122
62122.5
62123
62124
62125
62126
62127
62127.5
62128
62129.5
62130
62131
62132
62132.5
62133
62134.5
62136
62136.5
62137
62138.5
62140
62141
62142
62142.5
62144
62144.5
62145
62146.5
62148
62149
62150
62151
62152
62153.5
62155
62155.5
62156
62157
62158
62159
62160
62161.5
62163
62164
62165
62166
62167
62168
62169
62170
62171
62172
62173
62174
62175
62176
62177
62178
62179
62180
62181
62182
62183
62184
62185
62186.5
62188
62188.5
62190
62191.5
62192
62193.5
62195
62196
62197
62197.5
62199
62200
62201
62201.5
62203
62203.5
62205
62205.5
62206
62206.5
62208
62209.5
62210
62211.5
62212
62212.5
62213
62214.5
62215
62216
62217
62218
62219
62220
62221
62221.5
62223
62224
62225
62225.5
62227
62227.5
62229
62229.5
62231
62232
62233
62233.5
62235
62235.5
62236
62237
62238
62238.5
62240
62240.5
62241
62241.5
62243
62243.5
62244
62245
62246
62247.5
62249
62250.5
62252
62252.5
62253
62254.5
62255
62255.5
62257
62257.5
62259
62259.5
62260
62261
62262
62263.5
62265
62266.5
62268
62269
62270
62271
62272
62273.5
62275
62275.5
62276
62277.5
62278
62279.5
62281
62281.5
62282
62283.5
62285
62286
62287
62287.5
62288
62289.5
62290
62291.5
62293
62294
62295
62295.5
62296
62297
62298
62299
62300
62301
62302
62303.5
62305
62305.5
62306
62307.5
62308
62309
62310
62311
62312
62312.5
62313
62313.5
62315
62315.5
62316
62317
62318
62319
62320
62321.5
62323
62323.5
62324
62325.5
62326
62327.5
62329
62330.5
62332
62332.5
62334
62335
62336
62337.5
62338
62339
62340
62341.5
62342
62343
62344
62345
62346
62347.5
62348
62349.5
62351
62351.5
62352
62353
62354
62355
62356
62357.5
62359
62360
62361
62362
62363
62364
62365
62366
62367
62368
62369
62370
62371
62371.5
62373
62374
62375
62375.5
62376
62377
62378
62378.5
62379
62379.5
62381
62381.5
62383
62383.5
62385
62385.5
62386
62387
62388
62389
62390
62391
62392
62393
62394
62395
62396
62397
62398
62399
62400
62401
62402
62403
62404
62404.5
62406
62407
62408
62409
62410
62411
62412
62413.5
62414
62415
62416
62417
62418
62419.5
62421
62421.5
62423
62423.5
62425
62426.5
62428
62429
62430
62431
62432
62433
62434
62435
62436
62437
62438
62438.5
62440
62440.5
62442
62443
62444
62445
62446
62447
62448
62449
62450
62450.5
62451
62451.5
62452
62453
62454
62455.5
62457
62458.5
62459
62459.5
62460
62461.5
62462
62463.5
62465
62465.5
62467
62467.5
62469
62469.5
62471
62472.5
62474
62474.5
62476
62477
62478
62479
62480
62481.5
62482
62483.5
62485
62485.5
62487
62488
62489
62490
62491
62492
62493
62494
62495
62496
62497
62497.5
62499
62499.5
62501
62501.5
62502
62503
62504
62505.5
62506
62507.5
62509
62510
62511
62512
62513
62514
62515
62515.5
62516
62517
62518
62518.5
62519
62520.5
62522
62522.5
62524
62524.5
62526
62527
62528
62528.5
62530
62531
62532
62533.5
62535
62536
62537
62538
62539
62540
62541
62542.5
62543
62544
62545
62546
62547
62548
62549
62549.5
62551
62552
62553
62554
62555
62555.5
62557
62557.5
62559
62559.5
62561
62562
62563
62564
62565
62565.5
62566
62567.5
62568
62569
62570
62571
62572
62573.5
62574
62575.5
62577
62578
62579
62580
62581
62582
62583
62584
62585
62586
62587
62588
62589
62590
62591
62592.5
62593
62594
62595
62596
62597
62598
62599
62600
62601
62602
62603
62604
62605
62606.5
62608
62609.5
62610
62610.5
62611
62612
62613
62614.5
62616
62616.5
62617
62618
62619
62620
62621
62622
62623
62624
62625
62625.5
62627
62628
62629
62629.5
62631
62632
62633
62633.5
62635
62635.5
62637
62637.5
62638
62639
62640
62641.5
62642
62643
62644
62645.5
62646
62647
62648
62649.5
62651
62651.5
62652
62653
62654
62654.5
62656
62657
62658
62658.5
62659
62660.5
62662
62662.5
62663
62663.5
62664
62665.5
62667
62668.5
62669
62669.5
62671
62672.5
62673
62673.5
62675
62675.5
62676
62677.5
62678
62679
62680
62681
62682
62683
62684
62685
62686
62687
62688
62688.5
62689
62690.5
62691
62692
62693
62694
62695
62696.5
62697
62698
62699
62700.5
62701
62702.5
62703
62704.5
62705
62706
62707
62707.5
62709
62710
62711
62712
62713
62714
62715
62716
62717
62718.5
62719
62720
62721
62722
62723
62724
62725
62725.5
62726
62727
62728
62728.5
62730
62731
62732
62733.5
62735
62736
62737
62738
62739
62740
62741
62741.5
62742
62743.5
62745
62746
62747
62748
62749
62749.5
62751
62752
62753
62753.5
62755
62756
62757
62757.5
62758
62759.5
62761
62761.5
62762
62763
62764
62765.5
62767
62768
62769
62769.5
62771
62772
62773
62773.5
62774
62775
62776
62777.5
62778
62779.5
62781
62781.5
62783
62784
62785
62786
62787
62787.5
62788
62789.5
62791
62791.5
62793
62794
62795
62795.5
62797
62797.5
62799
62800
62801
62802
62803
62804
62805
62806.5
62807
62808
62809
62810
62811
62811.5
62812
62813
62814
62814.5
62816
62816.5
62818
62819
62820
62820.5
62821
62822.5
62823
62823.5
62825
62826.5
62828
62828.5
62829
62829.5
62831
62831.5
62833
62834.5
62836
62837
62838
62838.5
62840
62840.5
62842
62842.5
62844
62845
62846
62847.5
62848
62849.5
62851
62852
62853
62854
62855
62856
62857
62857.5
62859
62859.5
62860
62861.5
62862
62863.5
62865
62865.5
62867
62867.5
62868
62869.5
62870
62871
62872
62873
62874
62875
62876
62877
62878
62879
62880
62881
62882
62882.5
62883
62883.5
62885
62885.5
62887
62887.5
62888
62889.5
62891
62891.5
62893
62894.5
62896
62896.5
62898
62898.5
62900
62900.5
62902
62902.5
62903
62904.5
62906
62906.5
62908
62908.5
62909
62910.5
62911
62912.5
62913
62913.5
62915
62916.5
62918
62918.5
62919
62919.5
62921
62921.5
62923
62924.5
62925
62925.5
62926
62927
62928
62929
62930
62931.5
62932
62933
62934
62935
62936
62936.5
62938
62938.5
62939
62940
62941
62941.5
62942
62943.5
62944
62944.5
62946
62947.5
62948
62949.5
62951
62952
62953
62954
62955
62956.5
62957
62958
62959
62960.5
62962
62963
62964
62965.5
62967
62967.5
62969
62969.5
62971
62971.5
62972
62973
62974
62975
62976
62977.5
62979
62980.5
62981
62982.5
62983
62983.5
62985
62985.5
62987
62987.5
62989
62990.5
62991
62992.5
62993
62994.5
62996
62997
62998
62999
63000
63001.5
63002
63003
63004
63005.5
63006
63007
63008
63008.5
63010
63010.5
63011
63012.5
63013
63014.5
63016
63017
63018
63019
63020
63021
63022
63022.5
63024
63024.5
63025
63026.5
63027
63027.5
63029
63029.5
63030
63031
63032
63033.5
63035
63036.5
63038
63038.5
63040
63041
63042
63043
63044
63044.5
63045
63045.5
63046
63047
63048
63048.5
63049
63050.5
63051
63052
63053
63054.5
63056
63057
63058
63059
63060
63060.5
63061
63062
63063
63063.5
63065
63065.5
63066
63066.5
63068
63068.5
63070
63071.5
63072
63073.5
63075
63075.5
63077
63077.5
63078
63079.5
63081
63081.5
63082
63082.5
63084
63084.5
63086
63086.5
63087
63088
63089
63090
63091
63092
63093
63094
63095
63096
63097
63098
63099
63100
63101
63102
63103
63104
63105
63105.5
63106
63106
63108
63108
63108
63109
63110
63110.5
63111
63111.5
63112
63113.5
63115
63115.5
63116
63117.5
63118
63119.5
63121
63122.5
63123
63124.5
63125
63125.5
63126
63127.5
63128
63129.5
63131
63131.5
63132
63133.5
63134
63135.5
63136
63137
63138
63139
63140
63141
63142
63142
63142
63142.5
63143
63144.5
63146
63146.5
63147
63148.5
63150
63150.5
63151
63152.5
63154
63154.5
63156
63158
63160
63161
63162
63163
63164
63165.5
63166
63167
63168
63168
63168
63168.5
63169
63170
63171
63172
63173
63173.5
63175
63175.5
63176
63177.5
63179
63179.5
63180
63181.5
63183
63183.5
63184
63185
63186
63187.5
63188
63189
63190
63190.5
63191
63192.5
63194
63194.5
63195
63196.5
63198
63198.5
63200
63201
63202
63203
63204
63205
63206
63207
63208
63209
63210
63211.5
63212
63213
63214
63215
63216
63217.5
63218
63219
63220
63221
63222
63223.5
63224
63225.5
63226
63227.5
63228
63229.5
63230
63231
63232
63233
63234
63234.5
63236
63236.5
63238
63239
63240
63241
63242
63243
63244
63245
63246
63247
63248
63249
63250
63251.5
63253
63254
63255
63256
63257
63257.5
63259
63259.5
63261
63262
63263
63264
63265
63265.5
63267
63268
63269
63269.5
63271
63272
63273
63274
63275
63276
63277
63277.5
63278
63279.5
63280
63281
63282
63283
63284
63285
63286
63287.5
63289
63289.5
63290
63291.5
63293
63293.5
63294
63295.5
63296
63297.5
63298
63299
63300
63301
63302
63302.5
63303
63303.5
63305
63306.5
63307
63307.5
63309
63310.5
63312
63312.5
63313
63313.5
63315
63315.5
63316
63317.5
63318
63319.5
63321
63321.5
63322
63323.5
63325
63326.5
63327
63327.5
63329
63329.5
63330
63331.5
63333
63334.5
63336
63336.5
63338
63338.5
63340
63340.5
63341
63341.5
63342
63342.5
63343
63344.5
63346
63346.5
63347
63348
63349
63350
63351
63352
63353
63354
63355
63356
63357
63358
63359
63360
63361
63362
63363
63364
63365
63366
63367
63368.5
63370
63370.5
63372
63372.5
63374
63375.5
63377
63377.5
63378
63379.5
63381
63381.5
63383
63383.5
63385
63386.5
63387
63388.5
63389
63389.5
63390
63391.5
63392
63392.5
63393
63394.5
63396
63397.5
63398
63398.5
63399
63400
63401
63402
63403
63404
63405
63406
63407
63408
63409
63410
63411
63412.5
63414
63414.5
63415
63416.5
63418
63419.5
63421
63422.5
63423
63423.5
63424
63425.5
63426
63427.5
63428
63428.5
63429
63430.5
63431
63432
63433
63434.5
63435
63436
63437
63438
63439
63440
63441
63442
63443
63444
63445
63446
63447
63448
63449
63450
63451
63452
63453
63454
63455
63456
63457
63458
63459
63460
63461
63462
63463
63464
63465
63466
63467
63468
63469
63470
63471
63472
63473
63474
63475
63476
63477
63478.5
63480
63481.5
63482
63482.5
63483
63484
63485
63486
63487
63488
63489
63490
63491
63492
63493
63494
63495
63495.5
63497
63497.5
63498
63498.5
63499
63500.5
63502
63502.5
63504
63504.5
63506
63506.5
63508
63509.5
63510
63511.5
63512
63512.5
63514
63515.5
63516
63516.5
63518
63519.5
63521
63522
63523
63523.5
63524
63525.5
63527
63527.5
63528
63529.5
63530
63531.5
63532
63532.5
63533
63533.5
63534
63535.5
63537
63538.5
63539
63539.5
63540
63541.5
63542
63543
63544
63543.5
63543
63544
63545
63546
63547
63549.5
63549
63551.5
63551
63553.5
63556
63557
63558
63559.5
63560
63561
63562
63561.5
63561
63563.5
63563
63565.5
63568
63569
63570
63571
63572
63573
63574
63575.5
63576
63577
63578
63579
63580
63581.5
63583
63584.5
63586
63587.5
63589
63590
63591
63592
63593
63594
63595
63596
63597
63598
63599
63600
63601
63601.5
63602
63602.5
63603
63603.5
63604
63605
63606
63607
63608
63609
63610
63609.5
63612
63611.5
63611
63613.5
63616
63617
63618
63619
63620
63619.5
63619
63621.5
63624
63623.5
63626
63627
63628
63627.5
63627
63629.5
63632
63633
63634
63633.5
63633
63635.5
63638
63637.5
63640
63639.5
63639
63640
63641
63643.5
63643
63644
63645
63646
63647
63648
63649
63650
63651
63652
63653
63654
63655
63655.5
63657
63658
63659
63660
63661
63661.5
63663
63664
63665
63666
63667
63668
63669
63670
63671
63672
63673
63674
63675
63676
63677
63678
63679
63679.5
63680
63681.5
63683
63684
63685
63685.5
63686
63687.5
63688
63688.5
63690
63690.5
63691
63692.5
63693
63694.5
63695
63696
63697
63698.5
63699
63700.5
63701
63702.5
63704
63704.5
63705
63706.5
63707
63708.5
63710
63711.5
63712
63712.5
63713
63714
63715
63716
63717
63718
63719
63720
63721
63722
63723
63724
63725
63726
63727
63728
63729
63729.5
63731
63732
63733
63734
63735
63736
63737
63738
63739
63740
63741
63742.5
63744
63744.5
63746
63747.5
63749
63750
63751
63752
63753
63754
63755
63756
63757
63758
63759
63760
63761
63762
63763
63764
63765
63767.5
63767
63768
63769
63770
63771
63772
63773
63774
63775
63775.5
63776
63776.5
63778
63778.5
63780
63780.5
63782
63782.5
63783
63784
63785
63786
63787
63788
63789
63790
63791
63792
63793
63794
63795
63796
63797
63798.5
63799
63800
63801
63802
63803
63804
63805
63806.5
63808
63808.5
63809
63810
63811
63812
63813
63814
63815
63816
63817
63818.5
63819
63820.5
63821
63822
63823
63824
63825
63826.5
63828
63829.5
63831
63832
63833
63834
63835
63836
63837
63838
63839
63839.5
63840
63841.5
63843
63843.5
63844
63845.5
63847
63847.5
63848
63848.5
63849
63850.5
63852
63852.5
63854
63855.5
63857
63858
63859
63860
63861
63862
63863
63864
63865
63865.5
63866
63866.5
63867
63868
63869
63870
63871
63872
63873
63874
63875
63876
63877
63878
63879
63880
63881
63882.5
63884
63884.5
63885
63886
63887
63888.5
63889
63890
63891
63892
63893
63894
63895
63896
63897
63898
63899
63900
63901
63902
63903
63904
63905
63906
63907
63908
63909
63910
63911
63912
63913
63914
63915
63916
63917
63918
63919
63920
63921
63922
63923
63924
63925
63926
63927
63927.5
63928
63929.5
63931
63932
63933
63933.5
63935
63936
63937
63937.5
63939
63940
63941
63942
63943
63943.5
63945
63945.5
63946
63946.5
63948
63949.5
63950
63950.5
63951
63952.5
63953
63954.5
63956
63956.5
63957
63958
63959
63960.5
63961
63962
63963
63964
63965
63966
63967
63968
63969
63969.5
63970
63970
63970
63972
63974
63975.5
63977
63977.5
63979
63980
63981
63981.5
63983
63984
63985
63985.5
63986
63986
63988
63988
63990
63991.5
63993
63993.5
63995
63995.5
63997
63998
63999
63999.5
64001
64001.5
64002
64002
64004
64005.5
64006
64006
64006
64008
64008
64010
64010
64011
64012
64013
64014
64016
64016
64017
64018
64019
64020
64021
64022
64023
64024
64025
64026
64026.5
64027
64028
64029
64030
64031
64032
64033
64034
64035
64036
64037
64038.5
64040
64040.5
64041
64042.5
64043
64044
64045
64046
64047
64048
64049
64050
64051
64052
64053
64054
64055
64056
64057
64058
64059
64060
64061
64062.5
64064
64064.5
64065
64066.5
64067
64068.5
64070
64071
64072
64073
64074
64074.5
64075
64076
64077
64078.5
64080
64081
64082
64082.5
64083
64084.5
64086
64086.5
64088
64088.5
64090
64091
64092
64094
64094
64095
64096
64098
64100
64101.5
64102
64102
64102
64104
64104
64106
64106
64107
64108
64110
64110
64111
64112
64113
64114
64115
64116
64117
64118
64119
64120
64121
64122
64124
64126
64127.5
64128
64129.5
64131
64132
64133
64134
64135
64136
64137
64138
64139
64140
64141
64141.5
64143
64143.5
64144
64144
64144
64146
64148
64148
64148
64150
64150
64151
64152
64152.5
64154
64154.5
64155
64156
64157
64158
64159
64160
64161
64162
64163
64164
64165
64166
64167
64168
64169
64170
64171
64172
64173
64174
64175
64176.5
64178
64178.5
64179
64180.5
64182
64182.5
64183
64184
64185
64186
64187
64188
64189
64189.5
64190
64191
64192
64193.5
64194
64195.5
64197
64197.5
64199
64199.5
64200
64201.5
64202
64203
64204
64205
64206
64207
64208
64209
64210
64211
64212
64213
64214
64215
64216
64217
64218
64219
64220
64221
64222
64223
64224
64225.5
64226
64227
64228
64229
64230
64231
64232
64233
64234
64235
64236
64237
64238
64239.5
64240
64241
64242
64243
64244
64244.5
64245
64246.5
64248
64249
64250
64251
64252
64253.5
64254
64255.5
64257
64258
64259
64259.5
64260
64261
64262
64263
64264
64265
64266
64267.5
64268
64269
64270
64271
64272
64273
64274
64275.5
64276
64277
64278
64279
64280
64281
64282
64282.5
64284
64284.5
64285
64286.5
64287
64288
64289
64290.5
64292
64292.5
64294
64294.5
64296
64297
64298
64298.5
64300
64300.5
64301
64302
64303
64304.5
64305
64306.5
64308
64308.5
64309
64310
64311
64312
64313
64314
64315
64316.5
64317
64318.5
64320
64321
64322
64323
64324
64324.5
64326
64326.5
64327
64328.5
64330
64330.5
64332
64333
64334
64334.5
64335
64336
64337
64338.5
64340
64341
64342
64343
64344
64345
64346
64347.5
64348
64349
64350
64351.5
64353
64354
64355
64356
64357
64358
64359
64360.5
64362
64362.5
64363
64364.5
64365
64366
64367
64368.5
64370
64371
64372
64373
64374
64374.5
64375
64376.5
64378
64378.5
64379
64380
64381
64382
64383
64384.5
64385
64386.5
64387
64388
64389
64390.5
64391
64392
64393
64394.5
64395
64396.5
64398
64399
64400
64402
64404
64405.5
64406
64407.5
64408
64409.5
64411
64412
64413
64414
64415
64416
64417
64418
64419
64420
64421
64422.5
64424
64424.5
64425
64426.5
64428
64428.5
64430
64431.5
64433
64433.5
64434
64434.5
64436
64436.5
64438
64439.5
64441
64441.5
64442
64443.5
64445
64445.5
64446
64447.5
64449
64449.5
64450
64451.5
64453
64454
64455
64456
64457
64458
64459
64460
64461
64462
64463
64464
64465
64466
64467
64468
64469
64470
64471
64471.5
64472
64472.5
64473
64474
64475
64476.5
64477
64478
64479
64480
64481
64482
64483
64484
64485
64485.5
64486
64486
64488
64489.5
64491
64491.5
64492
64492
64494
64495.5
64497
64498
64499
64500
64501
64502
64503
64503.5
64504
64505.5
64507
64507.5
64508
64509.5
64510
64511.5
64512
64512
64512
64513
64514
64514.5
64515
64516.5
64518
64519
64520
64521
64522
64523
64524
64524.5
64526
64526.5
64527
64528.5
64530
64530.5
64531
64532
64533
64534
64535
64536
64537
64538
64539
64540
64541
64541.5
64543
64544
64545
64546
64547
64548
64549
64550
64551
64551.5
64552
64553
64554
64555
64556
64557
64558
64559.5
64561
64562
64563
64563.5
64565
64566
64567
64567.5
64569
64570
64571
64572
64573
64573.5
64575
64576
64577
64578
64579
64579.5
64580
64581
64582
64583
64584
64585
64586
64587
64588
64589.5
64590
64591.5
64593
64594
64595
64596
64597
64598
64599
64600
64601
64602
64603
64604
64605
64605.5
64606
64607.5
64609
64609.5
64611
64611.5
64613
64614
64615
64616
64617
64618
64619
64620
64621
64622
64623
64624
64625
64626
64627
64627.5
64628
64629
64630
64631.5
64632
64633
64634
64635
64636
64637.5
64638
64639
64640
64641
64642
64643
64644
64645
64646
64647
64648
64649
64650
64651.5
64652
64653.5
64654
64655
64656
64657
64658
64658.5
64659
64660
64661
64662
64663
64664
64665
64666.5
64668
64669
64670
64671
64672
64673
64674
64675
64676
64676.5
64677
64678.5
64680
64681
64682
64683
64684
64685
64686
64687
64688
64688.5
64690
64691
64692
64693
64694
64695
64696
64697
64698
64699
64700
64701
64702
64703
64704
64704.5
64706
64707
64708
64709
64710
64711
64712
64713
64714
64715
64716
64717
64718
64719
64720
64720.5
64722
64723
64724
64725
64726
64727
64728
64729.5
64730
64731
64732
64733
64734
64735
64736
64737
64738
64738.5
64739
64740.5
64741
64742
64743
64744
64745
64746.5
64748
64748.5
64750
64750.5
64752
64752.5
64753
64754.5
64756
64757
64758
64759
64760
64761
64762
64762.5
64763
64764
64765
64766
64767
64768
64769
64770
64771
64772
64773
64774
64775
64776
64777
64778
64779
64780
64781
64782
64783
64784
64785
64786
64787
64788
64789
64790
64791
64792
64793
64794
64795
64795.5
64796
64797.5
64798
64798.5
64799
64800.5
64801
64801.5
64803
64804.5
64806
64806.5
64808
64808.5
64809
64810.5
64812
64812.5
64814
64814.5
64816
64817.5
64818
64818.5
64819
64819.5
64820
64819.5
64819
64820
64821
64821.5
64822
64823
64824
64825
64826
64827
64828
64829
64830
64831
64832
64833
64834
64835
64836
64837
64838
64839
64840
64841
64842
64843
64844
64844.5
64846
64847
64848
64849
64850
64851
64852
64853
64854
64855.5
64857
64858
64859
64861.5
64864
64865.5
64866
64867.5
64868
64867.5
64867
64869.5
64869
64870
64871
64872
64873
64875.5
64878
64877.5
64877
64878
64879
64880
64881
64882
64883
64884
64885
64886
64887
64888
64889
64889.5
64891
64891.5
64892
64893
64894
64895
64896
64897
64898
64899
64900
64901
64902
64903
64904
64905
64906
64907
64908
64909
64910
64911.5
64913
64913.5
64914
64915
64916
64917
64918
64919.5
64920
64921
64922
64923
64924
64925
64926
64927
64928
64929.5
64931
64931.5
64932
64933.5
64935
64936
64937
64937.5
64939
64940
64941
64942
64943
64944
64945
64945.5
64947
64947.5
64949
64949.5
64951
64951.5
64952
64953.5
64954
64955.5
64957
64957.5
64958
64959
64960
64961
64962
64963
64964
64965
64966
64967
64968
64969.5
64970
64971
64972
64973
64974
64975.5
64977
64977.5
64978
64979.5
64981
64982
64983
64985.5
64988
64989.5
64990
64989.5
64989
64991.5
64994
64993.5
64996
64997.5
64998
64999.5
65001
65001.5
65003
65003.5
65005
65005.5
65006
65007.5
65009
65009.5
65011
65011.5
65012
65011.5
65011
65012
65013
65014
65015
65015.5
65017
65017.5
65018
65019
65020
65021.5
65023
65024
65025
65025.5
65027
65027.5
65028
65029
65030
65031.5
65032
65033.5
65034
65035.5
65037
65038
65039
65041.5
65044
65045.5
65046
65045.5
65048
65049.5
65050
65051.5
65053
65053.5
65055
65055.5
65056
65057.5
65059
65059.5
65060
65061.5
65062
65061.5
65064
65065.5
65066
65067.5
65068
65069.5
65071
65072.5
65073
65074.5
65076
65077.5
65078
65079.5
65080
65080.5
65082
65083.5
65085
65086
65087
65087.5
65089
65090
65091
65092
65093
65094
65095
65096
65097
65098
65099
65100
65101
65102
65103
65104
65105
65106
65107
65107.5
65108
65109.5
65110
65110.5
65112
65112.5
65113
65113.5
65114
65115.5
65116
65117.5
65118
65119.5
65120
65121.5
65123
65123.5
65125
65125.5
65126
65127.5
65128
65129.5
65130
65129.5
65129
65131.5
65131
65132
65133
65135.5
65138
65139.5
65140
65139.5
65139
65140
65141
65142
65143
65143.5
65144
65145
65146
65147.5
65149
65149.5
65150
65151
65152
65153
65154
65155
65156
65157
65158
65159
65160
65161
65162
65163
65164
65165
65166
65167
65168
65169
65170
65171
65172
65173
65174
65175
65176
65177
65178
65178.5
65179
65180.5
65182
65182.5
65183
65184.5
65186
65186.5
65187
65187.5
65188
65189
65190
65191
65192
65193.5
65195
65196.5
65197
65197.5
65198
65199.5
65200
65201.5
65203
65204.5
65206
65206.5
65207
65208.5
65210
65210.5
65212
65212.5
65213
65213.5
65215
65215.5
65217
65217.5
65219
65219.5
65221
65221.5
65223
65223.5
65225
65226.5
65228
65228.5
65230
65231
65232
65233
65234
65235
65236
65237
65238
65239
65240
65241
65242
65243
65244
65244.5
65246
65246.5
65248
65249
65250
65251
65252
65253
65254
65255
65256
65257
65258
65259
65260
65261
65262
65263
65264
65264.5
65266
65266.5
65267
65268.5
65269
65269.5
65270
65271.5
65273
65274.5
65275
65275.5
65277
65278.5
65280
65280.5
65281
65281.5
65283
65283.5
65285
65286.5
65288
65288.5
65290
65290.5
65292
65292.5
65293
65294.5
65296
65296.5
65297
65297.5
65298
65299
65300
65301
65302
65303
65304
65305.5
65306
65307
65308
65309
65310
65311
65312
65313.5
65314
65315.5
65317
65317.5
65319
65320.5
65322
65323
65324
65324.5
65325
65325.5
65327
65328.5
65329
65329.5
65330
65331.5
65333
65333.5
65334
65335
65336
65337
65338
65339
65340
65341
65342
65343
65344
65345.5
65347
65347.5
65348
65349.5
65351
65352.5
65354
65354.5
65356
65357
65358
65359
65360
65361
65362
65363
65364
65365
65366
65367
65368
65369
65370
65371
65372
65373
65374
65375
65376
65377
65378
65379
65380
65381
65382
65383
65384
65385.5
65387
65388
65389
65390
65391
65392
65393
65394
65395
65395.5
65396
65397
65398
65399
65400
65401
65402
65403
65404
65405
65406
65407
65408
65409
65410
65411
65412
65412.5
65413
65414.5
65416
65416.5
65417
65418.5
65419
65420.5
65421
65421.5
65423
65424.5
65425
65426.5
65427
65428.5
65429
65429.5
65430
65431
65432
65433
65434
65435
65436
65437
65438
65439
65440
65441
65442
65442.5
65443
65443.5
65445
65445.5
65446
65447.5
65449
65449.5
65451
65452.5
65453
65454.5
65456
65456.5
65457
65457.5
65458
65459
65460
65461
65462
65463
65464
65464.5
65465
65466.5
65468
65469
65470
65471
65472
65472.5
65473
65474.5
65475
65476.5
65477
65478
65479
65480
65481
65482
65483
65484
65485
65486
65487
65488
65489
65490.5
65491
65492
65493
65494
65495
65496
65497
65498
65499
65500
65501
65502
65503
65504
65505
65505.5
65506
65507.5
65509
65510
65511
65512
65513
65514
65515
65516.5
65517
65518.5
65519
65520
65521
65522.5
65524
65524.5
65526
65526.5
65528
65528.5
65530
65530.5
65531
65532.5
65533
65534.5
65536
65536.5
65537
65538
65539
65540
65541
65542
65543
65544
65545
65546
65547
65548
65549
65550
65551
65552
65553
65554
65555
65556
65557
65558
65559
65559.5
65561
65562
65563
65564
65565
65565.5
65567
65567.5
65569
65570
65571
65571.5
65573
65573.5
65575
65575.5
65576
65575.5
65575
65577.5
65577
65578
65579
65580
65581
65583.5
65586
65587.5
65589
65589.5
65591
65592
65593
65594
65595
65596
65597
65598
65599
65600
65601
65602.5
65604
65604.5
65605
65606
65607
65608
65609
65610
65611
65612.5
65614
65614.5
65616
65616.5
65617
65618.5
65619
65620
65621
65622
65623
65624
65625
65626.5
65627
65628.5
65629
65630
65631
65632
65633
65634
65635
65636
65637
65638
65639
65640
65641
65642
65643
65644.5
65645
65646
65647
65648
65649
65650
65651
65652
65653
65654
65655
65656
65657
65658
65659
65659.5
65661
65662
65663
65664
65665
65666
65667
65668
65669
65670.5
65672
65672.5
65673
65674
65675
65676
65677
65678
65679
65680
65681
65682
65683
65684
65685
65686.5
65687
65688.5
65689
65690.5
65691
65692.5
65693
65694
65695
65696
65697
65698
65699
65700
65701
65701.5
65703
65704
65705
65705.5
65707
65708
65709
65710
65711
65711.5
65712
65713.5
65714
65715.5
65716
65717.5
65719
65719.5
65720
65719.5
65722
65721.5
65721
65723.5
65726
65725.5
65725
65727.5
65730
65731.5
65732
65733.5
65735
65735.5
65736
65735.5
65735
65736
65737
65738
65739
65740
65741
65742
65743
65744
65745
65746
65747
65748
65749
65750
65751
65752
65753
65754
65755
65756
65757
65758
65759
65759.5
65761
65762
65763
65764
65765
65765.5
65766
65767
65768
65768.5
65769
65769.5
65771
65771.5
65773
65773.5
65774
65774.5
65776
65776.5
65778
65779.5
65780
65781.5
65783
65784.5
65786
65786.5
65787
65788.5
65790
65791
65792
65793
65794
65795
65796
65797
65798
65798.5
65799
65799.5
65800
65800.5
65801
65802
65803
65804
65805
65806.5
65808
65808.5
65809
65810
65811
65812
65813
65814
65815
65815
65815
65815.5
65817
65817.5
65819
65821
65821
65823
65823
65823.5
65825
65825.5
65827
65827.5
65828
65828.5
65829
65830.5
65831
65832.5
65834
65834.5
65835
65836.5
65837
65838
65839
65840
65841
65842.5
65844
65845.5
65846
65846.5
65848
65848.5
65850
65850.5
65852
65852.5
65854
65854.5
65856
65856.5
65858
65859.5
65860
65861.5
65863
65863.5
65864
65865.5
65866
65867.5
65869
65871
65871
65871.5
65872
65873.5
65875
65877
65877
65879
65881
65882
65883
65884
65885
65886
65887
65888
65889
65890
65891
65892
65893
65894
65895
65896
65897
65898.5
65899
65900.5
65902
65902.5
65904
65905.5
65906
65907.5
65908
65908.5
65909
65910
65911
65912
65913
65914.5
65916
65916.5
65918
65919.5
65920
65921.5
65922
65923.5
65924
65925.5
65927
65927.5
65928
65929.5
65931
65931.5
65932
65933.5
65935
65935.5
65937
65938.5
65940
65940.5
65941
65942.5
65944
65945
65946
65946.5
65948
65948.5
65949
65950.5
65952
65952.5
65954
65954.5
65956
65957
65958
65959
65960
65961.5
65963
65964
65965
65965.5
65966
65967.5
65969
65969.5
65970
65971
65972
65973.5
65975
65975.5
65976
65977
65978
65979
65980
65981.5
65983
65983.5
65984
65985.5
65987
65988
65989
65989.5
65991
65992
65993
65994
65995
65996
65997
65998
65999
66000
66001
66002
66003
66004
66005
66005.5
66006
66007
66008
66009
66010
66010.5
66011
66012.5
66014
66015
66016
66017.5
66018
66019
66020
66021.5
66022
66023
66024
66025
66026
66026.5
66027
66028.5
66029
66030.5
66032
66032.5
66034
66034.5
66035
66036.5
66037
66037.5
66039
66039.5
66041
66042.5
66043
66044.5
66046
66046.5
66047
66048.5
66050
66050.5
66051
66052.5
66054
66055
66056
66057
66058
66059.5
66060
66061.5
66062
66063
66064
66064.5
66065
66066.5
66068
66069
66070
66071
66072
66073
66074
66075
66076
66077.5
66079
66079.5
66081
66081.5
66083
66084
66085
66085.5
66086
66087
66088
66088.5
66090
66090.5
66092
66092.5
66093
66093.5
66095
66095.5
66097
66098.5
66100
66101
66102
66103
66104
66105
66106
66107
66108
66108.5
66110
66111
66112
66113.5
66114
66115
66116
66117
66118
66118.5
66119
66120.5
66121
66122.5
66124
66124.5
66125
66126.5
66127
66128.5
66130
66131
66132
66133.5
66134
66135
66136
66137
66138
66139
66140
66140.5
66142
66142.5
66144
66145
66146
66147.5
66148
66149.5
66150
66151
66152
66153.5
66154
66155
66156
66157
66158
66159.5
66161
66161.5
66162
66163.5
66164
66165
66166
66167
66168
66169
66170
66171
66172
66173
66174
66175.5
66176
66177
66178
66179.5
66180
66181.5
66183
66184
66185
66186
66187
66188
66189
66190
66191
66191.5
66193
66193.5
66195
66195.5
66196
66197
66198
66198.5
66200
66201
66202
66203
66204
66204.5
66205
66206.5
66207
66207.5
66208
66209.5
66211
66211.5
66212
66213.5
66214
66214.5
66215
66216
66217
66218
66219
66220
66221
66221
66223
66223
66225
66225
66227
66228
66229
66230
66231
66232
66233
66234
66235
66235
66235
66235.5
66237
66237.5
66238
66239.5
66241
66243
66243
66245
66245
66245.5
66247
66247.5
66248
66248.5
66250
66250.5
66251
66252.5
66253
66254
66255
66255.5
66256
66256.5
66258
66259.5
66260
66260.5
66262
66262.5
66264
66264.5
66266
66266.5
66268
66269.5
66271
66272
66273
66273.5
66274
66274.5
66276
66277.5
66278
66279.5
66281
66282
66283
66283.5
66284
66285.5
66286
66287.5
66288
66288.5
66290
66290.5
66292
66292.5
66293
66294
66295
66296
66297
66297.5
66298
66298.5
66299
66300
66301
66301.5
66302
66303.5
66304
66305
66306
66306.5
66307
66308.5
66310
66311
66312
66313.5
66315
66316
66317
66318
66319
66320
66321
66322
66323
66323.5
66325
66325.5
66327
66327.5
66328
66329.5
66330
66331
66332
66333
66334
66335.5
66336
66337
66338
66339
66340
66341
66342
66343
66344
66345
66346
66346.5
66347
66348.5
66349
66350.5
66352
66353
66354
66354.5
66355
66356.5
66357
66357.5
66358
66359.5
66361
66362.5
66363
66364.5
66366
66367
66368
66368.5
66369
66369.5
66371
66372.5
66373
66374.5
66376
66377
66378
66379
66380
66380.5
66382
66382.5
66383
66383.5
66385
66386.5
66387
66388.5
66389
66390.5
66392
66393
66394
66394.5
66396
66396.5
66397
66397.5
66399
66400.5
66402
66402.5
66403
66403.5
66405
66405.5
66406
66407.5
66408
66409
66410
66411
66412
66413.5
66414
66415
66416
66417.5
66419
66419.5
66420
66421
66422
66423
66424
66424.5
66425
66425.5
66427
66427.5
66428
66429.5
66430
66431.5
66433
66434.5
66436
66437
66438
66438.5
66440
66441
66442
66443
66444
66445
66446
66447
66448
66449
66450
66451
66452
66453
66454
66455
66456
66456.5
66458
66459
66460
66461
66462
66463.5
66465
66466.5
66467
66467.5
66469
66469.5
66471
66471.5
66472
66473
66474
66475
66476
66477
66478
66479
66480
66481.5
66482
66483
66484
66485
66486
66487
66488
66489
66490
66490.5
66492
66493
66494
66495
66496
66496.5
66497
66497.5
66498
66499.5
66500
66501.5
66502
66502.5
66504
66505.5
66506
66507.5
66508
66508.5
66510
66511.5
66512
66512.5
66513
66514.5
66516
66516.5
66517
66518.5
66520
66521.5
66523
66524.5
66526
66527
66528
66528.5
66530
66531
66532
66533
66534
66534.5
66535
66536.5
66538
66539
66540
66541
66542
66542.5
66543
66543.5
66544
66544.5
66546
66547.5
66548
66548.5
66549
66550.5
66551
66552.5
66554
66554.5
66556
66557.5
66558
66559.5
66560
66560.5
66561
66562.5
66563
66563.5
66564
66565.5
66567
66567.5
66568
66569
66570
66571
66572
66573
66574
66574.5
66576
66576.5
66578
66579
66580
66581
66582
66583.5
66585
66585.5
66586
66587
66588
66589
66590
66590.5
66592
66592.5
66593
66594.5
66596
66596.5
66597
66597
66597
66596.5
66599
66601
66601
66603
66605
66606.5
66607
66608.5
66609
66609
66611
66612.5
66614
66615
66616
66616.5
66618
66619
66620
66621
66622
66623
66624
66624.5
66625
66626.5
66628
66628.5
66629
66629
66631
66631
66631
66630.5
66630
66632.5
66635
66637
66637
66639
66639
66641
66643
66644.5
66646
66646.5
66647
66647
66647
66646.5
66649
66651
66651
66650.5
66650
66651
66652
66653
66654
66654.5
66655
66656
66657
66658.5
66659
66660.5
66661
66662.5
66663
66664
66665
66666
66667
66668
66669
66669.5
66670
66671.5
66673
66674
66675
66676
66677
66678.5
66679
66680.5
66681
66682
66683
66683.5
66684
66684
66686
66686
66688
66688
66690
66691.5
66693
66693.5
66694
66694
66694
66694.5
66695
66696
66697
66698
66699
66699.5
66700
66701.5
66702
66703.5
66705
66706
66707
66708
66709
66710
66711
66712
66713
66714.5
66716
66716.5
66717
66718.5
66719
66720
66721
66722
66723
66724
66725
66726.5
66728
66728.5
66730
66730.5
66732
66732.5
66734
66734.5
66735
66736
66737
66738
66739
66740
66741
66742
66743
66744
66745
66746
66747
66748
66749
66750
66751
66752
66753
66754
66755
66756
66757
66758
66759
66760
66761
66762
66763
66764
66765
66766
66767
66768
66769
66769.5
66770
66771
66772
66773
66774
66775
66776
66777
66778
66779
66780
66781
66782
66782.5
66784
66785
66786
66787
66788
66789
66790
66791
66792
66793
66794
66795
66796
66797
66798
66799
66800
66801
66802
66803
66804
66805
66806
66806.5
66807
66808.5
66810
66810.5
66812
66812.5
66814
66815
66816
66817
66818
66819
66820
66820.5
66822
66822.5
66823
66824
66825
66825.5
66826
66827
66828
66829
66830
66831
66832
66833
66834
66835.5
66837
66837.5
66839
66839.5
66841
66842
66843
66844.5
66846
66846.5
66847
66848.5
66850
66850.5
66851
66852
66853
66854
66855
66856
66857
66857.5
66859
66859.5
66860
66861
66862
66863
66864
66865
66866
66866.5
66867
66868.5
66870
66870.5
66871
66872.5
66874
66874.5
66875
66875.5
66877
66877.5
66879
66879.5
66880
66881.5
66882
66883.5
66885
66886.5
66887
66887.5
66888
66889
66890
66890.5
66892
66892.5
66894
66895
66896
66897
66898
66899
66900
66901
66902
66902.5
66903
66903.5
66905
66906.5
66907
66907.5
66908
66908.5
66910
66910.5
66912
66913.5
66915
66915.5
66916
66916.5
66918
66919.5
66920
66920.5
66921
66922
66923
66924
66925
66926
66927
66928
66929
66930
66931
66932
66933
66934
66935
66936.5
66938
66939.5
66941
66942.5
66944
66945
66946
66947
66948
66948.5
66950
66950.5
66952
66953
66954
66955.5
66956
66957.5
66959
66959.5
66960
66961
66962
66962.5
66964
66965
66966
66967
66968
66968.5
66969
66970.5
66972
66972.5
66973
66973.5
66974
66975.5
66977
66977.5
66978
66978.5
66979
66980.5
66982
66983.5
66985
66985.5
66986
66986.5
66988
66989.5
66991
66991.5
66992
66992.5
66994
66995.5
66996
66997.5
66999
67000.5
67002
67002.5
67004
67004.5
67005
67006.5
67007
67008.5
67009
67010.5
67012
67013
67014
67014.5
67015
67015.5
67016
67017.5
67018
67018.5
67020
67021.5
67022
67022.5
67024
67024.5
67025
67026
67027
67028
67029
67030
67031
67032
67033
67034
67035
67036
67037
67038
67039
67040
67041
67042
67043
67044
67045
67046
67047
67048
67049
67050
67051
67052
67053
67054
67055
67056
67057
67058
67059
67060
67061
67062
67063
67064
67065
67066
67067
67068
67069
67070
67071
67072
67073
67074
67075
67075.5
67076
67077
67078
67078
67080
67081
67082
67083.5
67084
67085
67086
67086
67086
67087
67088
67089
67090
67091
67092
67093
67094
67094.5
67096
67097
67098
67098.5
67099
67100
67101
67102
67103
67104
67105
67106
67107
67108
67109
67109.5
67110
67111.5
67113
67113.5
67114
67115.5
67116
67116.5
67117
67118.5
67120
67120.5
67121
67122
67123
67124.5
67125
67126
67127
67127.5
67129
67130
67131
67132.5
67133
67134
67135
67135.5
67137
67138
67139
67139.5
67141
67142
67143
67144.5
67146
67147.5
67149
67149.5
67151
67151.5
67152
67153.5
67154
67155.5
67156
67156.5
67158
67159.5
67160
67161.5
67162
67162.5
67163
67164
67165
67166
67167
67168
67169
67169.5
67171
67172
67173
67174
67175
67176
67177
67178
67179
67180.5
67181
67182.5
67183
67184
67185
67186
67187
67188
67189
67190
67191
67192
67193
67194
67195
67196
67197
67198
67199
67200.5
67201
67202.5
67203
67204
67205
67205.5
67207
67207.5
67209
67210
67211
67212
67213
67214
67215
67216
67217
67218.5
67219
67220
67221
67221.5
67222
67223.5
67225
67225.5
67227
67228
67229
67230
67231
67231.5
67233
67233.5
67234
67235.5
67237
67237.5
67238
67238.5
67240
67241.5
67242
67242.5
67243
67244
67245
67246
67247
67248
67249
67250
67251
67252
67253
67254
67255
67256
67257
67258
67259
67260
67261
67261.5
67263
67263.5
67264
67265.5
67267
67267.5
67268
67269.5
67271
67272
67273
67274
67275
67276
67277
67278
67279
67279.5
67281
67281.5
67282
67283.5
67285
67286
67287
67288
67289
67290
67291
67292
67293
67294
67295
67296
67297
67298
67299
67300
67301
67302
67303
67304
67305
67305.5
67306
67307.5
67309
67309.5
67311
67312
67313
67314
67315
67315.5
67317
67318
67319
67320
67321
67322
67323
67324
67325
67326
67327
67328
67329
67330
67331
67332
67333
67334
67335
67336
67337
67338
67339
67340
67341
67342
67343
67344
67345
67346
67347
67348
67349
67350
67351
67352
67353
67354
67355
67356
67357
67358
67359
67360
67361
67362
67363
67364
67365
67366
67367
67368
67369
67370
67371
67372
67373
67374
67375
67376
67377
67377.5
67378
67379.5
67380
67381.5
67383
67384
67385
67386
67387
67388
67389
67390
67391
67391.5
67392
67393
67394
67395
67396
67397
67398
67399
67400
67399.5
67399
67400
67401
67402
67403
67405.5
67408
67407.5
67407
67408
67409
67410
67411
67412
67413
67414
67415
67416
67417
67418
67419
67420
67421
67422
67423
67424
67425
67427.5
67430
67429.5
67432
67433
67434
67435.5
67436
67437.5
67438
67439.5
67441
67441.5
67443
67444
67445
67446
67447
67448
67449
67450
67451
67452
67453
67454
67455
67456
67457
67458
67459
67459.5
67461
67462
67463
67464
67465
67466
67467
67468
67469
67470
67471
67471.5
67472
67473.5
67474
67475
67476
67477.5
67478
67479.5
67481
67481.5
67483
67483.5
67484
67485
67486
67487.5
67488
67489.5
67491
67492
67493
67494
67495
67496
67497
67498
67499
67500
67501
67502
67503
67504
67505
67506
67507
67508
67509
67510
67511
67512
67513
67514
67515
67516
67517
67518
67519
67520
67521
67522
67523
67524
67525
67526
67527
67528
67529
67530
67531
67532
67533
67534
67535
67536
67537
67538
67539
67540
67541
67541.5
67543
67543.5
67544
67545
67546
67545.5
67548
67549
67550
67549.5
67552
67553
67554
67553.5
67553
67555.5
67555
67557.5
67560
67559.5
67559
67560
67561
67562
67563
67564
67565
67566
67567
67568
67569
67570
67571
67572
67573
67574
67575
67576
67577
67578
67579
67581.5
67584
67585
67586
67587.5
67589
67589.5
67590
67591.5
67593
67593.5
67594
67595.5
67597
67598
67599
67600
67601
67601.5
67603
67604
67605
67605.5
67606
67607
67608
67609
67610
67611.5
67612
67613.5
67615
67615.5
67617
67617.5
67618
67619
67620
67619.5
67622
67621.5
67621
67622
67623
67624
67625
67626
67627
67628
67629
67630
67631
67632
67633
67634
67635
67636
67637
67638
67639
67640
67641
67641
67641
67643
67643
67643.5
67645
67647
67647
67649
67649
67649.5
67651
67651.5
67653
67653.5
67655
67657
67659
67659
67659
67659.5
67660
67661.5
67663
67665
67667
67668
67669
67670
67671
67672
67673
67674
67675
67676
67677
67677
67679
67680
67681
67681
67681
67681.5
67682
67682.5
67683
67684.5
67686
67687.5
67689
67691
67693
67694
67695
67696
67697
67698
67699
67700
67701
67702
67703
67704
67705
67706
67707
67708
67709
67710
67711
67712
67713
67714
67715
67717.5
67720
67721
67722
67721.5
67721
67722
67723
67725.5
67725
67726
67727
67729.5
67732
67733
67734
67735
67736
67735.5
67735
67737.5
67737
67739.5
67742
67741.5
67741
67743.5
67746
67747
67748
67749
67750
67751
67752
67753
67754
67753.5
67753
67755.5
67758
67757.5
67760
67761
67762
67761.5
67764
67763.5
67766
67765.5
67768
67767.5
67767
67769.5
67772
67773
67774
67775.5
67776
67777
67778
67777.5
67780
67781
67782
67783.5
67784
67785.5
67786
67787
67788
67789.5
67790
67791.5
67792
67793.5
67795
67795.5
67796
67797.5
67798
67799
67800
67799.5
67799
67800
67801
67802
67803
67804
67805
67806
67807
67808
67809
67811.5
67811
67813.5
67816
67815.5
67818
67817.5
67820
67821
67822
67821.5
67821
67823.5
67826
67825.5
67825
67827.5
67827
67828
67829
67830
67831
67832
67833
67834
67835
67836
67837
67838
67839
67840
67841
67842
67843
67844
67845
67846
67847
67847
67849
67850
67851
67851
67853
67854
67855
67856
67857
67858
67859
67860
67861
67861
67861
67863
67863
67863.5
67864
67864.5
67866
67867.5
67868
67869.5
67871
67871.5
67872
67872.5
67873
67873.5
67874
67875
67876
67877
67878
67878.5
67879
67880.5
67882
67883
67884
67884.5
67886
67886.5
67887
67887.5
67888
67888.5
67889
67890.5
67892
67893.5
67895
67895.5
67896
67896.5
67898
67899.5
67901
67902.5
67904
67904.5
67906
67906.5
67908
67909
67910
67911
67912
67913
67914
67914.5
67915
67916.5
67918
67919
67920
67921.5
67923
67924.5
67926
67927.5
67928
67929.5
67931
67933
67935
67935
67937
67937
67939
67939
67939
67939.5
67941
67941.5
67942
67942.5
67944
67945.5
67946
67947.5
67948
67948.5
67949
67950.5
67952
67952.5
67954
67954.5
67956
67956.5
67957
67958.5
67960
67960.5
67962
67963.5
67964
67965.5
67966
67966.5
67967
67967.5
67968
67969
67970
67970.5
67972
67973
67974
67975
67976
67977
67978
67978.5
67980
67980.5
67981
67982.5
67983
67983.5
67985
67985.5
67987
67987.5
67988
67988.5
67990
67991.5
67993
67994.5
67996
67997
67998
67999.5
68001
68002.5
68003
68004.5
68005
68005.5
68006
68007.5
68009
68009.5
68011
68012.5
68013
68013.5
68014
68015
68016
68017
68018
68019
68020
68021.5
68022
68023
68024
68025.5
68027
68027.5
68028
68029.5
68031
68032.5
68034
68035.5
68036
68037.5
68038
68039.5
68040
68040.5
68041
68042.5
68043
68043.5
68044
68045.5
68046
68047.5
68048
68049.5
68050
68051
68052
68053
68054
68054.5
68056
68056.5
68057
68058.5
68060
68061
68062
68062.5
68064
68064.5
68066
68066.5
68068
68068.5
68070
68070.5
68072
68073
68074
68075.5
68077
68077.5
68079
68079.5
68080
68081.5
68083
68084.5
68086
68086.5
68088
68089.5
68090
68090.5
68091
68091.5
68093
68093.5
68094
68095.5
68096
68097.5
68098
68099.5
68100
68101
68102
68103
68104
68104.5
68105
68105.5
68107
68107.5
68108
68108.5
68109
68109
68109
68111
68111
68112
68113
68115
68117
68118.5
68119
68119
68119
68120
68121
68122
68123
68124
68125
68126
68127
68128
68129
68131
68131
68133
68133
68134
68135
68136
68137
68138
68139
68140
68141
68141.5
68143
68143.5
68145
68145.5
68146
68147.5
68149
68149.5
68151
68152
68153
68154
68155
68155.5
68156
68157.5
68159
68159.5
68161
68161.5
68163
68163.5
68165
68165.5
68166
68167
68168
68169.5
68171
68171.5
68172
68173.5
68175
68175.5
68177
68177.5
68179
68179.5
68180
68181
68182
68183.5
68185
68185.5
68186
68187.5
68189
68190
68191
68191.5
68193
68194
68195
68196
68197
68198
68199
68200
68201
68202
68203
68204
68205
68205.5
68207
68207.5
68209
68210
68211
68212
68213
68214
68215
68216
68217
68218
68219
68220
68221
68222
68223
68224
68225
68226
68227
68227.5
68229
68230
68231
68232
68233
68234
68235
68236
68237
68238
68239
68240
68241
68241.5
68242
68243
68244
68245
68246
68247
68248
68249
68250
68251
68252
68253
68254
68255
68256
68257
68258
68258.5
68260
68260.5
68262
68262.5
68263
68263.5
68265
68265.5
68267
68268.5
68270
68270.5
68271
68271.5
68273
68273.5
68275
68275.5
68277
68278.5
68280
68281
68282
68283
68284
68285
68286
68287
68288
68289
68290
68290.5
68291
68291.5
68293
68294.5
68295
68295.5
68297
68298.5
68300
68300.5
68301
68301.5
68302
68302.5
68303
68304
68305
68305.5
68307
68307.5
68308
68308.5
68310
68311.5
68313
68313.5
68315
68315.5
68317
68318
68319
68320
68321
68322
68323
68324
68325
68326
68327
68327.5
68328
68328.5
68329
68330
68331
68332.5
68334
68334.5
68335
68336
68337
68338
68339
68340
68341
68342
68343
68343.5
68344
68345
68346
68347.5
68349
68349.5
68350
68351
68352
68353.5
68355
68356
68357
68357.5
68358
68359
68360
68361
68362
68363
68364
68365
68366
68367
68368
68369.5
68371
68372
68373
68373.5
68374
68375.5
68376
68377.5
68379
68380
68381
68382
68383
68384
68385
68385.5
68386
68387.5
68389
68389.5
68391
68391.5
68393
68394
68395
68396
68397
68397.5
68399
68399.5
68400
68401.5
68402
68403
68404
68405
68406
68407
68408
68409
68410
68410.5
68412
68413
68414
68415
68416
68417
68418
68418.5
68420
68420.5
68421
68422
68423
68424
68425
68426
68427
68428
68429
68430
68431
68432
68433
68434.5
68436
68436.5
68438
68438.5
68440
68440.5
68442
68442.5
68443
68444.5
68446
68447
68448
68448.5
68449
68450
68451
68452
68453
68454
68455
68456.5
68457
68458
68459
68460
68461
68462.5
68463
68464
68465
68466
68467
68468
68469
68470
68471
68471
68473
68473
68475
68476
68477
68478
68479
68479
68481
68481
68483
68484
68485
68486
68487
68488
68489
68490
68491
68492
68493
68494
68495
68496
68497
68498
68499
68500
68501
68502
68503
68504
68505
68506
68507
68508
68509
68510
68511
68512
68513
68514
68515
68516
68517
68518
68519
68520
68521
68522
68523
68524
68525
68526
68527
68528.5
68530
68530.5
68531
68532
68533
68534
68535
68536
68537
68538
68539
68540
68541
68542.5
68543
68544
68545
68546.5
68547
68548.5
68549
68550
68551
68552.5
68553
68554
68555
68556
68557
68558
68559
68560
68561
68562
68563
68564
68565
68566.5
68567
68568
68569
68570
68571
68572
68573
68574
68575
68576
68577
68578
68579
68580
68581
68582
68583
68583
68583
68584
68585
68587
68587
68588
68589
68590
68591
68591.5
68593
68593.5
68595
68596
68597
68599
68599
68600
68601
68601.5
68603
68604
68605
68606
68607
68607.5
68609
68609.5
68611
68612
68613
68614
68615
68616
68617
68618
68619
68620
68621
68623
68623
68625
68627
68627
68629
68630
68631
68631
68633
68634
68635
68636
68637
68638
68639
68640
68641
68642
68643
68644
68645
68646.5
68648
68648.5
68650
68650.5
68651
68652
68653
68654.5
68655
68656.5
68658
68658.5
68660
68661
68662
68662.5
68663
68664
68665
68666.5
68667
68668
68669
68670.5
68672
68672.5
68674
68674.5
68676
68677
68678
68679
68680
68681
68682
68683
68684
68685.5
68687
68687.5
68688
68689
68690
68691
68692
68693.5
68695
68695.5
68696
68697
68698
68699
68700
68701
68702
68703.5
68704
68705.5
68706
68707
68708
68709
68710
68711.5
68713
68714
68715
68716.5
68717
68718
68719
68720
68721
68722
68723
68724
68725
68726
68727
68727.5
68729
68730
68731
68732.5
68734
68734.5
68736
68736.5
68738
68738.5
68739
68740
68741
68742
68743
68744
68745
68745.5
68747
68748
68749
68749.5
68751
68752
68753
68753.5
68754
68755
68756
68757
68758
68759
68760
68760.5
68762
68762.5
68763
68764.5
68766
68766.5
68767
68768.5
68770
68770.5
68772
68773
68774
68775
68776
68777
68778
68779
68780
68780.5
68781
68782
68783
68784
68785
68786
68787
68788
68789
68790
68791
68792
68793
68794
68795
68796
68797
68798
68799
68800
68801
68802
68803
68804
68805
68806
68807
68808
68809
68810
68811
68812
68813
68814
68815
68816
68817
68818
68819
68820
68821
68822
68823
68824
68825
68826
68827
68828
68829
68830
68831
68832
68833
68834
68835
68836
68837
68838
68839
68840
68841
68842
68843
68844
68845
68846
68847
68848
68849
68850
68851
68852
68853
68854
68855
68856
68857
68858.5
68859
68860.5
68862
68863
68864
68864.5
68865
68866
68867
68868
68869
68870
68871
68872
68873
68874
68875
68876
68877
68878
68879
68880
68881
68882
68883
68884
68885
68886
68887
68888
68889
68890
68891
68892
68893
68894.5
68895
68896
68897
68898
68899
68900
68901
68902
68903
68904
68905
68906
68907
68908
68909
68910
68911
68912
68913
68914
68915
68915
68915
68917
68919
68919
68919
68921
68923
68923
68923
68925
68925
68926
68927
68929
68931
68931
68931
68933
68933
68934
68935
68936
68937
68938
68939
68941
68941
68942
68943
68945
68947
68947
68947
68949
68949
68951
68953
68954
68955
68956
68957
68958
68959
68960
68961
68962
68963
68964
68965
68965
68965
68967
68967
68968
68969
68969.5
68970
68971.5
68973
68973.5
68975
68975.5
68977
68977.5
68978
68978
68978
68980
68980
68982
68984
68984
68984
68986
68986
68988
68988
68989
68990
68992
68992
68993
68994
68995
68996
68997
68998
68999
69000
69001
69002
69003
69004
69005
69006
69007
69008
69009
69010
69011
69012
69013
69014
69015
69016
69017
69018
69018.5
69019
69020.5
69021
69022
69023
69024
69025
69026
69027
69028
69029
69029
69029
69029.5
69031
69031.5
69033
69033.5
69034
69035
69036
69037.5
69039
69041
69043
69044
69045
69046
69047
69048
69049
69049
69049
69049.5
69050
69051.5
69053
69053.5
69054
69055
69056
69056
69056
69058
69060
69060
69060
69060.5
69061
69061.5
69062
69063
69064
69065
69066
69067
69068
69068.5
69069
69070
69071
69072
69073
69074
69075
69076
69077
69078
69079
69080
69081
69082
69083
69084
69085
69086.5
69088
69088.5
69089
69090.5
69091
69092.5
69094
69094.5
69095
69096.5
69098
69099
69100
69101
69102
69102.5
69103
69104.5
69105
69106
69107
69108
69109
69110
69111
69112
69113
69114
69115
69116
69117
69117.5
69119
69119.5
69121
69121.5
69122
69122.5
69123
69124
69125
69126
69127
69128
69129
69129.5
69130
69131
69132
69133.5
69135
69135.5
69137
69137.5
69139
69139.5
69141
69141.5
69142
69143
69144
69145
69146
69147
69148
69149
69150
69151
69152
69152
69154
69154
69154
69156
69156
69158
69160
69161
69162
69162
69162
69163
69164
69165
69166
69167
69168
69169
69170
69170
69172
69172
69174
69174
69176
69177
69178
69179
69180
69181
69182
69183
69184
69185
69186
69187
69188
69189
69190
69191
69192
69193
69194
69195
69196
69197
69198
69199
69200
69201
69202
69203
69204
69205
69206
69207
69208
69208
69208
69209
69210
69211
69212
69213
69214
69215
69216
69216.5
69218
69218.5
69219
69220
69221
69222.5
69223
69224
69225
69226.5
69228
69228.5
69230
69231
69232
69233
69234
69234.5
69235
69236
69237
69237
69239
69240
69241
69242
69243
69244
69245
69246
69247
69248
69249
69250
69251
69252
69253
69254
69255
69256
69257
69258
69259
69260
69261
69261
69263
69263
69263
69265
69265
69267
69269
69269
69271
69271
69271
69273
69273
69274
69275
69276
69277
69278
69279
69280
69281
69282
69283
69284
69285
69286
69287
69288
69289
69290
69291
69291.5
69293
69293.5
69294
69295.5
69296
69297.5
69299
69299.5
69301
69301.5
69303
69303.5
69304
69305
69306
69307.5
69308
69309
69310
69311
69312
69313
69314
69314.5
69315
69316.5
69317
69318.5
69320
69321
69322
69323.5
69324
69325
69326
69327
69328
69329.5
69330
69331
69332
69332.5
69334
69334.5
69335
69336.5
69338
69338.5
69340
69340.5
69342
69343
69344
69344.5
69345
69346
69347
69348
69349
69350
69351
69352
69353
69354
69355
69356
69357
69358
69359
69360
69361
69362
69363
69363.5
69365
69365.5
69367
69367.5
69368
69368.5
69369
69370
69371
69372.5
69374
69374.5
69375
69376
69377
69378
69379
69380.5
69382
69383.5
69384
69384.5
69386
69386.5
69387
69388.5
69390
69390.5
69391
69392.5
69393
69394
69395
69395
69395
69397
69399
69399
69401
69401
69401
69403
69403
69404
69405
69406
69407
69408
69409
69410
69411
69411.5
69413
69413.5
69414
69415.5
69417
69418
69419
69419.5
69420
69421
69422
69423
69424
69425
69426
69427
69428
69428.5
69429
69429
69429
69429.5
69430
69431.5
69432
69432.5
69433
69434
69435
69435.5
69437
69438
69439
69440
69441
69442
69443
69444
69445
69446.5
69447
69448.5
69449
69450.5
69451
69452
69453
69453.5
69454
69455.5
69457
69458
69459
69460
69461
69462.5
69463
69464.5
69466
69467.5
69468
69468.5
69469
69470
69471
69472
69473
69474
69475
69476
69477
69478.5
69479
69480
69481
69482
69483
69483.5
69484
69484.5
69485
69486.5
69487
69488.5
69489
69490.5
69491
69491.5
69492
69493.5
69495
69496.5
69498
69498.5
69499
69500.5
69502
69502.5
69504
69505.5
69506
69506.5
69507
69507.5
69508
69509.5
69510
69511
69512
69512.5
69513
69513.5
69515
69516.5
69517
69518.5
69519
69519.5
69520
69521
69522
69523
69524
69525.5
69527
69528.5
69529
69529.5
69530
69531.5
69532
69533
69534
69535
69536
69536
69536
69537
69538
69539
69540
69541
69542
69543
69544
69544.5
69545
69545.5
69546
69547.5
69549
69549.5
69550
69551
69552
69553.5
69554
69555.5
69557
69558.5
69559
69559.5
69560
69561
69562
69563.5
69564
69565
69566
69567.5
69569
69570.5
69572
69573
69574
69574.5
69575
69576.5
69577
69577.5
69578
69579
69580
69581
69582
69583.5
69584
69585
69586
69586
69586
69587
69588
69589
69590
69591
69592
69592.5
69594
69595
69596
69597
69598
69599
69600
69601
69602
69603
69604
69605
69606
69607
69608
69609
69610
69611
69612
69613
69614
69615
69616
69616.5
69617
69618
69619
69620.5
69622
69623
69624
69625
69626
69627
69628
69629
69630
69631
69632
69632.5
69634
69634.5
69635
69636.5
69638
69638.5
69639
69640.5
69642
69642.5
69643
69644.5
69646
69646.5
69647
69648.5
69650
69650.5
69652
69653
69654
69654.5
69655
69656.5
69657
69658
69659
69660.5
69662
69663
69664
69665
69666
69667
69668
69669
69670
69671
69672
69673
69674
69674.5
69675
69676.5
69678
69679
69680
69681
69682
69683
69684
69685
69686
69687
69688
69689
69690
69691
69692
69693
69694
69695
69696
69697
69698
69699
69700
69700.5
69701
69702
69703
69704.5
69706
69706.5
69707
69708.5
69709
69710
69711
69712
69713
69714
69715
69716.5
69717
69718.5
69719
69720.5
69721
69722.5
69723
69724
69725
69726
69727
69728
69729
69730
69731
69732
69733
69734.5
69736
69736.5
69737
69738
69739
69739
69739
69741
69743
69743
69745
69745
69747
69747
69747
69747.5
69748
69749.5
69750
69750
69750
69750
69750
69750.5
69751
69752.5
69753
69754
69755
69756
69757
69758
69759
69760.5
69761
69762
69763
69764.5
69765
69766.5
69768
69768.5
69769
69770
69771
69772
69773
69773
69775
69775
69777
69778
69779
69780.5
69781
69782
69783
69784
69785
69786
69787
69788
69789
69789
69791
69791
69791
69793
69793
69795
69797
69797
69797
69798
69799
69800
69801
69802
69803
69804
69805
69806
69807
69808
69809
69810
69811
69812
69813
69814
69815
69816
69817
69818
69819
69818.5
69818
69820.5
69823
69822.5
69822
69824.5
69827
69826.5
69826
69826.5
69828
69830.5
69830
69830.5
69831
69831.5
69832
69832.5
69833
69834.5
69835
69836.5
69837
69838
69839
69840
69841
69842
69843
69844
69845
69846
69847
69848
69849
69850
69851
69852
69853
69854
69855
69856
69857
69858
69859
69860
69861
69862
69863
69864
69865
69865.5
69867
69868
69869
69870
69871
69872
69873
69874
69875
69876
69877
69878
69879
69880.5
69881
69882.5
69883
69884
69885
69886.5
69888
69888.5
69890
69890.5
69892
69892.5
69893
69894
69895
69896
69897
69898
69899
69900
69901
69902
69903
69904.5
69905
69906.5
69908
69909.5
69910
69911.5
69913
69913.5
69914
69915.5
69917
69918.5
69920
69922.5
69922
69924.5
69924
69924.5
69925
69925.5
69926
69926.5
69928
69929.5
69930
69931.5
69932
69933.5
69934
69934.5
69936
69936.5
69937
69938.5
69940
69941.5
69943
69944.5
69946
69948.5
69951
69950.5
69950
69950.5
69951
69952.5
69954
69954.5
69955
69956.5
69957
69957.5
69958
69959.5
69960
69961.5
69962
69962.5
69963
69964
69965
69966
69967
69968
69969
69970
69971
69972
69973
69974
69975
69976
69977
69978.5
69980
69980.5
69982
69982.5
69984
69984.5
69986
69986.5
69987
69988.5
69990
69991.5
69993
69994.5
69995
69995.5
69996
69997.5
69999
70000.5
70002
70004.5
70007
70008
70009
70010
70011
70012
70013
70014
70015
70016
70017
70018
70019
70020
70021
70022
70023
70024
70025
70026
70027
70026.5
70026
70028.5
70028
70028.5
70029
70030.5
70031
70032.5
70033
70033.5
70035
70035.5
70036
70036.5
70038
70039.5
70040
70041.5
70043
70044.5
70046
70048.5
70048
70048.5
70049
70049.5
70051
70052.5
70053
70053.5
70054
70054.5
70055
70056
70057
70058
70059
70060
70061
70062
70063
70064
70065
70066
70067
70068.5
70069
70070.5
70071
70072.5
70073
70074.5
70075
70076.5
70078
70078.5
70080
70081.5
70082
70082.5
70084
70084.5
70086
70086.5
70088
70088.5
70090
70090.5
70091
70092
70093
70094
70095
70096
70097
70098
70099
70100.5
70102
70102.5
70104
70104.5
70105
70106
70107
70108.5
70110
70110.5
70111
70112
70113
70114
70115
70116
70117
70118
70119
70120
70121
70122
70123
70124
70125
70126
70127
70128
70129
70130
70131
70132
70133
70134
70135
70136
70137
70137.5
70138
70139.5
70141
70141.5
70143
70144
70145
70146
70147
70148
70149
70150
70151
70152
70153
70154
70155
70156
70157
70158
70159
70160
70161
70162
70163
70163.5
70165
70165.5
70166
70167.5
70168
70169
70170
70171
70172
70173
70174
70175
70176
70177.5
70179
70180
70181
70182
70183
70184
70185
70186
70187
70188
70189
70190
70191
70192
70193
70194
70195
70196
70197
70198
70199
70199.5
70200
70201.5
70202
70203.5
70205
70206
70207
70208
70209
70209.5
70210
70211
70212
70213
70214
70215
70216
70217.5
70218
70219
70220
70221
70222
70223
70224
70225
70226
70226.5
70227
70228
70229
70230
70231
70232
70233
70234
70235
70236
70237
70237.5
70238
70239.5
70241
70241.5
70242
70242.5
70243
70244.5
70245
70244.5
70244
70246.5
70249
70248.5
70248
70248.5
70250
70250.5
70252
70252.5
70253
70253
70255
70255
70257
70257
70259
70259
70261
70261
70263
70263
70263
70263
70265
70265
70265
70267
70267
70269
70271
70271
70271
70271.5
70273
70273.5
70275
70275.5
70277
70279
70279
70279.5
70280
70281.5
70282
70282
70284
70285.5
70286
70286
70288
70288
70290
70291.5
70293
70293.5
70294
70294
70294
70295
70296
70297
70298
70299
70300
70301
70302
70303
70304
70305
70306
70307
70308
70309
70310
70311
70312
70313
70314
70316
70318
70319.5
70320
70320
70320
70321
70322
70323
70324
70325
70326
70327
70328
70329
70330
70331
70332
70332
70334
70334
70334
70334.5
70335
70336.5
70338
70338.5
70339
70340.5
70342
70344
70346
70347
70348
70349
70350
70351
70352
70353
70354
70355
70356
70356
70356
70358
70358
70360
70362
70363
70364
70364
70364
70364.5
70366
70368
70370
70371
70372
70373
70374
70374
70374
70374.5
70376
70376.5
70377
70378.5
70379
70380
70381
70382
70383
70384
70385
70386
70387
70388.5
70390
70390.5
70392
70392.5
70394
70394.5
70395
70396.5
70398
70398.5
70400
70402
70404
70405
70406
70407
70408
70409
70410
70410
70410
70412
70414
70415
70416
70417
70418
70419
70420
70421
70422
70423
70424
70426
70428
70428
70430
70431.5
70432
70432
70432
70434
70436
70436
70438
70439.5
70440
70440
70440
70441
70442
70443
70444
70445
70446
70447
70448
70449
70450
70451
70452
70453
70454
70455
70456
70458
70460
70460
70462
70463.5
70464
70464
70466
70466
70468
70468
70470
70470
70472
70472
70472
70473
70474
70475
70476
70477
70478
70478
70478
70480
70480
70480.5
70482
70482.5
70484
70484.5
70486
70486.5
70488
70488.5
70489
70490.5
70491
70492
70493
70494.5
70496
70498
70498
70500
70500
70500.5
70502
70502.5
70503
70504.5
70505
70506.5
70508
70510
70510
70510.5
70512
70512.5
70514
70514.5
70516
70518
70520
70521
70522
70523
70524
70525
70526
70527
70528
70528
70528
70528.5
70529
70530
70531
70532
70533
70534
70535
70536
70537
70538
70539
70540
70541
70542
70543
70544
70545
70546
70547
70548
70549
70550.5
70551
70552.5
70553
70554
70555
70556
70557
70558
70559
70560
70561
70562
70563
70564
70565
70566
70567
70568
70569
70569.5
70571
70571.5
70573
70573.5
70575
70576
70577
70578
70579
70580
70581
70582
70583
70584
70585
70586
70587
70587.5
70589
70589.5
70590
70591
70592
70593
70594
70595
70596
70597
70598
70599
70600
70601
70602
70603
70604
70605
70606
70607
70608
70609
70610
70610
70610
70612
70614
70615
70616
70616
70616
70618
70620
70620
70622
70623
70624
70624
70626
70626
70626
70628
70628
70628.5
70629
70630.5
70632
70632.5
70634
70634.5
70635
70635.5
70637
70637.5
70639
70639.5
70641
70641.5
70642
70643.5
70645
70645.5
70647
70647.5
70648
70649.5
70650
70651.5
70652
70653
70654
70655
70656
70656.5
70658
70658.5
70660
70660.5
70662
70663
70664
70665.5
70666
70667
70668
70669
70670
70671
70672
70673
70674
70675
70676
70677
70678
70679
70680
70680.5
70681
70681.5
70682
70683.5
70685
70686.5
70688
70688.5
70690
70691
70692
70693
70694
70695.5
70697
70697.5
70698
70699.5
70701
70701.5
70702
70703.5
70704
70705.5
70707
70707.5
70708
70709.5
70711
70711.5
70712
70713
70714
70715
70716
70717.5
70718
70719.5
70721
70722.5
70723
70723.5
70725
70726.5
70728
70728.5
70730
70730.5
70732
70734
70734
70734.5
70735
70735.5
70737
70738.5
70739
70739.5
70740
70741
70742
70743
70744
70745
70746
70747
70748
70749.5
70751
70751.5
70752
70753
70754
70754.5
70756
70756.5
70758
70758.5
70759
70759.5
70761
70762.5
70764
70764.5
70766
70766.5
70768
70768.5
70769
70770.5
70772
70773
70774
70775
70776
70777.5
70778
70779.5
70781
70781.5
70782
70783.5
70785
70785.5
70787
70788.5
70790
70790.5
70792
70794
70796
70796
70796
70796.5
70798
70798.5
70800
70800.5
70801
70801.5
70803
70803.5
70804
70805
70806
70807
70808
70809.5
70810
70811
70812
70812.5
70814
70815
70816
70817
70818
70819
70820
70821
70822
70823
70824
70825
70826
70827.5
70829
70829.5
70830
70831
70832
70833
70834
70835
70836
70836.5
70837
70837.5
70838
70839.5
70840
70841
70842
70842.5
70843
70844
70845
70845.5
70846
70847
70848
70849
70850
70851
70852
70853
70854
70855
70856
70857
70858
70859
70860
70861
70862
70863
70864
70865
70866
70867
70868
70869
70870
70871
70872
70873
70874
70875
70876
70877
70878
70879.5
70881
70881.5
70883
70883.5
70885
70885.5
70887
70887.5
70888
70889
70890
70891
70892
70893
70894
70895.5
70896
70897.5
70899
70899.5
70900
70901
70902
70903
70904
70905
70906
70907
70908
70909
70910
70911
70912
70913
70914
70915
70916
70916.5
70918
70918.5
70919
70920.5
70921
70922.5
70924
70924.5
70926
70927
70928
70929
70930
70931
70932
70932.5
70934
70935
70936
70936.5
70937
70937.5
70939
70939.5
70941
70942.5
70943
70943.5
70944
70945.5
70947
70947.5
70948
70949.5
70951
70952.5
70953
70953.5
70955
70956.5
70957
70957.5
70959
70959.5
70961
70961.5
70962
70962.5
70963
70964
70965
70966
70967
70968
70969
70970
70971
70972
70973
70973.5
70975
70975.5
70976
70977
70978
70979
70980
70981
70982
70983
70984
70985
70986
70987
70988
70989
70990
70990.5
70991
70992.5
70993
70994
70995
70995.5
70997
70997.5
70998
70999
71000
71001.5
71002
71003.5
71004
71005
71006
71007
71008
71008.5
71010
71011
71012
71013.5
71015
71016
71017
71018.5
71019
71020
71021
71022
71023
71024
71025
71026
71027
71028
71029
71029.5
71031
71031.5
71033
71033.5
71034
71035.5
71037
71037.5
71038
71039.5
71040
71041
71042
71042.5
71043
71043.5
71044
71045.5
71046
71047.5
71049
71049.5
71051
71052.5
71054
71054.5
71055
71056.5
71058
71059
71060
71061.5
71062
71063
71064
71065.5
71066
71067
71068
71068.5
71070
71071
71072
71072.5
71073
71073.5
71074
71075
71076
71077
71078
71078.5
71080
71080.5
71081
71082
71083
71084
71085
71085.5
71087
71088
71089
71089.5
71090
71091
71092
71093.5
71095
71095.5
71096
71097
71098
71099
71100
71100.5
71102
71102.5
71103
71103.5
71105
71106.5
71107
71108.5
71110
71110.5
71111
71112.5
71114
71114.5
71116
71116.5
71117
71117.5
71118
71118.5
71119
71120
71121
71122
71123
71123.5
71125
71126
71127
71127.5
71129
71129.5
71131
71132
71133
71134.5
71135
71136
71137
71138.5
71139
71140.5
71142
71142.5
71143
71144.5
71145
71146
71147
71147.5
71149
71150
71151
71152
71153
71154.5
71155
71156.5
71158
71158.5
71160
71161.5
71162
71163.5
71165
71165.5
71166
71166.5
71168
71168.5
71169
71170
71171
71172
71173
71174.5
71176
71176.5
71177
71178
71179
71180
71181
71182.5
71183
71184.5
71185
71186.5
71188
71189.5
71191
71191.5
71192
71192.5
71194
71195.5
71197
71198.5
71199
71200.5
71202
71203
71204
71205
71206
71207.5
71209
71210
71211
71211.5
71213
71213.5
71214
71215
71216
71217.5
71218
71219
71220
71221
71222
71223
71224
71225.5
71226
71227.5
71228
71229
71230
71230.5
71232
71233
71234
71234.5
71236
71236.5
71238
71239
71240
71241
71242
71243
71244
71245.5
71247
71248
71249
71250
71251
71252
71253
71254
71255
71256
71257
71258
71259
71259.5
71261
71261.5
71262
71263
71264
71265
71266
71267
71268
71268.5
71269
71269.5
71270
71271.5
71273
71273.5
71274
71275.5
71276
71276.5
71278
71278.5
71280
71280.5
71281
71282.5
71284
71284.5
71285
71286
71287
71287.5
71289
71290
71291
71292
71293
71294
71295
71296
71297
71297.5
71298
71299
71300
71301.5
71303
71304
71305
71306
71307
71308.5
71310
71311.5
71312
71312.5
71313
71314.5
71316
71317.5
71319
71319.5
71320
71320.5
71322
71322.5
71323
71324.5
71325
71326
71327
71328.5
71330
71331.5
71333
71333.5
71334
71334.5
71336
71336.5
71337
71338
71339
71340.5
71342
71342.5
71344
71344.5
71346
71346.5
71348
71348.5
71349
71350.5
71351
71352.5
71354
71354.5
71356
71357.5
71359
71360.5
71362
71363
71364
71365.5
71366
71367.5
71369
71370
71371
71372
71373
71374
71375
71376
71377
71378
71379
71380
71381
71382
71383
71384
71385
71386
71387
71388
71389
71389.5
71391
71391.5
71392
71393.5
71394
71395
71396
71396.5
71398
71399
71400
71401
71402
71403
71404
71405
71406
71406.5
71407
71407.5
71408
71409.5
71411
71412.5
71414
71415
71416
71417
71418
71418.5
71419
71419.5
71420
71420.5
71421
71422
71423
71424.5
71425
71426
71427
71428.5
71429
71430.5
71432
71432.5
71433
71434
71435
71436
71437
71437.5
71438
71439
71440
71441
71442
71443.5
71444
71445.5
71446
71447
71448
71449.5
71451
71452
71453
71454
71455
71456
71457
71458.5
71459
71460
71461
71461.5
71462
71463.5
71464
71465
71466
71467
71468
71469
71470
71471
71472
71473
71474
71475
71476
71476
71478
71478
71480
71481
71482
71483
71484
71485
71486
71487
71488
71488
71490
71490
71490
71492
71494
71495
71496
71497
71498
71499
71500
71501
71502
71503.5
71504
71505.5
71507
71508
71509
71509.5
71511
71511.5
71512
71513
71514
71515
71516
71516
71516
71518
71518
71519
71520
71521
71522
71523
71524
71526
71526
71528
71528
71529
71530
71531
71532
71534
71536
71537
71538
71538
71538
71540
71540
71542
71544
71544
71544
71546
71548
71548
71548
71550
71552
71553
71554
71555
71556
71557
71558
71559
71560
71561
71562
71563
71564
71565
71566
71567
71568
71569
71570
71570
71570
71571
71572
71573
71574
71576
71578
71579
71580
71581
71582
71583
71584
71584
71586
71587
71588
71589
71590
71590
71592
71593
71594
71595
71596
71597
71598
71599
71600
71601
71602
71603
71604
71605
71606
71607
71608
71609
71610
71611
71612
71613
71614
71615
71616
71616
71616
71617
71618
71619
71620
71620.5
71621
71622
71623
71624
71625
71624.5
71627
71628
71629
71630
71631
71632
71633
71632.5
71635
71636
71637
71638
71639
71640
71641
71642.5
71644
71645
71646
71646.5
71648
71648.5
71650
71651
71652
71652.5
71653
71654
71655
71656
71657
71658
71659
71660
71661
71662
71663
71664
71665
71666
71667
71668
71669
71670
71671
71672
71673
71674
71675
71676
71677
71676.5
71676
71677
71678
71679
71680
71681
71682
71683
71684
71685
71686
71687
71688
71689
71690
71691
71692
71692
71692
71693
71694
71694.5
71695
71696.5
71698
71698.5
71699
71700.5
71701
71702.5
71703
71704.5
71706
71706.5
71708
71708.5
71710
71710.5
71712
71713
71714
71714.5
71715
71716
71717
71718
71719
71720
71721
71722
71723
71724
71725
71726
71727
71727.5
71728
71728.5
71729
71730.5
71731
71732
71733
71734
71735
71736
71737
71738
71739
71740
71741
71742
71743
71744.5
71745
71746.5
71748
71749.5
71750
71751.5
71753
71754
71755
71756
71757
71758
71759
71760.5
71761
71762.5
71763
71764
71765
71766
71767
71768
71769
71770
71771
71772.5
71773
71774
71775
71776
71777
71778
71779
71780
71781
71782
71783
71784
71785
71785.5
71786
71786.5
71787
71788.5
71789
71790
71791
71792.5
71793
71794
71795
71796
71797
71798
71799
71800
71801
71802
71803
71804
71805
71806
71807
71808
71809
71810
71811
71812
71813
71814
71815
71816
71817
71818
71819
71820
71821
71822.5
71823
71824
71825
71826.5
71828
71828.5
71830
71830.5
71832
71833.5
71835
71835.5
71836
71837.5
71838
71838.5
71840
71841.5
71843
71843.5
71844
71844.5
71846
71846.5
71847
71848
71849
71850.5
71851
71852.5
71854
71854.5
71855
71856
71857
71858
71859
71860
71861
71862.5
71863
71864
71865
71866
71867
71868
71869
71870
71871
71872
71873
71874
71875
71875.5
71877
71878
71879
71880
71881
71882
71883
71884
71885
71886
71887
71888
71889
71890
71891
71892.5
71893
71894.5
71896
71897.5
71899
71899.5
71900
71900.5
71901
71902
71903
71904
71905
71906
71907
71908
71909
71910
71911
71912
71913
71914
71915
71916.5
71918
71918.5
71920
71920.5
71921
71922
71923
71924
71925
71926.5
71928
71928.5
71930
71931.5
71933
71933.5
71934
71935.5
71937
71937.5
71938
71939.5
71940
71940.5
71941
71942
71943
71944
71945
71946
71947
71948
71949
71950
71951
71952
71953
71954
71955
71956.5
71957
71958.5
71960
71960.5
71962
71962.5
71964
71964.5
71965
71966.5
71968
71968.5
71970
71970.5
71971
71972.5
71974
71974.5
71976
71976.5
71977
71978
71979
71980
71981
71982
71983
71984
71985
71986
71987
71988
71989
71990
71991
71992
71993
71994
71995
71996
71997
71998
71999
72000
72001
72002
72003
72004
72005
72006
72007
72008
72009
72010.5
72011
72012
72013
72014
72015
72016
72017
72018
72019
72020
72021
72022
72023
72024
72025
72026.5
72027
72028
72029
72030
72031
72032.5
72034
72035.5
72037
72038
72039
72039.5
72041
72042
72043
72044
72045
72045.5
72046
72047.5
72049
72050
72051
72052
72053
72053.5
72054
72055.5
72057
72057.5
72059
72059.5
72060
72060.5
72061
72062
72063
72064
72065
72066
72067
72068
72069
72070
72071
72072
72073
72074
72075
72075.5
72076
72077.5
72078
72079.5
72081
72082
72083
72084
72085
72085.5
72086
72087
72088
72089
72090
72091
72092
72093
72094
72095
72096
72097
72098
72099
72100
72101
72102
72103
72104
72105
72106
72107
72108
72109
72110
72111
72112
72113
72114
72115
72116
72117
72118
72119
72120
72121
72122
72123.5
72124
72125.5
72126
72127.5
72128
72129
72130
72131
72132
72133.5
72135
72135.5
72136
72137.5
72139
72139.5
72141
72142
72143
72144
72145
72146
72147
72148
72149
72149.5
72150
72151.5
72152
72153.5
72155
72156
72157
72158
72159
72160
72161
72162
72163
72164
72165
72166
72167
72168
72169
72170
72171
72172
72173
72173.5
72175
72176
72177
72178
72179
72180
72181
72182
72183
72184
72185
72186
72187
72188
72189
72190
72191
72191.5
72193
72193.5
72194
72195
72196
72197
72198
72199
72200
72201.5
72203
72203.5
72204
72205.5
72206
72207.5
72209
72209.5
72210
72211
72212
72213
72214
72215
72216
72217
72218
72219
72220
72221
72222
72223
72224
72225
72226
72227
72228
72229
72230
72231
72232
72233
72234
72235
72236
72236
72236
72238
72240
72241
72242
72243
72244
72245
72246
72247
72248
72249
72250
72251
72252
72253
72254
72254
72254
72256
72256
72256.5
72258
72260
72262
72262
72264
72265
72266
72267
72268
72269
72270
72271
72272
72273
72274
72275
72276
72277
72278
72279
72280
72281
72282
72283
72284
72285
72286
72287
72288
72289
72290
72290
72290
72290.5
72292
72294
72296
72296
72296
72296.5
72297
72298
72299
72300
72301
72302
72303
72304.5
72305
72306
72307
72308
72309
72310.5
72311
72312.5
72313
72314
72315
72316
72317
72318
72319
72320
72321
72322
72323
72324.5
72326
72326.5
72328
72328.5
72329
72330.5
72332
72334
72336
72336
72336
72338
72338
72338.5
72340
72340.5
72341
72342
72343
72344
72345
72345.5
72347
72347.5
72349
72350
72351
72352.5
72353
72354
72355
72355.5
72356
72357
72358
72359
72360
72361
72362
72363
72364
72365
72366
72367
72368
72369
72370
72371
72372
72373
72374
72375
72376
72376.5
72378
72378.5
72380
72380.5
72382
72382.5
72384
72384.5
72385
72386.5
72387
72388
72389
72390.5
72392
72392.5
72394
72394.5
72395
72396
72397
72398
72399
72400
72401
72402
72403
72404
72405
72405.5
72407
72408
72409
72409.5
72410
72411.5
72412
72412.5
72413
72414.5
72415
72416.5
72418
72418.5
72419
72420
72421
72422
72423
72423.5
72425
72425.5
72427
72428
72429
72430
72431
72432
72433
72433.5
72435
72436
72437
72438
72439
72440
72441
72442
72443
72443.5
72444
72445.5
72446
72447
72448
72449
72450
72451
72452
72453
72454
72455
72456
72456.5
72457
72458
72459
72460
72461
72462
72463
72464.5
72465
72466.5
72467
72468
72469
72470
72471
72472.5
72473
72474.5
72476
72476.5
72477
72478
72479
72480
72481
72482
72483
72484
72485
72486
72487
72488
72489
72490
72491
72492
72493
72494
72495
72496
72497
72498
72499
72500
72501
72502
72503
72503.5
72504
72505.5
72506
72507
72508
72509
72510
72511
72512
72513
72514
72515
72516
72517
72518
72519
72520
72521
72522
72523
72524
72525
72526
72527.5
72529
72529.5
72530
72531.5
72533
72534
72535
72535.5
72537
72537.5
72538
72539
72540
72541
72542
72543
72544
72545
72546
72547
72548
72549
72550
72551
72552
72553
72554
72555
72556
72557
72558
72559
72560
72561
72562
72562.5
72563
72564
72565
72566
72567
72568
72569
72570
72571
72572
72573
72574
72575
72576
72577
72578
72579
72580
72581
72582
72583
72583.5
72584
72585.5
72587
72587.5
72588
72589
72590
72590.5
72592
72593
72594
72595.5
72597
72597.5
72599
72599.5
72600
72601
72602
72602.5
72604
72604.5
72605
72605.5
72607
72607.5
72609
72609.5
72611
72612.5
72614
72614.5
72615
72616.5
72617
72617.5
72618
72619.5
72620
72621.5
72622
72623
72624
72625
72626
72627
72628
72629
72630
72631
72632
72633
72634
72635
72636
72637
72638
72639
72640
72641
72642
72643
72644
72645.5
72647
72648.5
72649
72650.5
72652
72653
72654
72655
72656
72657
72658
72659
72660
72660.5
72662
72663
72664
72665
72666
72667
72668
72669
72670
72670.5
72671
72671.5
72673
72674.5
72675
72675.5
72677
72677.5
72678
72679
72680
72681.5
72682
72683.5
72685
72685.5
72686
72687.5
72688
72689.5
72690
72691
72692
72693.5
72694
72695
72696
72697
72698
72699
72700
72701
72702
72703
72704
72705
72706
72707
72708
72709
72710
72711
72712
72713
72714
72715
72716
72717
72718
72719
72720
72721
72722
72723
72724
72725
72726
72727
72728
72729
72730
72731
72732
72733
72734
72735
72736
72737
72738
72739
72740
72741
72742
72743
72744
72745
72746
72747
72748
72749
72750
72751
72752
72753
72754
72755.5
72757
72758.5
72759
72760.5
72762
72762.5
72763
72764.5
72766
72766.5
72767
72767.5
72769
72769.5
72771
72771.5
72772
72773
72774
72775
72776
72777
72778
72779
72780
72781
72782
72783
72784
72785
72786
72787
72788
72789
72790
72791
72792
72792
72794
72795
72796
72797
72798
72799
72800
72801
72802
72803
72804
72805
72806
72807
72808
72809
72810
72811
72812
72813
72814
72815
72816
72817
72818
72819
72820
72821
72822
72823
72824
72825
72826
72827
72828
72829
72830
72831
72832
72833
72834
72835
72836
72837
72838
72839
72840
72841
72842
72843
72844
72845.5
72847
72847.5
72849
72850.5
72852
72852.5
72854
72855
72856
72856.5
72857
72857.5
72859
72859.5
72860
72861
72862
72863
72864
72865
72866
72867
72868
72869
72870
72870
72870
72870.5
72872
72874
72874
72874.5
72876
72876.5
72877
72878.5
72880
72882
72884
72884
72886
72886
72886
72886.5
72887
72888.5
72889
72889.5
72891
72892.5
72893
72893.5
72894
72895.5
72896
72897.5
72898
72899.5
72901
72902.5
72903
72903.5
72905
72906.5
72907
72908.5
72910
72910.5
72911
72912.5
72913
72913.5
72914
72915.5
72917
72918.5
72920
72920.5
72922
72922.5
72923
72924.5
72925
72925.5
72926
72927.5
72928
72929.5
72931
72932.5
72934
72934.5
72936
72936.5
72937
72938.5
72940
72942
72942
72942.5
72943
72943.5
72944
72945.5
72946
72947
72948
72949
72950
72951
72952
72953
72954
72954.5
72955
72956
72957
72958.5
72959
72960.5
72961
72962
72963
72964
72965
72965.5
72966
72967
72968
72969
72970
72971
72972
72973
72974
72975
72976
72977
72978
72979
72980
72981
72982
72983
72984
72984.5
72986
72986.5
72988
72988.5
72989
72989.5
72990
72991.5
72993
72994.5
72995
72995.5
72996
72996.5
72997
72998.5
73000
73000.5
73002
73002.5
73003
73004
73005
73006
73007
73007.5
73008
73009
73010
73011
73012
73013.5
73015
73015.5
73017
73017.5
73018
73019
73020
73021
73022
73022.5
73023
73024.5
73026
73027
73028
73028.5
73029
73030.5
73031
73031.5
73032
73032.5
73033
73034.5
73035
73036.5
73037
73038.5
73039
73040
73041
73041.5
73042
73042
73044
73044
73044
73046
73046
73048
73048
73049
73050
73051
73052
73053
73054
73055
73056
73057
73058
73059
73060
73060.5
73062
73063
73064
73065
73066
73067
73068
73069
73070
73071
73072
73073
73074
73074.5
73075
73076
73077
73078
73079
73080
73081
73082
73083
73084
73085
73086
73087
73088.5
73089
73090
73091
73092
73093
73094
73095
73096
73097
73098
73099
73100.5
73101
73102
73103
73104
73105
73106
73107
73108
73109
73110
73111
73112
73113
73114
73115
73116
73117
73118
73119
73120
73121
73122
73123
73124
73125
73126
73127
73128
73129
73130
73131
73132
73133
73134
73135
73135.5
73136
73137.5
73138
73139
73140
73140.5
73141
73142.5
73144
73145
73146
73147
73148
73148.5
73149
73150
73151
73152.5
73154
73154.5
73156
73156.5
73158
73158.5
73160
73160.5
73161
73162
73163
73164
73165
73166.5
73167
73168.5
73169
73170.5
73172
73173
73174
73175.5
73177
73178
73179
73180
73181
73182
73183
73183.5
73184
73185
73186
73187.5
73189
73190
73191
73192
73193
73193.5
73194
73195.5
73196
73197
73198
73199.5
73201
73202
73203
73204
73205
73206
73207
73208
73209
73210
73211
73212
73213
73213.5
73215
73216
73217
73217.5
73218
73219
73220
73220.5
73221
73222.5
73223
73224
73225
73225.5
73226
73227
73228
73229
73230
73231
73232
73233
73234
73235.5
73236
73237.5
73238
73239
73240
73241
73242
73243
73244
73245
73246
73247
73248
73249
73250
73251
73252
73253
73254
73255
73256
73257
73258
73259
73260
73261
73262
73262.5
73264
73264.5
73266
73266.5
73268
73269
73270
73271
73272
73272.5
73273
73274.5
73276
73277
73278
73279
73280
73281
73282
73283
73284
73285
73286
73287
73288
73289
73290
73291
73292
73292.5
73294
73295
73296
73297
73298
73299
73300
73301
73302
73303
73304
73304.5
73305
73306.5
73307
73308
73309
73310.5
73311
73312
73313
73314
73315
73315.5
73317
73317.5
73318
73319.5
73321
73321.5
73323
73323.5
73325
73325.5
73327
73327.5
73329
73329.5
73331
73331.5
73333
73333.5
73335
73336
73337
73338
73339
73340
73341
73342
73343
73344
73345
73346
73347
73347.5
73348
73348
73348
73350
73352
73352
73352
73354
73354
73354.5
73355
73356
73357
73358
73359
73359.5
73360
73361
73362
73363
73364
73365.5
73367
73367.5
73368
73369.5
73370
73371
73372
73372.5
73373
73374.5
73375
73376.5
73378
73379
73380
73381
73382
73383
73384
73385
73386
73386.5
73388
73388.5
73390
73390.5
73392
73392.5
73393
73394
73395
73395.5
73397
73397.5
73398
73399
73400
73401.5
73403
73404
73405
73406.5
73408
73408.5
73410
73411
73412
73413.5
73415
73416
73417
73417.5
73418
73419.5
73420
73421.5
73422
73423.5
73425
73425.5
73426
73427
73428
73429.5
73431
73432
73433
73434
73435
73436.5
73437
73438.5
73439
73440
73441
73441.5
73443
73443.5
73444
73445
73446
73446.5
73448
73449
73450
73451.5
73453
73453.5
73454
73455.5
73456
73457
73458
73459
73460
73461
73462
73463
73464
73465
73466
73467
73468
73469.5
73470
73471.5
73473
73474
73475
73476.5
73478
73478.5
73480
73480.5
73481
73482.5
73484
73484.5
73485
73486.5
73487
73488.5
73490
73490.5
73491
73492
73493
73493.5
73494
73495.5
73496
73497.5
73499
73500
73501
73502
73503
73504
73505
73505.5
73506
73507.5
73509
73509.5
73511
73511.5
73512
73513
73514
73515
73516
73517
73518
73519
73520
73521.5
73523
73523.5
73525
73525.5
73526
73527.5
73529
73529.5
73530
73531.5
73532
73533.5
73534
73535
73536
73537
73538
73538.5
73539
73540.5
73541
73542.5
73544
73544.5
73546
73546.5
73547
73548
73549
73549.5
73551
73551.5
73552
73553.5
73554
73555.5
73556
73557.5
73558
73559
73560
73561.5
73562
73563.5
73564
73565.5
73566
73567
73568
73569
73570
73571
73572
73573
73574
73575
73576
73577.5
73579
73579.5
73581
73581.5
73583
73583.5
73584
73585
73586
73587.5
73589
73589.5
73590
73591
73592
73593.5
73594
73595
73596
73597.5
73598
73599.5
73600
73601.5
73602
73603
73604
73605
73606
73607
73608
73609
73610
73611
73612
73613
73614
73615
73616
73617
73618
73619
73620
73621
73622
73623
73624
73625
73626
73627.5
73628
73629.5
73631
73631.5
73632
73633.5
73635
73636
73637
73638.5
73639
73640
73641
73641.5
73642
73643.5
73644
73645
73646
73647.5
73649
73650
73651
73651.5
73653
73653.5
73655
73656
73657
73657.5
73658
73659
73660
73661
73662
73663
73664
73665
73666
73667
73668
73668.5
73670
73670.5
73672
73672.5
73674
73675
73676
73677
73678
73679
73680
73681
73682
73683.5
73684
73685.5
73686
73687
73688
73689.5
73690
73691
73692
73693
73694
73695
73696
73697
73698
73698.5
73699
73700.5
73701
73702
73703
73704
73705
73706
73707
73708
73709
73710
73711
73712
73713
73714
73715
73716.5
73717
73718.5
73719
73720.5
73721
73722
73723
73724
73725
73726
73727
73728
73729
73730
73731
73732
73733
73734
73735
73736.5
73737
73738
73739
73740
73741
73742.5
73743
73744
73745
73746.5
73747
73748.5
73749
73750.5
73752
73752.5
73753
73754.5
73755
73756
73757
73758
73759
73760
73761
73762
73763
73764
73765
73766
73767
73768
73769
73770
73771
73772
73773
73774
73775
73776
73777
73778
73779
73780
73781
73782
73783
73784
73785
73786
73787
73788
73789
73790
73791
73792.5
73794
73795
73796
73796.5
73797
73798
73799
73800
73801
73802
73803
73804
73805
73806
73807
73808.5
73809
73810
73811
73812.5
73814
73814.5
73815
73816
73817
73818
73819
73820
73821
73822
73823
73824
73825
73826
73827
73828
73829
73830
73831
73832
73833
73834
73835
73836.5
73837
73838
73839
73840
73841
73842
73843
73844
73845
73846
73847
73848
73849
73850
73851
73852
73853
73854
73855
73856
73857
73858
73859
73859.5
73860
73861.5
73862
73862.5
73863
73863.5
73865
73866.5
73867
73867.5
73869
73869.5
73871
73871.5
73873
73873.5
73874
73875.5
73876
73877
73878
73879.5
73881
73882.5
73883
73884.5
73885
73886.5
73888
73889.5
73890
73890.5
73892
73892.5
73893
73894.5
73895
73896.5
73897
73897.5
73899
73899.5
73900
73901.5
73903
73904.5
73905
73906.5
73907
73908.5
73909
73910.5
73912
73912.5
73913
73913.5
73914
73915
73916
73917.5
73918
73919.5
73921
73922.5
73923
73924.5
73925
73925.5
73926
73927.5
73929
73929.5
73931
73932.5
73934
73934.5
73935
73936.5
73937
73937.5
73938
73939.5
73940
73941
73942
73943
73944
73945.5
73946
73947.5
73948
73949.5
73950
73951.5
73953
73953.5
73954
73955
73956
73957.5
73958
73959
73960
73961
73962
73963
73964
73964.5
73966
73966.5
73968
73969
73970
73971
73972
73973
73974
73975.5
73977
73977.5
73979
73979.5
73981
73982.5
73983
73983.5
73985
73985.5
73986
73987
73988
73989
73990
73991
73992
73993
73994
73995
73996
73997
73998
73999.5
74000
74001.5
74003
74003.5
74005
74005.5
74007
74007.5
74009
74009.5
74011
74011.5
74013
74014.5
74016
74017.5
74018
74019.5
74021
74021.5
74022
74023.5
74024
74024.5
74025
74026.5
74028
74028.5
74029
74029.5
74031
74031.5
74033
74033.5
74034
74035.5
74037
74038.5
74040
74040.5
74041
74042.5
74044
74045.5
74046
74047.5
74048
74048.5
74049
74049.5
74050
74051
74052
74053
74054
74055
74056
74057
74058
74058.5
74060
74060.5
74062
74062.5
74064
74064.5
74065
74066
74067
74068.5
74069
74070.5
74072
74073
74074
74074.5
74075
74076.5
74078
74078.5
74079
74080.5
74081
74082
74083
74084
74085
74086
74087
74088
74089
74090
74091
74092
74093
74094
74095
74096
74097
74098
74099
74100.5
74101
74102.5
74103
74104
74105
74106
74107
74108
74109
74110
74111
74112
74113
74114
74115
74116
74117
74118
74119
74120
74121
74122
74123
74124
74125
74126
74127
74128
74129
74130
74131
74132
74133
74134
74135
74136
74137
74138
74139
74140
74141
74142
74143
74143.5
74145
74145.5
74146
74147.5
74149
74149.5
74150
74150.5
74152
74153.5
74155
74156
74157
74158
74159
74160
74161
74162
74163
74164
74165
74166
74167
74167.5
74169
74169.5
74171
74171.5
74173
74173.5
74174
74174.5
74176
74176.5
74178
74179.5
74181
74181.5
74182
74182.5
74184
74184.5
74186
74187.5
74189
74189.5
74190
74191.5
74193
74194
74195
74196
74197
74198
74199
74200
74201
74202
74203
74204
74205
74206
74207
74208
74209
74210
74211
74212
74213
74214
74215
74216
74217
74218
74219
74220
74221
74222
74223
74223.5
74224
74224.5
74225
74225.5
74226
74226.5
74228
74228.5
74229
74230.5
74232
74232.5
74234
74234.5
74236
74237.5
74238
74239.5
74240
74240.5
74241
74242.5
74243
74244
74245
74246
74247
74248
74249
74250
74251
74252
74253
74254
74255
74256
74257
74258
74259
74260
74261
74262
74263
74263
74263
74264
74265
74266
74267
74268
74269
74270
74271
74272
74273
74274
74275
74276
74277
74278
74279
74279.5
74281
74281.5
74282
74283
74284
74285
74286
74287.5
74289
74289.5
74291
74291.5
74293
74294
74295
74296
74297
74298
74299
74299.5
74300
74301.5
74303
74303.5
74304
74305
74306
74307
74308
74309
74310
74311
74312
74313
74314
74315
74316
74317
74318
74318.5
74319
74320
74321
74322
74323
74324
74325
74326
74327
74328
74329
74330
74331
74332
74333
74334
74335
74335.5
74336
74337
74338
74338.5
74340
74340.5
74341
74341.5
74343
74344.5
74345
74345.5
74347
74347.5
74349
74349.5
74350
74351
74352
74352.5
74353
74354
74355
74356
74357
74358
74359
74359.5
74360
74361.5
74362
74363.5
74365
74365.5
74367
74367.5
74369
74369.5
74370
74371.5
74373
74373.5
74374
74374.5
74376
74376.5
74378
74379.5
74381
74381.5
74383
74383.5
74385
74385.5
74387
74388
74389
74390
74391
74392
74393
74393.5
74394
74394.5
74396
74396.5
74397
74398.5
74400
74400.5
74401
74402.5
74404
74405.5
74406
74407.5
74408
74408.5
74410
74410.5
74411
74412.5
74413
74414.5
74416
74416.5
74417
74418.5
74419
74420.5
74422
74422.5
74423
74424.5
74426
74427.5
74428
74428.5
74429
74430.5
74432
74432.5
74434
74435.5
74436
74437.5
74438
74439.5
74440
74441.5
74443
74443.5
74445
74445.5
74446
74447.5
74448
74448.5
74449
74450
74451
74451.5
74453
74453.5
74454
74454.5
74456
74456.5
74457
74458.5
74459
74460.5
74462
74462.5
74463
74464.5
74465
74466.5
74468
74469.5
74470
74471.5
74473
74473.5
74474
74474.5
74476
74476.5
74478
74479.5
74480
74480.5
74482
74482.5
74484
74485.5
74486
74486.5
74488
74488.5
74490
74491.5
74492
74493.5
74494
74495.5
74497
74498
74499
74499.5
74500
74501.5
74503
74503.5
74505
74505.5
74507
74508
74509
74510.5
74511
74512
74513
74514
74515
74515.5
74516
74516.5
74518
74519.5
74520
74520.5
74521
74522.5
74524
74524.5
74525
74525
74527
74528.5
74530
74531.5
74533
74534
74535
74536.5
74537
74538
74539
74539.5
74540
74541.5
74542
74542.5
74544
74544.5
74546
74546.5
74547
74548.5
74550
74551.5
74552
74552.5
74554
74555.5
74556
74556.5
74557
74558.5
74559
74559
74561
74562.5
74563
74564.5
74565
74565
74565
74566
74567
74568
74569
74571
74573
74574.5
74576
74577.5
74578
74578.5
74579
74580.5
74581
74581
74583
74583
74583
74584
74585
74586
74587
74588
74589
74590
74591
74592
74593
74595
74595
74597
74597
74598
74599
74601
74603
74604.5
74606
74606.5
74608
74608.5
74610
74610.5
74612
74613.5
74614
74615.5
74616
74616.5
74618
74618.5
74619
74619
74619
74621
74621
74623
74623
74625
74627
74627
74629
74629
74631
74632.5
74634
74634.5
74636
74637.5
74638
74638.5
74640
74640.5
74642
74643.5
74644
74644.5
74646
74647.5
74649
74650
74651
74652.5
74653
74654
74655
74655.5
74657
74657.5
74658
74659.5
74660
74660.5
74662
74662.5
74663
74663
74663
74664
74665
74667
74669
74669
74671
74671
74671
74673
74675
74675
74677
74678.5
74680
74681.5
74683
74683.5
74684
74685.5
74687
74688
74689
74690.5
74692
74692.5
74694
74694.5
74695
74696
74697
74698
74699
74699.5
74701
74701.5
74702
74702.5
74703
74703
74705
74706.5
74707
74708.5
74709
74709
74711
74711
74711
74712
74713
74715
74717
74717
74719
74720.5
74722
74722.5
74724
74724.5
74725
74725
74725
74726
74727
74728
74729
74730
74731
74732
74733
74734
74735
74735.5
74736
74737.5
74738
74739.5
74740
74740.5
74741
74742
74743
74744
74745
74746
74747
74747.5
74749
74750
74751
74752
74753
74754
74755
74756
74757
74757.5
74758
74759
74760
74761
74762
74763
74764
74765
74766
74767.5
74769
74769.5
74771
74771.5
74773
74773.5
74774
74775.5
74776
74777.5
74778
74779
74780
74781.5
74782
74783.5
74784
74785
74786
74787
74788
74789
74790
74791
74792
74793
74794
74795.5
74796
74797.5
74799
74800
74801
74801.5
74803
74804
74805
74805.5
74807
74808
74809
74809.5
74810
74811
74812
74813
74814
74815
74816
74817
74818
74819.5
74820
74821
74822
74823
74824
74825
74826
74827
74828
74829
74830
74831
74832
74833
74834
74835.5
74837
74837.5
74838
74839
74840
74841
74842
74843
74844
74845
74846
74847
74848
74849
74850
74851
74852
74853
74854
74855
74856
74856.5
74857
74857.5
74859
74860.5
74862
74863
74864
74865
74866
74867
74868
74869
74870
74871
74872
74873
74874
74875
74876
74877.5
74878
74879
74880
74881
74882
74883.5
74884
74885.5
74887
74888
74889
74890
74891
74892
74893
74894
74895
74896
74897
74898
74899
74900
74901
74902
74903
74904
74905
74906
74907
74908
74909
74910
74911
74912
74913
74914
74915
74916
74917
74918
74919
74919.5
74921
74921.5
74922
74923
74924
74925
74926
74927
74928
74928.5
74930
74931
74932
74933
74934
74935
74936
74937
74938
74938.5
74940
74940.5
74941
74942.5
74944
74944.5
74946
74947
74948
74948.5
74949
74950.5
74951
74951.5
74952
74952.5
74954
74954.5
74956
74957.5
74959
74960.5
74962
74963
74964
74965
74966
74967
74968
74969
74970
74971
74972
74973
74974
74975
74976
74976.5
74977
74978.5
74980
74981
74982
74982.5
74984
74984.5
74986
74987
74988
74989
74990
74990.5
74991
74992.5
74993
74994.5
74996
74996.5
74998
74999
75000
75001
75002
75003
75004
75005
75006
75006.5
75007
75008.5
75009
75009.5
75011
75011.5
75013
75014.5
75015
75016.5
75017
75017.5
75019
75020.5
75022
75022.5
75023
75023.5
75025
75025.5
75027
75027.5
75028
75029.5
75030
75031.5
75033
75034.5
75035
75035.5
75036
75037.5
75038
75039.5
75040
75041.5
75042
75042.5
75043
75044.5
75045
75046
75047
75048
75049
75050.5
75051
75052.5
75053
75054.5
75055
75056
75057
75058
75059
75059.5
75060
75060.5
75062
75063.5
75064
75064.5
75066
75066.5
75067
75068.5
75069
75070
75071
75072
75073
75074
75075
75076
75077
75077.5
75078
75079.5
75081
75081.5
75082
75083.5
75084
75085.5
75086
75086
75086
75088
75088
75089
75090
75092
75094
75095.5
75096
75097.5
75098
75098
75100
75100
75100
75101
75102
75103
75104
75106
75106
75107
75108
75108.5
75109
75110
75111
75112
75113
75113.5
75114
75115.5
75117
75118
75119
75120
75121
75122
75123
75124
75125
75126
75127
75128.5
75130
75130.5
75131
75132.5
75133
75134
75135
75136
75137
75138
75139
75140
75141
75142
75143
75144
75145
75146
75147
75148
75149
75150
75151
75152
75153
75154
75155
75156
75157
75157.5
75159
75160
75161
75161.5
75163
75164
75165
75166
75167
75168
75169
75170
75171
75172
75173
75174
75175
75176.5
75178
75178.5
75180
75181
75182
75183
75184
75186
75188
75189.5
75190
75190
75190
75192
75192
75193
75194
75195
75196
75198
75198
75200
75200
75202
75204
75205.5
75207
75207.5
75209
75209.5
75210
75210
75212
75212
75212
75214
75214
75216
75218
75218
75218
75220
75222
75222
75224
75225.5
75227
75228
75229
75230
75231
75232.5
75234
75235.5
75236
75237.5
75238
75238.5
75240
75240.5
75241
75242
75243
75244
75245
75246
75247
75247.5
75249
75249.5
75250
75250
75250
75251
75252
75252.5
75253
75254.5
75255
75256
75257
75258
75259
75260
75261
75262
75263
75264
75265
75266
75267
75268
75269
75270
75271
75272
75273
75274
75275
75276
75277
75278
75279
75280.5
75282
75282.5
75283
75284
75285
75286
75287
75288
75289
75289.5
75291
75292
75293
75293.5
75294
75295.5
75296
75297
75298
75299
75300
75301
75302
75303.5
75304
75305
75306
75307
75308
75309.5
75310
75311
75312
75313
75314
75315
75316
75317
75318
75319
75320
75321
75322
75323
75324
75325
75326
75327
75328
75329
75330
75331
75332
75333
75334
75335
75336
75337
75338
75339
75340
75341
75342
75343
75344
75345
75346
75347
75348
75349
75350
75351
75352
75353
75354
75354.5
75356
75356.5
75358
75358.5
75359
75359
75359
75359.5
75360
75361
75362
75363
75364
75365.5
75366
75367
75368
75369
75370
75370.5
75372
75373
75374
75375
75376
75376.5
75377
75378.5
75379
75380
75381
75382
75383
75384
75385
75386
75387
75388
75389
75390
75391
75392
75393
75394
75395
75396
75397
75398
75399
75400
75401
75401.5
75402
75403
75404
75404
75406
75406
75406
75406.5
75407
75408
75409
75410
75411
75412
75413
75413
75415
75415
75417
75418
75419
75420
75421
75422
75423
75424
75425
75425
75427
75427
75429
75430
75431
75431
75431
75433
75435
75435
75437
75437
75439
75439
75441
75441
75441
75443
75443
75445
75445
75447
75447
75448
75449
75450
75451
75452
75453
75454
75455
75456
75457
75458
75459
75459.5
75460
75460.5
75461
75461.5
75462
75463
75464
75465.5
75466
75467
75468
75469
75470
75471
75472
75473
75474
75475
75476
75477
75478
75479
75480
75481
75482
75483
75484
75485
75486
75487
75488
75488.5
75490
75490.5
75492
75493
75494
75495
75496
75497
75498
75499.5
75501
75501.5
75503
75504.5
75505
75506.5
75508
75509.5
75510
75510.5
75512
75512.5
75514
75514.5
75516
75517.5
75518
75518.5
75519
75520.5
75522
75523.5
75525
75525.5
75526
75526.5
75527
75527.5
75529
75529.5
75531
75531.5
75533
75534.5
75535
75535.5
75537
75537.5
75539
75540.5
75542
75543.5
75545
75546
75547
75548
75549
75550
75551
75553
75553
75554
75555
75556
75557
75558
75559
75559.5
75560
75560.5
75561
75562.5
75563
75564.5
75565
75566.5
75568
75568.5
75569
75570.5
75571
75572.5
75574
75574.5
75575
75575.5
75576
75577
75578
75579
75580
75581
75582
75583
75584
75585
75586
75587
75588
75588.5
75589
75589.5
75591
75591.5
75592
75593
75594
75595
75596
75597.5
75598
75599
75600
75601.5
75603
75603.5
75605
75605.5
75607
75607.5
75609
75609.5
75611
75612.5
75614
75614.5
75616
75617
75618
75618.5
75619
75619.5
75620
75621
75622
75623
75624
75625
75626
75627
75628
75629
75630
75630.5
75632
75632.5
75633
75634.5
75636
75636.5
75638
75638.5
75639
75639.5
75641
75641.5
75642
75643.5
75645
75646.5
75648
75648.5
75650
75650.5
75651
75651.5
75653
75653.5
75654
75655
75656
75657.5
75659
75659.5
75661
75661.5
75663
75664.5
75665
75666.5
75667
75668.5
75669
75669.5
75671
75672.5
75674
75674.5
75675
75675.5
75677
75677.5
75679
75680.5
75682
75682.5
75683
75683.5
75684
75685.5
75686
75687
75688
75689.5
75690
75691
75692
75693
75694
75695
75696
75696.5
75697
75698.5
75699
75700.5
75702
75702.5
75704
75705
75706
75707
75708
75709
75710
75710.5
75711
75712.5
75713
75714.5
75715
75716
75717
75718
75719
75720
75721
75722
75723
75724
75725
75726
75727
75728.5
75730
75730.5
75732
75732.5
75733
75734
75735
75736
75737
75738
75739
75740
75741
75742
75743
75744
75745
75746
75747
75748
75749
75749
75751
75751
75751
75751.5
75752
75753.5
75755
75757
75759
75759
75761
75761
75761
75761.5
75762
75763
75764
75765.5
75767
75769
75769
75771
75773
75773
75775
75775
75777
75777
75779
75780
75781
75782
75783
75784
75785
75786
75787
75788
75789
75790
75791
75792.5
75793
75794.5
75795
75796
75797
75798
75799
75800
75801
75802
75803
75804
75805
75806
75807
75808
75809
75810
75811
75811
75813
75813
75815
75816
75817
75818
75819
75819
75819
75819.5
75820
75821.5
75822
75823
75824
75825
75826
75827
75828
75829
75830
75831
75832
75832
75832
75834
75836
75836
75838
75839
75840
75841.5
75842
75843
75844
75844
75844
75844.5
75845
75846
75847
75848.5
75850
75852
75852
75852.5
75853
75854.5
75855
75856.5
75857
75858.5
75859
75860
75861
75861
75863
75863
75865
75865
75865
75866
75867
75869
75869
75870
75871
75872
75873
75874
75875
75876
75877
75878
75879
75880
75881
75882
75883
75884
75885
75886
75887
75889
75891
75892
75893
75894
75895
75895
75895
75897
75897
75898
75899
75900
75901
75902
75903
75904
75905
75906
75907
75907.5
75909
75910
75911
75912
75913
75914
75915
75916
75917
75918
75919
75921
75921
75922
75923
75924
75925
75926
75927
75927.5
75929
75929.5
75931
75931.5
75933
75934
75935
75936
75937
75938
75939
75940
75941
75942
75943
75944
75945
75946
75947
75948
75949
75951
75953
75953
75953
75954
75955
75956
75957
75958
75959
75960
75961
75962
75963
75964
75965
75966
75967
75968
75969
75970
75971
75971.5
75973
75973.5
75974
75975
75976
75976.5
75977
75977.5
75978
75978
75980
75980
75980
75982
75982
75984
75984
75986
75988
75989.5
75991
75992.5
75993
75994.5
75996
75997
75998
75998.5
75999
76000.5
76002
76003
76004
76005
76006
76007
76008
76009.5
76011
76011.5
76012
76013
76014
76015
76016
76017
76018
76019
76020
76021
76022
76022.5
76023
76024.5
76025
76026.5
76027
76027.5
76028
76028
76030
76030
76032
76032
76032
76034
76036
76036
76036
76036.5
76037
76038.5
76039
76040
76041
76042.5
76043
76044
76045
76046
76047
76047.5
76048
76049.5
76051
76052
76053
76054
76055
76056
76057
76058
76059
76060
76061
76062
76063
76064.5
76065
76066.5
76067
76068
76069
76070.5
76071
76072
76073
76073.5
76074
76075.5
76077
76077.5
76078
76079.5
76080
76081.5
76082
76082.5
76084
76084.5
76085
76085
76087
76088.5
76090
76090.5
76091
76091
76093
76093
76093
76095
76095
76096
76097
76098
76099
76100
76101
76102
76103
76104
76105
76106
76107
76108
76109
76109
76109
76111
76111
76113
76115
76116
76117
76117
76119
76119
76121
76122
76123
76124
76125
76126
76127
76128
76129
76131
76131
76133
76133
76134
76135
76136
76137
76138
76139
76141
76143
76144.5
76145
76145
76147
76147
76149
76149
76149
76150
76151
76152
76153
76154
76155
76156
76157
76158
76159
76160
76161
76163
76165
76165
76167
76167
76169
76170.5
76171
76171
76171
76172
76173
76174
76175
76176
76177
76178
76179
76180
76181
76182
76183
76184
76185
76186
76187
76188
76189
76190
76191
76191
76191
76193
76193
76194
76195
76196
76197
76198
76199
76199.5
76200
76201
76202
76203.5
76205
76205.5
76207
76208
76209
76209.5
76211
76211.5
76213
76213.5
76214
76215.5
76217
76217.5
76219
76219.5
76221
76221.5
76223
76224
76225
76227
76229
76229
76231
76231
76233
76234
76235
76236
76237
76237
76237
76238
76239
76239.5
76241
76241.5
76242
76243.5
76245
76245.5
76247
76248
76249
76250
76251
76252
76253
76255
76255
76257
76257
76258
76259
76260
76261
76262
76263
76263.5
76265
76265.5
76267
76267.5
76268
76269
76270
76271
76272
76272.5
76274
76275
76276
76277
76278
76278.5
76279
76280
76281
76282
76283
76284
76285
76286
76287
76288
76289
76290
76291
76292
76293
76294
76295
76296
76297
76298
76299
76300
76301
76302
76303
76304
76305
76305.5
76307
76308
76309
76310
76311
76311.5
76313
76314
76315
76316
76317
76318
76319
76320
76321
76322
76323
76324
76325
76326
76327
76328
76329
76329.5
76330
76331.5
76333
76333.5
76335
76336
76337
76338
76339
76340
76341
76342
76343
76344
76345
76346
76347
76348
76349
76349.5
76351
76351.5
76353
76354
76355
76356
76357
76357.5
76358
76359
76360
76361.5
76362
76363.5
76365
76366
76367
76367.5
76369
76369.5
76371
76372
76373
76374
76375
76376
76377
76377.5
76378
76379.5
76381
76381.5
76382
76383
76384
76385
76386
76387
76388
76389
76390
76391
76392
76393
76394
76395
76396
76396.5
76397
76398.5
76399
76400.5
76402
76402.5
76403
76403.5
76404
76405.5
76407
76407.5
76408
76409
76410
76411.5
76413
76413.5
76415
76416.5
76417
76418.5
76419
76420.5
76421
76422.5
76423
76423.5
76424
76425
76426
76427.5
76429
76429.5
76431
76432.5
76434
76435
76436
76436.5
76438
76438.5
76440
76440.5
76441
76442.5
76444
76444.5
76445
76446.5
76447
76448.5
76450
76450.5
76451
76452.5
76453
76453.5
76454
76455.5
76456
76457.5
76459
76459.5
76461
76462.5
76464
76465
76466
76467
76468
76468.5
76469
76469.5
76470
76471
76472
76472.5
76473
76474
76475
76476
76477
76478
76479
76480
76481
76482
76483
76484
76485
76486
76487
76488
76489
76490
76491
76492.5
76494
76494.5
76495
76496.5
76497
76498.5
76500
76500.5
76502
76503
76504
76505.5
76506
76507.5
76508
76509
76510
76511
76512
76512.5
76513
76514
76515
76516
76517
76518
76519
76520
76521
76522.5
76524
76524.5
76526
76527
76528
76528.5
76530
76530.5
76532
76532.5
76533
76534
76535
76536
76537
76538
76539
76539.5
76541
76542
76543
76544
76545
76546
76547
76548
76549
76549.5
76550
76551
76552
76552.5
76553
76553
76555
76555
76555
76556
76557
76559
76559
76560
76561
76562
76563
76564
76565
76566
76567
76567.5
76568
76569.5
76570
76569.5
76572
76571.5
76574
76573.5
76573
76573.5
76574
76574.5
76575
76576.5
76578
76578.5
76580
76580.5
76581
76582
76583
76584
76585
76586
76587
76587.5
76589
76589.5
76590
76590.5
76591
76592
76593
76594
76595
76596
76597
76598
76599
76600.5
76602
76603.5
76604
76604.5
76606
76606.5
76607
76608.5
76610
76611.5
76613
76613.5
76615
76615.5
76616
76617.5
76619
76619.5
76620
76620.5
76621
76622
76623
76624.5
76625
76626.5
76627
76628.5
76629
76630.5
76631
76632
76633
76634.5
76635
76636
76637
76638
76639
76639.5
76641
76641.5
76642
76643.5
76644
76645
76646
76647.5
76648
76649
76650
76651.5
76652
76653
76654
76655.5
76656
76657
76658
76659
76660
76661.5
76662
76663
76664
76665
76666
76665.5
76665
76666
76667
76669.5
76669
76670
76671
76673.5
76676
76677
76678
76679
76680
76681
76682
76681.5
76684
76685
76686
76687
76688
76687.5
76690
76691
76692
76693
76694
76695.5
76696
76697.5
76698
76699.5
76701
76702
76703
76704.5
76706
76707.5
76709
76710
76711
76712
76713
76714.5
76715
76716
76717
76717.5
76718
76719.5
76721
76722
76723
76724
76725
76725.5
76727
76728
76729
76730
76731
76732
76733
76734
76735
76736
76737
76737.5
76738
76738.5
76740
76740.5
76741
76742.5
76743
76744.5
76746
76747.5
76749
76749.5
76750
76750.5
76751
76752.5
76754
76755.5
76756
76757.5
76758
76758.5
76759
76760
76761
76761.5
76762
76763.5
76764
76765.5
76766
76767
76768
76769
76770
76769.5
76772
76773
76774
76775
76776
76777
76778
76779
76780
76779.5
76782
76783
76784
76785
76786
76787
76788
76789
76790
76791
76792
76793
76794
76793.5
76796
76795.5
76795
76797.5
76800
76801
76802
76803
76804
76805.5
76806
76807
76808
76809
76810
76809.5
76809
76811.5
76811
76812
76813
76814
76815
76816
76817
76817.5
76818
76819
76820
76821
76822
76823
76824
76825
76826
76827
76828
76829
76830
76831
76832
76833
76834
76835
76836
76837
76838
76839
76840
76841
76842
76843
76844
76844.5
76845
76846.5
76847
76847.5
76849
76849.5
76850
76851.5
76852
76853
76854
76854.5
76856
76856.5
76857
76858
76859
76860
76861
76861
76861
76863
76865
76865
76867
76868
76869
76869
76869
76871
76871
76873
76873
76875
76875
76876
76877
76878
76879
76880
76881
76882
76883
76884
76885
76886
76887
76888
76889
76890
76891
76892
76893
76894
76895
76895.5
76896
76897
76898
76899
76900
76901
76902
76903.5
76904
76905
76906
76907
76908
76907.5
76910
76911
76912
76911.5
76911
76913.5
76916
76917
76918
76917.5
76917
76919.5
76922
76923
76924
76925
76926
76925.5
76925
76926
76927
76928
76929
76930
76931
76931.5
76932
76933.5
76934
76935.5
76936
76937.5
76939
76940
76941
76942
76943
76945.5
76945
76946
76947
76948
76949
76951.5
76954
76953.5
76956
76955.5
76958
76959
76960
76959.5
76959
76960
76961
76963.5
76966
76965.5
76968
76969
76970
76969.5
76972
76971.5
76974
76973.5
76976
76977
76978
76977.5
76977
76978
76979
76980
76981
76982
76983
76984
76985
76987.5
76987
76989.5
76989
76991.5
76994
76993.5
76996
76995.5
76998
76999
77000
76999.5
77002
77001.5
77004
77003.5
77006
77007
77008
77007.5
77010
77009.5
77012
77011.5
77011
77013.5
77016
77015.5
77018
77019
77020
77021
77022
77023
77024
77023.5
77023
77024
77025
77026
77027
77028
77029
77030
77031
77032
77033
77034
77035
77036
77037
77038
77039
77039.5
77040
77041.5
77042
77043.5
77044
77045.5
77046
77047.5
77048
77049.5
77051
77051.5
77053
77053.5
77054
77055
77056
77057
77058
77059.5
77060
77061
77062
77063
77064
77065
77066
77067.5
77068
77069.5
77070
77071.5
77072
77073.5
77075
77075.5
77077
77077.5
77079
77079.5
77081
77081.5
77083
77084
77085
77085.5
77087
77088
77089
77090
77091
77091.5
77092
77093.5
77095
77095.5
77097
77098
77099
77100
77101
77102
77103
77104
77105
77106
77107
77107.5
77109
77109.5
77111
77111.5
77113
77113.5
77114
77115
77116
77117
77118
77119
77120
77121
77122
77122
77124
77124
77124
77125
77126
77127
77128
77129
77130
77131
77132
77133
77134
77135
77136
77136.5
77138
77139
77140
77140.5
77142
77142.5
77144
77144.5
77145
77146.5
77147
77148.5
77149
77150.5
77151
77151.5
77153
77154.5
77155
77156.5
77158
77159
77160
77160.5
77162
77163
77164
77165
77166
77166.5
77167
77167.5
77169
77170.5
77171
77172.5
77174
77175
77176
77177
77178
77179
77180
77181
77182
77183
77184
77185
77186
77187
77188
77189
77190
77191
77192
77193
77194
77195
77196
77197
77198
77199
77200
77201
77202
77203
77204
77205
77206
77207
77208
77209
77210
77210.5
77211
77212.5
77214
77215
77216
77217
77218
77219
77220
77221
77222
77223
77224
77224.5
77225
77226.5
77227
77228.5
77229
77229.5
77230
77231.5
77233
77234.5
77235
77235.5
77237
77238.5
77240
77240.5
77242
77242.5
77243
77244.5
77246
77246.5
77248
77249
77250
77251
77252
77252.5
77253
77254.5
77255
77255.5
77257
77257.5
77259
77259.5
77261
77261.5
77262
77263.5
77265
77266.5
77267
77268.5
77269
77269.5
77270
77271
77272
77273
77274
77275
77276
77277
77278
77279
77280
77281.5
77282
77283
77284
77285
77286
77287
77288
77289.5
77290
77291
77292
77293
77294
77295
77296
77297
77298
77298.5
77299
77300.5
77302
77303
77304
77304.5
77306
77307
77308
77309
77310
77310.5
77311
77312.5
77314
77315
77316
77317
77318
77319
77320
77321
77322
77323
77324
77325.5
77326
77327
77328
77329.5
77330
77331
77332
77333.5
77335
77335.5
77336
77337
77338
77339
77340
77340.5
77342
77342.5
77343
77343.5
77344
77345.5
77346
77347.5
77349
77349.5
77350
77350.5
77352
77353.5
77355
77355.5
77356
77356.5
77357
77358.5
77360
77361.5
77363
77363.5
77365
77365.5
77366
77366.5
77367
77367.5
77368
77369
77370
77371.5
77372
77373.5
77375
77375.5
77377
77378.5
77380
77380.5
77382
77383.5
77384
77385.5
77386
77387.5
77388
77389.5
77391
77391.5
77392
77393.5
77394
77394.5
77396
77396.5
77397
77397.5
77399
77400.5
77402
77402.5
77404
77404.5
77405
77405.5
77406
77407
77408
77408.5
77409
77409.5
77411
77411.5
77412
77412
77412
77414
77416
77417.5
77419
77419.5
77420
77421.5
77423
77423.5
77424
77425.5
77426
77427.5
77428
77428
77428
77429
77430
77431
77432
77434
77434
77435
77436
77437
77438
77440
77440
77442
77442
77443
77444
77445
77446
77447
77448
77449
77450
77451
77452
77452.5
77453
77454.5
77455
77456.5
77458
77459
77460
77461
77462
77463
77464
77465
77466
77468
77468
77470
77470
77471
77472
77473
77474
77475
77476
77477
77478
77479
77480
77482
77482
77484
77486
77486
77486
77487
77488
77489
77490
77490.5
77492
77492.5
77493
77494
77495
77495
77495
77497
77499
77499
77499
77499.5
77500
77501
77502
77503
77504
77505
77506
77507
77508
77509
77510
77511
77512
77513.5
77514
77515.5
77516
77517
77518
77519
77520
77521.5
77523
77525
77525
77525.5
77527
77527.5
77528
77529
77530
77531
77532
77533
77534
77535
77536
77537
77538
77539
77540
77541
77542
77543
77544
77545
77546
77547
77548
77549
77550
77550.5
77551
77552.5
77553
77554.5
77555
77556.5
77557
77558.5
77560
77560.5
77562
77562.5
77563
77563.5
77565
77566.5
77568
77568.5
77569
77570.5
77571
77572.5
77574
77575
77576
77577
77578
77578.5
77580
77581
77582
77583
77584
77585
77586
77587
77588
77589
77590
77591
77592
77593
77594
77595
77596
77596.5
77598
77599
77600
77601
77602
77603
77604
77605
77606
77607
77608
77609
77610
77611
77612
77613
77614
77614.5
77615
77616.5
77618
77619
77620
77621
77622
77623.5
77625
77627
77627
77629
77629
77629.5
77630
77631
77632
77633
77634
77635
77636
77637
77638
77639
77640
77641
77642
77643
77644
77645
77646
77647
77648
77649
77650
77651
77652
77653
77654
77655
77656
77657
77658
77659
77660
77661
77662
77663
77664
77665
77666
77667
77668
77669
77670
77671
77672
77673
77674
77675
77676
77677.5
77678
77679
77680
77681
77682
77683.5
77685
77685.5
77686
77687
77688
77689.5
77690
77691
77692
77693
77694
77695
77696
77697
77698
77699
77700
77701
77702
77703
77704
77705
77706
77707
77708
77709
77710
77710.5
77711
77711.5
77712
77713.5
77714
77713.5
77716
77715.5
77718
77719.5
77720
77719.5
77722
77723.5
77724
77725.5
77727
77727.5
77729
77730.5
77731
77732.5
77734
77734.5
77736
77736.5
77738
77739
77740
77741
77742
77742.5
77743
77743.5
77745
77746.5
77748
77748.5
77750
77751
77752
77753
77754
77755
77756
77757
77758
77758.5
77760
77761
77762
77763
77764
77765
77766
77767
77768
77769
77770
77771
77772
77772.5
77774
77775
77776
77776.5
77777
77778.5
77780
77780.5
77782
77782.5
77783
77783.5
77784
77783.5
77786
77787.5
77789
77790.5
77791
77792.5
77793
77794.5
77795
77795.5
77797
77797.5
77799
77799.5
77801
77802.5
77803
77804.5
77805
77805.5
77806
77807.5
77809
77809.5
77811
77812.5
77813
77813.5
77815
77815.5
77816
77817.5
77819
77820.5
77821
77821.5
77823
77824.5
77825
77826.5
77828
77828.5
77830
77830.5
77831
77831.5
77832
77831.5
77834
77833.5
77836
77837.5
77839
77840.5
77841
77842.5
77843
77844.5
77846
77847
77848
77849
77850
77851
77852
77852.5
77854
77854.5
77856
77856.5
77857
77858.5
77859
77860.5
77861
77861.5
77862
77861.5
77861
77862
77863
77864
77865
77865.5
77866
77867.5
77868
77869.5
77870
77871
77872
77873.5
77875
77875.5
77876
77877
77878
77879.5
77881
77882
77883
77884
77885
77887.5
77887
77888
77889
77889.5
77891
77891.5
77892
77893
77894
77895
77896
77897
77898
77899
77900
77901
77902
77903
77904
77905.5
77906
77907
77908
77909
77910
77910.5
77912
77912.5
77913
77914.5
77915
77916
77917
77918.5
77919
77920.5
77922
77922.5
77923
77924
77925
77926
77927
77928
77929
77930
77931
77932
77933
77934
77935
77936
77937
77938
77939
77940
77941
77942
77943
77944
77945
77946
77947
77948
77949
77950
77951
77952
77953
77953.5
77955
77955.5
77957
77957.5
77958
77959
77960
77961.5
77963
77963.5
77964
77965.5
77966
77967.5
77968
77969.5
77970
77971
77972
77972
77974
77974
77974
77976
77976
77977
77978
77978.5
77979
77980
77981
77982.5
77984
77984.5
77985
77986.5
77988
77988.5
77989
77990
77991
77992
77993
77994
77995
77996
77997
77998
77999
78000
78001
78002
78003
78004
78005
78006.5
78008
78008.5
78009
78010
78011
78012
78013
78014.5
78015
78016
78017
78018.5
78020
78020.5
78022
78022.5
78023
78024
78025
78026
78027
78028
78029
78030.5
78031
78032
78033
78034
78035
78036
78037
78038
78039
78040
78041
78042
78043
78044
78045
78046
78047
78047.5
78049
78049.5
78050
78051.5
78053
78054
78055
78056
78057
78058
78059
78060
78061
78062
78063
78063.5
78064
78065.5
78067
78067.5
78068
78069.5
78070
78071.5
78072
78073.5
78075
78076
78077
78078
78079
78080
78081
78082
78083
78084
78085
78086
78087
78088
78089
78090
78091
78092
78093
78094
78095
78096
78097
78098
78099
78100
78101
78102
78103
78104
78105
78106.5
78107
78108.5
78109
78110
78111
78112
78113
78114
78115
78116
78117
78118.5
78119
78120.5
78121
78122
78123
78124
78125
78126
78127
78128
78129
78130
78131
78132
78133
78134
78135
78136
78137
78138
78139
78139.5
78140
78141.5
78143
78143.5
78144
78145.5
78147
78148
78149
78150
78151
78152
78153
78153.5
78155
78155.5
78156
78157
78158
78158.5
78160
78161
78162
78162.5
78163
78164
78165
78166
78167
78168
78169
78170
78171
78172.5
78173
78174.5
78176
78177
78178
78178.5
78180
78181
78182
78182.5
78183
78184.5
78185
78186
78187
78188.5
78189
78190
78191
78192
78193
78194
78195
78196
78197
78198
78199
78200
78201
78202
78203
78204
78205
78206
78207
78208
78209
78210
78211
78212
78213
78214
78215
78216
78217
78218
78219
78220
78221
78222
78223
78223.5
78225
78226
78227
78228
78229
78230
78231
78232
78233
78234
78235
78236
78237
78238
78239
78240
78241
78242
78243
78244
78245
78246.5
78247
78248.5
78249
78250.5
78251
78252
78253
78254
78255
78256
78257
78258
78259
78260
78261
78262
78263
78264
78265
78266
78267
78268
78269
78270
78271
78272
78273
78274
78275
78276
78277
78278
78279
78280
78281
78282
78283
78284
78285
78286
78287
78287.5
78289
78289.5
78291
78291.5
78293
78294
78295
78296
78297
78298
78299
78299.5
78301
78301.5
78302
78303
78304
78305
78306
78306.5
78307
78308.5
78310
78311
78312
78313
78314
78315.5
78317
78317.5
78318
78319.5
78320
78321
78322
78323
78324
78324.5
78325
78326
78327
78328.5
78329
78330.5
78332
78333
78334
78335
78336
78336.5
78337
78338.5
78340
78340.5
78341
78342.5
78344
78344.5
78346
78347
78348
78349
78350
78350.5
78351
78352
78353
78353.5
78354
78355
78356
78356.5
78357
78357.5
78359
78359.5
78361
78362.5
78364
78364.5
78365
78366.5
78367
78367.5
78369
78369.5
78370
78371
78372
78372.5
78373
78374.5
78375
78375.5
78377
78378.5
78380
78381
78382
78382.5
78384
78384.5
78386
78386.5
78388
78389
78390
78391.5
78392
78393.5
78394
78395.5
78397
78398.5
78399
78400.5
78402
78402.5
78403
78404.5
78405
78405.5
78406
78407
78408
78409
78410
78411
78412
78412.5
78414
78414.5
78415
78415.5
78417
78417.5
78419
78420.5
78421
78421.5
78423
78423.5
78424
78425.5
78426
78427
78428
78428.5
78430
78431
78432
78432.5
78434
78434.5
78436
78437
78438
78439
78440
78440.5
78441
78441.5
78443
78443.5
78444
78445.5
78446
78445.5
78448
78449.5
78450
78451.5
78452
78453.5
78455
78455.5
78456
78457.5
78458
78457.5
78460
78459.5
78462
78463.5
78465
78465.5
78466
78467.5
78468
78469.5
78471
78472.5
78474
78474.5
78475
78475.5
78476
78477.5
78478
78479.5
78481
78482.5
78484
78485
78486
78487
78488
78488.5
78490
78491
78492
78493.5
78495
78495.5
78496
78497.5
78498
78499
78500
78500.5
78501
78502.5
78504
78504.5
78505
78506.5
78507
78508.5
78510
78511
78512
78513.5
78515
78515.5
78516
78517.5
78518
78519
78520
78520.5
78522
78523
78524
78525
78526
78526.5
78527
78527.5
78528
78527.5
78527
78529.5
78529
78530
78531
78532
78533
78533.5
78535
78535.5
78537
78538
78539
78541.5
78541
78543.5
78543
78545.5
78545
78547.5
78547
78548
78549
78550
78551
78552
78553
78553.5
78555
78555.5
78556
78557.5
78559
78560
78561
78563.5
78563
78564
78565
78567.5
78570
78569.5
78569
78571.5
78571
78572
78573
78574
78575
78575.5
78577
78578
78579
78579.5
78580
78580.5
78581
78582.5
78583
78584.5
78585
78586.5
78588
78588.5
78589
78590
78591
78592
78593
78593.5
78594
78594
78594
78596
78598
78599.5
78600
78600
78602
78603.5
78604
78604
78606
78606
78606
78608
78610
78610
78610
78612
78612
78613
78614
78614.5
78616
78617
78618
78618.5
78619
78620
78621
78622
78623
78624
78625
78626
78627
78628
78629
78629.5
78630
78631.5
78633
78633.5
78634
78634.5
78635
78636
78637
78638
78639
78640
78641
78642
78643
78644
78645
78646
78647
78648
78649
78650
78651
78652
78653
78653.5
78654
78655
78656
78657.5
78658
78659
78660
78661.5
78662
78663.5
78664
78665.5
78666
78667.5
78669
78669.5
78670
78671
78672
78673.5
78675
78676
78677
78678
78679
78680
78681
78682
78683
78684.5
78685
78686
78687
78688
78689
78690
78691
78692
78693
78694
78695
78696
78697
78698.5
78700
78701.5
78703
78703.5
78704
78705.5
78706
78707.5
78708
78708.5
78709
78710
78711
78712
78713
78714.5
78716
78717.5
78718
78718.5
78719
78720
78721
78722
78723
78724
78725
78725.5
78726
78727.5
78728
78729.5
78730
78731
78732
78733
78734
78735
78736
78737.5
78738
78739.5
78740
78741
78742
78743
78744
78745
78746
78747
78748
78749
78750
78751
78752
78753
78754
78755
78756
78757
78758
78759
78760
78760.5
78762
78762.5
78763
78763
78763
78765
78765
78767
78767
78769
78771
78771
78771
78772
78773
78775
78775
78776
78777
78778
78779
78781
78781
78782
78783
78785
78787
78787
78787
78789
78791
78791
78793
78794.5
78795
78795
78795
78797
78799
78799
78799
78800
78801
78802
78803
78805
78807
78807
78807
78808
78809
78810
78811
78812
78813
78815
78817
78817
78817
78818
78819
78820
78821
78822
78823
78823.5
78824
78825.5
78827
78827.5
78829
78830
78831
78831.5
78833
78833.5
78835
78836
78837
78837.5
78838
78839
78840
78841
78842
78843
78844
78845
78846
78846.5
78847
78847.5
78848
78849
78850
78851
78852
78853
78854
78854.5
78856
78856.5
78857
78858
78859
78860.5
78862
78863
78864
78865
78866
78867
78868
78869
78870
78871
78872
78872.5
78874
78874.5
78875
78876
78877
78877.5
78879
78879.5
78880
78881
78882
78883.5
78885
78885.5
78886
78887.5
78889
78889.5
78891
78891.5
78892
78893
78894
78895.5
78896
78897
78898
78899
78900
78901.5
78902
78903
78904
78905
78906
78907
78908
78909
78910
78911
78912
78913
78914
78915.5
78916
78917
78918
78919
78920
78921
78922
78923
78924
78924.5
78925
78926
78927
78928
78929
78930
78931
78932
78933
78934
78935
78936
78937
78938
78939
78940
78941
78941.5
78943
78943.5
78944
78944.5
78945
78945.5
78946
78947
78948
78948
78948
78949
78950
78951
78952
78952.5
78953
78954
78955
78956
78957
78958.5
78960
78961
78962
78962.5
78964
78964.5
78966
78967
78968
78968.5
78970
78971
78972
78973
78974
78974.5
78976
78977
78978
78978.5
78979
78980
78981
78982
78983
78984
78985
78985.5
78986
78987.5
78988
78989.5
78990
78991.5
78993
78993.5
78994
78995.5
78996
78997
78998
78999
79000
79001
79002
79003
79004
79004.5
79006
79006.5
79007
79008
79009
79010
79011
79012.5
79014
79015
79016
79017
79018
79019
79020
79021
79022
79023
79024
79025
79026
79026.5
79028
79028.5
79030
79031
79032
79032.5
79033
79034
79035
79036
79037
79038
79039
79040.5
79041
79042.5
79044
79045
79046
79047
79048
79049
79050
79051
79052
79053
79054
79055
79056
79057
79058
79058.5
79059
79060
79061
79062.5
79063
79064.5
79065
79066.5
79068
79069
79070
79071
79072
79073
79074
79075
79076
79077
79078
79079
79080
79081
79082
79083
79084
79085
79086
79087
79088
79089
79090
79091.5
79092
79093.5
79094
79095
79096
79097
79098
79099
79100
79101.5
79102
79103.5
79105
79106
79107
79107.5
79108
79109
79110
79111
79112
79113
79114
79115.5
79116
79117
79118
79119
79120
79120.5
79122
79123
79124
79125
79126
79127
79128
79128.5
79129
79130.5
79132
79133
79134
79135
79136
79137
79138
79139.5
79141
79141.5
79142
79143
79144
79145
79146
79147
79148
79149.5
79151
79151.5
79152
79153
79154
79155.5
79156
79157
79158
79159
79160
79161
79162
79162.5
79163
79164
79165
79166
79167
79168
79169
79169.5
79170
79171.5
79172
79173
79174
79175
79176
79177
79178
79179
79180
79181
79182
79182.5
79183
79184
79185
79185.5
79186
79187
79188
79189
79190
79191
79192
79192.5
79193
79194
79195
79196.5
79197
79198
79199
79200.5
79202
79202.5
79203
79204.5
79205
79206.5
79208
79208.5
79210
79210.5
79212
79212.5
79214
79214.5
79216
79216.5
79217
79218
79219
79220
79221
79222
79223
79224
79225
79226.5
79228
79229
79230
79231
79232
79232.5
79234
79235
79236
79237
79238
79239.5
79240
79241.5
79243
79243.5
79244
79245.5
79246
79247
79248
79249
79250
79251.5
79252
79253
79254
79255.5
79257
79258
79259
79259.5
79260
79261
79262
79263.5
79265
79265.5
79266
79267.5
79269
79269.5
79270
79271.5
79273
79273.5
79275
79276
79277
79277.5
79278
79279
79280
79281
79282
79283.5
79284
79285
79286
79287
79288
79289
79290
79291
79292
79293.5
79295
79295.5
79296
79297
79298
79299
79300
79301
79302
79303
79304
79305
79306
79307.5
79308
79309
79310
79311
79312
79312.5
79314
79315
79316
79316.5
79317
79318.5
79320
79320.5
79322
79323
79324
79324.5
79325
79326.5
79327
79328.5
79329
79330.5
79331
79332.5
79334
79335
79336
79337
79338
79338.5
79339
79340.5
79341
79342
79343
79344
79345
79345.5
79346
79347.5
79348
79349.5
79351
79352
79353
79354
79355
79356
79357
79358
79359
79360
79361
79362
79363
79364
79365
79366.5
79367
79368.5
79369
79370
79371
79371.5
79373
79373.5
79374
79375.5
79377
79377.5
79378
79379
79380
79381
79382
79383
79384
79385
79386
79386.5
79387
79388
79389
79390
79391
79392.5
79393
79394.5
79395
79396.5
79397
79398
79399
79400.5
79402
79403
79404
79404.5
79406
79406.5
79408
79408.5
79409
79410.5
79411
79412.5
79414
79414.5
79416
79417
79418
79418.5
79420
79420.5
79422
79423
79424
79424.5
79425
79426
79427
79428
79429
79430
79431
79432
79433
79434
79435
79436.5
79437
79438.5
79439
79440.5
79442
79443
79444
79445
79446
79446.5
79448
79448.5
79449
79450
79451
79452.5
79453
79454
79455
79455.5
79457
79458
79459
79460.5
79462
79462.5
79463
79464.5
79466
79467
79468
79468.5
79469
79470.5
79472
79472.5
79474
79474.5
79475
79476.5
79478
79478.5
79479
79480
79481
79481.5
79483
79484
79485
79486
79487
79488
79489
79490.5
79492
79492.5
79493
79494
79495
79496
79497
79497.5
79499
79500
79501
79502
79503
79503.5
79504
79505
79506
79507
79508
79509
79510
79511
79512
79513
79514
79515
79516
79517
79518
79519
79520
79521
79522
79523
79524
79525
79526
79527
79528
79529
79530
79531
79532
79533
79534
79534.5
79535
79536.5
79537
79538.5
79540
79540.5
79541
79541.5
79543
79544.5
79546
79546.5
79548
79549
79550
79551
79552
79553
79554
79555
79556
79557
79558
79559
79560
79561
79562
79563.5
79564
79565.5
79566
79567
79568
79569
79570
79571.5
79573
79573.5
79574
79575
79576
79577
79578
79579
79580
79581
79582
79583
79584
79585
79586
79587
79588
79589
79590
79591
79592
79593
79594
79594.5
79595
79596.5
79597
79597.5
79598
79599
79600
79601
79602
79603
79604
79604.5
79606
79606.5
79608
79609
79610
79611
79612
79612.5
79613
79613.5
79615
79616.5
79617
79618.5
79620
79620.5
79622
79623
79624
79624.5
79625
79626.5
79627
79627.5
79628
79628.5
79629
79630
79631
79631.5
79632
79632.5
79634
79634.5
79636
79637.5
79639
79639.5
79640
79641.5
79643
79643.5
79644
79644.5
79645
79646.5
79648
79648.5
79650
79651.5
79653
79654
79655
79656
79657
79658
79659
79660.5
79661
79662
79663
79663.5
79664
79664.5
79666
79666.5
79668
79668.5
79669
79670
79671
79672
79673
79674
79675
79676.5
79677
79678
79679
79680
79681
79682
79683
79684
79685
79686
79687
79688
79689
79690
79691
79691.5
79692
79693
79694
79694.5
79695
79696.5
79697
79697.5
79699
79699.5
79701
79701.5
79702
79703.5
79705
79705.5
79706
79707.5
79708
79709.5
79711
79712.5
79714
79715
79716
79717
79718
79719
79720
79721
79722
79722.5
79724
79725
79726
79727
79728
79728.5
79729
79730.5
79731
79731.5
79732
79733.5
79735
79736.5
79737
79738.5
79740
79740.5
79741
79741.5
79742
79742
79742
79744
79744
79746
79746
79747
79748
79749
79750
79751
79752
79753
79754
79755
79756
79756.5
79758
79758.5
79760
79761
79762
79763
79764
79765
79766
79767
79768
79769
79770
79771
79772
79773
79774
79774.5
79776
79776.5
79778
79778.5
79780
79781
79782
79782.5
79783
79784.5
79785
79786.5
79787
79787.5
79789
79789.5
79791
79792.5
79793
79794.5
79796
79796.5
79797
79798.5
79800
79801
79802
79802.5
79803
79803.5
79804
79805.5
79807
79807.5
79808
79809
79810
79810
79810
79812
79812
79814
79816
79816
79818
79819
79820
79821
79822
79823
79824
79824
79824
79826
79828
79829
79830
79830
79832
79833
79834
79835
79836
79837
79838
79838
79840
79840
79842
79842
79844
79844
79844
79845
79846
79847
79848
79850
79852
79852
79854
79855
79856
79856
79856
79858
79858
79859
79860
79861
79862
79863
79864
79865
79866
79867
79868
79869
79870
79871
79872
79873
79874
79875
79876
79877
79878
79879
79880
79881
79882
79883
79884
79885
79886
79886
79886
79888
79890
79890
79890
79892
79894
79894
79896
79897
79898
79899
79900
79900
79900
79902
79902
79903
79904
79906
79908
79908
79908
79910
79910
79911
79912
79913
79914
79915
79916
79917
79918
79919
79920
79921
79922
79923
79924
79925
79926
79928
79928
79930
79932
79932
79932
79934
79934
79936
79938
79938
79938
79940
79940
79941
79942
79943
79944
79945
79946
79947
79948
79949
79950
79950.5
79951
79952
79953
79954.5
79956
79956.5
79958
79958.5
79959
79960.5
79962
79962.5
79963
79964.5
79966
79966.5
79968
79968.5
79969
79970
79971
79971.5
79972
79972.5
79973
79974
79975
79976
79977
79978
79979
79979.5
79981
79982
79983
79983.5
79984
79985
79986
79987
79988
79989
79990
79991
79992
79993
79994
79995
79996
79997
79998
79999
80000
80001
80002
80003
80004
80005
80006
80007
80008
80009
80010
80011
80012
80013
80014
80015
80016
80016.5
80017
80018.5
80019
80020.5
80022
80023
80024
80025
80026
80027
80028
80028.5
80030
80030.5
80031
80032
80033
80034
80035
80036
80037
80038.5
80040
80041
80042
80042.5
80043
80044
80045
80046
80047
80048
80049
80049
80049
80049.5
80050
80051
80052
80052.5
80054
80055
80056
80056.5
80057
80057.5
80058
80058
80058
80059
80060
80062
80062
80063
80064
80065
80066
80066
80068
80068
80068
80069
80070
80071
80072
80074
80076
80076
80076
80078
80080
80080
80080
80081
80082
80083
80084
80085
80086
80087
80088
80089
80090
80091
80092
80093
80094
80095
80096
80097
80098
80100
80100
80101
80102
80102
80104
80105
80106
80106
80106
80107
80108
80109
80110
80111
80112
80113
80114
80115
80116
80116.5
80117
80117.5
80119
80119.5
80120
80121.5
80123
80124.5
80126
80127
80128
80129
80130
80131
80132
80133
80134
80134.5
80135
80135.5
80137
80137.5
80138
80139
80140
80141
80142
80143
80144
80145
80146
80147
80148
80149
80150
80151
80152
80153.5
80154
80155.5
80157
80158.5
80159
80160.5
80161
80161.5
80163
80164.5
80165
80166.5
80168
80168.5
80169
80169.5
80171
80172.5
80174
80174.5
80176
80176.5
80178
80179
80180
80180.5
80182
80182.5
80184
80185
80186
80186.5
80187
80188.5
80190
80191
80192
80192.5
80193
80194.5
80196
80197
80198
80199
80200
80201
80202
80203
80204
80205
80206
80206.5
80207
80207.5
80208
80209
80210
80211
80212
80213
80214
80215
80216
80217
80218
80219
80220
80221
80222
80223
80224
80225
80226
80227
80228
80229
80230
80231
80232
80233
80234
80234
80236
80236
80238
80239
80240
80241
80242
80243
80244
80245
80246
80247
80248
80249
80250
80251
80252
80253
80254
80255
80256
80257
80258
80259
80260
80261
80262
80263
80264
80265
80266
80267
80268
80269
80270
80270
80270
80272
80274
80274
80276
80277
80278
80278
80280
80280
80280
80281
80282
80283
80284
80285
80286
80287
80288
80290
80292
80293
80294
80295
80296
80297
80298
80299
80300
80301
80302
80302
80302
80303
80304
80306
80306
80308
80310
80310
80310
80311
80312
80313
80314
80315
80316
80318
80318
80319
80320
80321
80322
80323
80324
80325
80326
80327
80328
80328
80330
80331
80332
80332
80332
80333
80334
80336
80338
80338
80338
80339
80340
80341
80342
80344
80346
80346
80346
80348
80348
80349
80350
80352
80354
80354
80354
80355
80356
80357
80358
80359
80360
80361
80362
80363
80364
80365
80366
80367
80368
80368.5
80370
80371
80372
80373
80374
80374.5
80376
80377
80378
80379
80380
80381
80382
80383
80384
80385
80386
80387
80388
80389
80390
80391
80392
80394
80394
80396
80396
80397
80398
80399
80400
80402
80402
80403
80404
80405
80406
80407
80408
80409
80410
80411
80412
80413
80414
80415
80416
80417
80418
80419
80420
80421
80422
80423
80424
80425
80426
80427
80428
80429
80430
80431
80432
80433
80434
80435
80436
80437
80438
80438.5
80439
80440
80441
80442
80443
80444
80445
80446
80447
80448
80449
80450
80451
80451.5
80453
80453.5
80455
80455.5
80457
80457.5
80459
80460
80461
80462.5
80464
80464.5
80466
80466.5
80467
80468
80469
80469.5
80470
80470.5
80471
80471.5
80472
80473
80474
80475
80476
80477.5
80478
80479.5
80481
80482.5
80483
80483.5
80484
80485.5
80487
80487.5
80488
80489.5
80491
80492.5
80493
80494.5
80495
80495.5
80497
80497.5
80498
80499
80500
80501.5
80503
80504.5
80505
80505.5
80506
80507
80508
80509
80510
80511.5
80513
80513.5
80514
80515
80516
80517
80518
80519
80520
80521
80522
80523
80524
80525
80526
80527.5
80529
80529.5
80531
80532.5
80533
80533.5
80535
80535.5
80537
80538.5
80540
80541.5
80542
80543.5
80544
80544.5
80546
80547.5
80548
80548.5
80550
80550.5
80551
80551.5
80553
80554.5
80555
80555.5
80556
80557
80558
80559
80560
80561
80562
80563
80564
80565
80566
80567
80568
80567.5
80567
80567.5
80568
80569
80570
80571.5
80573
80575.5
80575
80577.5
80580
80579.5
80579
80581.5
80584
80585
80586
80587
80588
80589
80590
80591
80592
80593
80594
80595
80596
80597
80598
80599
80600
80601
80602
80603
80604
80605
80606
80607
80608
80609
80610
80611
80612
80613
80614
80615
80616
80617
80618
80619
80620
80621
80622
80623
80624
80625
80626
80627
80628
80629
80630
80629.5
80632
80631.5
80634
80633.5
80633
80633.5
80635
80637.5
80637
80637.5
80639
80639.5
80641
80643.5
80643
80645.5
80648
80647.5
80647
80647.5
80648
80649.5
80650
80651.5
80653
80653.5
80655
80655.5
80656
80657
80658
80659
80660
80661
80662
80663
80664
80665
80666
80667
80668
80669
80670
80671
80672
80673
80674
80675
80676
80677
80678
80679
80680
80681.5
80682
80683
80684
80685
80686
80687
80688
80689
80690
80691
80692
80693
80694
80695
80696
80697
80698
80699
80700
80701
80702
80703
80704
80705
80706
80707
80708
80709
80710
80711
80712
80713
80714
80715
80716
80717
80718
80719
80720
80721
80722
80723
80724
80725
80726
80727
80728
80729
80730
80731
80732
80733
80734
80735
80736
80737
80738
80739
80740
80741
80742
80743
80744
80745
80746
80747
80748
80749
80750
80751
80752
80753
80754
80755
80756
80757
80758
80759
80760
80761
80762
80763
80764
80765
80766
80767
80768
80769
80770
80771
80772
80773
80774
80775
80776
80777
80778
80779
80780
80780.5
80781
80782
80783
80784
80785
80786
80787
80788
80789
80790
80791
80792
80793
80794
80795
80796
80797
80798
80799
80799.5
80800
80800
80802
80803.5
80805
80805.5
80806
80806
80808
80808
80808
80809
80810
80811
80812
80814
80814
80815
80816
80817
80818
80819
80820
80821
80822
80822.5
80823
80824
80825
80826
80827
80827.5
80829
80829.5
80831
80831.5
80832
80833.5
80835
80835.5
80836
80837.5
80838
80839.5
80841
80841.5
80843
80844
80845
80845.5
80847
80848
80849
80849.5
80851
80852
80853
80854
80855
80856
80857
80857.5
80858
80859.5
80861
80862
80863
80863.5
80864
80865.5
80866
80867
80868
80869
80870
80871.5
80873
80873.5
80875
80875.5
80876
80877
80878
80879
80880
80881
80882
80883
80884
80884
80886
80886
80888
80888
80890
80891
80892
80893
80894
80894
80894
80896
80896
80896.5
80897
80898
80899
80900
80901
80902
80903
80904
80905
80905.5
80906
80907.5
80909
80910
80911
80912
80913
80914
80915
80916
80917
80917.5
80919
80920
80921
80922
80923
80924
80925
80926
80927
80928
80929
80930
80931
80932
80933
80934
80935
80936
80937
80938
80939
80940
80941
80942
80943
80944
80945
80945.5
80947
80947.5
80948
80948.5
80949
80950
80951
80952
80953
80954
80955
80956
80957
80958
80959
80959.5
80960
80961.5
80962
80963
80964
80965.5
80966
80967
80968
80969
80970
80970.5
80971
80972
80973
80974
80975
80976
80977
80978
80979
80980
80981
80982
80983
80984
80985
80986
80987
80988
80989
80990
80991
80992
80993
80994
80995
80996
80997
80997.5
80998
80999
81000
81001.5
81003
81003.5
81004
81005.5
81006
81007.5
81009
81010
81011
81011.5
81013
81013.5
81014
81015
81016
81017
81018
81019.5
81020
81021
81022
81023
81024
81025
81026
81027
81028
81029
81030
81031.5
81033
81033.5
81035
81036
81037
81038
81039
81039.5
81041
81042
81043
81044
81045
81045.5
81046
81047
81048
81049
81050
81051.5
81052
81053
81054
81055.5
81057
81057.5
81059
81060
81061
81062
81063
81064
81065
81066
81067
81067.5
81068
81069
81070
81071
81072
81073
81074
81075.5
81076
81077
81078
81079
81080
81081
81082
81083
81084
81085
81086
81087.5
81089
81090
81091
81092
81093
81094
81095
81095.5
81096
81097
81098
81099
81100
81101
81102
81102.5
81104
81104.5
81106
81107
81108
81108.5
81109
81110.5
81111
81112
81113
81113.5
81115
81115.5
81116
81117.5
81119
81119.5
81120
81121.5
81123
81124
81125
81126
81127
81128.5
81130
81130.5
81132
81133
81134
81135
81136
81137
81138
81139
81140
81141
81142
81143
81144
81145
81146
81147
81148
81149
81150
81151
81152
81153
81154
81155
81156
81157
81158
81158.5
81160
81161
81162
81162.5
81163
81164.5
81165
81166
81167
81168
81169
81170
81171
81172.5
81173
81174
81175
81175.5
81176
81177
81178
81179
81180
81181
81182
81183
81184
81184.5
81186
81187
81188
81189
81190
81191
81192
81192.5
81193
81194.5
81195
81195.5
81196
81197.5
81198
81199
81200
81201
81202
81203
81204
81205
81206
81206.5
81208
81209
81210
81210.5
81211
81212.5
81213
81213.5
81215
81215.5
81217
81218.5
81220
81221
81222
81223.5
81224
81225
81226
81227
81228
81229
81230
81231
81232
81233
81234
81234.5
81235
81235.5
81236
81237
81238
81239
81240
81241
81242
81242.5
81244
81245
81246
81247
81248
81249
81250
81250.5
81251
81252.5
81254
81254.5
81256
81256.5
81258
81258.5
81259
81259.5
81261
81261.5
81263
81263.5
81264
81264.5
81266
81266.5
81268
81268.5
81269
81270.5
81272
81272.5
81274
81274.5
81275
81276
81277
81278
81279
81279.5
81281
81281.5
81282
81283.5
81285
81285.5
81287
81287.5
81288
81289
81290
81291.5
81292
81293
81294
81295
81296
81297
81298
81299.5
81300
81301
81302
81302.5
81304
81304.5
81305
81305.5
81306
81307.5
81308
81309.5
81311
81311.5
81312
81313.5
81314
81315
81316
81316.5
81317
81318
81319
81320
81321
81322
81323
81324
81325
81326
81327
81328
81329
81330
81331
81332
81333
81334
81335
81336
81337
81338
81339
81339.5
81340
81341.5
81342
81343
81344
81345
81346
81347
81348
81349
81350
81351
81352
81352.5
81354
81355
81356
81356.5
81358
81358.5
81360
81360.5
81361
81362.5
81363
81364.5
81366
81367
81368
81369
81370
81371
81372
81373
81374
81375
81376
81377
81378
81379
81380
81380.5
81382
81382.5
81384
81384.5
81385
81386.5
81388
81388.5
81389
81390.5
81392
81392.5
81393
81394
81395
81396
81397
81398
81399
81399.5
81401
81401.5
81402
81403
81404
81405
81406
81407
81408
81409
81410
81411
81412
81412.5
81414
81415
81416
81417
81418
81419
81420
81421
81422
81423
81424
81425.5
81427
81427.5
81428
81429.5
81431
81431.5
81433
81434
81435
81436
81437
81438
81439
81440
81441
81442
81443
81444
81445
81446
81447
81448
81449
81450
81451
81452
81453
81454
81455
81456.5
81457
81458
81459
81460
81461
81462
81463
81464
81465
81465.5
81466
81467
81468
81469
81470
81471
81472
81473
81474
81475
81476
81477
81478
81479
81480
81481
81482
81483
81484
81485
81486
81487
81488
81489
81490
81491
81492
81493
81494
81495
81496
81497
81498
81499
81500
81501
81502
81503
81504
81505
81506
81507
81508
81509
81510
81510.5
81511
81512.5
81514
81514.5
81515
81516
81517
81518.5
81519
81520
81521
81522
81523
81524
81525
81526
81527
81528.5
81530
81530.5
81532
81532.5
81534
81535
81536
81537
81538
81539
81540
81541
81542
81543
81544
81545
81546
81547
81548
81549
81550
81551
81552
81553
81554
81555
81556
81557.5
81558
81559
81560
81561
81562
81563
81564
81565.5
81566
81567
81568
81569
81570
81571.5
81572
81573
81574
81575.5
81576
81577.5
81578
81579
81580
81581
81582
81583
81584
81585
81586
81587
81588
81589
81590
81591
81592
81593
81594
81595
81596
81597
81598
81599
81600
81601
81602
81603
81604
81605
81606
81607
81608
81609
81610
81611
81612
81613
81614
81615
81616
81617.5
81618
81619.5
81620
81621.5
81622
81623
81624
81625.5
81627
81627.5
81629
81629.5
81630
81631
81632
81633
81634
81635
81636
81637
81638
81639
81640
81641
81642
81642.5
81644
81644.5
81645
81646.5
81648
81648.5
81650
81650.5
81652
81653
81654
81655
81656
81657
81658
81659
81660
81661
81662
81663
81664
81665
81666
81667
81668
81669
81670
81671
81672
81673
81674
81675
81676
81677
81678
81679
81680
81680.5
81681
81682
81683
81684
81685
81686
81687
81687.5
81689
81689.5
81690
81691
81692
81693
81694
81695.5
81696
81697.5
81699
81699.5
81701
81702
81703
81704
81705
81705.5
81706
81707
81708
81709
81710
81711.5
81713
81713.5
81715
81715.5
81717
81717.5
81719
81719.5
81720
81721.5
81722
81723.5
81725
81726
81727
81728
81729
81730
81731
81731.5
81733
81734
81735
81736
81737
81737.5
81738
81739.5
81740
81741
81742
81743
81744
81745
81746
81746.5
81748
81749
81750
81751.5
81752
81753.5
81755
81756
81757
81757.5
81758
81759
81760
81760.5
81761
81762
81763
81764
81765
81766
81767
81767
81767
81767
81769
81771
81773
81773
81773
81773
81775
81775
81777
81777
81777
81778
81779
81781
81781
81783
81785
81785
81785
81787
81789
81789
81791
81793
81793
81793
81793
81795
81797
81799
81799
81799
81799
81800
81801
81803
81805
81807
81807
81807
81807
81809
81811
81811
81813
81815
81817
81818
81819
81820
81821
81821
81821
81823
81823
81823
81823
81824
81825
81825.5
81826
81827
81828
81829
81830
81831.5
81833
81834
81835
81836
81837
81839
81839
81840
81841
81841.5
81842
81843
81844
81844.5
81846
81846.5
81847
81847.5
81848
81849
81850
81851
81852
81853
81854
81855
81856
81856.5
81857
81857
81859
81860.5
81862
81862.5
81863
81863
81865
81866.5
81868
81868.5
81869
81869
81871
81871
81873
81873
81875
81876.5
81877
81878.5
81879
81880.5
81882
81883
81884
81885
81886
81887
81888
81889
81890
81891
81892
81893
81894
81895
81896
81897
81898
81898.5
81899
81899
81899
81900
81901
81902
81903
81904
81905
81906
81907
81908
81909
81910
81911
81912
81913
81913.5
81914
81915
81916
81917.5
81918
81919.5
81920
81921
81922
81923
81924
81925
81926
81927.5
81929
81929.5
81930
81931
81932
81933
81934
81935
81936
81937
81938
81939.5
81940
81941.5
81942
81943
81944
81945
81946
81947
81948
81948
81948
81949
81950
81950.5
81952
81952.5
81953
81953.5
81954
81955
81956
81957.5
81958
81959.5
81961
81962.5
81963
81964.5
81965
81966.5
81967
81967.5
81968
81969.5
81971
81972.5
81974
81974.5
81976
81976.5
81978
81979
81980
81981
81982
81982.5
81983
81983.5
81985
81985.5
81986
81987.5
81988
81989
81990
81991
81992
81992
81992
81994
81996
81997
81998
81999
82000
82001.5
82002
82003
82004
82005.5
82007
82007.5
82008
82009.5
82011
82011.5
82013
82014.5
82016
82017
82018
82019
82020
82021
82022
82022.5
82023
82024.5
82025
82026.5
82027
82027.5
82028
82029
82030
82031.5
82033
82034.5
82035
82036.5
82038
82039
82040
82040.5
82042
82042.5
82044
82045
82046
82046.5
82047
82048.5
82049
82049.5
82050
82051.5
82052
82053
82054
82055
82056
82057
82058
82059
82060
82061
82062
82063
82064
82065.5
82067
82067.5
82068
82069.5
82070
82071
82072
82073
82074
82075
82076
82077
82078
82079
82080
82080
82082
82082
82082
82082.5
82083
82083.5
82085
82086.5
82087
82088.5
82089
82090.5
82091
82091.5
82092
82092.5
82093
82093.5
82094
82095.5
82096
82097
82098
82099
82100
82101
82102
82103
82104
82105
82106
82106
82106
82107
82108
82110
82110
82111
82112
82114
82114
82115
82116
82116.5
82118
82118.5
82119
82120.5
82121
82122
82123
82124
82125
82126
82127
82128
82129
82130
82131
82132
82133
82134
82135
82135.5
82136
82137.5
82139
82140
82141
82142
82143
82144
82145
82145.5
82147
82148
82149
82149.5
82150
82151.5
82152
82153.5
82154
82155
82156
82157
82158
82159.5
82161
82161.5
82162
82163
82164
82165
82166
82167
82168
82169
82170
82171
82172
82172.5
82173
82174.5
82176
82176.5
82177
82178.5
82179
82180
82181
82181.5
82182
82183.5
82184
82185.5
82186
82187
82188
82189
82190
82191
82192
82193
82194
82195
82196
82197
82198
82199.5
82201
82201.5
82203
82203.5
82204
82205
82206
82207
82208
82209
82210
82211
82212
82213
82214
82215
82216
82217
82218
82219
82220
82221
82222
82223
82224
82225
82226
82227
82228
82229
82230
82231
82232
82233
82234
82235
82236
82237
82238
82239
82240
82241
82242
82243
82244
82245
82246
82247
82248
82249
82250
82251
82252
82253
82254
82255
82256
82257
82258
82259
82260
82261
82262
82263
82264
82265
82266
82267
82268
82269
82270
82271
82272
82273
82274
82275
82276
82277
82278
82279
82280
82281
82282
82283
82284
82285
82286
82287
82288
82289
82290
82291
82292
82293
82294
82295
82296
82297
82298
82299
82300
82301
82302
82302
82304
82305
82306
82307
82308
82309
82310
82310
82310
82311
82312
82313
82314
82315
82316
82317
82318
82319
82320
82321
82322
82323
82324
82325
82326
82328
82328
82329
82330
82331
82332
82333
82334
82336
82336
82338
82338
82339
82340
82341
82342
82343
82344
82345
82346
82347
82348
82349
82350
82351
82352
82353
82354
82355
82356
82358
82360
82360
82362
82363
82364
82365
82366
82367
82368
82369
82370
82371
82372
82373
82374
82375
82376
82377
82378
82379
82380
82381
82382
82383
82384
82385
82386
82386
82386
82387
82388
82389
82390
82390.5
82392
82392.5
82394
82394.5
82396
82397
82398
82399
82400
82401
82402
82403
82404
82404.5
82406
82407
82408
82408.5
82409
82410.5
82411
82412.5
82413
82414
82415
82416
82417
82418
82419
82420
82421
82422
82423
82424
82425
82426
82427
82428
82429
82430
82431
82432
82433
82434.5
82436
82436.5
82438
82438.5
82439
82440
82441
82442
82443
82444
82445
82446
82447
82448
82449
82450
82451
82452
82453
82454
82455
82456
82457
82458
82459
82460
82461
82462
82463
82464
82465
82466
82467
82468
82469
82470
82471
82472
82473
82473.5
82475
82476
82477
82478
82479
82479.5
82480
82481
82482
82483
82484
82485
82486
82487
82488
82489
82490
82491
82492
82493
82494
82495.5
82496
82497
82498
82499.5
82500
82501
82502
82503.5
82504
82505
82506
82507.5
82508
82509
82510
82511.5
82512
82513
82514
82515.5
82517
82517.5
82519
82519.5
82520
82521.5
82522
82523.5
82524
82525
82526
82527
82528
82529
82530
82530.5
82531
82532
82533
82534
82535
82536
82537
82537
82537
82538
82539
82541
82543
82543
82543
82545
82547
82547
82547
82549
82551
82551
82553
82553
82553
82555
82557
82557
82559
82560
82561
82562
82563
82563
82563
82565
82565
82566
82567
82568
82569
82570
82571
82572
82573
82574
82575
82576
82577
82578
82579
82579.5
82580
82581
82582
82583
82584
82585
82586
82587
82588
82589
82590
82591
82592
82593
82594
82595
82596
82597
82598
82599.5
82600
82601.5
82603
82603.5
82604
82605
82606
82607
82608
82609
82610
82611
82612
82612.5
82614
82614.5
82615
82616.5
82618
82618.5
82620
82621
82622
82623
82624
82625
82626
82626.5
82627
82628.5
82629
82629
82631
82632.5
82634
82635
82636
82636.5
82638
82639
82640
82641
82642
82642.5
82644
82644.5
82646
82647
82648
82649
82650
82651.5
82652
82653.5
82655
82655.5
82657
82658
82659
82660
82661
82662
82663
82664
82665
82666
82667
82668
82669
82670
82671
82672
82673
82675
82675
82676
82677
82678
82679
82680
82681
82683
82683
82684
82685
82686
82687
82689
82689
82690
82691
82692
82693
82694
82695
82696
82697
82697.5
82699
82699.5
82700
82701
82702
82703.5
82704
82705.5
82707
82708
82709
82710
82711
82712
82713
82714
82715
82716
82717
82718
82719
82720
82721
82722
82723
82724
82725
82725.5
82726
82727
82728
82729
82730
82731
82732
82733
82734
82735
82736
82736.5
82737
82738.5
82739
82739
82741
82741
82741
82741
82741
82742
82743
82744
82745
82745.5
82747
82747.5
82748
82749.5
82750
82751.5
82753
82754
82755
82755.5
82756
82757.5
82758
82759
82760
82760.5
82762
82762.5
82763
82764.5
82766
82767
82768
82769
82770
82771.5
82772
82773
82774
82774.5
82775
82776
82777
82778
82779
82780.5
82781
82782.5
82783
82784
82785
82786
82787
82788
82789
82790.5
82792
82793
82794
82795
82796
82796.5
82798
82799
82800
82801.5
82802
82803.5
82804
82805
82806
82807.5
82809
82809.5
82810
82811
82812
82813
82814
82814.5
82815
82816.5
82817
82818
82819
82820
82821
82822
82823
82824
82825
82826.5
82828
82828.5
82829
82830
82831
82832.5
82834
82834.5
82836
82837
82838
82839
82840
82841.5
82843
82843.5
82845
82846
82847
82848
82849
82850
82851
82853
82855
82855
82855
82857
82857
82859
82861
82863
82863
82865
82867
82867
82867
82869
82871
82872.5
82874
82875
82876
82876.5
82877
82878.5
82879
82879
82881
82882.5
82884
82885
82886
82887
82888
82889
82890
82891
82892
82893
82894
82895.5
82896
82897
82898
82899
82900
82901
82902
82903
82904
82905
82906
82907
82908
82909
82910
82911.5
82913
82914
82915
82915.5
82916
82917.5
82919
82920
82921
82922
82923
82924
82925
82926
82927
82928
82929
82930
82931
82932
82933
82934
82935
82936
82937
82938
82939
82939.5
82941
82941.5
82942
82943.5
82945
82946
82947
82948
82949
82950
82951
82951.5
82953
82954
82955
82956
82957
82958
82959
82959.5
82961
82962
82963
82964
82965
82966
82967
82968
82969
82969.5
82970
82971.5
82973
82973.5
82975
82976
82977
82978
82979
82980
82981
82982
82983
82984
82985
82986
82987
82988
82989
82990
82991
82992
82993
82994
82995
82996
82997
82997.5
82998
82999.5
83000
83001.5
83003
83003.5
83005
83005.5
83006
83007
83008
83009.5
83011
83011.5
83012
83013
83014
83015
83016
83017
83018
83019
83020
83021
83022
83023
83024
83025
83026
83027
83028
83028.5
83029
83029
83029
83029
83031
83031
83033
83035
83035
83035
83035
83036
83037
83038
83039
83040
83041
83043
83045
83045
83045
83046
83047
83048
83049
83050
83051
83052
83053
83053.5
83055
83055.5
83057
83057.5
83058
83059.5
83060
83061
83062
83063.5
83064
83065
83066
83067.5
83069
83069.5
83071
83071.5
83072
83073.5
83075
83076
83077
83078
83079
83080
83081
83082
83083
83084
83085
83086
83087
83088
83089
83090
83091
83092
83093
83093.5
83095
83096
83097
83099
83099
83100
83101
83102
83103
83104
83105
83107
83107
83109
83109
83110
83111
83111.5
83112
83113
83114
83114.5
83115
83116
83117
83118
83119
83120
83121
83122
83123
83124
83125
83126
83127
83128
83129
83130
83131
83132
83133
83134
83135
83136
83137
83138
83139
83140
83141
83142
83143
83144
83145
83146
83147
83148
83149
83150
83151
83151.5
83152
83153.5
83154
83155.5
83156
83157.5
83158
83159.5
83160
83161
83162
83163
83164
83165
83166
83167
83168
83169
83170
83171.5
83173
83173.5
83174
83175.5
83177
83178
83179
83180
83181
83181.5
83182
83183
83184
83185
83186
83187
83188
83189
83190
83191
83192
83193
83194
83195
83196
83197
83198
83199
83200
83201
83202
83203
83204
83205.5
83207
83207.5
83209
83210
83211
83211.5
83212
83213.5
83215
83216
83217
83217.5
83219
83219.5
83221
83222
83223
83223.5
83224
83225.5
83227
83227.5
83228
83229.5
83230
83231
83232
83233.5
83235
83236
83237
83237.5
83239
83240
83241
83241.5
83242
83243
83244
83245
83246
83247
83248
83248.5
83250
83250.5
83251
83252.5
83253
83253.5
83254
83255
83256
83257
83258
83259
83260
83260
83260
83262
83262
83263
83264
83266
83266
83268
83268
83270
83270
83272
83272
83274
83274
83276
83278
83279
83280
83281
83282
83283.5
83284
83285
83286
83287
83288
83288
83288
83289
83290
83292
83294
83295
83296
83297
83298
83299
83300
83301
83302
83303.5
83304
83305.5
83306
83307.5
83309
83310.5
83312
83312.5
83314
83315
83316
83316.5
83317
83317.5
83319
83320.5
83322
83322.5
83324
83325
83326
83327
83328
83329
83330
83331
83332
83333
83334
83335
83336
83337
83338
83339
83340
83341
83342
83343
83344
83345
83346
83347
83348
83349
83350
83351
83352
83352.5
83353
83353.5
83355
83355.5
83356
83357
83358
83359
83360
83361
83362
83362
83362
83364
83364
83366
83366
83367
83368
83368.5
83369
83370
83371
83372
83373
83374.5
83375
83376.5
83377
83378
83379
83380
83381
83381.5
83382
83383
83384
83385
83386
83387
83388
83389
83390
83391
83392
83393.5
83395
83395.5
83396
83397
83398
83399.5
83400
83401.5
83402
83403
83404
83405
83406
83407
83408
83409
83410
83411
83412
83413
83414
83415
83416
83417
83418
83419
83420
83421
83422
83423
83424
83425
83426
83427
83428
83429
83430
83431
83432
83433
83434
83435
83436
83437
83438
83439
83440
83441
83442
83443
83444
83444.5
83445
83446.5
83447
83447.5
83448
83449
83450
83450.5
83452
83453
83454
83455
83456
83457
83458
83459
83460
83461
83462
83463.5
83465
83466.5
83467
83467.5
83469
83469.5
83470
83471
83472
83473
83474
83474.5
83475
83475.5
83476
83477
83478
83479
83480
83481
83482
83482.5
83483
83484.5
83486
83487
83488
83489.5
83491
83491.5
83492
83493
83494
83495
83496
83497
83498
83499
83500
83500.5
83501
83502.5
83504
83504.5
83506
83507
83508
83509.5
83511
83511.5
83513
83513.5
83515
83516.5
83517
83517.5
83518
83519.5
83521
83522.5
83523
83524.5
83526
83526.5
83528
83528.5
83530
83531
83532
83533.5
83534
83535
83536
83537
83538
83539
83540
83541.5
83543
83543.5
83545
83546.5
83548
83548.5
83550
83551
83552
83552.5
83554
83555
83556
83557
83558
83558.5
83560
83560.5
83561
83561.5
83562
83563
83564
83565
83566
83566.5
83567
83567.5
83569
83570.5
83571
83571.5
83572
83573
83574
83575
83576
83576.5
83577
83578.5
83579
83580.5
83581
83582.5
83584
83584.5
83585
83586.5
83588
83588.5
83589
83590.5
83592
83593
83594
83595
83596
83597
83598
83599.5
83600
83601.5
83602
83603.5
83604
83605
83606
83607.5
83609
83610.5
83611
83611.5
83612
83613.5
83614
83615.5
83617
83617.5
83618
83619.5
83621
83622.5
83624
83625
83626
83627.5
83628
83629.5
83630
83631
83632
83633.5
83634
83635
83636
83637
83638
83639.5
83641
83641.5
83642
83643
83644
83644.5
83645
83645.5
83647
83648.5
83649
83650.5
83651
83651.5
83652
83653.5
83654
83655
83656
83657.5
83658
83659.5
83660
83661
83662
83662.5
83663
83664.5
83665
83666.5
83667
83668
83669
83670
83671
83672
83673
83674
83675
83676
83677
83677.5
83679
83680
83681
83682
83683
83683.5
83684
83685.5
83687
83687.5
83688
83688.5
83689
83690.5
83691
83692.5
83694
83694.5
83695
83696
83697
83698
83699
83700
83701
83701.5
83702
83702.5
83703
83704.5
83705
83706
83707
83708.5
83709
83710
83711
83712.5
83714
83715.5
83717
83718
83719
83719.5
83720
83720.5
83721
83722
83723
83724
83725
83726
83727
83728
83729
83730.5
83732
83733.5
83734
83735.5
83737
83738
83739
83739.5
83740
83740.5
83742
83742.5
83744
83745.5
83746
83747.5
83749
83749.5
83750
83750.5
83751
83752
83753
83754.5
83756
83757.5
83759
83760
83761
83762.5
83763
83764
83765
83765.5
83766
83766.5
83767
83768
83769
83770
83771
83772
83773
83774
83775
83776
83777
83778
83779
83780
83781
83782
83783
83783.5
83784
83785.5
83786
83785.5
83788
83787.5
83787
83787.5
83788
83789
83790
83791
83792
83793.5
83795
83795.5
83797
83797.5
83798
83799.5
83800
83801.5
83802
83803
83804
83804.5
83805
83806.5
83807
83807.5
83808
83808.5
83809
83810
83811
83812.5
83814
83814.5
83815
83816
83817
83818
83819
83820
83821
83822
83823
83824
83825
83826
83827
83827
83827
83827.5
83828
83829
83830
83830
83832
83832
83834
83834
83836
83837
83838
83838
83840
83840
83840
83841
83842
83844
83846
83847
83848
83849
83850
83851
83852
83853.5
83855
83857
83859
83860
83861
83861
83863
83863
83865
83865
83867
83867
83867
83869
83869
83869.5
83870
83871.5
83873
83873.5
83874
83875.5
83877
83877.5
83879
83881
83881
83883
83885
83886
83887
83888
83889
83889
83889
83889.5
83890
83891
83892
83893.5
83894
83895
83896
83897.5
83898
83899
83900
83901.5
83903
83903.5
83904
83905
83906
83907
83908
83909
83910
83911.5
83912
83913
83914
83914
83916
83916
83918
83919
83920
83921
83922
83923.5
83924
83925
83926
83927.5
83929
83931
83931
83933
83933
83935
83937
83937
83937
83939
83941
83942
83943
83943
83945
83945
83947
83947
83947
83949
83951
83951
83951
83951.5
83952
83953
83954
83955
83956
83957
83958
83958
83958
83959
83960
83961
83962
83962
83962
83962
83964
83964
83964
83966
83966
83968
83968
83969
83970
83971
83972
83973
83974
83975
83976
83977
83978
83978.5
83979
83979
83979
83981
83981
83982
83983
83984
83985
83986
83987
83989
83991
83992.5
83994
83995
83996
83996.5
83997
83998.5
83999
83999
83999
84000
84001
84002
84003
84004
84005
84006
84007
84008
84009
84010
84011
84012
84013
84014
84015
84015
84015
84015.5
84017
84019
84021
84021
84021
84021.5
84023
84023.5
84025
84025.5
84026
84026.5
84027
84027.5
84028
84029.5
84031
84031.5
84032
84033.5
84035
84035.5
84037
84037.5
84038
84038.5
84040
84040.5
84042
84042.5
84043
84044
84045
84046
84047
84048.5
84049
84050.5
84052
84052.5
84054
84055.5
84056
84056.5
84057
84058
84059
84060
84061
84062
84063
84064
84065
84066.5
84068
84069.5
84071
84072.5
84074
84074.5
84076
84077.5
84078
84079.5
84080
84080.5
84081
84081.5
84082
84082.5
84084
84085.5
84086
84087.5
84089
84090.5
84092
84093.5
84094
84094.5
84095
84095.5
84096
84096.5
84097
84098
84099
84100
84101
84102
84103
84104
84105
84106
84107
84108
84109
84109
84109
84111
84113
84113
84115
84115
84115
84116
84117
84118
84119
84120
84121
84123
84123
84125
84125
84126
84127
84128
84129
84130
84131
84131.5
84133
84134
84135
84136
84137
84137.5
84138
84139
84140
84141.5
84142
84143
84144
84145
84146
84147
84148
84149
84150
84151
84152
84153
84154
84155
84156
84157.5
84158
84159
84160
84161
84162
84163
84164
84165
84166
84167
84168
84169
84170
84171
84172
84173
84174
84175
84176
84177
84178
84179
84180
84181
84182
84183
84184
84185
84186
84187
84188
84189
84190
84191
84192
84192.5
84194
84194.5
84196
84197
84198
84199
84200
84201
84202
84203
84204
84205
84206
84207
84208
84209
84210
84211
84212
84213
84214
84215
84216
84217
84218
84219.5
84221
84221.5
84223
84223.5
84224
84225.5
84227
84228
84229
84229.5
84230
84231
84232
84233
84234
84235
84236
84237
84238
84239
84240
84241
84242
84243
84244
84245
84246
84247
84248
84249
84250
84251
84252
84253
84254
84255
84256
84257
84258
84259
84260
84261
84262
84263
84264
84265
84266
84267
84268
84269
84270
84271
84272
84273.5
84275
84276
84277
84278
84279
84280
84281
84282
84283
84284
84285
84286
84287
84288
84289
84291
84291
84293
84295
84295
84295
84296
84297
84298
84299
84300
84301
84302
84303
84304
84305
84306
84307
84308
84309
84310
84311
84312
84313
84314
84315
84317
84319
84319
84319
84321
84321
84323
84325
84325
84325
84326
84327
84328
84329
84329.5
84330
84331.5
84333
84334
84335
84335.5
84337
84338
84339
84339.5
84341
84341.5
84343
84343.5
84344
84345.5
84346
84347
84348
84349
84350
84351.5
84352
84353
84354
84355
84356
84357
84358
84359
84360
84361
84362
84363
84364
84365
84366
84367
84368
84369
84370
84371
84372
84373
84374
84375
84376
84377
84378
84379
84380
84381
84382
84383
84384
84384.5
84385
84385.5
84387
84388.5
84389
84390.5
84392
84392.5
84393
84393.5
84394
84395.5
84396
84397.5
84398
84398.5
84399
84400.5
84402
84403.5
84404
84405.5
84406
84406.5
84407
84408.5
84410
84410.5
84412
84412.5
84414
84415.5
84416
84417.5
84418
84419.5
84420
84420.5
84421
84422
84423
84424.5
84425
84426
84427
84428
84429
84430
84431
84432
84433
84434
84435
84436
84437
84437.5
84439
84439.5
84441
84441.5
84442
84443
84444
84445.5
84446
84447
84448
84449
84450
84450.5
84452
84453
84454
84454.5
84456
84457
84458
84458.5
84459
84460
84461
84462.5
84463
84464.5
84466
84466.5
84467
84468
84469
84469.5
84471
84472
84473
84474
84475
84476
84477
84478.5
84479
84480.5
84482
84482.5
84483
84484
84485
84485.5
84487
84487.5
84489
84490
84491
84491.5
84492
84493.5
84494
84494.5
84496
84496.5
84497
84498
84499
84500
84501
84502
84503
84504
84505
84506
84507
84508
84509
84510
84511
84512
84513
84514
84515
84516.5
84517
84518.5
84519
84520.5
84521
84522.5
84523
84524.5
84525
84526.5
84528
84529.5
84530
84531.5
84533
84533.5
84535
84535.5
84537
84537.5
84538
84538.5
84539
84540
84541
84542
84543
84544.5
84545
84546.5
84548
84548.5
84549
84550.5
84551
84552.5
84554
84554.5
84556
84557.5
84559
84560
84561
84561.5
84563
84563.5
84565
84565.5
84566
84567.5
84569
84570
84571
84571.5
84573
84573.5
84574
84575.5
84577
84577.5
84579
84579.5
84580
84580.5
84581
84582
84583
84584
84585
84586
84587
84588
84589
84589.5
84591
84591.5
84592
84593
84594
84595
84596
84597
84598
84599
84600
84601
84602
84603
84604
84605
84606
84607
84608
84609
84610
84610
84610
84612
84614
84614
84614
84615
84616
84618
84620
84621
84622
84623
84624
84625
84626
84627
84628
84629
84630
84630
84632
84632
84632
84634
84634
84635
84636
84636.5
84637
84638.5
84639
84640.5
84641
84642.5
84644
84644.5
84646
84647
84648
84648.5
84649
84649.5
84650
84651
84652
84653
84654
84655.5
84656
84657
84658
84659
84660
84661
84662
84663
84664
84664
84666
84666
84668
84669
84670
84671
84672
84672
84672
84672.5
84673
84674.5
84676
84676.5
84678
84680
84682
84683
84684
84685
84686
84687
84688
84689
84690
84690
84692
84693
84694
84694
84694
84694.5
84695
84696.5
84697
84698.5
84700
84700.5
84701
84701.5
84702
84703.5
84704
84705
84706
84707
84708
84709
84710
84711
84712
84713
84714
84715
84716
84717
84718
84719
84720
84721
84722
84723
84724
84725.5
84727
84727.5
84728
84729
84730
84731
84732
84733
84734
84735
84736
84737
84738
84739
84740
84741
84742
84743
84744
84745
84746
84746.5
84748
84748.5
84749
84750.5
84752
84752.5
84754
84754.5
84755
84756.5
84758
84759
84760
84761
84762
84763
84764
84765
84766
84766.5
84768
84768.5
84769
84770
84771
84772
84773
84774
84775
84775
84775
84777
84777
84779
84781
84782
84783
84784
84785
84785
84787
84788
84789
84790
84791
84792
84793
84794.5
84795
84796
84797
84797
84799
84800
84801
84801
84803
84803
84803
84803.5
84804
84805
84806
84807.5
84808
84809
84810
84811
84812
84813
84814
84815
84816
84817
84818
84819
84820
84820.5
84822
84822.5
84824
84824.5
84825
84826.5
84828
84829
84830
84830.5
84831
84832.5
84833
84834
84835
84835.5
84836
84837
84838
84839
84840
84841
84842
84843
84844
84845
84846
84847
84848
84849
84850
84850
84850
84852
84852
84854
84854
84855
84856
84858
84860
84861
84862
84862
84864
84864
84864
84865
84866
84867
84868
84869
84870
84871
84872
84873
84874
84875
84876
84876.5
84878
84879
84880
84880.5
84881
84882
84883
84884
84885
84886
84887
84888.5
84889
84890
84891
84892
84893
84894
84895
84896
84897
84898
84899
84900
84901
84902
84903
84903.5
84905
84905.5
84906
84907.5
84909
84909.5
84910
84911
84912
84913
84914
84915
84916
84917
84918
84919.5
84921
84921.5
84922
84923.5
84924
84925
84926
84927.5
84929
84929.5
84931
84931.5
84933
84933.5
84934
84935
84936
84937
84938
84939
84940
84941.5
84943
84943.5
84945
84946
84947
84947.5
84948
84949.5
84951
84952
84953
84954
84955
84956
84957
84958
84959
84960
84961
84962
84963
84964
84965
84965.5
84966
84967.5
84969
84970
84971
84972
84973
84974.5
84976
84977
84978
84979
84980
84981
84982
84983
84984
84985
84986
84988
84988
84989
84990
84992
84994
84995
84996
84997
84998
84999
85000
85001.5
85003
85003.5
85005
85005.5
85006
85007
85008
85009
85010
85011
85012
85013
85014
85015
85016
85016
85018
85018
85020
85021
85022
85023
85024
85025
85026
85027
85028
85029
85030
85031
85032
85033
85034
85035
85036
85037
85038
85039
85040
85041
85042
85043
85044
85045
85046
85046
85046
85048
85050
85050
85050
85051
85052
85054
85056
85057
85058
85058
85060
85060
85062
85063
85064
85065
85066
85067
85068
85069
85070
85071
85072
85073
85074
85075
85076
85076
85076
85077
85078
85079
85080
85081
85082
85084
85084
85085
85086
85087
85088
85089
85090
85091
85092
85094
85096
85096
85096
85098
85098
85100
85100
85101
85102
85103
85104
85105
85106
85107
85108
85109
85110
85111
85112
85113
85114
85115
85116
85117
85118
85119
85120
85121
85122
85123
85124
85125
85126
85127
85128
85128.5
85130
85130.5
85132
85132.5
85134
85134.5
85136
85137
85138
85139
85140
85141
85142
85142.5
85144
85144.5
85145
85146
85147
85148.5
85150
85150.5
85151
85152.5
85153
85154
85155
85156
85157
85158
85159
85159.5
85161
85161.5
85163
85164
85165
85165.5
85166
85167.5
85169
85169.5
85171
85172
85173
85174
85175
85176
85177
85178
85179
85180.5
85181
85182
85183
85184
85185
85186
85187
85188
85189
85189.5
85191
85191.5
85192
85193
85194
85194.5
85195
85196
85197
85198
85199
85200
85201
85201
85201
85203
85203
85203.5
85205
85205.5
85206
85207
85208
85209.5
85211
85211.5
85213
85213.5
85214
85215
85216
85217
85218
85219
85220
85221
85222
85223.5
85225
85225.5
85226
85227
85228
85229
85230
85231
85232
85233
85234
85235.5
85237
85239
85241
85241
85241
85241.5
85243
85243.5
85245
85245.5
85246
85247
85248
85249
85250
85251
85252
85253
85254
85255.5
85256
85257.5
85259
85261
85261
85263
85265
85266
85267
85268
85269
85270
85271
85272
85273
85274
85275
85276
85277
85278
85279
85280
85281
85281
85283
85283
85285
85285
85287
85287
85289
85289
85289
85291
85293
85293
85295
85296
85297
85298
85299
85299
85301
85302
85303
85304
85305
85306
85307
85308
85309
85310
85311
85312
85313
85314
85315
85315
85315
85317
85319
85320
85321
85322
85323
85324
85325
85326
85327
85328
85329
85330
85331
85332
85333
85334
85335
85336
85337
85338
85339
85340
85341
85342
85343
85344
85345
85346
85347
85347
85347
85347.5
85348
85349
85350
85351.5
85352
85353
85354
85355
85356
85356.5
85358
85359
85360
85360.5
85362
85363
85364
85364.5
85365
85366.5
85368
85368.5
85369
85370
85371
85372
85373
85374
85375
85376
85377
85378
85379
85380.5
85381
85382.5
85383
85384.5
85385
85386.5
85387
85388
85389
85390.5
85392
85392.5
85393
85394
85395
85396
85397
85398
85399
85399
85399
85399.5
85400
85401.5
85403
85405
85405
85405.5
85407
85407.5
85409
85409.5
85410
85411.5
85413
85413.5
85414
85414.5
85415
85415.5
85417
85417.5
85419
85419.5
85421
85422.5
85424
85424.5
85425
85425.5
85427
85427.5
85428
85429.5
85430
85431
85432
85433
85434
85435
85436
85437.5
85439
85440.5
85442
85443.5
85444
85445.5
85446
85447.5
85449
85451
85453
85453
85455
85456
85457
85458
85459
85459
85459
85461
85463
85463
85463
85463.5
85464
85465.5
85467
85467.5
85468
85468.5
85469
85470.5
85471
85472.5
85474
85475.5
85476
85477.5
85479
85479.5
85481
85483
85483
85485
85485
85485.5
85486
85486.5
85488
85489.5
85490
85490.5
85491
85491.5
85493
85493.5
85495
85496.5
85498
85498.5
85500
85500.5
85502
85503.5
85504
85505.5
85506
85506.5
85507
85507.5
85508
85509.5
85511
85511.5
85512
85513.5
85515
85515.5
85517
85518.5
85519
85519.5
85521
85521.5
85522
85523.5
85525
85525.5
85526
85527.5
85528
85529.5
85530
85531.5
85532
85533.5
85534
85535.5
85536
85537.5
85538
85539.5
85540
85541.5
85542
85543.5
85544
85545
85546
85546.5
85547
85547.5
85548
85549
85550
85551
85552
85553
85554
85555
85556
85557
85558
85559
85560
85561
85562
85563
85564
85565.5
85567
85568.5
85570
85571
85572
85573
85574
85575
85576
85577
85578
85578.5
85579
85579.5
85580
85581.5
85582
85583.5
85584
85585.5
85587
85587.5
85588
85589
85590
85591
85592
85593.5
85594
85595
85596
85597
85598
85599
85600
85601
85602
85603
85604
85605
85606
85607
85608
85609
85610
85611
85612
85613
85614
85615
85616
85617
85618
85618.5
85619
85620.5
85621
85622.5
85623
85624.5
85625
85626
85627
85628
85629
85629
85631
85632
85633
85634.5
85636
85637
85638
85639
85640
85641
85642
85643
85644
85645
85646
85647
85648
85648.5
85649
85650.5
85651
85652
85653
85654
85655
85656
85657
85658
85659
85659
85661
85662
85663
85663
85665
85666
85667
85668
85669
85669
85669
85670
85671
85672
85673
85674
85675
85676
85677
85678
85679
85680
85681
85681.5
85682
85683.5
85684
85685.5
85687
85688
85689
85690
85691
85692
85693
85694
85695
85696
85697
85698
85699
85700
85701
85702
85703
85703.5
85705
85705.5
85707
85707.5
85709
85710
85711
85712
85713
85714
85715
85716
85717
85718
85719
85720
85721
85722
85723
85724
85725
85725.5
85727
85727.5
85728
85729.5
85730
85730.5
85731
85732.5
85733
85734
85735
85736
85737
85738.5
85740
85741.5
85743
85743.5
85744
85744.5
85746
85746.5
85747
85748.5
85750
85750.5
85752
85752.5
85754
85754.5
85755
85756.5
85757
85758
85759
85760
85761
85762
85763
85764
85765
85765.5
85767
85767.5
85768
85769.5
85770
85771.5
85772
85772.5
85774
85775.5
85777
85778
85779
85780
85781
85782
85783
85784
85785
85785.5
85786
85786.5
85787
85787.5
85789
85789.5
85790
85791
85792
85793
85794
85795
85796
85796.5
85798
85798.5
85800
85800.5
85802
85803
85804
85805
85806
85806.5
85807
85808.5
85809
85809.5
85810
85811
85812
85813
85814
85815
85816
85816.5
85817
85817.5
85819
85819.5
85821
85822.5
85823
85823.5
85825
85826.5
85828
85828.5
85830
85831
85832
85833
85834
85835
85836
85837
85838
85839
85840
85841.5
85842
85843
85844
85845
85846
85847.5
85848
85849.5
85851
85851.5
85852
85853
85854
85855
85856
85857.5
85859
85860.5
85861
85861.5
85863
85864.5
85866
85867
85868
85869.5
85870
85871
85872
85873
85874
85875
85876
85877
85878
85878.5
85880
85880.5
85881
85881.5
85883
85883.5
85885
85885.5
85887
85887.5
85888
85889.5
85891
85892.5
85894
85894.5
85895
85895.5
85897
85898.5
85900
85901
85902
85902.5
85903
85904.5
85905
85906.5
85908
85908.5
85909
85909.5
85911
85911.5
85913
85914.5
85915
85916.5
85917
85917.5
85919
85919.5
85920
85921.5
85922
85923
85924
85925
85926
85927
85928
85928.5
85929
85929.5
85931
85931.5
85932
85932.5
85933
85934.5
85936
85936.5
85937
85938
85939
85939.5
85941
85941.5
85943
85943.5
85945
85945.5
85947
85947.5
85948
85949
85950
85950
85952
85952
85952
85953
85954
85954
85954
85956
85958
85958
85958
85959
85960
85961
85962
85963
85964
85966
85968
85968
85968
85970
85972
85973
85974
85974
85976
85976
85978
85979
85980
85980
85982
85983
85984
85985
85986
85987
85988
85990
85992
85993
85994
85995.5
85996
85997
85998
85999
86000
86001
86002
86002
86004
86004
86004
86006
86006
86007
86008
86009
86010
86011
86012
86013
86014
86014
86016
86016
86018
86018
86018
86020
86022
86022
86024
86024
86026
86026
86028
86028
86030
86030
86032
86033
86034
86036
86036
86037
86038
86039
86040
86040
86040
86041
86042
86043
86044
86045
86046
86046
86048
86048
86048
86050
86050
86051
86052
86053
86054
86054.5
86055
86056
86057
86058
86059
86060
86061
86062.5
86063
86064
86065
86065.5
86066
86067.5
86068
86069.5
86070
86071.5
86072
86073
86074
86075
86076
86076.5
86078
86079
86080
86081
86082
86082.5
86083
86084.5
86085
86085.5
86086
86087
86088
86089
86090
86091.5
86093
86094.5
86096
86096.5
86097
86097.5
86099
86099.5
86101
86102.5
86103
86103.5
86104
86105
86106
86107
86108
86109
86110
86110
86112
86112
86112
86113
86114
86116
86116
86118
86118
86120
86122
86122
86124
86124
86124
86126
86126
86128
86130
86130
86132
86132
86134
86135
86136
86137
86138
86139
86140
86140
86140
86142
86142
86143
86144
86145
86146
86147
86148
86149
86150
86151
86152
86153
86154
86155
86156
86157
86158
86159
86160
86161
86162
86163
86164
86165
86166
86167
86168
86168.5
86170
86171
86172
86173
86174
86175
86176
86177
86178
86179
86180
86181
86182
86183
86184
86186
86186
86187
86188
86189
86190
86192
86192
86194
86196
86196
86196
86197
86198
86199
86200
86201
86202
86203
86204
86205
86206
86208
86208
86209
86210
86212
86214
86215
86216
86217
86218
86218
86220
86221
86222
86223.5
86224
86225
86226
86227
86228
86229
86230
86230
86232
86233
86234
86235
86236
86237
86238
86239.5
86241
86242.5
86243
86244.5
86245
86245.5
86247
86247.5
86248
86249
86250
86251
86252
86252
86252
86254
86256
86256
86256
86258
86258
86260
86260
86261
86262
86263
86264
86265
86266
86267
86268
86269
86270
86271
86272
86273
86274
86275
86276
86277
86278
86279
86280
86281
86282
86283
86284
86285
86286
86287
86288
86289
86290
86291
86292
86293
86294
86295
86296
86297
86298
86299
86300
86301
86302
86303
86304
86305
86306
86307
86308
86309
86310
86311
86312
86313
86314
86314.5
86315
86316
86317
86318
86319
86320
86321
86321.5
86323
86323.5
86324
86325
86326
86327.5
86329
86329.5
86330
86331.5
86332
86333.5
86334
86335
86336
86337
86338
86339
86340
86340.5
86342
86342.5
86344
86344.5
86345
86346.5
86348
86349
86350
86350.5
86351
86352.5
86353
86354
86355
86356
86357
86358.5
86359
86360
86361
86362
86363
86364
86365
86366
86367
86368
86369
86369.5
86371
86371.5
86373
86374
86375
86376
86377
86378
86379
86380
86381
86381.5
86383
86384
86385
86385.5
86386
86387.5
86388
86389
86390
86390.5
86392
86392.5
86394
86395
86396
86397
86398
86399.5
86400
86401
86402
86403
86404
86404.5
86406
86406.5
86408
86408.5
86409
86410
86411
86411.5
86413
86413.5
86415
86415.5
86416
86417
86418
86419
86420
86421
86422
86423.5
86424
86425
86426
86427
86428
86429
86430
86431
86432
86433
86434
86435
86436
86437
86438
86439
86440
86441
86442
86443
86444
86445
86446
86447
86448
86449
86450
86451
86452
86453
86454
86454
86454
86455
86456
86457
86458
86458
86460
86461
86462
86462
86462
86464
86466
86466
86466
86467
86468
86470
86472
86472
86472
86474
86476
86477
86478
86479
86480
86481
86482
86483
86484
86485
86486
86487
86488
86489
86490
86491
86492
86492
86494
86495
86496
86497
86498
86499
86500
86501
86502
86503
86504
86505
86506
86506
86508
86508
86510
86510
86512
86512
86514
86515
86516
86516
86518
86518
86520
86521
86522
86523
86524
86525
86526
86527
86528
86529
86530
86531
86532
86532
86532
86533
86534
86536
86536
86537
86538
86538.5
86539
86540.5
86541
86541.5
86542
86542.5
86544
86544.5
86546
86546.5
86547
86548.5
86549
86550.5
86552
86552.5
86553
86554.5
86556
86557.5
86558
86559.5
86561
86562.5
86564
86565
86566
86567
86568
86569
86570
86572
86574
86574
86576
86577
86578
86579
86580
86581
86582
86584
86584
86586
86588
86588
86588
86589
86590
86591
86592
86592
86594
86595
86596
86597
86598
86599
86600
86601
86602
86603
86604
86605
86606
86608
86608
86610
86610
86612
86612
86613
86614
86616
86618
86618
86620
86620
86620
86622
86622
86624
86624
86625
86626
86627
86628
86629
86630
86631
86632
86634
86636
86636
86638
86639
86640
86641
86642
86643
86644
86645
86646
86647
86648
86649
86650
86651
86652
86653
86654
86654
86656
86657
86658
86659
86660
86661
86662
86663
86664
86665
86666
86667
86668
86669
86670
86671
86672
86673
86674
86675
86676
86677
86678
86679
86680
86681
86682
86683
86684
86685
86686
86687
86688
86689
86690
86691
86692
86693
86694
86695
86696
86697
86698
86699
86700
86700
86700
86702
86702
86704
86706
86707
86708
86708
86708
86710
86712
86713
86714
86714
86716
86717
86718
86718
86720
86720
86722
86722
86724
86725
86726
86726
86726
86727
86728
86729
86730
86731
86732
86733
86734
86735
86736
86737
86738
86739
86740
86741
86742
86743
86744
86744
86746
86747
86748
86749
86750
86750
86752
86753
86754
86755
86756
86756
86756
86758
86760
86760
86760
86761
86762
86762.5
86763
86763.5
86764
86765.5
86766
86767.5
86768
86769.5
86770
86771.5
86773
86774.5
86776
86776.5
86777
86777.5
86779
86779.5
86781
86781.5
86783
86783.5
86784
86785.5
86787
86788.5
86790
86791
86792
86792.5
86794
86794.5
86796
86796.5
86798
86798.5
86799
86800.5
86802
86802.5
86803
86804.5
86805
86806.5
86807
86808.5
86809
86809.5
86810
86810.5
86812
86812.5
86814
86814.5
86816
86816.5
86818
86818.5
86819
86820
86821
86822
86823
86824
86825
86825.5
86826
86827.5
86828
86829.5
86831
86831.5
86833
86833.5
86835
86836
86837
86837.5
86838
86839.5
86840
86840.5
86842
86843.5
86845
86845.5
86847
86847.5
86848
86848.5
86850
86850.5
86852
86853.5
86855
86856
86857
86857.5
86858
86859.5
86860
86860.5
86861
86861.5
86862
86863
86864
86865
86866
86867
86868
86869
86870
86870.5
86871
86872
86873
86874
86875
86876
86877
86878
86879
86879.5
86880
86881
86882
86883
86884
86884.5
86886
86886.5
86887
86888
86889
86890
86891
86892
86893
86894
86895
86896
86897
86898
86899
86900
86901
86902
86903
86904
86905
86905.5
86907
86908
86909
86910
86911
86912
86913
86914
86915
86916
86917
86918
86919
86919.5
86920
86921
86922
86923
86924
86925
86926
86927
86928
86929
86930
86931
86932
86933
86934
86935
86936
86937
86938
86939
86940
86940
86940
86942
86944
86944
86944
86945
86946
86947
86948
86949
86950
86951
86952
86953
86954
86955
86956
86957
86958
86959
86960
86961
86962
86963
86964
86965
86966
86967
86968
86969
86970
86971
86972
86973
86974
86975
86976
86977
86978
86978.5
86979
86980.5
86981
86982.5
86984
86984.5
86986
86987
86988
86989
86990
86990.5
86992
86993
86994
86995
86996
86997
86998
86999
87000
87001
87002
87003
87004
87005
87006
87007
87008
87009
87010
87011
87012
87013
87014
87014.5
87016
87017
87018
87019
87020
87020.5
87021
87022
87023
87023.5
87025
87025.5
87026
87027.5
87028
87029
87030
87031
87032
87032
87032
87034
87034
87034.5
87035
87035.5
87036
87036.5
87038
87038.5
87040
87040.5
87041
87042.5
87043
87044.5
87046
87047.5
87049
87049.5
87050
87050.5
87052
87052.5
87053
87054.5
87056
87056.5
87057
87058.5
87059
87060
87061
87062
87063
87064
87065
87066
87067
87068
87069
87070
87071
87072
87073
87073.5
87074
87075.5
87076
87077
87078
87078.5
87079
87080.5
87081
87082
87083
87084
87085
87086
87087
87088
87089
87090
87091
87092
87093
87094.5
87095
87096
87097
87098.5
87100
87101
87102
87103
87104
87105
87106
87107
87108
87109
87110
87111
87112
87113
87114
87114.5
87115
87116.5
87117
87118.5
87119
87120
87121
87122
87123
87124.5
87125
87126.5
87127
87128.5
87130
87131
87132
87133
87134
87134.5
87135
87136.5
87138
87138.5
87139
87140.5
87141
87142
87143
87144
87145
87146
87147
87148
87149
87149.5
87150
87151.5
87152
87153.5
87154
87155.5
87156
87157
87158
87159
87160
87161
87162
87163
87164
87165.5
87167
87168
87169
87170
87171
87172
87173
87174
87175
87176
87177
87177.5
87178
87179
87180
87181
87182
87183
87184
87185
87186
87187
87188
87189
87190
87191.5
87193
87193.5
87194
87195.5
87197
87197.5
87198
87199.5
87200
87201
87202
87203
87204
87205
87206
87206.5
87207
87207.5
87209
87209.5
87210
87211.5
87213
87214.5
87216
87216.5
87217
87218.5
87219
87219.5
87221
87222.5
87223
87223.5
87225
87226.5
87228
87228.5
87230
87230.5
87232
87233
87234
87235
87236
87237
87238
87239
87240
87241
87242
87242.5
87244
87245
87246
87247
87248
87249
87250
87251
87252
87253
87254
87255
87256
87256.5
87258
87258.5
87259
87259.5
87261
87261.5
87263
87264.5
87265
87265.5
87266
87267.5
87269
87270.5
87272
87272.5
87273
87273.5
87274
87275.5
87276
87277.5
87279
87280.5
87282
87282.5
87284
87284.5
87286
87286.5
87287
87287.5
87288
87288.5
87290
87290.5
87292
87292.5
87293
87294.5
87296
87297.5
87298
87299.5
87300
87300.5
87301
87302.5
87303
87304.5
87305
87306
87307
87308.5
87309
87310.5
87311
87312
87313
87314
87315
87316
87317
87318
87319
87319
87319
87320
87321
87322
87323
87325
87325
87327
87327
87329
87331
87332
87333
87334
87335
87335
87337
87337
87337
87338
87339
87340
87341
87341.5
87343
87343.5
87344
87345
87346
87347.5
87348
87349
87350
87351.5
87352
87353
87354
87355
87356
87357
87358
87359
87360
87361
87362
87362.5
87364
87365
87366
87366.5
87367
87367.5
87368
87368.5
87369
87370
87371
87372.5
87374
87374.5
87375
87376
87377
87378
87379
87380.5
87382
87383.5
87385
87386.5
87387
87388.5
87390
87391
87392
87393
87394
87395
87396
87397
87398
87399
87400
87400.5
87402
87403
87404
87404.5
87405
87406.5
87408
87408.5
87410
87410.5
87412
87412.5
87413
87414.5
87415
87415.5
87416
87417.5
87418
87419.5
87421
87421.5
87422
87422.5
87424
87424.5
87426
87426.5
87427
87428.5
87430
87431.5
87433
87434.5
87435
87436.5
87438
87438.5
87439
87439.5
87440
87440.5
87441
87442.5
87443
87444.5
87445
87446.5
87448
87448.5
87449
87450.5
87452
87453.5
87454
87455.5
87457
87458.5
87459
87459.5
87461
87461.5
87463
87463.5
87464
87464.5
87466
87466.5
87467
87468
87469
87470
87471
87472.5
87474
87474.5
87475
87476.5
87477
87478
87479
87480
87481
87482
87483
87484
87485
87486
87487
87487.5
87489
87490
87491
87491.5
87492
87492.5
87494
87494.5
87496
87497.5
87499
87499.5
87501
87502
87503
87504
87505
87506
87507
87507.5
87508
87508.5
87509
87509.5
87511
87511.5
87512
87512.5
87513
87514
87515
87516
87517
87517.5
87518
87519
87520
87521
87522
87523
87524
87525
87526
87527
87528
87529
87530
87531
87532
87532.5
87533
87533.5
87535
87535.5
87537
87537.5
87539
87540.5
87542
87543
87544
87545.5
87546
87547.5
87548
87549
87550
87551
87552
87552.5
87554
87554.5
87555
87555.5
87557
87558.5
87559
87559.5
87560
87560.5
87561
87561.5
87563
87564.5
87565
87565.5
87567
87568.5
87569
87570.5
87572
87573.5
87574
87574.5
87576
87577.5
87579
87579.5
87581
87581.5
87582
87582.5
87584
87585.5
87586
87587.5
87588
87589.5
87590
87591.5
87593
87594.5
87595
87596.5
87597
87597.5
87599
87599.5
87600
87601.5
87603
87603.5
87605
87605.5
87606
87607.5
87608
87609.5
87611
87611.5
87613
87613.5
87614
87614.5
87616
87616.5
87617
87618.5
87619
87619.5
87620
87621
87622
87623
87624
87625
87626
87627
87628
87629
87630
87630.5
87631
87632.5
87633
87634.5
87636
87636.5
87638
87638.5
87639
87639.5
87640
87641.5
87642
87642.5
87644
87644.5
87646
87646.5
87648
87648.5
87649
87650
87651
87652
87653
87654
87655
87656
87657
87657
87657
87658
87659
87660
87661
87663
87663
87664
87665
87667
87667
87668
87669
87670
87671
87672
87673
87674
87675
87676
87677
87678
87679
87680
87681
87682
87683
87684
87685
87686
87687
87689
87691
87692
87693
87694
87695
87695
87695
87696
87697
87698
87699
87700
87701
87702
87703
87705
87705
87707
87707
87709
87709
87711
87711
87712
87713
87714
87715
87716
87717
87718
87719
87719.5
87720
87721
87722
87723
87724
87725.5
87726
87727.5
87729
87730
87731
87731.5
87732
87733
87734
87735
87736
87737
87738
87739
87740
87741.5
87743
87744
87745
87746
87747
87748
87749
87750
87751
87752
87753
87754
87755
87756
87757
87757.5
87758
87759.5
87760
87761
87762
87763
87764
87765
87766
87767
87768
87769
87770
87771
87772
87773
87774
87775
87776
87777.5
87779
87780
87781
87782
87783
87784
87785
87786
87787
87787.5
87789
87789.5
87790
87791
87792
87793
87794
87794.5
87796
87796.5
87797
87798.5
87800
87801
87802
87803
87804
87805
87806
87807
87808
87809
87810
87811
87812
87813
87814
87815
87816
87816.5
87817
87818.5
87819
87820.5
87821
87821.5
87822
87823.5
87825
87825.5
87827
87827.5
87828
87829.5
87830
87831.5
87832
87833
87834
87835
87836
87837
87838
87839
87840
87841
87842
87843
87844
87845
87846
87847
87848
87849
87850
87851
87852
87853
87854
87855
87856
87857
87858
87859
87860
87861
87862
87863
87864
87865
87866
87867
87868
87869
87870
87871
87872
87873
87874
87874.5
87876
87876.5
87878
87878.5
87880
87881
87882
87882.5
87884
87884.5
87886
87887
87888
87888.5
87889
87890.5
87892
87892.5
87893
87894
87895
87896
87897
87898
87899
87899.5
87900
87901
87902
87901.5
87904
87905
87906
87907
87908
87909
87910
87911
87912
87913
87914
87915
87916
87915.5
87915
87917.5
87917
87918
87919
87919
87919
87921
87921
87923
87923
87925
87927
87927
87929
87930
87931
87931
87931
87933
87933
87934
87935
87936
87937
87938
87939
87940
87941
87942
87943
87944
87945
87946
87947
87948
87949
87950
87951
87953
87953
87955
87957
87957
87957
87958
87959
87961
87961
87963
87963
87964
87965
87966
87967
87968
87969
87970
87971
87972
87973
87973.5
87974
87974.5
87976
87977.5
87978
87978.5
87979
87980.5
87982
87983.5
87984
87985.5
87986
87986.5
87987
87988.5
87990
87990.5
87992
87993.5
87994
87994.5
87995
87996.5
87998
87998.5
87999
88000.5
88001
88001.5
88002
88003
88004
88005
88006
88006.5
88007
88007.5
88008
88009
88010
88011
88012
88012.5
88013
88014.5
88016
88017
88018
88018.5
88020
88021
88022
88023
88024
88025
88026
88026.5
88027
88028.5
88030
88030.5
88031
88032
88033
88034.5
88035
88036
88037
88038.5
88039
88040.5
88041
88042
88043
88044.5
88046
88046.5
88047
88048.5
88049
88050.5
88051
88052.5
88054
88054.5
88055
88056
88057
88058
88059
88060
88061
88062
88063
88064
88065
88066
88067
88068
88069
88070
88071
88071.5
88072
88072.5
88074
88074.5
88075
88076
88077
88078
88079
88080.5
88081
88082
88083
88084
88085
88086
88087
88088
88089
88090.5
88092
88093.5
88095
88096
88097
88098
88099
88100
88101
88102
88103
88104
88105
88106
88107
88108
88109
88110
88111
88112.5
88113
88114.5
88116
88117
88118
88119
88120
88121.5
88122
88123
88124
88125.5
88127
88127.5
88128
88129
88130
88131
88132
88133
88134
88135
88136
88137
88138
88139
88140
88141.5
88143
88143.5
88144
88145
88146
88147
88148
88149
88150
88150.5
88151
88152.5
88153
88154.5
88155
88156
88157
88158
88159
88160
88161
88162
88163
88164
88165
88166
88167
88168
88169
88169.5
88171
88171.5
88173
88173.5
88175
88175.5
88177
88177.5
88179
88179.5
88180
88180.5
88181
88182
88183
88184
88185
88185.5
88186
88187.5
88189
88189.5
88190
88190.5
88192
88192.5
88194
88195.5
88196
88197.5
88198
88198.5
88199
88200.5
88202
88203.5
88205
88205.5
88207
88207.5
88208
88209.5
88210
88211.5
88213
88213.5
88214
88214.5
88215
88215.5
88216
88216.5
88218
88218.5
88220
88220.5
88222
88222.5
88224
88224.5
88226
88226.5
88227
88228.5
88230
88230.5
88231
88232.5
88234
88235.5
88236
88236.5
88237
88237.5
88239
88240.5
88242
88242.5
88243
88243.5
88244
88244.5
88245
88246
88247
88248
88249
88250
88251
88252.5
88254
88254.5
88255
88256
88257
88258
88259
88260
88261
88261.5
88262
88263
88264
88264.5
88265
88266
88267
88267.5
88268
88268.5
88269
88269.5
88271
88271.5
88273
88274.5
88276
88276.5
88277
88278.5
88280
88280.5
88281
88282.5
88284
88284.5
88285
88285.5
88286
88285.5
88288
88287.5
88287
88288
88289
88291.5
88291
88293.5
88296
88297.5
88298
88297.5
88300
88299.5
88299
88300
88301
88302
88303
88303.5
88305
88305.5
88306
88307
88308
88308.5
88310
88310.5
88312
88312.5
88313
88313.5
88314
88315.5
88316
88317
88318
88319
88320
88321
88322
88322.5
88323
88323.5
88324
88324.5
88326
88327.5
88328
88329.5
88331
88331.5
88332
88332.5
88334
88335.5
88336
88336.5
88337
88338
88339
88340.5
88342
88343.5
88344
88344.5
88345
88346
88347
88348
88349
88349
88351
88352
88353
88353
88353
88355
88355
88357
88357
88359
88361
88362
88363
88363
88363
88364
88365
88365.5
88366
88367.5
88369
88370
88371
88371.5
88373
88373.5
88375
88376
88377
88378
88379
88379.5
88381
88381.5
88383
88383.5
88384
88385
88386
88387.5
88388
88389.5
88390
88391.5
88392
88393
88394
88395.5
88397
88398
88399
88400
88401
88402
88403
88404
88405
88406
88407
88409
88411
88411
88411
88413
88413
88415
88415
88416
88417
88417.5
88418
88419.5
88420
88421.5
88423
88424
88425
88426
88427
88428
88429
88431
88431
88433
88433
88435
88435
88437
88439
88439
88441
88442
88443
88444.5
88445
88446
88447
88448.5
88449
88450.5
88451
88452.5
88454
88455.5
88457
88458.5
88460
88461
88462
88462.5
88463
88463.5
88465
88466.5
88467
88468.5
88470
88471
88472
88473
88474
88474.5
88475
88475.5
88476
88477.5
88478
88478.5
88479
88480
88481
88481
88481
88483
88483
88484
88485
88485.5
88486
88487.5
88488
88489
88490
88491
88492
88493
88494
88495
88496
88497
88498
88499
88500
88501
88502
88503
88504
88505
88506
88507
88508
88508.5
88510
88511
88512
88513
88514
88515
88516
88517
88518
88519
88520
88520.5
88521
88522
88523
88524
88525
88526
88527
88528
88529
88530
88531
88532
88533
88534
88535
88536
88537
88538
88539
88540
88541
88542
88543
88544
88545
88545.5
88546
88546.5
88548
88548.5
88550
88551.5
88552
88552.5
88553
88553.5
88554
88555.5
88557
88557.5
88558
88559.5
88561
88562.5
88563
88564.5
88565
88566.5
88567
88567.5
88569
88569.5
88571
88571.5
88573
88574.5
88576
88576.5
88577
88577.5
88578
88579.5
88580
88581
88582
88583
88584
88585
88586
88587
88588
88589
88590
88591
88592
88593.5
88594
88595.5
88596
88597
88598
88599
88600
88601
88602
88603
88604
88605
88606
88607
88608
88609
88610
88611
88612
88613
88614
88615
88616
88617
88618
88619
88620
88621
88622
88623
88624
88625
88626
88626.5
88628
88628.5
88630
88630.5
88632
88633
88634
88635
88636
88637
88638
88639
88640
88641
88642
88643
88644
88645
88646
88647
88648
88649
88650
88650.5
88651
88652.5
88654
88654.5
88656
88656.5
88657
88658.5
88660
88661
88662
88662.5
88664
88664.5
88665
88666
88667
88667.5
88668
88669
88670
88671
88672
88673
88674
88675
88676
88677.5
88678
88679
88680
88681
88682
88683
88684
88685
88686
88687
88688
88689
88690
88691
88692
88693
88694
88695
88696
88697
88698
88699
88700
88701
88702
88703
88704
88705
88706
88707
88708
88707.5
88710
88711
88712
88713
88714
88715
88716
88717
88718
88719
88720
88721
88722
88723
88724
88725
88726
88725.5
88728
88729
88730
88731
88732
88733
88734
88735
88736
88737
88738
88739
88740
88741
88742
88743
88744
88745
88746
88747.5
88749
88749.5
88750
88751.5
88753
88753.5
88755
88755.5
88756
88757
88758
88759
88760
88761
88762
88763
88764
88765
88766
88767
88768
88769
88770
88771
88772
88773
88774
88773.5
88776
88775.5
88775
88776
88777
88777.5
88779
88779.5
88781
88782
88783
88783.5
88784
88785
88786
88787
88788
88789
88790
88791
88792
88792.5
88793
88794
88795
88796
88797
88798
88799
88800
88801
88800.5
88800
88801
88802
88803
88804
88804.5
88805
88806
88807
88808
88809
88810.5
88812
88813
88814
88814.5
88815
88816.5
88817
88818.5
88820
88821
88822
88822.5
88823
88824.5
88825
88826
88827
88828.5
88830
88830.5
88831
88832
88833
88834
88835
88836
88837
88838
88839
88839.5
88840
88841.5
88843
88843.5
88844
88845
88846
88847
88848
88849.5
88850
88851.5
88852
88853.5
88854
88855.5
88856
88857
88858
88859
88860
88861
88862
88863.5
88864
88865
88866
88867
88868
88869
88870
88870.5
88871
88872
88873
88874.5
88875
88876.5
88877
88878
88879
88880.5
88881
88882
88883
88884
88885
88886
88887
88888
88889
88890
88891
88892
88893
88893.5
88894
88894.5
88895
88895.5
88896
88897
88898
88899
88900
88901.5
88902
88903.5
88905
88905.5
88907
88907.5
88909
88910.5
88912
88912.5
88914
88914.5
88915
88916.5
88918
88918.5
88920
88921.5
88923
88924
88925
88925.5
88926
88927.5
88929
88930
88931
88931.5
88932
88932.5
88933
88934.5
88936
88937.5
88938
88939.5
88941
88941.5
88942
88942.5
88943
88944.5
88946
88946.5
88947
88948.5
88950
88950.5
88951
88951.5
88952
88953
88954
88955
88956
88957
88958
88959
88960
88961
88962
88962
88964
88964
88964
88965
88966
88967
88968
88969
88970
88972
88972
88974
88974
88975
88976
88978
88978
88979
88980
88981
88982
88983
88984
88985
88986
88987
88988
88989
88990
88990.5
88992
88993
88994
88994.5
88995
88996.5
88997
88998
88999
89000
89001
89002
89003
89004
89005
89006
89007
89008
89009
89010
89011
89012
89013
89014.5
89015
89016
89017
89018.5
89019
89020.5
89021
89022.5
89024
89025
89026
89027
89028
89029
89030
89030.5
89032
89033
89034
89035
89036
89037
89038
89039
89040
89040.5
89041
89042
89043
89044
89045
89046
89047
89048
89049
89050
89051
89052
89053
89054
89055
89056
89057
89058
89059
89060
89061
89061
89061
89062
89063
89064
89065
89065.5
89066
89067.5
89069
89070
89071
89071.5
89073
89074
89075
89076
89077
89078
89079
89080
89081
89082
89083
89084
89085
89086
89087
89088
89089
89089.5
89091
89091.5
89093
89094
89095
89095.5
89096
89097
89098
89099
89100
89101
89102
89103
89104
89105
89106
89107
89108
89108.5
89109
89110.5
89111
89112.5
89113
89114
89115
89115.5
89117
89117.5
89118
89118.5
89119
89120
89121
89122
89123
89124
89125
89125.5
89127
89128
89129
89129.5
89131
89131.5
89133
89134
89135
89136
89137
89138.5
89140
89141.5
89142
89143.5
89145
89145.5
89146
89146.5
89148
89148.5
89149
89150
89151
89152
89153
89154.5
89156
89157.5
89158
89159.5
89160
89161.5
89163
89163.5
89164
89164.5
89166
89166.5
89167
89168
89169
89169.5
89171
89171.5
89172
89173.5
89175
89176
89177
89178.5
89179
89180.5
89181
89182.5
89184
89185.5
89186
89186.5
89187
89188
89189
89190.5
89192
89193.5
89195
89195.5
89196
89197.5
89199
89199.5
89200
89200.5
89201
89202
89203
89203.5
89205
89205.5
89207
89207.5
89209
89210
89211
89212.5
89213
89214.5
89215
89216
89217
89218.5
89220
89221.5
89223
89224
89225
89226.5
89228
89228.5
89229
89230
89231
89232.5
89233
89234.5
89236
89236.5
89237
89238
89239
89240
89241
89241.5
89243
89244
89245
89245.5
89247
89247.5
89249
89250
89251
89252
89253
89254
89255
89255.5
89256
89256.5
89257
89258.5
89259
89260.5
89261
89262
89263
89263.5
89264
89264.5
89265
89265.5
89267
89267.5
89269
89270.5
89271
89271.5
89273
89274.5
89276
89277.5
89278
89278.5
89280
89281.5
89283
89283.5
89284
89284.5
89285
89285.5
89287
89287.5
89288
89289.5
89290
89291
89292
89292.5
89294
89295
89296
89297
89298
89299.5
89300
89301.5
89302
89303
89304
89304.5
89306
89307
89308
89309
89310
89310.5
89311
89312
89313
89314
89315
89316
89317
89318
89319
89320.5
89321
89322
89323
89324.5
89325
89326
89327
89328
89329
89330
89331
89332
89333
89334
89335
89336
89337
89337.5
89339
89340
89341
89342
89343
89344
89345
89346
89347
89347.5
89349
89349.5
89351
89351.5
89353
89354
89355
89356
89357
89357.5
89358
89359
89360
89361
89362
89363
89364
89365
89366
89367.5
89369
89370
89371
89372
89373
89373.5
89374
89375
89376
89377.5
89379
89380
89381
89382
89383
89384
89385
89386.5
89387
89388.5
89390
89390.5
89391
89392.5
89393
89394
89395
89396
89397
89398
89399
89400
89401
89401.5
89402
89403.5
89404
89405
89406
89407
89408
89409.5
89410
89411
89412
89413
89414
89415
89416
89417
89418
89419
89420
89421
89422
89423
89424
89424.5
89425
89426
89427
89428.5
89430
89430.5
89431
89432
89433
89434
89435
89436
89437
89438
89439
89440.5
89442
89442.5
89444
89445
89446
89447
89448
89448.5
89449
89450
89451
89452
89453
89454
89455
89456.5
89458
89458.5
89460
89460.5
89461
89462
89463
89464
89465
89466
89467
89468
89469
89470
89471
89472.5
89474
89474.5
89475
89476
89477
89478
89479
89480
89481
89482
89483
89484
89485
89486.5
89488
89488.5
89489
89490.5
89492
89493
89494
89495.5
89496
89497.5
89499
89499.5
89500
89501
89502
89502.5
89503
89504
89505
89506
89507
89508.5
89510
89511
89512
89512.5
89514
89514.5
89515
89516.5
89517
89518
89519
89520
89521
89522
89523
89524
89525
89526
89527
89528
89529
89530
89531
89532
89533
89534
89535
89536
89537
89538
89539
89540
89541
89542
89543
89544
89545
89545
89545
89547
89547
89549
89549
89551
89553
89553
89555
89555
89555
89556
89557
89557.5
89559
89560
89561
89562
89563
89565
89565
89566
89567
89568
89569
89570
89571
89572
89573
89574
89575
89576
89577
89578
89579
89580
89581
89582
89583
89583.5
89585
89585.5
89586
89587.5
89588
89589.5
89590
89591.5
89593
89593.5
89595
89595.5
89597
89597.5
89598
89598
89598
89598.5
89600
89600.5
89601
89602.5
89603
89603.5
89604
89605.5
89606
89607
89608
89609
89610
89611
89612
89613
89614
89615
89616
89617
89618
89619
89620
89621
89622
89623
89624
89625
89626
89627
89628
89629
89630
89631
89632
89633
89634
89635
89636
89637
89638
89638.5
89640
89640.5
89642
89642.5
89644
89645
89646
89647
89648
89649
89650
89651
89652
89653.5
89654
89655
89656
89657.5
89659
89660.5
89661
89661.5
89662
89663.5
89664
89665
89666
89667
89668
89669.5
89671
89671.5
89673
89673.5
89674
89675.5
89676
89677.5
89678
89679.5
89681
89681.5
89682
89683
89684
89685
89686
89687
89688
89689.5
89690
89691.5
89693
89693.5
89695
89696.5
89698
89698.5
89700
89702
89702
89702.5
89704
89706
89706
89706.5
89708
89708.5
89709
89709.5
89710
89711.5
89712
89713
89714
89715
89716
89717
89718
89719
89720
89721.5
89722
89723
89724
89725
89726
89726.5
89727
89727
89727
89729
89729
89731
89733
89733
89735
89735
89735
89735.5
89736
89737.5
89739
89739.5
89740
89741.5
89743
89743.5
89745
89747
89747
89747.5
89749
89751
89753
89753
89753
89753.5
89755
89757
89759
89760.5
89761
89761
89761
89761.5
89763
89765
89765
89767
89767
89767.5
89769
89771
89771
89773
89773
89775
89775
89777
89779
89779
89781
89781
89783
89783
89785
89785
89785
89785.5
89787
89787.5
89789
89791
89793
89794.5
89795
89795
89795
89795.5
89797
89799
89799
89799.5
89801
89801.5
89803
89803.5
89805
89807
89809
89810.5
89811
89811
89813
89813
89815
89816.5
89817
89817
89819
89820.5
89821
89821
89821
89821.5
89823
89825
89825
89827
89827
89829
89829
89829.5
89831
89831.5
89832
89833
89834
89835
89836
89836.5
89838
89838.5
89840
89840.5
89841
89842.5
89843
89844
89845
89846
89847
89848
89849
89850
89851
89852.5
89853
89854
89855
89856
89857
89858
89859
89860
89861
89862
89863
89864
89865
89866
89867
89868
89869
89870.5
89871
89872
89873
89874.5
89875
89876.5
89877
89878
89879
89880
89881
89881.5
89882
89882.5
89883
89884.5
89886
89887.5
89888
89889.5
89890
89891.5
89892
89893.5
89894
89895.5
89896
89896.5
89898
89898.5
89899
89899.5
89901
89902.5
89904
89904.5
89905
89905.5
89906
89906.5
89907
89908.5
89909
89910.5
89912
89912.5
89914
89915.5
89916
89917.5
89918
89918.5
89920
89921.5
89922
89923.5
89925
89925.5
89927
89928.5
89930
89931.5
89933
89933.5
89935
89935.5
89936
89936.5
89937
89937.5
89939
89939.5
89940
89940.5
89941
89942.5
89943
89944.5
89945
89946.5
89948
89949.5
89950
89951.5
89953
89954.5
89956
89956.5
89957
89957.5
89958
89958.5
89960
89960.5
89962
89962.5
89964
89964.5
89966
89967.5
89968
89968.5
89969
89970.5
89971
89972
89973
89974
89975
89976
89977
89978
89979
89980
89981
89981.5
89983
89984
89985
89985.5
89987
89987.5
89988
89988.5
89989
89990
89991
89992
89993
89994
89995
89996
89997
89998
89999
90000
90001
90002
90003
90003
90003
90004
90005
90005.5
90007
90008
90009
90009.5
90010
90011
90012
90012
90014
90014
90014
90015
90016
90018
90018
90019
90020
90021
90022
90023
90024
90026
90028
90029
90030
90030
90030
90031
90032
90033
90034
90036
90036
90038
90040
90040
90040
90041
90042
90042.5
90043
90043.5
90045
90045.5
90047
90048.5
90049
90050.5
90052
90052.5
90054
90054.5
90056
90056.5
90058
90058.5
90060
90061
90062
90064
90064
90065
90066
90066.5
90067
90067.5
90068
90069
90070
90071
90072
90073
90074
90075
90076
90077
90078
90079
90080
90081
90082
90082.5
90083
90084.5
90085
90086
90087
90088
90089
90090
90091
90092
90093
90094
90095
90096.5
90098
90098.5
90100
90100.5
90102
90103
90104
90104.5
90105
90106
90107
90108
90109
90110
90111
90112
90113
90113
90113
90115
90115
90117
90117
90119
90119
90120
90121
90121.5
90123
90123.5
90124
90124.5
90126
90127.5
90129
90129.5
90130
90130.5
90131
90131.5
90132
90133
90134
90134.5
90135
90136
90137
90138
90139
90140
90141
90140
90139
90142
90141
90144
90143
90144
90145
90146
90147
90147.5
90148
90149.5
90150
90151
90152
90153.5
90154
90155
90156
90157
90158
90159
90160
90161
90162
90163
90164
90165.5
90166
90167.5
90169
90169.5
90170
90171.5
90172
90173
90174
90175
90176
90177
90178
90179
90180
90181
90182
90183
90184
90185
90186
90187
90188
90189
90190
90190.5
90191
90192
90193
90194
90195
90196
90197
90198
90199
90200
90201
90202
90203
90204
90205
90206
90207
90208
90209
90210
90211
90212
90213
90214
90215
90215.5
90216
90216
90216
90215.5
90218
90220
90220
90219.5
90219
90220
90221
90222
90223
90223.5
90224
90225.5
90226
90227.5
90228
90229
90230
90231
90232
90233.5
90235
90236
90237
90238
90239
90239.5
90240
90241
90242
90243
90244
90245
90246
90247
90248
90249.5
90251
90251.5
90252
90253
90254
90255
90256
90257
90258
90259
90260
90261
90262
90263
90264
90265
90266
90267
90268
90269
90270
90271
90272
90273
90274
90275
90276
90277
90278
90278.5
90279
90279.5
90280
90281
90282
90283
90284
90285
90286
90287.5
90288
90289.5
90290
90291.5
90293
90294.5
90295
90295.5
90297
90298.5
90299
90300.5
90302
90303
90304
90305
90306
90307
90308
90309
90310
90310.5
90312
90312.5
90313
90314.5
90316
90317
90318
90319
90320
90320.5
90321
90321.5
90323
90323.5
90325
90325.5
90326
90327
90328
90329
90330
90331.5
90332
90333.5
90335
90335.5
90337
90337.5
90338
90339.5
90340
90341.5
90342
90343
90344
90345
90346
90347.5
90348
90349
90350
90351
90352
90353
90354
90355
90356
90357
90358
90359
90360
90361
90362
90363
90364
90365
90366
90367
90368
90369
90370
90371
90372
90373
90374
90375.5
90376
90377
90378
90379
90380
90380.5
90382
90383
90384
90384.5
90385
90386.5
90388
90388.5
90390
90390.5
90392
90393
90394
90394.5
90396
90397
90398
90398.5
90400
90400.5
90401
90402
90403
90404
90405
90406
90407
90408
90409
90410
90411
90412
90413
90414
90415
90416
90417
90418
90419
90420
90421
90422
90423
90424
90425
90426
90427
90428
90429
90430
90431
90432
90433
90434
90435
90435.5
90436
90437
90438
90439
90440
90440.5
90442
90443
90444
90444.5
90446
90446.5
90447
90448.5
90450
90451
90452
90453
90454
90455.5
90457
90457.5
90458
90459.5
90461
90461.5
90463
90464
90465
90466
90467
90468
90469
90470
90471
90472
90473
90474
90475
90476
90477
90478
90479
90480
90481
90482
90483
90484
90485
90486
90487
90488
90489
90490
90491
90492
90493
90494
90495
90496
90497
90498
90499
90500
90501
90502
90503
90504
90505
90506.5
90507
90508
90509
90510
90511
90512
90513
90514
90515
90516
90517
90518
90519
90520
90521
90521.5
90523
90523.5
90524
90525.5
90526
90527
90528
90529
90530
90530.5
90532
90533
90534
90535
90536
90537
90538
90538.5
90539
90540.5
90541
90542
90543
90544.5
90546
90547
90548
90549
90550
90550.5
90551
90552
90553
90554
90555
90556
90557
90558
90559
90560
90561
90562
90563
90564
90565
90566
90567
90568
90569
90570
90571
90572
90573
90574
90575
90576
90577
90577
90579
90579
90581
90582
90583
90584
90585
90586
90587
90588
90589
90590
90591
90592
90593
90593
90593
90593.5
90595
90595.5
90597
90597.5
90598
90598.5
90599
90600
90601
90602
90603
90604.5
90605
90606.5
90608
90608.5
90610
90610.5
90612
90613.5
90615
90615.5
90617
90617.5
90619
90621
90621
90623
90623
90623.5
90625
90627
90629
90630
90631
90631
90631
90631.5
90633
90635
90637
90638
90639
90640
90641
90641
90641
90643
90645
90645
90645
90647
90649
90649
90649
90649.5
90650
90650.5
90651
90652
90653
90654
90655
90656
90657
90658
90659
90660
90661
90662.5
90664
90664.5
90665
90666
90667
90667.5
90668
90669
90670
90671
90672
90673
90674
90675
90676
90677
90678
90679
90680
90681
90682
90683
90684
90685
90686
90687
90688
90689
90690
90691
90692
90692.5
90693
90694.5
90695
90695.5
90697
90698.5
90699
90700.5
90701
90701.5
90703
90703.5
90705
90706.5
90708
90708.5
90710
90711
90712
90713
90714
90715
90716
90717
90718
90718.5
90719
90719.5
90721
90722.5
90723
90723.5
90725
90726.5
90727
90728.5
90729
90729.5
90730
90731.5
90733
90734.5
90736
90736.5
90738
90738.5
90740
90741
90742
90743
90744
90744.5
90746
90747
90748
90748.5
90749
90750.5
90752
90753
90754
90754.5
90756
90757
90758
90759
90760
90760.5
90761
90762.5
90763
90763.5
90764
90764.5
90765
90766.5
90767
90768.5
90770
90770.5
90771
90771
90771
90773
90775
90775
90777
90777
90777
90778
90779
90781
90781
90783
90783
90784
90785
90786
90787
90788
90789
90790
90791
90792
90793
90794
90795
90796
90797
90798
90799
90800
90801
90802
90803
90804
90805
90806
90807
90808
90809
90810
90811
90812
90813
90815
90817
90818.5
90819
90820.5
90821
90821
90821
90823
90825
90825
90827
90828.5
90830
90831.5
90832
90832.5
90833
90833
90835
90835
90837
90837
90839
90839
90839
90841
90843
90843
90843
90844
90845
90846
90847
90849
90851
90852.5
90854
90854.5
90855
90855
90855
90856
90857
90858
90859
90860
90861
90862
90863
90864
90865
90866
90867
90868
90869
90870
90871
90872
90873
90874
90875
90876
90877
90878
90879
90880
90881
90882
90883
90884
90885
90886
90887
90888
90889
90890
90891
90892
90893
90894
90895
90896
90897
90896.5
90896
90897
90898
90898.5
90900
90900.5
90902
90902.5
90904
90904.5
90905
90906
90907
90908
90909
90910
90911
90912
90913
90914
90915
90916
90917
90918
90919
90919.5
90921
90922
90923
90924
90925
90926
90927
90928.5
90929
90930
90931
90932
90933
90934
90935
90936
90937
90938
90939
90940
90941
90942
90943
90944
90945
90946
90947
90948
90949
90950
90951
90951.5
90953
90953.5
90954
90955
90956
90957
90958
90958.5
90960
90960.5
90961
90961
90963
90964.5
90965
90966.5
90968
90969
90970
90970.5
90972
90972.5
90974
90974.5
90975
90976.5
90977
90977
90979
90980.5
90982
90983
90984
90984.5
90985
90986.5
90987
90987
90987
90988
90989
90990
90991
90991.5
90992
90992.5
90994
90995.5
90996
90997.5
90998
90998.5
90999
91000
91001
91002
91003
91004
91005
91006
91007
91008
91009
91010
91011
91011.5
91013
91014
91015
91016
91017
91017.5
91018
91019
91020
91021
91022
91023
91024
91025.5
91026
91027.5
91029
91029.5
91031
91031.5
91033
91033.5
91034
91035
91036
91037.5
91038
91039
91040
91041
91042
91042.5
91043
91043
91043
91044
91045
91047
91047
91049
91051
91052.5
91053
91054.5
91055
91055
91057
91057
91059
91059
91059
91061
91063
91064.5
91065
91066.5
91067
91068.5
91070
91071
91072
91073
91074
91075
91076
91076.5
91077
91077
91077
91079
91081
91081
91083
91083
91083
91084
91085
91086
91087
91087.5
91088
91089.5
91091
91091.5
91093
91093.5
91095
91095.5
91097
91098
91099
91100
91101
91101.5
91102
91103
91104
91105.5
91106
91107
91108
91109.5
91110
91111
91112
91113
91114
91115.5
91117
91118
91119
91121
91121
91122
91123
91125
91125
91127
91129
91129
91129
91131
91133
91133
91133
91134
91135
91136
91137
91138
91139
91139.5
91140
91141.5
91142
91143.5
91145
91146
91147
91148
91149
91150
91151
91152
91153
91155
91155
91156
91157
91157.5
91158
91159
91160
91161
91162
91163
91164
91165
91166
91167
91168
91169
91170
91171
91172
91173
91174
91175
91176
91176.5
91178
91179
91180
91180.5
91181
91181.5
91183
91183.5
91185
91185.5
91186
91186.5
91187
91188
91189
91190.5
91192
91193.5
91195
91195.5
91197
91197.5
91198
91198.5
91200
91200.5
91202
91202.5
91203
91204
91205
91206
91207
91208.5
91209
91210
91211
91211.5
91213
91214
91215
91215.5
91217
91218
91219
91220
91221
91221.5
91223
91223.5
91225
91225.5
91226
91227
91228
91228.5
91230
91231
91232
91232.5
91233
91234
91235
91236
91237
91238
91239
91240.5
91242
91242.5
91244
91244.5
91246
91246.5
91248
91248.5
91250
91250.5
91252
91253
91254
91255
91256
91257
91258
91258.5
91260
91261
91262
91263
91264
91265.5
91266
91267
91268
91268.5
91269
91270
91271
91272
91273
91274
91275
91276
91277
91278
91279
91280
91281
91282
91283
91284
91285
91286
91287
91288
91289
91289.5
91290
91291
91292
91293
91294
91295.5
91297
91298
91299
91300
91301
91301.5
91302
91303.5
91304
91305.5
91306
91307
91308
91309
91310
91310.5
91312
91312.5
91313
91314
91315
91316
91317
91318
91319
91320
91321
91322
91323
91324
91325
91326
91327
91328
91329
91329.5
91331
91331.5
91332
91333.5
91334
91335.5
91336
91337.5
91339
91339.5
91341
91341.5
91342
91342
91342
91342.5
91343
91344
91345
91346
91347
91348.5
91349
91350
91351
91352
91353
91354
91355
91356.5
91357
91358.5
91360
91362
91362
91364
91366
91367.5
91368
91368
91370
91370
91372
91372
91374
91374
91376
91376
91378
91378
91378
91378.5
91379
91380.5
91381
91382
91383
91384
91385
91386
91387
91388
91389
91390
91391
91392
91393
91393.5
91395
91395.5
91397
91398
91399
91400
91401
91401.5
91403
91403.5
91405
91405.5
91406
91407
91408
91409
91410
91411
91412
91413
91414
91415
91416
91417
91418
91418
91418
91420
91422
91423
91424
91424
91424
91426
91426
91428
91428
91429
91430
91430
91432
91433
91434
91436
91436
91437
91438
91439
91440
91441
91442
91443
91444
91445
91446
91448
91450
91451
91452
91452
91454
91455
91456
91457
91458
91458
91458
91459
91460
91460
91460
91461
91462
91464
91464
91465
91466
91467
91468
91469
91470
91472
91474
91475
91476
91477
91478
91478
91478
91480
91482
91482
91482
91484
91486
91486
91488
91488
91488
91489
91490
91491
91492
91493
91494
91495
91496
91497
91498
91499
91500
91500
91500
91502
91502
91502.5
91504
91506
91506
91508
91510
91511
91512
91513
91514
91514
91516
91516
91516
91518
91518
91520
91520
91522
91522
91522.5
91523
91524
91525
91526
91527
91528
91529
91530
91531
91532
91533
91534
91535
91536
91537
91538
91539
91539.5
91540
91541.5
91542
91542.5
91544
91544.5
91545
91546.5
91548
91549.5
91550
91550.5
91551
91551.5
91552
91553.5
91554
91554.5
91555
91554.5
91557
91558.5
91559
91560.5
91562
91562.5
91564
91564.5
91565
91566.5
91567
91568.5
91570
91570.5
91571
91570.5
91573
91572.5
91572
91572
91574
91576.5
91576
91576
91576
91576.5
91577
91577.5
91578
91579.5
91580
91581
91582
91583
91584
91585
91586
91587
91588
91589
91590
91590.5
91592
91593
91594
91595
91596
91597
91598
91598.5
91600
91600.5
91601
91602.5
91603
91604
91605
91606
91607
91607
91607
91608
91609
91610
91611
91613
91613
91614
91615
91617
91617
91619
91619
91621
91621
91623
91625
91626
91627
91627
91629
91629
91631
91631
91631
91632
91633
91634
91635
91636
91637
91639
91641
91642
91643
91644
91645
91646
91647
91647
91647
91649
91651
91652
91653
91653
91655
91656
91657
91658.5
91660
91661
91662
91663.5
91664
91665
91666
91667
91668
91669
91670
91671.5
91672
91673.5
91675
91675.5
91677
91677.5
91679
91680.5
91682
91684
91684
91686
91688
91688
91688
91690
91690
91690.5
91692
91694
91694
91694.5
91695
91695.5
91697
91698.5
91700
91702
91702
91704
91704
91706
91706
91708
91708
91708.5
91710
91710.5
91712
91712.5
91714
91714.5
91715
91715.5
91716
91717
91718
91719
91720
91721
91722
91722.5
91724
91724.5
91725
91726
91727
91728
91729
91730
91731
91732
91733
91734
91735
91735
91737
91737
91739
91739
91739
91740
91741
91742
91743
91744
91745
91746
91747
91748
91749
91750
91751
91752
91753
91754
91755
91756
91757
91758
91759
91761
91761
91763
91765
91765
91765
91767
91769
91769
91769
91771
91773
91774
91775
91776
91777
91778
91779
91779
91781
91781
91781
91782
91783
91784
91785
91786
91787
91788
91789
91790
91791
91792
91793
91794
91795
91795.5
91797
91797.5
91798
91798.5
91799
91799.5
91801
91802.5
91804
91804.5
91806
91806.5
91807
91807.5
91808
91809.5
91810
91811.5
91812
91812
91814
91815.5
91816
91816
91816
91817
91818
91820
91820
91822
91822
91823
91824
91825
91826
91828
91828
91829
91830
91830.5
91831
91832.5
91833
91833.5
91835
91836.5
91838
91839
91840
91841
91842
91844
91846
91846
91846
91847
91848
91849
91850
91851
91852
91854
91854
91856
91858
91859.5
91861
91861.5
91862
91862
91864
91864
91864
91866
91866
91867
91868
91870
91870
91872
91874
91874
91874
91875
91876
91877
91878
91879
91880
91881
91882
91883
91884
91886
91886
91887
91888
91888.5
91889
91890.5
91891
91891.5
91892
91893.5
91895
91896.5
91897
91897.5
91899
91899.5
91900
91900.5
91901
91902
91903
91904
91905
91906
91907
91908
91909
91910
91911
91912
91913
91914
91915
91916
91917
91918
91919
91920
91921
91922
91923
91924
91925
91925.5
91927
91927.5
91928
91929
91930
91930.5
91932
91933
91934
91935
91936
91937.5
91938
91939.5
91940
91941
91942
91943
91944
91945
91946
91947
91948
91948.5
91949
91950.5
91951
91952.5
91953
91954.5
91955
91956.5
91957
91958.5
91959
91960.5
91961
91962.5
91964
91965
91966
91967.5
91968
91969
91970
91971
91972
91972.5
91973
91973.5
91974
91974.5
91975
91976
91977
91978.5
91979
91980
91981
91982
91983
91984
91985
91986
91987
91988
91989
91990
91991
91992
91993
91994
91995
91996
91997
91998
91999
92000
92001
92002.5
92004
92004.5
92005
92006
92007
92008
92009
92010
92011
92012.5
92013
92014
92015
92016
92017
92018
92019
92020
92021
92022
92023
92023.5
92024
92024.5
92026
92027.5
92028
92029.5
92030
92031.5
92032
92033.5
92034
92035.5
92036
92037.5
92039
92039.5
92040
92040.5
92041
92041
92041
92043
92043
92044
92045
92046
92047
92048
92049
92051
92053
92054.5
92056
92057.5
92059
92059.5
92060
92060.5
92062
92063.5
92065
92065.5
92067
92067.5
92068
92068.5
92069
92069
92069
92071
92071
92072
92073
92075
92075
92077
92077
92079
92079
92080
92081
92082
92083
92084
92085
92085.5
92086
92087.5
92088
92089
92090
92091
92092
92092.5
92094
92094.5
92095
92096.5
92097
92098.5
92100
92100.5
92102
92102.5
92104
92104.5
92105
92106
92107
92108
92109
92110.5
92111
92112
92113
92114
92115
92116
92117
92118
92119
92120
92121
92121.5
92122
92123.5
92125
92126
92127
92127.5
92129
92129.5
92130
92131.5
92133
92133.5
92134
92135.5
92137
92137.5
92139
92140
92141
92141.5
92142
92143
92144
92145
92146
92147
92148
92149
92150
92151
92152
92153
92154
92155
92156
92157
92158
92159
92160
92161
92162
92163
92164
92165
92166
92167
92168
92169
92170
92170
92170
92171
92172
92173
92174
92175
92176
92177
92178
92179
92180
92181
92182
92183
92184
92184.5
92185
92186.5
92187
92188.5
92190
92191
92192
92193
92194
92194.5
92195
92196.5
92197
92197.5
92199
92199.5
92201
92202.5
92204
92204.5
92205
92206.5
92208
92209
92210
92211
92212
92212.5
92213
92213.5
92215
92216.5
92217
92217.5
92218
92219.5
92221
92221.5
92222
92223.5
92224
92225
92226
92226.5
92227
92228.5
92229
92230.5
92231
92231
92233
92233
92233
92234
92235
92235.5
92236
92237
92238
92239.5
92240
92241
92242
92243
92244
92245
92246
92247
92248
92248.5
92249
92249.5
92250
92251.5
92252
92253.5
92254
92255
92256
92256.5
92257
92258.5
92259
92260.5
92261
92262.5
92264
92265
92266
92266.5
92267
92268
92269
92269.5
92270
92271.5
92273
92273.5
92274
92275.5
92276
92276.5
92277
92278.5
92279
92279.5
92280
92281.5
92283
92283.5
92284
92285.5
92286
92286.5
92287
92288
92289
92290
92291
92292
92293
92293.5
92295
92296
92297
92298
92299
92299.5
92301
92301.5
92302
92302.5
92303
92303
92303
92304
92305
92307
92307
92308
92309
92310
92311
92312
92313
92313.5
92314
92314.5
92316
92317.5
92318
92318.5
92320
92320.5
92321
92321.5
92323
92324.5
92326
92327.5
92329
92329.5
92330
92331.5
92332
92333.5
92334
92334.5
92335
92335.5
92336
92337
92338
92339
92340
92341
92342
92343.5
92345
92345.5
92346
92347
92348
92349
92350
92351
92352
92353
92354
92355
92356
92356.5
92357
92358.5
92359
92360.5
92361
92362.5
92363
92364
92365
92366
92367
92368
92369
92370
92371
92372
92373
92374
92375
92376
92377
92378.5
92380
92380.5
92381
92382.5
92384
92384.5
92386
92387
92388
92388.5
92389
92390.5
92392
92392.5
92393
92394
92395
92396
92397
92398
92399
92400.5
92401
92402
92403
92404.5
92406
92406.5
92408
92408.5
92410
92410.5
92411
92412
92413
92414.5
92416
92417
92418
92419
92420
92421
92422
92423
92424
92425
92426
92427.5
92428
92429.5
92430
92431
92432
92433
92434
92435
92436
92436.5
92437
92438
92439
92440
92441
92442
92443
92444
92445
92446
92447
92448
92449
92450
92451
92452
92453
92454
92455
92456
92457
92458
92459
92460
92461
92461.5
92462
92463.5
92464
92465.5
92467
92468
92469
92470
92471
92472
92473
92474
92475
92476
92477
92478
92479
92480
92481
92482
92483
92483.5
92484
92485.5
92486
92487
92488
92489.5
92491
92492
92493
92494
92495
92496
92497
92498
92499
92500
92501
92502
92503
92504
92505
92505.5
92507
92507.5
92508
92509.5
92511
92512
92513
92514
92515
92516
92517
92518
92519
92520
92521
92522
92523
92524
92525
92526
92527
92528
92529
92530
92531
92532
92533
92534
92535
92536
92537
92538
92539
92540
92541
92542
92543
92544
92545
92546
92547
92548
92549
92550
92551
92552
92553
92554
92555
92556
92557
92558
92559
92559.5
92561
92561.5
92563
92563.5
92564
92565
92566
92567
92568
92569.5
92571
92572
92573
92573.5
92574
92575
92576
92577
92578
92579
92580
92580.5
92581
92582.5
92583
92584
92585
92586.5
92587
92588.5
92590
92591
92592
92593
92594
92595
92596
92597
92598
92598.5
92599
92600.5
92601
92602
92603
92604
92605
92606.5
92607
92608.5
92609
92610.5
92611
92612.5
92614
92614.5
92616
92617
92618
92619.5
92620
92621.5
92623
92624
92625
92626
92627
92628
92629
92630
92631
92632
92633
92634
92635
92636
92637
92638
92639
92640
92641
92641.5
92642
92643.5
92644
92645
92646
92647
92648
92649
92650
92650.5
92652
92652.5
92653
92654
92655
92656.5
92658
92659
92660
92660.5
92662
92663
92664
92665
92666
92667
92668
92668.5
92670
92670.5
92671
92672.5
92674
92675
92676
92676.5
92677
92678.5
92679
92680.5
92681
92682.5
92683
92684
92685
92686
92687
92688
92689
92690
92691
92692
92693
92694
92695
92695
92697
92697
92697
92697.5
92699
92701
92701
92701.5
92702
92703
92704
92705
92706
92707.5
92708
92709.5
92710
92711
92712
92713
92714
92715
92716
92716
92718
92718
92718
92718.5
92719
92720
92721
92722
92723
92723.5
92724
92725
92726
92726.5
92727
92728
92729
92729.5
92731
92731.5
92733
92734
92735
92736.5
92738
92739
92740
92741
92742
92743.5
92744
92745
92746
92747
92748
92748.5
92749
92750
92751
92752
92753
92754.5
92756
92756.5
92758
92759
92760
92760.5
92761
92762
92763
92764.5
92765
92766.5
92767
92768
92769
92770
92771
92771.5
92772
92773
92774
92774.5
92775
92776.5
92777
92778.5
92780
92781
92782
92783
92784
92785
92786
92786.5
92787
92787
92787
92788
92789
92789.5
92790
92791.5
92793
92794
92795
92796
92797
92798
92799
92799.5
92801
92802
92803
92803.5
92804
92804
92804
92806
92806
92807
92808
92809
92810
92811
92812
92813
92814
92815
92816
92817
92818
92819
92820
92821
92822
92823
92824
92825
92826
92826.5
92828
92828.5
92829
92829
92829
92830
92831
92832
92833
92834
92835
92836
92837
92838
92839
92840
92841
92842
92843
92844
92845
92846
92847
92848
92849
92850
92851
92853
92853
92854
92855
92856
92857
92858
92859
92860
92861
92861.5
92863
92863.5
92865
92866
92867
92868
92869
92870
92871
92871.5
92872
92872.5
92873
92873.5
92874
92875
92876
92877
92878
92879
92880
92881
92882
92883
92884
92885
92886
92887
92888
92889
92890
92891
92892
92893
92894
92895
92896
92897
92898
92899
92900
92901
92902
92903
92904
92904.5
92905
92906.5
92908
92909
92910
92911
92912
92913
92914
92915
92916
92917
92918
92919
92920
92921
92922
92923
92924
92925.5
92926
92927.5
92929
92929.5
92930
92931.5
92933
92934.5
92935
92936.5
92937
92937.5
92939
92939.5
92941
92941.5
92943
92943.5
92945
92945.5
92946
92947
92948
92949.5
92950
92951
92952
92953
92954
92955
92956
92957
92958
92958.5
92959
92960.5
92961
92962.5
92964
92965
92966
92966.5
92968
92969
92970
92970.5
92972
92972.5
92973
92974
92975
92976
92977
92978
92979
92980
92981
92982
92983
92984
92985
92986
92987
92988
92989
92990
92991
92992
92993
92994
92995
92996
92997
92998
92999
93000
93001
93002.5
93004
93004.5
93006
93006.5
93008
93008.5
93010
93011
93012
93012.5
93013
93014
93015
93016
93017
93018
93019
93020
93021
93022
93023
93023.5
93025
93025.5
93026
93027
93028
93029
93030
93031.5
93032
93033.5
93034
93035.5
93037
93038
93039
93040
93041
93042
93043
93044
93045
93046
93047
93048
93049
93050.5
93051
93052
93053
93054
93055
93056
93057
93057.5
93058
93059
93060
93060.5
93061
93062
93063
93064.5
93066
93066.5
93067
93068
93069
93070
93071
93072
93073
93074.5
93075
93076
93077
93078.5
93079
93080
93081
93082.5
93084
93084.5
93085
93086
93087
93088
93089
93089.5
93091
93092
93093
93094
93095
93096
93097
93098.5
93099
93100
93101
93102
93103
93104
93105
93106
93107
93108
93109
93110.5
93111
93112
93113
93114
93115
93116
93117
93118
93119
93119.5
93121
93121.5
93123
93123.5
93125
93125.5
93127
93127.5
93128
93129
93130
93131
93132
93133
93134
93135
93136
93136.5
93137
93138.5
93140
93140.5
93141
93142
93143
93143.5
93145
93146
93147
93148.5
93149
93150.5
93151
93152
93153
93154
93155
93155.5
93156
93157.5
93158
93159
93160
93161
93162
93163
93164
93165
93166
93166.5
93167
93168
93169
93170
93171
93172.5
93173
93174.5
93176
93177
93178
93178.5
93180
93181
93182
93182.5
93183
93184
93185
93185.5
93187
93187.5
93188
93189.5
93191
93191.5
93192
93193
93194
93194.5
93195
93196.5
93197
93198.5
93199
93200.5
93202
93202.5
93203
93204.5
93205
93205.5
93207
93207.5
93208
93209.5
93210
93210.5
93212
93212.5
93213
93214
93215
93216
93217
93218
93219
93220
93221
93222
93223
93223.5
93224
93224
93226
93227.5
93229
93230
93231
93231.5
93232
93232
93234
93235.5
93237
93237.5
93239
93240
93241
93242
93243
93244
93245
93246
93247
93247.5
93248
93248
93248
93250
93250
93252
93252
93252.5
93253
93254
93255
93256
93257
93258
93259
93260
93261
93262
93263
93264
93265
93265.5
93267
93268
93269
93270
93271
93272
93273
93273.5
93274
93275.5
93277
93278
93279
93280
93281
93281.5
93282
93283.5
93284
93285.5
93287
93287.5
93288
93289
93290
93291.5
93292
93293
93294
93295.5
93296
93297.5
93298
93299
93300
93301
93302
93302
93304
93304
93304
93306
93306
93306.5
93308
93308.5
93309
93308.5
93311
93310.5
93313
93314.5
93316
93318
93318
93318.5
93320
93322
93322
93322.5
93323
93324.5
93325
93324.5
93324
93326.5
93326
93327
93328
93330.5
93333
93334.5
93335
93336.5
93337
93338.5
93339
93338.5
93338
93340.5
93343
93342.5
93342
93343
93344
93344.5
93346
93347
93348
93348.5
93349
93350.5
93352
93352.5
93354
93355
93356
93356.5
93357
93358
93359
93359.5
93360
93361
93362
93363
93364
93365
93366
93367
93368
93369
93370
93371
93372
93373
93374
93375
93376
93377
93378
93379
93380
93381
93382
93383
93384
93385
93386
93387
93388
93389
93390
93391
93392
93393
93394
93395
93396
93397
93398
93399
93400
93400.5
93402
93402.5
93403
93404
93405
93405
93405
93405
93405
93407
93407
93407
93409
93411
93411
93411
93413
93415
93415
93415
93417
93417
93419
93421
93423
93423
93423
93425
93425
93425
93425
93426
93427
93429
93429
93430
93431
93432
93433
93432.5
93432
93432.5
93434
93436.5
93439
93438.5
93441
93440.5
93440
93442.5
93445
93446
93447
93448
93449
93448.5
93448
93448.5
93450
93452.5
93452
93452.5
93453
93454
93455
93456
93457
93458.5
93459
93460.5
93462
93462.5
93463
93464
93465
93466
93467
93468
93469
93470
93471
93472
93473
93474.5
93475
93476
93477
93478
93479
93480.5
93482
93484.5
93484
93484.5
93485
93486
93487
93488
93489
93490
93491
93492
93493
93494
93495
93496
93497
93498
93499
93500
93501
93502
93503
93504
93505
93506
93507
93508
93509
93510
93511
93512
93513
93514
93515
93515.5
93517
93518
93519
93520
93521
93522
93523
93524
93525
93526
93527
93528
93529
93530
93531
93532
93533
93534
93535
93536
93537
93537.5
93538
93539
93540
93541
93542
93543
93544
93545
93546
93547
93548
93549
93550
93551
93552
93553
93554
93555
93556
93557
93558
93559
93560
93561
93562
93563
93564
93564.5
93565
93566
93567
93568
93569
93570
93571
93572
93573
93574
93575
93576
93577
93577.5
93579
93580
93581
93581.5
93583
93583.5
93585
93585.5
93586
93587.5
93589
93590
93591
93592
93593
93594
93595
93596
93597
93598
93599
93600
93601
93602
93603
93604
93605
93606
93607
93608
93609
93610
93611
93612
93613
93614
93615
93616
93617
93618
93619
93620
93621
93622
93623
93624
93625
93626.5
93627
93628
93629
93630
93631
93632
93633
93634
93635
93636
93637
93638
93639
93639.5
93640
93641
93642
93643.5
93644
93645
93646
93647
93648
93649.5
93650
93651.5
93652
93653
93654
93655.5
93657
93657.5
93659
93659.5
93660
93661
93662
93663.5
93664
93665
93666
93667
93668
93669
93670
93671
93672
93673
93674
93675
93676
93677
93678
93679
93680
93681
93682
93683
93684
93685
93686
93687
93688
93689
93690
93691
93692
93692.5
93694
93695
93696
93696.5
93698
93699
93700
93700.5
93701
93702.5
93704
93705
93706
93707
93708
93709
93710
93711
93712
93713
93714
93715
93716
93717
93718
93718.5
93720
93720.5
93722
93722.5
93724
93725
93726
93727
93728
93729
93730
93731
93732
93733
93734
93735
93736
93737
93738
93739
93740
93741
93742
93743
93744
93745
93746
93747
93748
93749
93750
93751
93752
93753
93754
93755
93756
93757
93758
93759
93760
93761
93762
93763
93764
93765
93766
93767
93768
93769
93770
93770.5
93772
93772.5
93773
93773.5
93774
93774.5
93775
93776
93777
93778.5
93780
93780.5
93782
93782.5
93783
93784.5
93786
93787.5
93789
93790.5
93791
93791.5
93793
93793.5
93795
93795.5
93796
93797.5
93799
93799.5
93801
93801.5
93803
93803.5
93805
93805.5
93807
93808.5
93809
93810.5
93811
93811.5
93813
93813.5
93815
93815.5
93816
93817.5
93819
93819.5
93821
93822.5
93824
93824.5
93826
93826.5
93828
93829
93830
93831
93832
93833
93834
93834.5
93835
93836.5
93837
93838.5
93840
93840.5
93841
93841.5
93842
93842.5
93844
93844.5
93846
93846.5
93847
93848.5
93849
93850.5
93852
93852.5
93854
93855.5
93857
93858.5
93859
93859.5
93860
93860.5
93862
93862.5
93863
93864
93865
93865.5
93866
93866.5
93868
93869.5
93870
93870.5
93871
93872.5
93873
93874.5
93875
93875.5
93877
93878.5
93879
93879.5
93880
93881
93882
93883
93884
93885
93886
93887
93888
93889
93890
93891
93892
93893
93894
93895
93896
93897
93898
93899
93900
93901
93902
93903
93904
93905
93906
93907
93908
93909
93910
93911
93912
93913
93914
93915
93916
93917
93918
93919
93920
93921
93922
93923
93924
93925
93926
93927
93928
93929
93930
93931
93932
93933
93934
93935
93936
93936.5
93937
93938
93939
93940
93941
93942
93943
93944
93945
93946
93947
93948
93949
93950
93951
93952
93953
93954
93955
93956
93957
93958
93959
93960
93961
93962
93963
93964
93965
93966.5
93968
93968.5
93969
93970.5
93971
93972.5
93974
93974.5
93976
93977
93978
93979
93980
93981
93982
93983
93984
93985
93986
93987
93988
93989
93990
93991
93992
93993
93994
93995
93996
93997
93998
93998.5
94000
94000.5
94002
94002.5
94003
94004
94005
94006.5
94008
94009
94010
94011
94012
94013
94014
94015
94016
94017
94018
94019
94020
94021.5
94022
94023
94024
94025
94026
94027.5
94028
94029
94030
94031
94032
94033
94034
94035
94036
94037
94038
94038.5
94040
94040.5
94041
94042.5
94044
94044.5
94046
94046.5
94047
94048
94049
94050
94051
94052
94053
94054
94055
94056
94057
94058
94059
94060
94061
94062
94063
94064
94065
94066
94067
94068
94069
94069.5
94070
94071.5
94073
94074
94075
94075.5
94076
94076.5
94077
94078
94079
94080
94081
94082.5
94083
94084
94085
94086
94087
94088
94089
94090.5
94091
94092
94093
94094
94095
94096.5
94097
94098.5
94100
94101.5
94102
94102.5
94104
94104.5
94105
94106.5
94107
94108.5
94109
94110.5
94112
94113.5
94115
94116
94117
94118
94119
94119.5
94120
94120.5
94121
94122.5
94124
94124.5
94125
94126.5
94127
94128
94129
94130.5
94131
94132.5
94134
94135.5
94136
94137.5
94139
94139.5
94141
94141.5
94143
94143.5
94145
94145.5
94146
94147.5
94148
94149.5
94151
94152
94153
94154
94155
94156
94157
94157.5
94158
94158.5
94160
94160.5
94161
94162.5
94164
94164.5
94165
94166.5
94167
94168.5
94170
94171.5
94173
94174
94175
94176
94177
94178
94179
94180
94181
94181.5
94182
94183.5
94185
94185.5
94186
94187.5
94189
94189.5
94191
94191.5
94192
94192.5
94193
94194
94195
94196
94197
94198
94199
94200
94201
94202
94203
94204
94205
94206
94207
94207.5
94208
94209.5
94210
94211
94212
94213
94214
94215
94216
94216.5
94217
94217.5
94218
94219.5
94220
94220.5
94221
94222
94223
94224.5
94225
94226.5
94228
94228.5
94229
94230
94231
94232
94233
94234
94235
94235.5
94237
94238
94239
94240
94241
94242
94243
94244
94245
94246
94247
94247.5
94249
94250
94251
94252
94253
94254
94255
94256
94257
94258
94259
94259.5
94261
94262
94263
94263.5
94264
94264.5
94265
94266
94267
94268
94269
94270.5
94271
94272.5
94273
94274.5
94276
94277.5
94278
94278.5
94280
94280.5
94281
94282.5
94284
94285.5
94286
94286.5
94287
94288.5
94290
94290.5
94291
94292
94293
94294
94295
94296
94297
94297.5
94298
94299
94300
94301
94302
94303
94304
94304.5
94306
94306.5
94307
94307.5
94308
94308.5
94309
94310.5
94311
94312
94313
94314
94315
94316
94317
94318
94319
94320
94321
94322
94323
94324
94325
94326
94327
94328
94329
94330
94331
94332
94333
94334
94335
94336
94337
94338
94339
94340.5
94342
94342.5
94344
94344.5
94346
94347.5
94348
94348.5
94349
94350
94351
94352
94353
94354
94355
94356.5
94357
94358
94359
94360
94361
94362
94363
94364
94365
94366
94367
94368
94369
94370
94371
94372
94373
94374
94375
94376
94377
94378.5
94380
94380.5
94381
94382
94383
94384
94385
94386
94387
94388
94389
94390
94391
94392
94393
94394
94395
94395.5
94396
94397.5
94399
94399.5
94400
94401.5
94403
94403.5
94404
94405
94406
94407
94408
94409
94410
94410.5
94411
94412.5
94414
94414.5
94416
94416.5
94417
94417.5
94418
94419
94420
94421
94422
94423
94424
94425
94426
94427
94428
94429
94430
94431
94432
94433
94434
94435
94436
94437
94438
94439
94440
94441
94442
94443
94444
94445
94446
94447
94448
94449
94450
94451
94452
94453
94454
94455
94456
94457
94458
94459
94460
94460.5
94462
94463
94464
94465
94466
94467
94468
94469
94470
94470.5
94472
94473
94474
94474.5
94475
94476
94477
94478.5
94479
94480
94481
94481.5
94482
94483.5
94485
94486
94487
94487.5
94488
94488.5
94489
94490.5
94492
94492.5
94493
94494.5
94495
94496
94497
94496.5
94496
94498.5
94501
94502
94503
94502.5
94502
94503
94504
94505
94506
94507
94508
94509
94510
94511
94512
94513
94514
94514.5
94515
94516.5
94518
94519
94520
94521
94522
94524.5
94524
94526.5
94526
94527
94528
94529
94530
94530.5
94531
94532
94533
94534
94535
94536
94537
94538
94539
94540
94541
94542
94543
94544
94545
94545.5
94546
94546
94546
94548
94550
94550
94552
94552
94552
94553
94554
94556
94558
94558
94558
94560
94560
94561
94562
94563
94564
94565
94566
94567
94568
94569
94570
94571
94572
94574
94574
94575
94576
94578
94580
94581.5
94582
94582
94582
94583
94584
94586
94588
94588
94590
94590
94590
94592
94594
94594
94594
94595
94596
94597
94598
94599
94600
94601
94602
94603
94604
94605
94606
94606.5
94608
94608.5
94609
94610.5
94611
94612
94613
94614
94615
94616
94617
94618
94619
94620
94621
94622
94623
94624
94625
94626
94627
94627.5
94628
94629.5
94631
94631.5
94632
94632.5
94633
94634.5
94635
94636
94637
94638
94639
94639.5
94641
94642
94643
94644
94645
94646
94647
94648.5
94649
94650.5
94651
94652.5
94653
94654
94655
94656
94657
94657.5
94659
94659.5
94660
94661
94662
94663
94664
94665
94666
94667
94668
94669
94670
94670.5
94671
94671.5
94672
94673.5
94675
94676.5
94677
94678.5
94679
94679.5
94680
94681.5
94682
94683.5
94685
94685.5
94687
94688.5
94689
94690.5
94692
94692.5
94694
94695
94696
94697
94698
94698.5
94699
94699.5
94700
94700.5
94702
94703.5
94704
94704.5
94705
94706.5
94707
94708
94709
94710
94711
94712
94713
94714
94715
94716
94717
94718
94719
94719.5
94720
94721
94722
94722.5
94724
94725
94726
94727
94728
94728.5
94729
94730
94731
94732
94733
94734.5
94735
94736
94737
94738
94739
94739.5
94740
94741
94742
94743
94744
94745
94746
94747
94748
94749
94750
94750.5
94752
94753
94754
94754.5
94755
94756
94757
94757.5
94758
94759.5
94761
94761.5
94762
94763
94764
94765
94766
94767
94768
94769
94770
94770.5
94772
94773
94774
94775
94776
94777
94778
94779
94780
94781
94782
94783
94784
94785
94786
94787
94788
94789
94790
94791
94792
94793
94794
94794.5
94795
94796
94797
94798.5
94800
94800.5
94802
94802.5
94803
94804
94805
94805.5
94807
94808
94809
94810
94811
94811.5
94812
94813.5
94814
94815.5
94816
94817.5
94818
94819.5
94821
94821.5
94823
94824
94825
94826
94827
94828
94829
94830.5
94831
94832.5
94833
94834
94835
94836
94837
94838
94839
94839.5
94841
94842
94843
94844
94845
94846
94847
94848
94849
94850.5
94851
94852.5
94853
94854.5
94856
94856.5
94858
94858.5
94859
94860.5
94862
94862.5
94864
94864.5
94865
94866
94867
94867.5
94869
94870
94871
94872
94873
94874.5
94875
94876.5
94878
94878.5
94879
94880.5
94881
94882
94883
94884.5
94886
94887
94888
94888.5
94890
94891
94892
94892.5
94893
94894.5
94896
94897
94898
94898.5
94900
94901
94902
94902.5
94904
94904.5
94905
94906
94907
94908
94909
94910
94911
94911.5
94912
94912.5
94914
94914.5
94916
94916.5
94917
94917
94919
94920.5
94921
94922.5
94924
94924.5
94926
94927.5
94928
94929.5
94930
94930.5
94931
94932.5
94933
94933
94933
94935
94935
94936
94937
94938
94939
94940
94941
94942
94943
94944
94945
94946
94947
94948
94949
94950
94951
94952
94953
94953.5
94954
94955.5
94956
94957
94958
94959
94960
94961
94962
94963.5
94965
94966
94967
94967.5
94969
94970
94971
94971.5
94973
94974
94975
94976
94977
94978
94979
94979.5
94981
94981.5
94982
94983.5
94984
94985.5
94987
94987.5
94989
94990
94991
94992
94993
94994
94995
94996
94997
94998
94999
95000
95001
95002
95003
95004
95005
95006
95007
95008
95009
95010
95011
95012
95013
95013.5
95014
95015.5
95016
95017
95018
95019
95020
95020.5
95022
95022.5
95024
95024.5
95025
95025
95027
95028.5
95030
95030.5
95031
95032.5
95033
95034.5
95035
95035
95037
95038.5
95040
95040.5
95042
95043
95044
95045
95046
95047.5
95049
95050
95051
95051.5
95053
95054
95055
95056
95057
95058
95059
95060
95061
95061.5
95063
95064
95065
95066
95067
95068
95069
95070
95071
95072
95073
95074
95075
95076
95077
95078
95079
95079.5
95081
95081.5
95082
95083
95084
95085.5
95087
95087.5
95088
95089
95090
95091
95092
95092.5
95093
95093
95093
95094
95095
95095.5
95097
95097.5
95099
95099.5
95101
95102
95103
95103.5
95104
95104.5
95106
95106.5
95107
95108
95109
95110
95111
95112
95113
95114.5
95116
95116.5
95118
95119.5
95120
95120.5
95122
95122.5
95124
95124.5
95125
95126
95127
95128
95129
95130
95131
95132
95133
95134
95135
95136
95137
95138
95139
95140.5
95141
95142
95143
95144
95145
95146
95147
95148
95149
95150
95151
95152.5
95154
95155.5
95157
95157.5
95159
95159.5
95160
95160.5
95162
95163.5
95164
95165.5
95166
95166.5
95167
95168.5
95170
95171.5
95172
95173.5
95174
95174.5
95175
95176
95177
95178
95179
95180
95181
95182.5
95183
95184.5
95186
95186.5
95187
95188
95189
95190
95191
95192
95193
95194
95195
95195.5
95197
95197.5
95198
95199
95200
95201
95202
95203
95204
95204.5
95205
95206.5
95208
95209
95210
95211
95212
95212.5
95214
95214.5
95216
95216.5
95218
95218.5
95219
95220.5
95221
95222.5
95224
95224.5
95225
95225.5
95227
95228.5
95230
95230.5
95232
95233
95234
95234.5
95236
95236.5
95238
95238.5
95240
95241
95242
95243
95244
95244.5
95245
95245.5
95246
95246.5
95247
95248
95249
95249
95251
95252
95253
95253
95255
95255
95257
95258
95259
95260
95261
95262
95263
95263
95265
95265
95267
95267
95267
95269
95269
95270
95271
95272
95273
95275
95275
95276
95277
95279
95279
95281
95281
95283
95283
95284
95285
95285.5
95286
95287.5
95289
95289.5
95290
95291
95292
95293
95294
95295
95296
95297
95298
95299
95300
95301
95302
95302.5
95304
95305
95306
95307
95308
95308.5
95309
95310
95311
95312
95313
95314
95315
95316
95317
95318
95319
95319.5
95321
95322
95323
95324
95325
95326
95327
95327.5
95329
95329.5
95330
95331.5
95332
95333.5
95334
95335.5
95337
95338
95339
95340
95341
95342
95343
95343.5
95345
95346
95347
95347.5
95349
95350
95351
95352
95353
95354
95355
95356
95357
95358
95359
95360.5
95362
95363
95364
95364.5
95365
95366
95367
95368
95369
95370
95371
95372
95373
95373.5
95375
95375.5
95376
95376.5
95377
95378.5
95380
95380.5
95381
95382
95383
95384.5
95386
95387.5
95389
95389.5
95391
95391.5
95393
95393.5
95395
95396
95397
95397.5
95398
95398.5
95400
95400.5
95401
95402
95403
95404
95405
95406
95407
95408
95409
95410
95411
95412
95413
95413
95413
95415
95415
95417
95419
95420
95421
95422
95423
95424
95425
95426.5
95427
95428.5
95429
95430
95431
95432
95433
95434
95435
95436.5
95437
95438
95439
95440
95441
95442.5
95444
95444.5
95446
95446.5
95447
95448.5
95449
95450.5
95452
95453.5
95454
95454.5
95455
95456.5
95458
95458.5
95460
95461.5
95462
95463.5
95465
95465.5
95467
95467.5
95468
95469.5
95471
95471.5
95472
95473.5
95474
95475.5
95477
95477.5
95478
95479.5
95481
95481.5
95483
95483.5
95484
95485.5
95487
95487.5
95488
95489.5
95490
95490.5
95491
95492.5
95494
95495.5
95497
95497.5
95498
95498.5
95499
95500.5
95502
95503.5
95505
95505.5
95507
95508
95509
95510
95511
95512
95513
95514
95515
95516
95517
95517.5
95518
95519.5
95521
95522
95523
95524
95525
95526
95527
95528
95529
95530
95531
95532
95533
95533.5
95535
95535.5
95537
95537.5
95538
95538.5
95540
95541.5
95543
95543.5
95544
95544.5
95546
95547.5
95549
95550
95551
95551.5
95552
95553.5
95554
95554.5
95556
95556.5
95557
95558.5
95560
95561.5
95562
95563.5
95564
95564.5
95565
95566.5
95567
95568
95569
95570
95571
95572
95573
95574
95575
95576
95577
95578
95579
95580
95581
95581
95581
95581.5
95583
95583.5
95585
95587
95587
95587.5
95589
95589.5
95590
95591.5
95593
95593.5
95595
95597
95597
95599
95601
95602
95603
95603
95603
95603.5
95604
95604.5
95605
95606.5
95608
95608.5
95610
95610.5
95611
95611.5
95612
95613.5
95614
95615.5
95617
95617.5
95618
95619
95620
95620.5
95622
95623
95624
95625
95626
95627
95628
95629
95630
95631
95632
95633
95634
95635
95636
95637
95638
95639
95640
95640.5
95641
95642.5
95643
95644.5
95645
95646.5
95648
95648.5
95650
95651
95652
95653
95654
95655
95656
95657.5
95658
95659.5
95660
95661
95662
95663.5
95664
95665
95666
95666.5
95667
95668
95669
95670
95671
95672
95673
95674
95675
95676.5
95677
95678
95679
95680
95681
95682
95683
95684
95685
95686
95687
95688
95689
95690
95691
95691.5
95693
95693.5
95694
95695
95696
95697
95698
95699
95700
95701
95702
95703
95704
95704.5
95705
95706.5
95708
95709
95710
95711
95712
95713
95714
95714.5
95715
95715.5
95717
95717.5
95718
95719
95720
95721
95722
95723
95724
95725
95726
95727
95728
95729.5
95731
95732.5
95733
95734.5
95735
95735.5
95737
95738.5
95739
95739.5
95741
95741.5
95743
95743.5
95745
95746.5
95748
95749
95750
95751
95752
95753
95754
95755
95756
95757
95758
95759
95760
95761.5
95763
95763.5
95765
95765.5
95767
95767.5
95768
95769.5
95770
95771.5
95773
95773.5
95774
95775.5
95776
95777.5
95779
95779.5
95780
95781
95782
95783
95784
95784.5
95785
95785.5
95787
95787.5
95789
95789.5
95790
95791
95792
95792.5
95794
95794.5
95796
95796.5
95797
95798.5
95799
95799.5
95801
95801.5
95802
95803
95804
95805
95806
95807
95808
95808
95808
95810
95810
95812
95812
95814
95814
95816
95818
95818
95818
95818.5
95820
95820.5
95821
95822.5
95824
95824.5
95826
95826.5
95828
95830
95832
95833
95834
95835
95836
95837
95838
95839.5
95841
95842.5
95844
95844.5
95845
95846.5
95848
95849
95850
95851
95852
95853
95854
95855
95856
95857.5
95858
95859
95860
95861
95862
95863.5
95865
95865.5
95866
95867
95868
95868.5
95870
95870.5
95871
95872.5
95873
95873.5
95875
95875.5
95876
95877.5
95878
95879
95880
95881
95882
95883
95884
95885
95886
95887
95888
95889
95890
95891
95892
95893
95894
95895.5
95897
95897.5
95898
95899.5
95900
95901
95902
95903
95904
95905
95906
95907
95908
95909
95910
95911
95912
95912
95912
95914
95914
95916
95916
95916.5
95917
95918.5
95920
95920.5
95922
95924
95924
95924.5
95926
95928
95928
95928.5
95929
95929.5
95930
95931
95932
95932.5
95934
95934.5
95935
95936
95937
95938
95939
95940.5
95942
95943
95944
95945
95946
95947
95948
95949
95950
95951
95952
95953
95954
95955
95956
95956.5
95957
95958
95959
95960.5
95961
95962.5
95963
95964
95965
95966
95967
95968
95969
95970
95971
95972
95973
95974
95975
95976
95977
95978
95979
95980
95981
95982
95983
95984
95985
95985.5
95987
95987.5
95989
95989.5
95990
95991.5
95992
95993
95994
95995
95996
95997
95998
95999
96000
96001
96002
96003
96004
96004.5
96006
96006.5
96007
96008.5
96010
96011
96012
96013
96014
96015
96016
96017.5
96018
96019.5
96021
96021.5
96022
96023
96024
96025
96026
96027
96028
96029
96030
96031
96032
96032.5
96033
96034.5
96035
96035.5
96037
96037.5
96038
96039
96040
96041
96042
96043
96044
96045
96046
96047
96048
96049
96050
96051
96052
96053
96054
96055
96056
96057
96058
96058.5
96059
96060.5
96062
96062.5
96064
96064.5
96066
96067
96068
96069.5
96070
96071
96072
96073
96074
96075
96076
96076.5
96077
96078
96079
96080
96081
96082
96083
96084
96085
96086
96087
96088
96089
96090
96091
96092.5
96093
96094
96095
96096
96097
96098
96099
96100
96101
96102
96103
96104
96105
96106
96107
96107.5
96108
96109
96110
96111
96112
96113
96114
96115
96116
96117
96118
96119
96120
96121.5
96122
96123.5
96124
96125
96126
96127
96128
96129
96130
96131
96132
96133
96134
96135
96136
96137
96138
96139.5
96141
96141.5
96142
96143.5
96144
96145.5
96147
96147.5
96149
96149.5
96150
96151.5
96152
96153
96154
96155
96156
96157
96158
96159
96160
96161
96162
96163
96164
96165
96166
96167
96168
96169
96170
96171
96172
96173
96174
96175
96176
96177
96178
96179
96180
96181
96182
96183
96184
96185
96186
96187
96188
96189
96190
96191
96192
96192.5
96193
96193.5
96194
96195
96196
96197.5
96198
96199.5
96201
96201.5
96202
96203
96204
96204.5
96205
96206
96207
96208.5
96209
96210
96211
96211.5
96212
96212.5
96213
96214.5
96216
96216.5
96218
96219.5
96220
96221.5
96222
96223.5
96225
96225.5
96227
96227.5
96229
96229.5
96230
96230.5
96232
96233.5
96234
96234.5
96236
96237.5
96238
96239.5
96240
96240.5
96241
96241.5
96243
96244.5
96245
96246.5
96248
96248.5
96250
96251.5
96252
96252.5
96254
96254.5
96255
96255.5
96257
96258.5
96259
96260.5
96261
96262.5
96264
96265.5
96266
96267.5
96268
96269.5
96271
96271.5
96272
96272.5
96274
96274.5
96276
96277.5
96278
96278.5
96279
96279.5
96280
96281.5
96283
96283.5
96284
96285
96286
96286.5
96287
96287.5
96288
96289.5
96290
96290.5
96291
96292.5
96294
96295.5
96297
96297.5
96298
96299.5
96301
96302.5
96303
96304.5
96306
96306.5
96307
96307.5
96309
96309.5
96310
96310.5
96312
96312.5
96313
96314.5
96315
96316.5
96317
96318.5
96319
96320
96321
96322.5
96323
96324.5
96325
96326
96327
96328
96329
96330
96331
96332
96333
96334
96335
96336
96337
96338
96339
96340
96341
96342
96343
96344
96345
96346
96347
96348.5
96349
96350
96351
96352
96353
96354
96355
96356
96357
96358.5
96359
96360
96361
96362
96363
96364
96365
96366
96367
96368
96369
96370
96371
96371.5
96372
96373.5
96374
96375.5
96376
96376.5
96377
96378.5
96380
96380.5
96381
96382
96383
96383.5
96385
96385.5
96386
96386.5
96388
96389.5
96391
96391.5
96393
96393.5
96394
96394.5
96396
96397.5
96398
96398.5
96399
96399.5
96401
96402.5
96404
96404.5
96406
96407.5
96408
96409.5
96411
96412
96413
96413.5
96415
96415.5
96417
96417.5
96418
96418.5
96419
96419.5
96420
96421.5
96423
96424.5
96426
96426.5
96428
96428.5
96430
96430.5
96431
96431.5
96432
96433
96434
96434.5
96436
96437
96438
96439
96440
96441.5
96442
96443.5
96444
96445
96446
96447
96448
96448.5
96450
96450.5
96451
96451.5
96453
96454.5
96456
96456.5
96458
96459
96460
96461
96462
96463
96464
96465.5
96467
96468.5
96469
96469.5
96471
96472.5
96474
96474.5
96476
96476.5
96477
96477.5
96478
96479
96480
96481
96482
96483
96484
96484.5
96485
96486.5
96488
96489
96490
96491
96492
96493
96494
96494.5
96495
96496.5
96497
96498.5
96500
96500.5
96501
96501.5
96502
96503
96504
96505
96506
96507
96508
96509
96510
96510.5
96512
96512.5
96514
96515
96516
96517.5
96518
96519
96520
96520.5
96522
96523
96524
96525.5
96527
96528.5
96529
96530.5
96531
96531.5
96532
96533
96534
96535.5
96537
96537.5
96538
96539.5
96541
96542.5
96543
96544.5
96546
96547
96548
96549
96550
96551
96552
96553.5
96554
96555.5
96557
96558.5
96560
96560.5
96561
96561.5
96563
96564.5
96565
96565.5
96566
96567
96568
96569
96570
96571
96572
96572.5
96574
96575
96576
96576.5
96578
96578.5
96580
96580.5
96581
96581.5
96583
96584.5
96585
96585.5
96587
96587.5
96589
96590.5
96592
96592.5
96594
96595
96596
96597
96598
96599.5
96601
96601.5
96602
96603
96604
96605.5
96607
96607.5
96609
96610.5
96612
96612.5
96614
96615.5
96617
96618
96619
96619.5
96621
96622
96623
96624
96625
96626.5
96627
96628.5
96629
96630
96631
96631.5
96632
96633.5
96635
96636
96637
96638
96639
96640.5
96642
96642.5
96644
96644.5
96645
96646
96647
96648.5
96649
96650
96651
96651.5
96653
96653.5
96654
96655.5
96656
96657.5
96658
96658.5
96659
96659.5
96661
96661.5
96662
96663.5
96665
96666.5
96668
96668.5
96670
96670.5
96672
96673.5
96674
96675.5
96677
96677.5
96678
96679.5
96680
96681.5
96683
96684
96685
96686
96687
96688.5
96689
96690
96691
96692
96693
96694
96695
96696
96697
96697.5
96699
96699.5
96701
96702
96703
96703.5
96704
96704.5
96705
96705.5
96706
96707
96708
96709.5
96711
96711.5
96712
96713
96714
96715
96716
96716.5
96718
96718.5
96719
96720.5
96721
96722.5
96723
96724.5
96726
96726.5
96728
96729
96730
96731
96732
96732.5
96733
96734.5
96735
96736.5
96738
96739
96740
96741
96742
96743.5
96744
96745
96746
96746.5
96747
96747.5
96748
96749.5
96750
96751
96752
96752.5
96754
96755
96756
96756.5
96758
96759
96760
96761
96762
96763
96764
96765
96766
96767.5
96768
96769.5
96770
96771
96772
96772.5
96774
96775
96776
96776.5
96777
96778
96779
96780
96781
96782.5
96783
96784
96785
96786
96787
96788
96789
96790
96791
96792.5
96793
96794.5
96795
96796
96797
96798
96799
96800
96801
96802
96803
96804
96805
96806.5
96808
96808.5
96809
96810.5
96811
96812.5
96814
96814.5
96816
96817
96818
96819.5
96821
96821.5
96822
96823
96824
96825
96826
96827
96828
96829
96830
96831.5
96832
96833
96834
96834.5
96836
96837
96838
96839
96840
96840.5
96842
96842.5
96844
96845
96846
96847
96848
96849
96850
96851.5
96853
96854.5
96855
96855.5
96857
96857.5
96859
96860.5
96862
96862.5
96863
96863.5
96864
96865.5
96867
96867.5
96868
96869
96870
96871
96872
96873
96874
96874.5
96875
96876.5
96878
96879
96880
96881.5
96882
96883.5
96885
96886.5
96887
96888.5
96889
96889.5
96890
96891
96892
96892.5
96893
96894.5
96896
96897
96898
96898.5
96899
96900.5
96902
96902.5
96903
96904.5
96906
96907
96908
96908.5
96909
96910
96911
96912
96913
96914
96915
96915.5
96917
96918
96919
96920
96921
96922
96923
96923.5
96924
96925
96926
96926.5
96927
96928
96929
96930.5
96931
96932
96933
96934
96935
96936
96937
96938.5
96940
96940.5
96941
96942.5
96943
96944
96945
96945.5
96946
96947.5
96949
96950
96951
96952
96953
96954.5
96955
96956
96957
96958
96959
96960
96961
96962
96963
96964
96965
96966
96967
96968
96969
96970
96971
96972
96973
96974
96975
96975.5
96976
96977.5
96978
96979
96980
96981
96982
96981.5
96984
96985
96986
96985.5
96988
96987.5
96990
96989.5
96989
96989.5
96990
96991.5
96992
96993.5
96994
96995.5
96996
96996.5
96997
96998.5
96999
97000.5
97001
97001
97001
97003
97003
97005
97005
97006
97007
97009
97011
97012.5
97013
97013
97013
97014
97015
97017
97017
97019
97019
97021
97021
97023
97023
97025
97025
97026
97027
97029
97031
97032.5
97033
97034.5
97035
97036.5
97037
97038.5
97039
97039
97039
97041
97041
97042
97043
97045
97045
97047
97049
97050.5
97052
97053.5
97054
97054.5
97055
97056.5
97058
97058.5
97060
97061.5
97062
97063.5
97065
97065.5
97067
97069.5
97072
97071.5
97071
97071.5
97072
97073.5
97075
97075.5
97076
97077.5
97079
97081.5
97084
97083.5
97086
97085.5
97088
97087.5
97090
97089.5
97089
97089.5
97090
97091.5
97093
97093.5
97094
97095.5
97096
97096.5
97098
97098.5
97099
97099
97099
97100
97101
97103
97105
97105
97107
97108.5
97109
97110.5
97112
97113.5
97115
97115.5
97117
97117.5
97118
97118.5
97120
97121.5
97123
97123.5
97125
97125.5
97127
97129.5
97129
97129.5
97130
97131.5
97133
97135.5
97138
97137.5
97137
97137.5
97139
97139.5
97140
97140.5
97141
97141
97143
97144.5
97146
97147.5
97149
97149.5
97150
97150.5
97152
97152.5
97154
97154.5
97156
97156.5
97157
97158.5
97160
97160.5
97161
97162.5
97163
97163
97163
97164
97165
97166
97167
97168
97169
97170
97171
97172
97173
97174
97175
97176
97177
97178
97179
97180
97181
97182
97183
97183.5
97184
97185
97186
97187
97188
97189
97190
97190.5
97191
97192
97193
97194
97195
97196
97197
97198
97199
97200
97201
97202
97203
97204
97205
97206
97207
97207.5
97208
97208.5
97210
97211.5
97213
97214
97215
97215.5
97216
97217.5
97218
97218.5
97220
97220.5
97221
97221.5
97223
97223.5
97224
97225
97226
97227
97228
97229
97230
97230.5
97232
97233
97234
97235
97236
97237
97238
97239
97240
97240.5
97241
97240.5
97240
97242.5
97242
97244.5
97247
97248.5
97249
97250.5
97251
97250.5
97250
97252.5
97255
97256.5
97258
97259
97260
97261
97262
97263
97264
97265
97266
97267
97268
97269
97270
97271
97272
97273
97274
97275
97276
97277
97278
97279
97280
97281
97282
97283
97284
97285
97286
97286.5
97287
97286.5
97289
97288.5
97291
97292.5
97293
97294.5
97295
97294.5
97297
97296.5
97296
97298.5
97298
97300.5
97300
97302.5
97302
97304.5
97304
97306.5
97306
97308.5
97308
97309
97310
97312.5
97315
97316.5
97317
97316.5
97319
97318.5
97321
97322.5
97323
97324.5
97326
97327
97328
97328.5
97330
97330.5
97332
97332.5
97334
97334.5
97336
97336.5
97337
97336.5
97339
97338.5
97338
97339
97340
97341
97342
97343
97344
97344.5
97345
97346
97347
97347.5
97349
97349.5
97350
97351
97352
97353.5
97355
97356
97357
97358.5
97360
97360.5
97362
97363
97364
97365
97366
97367
97368
97368.5
97370
97370.5
97371
97372.5
97373
97374
97375
97376
97377
97378
97379
97379.5
97381
97382
97383
97384.5
97386
97386.5
97387
97388.5
97390
97391
97392
97392.5
97393
97394
97395
97395.5
97396
97397
97398
97399
97400
97401
97402
97403
97404
97405
97406
97407.5
97408
97409.5
97410
97411.5
97413
97413.5
97415
97415.5
97417
97417.5
97418
97419.5
97420
97421.5
97423
97424
97425
97425.5
97427
97428
97429
97430.5
97431
97432.5
97434
97434.5
97435
97436
97437
97438.5
97439
97440.5
97442
97443
97444
97446.5
97446
97447
97448
97450.5
97450
97452.5
97452
97453
97454
97456.5
97456
97457
97458
97459
97460
97461
97462
97462.5
97463
97464.5
97465
97466.5
97468
97469
97470
97470.5
97471
97472
97473
97474
97475
97476
97477
97478
97479
97480
97481
97482.5
97483
97484.5
97485
97486.5
97487
97488.5
97489
97490.5
97492
97493
97494
97495
97496
97496.5
97497
97498
97499
97499.5
97500
97501
97502
97503
97504
97505
97506
97507
97508
97509.5
97510
97511.5
97512
97513
97514
97515
97516
97517
97518
97519
97520
97521
97522
97523.5
97524
97525.5
97526
97527.5
97528
97529.5
97531
97531.5
97533
97533.5
97534
97535.5
97536
97537.5
97539
97540
97541
97542
97543
97544.5
97546
97547
97548
97548.5
97550
97551
97552
97554.5
97554
97556.5
97559
97560.5
97561
97562.5
97563
97562.5
97562
97564.5
97567
97566.5
97569
97568.5
97568
97570.5
97573
97572.5
97572
97573
97574
97576.5
97576
97577
97578
97579
97580
97581
97582
97583
97584
97585
97586
97586.5
97587
97588.5
97589
97590
97591
97592.5
97594
97594.5
97596
97596.5
97597
97598
97599
97599.5
97601
97601.5
97603
97604
97605
97606.5
97607
97608.5
97610
97610.5
97612
97612.5
97614
97614.5
97615
97616.5
97617
97618.5
97620
97620.5
97621
97622.5
97624
97624.5
97626
97626.5
97627
97628.5
97629
97630
97631
97632.5
97633
97634
97635
97636.5
97638
97638.5
97639
97640.5
97641
97642
97643
97644
97645
97646
97647
97648
97649
97650
97651
97652
97653
97653.5
97654
97655.5
97657
97657.5
97658
97659
97660
97661
97662
97663
97664
97665
97666
97667
97668
97669
97670
97671
97672
97672.5
97673
97674.5
97676
97676.5
97677
97678.5
97679
97680.5
97682
97683
97684
97685
97686
97687
97688
97689
97690
97691
97692
97693
97694
97694.5
97695
97695.5
97696
97697
97698
97699
97700
97701.5
97702
97703
97704
97705
97706
97707.5
97709
97710.5
97711
97712.5
97713
97713.5
97715
97715.5
97717
97718.5
97720
97720.5
97722
97722.5
97724
97724.5
97725
97725.5
97726
97727
97728
97729
97730
97731
97732
97733
97734
97735
97736
97737
97738
97738.5
97739
97740
97741
97742
97743
97743
97745
97745
97747
97748
97749
97750.5
97751
97752
97753
97754
97755
97756
97757
97758.5
97760
97761
97762
97763
97764
97764.5
97765
97766
97767
97768
97769
97770
97771
97772
97773
97774.5
97775
97776
97777
97777
97779
97780
97781
97782
97783
97783
97783
97783.5
97784
97785
97786
97786.5
97787
97787.5
97789
97789.5
97790
97791.5
97793
97794.5
97796
97796.5
97797
97797.5
97798
97799
97800
97801
97802
97803
97804
97805
97806
97807
97808
97809
97810
97811
97812
97813
97814
97815.5
97816
97817
97818
97819
97820
97821.5
97822
97823
97824
97825
97826
97827
97828
97829
97830
97831
97832
97833
97834
97834.5
97835
97835.5
97836
97837
97838
97839
97840
97841.5
97842
97843
97844
97845.5
97846
97847
97848
97849.5
97850
97851.5
97852
97853
97854
97855
97856
97857
97858
97859
97860
97861
97862
97863
97864
97865
97866
97867
97868
97869
97870
97871
97872
97873
97874
97875
97876
97877
97878
97879
97880
97881
97882
97883
97884
97885
97886
97886
97886
97886.5
97887
97888
97889
97890.5
97891
97892
97893
97894.5
97895
97896
97897
97897.5
97898
97899.5
97901
97901.5
97902
97903
97904
97905
97906
97907
97908
97908.5
97909
97910.5
97912
97912.5
97913
97914
97915
97915.5
97916
97917
97918
97919
97920
97921
97922
97923.5
97924
97925
97926
97926.5
97927
97927.5
97929
97930.5
97931
97931.5
97932
97933
97934
97935
97936
97937
97938
97939
97940
97941
97942
97943
97944
97945
97946
97947
97948
97949
97950
97951
97952
97952.5
97954
97954.5
97955
97956.5
97958
97958.5
97960
97960.5
97961
97962
97963
97964
97965
97965.5
97967
97967.5
97969
97969.5
97970
97971.5
97972
97973.5
97975
97976
97977
97978
97979
97979.5
97980
97981.5
97982
97983
97984
97984
97984
97985
97986
97987
97988
97989
97990
97991
97992
97993
97994
97995
97996
97997
97998
97999
98000
98002
98002
98004
98004
98006
98006
98007
98008
98009
98010
98012
98012
98014
98016
98017
98018
98018
98018
98019
98020
98021
98022
98023
98024
98024.5
98026
98027
98028
98029
98030
98030.5
98031
98032.5
98033
98034
98035
98036
98037
98037.5
98039
98039.5
98040
98041.5
98042
98042.5
98044
98044.5
98046
98046.5
98048
98048.5
98050
98050.5
98051
98051.5
98053
98054.5
98056
98056.5
98057
98058.5
98059
98059.5
98060
98060
98062
98062
98062
98063
98064
98064.5
98066
98067
98068
98068.5
98070
98070.5
98071
98072
98073
98074
98075
98076.5
98077
98078
98079
98079
98081
98082
98083
98084
98085
98086
98087
98088.5
98090
98090.5
98092
98092.5
98093
98094
98095
98096.5
98098
98099
98100
98101
98102
98103
98104
98105
98106
98106.5
98107
98108.5
98109
98110
98111
98112
98113
98113
98113
98115
98115
98117
98117
98118
98119
98120
98121
98123
98123
98124
98125
98127
98127
98129
98129
98131
98133
98133
98133
98134
98135
98136
98137
98139
98141
98141
98141
98142
98143
98144
98145
98145.5
98146
98147
98148
98149
98150
98151
98152
98153
98154
98154.5
98156
98157
98158
98158.5
98160
98160.5
98161
98162
98163
98164.5
98166
98166.5
98168
98168.5
98169
98170.5
98171
98172
98173
98173.5
98175
98175.5
98177
98177.5
98178
98178.5
98179
98180.5
98182
98182.5
98183
98184.5
98186
98187.5
98188
98188.5
98189
98190.5
98192
98192.5
98194
98194.5
98196
98197.5
98199
98199.5
98200
98201.5
98202
98203.5
98204
98204.5
98206
98206.5
98207
98208
98209
98210
98211
98212
98213
98214
98215
98216
98217
98218
98219
98220
98221
98222
98223
98224
98225
98226
98227
98228
98229
98230
98231
98232
98233
98234
98235
98236
98237
98237.5
98238
98239
98240
98241
98242
98243
98244
98245
98246
98247
98248
98249
98250
98251
98252
98253
98254
98255
98256
98257
98258
98258.5
98259
98260
98261
98262
98263
98264
98265
98266
98267
98268
98269
98269.5
98270
98271
98272
98273
98274
98275
98276
98277
98278
98279
98280
98280.5
98281
98282
98283
98284
98285
98286
98287
98288
98289
98290
98291
98291.5
98292
98292.5
98293
98294.5
98295
98296
98297
98298
98299
98300
98301
98302.5
98304
98304.5
98305
98306
98307
98308.5
98309
98310
98311
98312
98313
98314
98315
98316
98317
98318
98319
98320
98321
98322
98323
98323
98325
98325
98325
98327
98327
98327.5
98329
98331
98331
98331.5
98332
98333
98334
98335
98336
98337
98338
98339
98340
98341
98342
98343
98344
98345
98346
98347
98348
98349
98350
98351
98352
98353
98354
98355
98356
98357
98358
98358.5
98360
98361
98362
98363
98364
98364.5
98366
98366.5
98367
98368
98369
98369.5
98371
98371.5
98372
98373
98374
98374.5
98376
98376.5
98378
98379
98380
98380.5
98382
98383
98384
98384.5
98385
98386.5
98388
98389
98390
98391
98392
98393
98394
98395
98396
98397
98398
98399
98400
98401
98402
98403
98404
98404.5
98405
98405.5
98406
98407
98408
98409
98410
98410.5
98412
98412.5
98413
98414
98415
98416
98417
98418
98419
98420
98421
98422
98423
98424
98425
98426.5
98428
98428.5
98429
98430
98431
98432
98433
98434
98435
98436
98437
98438
98439
98440
98441
98442
98443
98444
98445
98446
98447
98448
98449
98450
98451
98452
98453
98454
98455
98456
98457
98458.5
98460
98460.5
98462
98462.5
98463
98464
98465
98466
98467
98468
98469
98470
98471
98472
98473
98474
98475
98475.5
98476
98477
98478
98478.5
98480
98480.5
98481
98482.5
98483
98483.5
98484
98485
98486
98487
98488
98489
98490
98490.5
98491
98491.5
98492
98493
98494
98495
98496
98497
98498
98499
98500
98501
98502
98503
98504
98505
98506
98507
98508
98508.5
98510
98510.5
98511
98512.5
98514
98514.5
98515
98515.5
98517
98518.5
98519
98519.5
98520
98521.5
98522
98523.5
98525
98525.5
98526
98527.5
98529
98530.5
98532
98532.5
98534
98534.5
98535
98535.5
98536
98537.5
98538
98539.5
98541
98542.5
98543
98544.5
98546
98546.5
98547
98547.5
98548
98548.5
98550
98551.5
98553
98553.5
98555
98555.5
98556
98556.5
98557
98557.5
98558
98558
98558
98560
98560
98561
98562
98563
98564
98565
98566
98567
98568
98569
98570
98571
98572
98573
98574
98575
98576
98577
98578
98579
98580
98581
98582
98582.5
98584
98585
98586
98587
98588
98589
98590
98591
98592
98593
98594
98595
98596
98597
98598
98599
98600
98600.5
98601
98602.5
98603
98604.5
98605
98606
98607
98608
98609
98610
98611
98612
98613
98613.5
98615
98615.5
98617
98618
98619
98620
98621
98622.5
98624
98625
98626
98627
98628
98629
98630
98630.5
98631
98632
98633
98633.5
98635
98635.5
98636
98636.5
98637
98638
98639
98639.5
98641
98641.5
98642
98643
98644
98645
98646
98647
98648
98648.5
98650
98650.5
98651
98652.5
98653
98654.5
98655
98656.5
98658
98659
98660
98661
98662
98662.5
98663
98664.5
98666
98667
98668
98668.5
98669
98670.5
98671
98672
98673
98673.5
98674
98675.5
98676
98677
98678
98679.5
98681
98682
98683
98683.5
98684
98685
98686
98687
98688
98689.5
98690
98691
98692
98693
98694
98695
98696
98696.5
98697
98698.5
98699
98700
98701
98702
98703
98704
98705
98706
98707
98708
98709
98710
98711
98712
98713
98714
98715
98715.5
98716
98716.5
98717
98718
98719
98719.5
98720
98721
98722
98723
98724
98724
98726
98727
98728
98729
98730
98731
98732
98733.5
98734
98735
98736
98736
98736
98738
98740
98741
98742
98743
98744
98745
98746
98747.5
98749
98749.5
98751
98751.5
98752
98753.5
98754
98755.5
98757
98757.5
98758
98759
98760
98761.5
98763
98763.5
98764
98765
98766
98767
98768
98768
98768
98770
98772
98772
98774
98774
98776
98777
98778
98779
98780
98781
98782
98783
98784
98785
98786
98787
98788
98789
98790
98790
98792
98793
98794
98795
98796
98797
98798
98799
98800
98801
98802
98803.5
98804
98805.5
98807
98807.5
98809
98809.5
98811
98812
98813
98814.5
98815
98816.5
98817
98818.5
98819
98820
98821
98822
98823
98823.5
98824
98825.5
98827
98828
98829
98829.5
98831
98831.5
98832
98833.5
98835
98835.5
98837
98837.5
98838
98839
98840
98841
98842
98842
98842
98843
98844
98845
98846
98847
98848
98849
98850
98851
98852
98853
98854
98854.5
98855
98856
98857
98858
98859
98860
98861
98862
98863
98864
98865
98866
98867
98868
98869
98869.5
98871
98872
98873
98873.5
98875
98875.5
98876
98877
98878
98879.5
98881
98881.5
98882
98883
98884
98885
98886
98887.5
98889
98889.5
98891
98891.5
98892
98893.5
98894
98895
98896
98897
98898
98899
98900
98901
98902
98903
98904
98904.5
98906
98906.5
98907
98908.5
98910
98911
98912
98912.5
98913
98913.5
98914
98915
98916
98917.5
98918
98919.5
98921
98921.5
98923
98923.5
98925
98925.5
98927
98927.5
98928
98929
98930
98931
98932
98933
98934
98935.5
98937
98937.5
98938
98939.5
98941
98942.5
98943
98943.5
98944
98945
98946
98947.5
98949
98950.5
98952
98952.5
98953
98953.5
98954
98955
98956
98957
98958
98959.5
98961
98962.5
98963
98964.5
98966
98967
98968
98968.5
98969
98969.5
98970
98971
98972
98973
98974
98975
98976
98976.5
98977
98978
98979
98980
98981
98982
98983
98983.5
98984
98984.5
98985
98986
98987
98988
98989
98990.5
98992
98993.5
98994
98994.5
98995
98996
98997
98998
98999
99000
99001
99001.5
99002
99003.5
99004
99005.5
99007
99007.5
99008
99009
99010
99011
99012
99013
99014
99015
99016
99017
99018
99019
99020
99021
99022
99023
99024
99025
99026
99027
99028
99029
99030
99030.5
99032
99032.5
99033
99034.5
99036
99036.5
99037
99038
99039
99040
99041
99041.5
99043
99043.5
99044
99045
99046
99047
99048
99049.5
99050
99051
99052
99053
99054
99055
99056
99057
99058
99059
99060
99061
99062
99063.5
99064
99065.5
99067
99068
99069
99070
99071
99072
99073
99074
99075
99075.5
99076
99077
99078
99079.5
99080
99081.5
99082
99083
99084
99085
99086
99087
99088
99089
99090
99091
99092
99093
99094
99095
99096
99097
99098
99098.5
99099
99099.5
99101
99102.5
99103
99103.5
99104
99104
99104
99104.5
99105
99106
99107
99108
99109
99110
99111
99112
99113
99114
99115
99116
99117
99118
99119
99120
99121
99122
99123
99124
99125
99126
99127
99127
99127
99127
99127
99129
99131
99131
99133
99133
99133
99134
99135
99136
99137
99137.5
99138
99139.5
99140
99140.5
99141
99142
99143
99144
99145
99146
99147
99148
99149
99149.5
99150
99151.5
99153
99154
99155
99156
99157
99158
99159
99160
99161
99162
99163
99164
99165
99166
99167
99167.5
99169
99170
99171
99172
99173
99173.5
99174
99175.5
99177
99178
99179
99180
99181
99182
99183
99183.5
99184
99184.5
99185
99186.5
99187
99187.5
99188
99188.5
99189
99190.5
99191
99192.5
99194
99195.5
99196
99196.5
99197
99197
99197
99198
99199
99201
99201
99203
99205
99206.5
99208
99209.5
99211
99211.5
99213
99213.5
99214
99214.5
99216
99216.5
99217
99218.5
99219
99219
99219
99220
99221
99221.5
99222
99223.5
99225
99225.5
99226
99227
99228
99229.5
99231
99231.5
99232
99233.5
99235
99235.5
99236
99237.5
99238
99239.5
99240
99241
99242
99243
99244
99245
99246
99247.5
99249
99250
99251
99252
99253
99254
99255
99257
99259
99260.5
99261
99262.5
99264
99265.5
99266
99266.5
99267
99267
99267
99269
99269
99270
99271
99271.5
99272
99273
99274
99275.5
99277
99277.5
99279
99280
99281
99281.5
99282
99283.5
99285
99285.5
99286
99287.5
99288
99289
99290
99290.5
99292
99293
99294
99295
99296
99297
99298
99298.5
99299
99300.5
99301
99302
99303
99304
99305
99306
99307
99308
99309
99310
99311
99312
99313
99314
99315
99316
99317
99317.5
99318
99319.5
99320
99321
99322
99323.5
99325
99325.5
99326
99327
99328
99329.5
99331
99332
99333
99333.5
99335
99335.5
99336
99337
99338
99338.5
99339
99339.5
99340
99341
99342
99343
99344
99345
99346
99347
99348
99349
99350
99351
99352
99353
99354
99355
99356
99357
99358
99358.5
99360
99361
99362
99363
99364
99364.5
99365
99366.5
99367
99367
99367
99369
99369
99369.5
99370
99371
99372
99373
99374
99375
99376
99377
99378
99378.5
99380
99381
99382
99383.5
99384
99385
99386
99387
99388
99389
99390
99390.5
99391
99392
99393
99394.5
99395
99396
99397
99398.5
99400
99401
99402
99403
99404
99404.5
99405
99406.5
99407
99408
99409
99410
99411
99412
99413
99414
99415
99416
99417
99418
99419
99420
99421
99421
99421
99422
99423
99424
99425
99426
99427
99429
99429
99431
99431
99433
99435
99435
99435
99436
99437
99438
99439
99440
99441
99442
99443
99444
99445
99445.5
99446
99447.5
99449
99449.5
99450
99450.5
99452
99452.5
99454
99455.5
99457
99457.5
99458
99459.5
99460
99461.5
99462
99463.5
99465
99465.5
99467
99468
99469
99470
99471
99471.5
99473
99473.5
99475
99476
99477
99478
99479
99480
99481
99482
99483
99484
99485
99486
99487
99488
99489
99489.5
99491
99492
99493
99494
99495
99496
99497
99498
99499
99500
99501
99501.5
99502
99502.5
99503
99503.5
99505
99505.5
99506
99506.5
99508
99508.5
99510
99510.5
99511
99512.5
99514
99514.5
99515
99516.5
99517
99518
99519
99520
99521
99522
99523
99523.5
99525
99526
99527
99528
99529
99530
99531
99531.5
99532
99532.5
99534
99535.5
99536
99536.5
99538
99538.5
99539
99539.5
99540
99541.5
99543
99544.5
99546
99546.5
99548
99548.5
99550
99551.5
99552
99552.5
99553
99554.5
99555
99555.5
99556
99557
99558
99558.5
99559
99560
99561
99562
99563
99564
99565
99566.5
99567
99568.5
99570
99571
99572
99573.5
99575
99575.5
99577
99578.5
99580
99580.5
99581
99581.5
99582
99583
99584
99585
99586
99586.5
99587
99588.5
99590
99591
99592
99593.5
99594
99595.5
99596
99597.5
99598
99599.5
99601
99602.5
99604
99604.5
99606
99606.5
99607
99608.5
99610
99611.5
99612
99613.5
99615
99615.5
99616
99616.5
99617
99617.5
99618
99619
99620
99620.5
99622
99623
99624
99625
99626
99626.5
99628
99628.5
99629
99630.5
99632
99632.5
99633
99634
99635
99636.5
99637
99638.5
99640
99641
99642
99643.5
99644
99645
99646
99646.5
99647
99648
99649
99650.5
99651
99652
99653
99654
99655
99656
99657
99658
99659
99660
99661
99662
99663
99664
99665
99666
99667
99668
99669
99670
99671
99672.5
99674
99674.5
99675
99676
99677
99678
99679
99680
99681
99682
99683
99684.5
99686
99687
99688
99688.5
99690
99691
99692
99693.5
99695
99695.5
99697
99698.5
99699
99700.5
99701
99702.5
99704
99705.5
99707
99707.5
99708
99708.5
99709
99709.5
99710
99711
99712
99712.5
99713
99714
99715
99716
99717
99718
99719
99720
99721
99722
99723
99724
99725
99726
99727
99728
99729
99730
99731
99732
99733
99734
99735
99736
99737
99736.5
99739
99738.5
99741
99742
99743
99742.5
99745
99744.5
99747
99748
99749
99748.5
99751
99752
99753
99754
99755
99754.5
99754
99756.5
99756
99757
99758
99759
99760
99761
99762
99761.5
99764
99763.5
99763
99764
99765
99767.5
99767
99769.5
99769
99771.5
99774
99773.5
99773
99774
99775
99776
99777
99778
99779
99779
99779
99780
99781
99782
99783
99784
99785
99786
99787
99788
99789
99790
99791
99791
99793
99793
99793
99795
99797
99797
99799
99800
99801
99802
99803
99803
99803
99803.5
99805
99805.5
99806
99807
99808
99809
99810
99811
99812
99813.5
99815
99815.5
99817
99817.5
99819
99821
99821
99821.5
99823
99823.5
99825
99827
99827
99829
99829
99829.5
99831
99831.5
99833
99833.5
99835
99835.5
99837
99837.5
99839
99841
99841
99841.5
99843
99843.5
99845
99845.5
99846
99847.5
99849
99849.5
99850
99851.5
99852
99853
99854
99854.5
99856
99856.5
99857
99857
99857
99859
99861
99862.5
99864
99864.5
99865
99865
99865
99867
99869
99870.5
99871
99871
99871
99872
99873
99874
99875
99877
99877
99879
99881
99881
99883
99884.5
99886
99887
99888
99889
99890
99891
99892
99892.5
99894
99895
99896
99897
99898
99898.5
99899
99900.5
99902
99902.5
99904
99904.5
99906
99906.5
99907
99908.5
99910
99910.5
99911
99911
99913
99914.5
99915
99916.5
99918
99919
99920
99921
99922
99922.5
99924
99924.5
99926
99927
99928
99928.5
99930
99930.5
99931
99932.5
99934
99934.5
99935
99936.5
99938
99938.5
99939
99939
99939
99940
99941
99942
99943
99943.5
99944
99945.5
99946
99947.5
99949
99949.5
99951
99951.5
99953
99953.5
99954
99954.5
99956
99956.5
99957
99958.5
99959
99960
99961
99962
99963
99963
99965
99966
99967
99968
99969
99970.5
99971
99972.5
99973
99974
99975
99976
99977
99978
99979
99980
99981
99982
99983
99984
99985
99986
99987
99988
99989
99990
99991
99992
99993
99994
99995
99996
99997
99998
99999
100000
100001
100002
100003
100004
100005
100005
100007
100008
100009
100009
100009
100010
100011
100012
100013
100014
100015
100016
100017
100017.5
100018
100019.5
100020
100020
100020
100021
100022
100023
100024
100025
100026
100028
100028
100030
100032
100032
100032
100033
100034
100034.5
100035
100036.5
100037
100038
100039
100040.5
100042
100042.5
100043
100044
100045
100046
100047
100048
100049
100050
100051
100052
100053
100054.5
100055
100056.5
100057
100058
100059
100060
100061
100061.5
100062
100063.5
100065
100065.5
100066
100067
100068
100069
100070
100070.5
100071
100072
100073
100074
100075
100075.5
100076
100077
100078
100079
100080
100081
100082
100082.5
100083
100084
100085
100086
100087
100088
100089
100089.5
100090
100090.5
100091
100092
100093
100094
100095
100096
100097
100098
100099
100100
100101
100102.5
100103
100104
100105
100106
100107
100108
100109
100110
100111
100112
100113
100114
100115
100115.5
100116
100117.5
100118
100118.5
100120
100121.5
100122
100122.5
100123
100124.5
100126
100126.5
100127
100128.5
100130
100130.5
100131
100132.5
100133
100134
100135
100136.5
100137
100138
100139
100139.5
100141
100141.5
100142
100142.5
100144
100144.5
100146
100146.5
100147
100147.5
100148
100149.5
100150
100150.5
100151
100152.5
100154
100155.5
100156
100156.5
100157
100158.5
100160
100160.5
100161
100162.5
100163
100164.5
100166
100166.5
100168
100168.5
100169
100170
100171
100172
100173
100173.5
100174
100175
100176
100177
100178
100179
100180
100181.5
100182
100183
100184
100185
100186
100186.5
100188
100188.5
100189
100190
100191
100192
100193
100194.5
100195
100196.5
100197
100198
100199
100200
100201
100202
100203
100204
100205
100206.5
100208
100208.5
100209
100210
100211
100212
100213
100214
100215
100215
100217
100217
100217
100217.5
100219
100219.5
100220
100221.5
100223
100225
100227
100227
100229
100229
100229
100231
100233
100233
100235
100235
100237
100238
100239
100239
100239
100239.5
100241
100241.5
100242
100243
100244
100245
100246
100247
100248
100249
100250
100251
100252
100253
100254
100255
100256
100256.5
100257
100258.5
100260
100260.5
100262
100262.5
100264
100264.5
100265
100266
100267
100268
100269
100270
100271
100271.5
100272
100273.5
100275
100276
100277
100278
100279
100280
100281
100281.5
100283
100284
100285
100285.5
100286
100287
100288
100289
100290
100291
100292
100293
100294
100295
100296
100297
100298
100299
100300
100301
100302
100303
100304
100305
100306
100307
100308
100309
100310
100311
100312
100313
100314
100315
100316
100317
100318
100319
100320
100321
100322
100323
100324
100325
100326
100327
100328
100329
100330
100331
100332
100333
100334
100335
100336
100337
100338
100339
100340
100341
100342
100342
100342
100344
100346
100346
100348
100348
100350
100350
100350
100351
100352
100353
100354
100355
100356
100357
100358
100360
100360
100362
100362
100363
100364
100365
100366
100367
100368
100369
100370
100371
100372
100373
100374
100375
100376
100377
100378
100380
100380
100381
100382
100383
100384
100386
100386
100387
100388
100390
100392
100393
100394
100394
100396
100396
100396
100397
100398
100399
100400
100400
100400
100401
100402
100403
100404
100406
100406
100407
100408
100410
100412
100413
100414
100414
100416
100416
100418
100418
100418
100419
100420
100422
100424
100424
100424
100426
100426
100428
100430
100430
100430
100431
100432
100433
100434
100434.5
100435
100436
100437
100438
100439
100439
100439
100441
100441
100443
100443
100445
100447
100448
100449
100449
100451
100451
100451
100452
100453
100453.5
100455
100456
100457
100458
100459
100460
100461
100461.5
100462
100462.5
100463
100464
100465
100466.5
100467
100468
100469
100470
100471
100472
100473
100474
100475
100476
100477
100478
100479
100480
100481
100481
100483
100484
100485
100485
100487
100488
100489
100490
100491
100492
100493
100493
100495
100495
100495
100497
100497
100499
100499
100500
100501
100502
100503
100503.5
100505
100505.5
100507
100507.5
100508
100509.5
100510
100511.5
100513
100513.5
100514
100515.5
100517
100517.5
100519
100520
100521
100522
100523
100523.5
100525
100526
100527
100528
100529
100530
100531
100532
100533
100534
100535
100537
100537
100538
100539
100539.5
100540
100541.5
100542
100543
100544
100544.5
100545
100546.5
100548
100548.5
100550
100550.5
100551
100552.5
100553
100553.5
100555
100555.5
100557
100557.5
100558
100558.5
100559
100559
100561
100561
100561
100561.5
100562
100563
100564
100564.5
100565
100566
100567
100568
100569
100570
100571
100572.5
100573
100574.5
100575
100576.5
100578
100578.5
100579
100580
100581
100582.5
100583
100584
100585
100586
100587
100588
100589
100590.5
100591
100592.5
100594
100594.5
100595
100596.5
100597
100598
100599
100600
100601
100602
100603
100604
100605
100606
100607
100608
100609
100610
100611
100612
100613
100614
100615
100616.5
100617
100618
100619
100620
100621
100622
100623
100624
100625
100626
100627
100628
100629
100630
100631
100632
100633
100634
100635
100636
100637
100638
100639
100639.5
100640
100640.5
100642
100642.5
100644
100644.5
100645
100646.5
100648
100649.5
100650
100650.5
100652
100653.5
100654
100655.5
100657
100657.5
100658
100659.5
100660
100660.5
100661
100662.5
100663
100664
100665
100666.5
100667
100668.5
100669
100670.5
100672
100673.5
100675
100676
100677
100678
100679
100679.5
100681
100682
100683
100684
100685
100686
100687
100688
100689
100690
100691
100692
100693
100694
100695
100696
100697
100698
100699
100700
100701
100702
100703
100704
100705
100706
100707
100708
100709
100710
100711
100712
100713
100714
100715
100716
100717
100718
100719
100720
100721
100722
100723
100724
100725
100726
100727
100728
100729
100730
100731
100731.5
100732
100732.5
100734
100735.5
100737
100738
100739
100740
100741
100742
100743
100743.5
100745
100745.5
100746
100746.5
100748
100749.5
100750
100751.5
100753
100753.5
100754
100754.5
100755
100756.5
100757
100758
100759
100760.5
100762
100763.5
100764
100765.5
100767
100767.5
100768
100768.5
100770
100770.5
100772
100773.5
100774
100774.5
100775
100776.5
100777
100778.5
100779
100780
100781
100782
100783
100784
100785
100786.5
100788
100789.5
100791
100791.5
100792
100792.5
100794
100794.5
100796
100796.5
100797
100798
100799
100800
100801
100801
100801
100802
100803
100804
100805
100806
100807
100808
100809
100810
100811
100813
100813
100815
100817
100818
100819
100819
100821
100821
100821
100823
100825
100826
100827
100828
100829
100830
100831
100831
100833
100833
100833
100834
100835
100836
100837
100838
100839
100840
100841
100842
100843
100844
100845
100846
100847
100848
100849
100850
100851
100852
100853
100854
100855
100856
100857
100858
100859
100860
100861
100862
100863
100864
100865
100866
100867
100868
100869
100870
100871
100872
100873
100874
100875
100876
100877
100879
100879
100881
100883
100884
100885
100886
100887
100888
100889
100890
100891
100892
100893
100894.5
100895
100896.5
100898
100898.5
100899
100900.5
100901
100902
100903
100904.5
100906
100906.5
100907
100908.5
100909
100910.5
100911
100912.5
100914
100914.5
100915
100916.5
100917
100918
100919
100920.5
100921
100922
100923
100924.5
100925
100926
100927
100927
100929
100929
100931
100932
100933
100934
100935
100935
100937
100938
100939
100939
100939
100941
100941
100943
100943
100944
100945
100947
100949
100949
100951
100951
100953
100953
100953
100954
100955
100956
100957
100958
100959
100960
100961
100962
100963
100963.5
100964
100965.5
100966
100967.5
100969
100969.5
100970
100971
100972
100973
100974
100975
100976
100977
100978
100979
100980
100981
100982
100983.5
100984
100985.5
100986
100987
100988
100989
100990
100990.5
100991
100992
100993
100994
100995
100996
100997
100998.5
100999
101000.5
101001
101002
101003
101003.5
101005
101006
101007
101008
101009
101010
101011
101012
101013
101013.5
101015
101015.5
101017
101018
101019
101019.5
101020
101021.5
101022
101022.5
101024
101024.5
101025
101026.5
101027
101027.5
101029
101029.5
101030
101030.5
101032
101032.5
101033
101034.5
101035
101036.5
101038
101038.5
101039
101040
101041
101042
101043
101044
101045
101046.5
101047
101048
101049
101050
101051
101052
101053
101054
101055
101056
101057
101058
101059
101060
101061
101062
101063
101063
101065
101065
101067
101067
101069
101069
101071
101071
101071
101073
101075
101076
101077
101077
101077
101079
101079
101081
101081
101083
101085
101086
101087
101087
101087
101088
101089
101090
101091
101092
101093
101095
101095
101096
101097
101098
101099
101100
101101
101102
101103
101104
101105
101104.5
101107
101108
101109
101108.5
101111
101112
101113
101112.5
101115
101116
101117
101119
101121
101121
101123
101123
101125
101125
101127
101128
101129
101130
101131
101132
101133
101134
101135
101136.5
101138
101138.5
101140
101140.5
101142
101142.5
101143
101144
101145
101146
101147
101148
101149
101150
101151
101151
101151
101152
101153
101154
101155
101156
101157
101156.5
101159
101158.5
101158
101159
101160
101160.5
101162
101163
101164
101166.5
101169
101168.5
101171
101170.5
101170
101171
101172
101173
101174
101175
101176
101176.5
101177
101178
101179
101180
101181
101182
101183
101182.5
101182
101183
101184
101185
101186
101187
101188
101189
101190
101191
101192
101193
101194
101196.5
101199
101200
101201
101202
101203
101204
101205
101206
101207
101208
101209
101210
101211
101212
101213
101214.5
101215
101216
101217
101218
101219
101220.5
101221
101222.5
101224
101224.5
101225
101226
101227
101228
101229
101230
101231
101232
101233
101234.5
101235
101236
101237
101238
101239
101240
101241
101240.5
101240
101241
101242
101243
101244
101245
101246
101247
101248
101249
101250
101251
101252
101253
101254
101255
101256
101257
101258
101259
101260
101261
101262
101263
101264
101265
101266
101267
101268
101269
101270
101271
101272
101272.5
101274
101274.5
101275
101276
101277
101278
101279
101279.5
101281
101281.5
101282
101283.5
101285
101286
101287
101287.5
101288
101289
101290
101291
101292
101293
101294
101294.5
101296
101297
101298
101298.5
101300
101300.5
101301
101302
101303
101303.5
101305
101305.5
101307
101307.5
101309
101310
101311
101311.5
101313
101313.5
101315
101315.5
101316
101317
101318
101319
101320
101321
101322
101322.5
101324
101324.5
101326
101326.5
101328
101328.5
101330
101331
101332
101333
101334
101334.5
101335
101335.5
101337
101338.5
101339
101339.5
101341
101341.5
101343
101343.5
101344
101344.5
101346
101346.5
101347
101347.5
101348
101349.5
101350
101351
101352
101352.5
101353
101354.5
101355
101356
101357
101358
101359
101360
101361
101362
101363
101364
101365
101366
101367
101368
101369
101370
101371
101372
101373
101374
101375
101376
101377
101378
101379
101380
101381
101382
101383
101384
101385
101386
101387
101388
101389
101390
101391
101392
101393
101393.5
101394
101395.5
101397
101398
101399
101400
101401
101401.5
101402
101403.5
101405
101405.5
101407
101407.5
101408
101409
101410
101410.5
101412
101413
101414
101414.5
101415
101416
101417
101418
101419
101420
101421
101422.5
101424
101424.5
101425
101426.5
101428
101429
101430
101431.5
101432
101433
101434
101435
101436
101437
101438
101438.5
101440
101440.5
101441
101442.5
101443
101444
101445
101446.5
101448
101449
101450
101451.5
101453
101454
101455
101456
101457
101458
101459
101460
101461
101462
101463
101464
101465
101465.5
101466
101467
101468
101469.5
101470
101471
101472
101472.5
101473
101474.5
101476
101477
101478
101479
101480
101481.5
101483
101483.5
101484
101485
101486
101487.5
101488
101489.5
101491
101491.5
101492
101493
101494
101494.5
101495
101496.5
101497
101498
101499
101500
101501
101502
101503
101504
101505
101506
101507
101508
101509
101509.5
101511
101512
101513
101514
101515
101515.5
101517
101517.5
101518
101519.5
101520
101521
101522
101523.5
101524
101525
101526
101527
101528
101529
101530
101531.5
101533
101533.5
101535
101536
101537
101537.5
101538
101539
101540
101541
101542
101543
101544
101545
101546
101547
101548
101549
101550
101551
101552
101553
101554
101555
101556
101557
101558
101559
101560
101561
101562
101563
101564
101565
101566
101566.5
101567
101568.5
101569
101569.5
101570
101571.5
101573
101573.5
101575
101576.5
101577
101577.5
101579
101580.5
101581
101581.5
101583
101584.5
101585
101586.5
101588
101589
101590
101591
101592
101593
101594
101594.5
101596
101597
101598
101599
101600
101601
101602
101603
101604
101605
101606
101607
101608
101609
101610
101611
101612
101613.5
101614
101615.5
101617
101618
101619
101619.5
101621
101621.5
101622
101623.5
101624
101625
101626
101627
101628
101629
101630
101631
101632
101633
101634
101635
101636
101636.5
101638
101638.5
101640
101640.5
101641
101642.5
101643
101643.5
101645
101646.5
101648
101648.5
101649
101649.5
101650
101651.5
101652
101652
101654
101654
101656
101656
101656
101658
101660
101660
101662
101662
101662
101663
101664
101665
101666
101667
101668
101668.5
101669
101670.5
101671
101672
101673
101674
101675
101676.5
101678
101678.5
101679
101680
101681
101682
101683
101684
101685
101685.5
101687
101687.5
101688
101689.5
101690
101691.5
101692
101693
101694
101695
101696
101697
101698
101699
101700
101701
101702
101703
101704
101705.5
101706
101707.5
101709
101709.5
101711
101711.5
101713
101714
101715
101716
101717
101718
101719
101720
101721
101721.5
101722
101723.5
101724
101725
101726
101727
101728
101729
101730
101731
101732
101732.5
101734
101734.5
101735
101735.5
101736
101737
101738
101738
101738
101740
101740
101741
101742
101743
101744
101745
101746
101747
101748
101749
101750
101752
101752
101753
101754
101755
101756
101756.5
101757
101758.5
101760
101760.5
101762
101762.5
101763
101763.5
101765
101765.5
101766
101767
101768
101769
101770
101771
101772
101773
101774
101775
101776
101777
101778
101779
101780
101781.5
101783
101783.5
101785
101785.5
101786
101787
101788
101789
101790
101790.5
101791
101792
101793
101794
101795
101796
101797
101798
101799
101800
101801
101802
101803
101804
101805
101806
101807
101808
101809
101809
101811
101812
101813
101814
101815
101816
101817
101818
101819
101820
101821
101821
101823
101823
101825
101825
101825
101826
101827
101828
101829
101830
101831
101832
101833
101834
101835
101837
101839
101839
101841
101841
101841
101842
101843
101844
101845
101846
101847
101847.5
101849
101849.5
101851
101852
101853
101853.5
101854
101855.5
101857
101857.5
101858
101859
101860
101861
101862
101863
101864
101865
101866
101867
101868
101868.5
101869
101870.5
101871
101872
101873
101874
101875
101876
101877
101878
101879
101880
101881
101882.5
101883
101884.5
101886
101887
101888
101889
101890
101890.5
101891
101892.5
101894
101895
101896
101897
101898
101898.5
101900
101901
101902
101903
101904
101904.5
101906
101907
101908
101908.5
101909
101910
101911
101912
101913
101914
101915
101916
101917
101917.5
101919
101919.5
101920
101921.5
101923
101923.5
101924
101925.5
101926
101926.5
101927
101928
101929
101928.5
101928
101928.5
101929
101930.5
101931
101932.5
101934
101934.5
101936
101938.5
101941
101942
101943
101944
101945
101946
101947
101948
101949
101950
101951
101952
101953
101952.5
101955
101954.5
101954
101954.5
101955
101956
101957
101958
101959
101959
101959
101961
101961
101962
101963
101963.5
101964
101965
101966
101967
101968
101969
101970
101970.5
101972
101973
101974
101975
101976
101977
101978
101978.5
101979
101980.5
101981
101982.5
101984
101984.5
101985
101986.5
101987
101988
101989
101990
101991
101992
101993
101994
101995
101995.5
101996
101997.5
101999
101999.5
102000
102001
102002
102002.5
102003
102004.5
102005
102006.5
102007
102008.5
102009
102010
102011
102012.5
102014
102014.5
102016
102016.5
102017
102018.5
102019
102020
102021
102022
102023
102024
102025
102026
102027
102028
102029
102030
102031
102032
102033
102034
102035
102036
102037
102038
102039
102040
102041
102042
102043
102044
102045
102046
102047
102048
102049
102050
102051
102052
102053
102054
102055
102056
102057
102058
102059
102060
102061
102062
102063
102064
102065
102066
102067
102068
102069
102070
102071
102072
102073
102074
102075
102075.5
102076
102077
102078
102079.5
102080
102081
102082
102083
102084
102085
102086
102087
102088
102088.5
102090
102090.5
102091
102092.5
102094
102094.5
102096
102096.5
102098
102098.5
102099
102099.5
102101
102101.5
102102
102102.5
102103
102104.5
102106
102107.5
102109
102109.5
102110
102111.5
102112
102112.5
102113
102114
102115
102116
102117
102118
102119
102120
102121
102121.5
102122
102122.5
102123
102124.5
102125
102126
102127
102128
102129
102130
102131
102130.5
102133
102134
102135
102136
102137
102138
102139
102140
102141
102142.5
102143
102144.5
102146
102147.5
102148
102149.5
102151
102151.5
102152
102152.5
102153
102154
102155
102156
102157
102158
102159
102160
102161
102162
102163
102164
102165
102166
102167
102168
102169
102170
102171
102172.5
102174
102174.5
102175
102176
102177
102178
102179
102180
102181
102182
102183
102184
102185
102186
102187
102188
102189
102190
102191
102192
102193
102192.5
102195
102196
102197
102196.5
102196
102196
102196
102195.5
102195
102197.5
102197
102198
102199
102200
102201
102201.5
102203
102203.5
102204
102205.5
102206
102207
102208
102208.5
102210
102210.5
102211
102212.5
102214
102214.5
102216
102216.5
102217
102218.5
102219
102219.5
102220
102220.5
102221
102222.5
102223
102224
102225
102225
102227
102227
102227
102227.5
102229
102231
102233
102233
102233
102233.5
102234
102235
102236
102237.5
102239
102239.5
102240
102241
102242
102243
102244
102245
102246
102247
102248
102249
102250
102251
102252
102253
102254
102255
102256
102257.5
102258
102259.5
102260
102261
102262
102263
102264
102265
102266
102267.5
102269
102271
102273
102273
102275
102275
102277
102277
102277
102279
102279
102281
102281
102281.5
102282
102283.5
102285
102287
102289
102289
102289
102289.5
102291
102291.5
102293
102293.5
102295
102295.5
102296
102297.5
102299
102301
102301
102301.5
102302
102303.5
102305
102305.5
102306
102307
102308
102309
102310
102311
102312
102313.5
102314
102315.5
102317
102317.5
102318
102319.5
102321
102321.5
102323
102323.5
102324
102325
102326
102327
102328
102329
102330
102331
102332
102333.5
102334
102335
102336
102337
102338
102339
102340
102341
102342
102343
102344
102345
102346
102347
102348
102349
102350
102351
102352
102353
102354
102355
102356
102357
102358
102359
102360
102360.5
102362
102362.5
102364
102364.5
102366
102367
102368
102368.5
102370
102371
102372
102373
102374
102375
102376
102377
102378
102379
102380
102381
102382
102383
102384
102385
102386
102387
102388
102389
102390
102390.5
102392
102392.5
102393
102393.5
102395
102395.5
102397
102398.5
102400
102401
102402
102402.5
102403
102403.5
102404
102405.5
102406
102407.5
102409
102409.5
102411
102412.5
102414
102414.5
102416
102417
102418
102418.5
102420
102421
102422
102423
102424
102425
102426
102427
102428
102428.5
102429
102429.5
102430
102431.5
102432
102433.5
102434
102434
102436
102436
102438
102439.5
102441
102441.5
102443
102443.5
102444
102444
102444
102446
102446
102446.5
102448
102450
102450
102452
102454
102454
102456
102457.5
102459
102460.5
102461
102461.5
102462
102462
102462
102462.5
102464
102466
102468
102469.5
102470
102470
102472
102473.5
102474
102474
102476
102476
102476
102476.5
102478
102478.5
102480
102480.5
102481
102482
102483
102484
102485
102486
102487
102488
102489
102489.5
102490
102491.5
102492
102493.5
102494
102495.5
102497
102498
102499
102500
102501
102502
102503
102503.5
102504
102505
102506
102507.5
102508
102509
102510
102511
102512
102513
102514
102515
102516
102517
102518
102519
102520
102521
102522
102523
102524
102524.5
102526
102527
102528
102529
102530
102531
102532
102533
102534
102534.5
102536
102537
102538
102538.5
102540
102540.5
102541
102542
102543
102544
102545
102546
102547
102548
102549
102550
102551
102552
102553
102554
102555
102555.5
102557
102558
102559
102559.5
102560
102561.5
102562
102562.5
102563
102563.5
102564
102565.5
102567
102568.5
102570
102570.5
102572
102572.5
102574
102575.5
102576
102577.5
102579
102579.5
102580
102581.5
102582
102582.5
102584
102584.5
102585
102586.5
102587
102587.5
102588
102589
102590
102591
102592
102593.5
102594
102595
102596
102596.5
102598
102599
102600
102600.5
102602
102603
102604
102605.5
102606
102607
102608
102609
102610
102611
102612
102613.5
102614
102615
102616
102616.5
102617
102618
102619
102620.5
102621
102622
102623
102623.5
102625
102626
102627
102627.5
102628
102629.5
102631
102632
102633
102634
102635
102635.5
102636
102637
102638
102639
102640
102641
102642
102643
102644
102645
102646
102647
102648
102649
102650
102651
102652
102652
102652
102653
102654
102655
102656
102658
102660
102661
102662
102663
102664
102665
102666
102667
102668
102669
102670
102671
102672
102673.5
102675
102675.5
102676
102677
102678
102679.5
102681
102682
102683
102684
102685
102685.5
102686
102687
102688
102689
102690
102691
102692
102693.5
102695
102696
102697
102697.5
102698
102699
102700
102701
102702
102703
102704
102705
102706
102707
102708
102709
102710
102711
102712
102713
102714
102715
102716
102717
102718
102719
102720
102721
102722
102723
102724
102725
102726
102727
102728
102729
102730
102731
102732
102733
102734
102734
102734
102735
102736
102737
102738
102739
102740
102741
102742
102743
102744
102745
102746
102747
102748
102749
102750
102752
102754
102754
102754
102755
102756
102758
102760
102761
102762
102763
102764
102764
102764
102765
102766
102768
102770
102771
102772
102773
102774
102774
102774
102776
102776
102777
102778
102779
102780
102781
102782
102783
102784
102785
102786
102786
102786
102788
102788
102790
102792
102792
102794
102794
102794
102796
102796
102797
102798
102799
102800
102802
102802
102804
102806
102806
102808
102808
102808
102809
102810
102811
102812
102812.5
102813
102814.5
102815
102816.5
102817
102818.5
102820
102821
102822
102822.5
102824
102825
102826
102826.5
102827
102827.5
102829
102830.5
102831
102831.5
102833
102833.5
102834
102835.5
102837
102838.5
102839
102839.5
102840
102841.5
102842
102842.5
102843
102844
102845
102845.5
102847
102847.5
102848
102849
102850
102851
102852
102853
102854
102855
102856
102857
102858
102859
102860
102861
102862
102863
102864
102864.5
102866
102866.5
102867
102868.5
102870
102870.5
102872
102872.5
102873
102873.5
102874
102875.5
102876
102877.5
102878
102879
102880
102881.5
102882
102883
102884
102885
102886
102886.5
102888
102888.5
102889
102890.5
102892
102893
102894
102894.5
102895
102896
102897
102898.5
102899
102900
102901
102902
102903
102904
102905
102906
102907
102908
102909
102909.5
102910
102911.5
102913
102914
102915
102916
102917
102918
102919
102919.5
102920
102921
102922
102923
102924
102925.5
102926
102927.5
102929
102930
102931
102932
102933
102933.5
102935
102935.5
102937
102938
102939
102940
102941
102942
102943
102944
102945
102946
102947
102948
102949
102950
102951
102952
102953
102954
102955
102955.5
102956
102957
102958
102959
102960
102961
102962
102963
102964
102965
102966
102966.5
102967
102968.5
102969
102970.5
102972
102972.5
102973
102974
102975
102976.5
102977
102978.5
102980
102981
102982
102982.5
102983
102984.5
102985
102986.5
102987
102988
102989
102990
102991
102992
102993
102994
102995
102996
102997
102998
102999
103000
103001
103002
103003
103004
103005
103006
103007
103008
103009
103010
103011
103011.5
103012
103013.5
103014
103015
103016
103017.5
103018
103019
103020
103021
103022
103023
103024
103025
103026
103027
103028
103029.5
103031
103032
103033
103033.5
103035
103035.5
103037
103037.5
103038
103039
103040
103040.5
103041
103042
103043
103044
103045
103046
103047
103048
103049
103050
103051
103052
103053
103054.5
103056
103057
103058
103059.5
103060
103061
103062
103063.5
103065
103065.5
103066
103067
103068
103068.5
103070
103070.5
103071
103072
103073
103074
103075
103076
103077
103077.5
103079
103080
103081
103081.5
103082
103083
103084
103085
103086
103087.5
103089
103090
103091
103092
103093
103094
103095
103096
103097
103098.5
103099
103100
103101
103102
103103
103104
103105
103106
103107
103107.5
103108
103109.5
103110
103111.5
103112
103113
103114
103115
103116
103117
103118
103119
103120
103121
103122
103123
103124
103124.5
103126
103126.5
103128
103128.5
103130
103130.5
103132
103132.5
103133
103133.5
103134
103135
103136
103137
103138
103139.5
103141
103142.5
103144
103145
103146
103147
103148
103148.5
103149
103149.5
103151
103151.5
103152
103153.5
103155
103156.5
103157
103158.5
103159
103159.5
103160
103161
103162
103163
103164
103165
103166
103167
103168
103168.5
103169
103169.5
103171
103172.5
103173
103173.5
103174
103175.5
103176
103176.5
103178
103179.5
103180
103180.5
103182
103182.5
103183
103184
103185
103186
103187
103188.5
103189
103190
103191
103192
103193
103194
103195
103196
103197
103198
103199
103199.5
103200
103201.5
103202
103203
103204
103205
103206
103207
103208
103207.5
103210
103209.5
103209
103209.5
103210
103210.5
103212
103213.5
103215
103215.5
103216
103217.5
103219
103221.5
103224
103225
103226
103227.5
103228
103229.5
103231
103231.5
103233
103233.5
103235
103235.5
103236
103237
103238
103237.5
103240
103239.5
103239
103239.5
103240
103241.5
103243
103243.5
103244
103245.5
103247
103247.5
103249
103249.5
103250
103251.5
103252
103253.5
103255
103257.5
103257
103259.5
103259
103261.5
103261
103261.5
103262
103262.5
103264
103264.5
103266
103267.5
103269
103269.5
103271
103271.5
103273
103275.5
103278
103279
103280
103281.5
103282
103283
103284
103285
103286
103287
103288
103289
103290
103291
103292
103291.5
103291
103293.5
103296
103295.5
103295
103297.5
103300
103299.5
103302
103301.5
103304
103305
103306
103307
103308
103309
103310
103309.5
103309
103309.5
103311
103313.5
103313
103313.5
103314
103314.5
103316
103316.5
103318
103318.5
103320
103320.5
103322
103322.5
103323
103324
103325
103326
103327
103328
103329
103329.5
103330
103331
103332
103333
103334
103334.5
103336
103337
103338
103339
103340
103341.5
103342
103343.5
103344
103345.5
103347
103348
103349
103349.5
103350
103351.5
103352
103353
103354
103355
103356
103357.5
103358
103359
103360
103361
103362
103363
103364
103365
103366
103367
103368
103369
103370
103371
103372
103372.5
103373
103374
103375
103375.5
103377
103377.5
103379
103380
103381
103382
103383
103384
103385
103385.5
103387
103388
103389
103390
103391
103392
103393
103394
103395
103396.5
103398
103399
103400
103401
103402
103403
103404
103405
103406
103407
103408
103409
103410
103411
103412
103412.5
103413
103414
103415
103416
103417
103418
103419
103419.5
103421
103421.5
103422
103422.5
103424
103425.5
103427
103427.5
103429
103429.5
103430
103431.5
103432
103433.5
103434
103435.5
103436
103437.5
103439
103440
103441
103442
103443
103443.5
103444
103445.5
103447
103447.5
103448
103449.5
103451
103451.5
103452
103452.5
103453
103454.5
103455
103455
103455
103456
103457
103458
103459
103460
103461
103462
103463
103464
103465
103465.5
103467
103467.5
103468
103468.5
103470
103470.5
103471
103472
103473
103474
103475
103476
103477
103478
103479
103480.5
103482
103482.5
103483
103484.5
103485
103486.5
103488
103489.5
103491
103491.5
103493
103494
103495
103495.5
103497
103498
103499
103500
103501
103501.5
103502
103503.5
103505
103506
103507
103508
103509
103510
103511
103512
103513
103514
103515
103516
103517
103517.5
103519
103519.5
103520
103520.5
103521
103522.5
103524
103524.5
103526
103527.5
103528
103529.5
103530
103531.5
103533
103533.5
103535
103536
103537
103537.5
103538
103539.5
103540
103541.5
103543
103544
103545
103545.5
103546
103546.5
103547
103548.5
103550
103551.5
103552
103552.5
103553
103554
103555
103555.5
103556
103556.5
103558
103558.5
103560
103561.5
103563
103563.5
103564
103565.5
103566
103566.5
103567
103567.5
103568
103569.5
103570
103571.5
103573
103573.5
103574
103574.5
103576
103576.5
103578
103578.5
103579
103580.5
103581
103582
103583
103583.5
103584
103585.5
103586
103587.5
103588
103589
103590
103591.5
103592
103593.5
103594
103595
103596
103597
103598
103599
103600
103601
103602
103603
103604
103605
103606
103607
103608
103609
103610
103611
103612
103612
103612
103613
103614
103615
103616
103616.5
103617
103618.5
103620
103621
103622
103623
103624
103625
103626
103628
103630
103630
103630
103631
103632
103634
103636
103636
103638
103638
103640
103640
103642
103642
103644
103645
103646
103647
103648
103649
103650
103651
103652
103653
103654
103655.5
103656
103657
103658
103659
103660
103661
103662
103662
103664
103665
103666
103667
103668
103669
103670
103671
103672
103673
103674
103675.5
103676
103677.5
103679
103680
103681
103682.5
103684
103684.5
103685
103686.5
103688
103689.5
103691
103691.5
103692
103692.5
103693
103694.5
103695
103696.5
103698
103699.5
103700
103701.5
103702
103702.5
103704
103704.5
103705
103706.5
103708
103709.5
103710
103711.5
103713
103713.5
103715
103716.5
103717
103718.5
103720
103721.5
103722
103722.5
103724
103724.5
103725
103726.5
103727
103728.5
103730
103730.5
103731
103731.5
103733
103733.5
103734
103734.5
103735
103736.5
103737
103738.5
103739
103740
103741
103741.5
103742
103743.5
103745
103745.5
103746
103747
103748
103749
103750
103751
103752
103752
103752
103753
103754
103755
103756
103757
103758
103759
103760
103761
103762
103762.5
103763
103764
103765
103765
103765
103767
103767
103767.5
103769
103769.5
103770
103771
103772
103773
103774
103775
103776
103777
103778
103779
103780
103781.5
103783
103785
103787
103787
103789
103789
103791
103792
103793
103794
103795
103796
103797
103797
103797
103797.5
103799
103799.5
103800
103801.5
103803
103803.5
103804
103805.5
103807
103809
103811
103811
103813
103813
103815
103816
103817
103818
103819
103820
103821
103821
103823
103823
103825
103825
103825
103825.5
103826
103827
103828
103829
103830
103831.5
103833
103833.5
103834
103835.5
103837
103839
103839
103841
103843
103843
103843
103845
103845
103847
103849
103849
103851
103852
103853
103854.5
103856
103856.5
103857
103858
103859
103860
103861
103862
103863
103864.5
103865
103866.5
103867
103868
103869
103870
103871
103872
103873
103874
103875
103876
103877
103878.5
103879
103880
103881
103881
103881
103883
103885
103885
103887
103887
103889
103889
103891
103892
103893
103894
103895
103896.5
103898
103898.5
103899
103900
103901
103901
103901
103903
103903
103905
103907
103907
103909
103909
103909
103909.5
103910
103911
103912
103913
103914
103915
103916
103917.5
103918
103919
103920
103921
103922
103923
103924
103925.5
103927
103927.5
103928
103929.5
103930
103931.5
103933
103933.5
103934
103935
103936
103937
103938
103939
103940
103941
103942
103943
103944
103945
103946
103947
103948
103949
103950
103951
103952
103953
103954
103955
103956
103956.5
103957
103958
103959
103959.5
103960
103961
103962
103963.5
103965
103965.5
103967
103968
103969
103970
103971
103972
103973
103973.5
103975
103976
103977
103977.5
103979
103980
103981
103981.5
103982
103983
103984
103984.5
103985
103986
103987
103988
103989
103990
103991
103992
103993
103994
103995
103996.5
103997
103998.5
104000
104000.5
104001
104002
104003
104004
104005
104006
104007
104008
104009
104009.5
104011
104011.5
104013
104014
104015
104016
104017
104018
104019
104019.5
104021
104021.5
104023
104024
104025
104025.5
104026
104027.5
104028
104029.5
104030
104031
104032
104033
104034
104035
104036
104037
104038
104039
104040
104041
104042
104043
104044
104044.5
104045
104046
104047
104048
104049
104049.5
104050
104050.5
104051
104052.5
104053
104053.5
104055
104056.5
104057
104057.5
104058
104059.5
104061
104062.5
104063
104063.5
104064
104065.5
104066
104067
104068
104069
104070
104071
104072
104073
104074
104074.5
104076
104076.5
104077
104078.5
104080
104080.5
104081
104082
104083
104084
104085
104086
104087
104087.5
104089
104090
104091
104092
104093
104094.5
104095
104096
104097
104098
104099
104099.5
104101
104102
104103
104104
104105
104106.5
104107
104108
104109
104110
104111
104111.5
104112
104113
104114
104115
104116
104116
104118
104118
104120
104120
104122
104123
104124
104125
104126
104126
104126
104126.5
104127
104128
104129
104130.5
104132
104134
104136
104136
104138
104138
104140
104140
104140
104140.5
104141
104142
104143
104144
104145
104145.5
104146
104147
104148
104149
104150
104151
104152
104153
104154
104155
104156
104157.5
104158
104159.5
104160
104161
104162
104163
104164
104165
104166
104167
104168
104169
104170
104170.5
104171
104171.5
104172
104173.5
104175
104175.5
104176
104176.5
104178
104179.5
104180
104181.5
104183
104183.5
104185
104185.5
104187
104188.5
104189
104189.5
104191
104192.5
104194
104194.5
104196
104197
104198
104198.5
104200
104200.5
104202
104203
104204
104205
104206
104207
104208
104209.5
104211
104211.5
104213
104213.5
104215
104216
104217
104218
104219
104220.5
104221
104222
104223
104223.5
104224
104225
104226
104227
104228
104229
104230
104231
104232
104233
104234
104234.5
104235
104235.5
104236
104236.5
104238
104239.5
104241
104242.5
104243
104243.5
104244
104244.5
104245
104245.5
104246
104247.5
104248
104249.5
104251
104252.5
104253
104253.5
104255
104255.5
104256
104257
104258
104259
104260
104260
104262
104262
104264
104265
104266
104267
104268
104269
104270
104271
104272
104273
104274
104274
104276
104276
104276
104277
104278
104279
104280
104281
104282
104283
104284
104285
104286
104288
104288
104289
104290
104291
104292
104293
104294
104296
104296
104297
104298
104300
104302
104303
104304
104305
104306
104307
104308
104309
104310
104311
104312
104313
104314
104314
104314
104316
104318
104319
104320
104320
104320
104321
104322
104323
104324
104325
104326
104327
104328
104329
104330
104331
104332
104333
104334
104334.5
104335
104336
104337
104338
104339
104340
104341
104342
104343
104344
104345
104346
104347
104348
104349
104350
104351
104352.5
104353
104354.5
104356
104356.5
104357
104358
104359
104360.5
104362
104362.5
104363
104364
104365
104366
104367
104368.5
104370
104370.5
104372
104373
104374
104374.5
104375
104376.5
104378
104379
104380
104381
104382
104383
104384
104385
104386
104387
104388
104389
104390
104391
104392
104393
104394
104395
104396
104397
104398
104399
104400
104401
104402
104403
104404
104404.5
104405
104406
104407
104408
104409
104410
104411
104412
104413
104414
104415
104416
104417
104418
104419
104420
104421
104421
104423
104423
104423
104425
104425
104425.5
104426
104427.5
104428
104429.5
104430
104430.5
104431
104432
104433
104434
104435
104436
104437
104437.5
104439
104439.5
104441
104441.5
104443
104443.5
104445
104446
104447
104447.5
104448
104449
104450
104451
104452
104452.5
104453
104454.5
104455
104455.5
104457
104458.5
104460
104460.5
104461
104462.5
104464
104464.5
104465
104465.5
104467
104468.5
104470
104471
104472
104473
104474
104475
104476
104477
104478
104478.5
104480
104480.5
104481
104481.5
104482
104482
104482
104483
104484
104484
104484
104484.5
104486
104488
104488
104490
104490
104492
104492
104492.5
104494
104496
104498
104498
104500
104500
104500
104502
104504
104505
104506
104506
104508
104509
104510
104510
104512
104513
104514
104515
104516
104516
104516
104516.5
104517
104518
104519
104520.5
104521
104522.5
104524
104526
104526
104528
104528
104530
104530
104530.5
104532
104534
104536
104537
104538
104539
104540
104541
104542
104543
104544
104545
104546
104546
104546
104548
104548
104548.5
104549
104550.5
104551
104552.5
104553
104554
104555
104556.5
104558
104560
104562
104563
104564
104566
104566
104567
104568
104568
104568
104568.5
104570
104570.5
104572
104572.5
104573
104574.5
104575
104576
104577
104578.5
104580
104582
104582
104584
104586
104586
104588
104589
104590
104590
104592
104592
104594
104594
104594
104594.5
104595
104596.5
104597
104598
104599
104600
104601
104602
104603
104604
104605
104606
104607
104608
104609
104610
104611
104612
104613
104613.5
104615
104615.5
104616
104617
104618
104619
104620
104621
104622
104622.5
104623
104624.5
104626
104626.5
104627
104628
104629
104630.5
104632
104632.5
104633
104634.5
104635
104636
104637
104638.5
104639
104640
104641
104642.5
104643
104644.5
104646
104646.5
104648
104649
104650
104651.5
104652
104653
104654
104654.5
104656
104656.5
104657
104658.5
104659
104660
104661
104662.5
104664
104664.5
104665
104666
104667
104667
104667
104668
104669
104670
104671
104672
104673
104674
104675
104676
104677
104678
104679
104680
104681
104682
104683
104684
104685
104686
104687
104688
104689
104690
104691
104692
104693
104694
104695
104696
104697
104698
104699
104700
104701
104702
104703
104704
104705
104706
104707
104708
104709
104710
104711
104712
104713
104714
104715
104716
104717
104718
104719
104720
104721
104722
104723
104724
104725
104726
104727
104727.5
104728
104729.5
104730
104731
104732
104733
104734
104735
104736
104737
104738
104739
104740
104741
104742
104743
104744
104745
104746
104747.5
104748
104749
104750
104751
104752
104753
104754
104755.5
104757
104758
104759
104760
104761
104761.5
104763
104764
104765
104766
104767
104768
104769
104770
104771
104772
104773
104774
104775
104776
104777
104778
104779
104779.5
104780
104781
104782
104783
104784
104784
104784
104785
104786
104787
104788
104788.5
104790
104791
104792
104792.5
104793
104794.5
104795
104796
104797
104798
104799
104800.5
104802
104803
104804
104805
104806
104806.5
104807
104808
104809
104810
104811
104812
104813
104814
104815
104815.5
104817
104818
104819
104819.5
104821
104821.5
104822
104823.5
104825
104826
104827
104828
104829
104829.5
104831
104831.5
104833
104833.5
104834
104835.5
104837
104837.5
104839
104839.5
104841
104841.5
104842
104843.5
104844
104844.5
104846
104847.5
104848
104848.5
104850
104851.5
104852
104853.5
104854
104855.5
104857
104857.5
104858
104858.5
104859
104860.5
104862
104863.5
104864
104865.5
104866
104866.5
104867
104868
104869
104870
104871
104871
104871
104873
104873
104874
104875
104875.5
104876
104877.5
104878
104878.5
104880
104880.5
104881
104882.5
104883
104884
104885
104886
104887
104888
104889
104890
104891
104892
104893
104893.5
104894
104895
104896
104897
104898
104899
104900
104901
104902
104903
104904
104905
104906
104907
104908
104909
104910
104910.5
104911
104912
104913
104914
104915
104916
104917
104917
104917
104917.5
104919
104919.5
104921
104921.5
104923
104923.5
104924
104925.5
104927
104927.5
104928
104929.5
104930
104931
104932
104933
104934
104935
104936
104937
104938
104939.5
104940
104941
104942
104942.5
104943
104944
104945
104944.5
104944
104945
104946
104946
104946
104948
104950
104951
104952
104953
104954
104955
104956
104956
104956
104958
104960
104960
104962
104962
104964
104965
104966
104968.5
104968
104969
104970
104971
104972
104973
104974
104975
104976
104977
104978
104978
104978
104979
104980
104981
104982
104983
104984
104985
104986
104987
104988
104989
104990
104991
104992
104993
104994
104995
104996
104997
104998
104999
105000
105000.5
105001
105002
105003
105004
105005
105006
105007
105008
105009
105009.5
105010
105011
105012
105013
105014
105015.5
105017
105017.5
105018
105019.5
105020
105021.5
105022
105023.5
105025
105025.5
105026
105027
105028
105029
105030
105031
105032
105032.5
105033
105034.5
105035
105036.5
105037
105038.5
105039
105040.5
105041
105041.5
105043
105044.5
105045
105046.5
105047
105047.5
105048
105049.5
105051
105052.5
105054
105055
105056
105056.5
105057
105057.5
105058
105058.5
105059
105060
105061
105062
105063
105064
105065
105065.5
105067
105068
105069
105069.5
105071
105072
105073
105073.5
105074
105075.5
105077
105077.5
105078
105079
105080
105081
105082
105083
105084
105085
105086
105086.5
105087
105088.5
105090
105090.5
105091
105092.5
105094
105094.5
105096
105096.5
105097
105097.5
105098
105099.5
105100
105101
105102
105102.5
105104
105105
105106
105107
105108
105109
105110
105111
105112
105112.5
105114
105114.5
105115
105115.5
105117
105118.5
105119
105119.5
105121
105121.5
105123
105124.5
105125
105125.5
105126
105126.5
105127
105128
105129
105130
105131
105132.5
105133
105134.5
105135
105136.5
105138
105138.5
105139
105140.5
105142
105142.5
105143
105144
105145
105146
105147
105148
105149
105150.5
105152
105152.5
105154
105154.5
105155
105156
105157
105158
105159
105160.5
105162
105163.5
105164
105165.5
105167
105168.5
105169
105169.5
105170
105170.5
105171
105172
105173
105174
105175
105176
105177
105178
105179
105180
105181
105182
105183
105184.5
105185
105186.5
105188
105189.5
105191
105191.5
105192
105193.5
105195
105196.5
105197
105198.5
105200
105201
105202
105203.5
105205
105205.5
105206
105207
105208
105208.5
105209
105210.5
105211
105211.5
105212
105212.5
105213
105214.5
105216
105217.5
105218
105218.5
105219
105220
105221
105222.5
105223
105224
105225
105226
105227
105227.5
105228
105229.5
105230
105231
105232
105233
105234
105235
105236
105236.5
105237
105238.5
105240
105241
105242
105242.5
105244
105244.5
105246
105247
105248
105248.5
105250
105250.5
105252
105252.5
105254
105254.5
105255
105256
105257
105257.5
105259
105259.5
105260
105260.5
105261
105261.5
105263
105263.5
105264
105264.5
105265
105266.5
105267
105267.5
105268
105269.5
105270
105271.5
105273
105274.5
105276
105276.5
105278
105279.5
105281
105281.5
105282
105283.5
105284
105284.5
105285
105285.5
105286
105286.5
105287
105288
105289
105290
105291
105292.5
105294
105295.5
105296
105296.5
105298
105298.5
105299
105300
105301
105302.5
105303
105304
105305
105306
105307
105308
105309
105310.5
105312
105312.5
105313
105314
105315
105316
105317
105318
105319
105320
105321
105321.5
105322
105323
105324
105324.5
105325
105326.5
105327
105327.5
105329
105329.5
105331
105332.5
105333
105334.5
105335
105335.5
105337
105337.5
105338
105339.5
105341
105341.5
105342
105342.5
105343
105343.5
105344
105345.5
105347
105347.5
105349
105349.5
105350
105351
105352
105352.5
105353
105354
105355
105356
105357
105358
105359
105360
105361
105362
105363
105364
105365
105365.5
105367
105367.5
105369
105369.5
105370
105371
105372
105373
105374
105375
105376
105377
105378
105379.5
105380
105381
105382
105383.5
105384
105385
105386
105387.5
105389
105389.5
105390
105391
105392
105393
105394
105395
105396
105396.5
105398
105399
105400
105401.5
105402
105403
105404
105405
105406
105406.5
105407
105408
105409
105410
105411
105412
105413
105414
105415
105416
105417
105418
105419
105420
105421
105422
105423
105424
105425
105426
105427
105428
105429
105429.5
105430
105430.5
105431
105432.5
105433
105433.5
105434
105435
105436
105437
105438
105439
105440
105440.5
105441
105442.5
105443
105444.5
105446
105446.5
105447
105448.5
105449
105450
105451
105452.5
105454
105455
105456
105457
105458
105459
105460
105461
105462
105463
105464
105465
105466
105467
105468
105469
105470
105471
105472
105473
105474
105474.5
105476
105476.5
105477
105478
105479
105480
105481
105482
105483
105484
105485
105485.5
105486
105487.5
105489
105490
105491
105492
105493
105494
105495
105496
105497
105497.5
105498
105499
105500
105501
105502
105503
105504
105505
105506
105506.5
105507
105508.5
105509
105510.5
105511
105512.5
105514
105515
105516
105517
105518
105519
105520
105521
105522
105523.5
105524
105525
105526
105527
105528
105528.5
105530
105531
105532
105532.5
105533
105534.5
105536
105537
105538
105539
105540
105540.5
105541
105542.5
105543
105544.5
105545
105546
105547
105548.5
105550
105551
105552
105552.5
105553
105554.5
105555
105556
105557
105557
105557
105557.5
105559
105561
105563
105564
105565
105566
105567
105568
105569
105570
105571
105571
105571
105571.5
105572
105573
105574
105575.5
105577
105577.5
105578
105579
105580
105581
105582
105583
105584
105585
105586
105586.5
105588
105588.5
105590
105591
105592
105593
105594
105595
105596
105596.5
105598
105598.5
105600
105600.5
105602
105602.5
105603
105603.5
105605
105605.5
105606
105607
105608
105609
105610
105611.5
105612
105613.5
105614
105615
105616
105617
105618
105619
105620
105620.5
105622
105622.5
105623
105624.5
105625
105625.5
105627
105627.5
105628
105628.5
105629
105630.5
105631
105632
105633
105634
105635
105636
105637
105638
105639
105639.5
105640
105641
105642
105643
105644
105645
105646
105647
105648
105649
105650
105651
105652
105653
105654
105654
105656
105656
105656
105658
105658
105659
105660
105661
105662
105663
105664
105665
105666
105667
105668
105669
105670
105671
105672
105673
105674
105674.5
105676
105676.5
105678
105679
105680
105681
105682
105683
105684
105684.5
105685
105686
105687
105688.5
105690
105691
105692
105693
105694
105695
105696
105696.5
105697
105698.5
105700
105700.5
105702
105702.5
105704
105704.5
105705
105706
105707
105708
105709
105710
105711
105712
105713
105714.5
105715
105716
105717
105718
105719
105720.5
105722
105723
105724
105725
105726
105726.5
105728
105729
105730
105730.5
105732
105733
105734
105734.5
105735
105736.5
105737
105738
105739
105740
105741
105742
105743
105743.5
105744
105745.5
105746
105746.5
105748
105748.5
105750
105750.5
105751
105750.5
105750
105752.5
105755
105756.5
105758
105758.5
105760
105761.5
105762
105763.5
105764
105764.5
105766
105767.5
105768
105768.5
105769
105770.5
105771
105772.5
105773
105772.5
105772
105773
105774
105775
105776
105778.5
105781
105780.5
105780
105781
105782
105784.5
105784
105785
105786
105787
105788
105789
105790
105791
105792
105793
105794
105795
105796
105797
105798
105799
105800
105801
105802
105803
105804
105805
105806
105807
105808
105809
105810
105811
105812
105813
105814
105815
105816
105817
105818
105819
105820
105821
105822
105823
105824
105825
105826
105826
105826
105827
105828
105829
105830
105831
105832
105833
105834
105835
105836
105837
105838
105839
105840
105840
105840
105841
105842
105844
105844
105846
105846
105847
105848
105849
105850
105852
105852
105853
105854
105854.5
105855
105855.5
105857
105857.5
105858
105859
105860
105861
105862
105863
105864
105865
105866
105867
105868
105869
105870
105871
105872
105872.5
105874
105874.5
105875
105876.5
105878
105878.5
105879
105880.5
105881
105881
105881
105883
105883
105885
105887
105888.5
105889
105890.5
105892
105893
105894
105895
105896
105896.5
105897
105897
105899
105899
105901
105901
105901
105902
105903
105904
105905
105906
105907
105907.5
105908
105909
105910
105911
105912
105913
105914
105915
105916
105917
105918
105919
105920
105920.5
105922
105922.5
105923
105924.5
105926
105927
105928
105929
105930
105931
105932
105932.5
105933
105933.5
105935
105935.5
105936
105937
105938
105939
105940
105941
105942
105942.5
105944
105944.5
105946
105946.5
105947
105948.5
105950
105950.5
105952
105952.5
105954
105954.5
105955
105956
105957
105958.5
105959
105960
105961
105962
105963
105964
105965
105966
105967
105968
105969
105970
105971
105972
105973
105974
105975
105976
105977
105978
105979
105980
105981
105982
105983
105984
105985
105986
105987
105988
105989
105990
105991
105992
105993
105994
105995
105996
105997
105998
105999
106000
106001
106002
106003
106004
106005
106006
106007
106008
106009
106010
106011
106012
106013
106014
106015
106016
106017
106018.5
106019
106020
106021
106022
106023
106024
106025
106026
106027
106028
106029
106030
106031
106032
106033
106033.5
106034
106034.5
106035
106036.5
106037
106038
106039
106039
106039
106041
106041
106043
106043
106044
106045
106046
106047
106048
106049
106050
106051
106052
106053
106054
106055
106055.5
106056
106057.5
106059
106059.5
106060
106061
106062
106063
106064
106065
106066
106067.5
106068
106069
106070
106070.5
106071
106072
106073
106074
106075
106076
106077
106078
106079
106080
106081
106082
106083
106084
106085
106085.5
106087
106088
106089
106089.5
106091
106091.5
106092
106093
106094
106095
106096
106096.5
106097
106097.5
106099
106099.5
106101
106101.5
106102
106102.5
106103
106104.5
106105
106106.5
106107
106107
106107
106107.5
106109
106109.5
106111
106111.5
106112
106113.5
106114
106115
106116
106117
106118
106119
106120
106121.5
106122
106123.5
106124
106125.5
106127
106127.5
106128
106129
106130
106131
106132
106133
106134
106135
106136
106137
106138
106139
106140
106141
106142
106143
106144
106145
106146
106147
106148
106149
106150
106151
106152
106153
106154
106155
106156
106157.5
106158
106159
106160
106161.5
106163
106163.5
106164
106165.5
106167
106167.5
106168
106169
106170
106171
106172
106173
106174
106175
106176
106177
106178
106179
106180
106181
106182
106183
106184
106185
106186
106186.5
106187
106188
106189
106190
106191
106191.5
106193
106194
106195
106196
106197
106198
106199
106200
106201
106202.5
106203
106204
106205
106205.5
106207
106207.5
106209
106210
106211
106212
106213
106213.5
106214
106215
106216
106217.5
106218
106219.5
106220
106221
106222
106223
106224
106225
106226
106226.5
106228
106229
106230
106231
106232
106232.5
106233
106234.5
106236
106236.5
106237
106238
106239
106240.5
106241
106242
106243
106243.5
106245
106245.5
106246
106247.5
106249
106249.5
106251
106252
106253
106254
106255
106256.5
106258
106259
106260
106261
106262
106263
106264
106265
106266
106266.5
106268
106269
106270
106271
106272
106272.5
106274
106275
106276
106277.5
106278
106279
106280
106281
106282
106283
106284
106285
106286
106287
106288
106288.5
106290
106290.5
106292
106293
106294
106295
106296
106297
106298
106299
106300
106301
106302
106302.5
106303
106304
106305
106306.5
106307
106308.5
106309
106310
106311
106312
106313
106314
106315
106316
106317
106317.5
106318
106318.5
106320
106321.5
106322
106323.5
106324
106325.5
106327
106328
106329
106330
106331
106332.5
106333
106334.5
106335
106336
106337
106338
106339
106340.5
106342
106343
106344
106345
106346
106347
106348
106349
106350
106351
106352
106353
106354
106355
106356
106356.5
106357
106358
106359
106360
106361
106362.5
106363
106364.5
106366
106366.5
106367
106368.5
106369
106370
106371
106371.5
106372
106372.5
106373
106374
106375
106376.5
106378
106379.5
106380
106380.5
106381
106382.5
106384
106385.5
106386
106387.5
106388
106389.5
106390
106390.5
106392
106392.5
106393
106394.5
106395
106396
106397
106398
106399
106399.5
106401
106401.5
106402
106403.5
106404
106405.5
106406
106407
106408
106407.5
106407
106407.5
106409
106409.5
106410
106410
106410
106411
106412
106413
106414
106416
106418
106418
106420
106420
106420
106421
106422
106424
106424
106425
106426
106427
106428
106429
106430
106430
106432
106433
106434
106435
106436
106437
106438
106439
106440
106441
106442
106444
106444
106445
106446
106447
106448
106448
106448
106448.5
106450
106452
106452
106452.5
106453
106454
106455
106456
106457
106458
106459
106460.5
106461
106462
106463
106464
106465
106466
106467
106468
106469
106470
106471
106472
106473
106473.5
106474
106475.5
106477
106477.5
106479
106479.5
106480
106481.5
106483
106483.5
106485
106485.5
106486
106487.5
106489
106490
106491
106491.5
106493
106494
106495
106495.5
106496
106497
106498
106499.5
106500
106501.5
106503
106503.5
106504
106505
106506
106507
106508
106508.5
106510
106511
106512
106512.5
106514
106515
106516
106517
106518
106519
106520
106521
106522
106522.5
106523
106524.5
106526
106526.5
106527
106527.5
106529
106530.5
106532
106532.5
106533
106533.5
106534
106535.5
106536
106536.5
106537
106538
106539
106540
106541
106542
106543
106544.5
106545
106546.5
106548
106549.5
106551
106551.5
106552
106553.5
106554
106554.5
106555
106556.5
106558
106558.5
106559
106560
106561
106562
106563
106564
106565
106566
106567
106568
106569
106569.5
106571
106572
106573
106574
106575
106576
106577
106578
106579
106579.5
106581
106582
106583
106584
106585
106586
106587
106588
106589
106590.5
106592
106592.5
106593
106594
106595
106596
106597
106598
106599
106600
106601
106602
106603
106604
106605
106606
106607
106607.5
106608
106609
106610
106611
106612
106613
106614
106615.5
106617
106618
106619
106620
106621
106622
106623
106624
106625
106626
106627
106628.5
106629
106630
106631
106632
106633
106634
106635
106636
106637
106638
106639
106639.5
106641
106642
106643
106644
106645
106646
106647
106647.5
106649
106649.5
106650
106651.5
106652
106653.5
106654
106655.5
106657
106657.5
106658
106659
106660
106661
106662
106663
106664
106665
106666
106666.5
106668
106668.5
106669
106670.5
106672
106673
106674
106675
106676
106677
106678
106679
106680
106680.5
106682
106682.5
106683
106684
106685
106685.5
106687
106687.5
106688
106689
106690
106691
106692
106693
106694
106694.5
106695
106695.5
106696
106696.5
106697
106698.5
106700
106700.5
106702
106703.5
106705
106706.5
106707
106708.5
106709
106710.5
106711
106711.5
106713
106713.5
106714
106714.5
106716
106717.5
106719
106720.5
106721
106722.5
106723
106724.5
106725
106726.5
106727
106727.5
106729
106729.5
106730
106731.5
106733
106733.5
106735
106735.5
106736
106737.5
106738
106738.5
106740
106741.5
106742
106742.5
106743
106744
106745
106746
106747
106748
106749
106750
106751
106752
106753
106754
106755
106756
106757
106758
106759
106760
106761
106762
106763
106764
106765
106766
106767
106768
106769
106770
106771
106772
106773
106774
106775
106776
106777
106778
106779
106780
106781
106782
106783
106784
106785
106786
106787
106788.5
106790
106791.5
106792
106792.5
106794
106795.5
106797
106797.5
106799
106800.5
106801
106801.5
106803
106803.5
106805
106805.5
106806
106806.5
106807
106808
106809
106810
106811
106812
106813
106814
106815
106816
106817
106818
106819
106820
106821
106822
106823
106824
106825
106826
106827
106828
106829
106830
106831
106832
106833
106833.5
106835
106835.5
106837
106837.5
106838
106839.5
106840
106841
106842
106843
106844
106845
106846
106847
106848
106849
106850
106851
106852
106853
106854
106855
106856
106857
106858
106858.5
106860
106861
106862
106863
106864
106864.5
106866
106866.5
106868
106869
106870
106871
106872
106873
106874
106875
106876
106877
106878
106879
106880
106881
106882
106883
106884
106885
106886
106887
106888
106889
106890
106891
106892
106893
106894
106894.5
106895
106896.5
106897
106898
106899
106900
106901
106902
106903
106903.5
106904
106905.5
106907
106907.5
106909
106910
106911
106912.5
106913
106914.5
106916
106916.5
106917
106918.5
106919
106920
106921
106922
106923
106924
106925
106926
106927
106928
106929
106930
106931
106932
106933
106934
106935
106936
106937
106938
106939
106940
106941
106942
106943
106944
106945
106946.5
106947
106948
106949
106950
106951
106952
106953
106954.5
106955
106956.5
106957
106958
106959
106959.5
106960
106961.5
106963
106964
106965
106966
106967
106968
106969
106970
106971
106972
106973
106974.5
106975
106976.5
106977
106978
106979
106979.5
106981
106982
106983
106984
106985
106985.5
106986
106987.5
106989
106989.5
106990
106990
106990
106992
106992
106994
106994
106995
106996
106997
106998
107000
107000
107001
107002
107003
107004
107004.5
107005
107006
107007
107008.5
107009
107010.5
107011
107012
107013
107014
107015
107016
107017
107018
107019
107019.5
107020
107021
107022
107022.5
107023
107024.5
107026
107026.5
107027
107028.5
107030
107031
107032
107032.5
107033
107034
107035
107035.5
107036
107037.5
107039
107039.5
107041
107041.5
107042
107043.5
107044
107045.5
107047
107048
107049
107049.5
107050
107050.5
107051
107052
107053
107054
107055
107056.5
107057
107058
107059
107060.5
107061
107062
107063
107064
107065
107065.5
107066
107067.5
107069
107069.5
107070
107071.5
107072
107073
107074
107075
107076
107077.5
107078
107079.5
107081
107082
107083
107083.5
107085
107086
107087
107088
107089
107089.5
107091
107091.5
107093
107093.5
107095
107095.5
107097
107098
107099
107099.5
107100
107101
107102
107103.5
107104
107105
107106
107107
107108
107107.5
107107
107107.5
107109
107109.5
107110
107111.5
107113
107113.5
107114
107115.5
107116
107117
107118
107119
107120
107121
107122
107122.5
107123
107123.5
107125
107125.5
107126
107126.5
107127
107127.5
107129
107129.5
107130
107130.5
107132
107132.5
107133
107134.5
107135
107135.5
107137
107138.5
107140
107140.5
107141
107141.5
107142
107142.5
107144
107145.5
107147
107147.5
107148
107149.5
107150
107150.5
107151
107152.5
107154
107154.5
107155
107155.5
107156
107157.5
107158
107158.5
107160
107161.5
107162
107163.5
107164
107164.5
107165
107165.5
107167
107167.5
107168
107168.5
107170
107170.5
107172
107173.5
107175
107175.5
107177
107177.5
107178
107179.5
107181
107181.5
107183
107184.5
107186
107186.5
107188
107188.5
107190
107191.5
107193
107194.5
107195
107195.5
107196
107196.5
107197
107198.5
107200
107201.5
107202
107202.5
107204
107204.5
107205
107205.5
107206
107207.5
107209
107209.5
107210
107210.5
107211
107212.5
107213
107214.5
107216
107217.5
107218
107219.5
107221
107221.5
107222
107222.5
107224
107225.5
107227
107227.5
107228
107228.5
107229
107230.5
107232
107232.5
107233
107233.5
107234
107235
107236
107237.5
107239
107240.5
107242
107242.5
107244
107245.5
107246
107247.5
107248
107248.5
107249
107249.5
107250
107251
107252
107253
107254
107255.5
107256
107257.5
107258
107259.5
107260
107261.5
107263
107263.5
107265
107265.5
107267
107267.5
107268
107269
107270
107271
107272
107272.5
107274
107274.5
107276
107277
107278
107278.5
107279
107280.5
107281
107282.5
107283
107283.5
107284
107284.5
107285
107286.5
107288
107289.5
107291
107291.5
107293
107293.5
107294
107294.5
107295
107296
107297
107297.5
107298
107299
107300
107301
107302
107303.5
107305
107306
107307
107307.5
107308
107309.5
107311
107311.5
107312
107313.5
107314
107315
107316
107317
107318
107319
107320
107321
107322
107323
107324
107325
107326
107327
107328
107329
107330
107331
107332
107333
107334
107335
107336
107337
107338
107339
107340
107341
107342
107343
107344
107345
107346
107347
107348
107349
107350
107351
107352
107353
107354
107354.5
107356
107356.5
107358
107358.5
107359
107359.5
107360
107361
107362
107363
107364
107365
107366
107367
107368
107368.5
107369
107369
107371
107371
107371
107373
107375
107375
107377
107377
107377
107379
107379
107379.5
107381
107383
107383
107385
107387
107388.5
107389
107390.5
107392
107393
107394
107394.5
107396
107396.5
107398
107398.5
107399
107400.5
107401
107402.5
107403
107403
107403
107405
107407
107408.5
107409
107409
107411
107411
107411
107411.5
107413
107413.5
107415
107417
107419
107419
107421
107421
107421
107423
107423
107423.5
107424
107424.5
107426
107426.5
107427
107428.5
107429
107429.5
107431
107431.5
107433
107433.5
107435
107435.5
107436
107437.5
107438
107439
107440
107441
107442
107442.5
107444
107444.5
107446
107446.5
107447
107447
107447
107448
107449
107450
107451
107452
107453
107454
107455
107456
107457
107458
107459
107461
107461
107463
107463
107464
107465
107466
107467
107468
107469
107469
107471
107471
107471
107471.5
107472
107473.5
107474
107474.5
107475
107476.5
107477
107478.5
107479
107480
107481
107482
107483
107484
107485
107486
107487
107488
107489
107489.5
107490
107491
107492
107492.5
107493
107494.5
107496
107497
107498
107498.5
107500
107501
107502
107502.5
107503
107504.5
107505
107505.5
107506
107507
107508
107509
107510
107511
107512
107513
107514
107515
107516
107517
107518
107519
107520
107521
107522
107523
107524
107525
107526
107527
107528
107529
107530
107531
107532
107533
107534
107535
107536
107537
107538
107539
107540
107541
107542
107543.5
107545
107545.5
107546
107547
107548
107549
107550
107551
107552
107553
107554
107555
107556
107557
107558
107559
107560
107561.5
107563
107563.5
107564
107565.5
107567
107568.5
107569
107569.5
107570
107571
107572
107573
107574
107575
107576
107577
107578
107579
107580
107581
107582
107583
107584
107585
107586
107587.5
107589
107590.5
107591
107591.5
107592
107593
107594
107595
107596
107597.5
107598
107599.5
107600
107601
107602
107603.5
107604
107605
107606
107607
107608
107608.5
107610
107611
107612
107612.5
107613
107614.5
107616
107616.5
107617
107618.5
107619
107620
107621
107622.5
107623
107624.5
107626
107626.5
107627
107628
107629
107629.5
107630
107631.5
107633
107634
107635
107636
107637
107638
107639
107640.5
107642
107642.5
107644
107644.5
107646
107646.5
107648
107648.5
107649
107650.5
107651
107652
107653
107653.5
107655
107655.5
107656
107657
107658
107659.5
107660
107661.5
107663
107664
107665
107665.5
107666
107667
107668
107669.5
107671
107672
107673
107674.5
107675
107676
107677
107677.5
107678
107679.5
107681
107682
107683
107684.5
107685
107686
107687
107687.5
107689
107689.5
107691
107691.5
107693
107693.5
107694
107695.5
107697
107697.5
107698
107699
107700
107701
107702
107702.5
107704
107704.5
107705
107706.5
107707
107708.5
107709
107710.5
107712
107712.5
107713
107714.5
107715
107716.5
107717
107718.5
107720
107720.5
107721
107722.5
107723
107724.5
107726
107727
107728
107729
107730
107731
107732
107733
107734
107735
107736
107737.5
107739
107740
107741
107741.5
107742
107743
107744
107745
107746
107747
107748
107749
107750
107750.5
107751
107752
107753
107754
107755
107756
107757
107758
107759
107760.5
107762
107763
107764
107764.5
107766
107766.5
107768
107769
107770
107771.5
107772
107773
107774
107775
107776
107777
107778
107779.5
107780
107781
107782
107783.5
107785
107786
107787
107788.5
107790
107791
107792
107793
107794
107794.5
107795
107796
107797
107798
107799
107800
107801
107802
107803
107803.5
107804
107805.5
107806
107807
107808
107809.5
107811
107811.5
107812
107813
107814
107815
107816
107817
107818
107819
107820
107821
107822
107823.5
107825
107825.5
107826
107827.5
107829
107829.5
107830
107831.5
107832
107833.5
107834
107835
107836
107836.5
107838
107838.5
107839
107840
107841
107842
107843
107844
107845
107846.5
107847
107848.5
107849
107850.5
107852
107853
107854
107855
107856
107857
107858
107858.5
107860
107860.5
107861
107862.5
107864
107865
107866
107867
107868
107868.5
107869
107870
107871
107872
107873
107872
107871
107871.5
107873
107876
107875
107878
107877
107877.5
107878
107879.5
107881
107881.5
107882
107883.5
107885
107888
107891
107890
107893
107892
107895
107896
107897
107898
107899
107900
107901
107902
107903
107902
107905
107906
107907
107908
107909
107910
107911
107912
107913
107912
107911
107911.5
107913
107916
107915
107918
107921
107920
107919
107922
107921
107921.5
107922
107923
107924
107925
107926
107927.5
107928
107929.5
107931
107931.5
107932
107933
107934
107935.5
107936
107937
107938
107939.5
107940
107941
107942
107943
107944
107945
107946
107947
107948
107949
107950
107951
107952
107953
107954
107955
107956
107957
107958
107959
107960
107961
107962
107963
107964
107965
107966
107967
107968
107969
107970
107971
107972
107973
107974
107975
107976
107977
107978
107979
107980
107981
107982
107983
107984
107985
107986
107987
107988
107988.5
107989
107990
107991
107992
107993
107993.5
107995
107995.5
107996
107997.5
107999
107999.5
108000
108000.5
108002
108002.5
108003
108003.5
108004
108005.5
108007
108007.5
108008
108009.5
108010
108011
108012
108013
108014
108015
108016
108017.5
108018
108019
108020
108021
108022
108023
108024
108025
108026
108027
108028
108029
108030
108031
108032
108033
108034
108035
108036
108037
108038
108038.5
108039
108040
108041
108042.5
108043
108044
108045
108046
108047
108048
108049
108050
108051
108052
108053
108054.5
108055
108056.5
108058
108059
108060
108060.5
108061
108062
108063
108064.5
108065
108066
108067
108068
108069
108070
108071
108072
108073
108074.5
108076
108076.5
108077
108078
108079
108080
108081
108082
108083
108084
108085
108086
108087
108088
108089
108089.5
108090
108090.5
108092
108092.5
108093
108094
108095
108096
108097
108098
108099
108100
108101
108102
108103
108103
108105
108105
108105
108107
108107
108108
108109
108110
108111
108112
108113
108114
108115
108116
108117
108118
108119
108120
108121
108122
108123
108124
108125
108126
108127
108128
108129
108130
108131
108132
108133
108134
108135
108136
108137
108138
108139
108140
108141
108142
108143
108143.5
108144
108145
108146
108147
108148
108149.5
108151
108151.5
108152
108153
108154
108155.5
108157
108158
108159
108160
108161
108162
108163
108164
108165
108166
108167
108168
108169
108170
108171
108172
108173
108174
108175
108176
108177
108178
108179
108180
108181
108182
108183
108184
108185
108186
108187
108188
108189
108190
108191
108192
108193
108194
108195
108196
108197
108198
108199
108200
108201
108202
108203
108204
108205
108206
108207
108208
108209
108210
108211
108212
108213
108214
108215
108216
108217
108218
108219
108220
108221
108222
108223
108224
108225
108226
108227
108228
108229
108230
108231
108232
108233
108234
108235
108236
108237
108238
108239
108240
108241
108242
108243
108244
108245
108246
108247
108248
108249
108250
108251
108252
108253
108254
108255
108256
108257
108258
108259
108259.5
108261
108261.5
108262
108263
108264
108265
108266
108267
108268
108269
108270
108271
108272
108273
108274
108275
108276
108277
108278
108279
108280
108280
108280
108282
108282
108284
108286
108287
108288
108288
108290
108290
108292
108292
108294
108294
108294
108295
108296
108297
108298
108299
108300
108301
108302
108303
108304
108305
108306
108307
108308
108309
108310
108311
108312
108313
108314
108315
108316
108316.5
108317
108318.5
108319
108320.5
108321
108321
108323
108323
108325
108325
108325
108327
108327
108329
108331
108332.5
108333
108333
108333
108332.5
108335
108334.5
108337
108336.5
108336
108336.5
108337
108338.5
108340
108340.5
108341
108342
108343
108344
108345
108346
108347
108348
108349
108350
108351
108352
108353
108354
108355
108355.5
108357
108358
108359
108360
108361
108361.5
108363
108363.5
108364
108365.5
108367
108367.5
108369
108369.5
108370
108371.5
108372
108373.5
108374
108375.5
108377
108377.5
108379
108379.5
108381
108382
108383
108384
108385
108386
108387
108388
108389
108390.5
108392
108392.5
108394
108394.5
108396
108396.5
108397
108398.5
108399
108400.5
108402
108404.5
108404
108404.5
108406
108406.5
108407
108408.5
108410
108410.5
108412
108412.5
108414
108414.5
108416
108418.5
108418
108420.5
108423
108422.5
108425
108424.5
108424
108426.5
108429
108431
108431
108430.5
108433
108432.5
108435
108437
108437
108439
108439
108438.5
108441
108443
108445
108446.5
108448
108448.5
108450
108451
108452
108452.5
108453
108454.5
108455
108455
108455
108454.5
108454
108454.5
108455
108456.5
108457
108458
108459
108460.5
108462
108462.5
108464
108464.5
108466
108466.5
108467
108468
108469
108470
108471
108472
108473
108474
108475
108476
108477
108478
108479
108480
108481
108482
108483
108484
108485
108485.5
108487
108488
108489
108490
108491
108491.5
108492
108493
108494
108495
108496
108497
108498
108499
108500
108501
108502
108503
108504
108505
108506
108507
108508
108509
108510
108511
108512
108513
108514
108515
108516
108517
108518
108519
108520
108521
108522
108523
108524
108525
108526
108525.5
108528
108529
108530
108531
108532
108531.5
108531
108531.5
108532
108533
108534
108534.5
108535
108536.5
108537
108537
108537
108538
108539
108540
108541
108542
108543
108544
108545
108546
108547
108548
108549
108550
108551
108552
108553
108554
108555
108557
108557
108558
108559
108560
108561
108561.5
108562
108563.5
108565
108565.5
108566
108567.5
108568
108567.5
108567
108569.5
108572
108573.5
108574
108573.5
108573
108574
108575
108576
108577
108578
108579
108579.5
108581
108582
108583
108584
108585
108586
108587
108588
108589
108589.5
108591
108591.5
108592
108593
108594
108594.5
108596
108596.5
108598
108598.5
108600
108600.5
108601
108602
108603
108604.5
108606
108607
108608
108609
108610
108611.5
108613
108613.5
108615
108615.5
108617
108617.5
108618
108619.5
108620
108621
108622
108623
108624
108624.5
108625
108626.5
108628
108629
108630
108631.5
108632
108633.5
108634
108635
108636
108636.5
108637
108638.5
108640
108641
108642
108642.5
108643
108644.5
108645
108646.5
108648
108649
108650
108650.5
108651
108652.5
108653
108654.5
108655
108656
108657
108658
108659
108660.5
108662
108662.5
108664
108664.5
108666
108666.5
108668
108669
108670
108671
108672
108673
108674
108675
108676
108677
108678
108679
108680
108681
108682
108683
108684
108685
108686
108687
108688
108688.5
108689
108690.5
108692
108693
108694
108695
108696
108697
108698
108699
108700
108701
108702
108703.5
108704
108705.5
108707
108708
108709
108710
108711
108712
108713
108714
108715
108716
108717
108718
108719
108720
108721
108722
108723
108724
108725
108726
108727
108728
108729
108730
108731
108732
108733
108734
108735
108736
108737
108738
108739
108739.5
108741
108742
108743
108744
108745
108746
108747
108747.5
108748
108749.5
108751
108752
108753
108753.5
108754
108755.5
108756
108757
108758
108759.5
108761
108762
108763
108764
108765
108766
108767
108768
108769
108770
108771
108772
108773
108774
108775
108776
108777
108778
108779
108779.5
108780
108781
108782
108783
108784
108784.5
108785
108786.5
108787
108788
108789
108790
108791
108791.5
108792
108793.5
108795
108795.5
108796
108796.5
108798
108798.5
108800
108801.5
108802
108803.5
108805
108806
108807
108807.5
108808
108808.5
108810
108811.5
108812
108812.5
108814
108814.5
108816
108817.5
108818
108818.5
108819
108820
108821
108822
108823
108823.5
108824
108825.5
108826
108827.5
108829
108830
108831
108832.5
108834
108835.5
108836
108836.5
108837
108838.5
108839
108840.5
108842
108842.5
108843
108844
108845
108846
108847
108848.5
108850
108850.5
108852
108852.5
108853
108854
108855
108855.5
108856
108857.5
108858
108859
108860
108861
108862
108862
108864
108865
108866
108866
108866
108866.5
108867
108868
108869
108870
108871
108872.5
108873
108874.5
108875
108876
108877
108878.5
108880
108880.5
108881
108882
108883
108884
108885
108886.5
108887
108888
108889
108890
108891
108891.5
108892
108893
108894
108895.5
108896
108897.5
108898
108899
108900
108901
108902
108902
108904
108904
108904
108905
108906
108907
108908
108909
108910
108911
108912
108913
108914
108915
108916
108917
108918
108918.5
108919
108919.5
108920
108921
108922
108923.5
108925
108926.5
108927
108927.5
108928
108929.5
108931
108931.5
108932
108933.5
108934
108935.5
108936
108937
108938
108938.5
108939
108939.5
108940
108941
108942
108943
108944
108945
108946
108947
108948
108949.5
108951
108952.5
108954
108954.5
108955
108956.5
108958
108959
108960
108961
108962
108963.5
108965
108965.5
108967
108967.5
108969
108970.5
108971
108972.5
108974
108975
108976
108977
108978
108979
108980
108981
108982
108982.5
108983
108984.5
108986
108986.5
108987
108987.5
108989
108989.5
108991
108991.5
108992
108993.5
108994
108995.5
108996
108997.5
108999
109000.5
109002
109003
109004
109004.5
109005
109006.5
109008
109008.5
109010
109011
109012
109012.5
109014
109014.5
109016
109017
109018
109019
109020
109021
109022
109023
109024
109025
109026
109027
109028
109029
109030
109031
109032
109033
109034
109035
109036
109037
109038
109038.5
109040
109040.5
109041
109041.5
109043
109043.5
109044
109045
109046
109046.5
109047
109048.5
109050
109050.5
109052
109052.5
109054
109054.5
109055
109055.5
109057
109057.5
109058
109059
109060
109061
109062
109063
109064
109065
109066
109067
109068
109069
109070
109071
109072
109073
109074
109074
109074
109076
109076
109077
109078
109078.5
109080
109080.5
109082
109083
109084
109084.5
109085
109086
109087
109088
109089
109090
109091
109091.5
109092
109093.5
109094
109095.5
109097
109097.5
109098
109099.5
109101
109102
109103
109103.5
109104
109104.5
109106
109106.5
109107
109108.5
109109
109110.5
109111
109112
109113
109114
109115
109116.5
109117
109118.5
109119
109120
109121
109122.5
109124
109125.5
109126
109126.5
109128
109129.5
109130
109131.5
109132
109133.5
109135
109135.5
109136
109137.5
109139
109140
109141
109141.5
109142
109142.5
109143
109144.5
109146
109147.5
109148
109149.5
109150
109151.5
109153
109153.5
109154
109155.5
109156
109157.5
109159
109160
109161
109161.5
109163
109163.5
109165
109166
109167
109168.5
109169
109170
109171
109172
109173
109174
109175
109176
109177
109178
109179
109180.5
109181
109182
109183
109184.5
109185
109186
109187
109188.5
109189
109190
109191
109191.5
109193
109193.5
109195
109195.5
109196
109197.5
109198
109199.5
109200
109201.5
109202
109202.5
109203
109204.5
109205
109206.5
109207
109208.5
109210
109211.5
109212
109212.5
109213
109214
109215
109216
109217
109218.5
109220
109221.5
109223
109223.5
109224
109225.5
109227
109227.5
109228
109228.5
109230
109231.5
109233
109233.5
109234
109234.5
109235
109236
109237
109238
109239
109239.5
109241
109241.5
109242
109243.5
109244
109245.5
109246
109247.5
109249
109250
109251
109252
109253
109253.5
109254
109254.5
109256
109257.5
109258
109258.5
109259
109260
109261
109262
109263
109264
109265
109266
109267
109268
109269
109270
109271
109272.5
109273
109274
109275
109276.5
109277
109278.5
109280
109280.5
109282
109282.5
109283
109284
109285
109286.5
109288
109288.5
109289
109290.5
109291
109292.5
109293
109294
109295
109296
109297
109298
109299
109300
109301
109302
109303
109304
109305
109306
109307
109308
109309
109310
109311
109312
109313
109314
109315
109316
109317
109318
109319
109320
109321
109322
109323
109324
109325
109326
109327
109328
109329
109330
109331
109332
109333
109334
109335
109335.5
109336
109337
109338
109339
109340
109341.5
109342
109343.5
109344
109345.5
109347
109347.5
109348
109349
109350
109351
109352
109353
109354
109355.5
109357
109358
109359
109359.5
109361
109362
109363
109364
109365
109365.5
109366
109367.5
109368
109369
109370
109371
109372
109373
109374
109375
109376
109377
109378
109378
109380
109380
109382
109382
109382
109384
109386
109387
109388
109389
109390
109391
109392
109393
109394
109394
109396
109396
109396
109398
109398
109399
109400
109400.5
109401
109402
109403
109404
109405
109406
109407
109407
109409
109409
109409
109411
109413
109414
109415
109416
109417
109418
109419
109420
109421
109421
109423
109424
109425
109426.5
109427
109428.5
109430
109430.5
109431
109432
109433
109433
109433
109434
109435
109435.5
109436
109437.5
109438
109439.5
109440
109441.5
109443
109443.5
109444
109445.5
109446
109447
109448
109448.5
109449
109450.5
109451
109452.5
109454
109454.5
109455
109456
109457
109458
109459
109459
109459
109460
109461
109463
109463
109465
109467
109468
109469
109469
109469
109470
109471
109471
109471
109471
109471
109473
109475
109475
109477
109477
109477
109479
109479
109481
109483
109485
109485
109485
109487
109487
109489
109489
109491
109491
109491
109493
109495
109495
109495
109497
109497
109498
109499
109501
109501
109502
109503
109504
109505
109506
109507
109508
109509
109510
109511
109512
109513
109514
109515
109516
109517
109518
109519
109520
109521
109523
109525
109525
109525
109526
109527
109528
109529
109530
109531
109533
109533
109534
109535
109536
109537
109537.5
109538
109539
109540
109540.5
109542
109543
109544
109545
109546
109546.5
109547
109547.5
109548
109549
109550
109551
109552
109553.5
109555
109556.5
109557
109557.5
109558
109559.5
109560
109561.5
109562
109563.5
109565
109565.5
109566
109567
109568
109568.5
109569
109570.5
109572
109573
109574
109575
109576
109576.5
109577
109578.5
109580
109580.5
109581
109581.5
109582
109583.5
109585
109585.5
109586
109587
109588
109589.5
109590
109591.5
109592
109593.5
109594
109595
109596
109597
109598
109599
109600
109601.5
109603
109603.5
109604
109605
109606
109607
109608
109609
109610
109611
109612
109613.5
109615
109615.5
109617
109618.5
109619
109619.5
109620
109621.5
109623
109623.5
109624
109625.5
109626
109627.5
109629
109630.5
109631
109631.5
109633
109633.5
109634
109635
109636
109637.5
109638
109639.5
109640
109641.5
109643
109643.5
109644
109645
109646
109647
109648
109649
109650
109651
109652
109653
109654
109654.5
109655
109656
109657
109658
109659
109660
109661
109662
109663
109663.5
109664
109665.5
109666
109667
109668
109668.5
109669
109670
109671
109672
109673
109674
109675
109676
109677
109678
109679
109679.5
109680
109680.5
109682
109682.5
109683
109684.5
109685
109686.5
109687
109687.5
109689
109689.5
109691
109691.5
109693
109693.5
109694
109694.5
109696
109696.5
109698
109699.5
109700
109700.5
109701
109701.5
109703
109704.5
109706
109707.5
109709
109709.5
109710
109711.5
109712
109713.5
109715
109715.5
109716
109717.5
109719
109719.5
109721
109722.5
109723
109723.5
109724
109724.5
109725
109726.5
109728
109728.5
109730
109731.5
109733
109733.5
109735
109735.5
109737
109738.5
109739
109740.5
109741
109741.5
109743
109744.5
109745
109745.5
109746
109746.5
109748
109748.5
109749
109749.5
109750
109750.5
109752
109753.5
109755
109756.5
109758
109759.5
109761
109762.5
109763
109763.5
109764
109764.5
109765
109765.5
109766
109766.5
109767
109768
109769
109770
109771
109772
109773
109774
109775
109776
109777
109778
109779
109779.5
109781
109782
109783
109783.5
109784
109785
109786
109787
109788
109789
109790
109791
109792
109793
109794
109795
109796
109797
109798
109799
109800
109801
109802
109803
109804
109805
109806
109807
109808
109809
109810
109811
109812
109812.5
109813
109814.5
109815
109816
109817
109818.5
109819
109820
109821
109821.5
109823
109824
109825
109826
109827
109828
109829
109830
109831
109831.5
109833
109834
109835
109836
109837
109837.5
109839
109839.5
109840
109841.5
109842
109843.5
109845
109846
109847
109847.5
109848
109849
109850
109851.5
109852
109853
109854
109854.5
109855
109855
109857
109858.5
109859
109859
109859
109861
109861
109863
109865
109866.5
109867
109868.5
109869
109870.5
109871
109871
109871
109873
109875
109876.5
109878
109879
109880
109881
109882
109882.5
109884
109885
109886
109886.5
109887
109888.5
109889
109890.5
109892
109893
109894
109894.5
109895
109895
109897
109897
109897
109899
109899
109901
109901
109902
109903
109903.5
109905
109905.5
109906
109907.5
109908
109909.5
109910
109911.5
109912
109913.5
109914
109915.5
109916
109917
109918
109919
109920
109920.5
109921
109921.5
109922
109922.5
109924
109924.5
109925
109926
109927
109928
109929
109930
109931
109932
109933
109934
109935
109936
109937
109938
109939
109940
109941
109942
109943
109943.5
109945
109945.5
109946
109947.5
109949
109950
109951
109952
109953
109953.5
109955
109955.5
109956
109957
109958
109959
109960
109961
109962
109963
109964
109965
109966
109966
109966
109966.5
109967
109967.5
109969
109969.5
109970
109971
109972
109973
109974
109975
109976
109977
109978
109978.5
109979
109980.5
109982
109982.5
109983
109984
109985
109986
109987
109988
109989
109989.5
109990
109991.5
109992
109993
109994
109995
109996
109996.5
109997
109998.5
109999
110000.5
110001
110002.5
110004
110005
110006
110007
110008
110008.5
110009
110010
110011
110012
110013
110014
110015
110016.5
110017
110018.5
110020
110021
110022
110022.5
110024
110024.5
110026
110027
110028
110029
110030
110031
110032
110032.5
110034
110034.5
110036
110037
110038
110039.5
110041
110041.5
110042
110043
110044
110045
110046
110047
110048
110049.5
110050
110051.5
110052
110053.5
110054
110055.5
110056
110057
110058
110058.5
110059
110060.5
110062
110063
110064
110065
110066
110067.5
110068
110069
110070
110071.5
110073
110074
110075
110076.5
110077
110078.5
110079
110080
110081
110082
110083
110084.5
110086
110087
110088
110089
110090
110090.5
110091
110092
110093
110094
110095
110096
110097
110098
110099
110099.5
110101
110101.5
110103
110104
110105
110106
110107
110108.5
110110
110111
110112
110112.5
110114
110115
110116
110116.5
110117
110118.5
110120
110120.5
110122
110122.5
110123
110124
110125
110126.5
110127
110128.5
110130
110131
110132
110133
110134
110135
110136
110136.5
110138
110138.5
110140
110141
110142
110143
110144
110145
110146
110147
110148
110149
110150
110150.5
110151
110152
110153
110154
110155
110156
110157
110158
110159
110159.5
110161
110161.5
110162
110163
110164
110165.5
110166
110167.5
110169
110170
110171
110171.5
110172
110173
110174
110175
110176
110177.5
110178
110179
110180
110181
110182
110183
110184
110185.5
110187
110187.5
110188
110189.5
110190
110191
110192
110193
110194
110195.5
110197
110197.5
110198
110199
110200
110201
110202
110203
110204
110205
110206
110207
110208
110209
110210
110211
110212
110213.5
110214
110215.5
110217
110218
110219
110219.5
110220
110221
110222
110223.5
110224
110225
110226
110227
110228
110228.5
110230
110231
110232
110233.5
110234
110235
110236
110237
110238
110238.5
110239
110240
110241
110241.5
110243
110243.5
110245
110245.5
110246
110247
110248
110249
110250
110251.5
110252
110253
110254
110255.5
110257
110258
110259
110260
110261
110262.5
110263
110264.5
110265
110266.5
110267
110268.5
110269
110270.5
110272
110272.5
110273
110274
110275
110276.5
110277
110278
110279
110280
110281
110282
110283
110283.5
110284
110285
110286
110287.5
110288
110289.5
110290
110291
110292
110293
110294
110295.5
110297
110297.5
110299
110299.5
110300
110301
110302
110303
110304
110304
110306
110307
110308
110309
110310
110311
110312
110312
110314
110315
110316
110317
110318
110319
110320
110320
110322
110323
110324
110325.5
110326
110327
110328
110328
110328
110330
110332
110333
110334
110334
110334
110336
110336
110337
110338
110339
110340
110341
110342
110342
110342
110342.5
110343
110344
110345
110345
110345
110347
110347
110348
110349
110350
110351
110352
110353
110353.5
110354
110355.5
110356
110356.5
110358
110359.5
110361
110361.5
110363
110363.5
110365
110365.5
110366
110366.5
110367
110368
110369
110370
110371
110372
110373
110374
110375
110376.5
110378
110378.5
110379
110380
110381
110381.5
110383
110383.5
110384
110385.5
110386
110387.5
110388
110389
110390
110391.5
110392
110393
110394
110395
110396
110397.5
110398
110399
110400
110401
110402
110403
110404
110405
110406
110406.5
110408
110409
110410
110410.5
110412
110412.5
110413
110414
110415
110416.5
110417
110418
110419
110420
110421
110421
110423
110423
110425
110426
110427
110428
110429
110430
110431
110432
110433
110433
110433
110433.5
110435
110435.5
110437
110439
110439
110441
110441
110441.5
110443
110445
110445
110445.5
110446
110447.5
110448
110448.5
110449
110450.5
110452
110453.5
110454
110455.5
110457
110459
110459
110461
110463
110464
110465
110465
110467
110467
110467
110467.5
110468
110469.5
110470
110470.5
110471
110471.5
110472
110473.5
110474
110474.5
110476
110477.5
110478
110478.5
110479
110480
110481
110482.5
110483
110484
110485
110486.5
110488
110488.5
110489
110490.5
110492
110492.5
110494
110494.5
110495
110496
110497
110498
110499
110500
110501
110501.5
110502
110502
110504
110504
110506
110506
110506
110506.5
110508
110508.5
110509
110510.5
110511
110512
110513
110514
110515
110516.5
110517
110518
110519
110520
110521
110522.5
110523
110524
110525
110526
110527
110528
110529
110530
110531
110532
110533
110534
110535
110536
110537
110538
110539
110540
110541
110541.5
110543
110543.5
110544
110544.5
110546
110546.5
110547
110548.5
110550
110550.5
110551
110552.5
110554
110554.5
110555
110556.5
110557
110556.5
110559
110560.5
110561
110560.5
110560
110561
110562
110563
110564
110565
110566
110566
110566
110566.5
110568
110568.5
110569
110569.5
110570
110570.5
110571
110571.5
110572
110571.5
110574
110573.5
110573
110575.5
110575
110576
110577
110578
110579
110580
110581
110582
110583
110583.5
110585
110585.5
110586
110587.5
110589
110589.5
110590
110590.5
110592
110592.5
110594
110595.5
110597
110598
110599
110600
110601
110602
110603
110604
110605
110606
110607
110608
110609
110610
110611
110613.5
110616
110617.5
110619
110620.5
110621
110622.5
110623
110623.5
110624
110625.5
110627
110628.5
110630
110630.5
110631
110631.5
110632
110633.5
110635
110636.5
110638
110639.5
110640
110640.5
110642
110643.5
110644
110644.5
110646
110646.5
110647
110648.5
110649
110650.5
110652
110653.5
110655
110655.5
110656
110657.5
110658
110658.5
110659
110659.5
110660
110659.5
110662
110661.5
110661
110662
110663
110663.5
110665
110665.5
110667
110668
110669
110670
110671
110672
110673
110673.5
110674
110674.5
110676
110676.5
110678
110678.5
110679
110680
110681
110682.5
110683
110684
110685
110686.5
110688
110689.5
110691
110691.5
110692
110692.5
110693
110694
110695
110696.5
110698
110699.5
110700
110701.5
110703
110703.5
110705
110705.5
110706
110706.5
110707
110708
110709
110710
110711
110712
110713
110714
110715
110716
110717
110718
110719
110720
110721
110722
110723
110723.5
110725
110725.5
110727
110728
110729
110730
110731
110732
110733
110734
110735
110735.5
110736
110736.5
110738
110739.5
110740
110740.5
110741
110741.5
110742
110743
110744
110744.5
110746
110747
110748
110749
110750
110751
110752
110752.5
110754
110754.5
110756
110757
110758
110758.5
110759
110760
110761
110762
110763
110764.5
110765
110766
110767
110768
110769
110770
110771
110771.5
110773
110773.5
110775
110776
110777
110777.5
110779
110779.5
110780
110780.5
110781
110782
110783
110784.5
110786
110787.5
110789
110789.5
110791
110791.5
110793
110793.5
110794
110794.5
110796
110797.5
110798
110799.5
110800
110801.5
110803
110804
110805
110806
110807
110808
110809
110809.5
110811
110811.5
110813
110813.5
110814
110814.5
110815
110816
110817
110818
110819
110820
110821
110822.5
110823
110824
110825
110826.5
110827
110828.5
110829
110830
110831
110832
110833
110834
110835
110836
110837
110838
110839
110840
110841
110842
110843
110844
110845
110846
110847
110848
110849
110850
110851
110852
110853
110854
110855
110856
110857
110858
110859
110860
110861
110862
110863
110864
110865
110866
110867
110868
110869
110870
110871
110872
110873
110874
110875
110876.5
110878
110878.5
110880
110880.5
110882
110882.5
110883
110884
110885
110886
110887
110888
110889
110890
110891
110892
110893
110894
110895
110896
110897
110898
110899
110900
110901
110902
110903
110904
110905
110906
110907
110908
110909
110910
110911
110912.5
110913
110914
110915
110916
110917
110918
110919
110920
110921
110922
110923
110924
110925
110926
110927
110928
110929
110930
110931
110932
110933
110934
110935
110936
110937
110938
110939
110940
110941
110942
110943
110944
110945
110946
110947
110948
110949
110949.5
110951
110952
110953
110954
110955
110955.5
110956
110955.5
110955
110955.5
110957
110957.5
110958
110959.5
110961
110961.5
110962
110963.5
110964
110965.5
110967
110967.5
110969
110969.5
110971
110971.5
110973
110975.5
110975
110977.5
110977
110977.5
110978
110979.5
110980
110981.5
110982
110982.5
110983
110983.5
110984
110984.5
110985
110986
110987
110988
110989
110990
110991
110992
110993
110994
110995
110996
110997
110998.5
110999
111000
111001
111001.5
111003
111003.5
111004
111004.5
111005
111006
111007
111007.5
111008
111009
111010
111011
111012
111013
111014
111015
111016
111017
111018
111019
111020
111021
111022
111023
111024
111025
111026
111027
111028
111029
111030
111031
111032
111033
111034
111035
111036
111037
111038
111038.5
111039
111039.5
111041
111041.5
111042
111043
111044
111045
111046
111047
111048
111048.5
111049
111050.5
111051
111052.5
111054
111054.5
111056
111056.5
111057
111058
111059
111060
111061
111062
111063
111064
111065
111066
111067
111068
111069
111070.5
111071
111072
111073
111074
111075
111076.5
111077
111078
111079
111080.5
111082
111083
111084
111084.5
111085
111086
111087
111088
111089
111089.5
111090
111091
111092
111093
111094
111095
111096
111097
111098
111099
111100
111101
111102
111102.5
111104
111104.5
111106
111107
111108
111108.5
111110
111110.5
111112
111113
111114
111115
111116
111116.5
111118
111118.5
111120
111121
111122
111123
111124
111124.5
111125
111126
111127
111128.5
111129
111130
111131
111132
111133
111134
111135
111136
111137
111138
111139
111139.5
111141
111141.5
111142
111142.5
111144
111145.5
111146
111146.5
111147
111148.5
111149
111150
111151
111152.5
111154
111155.5
111157
111158
111159
111159.5
111160
111161.5
111162
111162.5
111164
111164.5
111165
111166
111167
111168
111169
111170
111171
111172
111173
111174.5
111176
111177.5
111179
111179.5
111181
111182
111183
111184
111185
111186
111187
111188
111189
111190.5
111191
111192.5
111193
111194
111195
111196
111197
111198
111199
111200
111201
111202.5
111204
111204.5
111206
111207
111208
111208.5
111210
111210.5
111212
111213
111214
111215
111216
111217
111218
111218.5
111220
111221
111222
111222.5
111223
111224
111225
111226
111227
111228
111229
111229.5
111230
111230.5
111231
111232.5
111234
111235.5
111236
111236.5
111238
111238.5
111240
111240.5
111242
111242.5
111244
111244.5
111246
111246.5
111247
111248
111249
111250
111251
111251.5
111253
111253.5
111254
111255.5
111256
111257.5
111258
111259
111260
111260.5
111261
111262
111263
111263.5
111265
111265.5
111266
111267.5
111268
111269.5
111270
111271.5
111273
111274
111275
111276
111277
111278.5
111279
111280
111281
111281.5
111283
111284
111285
111286.5
111288
111288.5
111289
111290.5
111292
111293
111294
111295
111296
111296.5
111297
111298
111299
111300
111301
111302
111303
111304
111305
111306
111307
111308
111309
111309.5
111310
111310.5
111312
111313.5
111314
111314.5
111315
111316.5
111317
111317
111319
111319
111319
111319.5
111320
111321.5
111322
111323
111324
111325.5
111326
111327
111328
111329
111330
111331.5
111332
111333
111334
111335
111336
111337
111338
111339
111340
111341
111342
111343
111344
111345
111346
111347
111348
111349
111350
111350.5
111352
111353
111354
111354.5
111355
111356.5
111358
111358.5
111360
111361
111362
111363
111364
111365
111366
111366.5
111368
111368.5
111370
111370.5
111372
111372.5
111373
111374.5
111375
111375.5
111377
111377.5
111378
111378.5
111380
111380.5
111381
111381.5
111382
111383
111384
111385.5
111387
111387.5
111389
111389.5
111391
111391.5
111393
111393.5
111395
111395.5
111397
111397.5
111399
111399.5
111401
111401.5
111403
111404.5
111406
111406.5
111408
111408.5
111409
111410.5
111411
111411.5
111412
111413
111414
111414.5
111416
111416.5
111417
111418
111419
111420.5
111421
111422.5
111424
111425
111426
111426.5
111427
111428
111429
111430
111431
111432
111433
111433.5
111434
111435.5
111436
111437
111438
111438.5
111440
111440.5
111441
111442
111443
111444
111445
111446.5
111448
111449
111450
111451
111452
111453
111454
111455
111456
111456.5
111457
111458.5
111459
111460
111461
111462.5
111464
111464.5
111466
111466.5
111467
111468
111469
111470
111471
111472
111473
111474.5
111476
111476.5
111478
111479
111480
111481.5
111482
111483.5
111484
111485
111486
111486.5
111487
111488
111489
111490.5
111492
111493
111494
111495
111496
111497
111498
111498.5
111500
111500.5
111501
111502.5
111503
111504
111505
111505.5
111507
111508
111509
111510.5
111512
111513
111514
111515
111516
111516.5
111518
111519
111520
111520.5
111521
111522.5
111523
111524
111525
111525.5
111527
111528
111529
111530
111531
111531.5
111533
111533.5
111534
111535.5
111536
111536.5
111537
111537.5
111539
111539.5
111540
111541.5
111542
111542.5
111543
111543.5
111544
111545.5
111546
111546.5
111547
111547.5
111548
111549.5
111551
111552.5
111553
111554.5
111556
111556.5
111558
111558.5
111559
111559.5
111560
111561.5
111562
111563
111564
111565
111566
111567
111568
111569
111570
111571
111572
111572.5
111573
111574.5
111576
111576.5
111577
111578.5
111579
111580
111581
111582
111583
111584
111585
111586
111587
111588
111589
111590
111591
111592
111593
111594
111595
111596
111597
111598
111599
111600
111601
111602
111603
111604
111605
111606
111607
111608
111609
111610
111611
111612
111613
111614
111615
111616
111617
111617.5
111619
111620
111621
111622
111623
111623.5
111624
111625.5
111626
111626.5
111627
111628.5
111630
111630.5
111632
111633.5
111635
111635.5
111637
111638
111639
111640
111641
111642
111643
111644
111645
111646
111647
111648
111649
111650
111651
111652
111653
111654
111655
111656
111657
111658
111659
111660
111661
111662
111663
111663.5
111664
111664.5
111665
111666
111667
111668
111669
111669.5
111670
111670.5
111671
111672.5
111673
111673.5
111675
111675.5
111676
111677.5
111678
111679
111680
111681.5
111682
111683
111684
111685
111686
111687
111688
111689
111690
111691
111692
111693
111694
111695.5
111696
111697
111698
111699.5
111701
111702.5
111704
111704.5
111705
111706.5
111708
111708.5
111710
111710.5
111711
111711.5
111713
111714.5
111715
111715.5
111716
111717
111718
111719
111720
111721
111722
111723
111724
111725
111726
111727
111728
111728.5
111729
111729.5
111730
111730.5
111731
111732.5
111733
111733.5
111735
111736.5
111738
111738.5
111739
111739.5
111740
111741
111742
111742.5
111744
111744.5
111745
111746.5
111747
111748
111749
111750
111751
111751.5
111753
111754
111755
111756
111757
111757.5
111758
111759.5
111760
111760.5
111762
111763.5
111764
111765.5
111766
111767.5
111769
111769.5
111770
111770.5
111771
111771.5
111773
111773.5
111775
111776.5
111777
111778.5
111779
111780.5
111781
111781.5
111782
111783.5
111785
111786.5
111787
111788.5
111789
111789.5
111790
111791.5
111792
111792
111792
111793
111794
111795
111796
111796
111798
111798
111798
111798.5
111800
111800.5
111801
111802.5
111803
111804.5
111805
111806.5
111808
111810
111810
111810.5
111811
111811.5
111812
111812.5
111813
111814
111815
111816
111817
111818
111819
111819.5
111820
111821
111822
111823.5
111825
111825.5
111826
111827
111828
111829.5
111831
111831.5
111833
111833.5
111834
111835
111836
111837
111838
111839
111840
111841.5
111842
111843
111844
111845
111846
111847
111848
111848.5
111849
111849.5
111851
111851.5
111852
111852.5
111853
111854.5
111856
111857.5
111858
111858.5
111859
111860
111861
111862
111863
111864
111865
111866
111867
111868
111869
111869.5
111870
111870.5
111872
111873.5
111874
111874.5
111875
111875.5
111876
111877.5
111878
111878
111878
111879
111880
111881
111882
111883
111884
111885
111886
111886.5
111887
111888
111889
111890
111891
111892
111893
111894
111895
111896
111897
111898
111899
111900
111901
111902
111903
111904
111905
111906
111907
111908
111909
111910
111911
111912
111913
111914
111915
111916.5
111917
111918
111919
111920
111921
111922
111923
111924
111925
111926
111927
111928
111929
111930
111931
111932
111933
111934.5
111936
111936.5
111937
111938.5
111940
111940.5
111942
111943
111944
111945
111946
111946.5
111947
111948
111949
111950
111951
111952
111953
111954
111955
111956
111957
111958
111959
111960
111961
111962
111963
111964
111965
111966
111967
111968
111969
111970
111971
111972
111973
111974
111975
111976
111977
111978
111979
111980
111981
111982
111983
111984
111985
111986
111987
111987.5
111988
111988.5
111989
111990
111991
111992.5
111994
111995.5
111996
111997.5
111998
111999.5
112001
112001.5
112003
112004
112005
112005.5
112006
112006.5
112007
112008
112009
112010
112011
112012
112013
112014
112015
112016
112017
112018
112019
112020
112021
112021
112021
112022
112023
112024
112025
112026
112027
112028
112029
112030
112031
112033
112035
112035
112035
112036
112037
112038
112039
112040
112041
112042
112043
112044
112045
112046
112047
112048
112049
112050
112051
112052
112053
112054
112055
112054.5
112057
112056.5
112056
112058.5
112058
112060.5
112063
112062.5
112065
112066
112067
112068
112069
112068.5
112068
112068.5
112070
112072.5
112075
112074.5
112074
112074.5
112075
112076.5
112078
112080.5
112080
112082.5
112082
112082.5
112083
112084
112085
112086
112087
112088
112089
112090.5
112092
112092.5
112094
112096.5
112096
112098.5
112101
112102
112103
112102.5
112105
112106
112107
112108
112109
112110
112111
112112
112113
112114
112115
112114.5
112114
112116.5
112116
112118.5
112121
112120.5
112120
112122.5
112122
112122.5
112124
112124.5
112125
112126.5
112128
112130.5
112130
112132.5
112135
112134.5
112134
112134.5
112135
112136.5
112137
112138.5
112140
112140.5
112142
112142.5
112144
112144.5
112145
112146.5
112147
112148.5
112149
112150.5
112152
112152.5
112153
112154
112155
112156
112157
112158
112159
112160
112161
112161.5
112163
112163.5
112165
112166
112167
112168
112169
112169.5
112171
112171.5
112172
112171
112170
112171
112172
112172
112174
112175
112176
112177
112178
112179
112180
112180
112180
112180.5
112182
112182.5
112184
112184.5
112185
112186.5
112188
112188.5
112189
112190.5
112191
112192
112193
112194
112195
112195.5
112196
112197.5
112199
112200
112201
112202
112203
112203.5
112204
112205.5
112206
112206.5
112208
112209.5
112210
112211.5
112213
112213.5
112215
112215.5
112217
112217.5
112218
112219.5
112220
112220.5
112222
112223.5
112224
112225.5
112226
112226.5
112227
112228.5
112230
112231.5
112232
112233.5
112235
112236
112237
112237.5
112238
112238.5
112240
112241.5
112242
112242.5
112244
112244.5
112245
112246.5
112248
112249.5
112250
112250.5
112251
112252.5
112254
112255.5
112257
112257.5
112258
112258.5
112259
112259.5
112261
112261.5
112262
112263
112264
112265
112266
112267
112268
112268.5
112270
112271
112272
112272.5
112273
112274.5
112276
112277
112278
112279
112280
112281
112282
112282.5
112283
112284.5
112285
112286.5
112287
112288.5
112290
112290.5
112291
112292.5
112293
112294
112295
112296
112297
112297.5
112299
112299.5
112300
112301
112302
112303.5
112304
112305
112306
112307
112308
112309
112310
112311
112312
112313
112314
112314.5
112315
112316
112317
112317
112319
112319
112319
112319
112319
112321
112323
112323
112325
112325
112325
112327
112329
112331
112331
112331
112331
112333
112333
112333.5
112334
112335
112336
112337
112338
112339
112340
112341
112342
112343
112344
112345.5
112347
112349
112349
112349.5
112350
112351.5
112353
112353.5
112354
112355
112356
112357.5
112359
112361
112361
112363
112363
112363.5
112364
112365
112366
112367.5
112369
112369.5
112371
112373
112373
112375
112377
112377
112377
112377.5
112378
112379
112380
112381
112382
112383
112384
112385
112386
112386.5
112387
112387
112387
112389
112391
112391
112391
112392
112393
112395
112397
112398.5
112400
112401
112402
112402.5
112403
112403
112405
112406.5
112408
112409
112410
112410.5
112411
112411
112411
112413
112413
112414
112415
112416
112417
112417.5
112419
112419.5
112420
112420.5
112422
112422.5
112423
112424
112425
112426.5
112427
112428
112429
112430
112431
112432
112433
112434.5
112435
112436
112437
112437
112437
112439
112441
112441
112441
112443
112443
112444
112445
112446
112447
112448
112449
112450
112451
112452
112453
112454
112455
112455.5
112457
112458
112459
112460
112461
112462
112463
112464
112465
112465.5
112466
112466.5
112468
112469.5
112471
112471.5
112473
112473.5
112475
112475.5
112476
112476.5
112478
112479.5
112480
112481.5
112483
112484
112485
112486
112487
112488
112489
112489.5
112491
112491.5
112492
112493.5
112494
112495.5
112496
112496.5
112498
112498.5
112499
112500
112501
112502
112503
112503.5
112505
112505.5
112507
112507.5
112509
112510
112511
112512
112513
112514
112515
112515.5
112516
112517
112518
112519
112520
112521
112522
112523
112524
112525
112526
112526.5
112528
112528.5
112529
112529.5
112530
112531
112532
112533.5
112534
112535
112536
112537.5
112538
112539
112540
112541
112542
112542
112544
112544
112546
112546
112548
112549
112550
112551
112552
112552
112552
112553
112554
112555
112556
112557
112558
112559
112560
112561
112562
112564
112564
112566
112566
112567
112568
112570
112570
112571
112572
112574
112574
112575
112576
112577
112578
112579
112580
112582
112582
112583
112584
112585
112586
112587
112588
112590
112592
112592
112592
112594
112594
112596
112596
112597
112598
112599
112600
112601
112602
112604
112604
112605
112606
112608
112608
112609
112610
112611
112612
112613
112614
112615
112616
112616.5
112618
112619
112620
112621
112622
112623
112624
112625
112626
112627
112628
112629
112630
112631
112632
112633
112634
112634.5
112635
112636.5
112637
112638.5
112639
112640.5
112641
112642.5
112644
112645
112646
112646.5
112647
112648.5
112650
112650.5
112652
112653
112654
112655
112656
112657
112658
112659
112660
112661
112662
112663
112664
112665
112666
112666.5
112667
112668.5
112669
112670.5
112671
112672.5
112674
112674.5
112676
112676.5
112677
112678.5
112680
112680.5
112682
112682.5
112684
112684.5
112685
112686.5
112688
112688.5
112689
112690
112691
112691
112693
112693
112693
112695
112695
112696
112697
112698
112699
112700
112701
112701.5
112702
112702.5
112704
112705.5
112707
112708
112709
112710
112711
112712
112713
112714
112715
112716
112717
112718
112719
112719.5
112721
112721.5
112722
112723.5
112724
112725.5
112727
112728
112729
112730
112731
112732
112733
112734
112735
112735.5
112737
112738
112739
112740
112741
112742
112743
112743.5
112744
112744.5
112745
112746
112747
112748.5
112749
112750
112751
112752
112753
112753.5
112755
112755.5
112757
112757.5
112759
112759.5
112760
112760.5
112762
112763.5
112764
112765.5
112767
112768
112769
112770.5
112771
112772
112773
112774
112775
112776
112777
112778
112779
112780.5
112781
112782.5
112783
112784.5
112785
112786
112787
112787.5
112789
112790
112791
112792
112793
112793.5
112795
112795.5
112796
112796.5
112797
112797.5
112799
112800.5
112801
112802.5
112803
112804.5
112805
112805.5
112807
112808.5
112810
112811.5
112812
112812.5
112813
112813.5
112815
112816.5
112817
112817.5
112819
112820.5
112822
112823.5
112824
112825.5
112826
112826.5
112827
112828.5
112830
112830.5
112831
112831.5
112832
112833.5
112835
112835.5
112836
112836.5
112837
112838.5
112839
112839.5
112841
112841.5
112842
112843
112844
112845
112846
112847
112848
112849
112850
112851.5
112852
112853
112854
112855
112856
112857
112858
112859
112860
112861
112862
112863
112864
112865
112866
112867
112868
112869
112870
112871
112872
112873
112874
112875
112876
112877
112878
112879
112880
112881
112882
112883
112884
112885
112886
112887
112888
112888.5
112889
112890
112891
112892
112893
112894
112895
112895.5
112897
112898
112899
112900
112901
112902
112903
112904
112905
112906
112907
112907.5
112908
112908.5
112909
112909
112911
112912.5
112913
112913
112915
112915
112917
112917
112917
112919
112921
112922.5
112923
112924.5
112926
112926.5
112928
112928.5
112930
112930.5
112932
112932.5
112934
112934.5
112935
112936.5
112937
112937
112937
112938
112939
112940
112941
112940
112943
112942
112941
112942
112943
112944
112945
112945.5
112946
112947.5
112948
112949
112950
112951
112952
112952.5
112954
112954.5
112956
112956.5
112957
112958.5
112960
112960.5
112961
112962
112963
112964
112965
112966
112967
112968
112969
112969
112971
112972
112973
112974
112975
112976
112977
112977
112979
112979
112979
112981
112981
112982
112983
112984
112985
112986
112987
112988
112989
112990
112991
112992
112993
112994
112995
112996
112997
112998
112999
113000
113001
113002
113003
113004
113005
113006
113007
113008
113009
113010
113011
113012
113013
113014
113015
113016
113017
113018
113019
113020
113021
113022
113023
113024
113025
113026
113027
113028
113029
113030
113031
113032
113033
113034
113035
113036
113037
113038
113039
113040
113041
113042
113043
113044
113045
113046
113047
113048
113049
113050
113051
113052
113053
113054
113055
113056
113057
113058
113059
113060
113061
113061.5
113062
113063.5
113064
113064
113066
113066
113068
113069.5
113070
113070
113070
113072
113074
113074
113076
113076
113078
113079.5
113081
113082
113083
113084
113085
113085.5
113086
113087.5
113088
113088
113088
113090
113092
113093.5
113094
113094
113094
113096
113098
113098
113098
113098.5
113100
113100.5
113102
113102.5
113103
113103.5
113104
113105.5
113106
113106.5
113107
113107.5
113108
113109.5
113110
113111
113112
113113
113114
113115
113116
113117
113118
113119
113120
113121.5
113123
113124.5
113125
113125.5
113126
113127
113128
113129
113130
113131
113132
113133
113134
113135
113136
113137
113138
113139
113140
113141
113142
113143
113144
113145
113146
113147
113148
113149
113150
113151
113152
113152.5
113153
113154.5
113155
113156
113157
113158
113159
113160
113161
113162
113163
113164
113165
113166
113167
113168
113169
113169.5
113171
113171.5
113173
113173.5
113175
113175.5
113176
113177
113178
113179
113180
113181.5
113183
113184
113185
113185.5
113186
113187
113188
113189
113190
113191
113192
113193
113194
113195
113196
113196.5
113197
113198
113199
113200
113201
113202
113203
113204
113205
113205
113207
113207
113207
113209
113209
113210
113211
113213
113213
113215
113215
113216
113217
113219
113221
113222
113223
113224
113225
113226
113227
113228
113229
113230.5
113232
113233
113234
113235
113236
113237
113238
113239
113240
113241
113242
113243
113244
113245
113246
113247
113248
113248.5
113250
113251
113252
113252.5
113253
113254.5
113255
113256
113257
113258.5
113259
113260
113261
113262
113263
113264
113265
113265
113267
113268
113269
113269
113271
113271
113273
113273
113273
113275
113275
113276
113277
113278
113279
113280
113281
113281.5
113282
113282
113282
113283
113284
113285
113286
113287
113288
113289
113290
113291
113292
113292.5
113293
113294
113295
113296.5
113298
113298.5
113300
113300.5
113301
113302.5
113303
113304
113305
113306.5
113308
113308.5
113310
113311
113312
113313
113314
113315
113316
113316.5
113318
113319
113320
113320.5
113322
113322.5
113323
113324
113325
113326
113327
113328
113329
113330
113331
113331
113331
113333
113333
113335
113337
113338
113339
113340
113341
113341
113341
113342
113343
113344
113345
113346
113347
113348
113349
113351
113351
113352
113353
113354
113355
113356
113357
113358
113359
113361
113361
113362
113363
113365
113367
113367
113367
113368
113369
113370
113371
113372
113373
113374
113375
113376
113377
113378
113379
113380
113381
113382
113383
113384
113385
113386
113387
113388
113389
113390
113391
113392
113393
113394
113395
113396
113397
113398
113399
113400
113401
113402
113403
113404
113405
113406
113407
113408
113409
113410
113411
113412
113413
113413
113413
113415
113415
113415.5
113417
113417.5
113418
113418.5
113419
113420.5
113421
113422.5
113423
113423.5
113425
113425.5
113427
113427.5
113429
113429.5
113430
113429.5
113429
113431.5
113431
113433.5
113433
113434
113435
113436
113437
113437
113437
113438
113439
113439.5
113441
113441.5
113442
113443.5
113444
113445.5
113446
113447.5
113448
113449
113450
113451
113452
113453
113454
113455
113456
113457
113458
113459.5
113461
113461.5
113463
113463.5
113465
113466
113467
113468
113469
113470
113471
113472
113473
113473.5
113475
113475.5
113477
113477.5
113478
113479
113480
113481.5
113482
113483.5
113485
113486
113487
113487.5
113488
113489
113490
113491
113492
113493.5
113494
113495.5
113497
113498
113499
113500
113501
113503
113503
113504
113505
113505.5
113506
113507.5
113509
113509.5
113510
113511
113512
113513
113514
113515
113516
113517.5
113518
113519
113520
113521
113522
113523
113524
113525.5
113527
113528
113529
113529.5
113531
113532
113533
113534
113535
113537
113539
113540
113541
113542
113543
113543
113545
113546
113547
113549.5
113549
113550
113551
113552
113553
113554
113555
113555
113555
113556
113557
113558
113559
113560
113561
113563
113565
113565
113565
113567
113567
113568
113569
113569.5
113570
113571.5
113572
113573
113574
113575
113576
113577
113578
113578.5
113579
113580
113581
113581.5
113582
113582.5
113583
113584
113585
113586
113587
113588
113589
113590
113591
113592
113593
113594
113595
113596.5
113597
113598.5
113600
113601.5
113602
113602.5
113603
113604
113605
113606.5
113607
113608
113609
113610.5
113611
113612
113613
113614
113615
113615
113615
113615.5
113616
113617.5
113619
113619.5
113620
113620.5
113622
113623.5
113625
113627
113629
113630
113631
113632
113633
113634
113635
113636.5
113638
113638.5
113640
113641.5
113643
113644
113645
113646
113647
113648.5
113650
113650.5
113651
113652
113653
113653.5
113655
113656
113657
113658.5
113659
113660.5
113661
113662.5
113663
113664
113665
113666
113667
113667.5
113669
113669.5
113671
113671.5
113673
113673.5
113675
113675.5
113676
113676.5
113678
113678.5
113680
113680.5
113681
113682.5
113683
113684
113685
113686
113687
113688
113689
113689
113689
113689.5
113690
113691.5
113693
113693.5
113695
113695.5
113696
113696.5
113697
113697.5
113698
113698.5
113700
113700.5
113701
113702
113703
113704
113705
113706
113707
113708
113709
113710
113711
113712
113713
113714
113715
113716
113717
113718
113719
113720
113721
113722
113723
113724.5
113725
113726.5
113727
113728
113729
113730
113731
113732.5
113734
113735.5
113737
113738.5
113740
113741.5
113742
113742.5
113743
113743.5
113745
113746.5
113748
113749.5
113751
113751.5
113752
113753.5
113754
113755.5
113757
113757.5
113758
113759.5
113761
113763
113765
113765
113765
113765.5
113766
113766.5
113767
113767.5
113769
113769.5
113770
113770.5
113772
113772.5
113774
113774.5
113775
113776.5
113778
113778.5
113779
113780
113781
113782
113783
113784
113785
113786
113787
113788
113789
113790
113791
113792
113793
113794
113795
113796
113797
113798
113799
113800
113801
113802
113803
113803.5
113805
113805.5
113806
113806.5
113807
113808.5
113810
113810.5
113812
113813.5
113814
113814.5
113816
113816.5
113817
113818.5
113819
113820.5
113822
113823.5
113824
113824.5
113826
113826.5
113827
113827.5
113829
113830.5
113831
113832.5
113834
113834.5
113835
113835.5
113836
113837.5
113838
113839.5
113841
113842.5
113843
113843.5
113844
113845
113846
113847
113848
113849
113850
113851
113852
113852.5
113854
113855
113856
113856.5
113858
113858.5
113860
113860.5
113862
113862.5
113864
113864.5
113865
113866
113867
113868.5
113870
113870.5
113871
113872.5
113874
113874.5
113876
113876.5
113878
113879
113880
113880.5
113881
113882.5
113884
113885
113886
113887
113888
113889
113890
113891
113892
113893
113894
113895
113896
113897
113898
113898.5
113900
113900.5
113902
113902.5
113904
113905
113906
113906.5
113908
113908.5
113909
113910.5
113911
113912
113913
113914.5
113915
113916
113917
113918.5
113919
113920
113921
113922
113923
113924
113925
113926
113927
113928
113929
113930
113931
113932
113933
113933.5
113934
113935.5
113937
113937.5
113938
113939
113940
113940.5
113941
113941.5
113942
113942.5
113943
113944.5
113945
113945.5
113947
113947.5
113948
113948.5
113949
113950
113951
113952
113953
113953.5
113955
113956
113957
113957.5
113958
113959.5
113960
113961.5
113963
113963.5
113965
113966
113967
113968
113969
113969.5
113970
113971.5
113972
113972
113972
113974
113974
113975
113976
113976.5
113977
113978.5
113979
113980
113981
113982
113983
113983.5
113985
113986
113987
113988
113989
113990
113991
113991.5
113992
113993
113994
113995
113996
113997
113998
113999
114000
114000.5
114002
114002.5
114004
114004.5
114006
114007
114008
114008.5
114010
114011
114012
114012.5
114013
114014
114015
114015
114015
114017
114019
114020
114021
114022
114023
114023
114023
114023.5
114025
114025.5
114026
114027
114028
114028.5
114030
114030.5
114031
114032.5
114034
114034.5
114036
114036.5
114038
114039
114040
114041
114042
114042.5
114043
114044
114045
114046.5
114047
114048
114049
114050.5
114051
114052.5
114053
114054.5
114056
114057
114058
114058.5
114059
114060
114061
114061
114061
114061.5
114062
114063
114064
114065
114066
114067
114068
114069
114070
114071
114072
114071.5
114071
114073.5
114076
114075.5
114075
114076
114077
114077.5
114078
114078.5
114079
114080.5
114082
114083.5
114084
114084.5
114086
114086.5
114087
114088
114089
114089.5
114090
114091
114092
114093.5
114095
114096
114097
114098
114099
114100.5
114101
114102
114103
114103.5
114104
114105.5
114106
114107.5
114109
114110
114111
114111.5
114113
114113.5
114115
114116
114117
114117.5
114119
114120
114121
114122
114123
114124
114125
114126
114127
114127.5
114128
114129.5
114131
114132
114133
114133.5
114135
114135.5
114136
114137.5
114138
114139
114140
114140.5
114142
114143
114144
114144.5
114145
114145.5
114147
114147.5
114149
114149.5
114150
114151
114152
114153
114154
114155
114156
114156.5
114157
114158.5
114159
114160.5
114161
114162
114163
114164
114165
114166
114167
114168
114169
114169
114171
114171
114171
114173
114175
114175
114175
114177
114177
114179
114179
114181
114181
114182
114183
114184
114185
114186
114187
114189
114191
114191
114193
114193
114193
114194
114195
114196
114197
114198
114199
114199.5
114200
114200.5
114202
114203.5
114204
114204.5
114206
114206.5
114207
114208
114209
114210
114211
114212
114213
114214
114215
114216
114217
114217.5
114219
114219.5
114220
114221
114222
114222.5
114223
114224.5
114225
114225.5
114226
114226.5
114228
114228.5
114229
114229.5
114230
114231.5
114232
114232.5
114233
114234
114235
114236.5
114237
114238
114239
114240.5
114241
114242
114243
114244
114245
114245.5
114246
114247
114248
114249
114250
114251.5
114253
114254
114255
114255.5
114256
114257.5
114259
114259.5
114260
114261
114262
114263
114264
114265.5
114267
114267.5
114269
114270
114271
114272
114273
114273.5
114274
114275
114276
114277
114278
114279
114280
114281.5
114282
114283
114284
114284.5
114285
114286.5
114287
114288.5
114290
114290.5
114291
114292.5
114294
114295
114296
114296.5
114297
114298
114299
114300
114301
114302
114303
114304
114305
114306
114307
114308
114309
114310
114311
114311.5
114313
114313.5
114314
114315
114316
114317.5
114318
114319.5
114320
114321.5
114323
114324
114325
114326
114327
114328
114329
114330
114331
114332
114333
114334.5
114335
114336.5
114337
114338
114339
114340
114341
114342
114343
114344
114345
114346
114347
114348
114349
114350
114351
114352.5
114353
114354.5
114356
114356.5
114357
114358
114359
114360
114361
114362
114363
114364
114365
114366.5
114368
114369
114370
114371.5
114372
114373
114374
114375
114376
114376.5
114377
114378
114379
114380
114381
114382
114383
114384
114385
114386
114387
114388
114389
114390
114391
114392
114393
114393.5
114394
114395
114396
114396.5
114397
114398.5
114400
114401
114402
114403.5
114404
114405.5
114407
114407.5
114408
114409.5
114410
114411
114412
114412.5
114413
114414
114415
114416
114417
114418
114419
114420
114421
114422
114423
114424
114425
114426
114427
114428
114429
114430
114431
114432
114433
114434.5
114435
114436
114437
114438
114439
114440
114441
114442
114443
114444
114445
114445.5
114446
114447.5
114449
114449.5
114450
114451.5
114453
114453.5
114454
114455
114456
114457
114458
114459
114460
114461.5
114463
114464
114465
114465.5
114466
114467.5
114469
114470
114471
114472
114473
114473.5
114474
114475
114476
114477
114478
114479
114480
114481
114482
114483
114484
114485
114486
114486.5
114488
114489
114490
114491
114492
114493
114494
114495
114496
114497
114498
114498.5
114499
114499.5
114500
114501
114502
114503
114504
114505
114506
114507
114508
114509
114510
114511
114512
114512.5
114514
114514.5
114515
114516.5
114517
114518
114519
114520
114521
114522
114523
114524
114525
114526
114527
114528
114529
114530
114531
114532
114533
114533.5
114534
114535
114536
114537
114538
114539.5
114540
114541
114542
114543
114544
114544.5
114546
114546.5
114548
114549
114550
114550.5
114552
114553
114554
114555
114556
114557
114558
114559.5
114561
114562
114563
114564
114565
114566
114567
114568.5
114569
114570
114571
114572
114573
114573.5
114575
114575.5
114576
114577
114578
114578.5
114579
114580
114581
114582
114583
114584
114585
114586
114587
114587.5
114589
114589.5
114590
114591
114592
114592.5
114593
114594.5
114596
114596.5
114598
114599
114600
114601
114602
114602.5
114604
114604.5
114605
114606
114607
114608
114609
114610
114611
114612
114613
114614
114615
114616
114617
114618
114619
114620
114621
114622.5
114623
114624.5
114625
114626
114627
114628.5
114629
114630
114631
114632
114633
114634
114635
114636
114637
114638
114639
114640
114641
114642
114643
114644
114645
114646
114647
114648
114649
114650
114651
114651.5
114653
114654
114655
114655.5
114656
114657.5
114659
114660
114661
114662
114663
114663.5
114664
114665.5
114667
114667.5
114668
114669.5
114670
114671.5
114673
114673.5
114674
114674.5
114676
114676.5
114677
114678
114679
114680
114681
114682.5
114683
114684
114685
114685.5
114687
114688
114689
114690
114691
114692
114693
114694
114695
114695.5
114697
114697.5
114698
114699
114700
114701
114702
114703
114704
114704.5
114705
114706
114707
114708
114709
114710
114711
114712
114713
114714
114715
114716
114717
114718
114719
114720
114721
114722
114723
114724
114725
114725.5
114727
114727.5
114728
114729
114730
114731.5
114732
114733.5
114734
114735
114736
114736.5
114737
114738
114739
114740
114741
114742
114743
114744
114745
114745.5
114747
114748
114749
114750
114751
114751.5
114753
114753.5
114755
114755.5
114757
114758
114759
114760
114761
114762
114763
114763.5
114764
114765.5
114766
114767.5
114768
114769
114770
114771.5
114772
114773
114774
114775
114776
114777
114778
114779
114780
114781
114782
114783
114784
114785
114786
114786.5
114787
114788
114789
114790
114791
114792
114793
114793.5
114794
114795
114796
114797
114798
114799.5
114800
114801.5
114802
114803
114804
114804.5
114805
114806.5
114807
114808
114809
114809
114811
114812
114813
114814
114815
114815
114817
114817
114819
114819
114819
114821
114823
114823
114825
114826
114827
114828
114829
114829
114829
114831
114831
114833
114835
114835
114837
114838
114839
114840
114841
114841
114841
114843
114845
114846
114847
114848.5
114849
114850
114851
114852
114853
114854
114855
114855
114855
114856
114857
114858
114859
114859.5
114861
114862
114863
114864
114865
114865.5
114866
114867
114868
114869
114870
114871
114872
114873
114874
114875
114876
114876.5
114877
114878.5
114880
114881
114882
114882.5
114883
114883.5
114884
114885
114886
114887.5
114889
114889.5
114891
114891.5
114892
114893
114894
114895
114896
114897
114898
114899
114900
114901.5
114903
114903.5
114905
114905.5
114906
114907
114908
114909
114910
114911
114912
114913.5
114914
114915.5
114917
114917.5
114918
114919.5
114921
114921.5
114923
114923.5
114924
114925.5
114926
114927
114928
114928
114930
114930
114932
114932
114934
114934
114934
114934.5
114936
114936.5
114937
114938
114939
114939.5
114941
114941.5
114943
114944
114945
114946
114947
114947.5
114949
114950
114951
114951.5
114952
114953.5
114955
114955.5
114957
114957.5
114958
114959.5
114960
114961
114962
114963
114964
114964.5
114966
114967
114968
114969
114970
114971
114972
114973.5
114974
114975
114976
114977.5
114979
114979.5
114980
114981
114982
114983
114984
114984.5
114985
114986
114987
114988.5
114990
114990.5
114991
114992.5
114993
114994
114995
114996
114997
114998
114999
115000
115001
115002
115003
115004
115005
115006.5
115007
115008.5
115009
115010
115011
115012
115013
115014
115015
115015.5
115016
115017
115018
115019
115020
115021.5
115022
115023.5
115025
115025.5
115026
115027.5
115028
115029.5
115030
115031
115032
115032.5
115034
115035
115036
115037
115038
115038.5
115040
115041
115042
115043
115044
115044.5
115046
115047
115048
115049
115050
115051.5
115053
115054
115055
115056
115057
115057.5
115059
115060
115061
115062
115063
115064
115065
115065.5
115066
115067.5
115069
115069.5
115070
115071.5
115072
115073
115074
115074.5
115075
115076
115077
115078.5
115079
115080
115081
115082
115083
115083.5
115084
115085
115086
115087.5
115088
115089
115090
115090
115092
115092
115092
115094
115096
115096
115098
115099
115100
115101.5
115103
115103.5
115104
115105.5
115106
115107.5
115109
115109.5
115111
115112
115113
115113.5
115114
115115
115116
115116
115116
115116.5
115118
115118.5
115119
115120.5
115121
115122.5
115124
115124.5
115125
115126.5
115128
115128.5
115130
115130.5
115131
115132.5
115134
115134.5
115135
115136.5
115138
115140
115142
115142
115144
115145
115146
115147
115148
115148
115150
115150
115152
115153
115154
115155
115156
115157
115158
115158
115158
115158.5
115159
115159.5
115160
115161.5
115162
115162
115162
115164
115164
115164.5
115165
115165.5
115167
115168.5
115170
115172
115172
115172.5
115174
115174.5
115176
115176.5
115178
115178.5
115179
115180.5
115181
115182.5
115183
115183.5
115184
115184
115184
115186
115188
115189.5
115190
115190
115190
115192
115194
115195.5
115196
115197.5
115199
115199.5
115200
115201.5
115202
115202
115202
115204
115204
115205
115206
115207
115208
115208.5
115209
115210
115211
115211
115213
115213
115213
115214
115215
115217
115219
115219
115221
115221
115223
115223
115223
115224
115225
115227
115227
115228
115229
115231
115231
115232
115233
115234
115235
115236
115237
115239
115241
115241
115243
115244
115245
115246
115247
115248
115249
115249
115251
115251
115253
115253
115253
115255
115255
115256
115257
115258
115259
115260
115261
115262
115263
115263.5
115265
115265.5
115267
115268
115269
115270
115271
115272
115273
115274
115275
115275.5
115276
115277
115278
115278.5
115279
115280.5
115281
115282.5
115284
115284.5
115285
115286.5
115288
115288.5
115289
115290.5
115291
115292
115293
115294.5
115295
115296.5
115297
115298
115299
115300
115301
115301
115303
115303
115303
115305
115305
115306
115307
115308
115309
115310
115311
115312
115313
115313.5
115314
115315
115316
115317.5
115318
115319
115320
115321
115322
115322.5
115323
115324.5
115326
115326.5
115327
115328.5
115329
115330
115331
115332.5
115333
115334
115335
115335.5
115337
115338
115339
115340.5
115341
115342
115343
115344
115345
115345.5
115346
115347
115348
115349
115350
115351
115352
115353
115354
115355
115356
115357
115358
115359
115360
115361
115362
115363
115364
115365
115366
115367
115368
115369.5
115371
115372
115373
115373.5
115375
115375.5
115377
115377.5
115379
115379.5
115381
115381.5
115382
115383.5
115385
115385.5
115387
115387.5
115389
115389.5
115390
115391.5
115392
115393
115394
115395
115396
115397
115398
115399
115400
115401.5
115402
115403.5
115404
115405
115406
115407
115408
115409
115410
115411
115412
115413
115414
115415
115416
115417
115418
115419
115420
115420.5
115422
115423
115424
115424.5
115425
115426.5
115427
115428
115429
115430
115431
115432
115433
115434
115435
115436
115437
115438.5
115439
115440.5
115442
115442.5
115443
115444.5
115446
115447
115448
115448.5
115449
115450.5
115451
115452
115453
115454.5
115455
115456.5
115458
115459
115460
115460.5
115461
115462
115463
115463.5
115464
115465
115466
115467
115468
115469
115470
115471
115472
115473
115474
115475
115476
115477
115478
115479
115480
115481
115482
115483
115484
115485
115486
115487
115488
115489
115490
115491
115492
115493
115494
115495
115496
115497
115498
115499
115500
115501
115502
115503
115504
115505
115506
115507
115508
115509
115510
115511
115512
115512.5
115513
115514.5
115515
115516.5
115517
115518.5
115520
115520.5
115522
115523
115524
115525
115526
115527
115528
115529
115530
115531
115532
115533
115534
115535
115536
115537
115538
115539
115540
115541
115542
115543
115544
115545
115546
115547
115548
115549
115550
115551
115552
115553
115554
115555
115556
115557
115558
115559
115560
115561
115562
115563
115564
115565
115566
115567
115568
115569
115570
115571
115572
115573
115574
115575
115576
115577
115578
115579
115580
115581
115582
115583
115584
115585
115586
115587
115588
115589
115590
115591
115592
115593
115594
115595
115596
115597
115598
115599
115600
115601
115602
115603
115604
115605
115606
115607
115608
115609
115610
115610.5
115611
115612.5
115614
115615
115616
115616.5
115618
115619
115620
115621
115622
115622.5
115623
115624
115625
115626
115627
115628.5
115630
115630.5
115631
115632
115633
115633
115633
115635
115637
115637
115637
115638
115639
115640
115641
115642
115643
115644
115645
115645.5
115646
115647.5
115649
115650
115651
115653
115655
115655
115655
115656
115657
115657.5
115658
115659.5
115661
115661.5
115662
115662.5
115664
115664.5
115665
115666
115667
115668
115669
115670
115671
115671.5
115672
115672
115674
115675.5
115676
115677.5
115679
115679.5
115680
115680
115680
115680
115680
115681
115682
115683
115684
115685
115686
115687
115688
115689
115690
115690.5
115691
115692
115693
115694
115695
115696
115697
115698
115699
115700
115701
115702.5
115703
115704
115705
115706
115707
115708
115709
115710
115711
115712
115713
115714
115715
115716
115717
115718
115719
115720
115721
115720.5
115720
115720.5
115722
115722.5
115724
115726.5
115726
115728.5
115728
115730.5
115730
115730.5
115732
115732.5
115733
115734.5
115735
115736.5
115737
115737.5
115738
115739.5
115741
115741.5
115742
115743.5
115744
115745.5
115747
115747.5
115748
115749
115750
115751
115752
115753.5
115755
115755.5
115756
115757
115758
115759
115760
115761.5
115763
115763.5
115765
115765.5
115766
115767.5
115768
115769
115770
115770
115770
115771
115772
115774
115776
115776
115778
115778
115780
115781
115782
115783
115784
115785.5
115787
115787.5
115789
115789.5
115791
115791.5
115792
115793
115794
115795
115796
115797.5
115798
115799
115800
115801
115802
115803.5
115805
115806.5
115807
115808.5
115809
115809.5
115810
115811
115812
115812
115812
115813
115814
115815
115816
115817
115818
115819
115820
115821
115822
115823
115824
115825
115826
115827
115828
115829
115830
115831
115832
115833
115834
115835
115836
115837
115838
115839
115840
115841
115842
115843
115844
115845
115846
115847
115848
115849
115850
115851
115852
115853
115854
115855
115856
115857
115858
115859
115860
115862
115862
115863
115864
115866
115866
115868
115868
115869
115870
115871
115872
115873
115874
115875
115876
115877
115878
115879
115880
115880.5
115881
115882.5
115883
115884.5
115886
115886.5
115888
115889
115890
115890.5
115891
115892.5
115893
115893.5
115894
115895.5
115896
115897.5
115899
115899.5
115901
115902.5
115903
115904.5
115906
115906.5
115907
115907.5
115908
115909.5
115910
115911
115912
115913
115914
115915
115916
115916
115916
115918
115918
115919
115920
115921
115922
115922.5
115924
115924.5
115926
115926.5
115927
115928
115929
115930
115931
115932
115933
115934
115935
115936
115937
115938
115939
115940
115941
115942
115943
115944
115945
115945.5
115946
115947
115948
115949
115950
115950.5
115951
115952.5
115953
115954.5
115956
115956.5
115958
115958.5
115959
115960
115961
115962
115963
115964
115965
115966
115967
115968
115969
115969.5
115971
115972
115973
115974
115975
115976
115977
115978
115979
115980.5
115981
115982.5
115984
115985
115986
115987
115988
115989
115990
115991
115992
115993
115994
115995.5
115997
115998
115999
116000
116001
116001.5
116002
116003
116004
116004.5
116005
116006
116007
116007.5
116009
116009.5
116011
116011.5
116012
116013.5
116014
116014
116014
116015
116016
116017
116018
116019
116020
116021
116022
116023
116024
116025
116026
116027
116028
116028.5
116030
116030.5
116031
116032
116033
116034
116035
116036.5
116037
116038
116039
116040
116041
116041.5
116042
116043
116044
116045
116046
116046
116048
116048
116048
116049
116050
116051
116052
116052
116054
116055
116056
116058
116058
116060
116060
116061
116062
116062
116062
116062
116064
116064
116064
116064.5
116065
116066.5
116068
116068.5
116070
116072
116074
116074
116074
116076
116078
116078
116078
116078.5
116079
116080
116081
116082.5
116083
116084
116085
116086
116087
116087.5
116089
116089.5
116091
116092
116093
116093.5
116094
116094.5
116096
116096.5
116098
116098.5
116100
116100.5
116101
116102.5
116104
116104.5
116105
116106
116107
116108
116109
116110
116111
116112
116113
116114
116115
116116.5
116118
116118.5
116119
116120.5
116122
116123.5
116124
116124.5
116126
116126.5
116128
116128.5
116129
116130
116131
116132
116133
116134
116135
116136
116137
116138
116139
116139.5
116140
116141.5
116143
116144
116145
116146
116147
116147.5
116148
116146.5
116150
116148.5
116152
116150.5
116154
116152.5
116156
116157.5
116159
116160
116161
116162
116163
116163.5
116165
116165.5
116166
116167.5
116168
116169.5
116170
116171.5
116172
116173.5
116174
116175.5
116176
116174.5
116173
116176.5
116180
116178.5
116182
116180.5
116179
116182.5
116181
116181.5
116183
116186.5
116185
116185.5
116186
116187
116188
116189
116190
116191.5
116192
116193.5
116194
116195
116196
116197
116198
116198.5
116199
116200.5
116201
116202
116203
116204
116205
116206
116207
116208
116209
116210
116211
116212
116213
116214
116215
116216
116217
116218
116219
116220
116221
116222
116223
116224
116225
116226
116227
116228
116229
116230
116231
116231.5
116233
116233.5
116234
116235
116236
116237
116238
116239.5
116240
116241
116242
116243.5
116245
116246
116247
116247.5
116248
116249.5
116251
116252
116253
116254
116255
116256
116257
116257.5
116259
116259.5
116260
116261
116262
116263
116264
116265
116266
116266.5
116267
116268.5
116269
116270.5
116272
116273
116274
116275
116276
116277
116278
116279.5
116280
116281.5
116282
116283.5
116284
116285
116286
116287.5
116289
116290
116291
116291.5
116293
116294
116295
116296
116297
116297.5
116299
116300
116301
116301.5
116303
116304
116305
116305.5
116306
116307
116308
116308.5
116310
116310.5
116311
116311.5
116312
116313.5
116315
116316.5
116317
116317.5
116318
116318.5
116320
116320.5
116322
116323.5
116324
116324.5
116326
116326.5
116327
116328.5
116330
116330.5
116332
116332.5
116333
116333.5
116334
116335
116336
116337
116338
116339
116340
116341
116342
116343
116344
116344.5
116346
116347
116348
116348.5
116350
116350.5
116351
116351.5
116353
116354.5
116355
116356.5
116357
116358.5
116359
116359.5
116360
116361.5
116362
116362.5
116363
116364
116365
116366
116367
116368.5
116370
116370.5
116371
116372
116373
116374
116375
116376
116377
116378
116379
116380
116381
116382
116383
116382.5
116382
116384.5
116384
116386.5
116386
116388.5
116388
116389
116390
116391
116392
116394.5
116397
116398
116399
116398.5
116398
116399
116400
116402.5
116405
116404.5
116407
116406.5
116409
116408.5
116408
116409
116410
116411
116412
116413
116414
116415
116416
116418.5
116421
116422
116423
116424
116425
116426
116427
116428
116429
116430
116431
116432
116433
116434
116435
116436
116437
116438
116439
116440
116441
116442
116443
116444
116445
116444.5
116444
116445
116446
116448.5
116448
116449
116450
116451
116452
116453
116454
116455
116456
116457
116458
116459
116460
116460.5
116462
116463
116464
116464.5
116465
116466
116467
116468
116469
116470
116471
116471.5
116473
116473.5
116474
116475
116476
116477
116478
116478.5
116479
116480.5
116482
116483
116484
116485
116486
116486.5
116487
116488.5
116490
116491
116492
116492.5
116494
116494.5
116496
116496.5
116497
116498.5
116499
116499.5
116501
116501.5
116503
116504.5
116505
116505.5
116506
116506.5
116508
116508.5
116510
116510.5
116511
116512.5
116513
116513.5
116514
116515.5
116516
116516.5
116518
116518.5
116520
116520.5
116521
116521.5
116522
116523.5
116525
116525.5
116526
116527
116528
116528.5
116529
116530.5
116531
116532.5
116534
116534.5
116535
116536
116537
116536
116535
116536
116537
116537
116537
116539
116539
116540
116541
116542
116543
116544
116545
116546
116547
116548
116549
116549.5
116551
116551.5
116552
116552.5
116554
116554.5
116555
116555.5
116557
116557.5
116559
116559.5
116560
116561
116562
116563
116564
116565.5
116566
116567.5
116569
116569.5
116570
116571
116572
116572.5
116574
116575
116576
116577
116578
116579.5
116581
116582.5
116583
116584.5
116586
116587.5
116588
116589.5
116590
116590.5
116591
116591.5
116592
116593.5
116594
116595
116596
116597.5
116598
116599.5
116600
116601.5
116602
116603.5
116604
116605
116606
116606.5
116607
116608.5
116609
116610
116611
116612
116613
116613.5
116614
116615.5
116617
116617.5
116619
116619.5
116620
116620.5
116621
116621
116621
116622
116623
116623.5
116624
116625.5
116627
116627.5
116628
116629.5
116631
116632
116633
116635
116635
116636
116637
116638
116639
116640
116641
116642
116643
116645
116645
116646
116647
116647.5
116648
116649
116650
116651.5
116653
116654
116655
116656
116657
116657.5
116658
116659.5
116661
116662
116663
116665
116667
116667
116669
116670.5
116671
116671
116673
116673
116675
116676.5
116677
116677
116677
116678
116679
116679.5
116681
116682
116683
116685
116687
116687
116689
116690.5
116692
116692.5
116693
116693
116693
116695
116695
116696
116697
116697.5
116698
116699
116700
116701
116702
116703
116704
116705.5
116706
116707
116708
116709.5
116711
116712
116713
116714
116715
116715.5
116717
116718
116719
116720
116721
116721.5
116722
116723
116724
116724.5
116725
116726.5
116727
116727.5
116728
116729.5
116731
116731.5
116732
116733
116734
116734.5
116735
116735.5
116737
116738.5
116739
116740.5
116742
116742.5
116744
116745
116746
116747
116748
116748.5
116749
116749.5
116750
116751.5
116753
116754.5
116756
116757
116758
116758.5
116759
116760.5
116762
116762.5
116763
116763.5
116765
116766.5
116768
116769
116770
116771
116772
116773
116774
116775.5
116776
116777
116778
116778.5
116779
116779.5
116780
116781.5
116783
116784.5
116785
116785.5
116786
116787
116788
116789
116790
116791
116792
116792.5
116793
116794
116795
116796.5
116797
116798.5
116799
116800
116801
116802
116803
116804
116805
116806
116807
116808
116809
116809.5
116810
116811
116812
116813.5
116814
116815
116816
116817
116818
116819
116820
116821
116822
116823
116824
116825.5
116826
116827
116828
116829
116830
116831
116832
116832.5
116834
116834.5
116836
116836.5
116838
116839
116840
116841
116842
116843
116844
116845.5
116846
116847
116848
116849
116850
116851
116852
116852.5
116853
116854.5
116856
116857
116858
116858.5
116859
116859.5
116860
116861.5
116862
116863
116864
116865
116866
116867
116868
116869
116870
116871
116872
116873
116874
116875
116876
116877
116878
116879
116880
116881
116882
116882.5
116883
116884.5
116885
116886.5
116888
116888.5
116889
116890.5
116892
116893
116894
116895
116896
116896.5
116897
116898.5
116900
116901
116902
116902.5
116904
116904.5
116906
116907
116908
116908.5
116909
116909.5
116910
116911
116912
116913.5
116914
116915
116916
116917.5
116919
116920.5
116922
116922.5
116924
116924.5
116926
116927
116928
116929
116930
116930.5
116931
116931.5
116933
116933.5
116935
116935.5
116937
116937.5
116939
116939.5
116940
116941
116942
116943.5
116944
116945.5
116947
116947.5
116948
116949
116950
116950.5
116951
116951.5
116952
116953.5
116955
116956.5
116958
116958.5
116959
116960.5
116961
116961.5
116962
116963
116964
116965
116966
116967
116968
116969
116970
116971
116972
116973
116974
116975
116976
116977
116978
116979
116980
116981
116982
116983.5
116984
116985
116986
116987.5
116989
116989.5
116990
116991
116992
116993
116994
116995
116996
116997
116998
116999
117000
117001
117002
117002.5
117003
117004
117005
117006
117007
117008
117009
117010
117011
117012
117013
117014
117015
117016
117017
117017.5
117018
117019.5
117021
117022
117023
117024
117025
117026
117027
117028
117029
117030
117031
117032
117033
117034
117035
117036.5
117038
117038.5
117040
117040.5
117042
117043
117044
117045
117046
117047
117048
117049
117050
117050.5
117051
117052.5
117054
117055
117056
117057
117058
117058.5
117059
117060
117061
117062
117063
117063.5
117065
117065.5
117066
117066.5
117067
117068
117069
117070
117071
117072
117073
117073.5
117075
117075.5
117076
117076.5
117077
117078
117079
117080
117081
117082
117083
117084
117085
117086
117087
117088
117089
117090
117091
117092
117093
117094
117095
117096
117097
117098
117099
117100
117101
117102
117103
117104
117105
117106
117107
117108
117109
117110.5
117112
117112.5
117114
117114.5
117115
117116
117117
117118
117119
117120
117121
117122
117123
117124.5
117125
117126
117127
117128
117129
117130
117131
117132
117133
117134
117135
117136
117137
117138
117139
117140
117141
117142
117143
117144
117145
117144
117143
117144
117145
117146
117147
117148
117149
117150
117151
117151
117151
117153
117155
117156
117157
117158
117159
117159
117161
117161
117163
117163
117163
117165
117167
117168
117169
117170
117171
117172
117173
117173
117173
117175
117175
117175
117175
117177
117177
117179
117179
117180
117181
117182
117183
117185
117185
117187
117187
117189
117189
117190
117191
117191.5
117193
117194
117195
117195.5
117197
117197.5
117198
117199
117200
117201
117202
117203
117204
117204.5
117206
117207
117208
117209
117210
117211
117212
117213
117214
117215
117216
117216.5
117217
117218.5
117220
117221
117222
117223
117224
117225
117226
117227
117228
117228.5
117230
117231
117232
117233
117234
117235
117236
117237.5
117239
117239.5
117241
117241.5
117242
117243.5
117244
117245
117246
117247.5
117248
117249
117250
117251
117252
117253
117254
117255
117256
117257
117258
117259
117260
117261
117262
117263
117264
117265
117266
117267
117268
117269.5
117270
117271
117272
117273
117274
117275
117276
117277
117278
117279
117280
117281
117282
117282.5
117283
117283.5
117284
117285.5
117286
117287
117288
117289
117290
117291
117292
117293
117294
117295
117296
117297
117298
117299
117300
117301
117302
117303
117304
117304
117304
117306
117306
117306.5
117307
117308.5
117309
117310
117311
117312
117313
117313
117313
117314
117315
117316
117317
117318
117319
117320
117321
117323
117323
117324
117325
117326
117327
117328
117329
117330
117331
117331.5
117332
117333.5
117334
117334
117334
117335
117336
117337
117338
117339
117340
117341
117342
117343
117344
117344.5
117345
117346.5
117348
117349
117350
117350.5
117352
117352.5
117353
117354
117355
117356.5
117357
117358.5
117360
117360.5
117362
117363
117364
117365
117366
117366.5
117367
117368.5
117369
117370.5
117371
117372
117373
117374.5
117376
117376.5
117377
117378.5
117380
117380.5
117381
117382
117383
117384
117385
117386
117387
117387.5
117388
117388.5
117389
117390.5
117392
117392.5
117394
117395.5
117396
117397.5
117399
117399.5
117400
117400.5
117401
117402.5
117403
117404.5
117405
117406
117407
117407.5
117408
117409
117410
117411
117412
117412.5
117413
117414
117415
117416.5
117417
117418
117419
117420.5
117422
117422.5
117424
117425
117426
117427
117428
117429
117430
117431
117432
117432.5
117433
117434.5
117435
117436.5
117437
117438
117439
117440.5
117442
117443
117444
117445.5
117447
117448
117449
117449.5
117451
117452
117453
117453.5
117454
117455.5
117456
117457
117458
117458.5
117460
117461
117462
117463
117464
117464.5
117465
117466.5
117467
117468.5
117469
117470
117471
117472
117473
117473.5
117474
117475.5
117476
117477
117478
117479
117480
117481
117482
117482
117484
117484
117484
117486
117488
117489
117490
117491
117492
117492
117494
117494
117494
117494.5
117495
117496.5
117498
117500
117500
117502
117502
117502.5
117503
117504.5
117506
117506.5
117507
117507.5
117509
117509.5
117511
117512.5
117514
117514.5
117515
117515.5
117517
117518.5
117519
117520.5
117522
117522.5
117523
117523.5
117525
117526.5
117527
117528.5
117529
117529.5
117530
117531
117532
117533
117534
117535
117536
117537
117538
117539
117540
117539
117538
117539
117540
117541
117542
117542.5
117543
117543.5
117544
117545
117546
117547
117548
117548
117548
117549
117550
117552
117552
117554
117554
117556
117556
117557
117558
117559
117560
117560.5
117561
117562.5
117564
117565
117566
117566.5
117568
117568.5
117570
117571
117572
117572.5
117573
117573.5
117574
117574.5
117575
117576.5
117577
117577
117577
117577.5
117578
117579
117580
117581
117582
117583
117584
117585
117586
117587
117588
117589
117590
117590.5
117591
117592
117593
117593.5
117595
117596
117597
117598.5
117599
117600.5
117601
117602
117603
117603.5
117604
117605.5
117606
117606.5
117607
117608.5
117609
117610
117611
117612
117613
117613.5
117615
117615.5
117616
117617
117618
117619
117620
117621
117622
117622.5
117623
117623.5
117624
117625.5
117626
117627.5
117629
117629.5
117631
117631.5
117633
117634.5
117635
117636.5
117638
117639
117640
117641
117642
117643
117644
117644.5
117645
117646.5
117647
117648.5
117649
117650.5
117651
117652.5
117654
117655
117656
117657
117658
117659
117660
117660.5
117662
117662.5
117664
117664.5
117666
117667
117668
117668.5
117669
117670.5
117671
117672.5
117674
117674.5
117676
117676.5
117677
117677.5
117679
117679.5
117680
117680.5
117681
117682.5
117684
117684.5
117686
117686.5
117688
117689.5
117690
117690.5
117692
117693.5
117695
117696.5
117697
117697.5
117699
117700.5
117702
117703
117704
117704.5
117706
117707
117708
117709.5
117710
117711.5
117712
117713
117714
117715.5
117717
117718
117719
117719.5
117720
117721
117722
117723
117724
117725
117726
117727.5
117728
117729
117730
117731
117732
117732.5
117733
117734.5
117735
117736.5
117737
117737.5
117739
117740.5
117741
117741.5
117742
117742.5
117743
117743.5
117744
117745.5
117747
117748.5
117750
117750.5
117752
117753.5
117755
117755.5
117756
117757.5
117758
117758.5
117760
117760.5
117761
117761.5
117762
117762
117764
117764
117764
117765
117766
117767
117768
117769
117770
117771
117772
117774
117776
117776
117778
117778
117778
117780
117780
117782
117782
117783
117784
117784.5
117786
117786.5
117787
117787.5
117789
117789.5
117790
117790.5
117791
117792.5
117793
117793.5
117795
117795.5
117796
117797.5
117798
117799
117800
117801
117802
117802.5
117804
117805
117806
117807
117808
117809
117810
117811
117812
117813
117814
117815
117816
117817
117818
117819
117820
117821
117822
117822.5
117823
117824
117825
117826
117827
117828
117829
117830
117831
117832
117833
117834
117835
117836
117837
117838
117839
117839.5
117840
117840
117840
117840.5
117842
117844
117846
117846
117848
117848
117848
117850
117850
117852
117854
117855.5
117857
117858
117859
117860
117861
117861.5
117862
117863.5
117865
117866
117867
117867.5
117868
117868
117870
117870
117872
117873.5
117874
117874
117876
117876
117876
117876.5
117877
117878.5
117879
117879
117879
117881
117881
117881.5
117882
117883.5
117885
117887
117887
117889
117891
117892.5
117894
117894.5
117895
117895
117895
117897
117897
117897.5
117899
117901
117903
117903
117903
117903.5
117904
117905.5
117906
117907.5
117908
117909.5
117911
117911.5
117913
117915
117915
117915.5
117916
117917.5
117919
117919.5
117921
117923
117925
117926.5
117928
117930
117932
117933.5
117934
117934
117934
117936
117938
117938
117938
117938.5
117939
117939
117939
117939.5
117941
117941.5
117942
117942.5
117943
117943.5
117944
117945
117946
117947
117948
117949
117950
117951
117952
117953
117954
117955
117956
117957
117958
117959
117960
117961
117962
117963
117964
117964.5
117966
117967
117968
117968.5
117969
117970
117971
117972
117973
117974
117975
117976
117977
117977.5
117978
117979
117980
117981
117982
117983
117984
117984
117986
117986
117988
117988
117990
117990
117992
117993
117994
117995
117996
117997.5
117998
117999
118000
118001
118002
118003
118004
118005
118006
118007
118008
118009.5
118010
118011.5
118012
118013.5
118014
118015.5
118016
118017
118018
118019
118020
118021
118022
118023.5
118024
118025.5
118026
118027
118028
118028
118028
118030
118032
118033
118034
118035
118036
118037
118038
118039.5
118040
118041
118042
118043.5
118044
118045
118046
118046
118048
118048
118048
118050
118052
118052
118052
118054
118056
118056
118058
118058
118060
118061
118062
118063.5
118064
118065
118066
118067
118068
118069.5
118071
118072
118073
118073.5
118074
118075.5
118077
118078
118079
118079.5
118081
118081.5
118083
118083.5
118084
118085.5
118087
118088
118089
118090
118091
118092
118093
118093.5
118094
118095
118096
118097.5
118099
118099.5
118101
118102
118103
118104
118105
118106
118107
118107.5
118108
118109.5
118110
118111
118112
118112
118114
118115
118116
118116
118118
118118
118118
118120
118120
118120.5
118122
118122.5
118124
118126
118126
118126.5
118128
118130
118130
118132
118134
118134
118134
118134.5
118135
118136.5
118138
118138.5
118139
118140
118141
118142
118143
118144
118145
118146
118147
118148.5
118149
118150.5
118151
118152
118153
118153
118153
118155
118157
118157
118157
118158
118159
118160
118161
118162
118163
118163.5
118165
118166
118167
118168
118169
118169.5
118170
118171
118172
118173
118174
118175
118176
118177.5
118179
118179.5
118181
118182
118183
118184
118185
118186
118187
118188
118189
118190
118191
118192
118193
118194
118195
118196
118197
118197.5
118199
118200
118201
118201.5
118202
118203
118204
118205
118206
118207
118208
118208.5
118209
118210
118211
118212
118213
118214.5
118215
118216.5
118217
118218
118219
118220
118221
118222
118223
118223
118223
118223.5
118225
118225.5
118227
118227.5
118228
118229.5
118231
118233
118233
118235
118235
118237
118237
118237.5
118239
118239.5
118240
118240.5
118241
118242
118243
118243.5
118245
118246
118247
118248
118249
118249.5
118250
118251.5
118252
118252.5
118253
118254
118255
118255.5
118256
118257.5
118258
118259
118260
118261
118262
118263
118264
118265.5
118267
118267.5
118269
118270
118271
118271.5
118273
118273.5
118275
118275.5
118276
118277.5
118279
118279.5
118280
118281.5
118282
118283.5
118284
118285.5
118286
118287.5
118288
118289
118290
118291.5
118292
118293
118294
118295
118296
118297
118298
118299.5
118301
118301.5
118302
118303.5
118304
118305
118306
118307
118308
118309
118310
118311
118312
118313
118314
118315
118316
118316
118316
118318
118318
118319
118320
118321
118322
118324
118324
118325
118326
118328
118328
118329
118330
118332
118332
118334
118334
118336
118336
118337
118338
118339
118340
118341
118342
118343
118344
118345
118346
118347
118348
118349
118350
118351
118352
118353
118354
118355
118356
118357
118358
118359
118360
118361
118362
118363
118364
118364.5
118365
118365.5
118367
118367.5
118369
118369.5
118370
118370.5
118371
118371.5
118372
118373.5
118374
118375
118376
118377
118378
118379
118380
118381
118382
118383
118384
118385
118386
118386.5
118388
118389
118390
118391
118392
118393
118394
118395
118396
118396.5
118397
118397
118399
118399
118401
118402.5
118403
118403
118405
118405
118405
118407
118409
118409
118409
118410
118411
118412
118413
118414
118415
118416
118417
118419
118421
118421
118423
118423
118425
118426.5
118427
118428.5
118429
118430.5
118431
118431
118431
118433
118435
118435
118435
118436
118437
118438
118439
118441
118443
118443
118443
118445
118445
118447
118447
118449
118449
118450
118451
118453
118453
118454
118455
118456
118457
118458
118459
118460
118461
118462
118463
118463.5
118464
118465.5
118466
118467
118468
118469
118470
118471
118472
118473
118474
118475
118476
118477
118478
118479
118480
118481
118482
118483
118484
118485
118486
118487
118488
118489
118490
118491
118492
118493
118494
118495
118496
118497
118498
118499
118500
118500.5
118502
118503
118504
118504.5
118505
118506.5
118507
118508.5
118509
118509.5
118510
118511.5
118512
118513.5
118515
118515.5
118517
118518.5
118519
118520.5
118522
118523
118524
118525
118526
118527
118528
118529.5
118530
118531
118532
118533.5
118534
118535
118536
118537
118538
118539
118540
118541
118542
118543
118544
118545
118546
118547
118548
118549
118550
118550.5
118552
118553
118554
118555
118556
118557
118558
118559
118560
118560.5
118562
118562.5
118563
118564.5
118566
118566.5
118567
118568.5
118570
118570.5
118572
118572.5
118573
118573.5
118574
118575.5
118576
118577
118578
118579
118580
118581
118582
118583
118584
118585
118586
118587
118588
118589
118590
118591
118592
118593
118594
118595
118596
118597
118598
118599
118600
118600.5
118601
118602.5
118603
118604
118605
118606.5
118608
118608.5
118609
118610.5
118611
118612
118613
118614.5
118615
118616
118617
118617.5
118619
118620
118621
118622.5
118624
118625
118626
118627
118628
118629
118630
118631
118632
118633.5
118634
118635.5
118636
118637
118638
118639
118640
118640.5
118642
118643
118644
118645
118646
118647.5
118649
118649.5
118650
118651
118652
118653
118654
118655
118656
118656.5
118657
118658
118659
118660
118661
118661.5
118662
118663
118664
118665
118666
118667
118668
118669
118670
118671
118672
118673
118674
118675
118676
118677
118678
118679
118680
118681
118682
118683
118684
118684
118684
118684.5
118685
118685
118685
118685.5
118686
118686
118688
118688
118688
118690
118690
118691
118692
118693
118694
118695
118696
118695.5
118695
118696
118697
118698
118699
118700
118701
118701.5
118703
118704
118705
118705.5
118706
118707.5
118709
118709.5
118710
118710
118710
118711
118712
118713
118714
118715
118716
118717
118718
118718.5
118719
118720.5
118722
118723
118724
118725
118726
118728
118730
118730
118730
118731
118732
118732.5
118734
118735
118736
118737
118738
118738.5
118739
118740.5
118741
118742.5
118743
118744
118745
118746
118747
118748
118749
118750
118751
118752
118753
118754
118755
118756
118757
118758
118759
118760
118761
118762.5
118764
118765
118766
118768
118770
118770
118772
118772
118774
118774
118774
118775
118776
118777
118778
118779
118780
118780.5
118781
118782
118783
118784
118785
118786
118787
118788
118789
118790
118791
118792
118793
118793.5
118794
118795.5
118796
118797.5
118798
118799.5
118800
118801
118802
118802
118804
118805
118806
118806
118806
118808
118810
118811
118812
118813
118814
118815
118816
118816
118818
118819
118820
118821.5
118822
118823
118824
118825
118826
118826
118826
118828
118830
118830
118832
118832
118834
118834
118836
118836
118838
118838
118838
118840
118840
118842
118842
118844
118846
118846
118846
118846.5
118847
118848.5
118849
118850
118851
118852.5
118853
118854.5
118855
118856
118857
118858
118859
118860.5
118862
118864
118866
118867
118868
118869
118870
118871
118872
118873
118874
118874
118874
118876
118876
118876.5
118877
118878
118879
118880
118881
118882
118883
118884.5
118885
118886.5
118888
118888.5
118889
118890.5
118891
118892
118893
118894
118895
118896
118897
118898
118899
118900
118901
118902
118903
118903.5
118904
118905
118906
118907
118908
118909
118910
118911
118912
118913
118914
118915.5
118916
118917
118918
118919.5
118920
118921
118922
118922.5
118924
118925
118926
118926.5
118927
118928.5
118930
118930.5
118931
118932.5
118934
118934.5
118935
118935
118935
118937
118937
118937.5
118938
118939.5
118941
118941.5
118942
118943
118944
118945
118946
118947
118948
118949
118950
118951
118952
118953
118954
118955
118956
118957
118958
118959
118960
118961
118962
118962.5
118964
118965
118966
118967
118968
118969
118970
118971
118972
118973
118974
118975
118976
118976.5
118977
118978
118979
118980
118981
118982
118983
118984
118985
118986
118987
118987.5
118988
118989
118990
118991
118992
118993
118994
118993.5
118993
118993.5
118994
118994
118994
118995
118996
118997
118998
118999
119000
119001
119002
119003
119004
119004.5
119005
119006
119007
119008
119009
119010
119011
119012
119013
119014
119015
119016
119017
119018
119019
119020
119021
119022
119023
119024
119025
119026
119027
119028
119029
119029.5
119030
119031
119032
119033
119034
119034.5
119035
119036.5
119037
119038
119039
119040
119041
119042
119043
119043.5
119045
119045.5
119046
119047.5
119049
119050
119051
119052
119053
119053.5
119054
119055.5
119056
119056.5
119057
119058
119059
119060
119061
119062
119063
119063.5
119064
119065.5
119066
119067.5
119068
119068.5
119070
119071.5
119072
119073.5
119074
119074.5
119076
119077.5
119078
119079.5
119081
119081.5
119082
119083.5
119085
119085.5
119086
119086.5
119087
119088.5
119089
119090
119091
119091.5
119092
119093.5
119094
119095.5
119096
119097
119098
119099
119100
119100.5
119101
119101.5
119102
119102.5
119104
119104.5
119105
119106
119107
119108
119109
119110
119111
119112
119113
119114
119115
119116
119117
119118
119119
119120
119121
119122
119123
119123.5
119125
119126
119127
119127.5
119129
119129.5
119130
119131.5
119133
119133.5
119135
119135.5
119136
119137
119138
119139.5
119140
119141
119142
119143
119144
119145
119146
119147
119148
119149.5
119151
119152
119153
119153.5
119155
119156
119157
119157.5
119159
119159.5
119160
119161
119162
119163
119164
119164.5
119166
119167
119168
119169
119170
119171
119172
119173
119174
119175
119176
119177
119178
119179
119180
119181
119182
119183
119184
119185
119186
119187
119188
119188.5
119189
119190.5
119192
119193
119194
119194.5
119195
119196.5
119197
119198
119199
119200.5
119201
119202
119203
119204
119205
119206.5
119207
119208
119209
119210
119211
119212
119213
119214.5
119215
119216
119217
119218
119219
119220
119221
119222
119223
119224.5
119226
119227
119228
119229
119230
119231
119232
119233
119234
119235
119236
119237
119238
119239
119240
119241.5
119242
119243.5
119245
119245.5
119247
119248
119249
119250
119251
119252
119253
119253.5
119254
119255
119256
119257.5
119259
119260
119261
119262
119263
119264
119265
119266
119267
119268
119269
119270
119271
119272
119273
119273.5
119274
119275
119276
119277
119278
119279
119280
119280.5
119281
119282
119283
119284
119285
119285.5
119287
119287.5
119288
119288.5
119289
119290
119291
119292.5
119294
119294.5
119295
119296
119297
119298.5
119299
119300
119301
119302
119303
119304
119305
119305.5
119306
119307
119308
119308
119310
119311
119312
119313
119314
119315.5
119317
119317.5
119318
119319
119320
119320
119322
119323
119324
119325.5
119326
119327
119328
119329
119330
119330
119330
119331
119332
119333
119334
119335
119336
119337
119338
119338.5
119339
119340.5
119341
119342
119343
119344.5
119345
119346
119347
119348.5
119349
119350.5
119351
119352
119353
119354
119355
119356
119357
119358
119359
119360
119361
119362
119363
119364
119365
119366
119367
119368
119369
119370
119371
119371.5
119372
119373
119374
119375
119376
119377
119378
119379
119380
119381
119382
119383
119384
119385
119386
119387
119388
119389
119390
119391
119392
119393
119394
119395
119396
119397
119398
119399
119400
119401
119402
119403
119404
119404.5
119405
119406
119407
119408
119409
119410
119411
119411.5
119412
119412.5
119413
119414.5
119416
119417.5
119419
119420
119421
119421.5
119422
119422.5
119423
119424
119425
119426.5
119427
119428
119429
119430
119431
119431.5
119432
119432.5
119433
119434
119435
119436
119437
119438.5
119439
119440.5
119441
119442
119443
119444
119445
119445.5
119446
119447
119448
119449
119450
119451
119452
119452.5
119454
119454.5
119455
119456
119457
119458
119459
119460
119461
119462.5
119464
119464.5
119465
119466.5
119467
119468
119469
119469.5
119471
119471.5
119473
119473.5
119474
119474.5
119475
119476
119477
119478
119479
119480
119481
119482
119483
119483.5
119485
119485.5
119486
119487
119488
119489.5
119491
119492
119493
119494.5
119495
119496
119497
119498.5
119499
119500.5
119502
119502.5
119503
119504
119505
119505.5
119506
119507.5
119509
119509.5
119510
119511
119512
119513
119514
119515.5
119517
119517.5
119518
119519
119520
119521
119522
119523
119524
119525
119526
119527.5
119529
119530
119531
119532
119533
119534.5
119536
119537.5
119538
119538.5
119540
119541.5
119543
119543.5
119545
119545.5
119547
119547.5
119548
119548.5
119549
119550.5
119552
119552.5
119554
119554.5
119555
119556.5
119557
119558.5
119559
119560
119561
119562.5
119563
119564.5
119566
119566.5
119568
119569.5
119570
119570.5
119571
119572
119573
119574
119575
119576
119577
119578
119579
119580
119581
119582
119583
119584
119585
119585.5
119587
119587.5
119588
119589.5
119590
119591
119592
119593
119594
119595
119596
119597
119598
119598.5
119599
119600.5
119601
119601.5
119602
119603
119604
119605
119606
119607
119608
119609
119610
119611
119612
119613
119614
119615
119616
119616.5
119617
119618.5
119619
119620.5
119621
119622
119623
119624.5
119626
119626.5
119628
119628.5
119629
119630.5
119632
119632.5
119633
119634.5
119636
119636.5
119637
119638.5
119640
119640.5
119642
119642.5
119643
119644
119645
119645.5
119647
119647.5
119648
119649
119650
119651
119652
119652.5
119653
119653.5
119654
119655
119656
119656.5
119657
119658.5
119659
119660.5
119662
119662.5
119664
119664.5
119666
119667
119668
119669
119670
119671
119672
119673
119674
119675
119676
119677
119678
119679
119680
119681
119682
119683
119684
119685
119686
119686.5
119687
119688.5
119690
119691
119692
119692.5
119694
119694.5
119695
119696
119697
119698
119699
119700
119701
119702
119703
119704
119705
119706
119707
119708
119709
119710
119711
119712
119713
119714
119715
119715.5
119717
119717.5
119718
119719.5
119720
119721.5
119722
119723
119724
119725.5
119726
119727
119728
119729
119730
119729
119728
119729
119730
119731
119732
119735
119738
119739
119740
119739
119738
119739
119740
119740.5
119741
119741.5
119743
119743.5
119745
119745.5
119747
119748.5
119749
119750.5
119751
119752.5
119753
119753.5
119755
119756.5
119757
119758.5
119759
119759.5
119760
119760.5
119761
119761.5
119762
119763.5
119764
119765
119766
119766.5
119767
119767.5
119769
119769.5
119770
119771
119772
119772.5
119773
119774.5
119775
119776.5
119778
119779
119780
119781
119782
119783
119784
119785
119786
119787
119788
119788.5
119789
119790.5
119792
119792.5
119793
119794
119795
119796.5
119798
119799
119800
119800.5
119801
119802.5
119803
119804.5
119806
119806.5
119808
119808.5
119809
119810.5
119812
119813
119814
119815.5
119817
119817.5
119818
119819.5
119821
119821.5
119822
119823.5
119825
119825.5
119827
119827.5
119829
119830.5
119831
119831.5
119832
119833
119834
119835
119836
119837.5
119838
119839.5
119840
119841.5
119843
119844.5
119846
119847
119848
119849
119850
119851
119852
119852.5
119854
119855
119856
119857
119858
119859
119860
119861
119862
119863
119864
119865
119866
119867
119868
119868.5
119870
119871
119872
119873
119874
119874.5
119875
119876.5
119877
119877.5
119879
119880.5
119881
119881.5
119882
119883
119884
119884.5
119885
119886.5
119888
119888.5
119889
119890.5
119892
119893
119894
119894.5
119896
119897
119898
119899
119900
119901.5
119902
119903
119904
119905
119906
119907
119908
119909.5
119911
119911.5
119913
119914.5
119915
119915.5
119916
119917
119918
119919
119920
119920.5
119922
119923
119924
119925
119926
119927
119928
119929
119930
119931.5
119932
119933.5
119934
119935
119936
119937.5
119939
119940.5
119942
119942.5
119943
119943.5
119944
119945
119946
119946.5
119948
119949
119950
119951
119952
119952.5
119953
119954.5
119956
119957
119958
119958.5
119960
119960.5
119961
119962.5
119963
119964
119965
119966
119967
119968
119969
119969.5
119971
119971.5
119973
119973.5
119974
119974.5
119975
119976.5
119978
119978.5
119979
119980.5
119981
119982
119983
119984
119985
119986
119987
119987.5
119988
119989.5
119990
119991
119992
119993
119994
119994.5
119995
119996
119997
119998
119999
120000
120001
120002
120003
120004
120005
120006
120007
120007.5
120009
120009.5
120011
120011.5
120012
120012.5
120014
120014.5
120016
120017.5
120018
120018.5
120019
120020.5
120021
120022
120023
120023.5
120025
120025.5
120026
120026.5
120027
120028.5
120030
120030.5
120032
120032.5
120034
120034.5
120035
120035.5
120036
120037
120038
120039
120040
120041
120042
120043
120044
120045
120046
120047
120048
120049
120050
120050.5
120051
120052.5
120053
120054.5
120055
120056.5
120058
120058.5
120059
120059.5
120060
120061.5
120063
120064.5
120065
120065.5
120067
120068.5
120069
120069.5
120071
120071.5
120072
120073
120074
120075.5
120076
120077.5
120079
120079.5
120080
120081
120082
120083.5
120085
120085.5
120086
120087
120088
120089
120090
120091
120092
120092.5
120093
120093.5
120095
120096.5
120097
120097.5
120099
120099.5
120101
120102.5
120103
120104.5
120105
120106.5
120108
120108.5
120110
120111
120112
120112.5
120114
120114.5
120115
120115.5
120117
120118.5
120120
120120.5
120121
120121.5
120122
120123.5
120124
120125.5
120127
120128.5
120130
120130.5
120131
120132.5
120133
120133.5
120134
120135.5
120137
120137.5
120138
120137.5
120140
120141.5
120143
120144.5
120146
120146.5
120147
120148.5
120150
120151
120152
120153
120154
120155
120156
120157
120158
120159
120160
120161
120162
120163
120164
120164.5
120166
120166.5
120168
120169
120170
120170.5
120171
120171.5
120173
120174.5
120176
120176.5
120178
120179
120180
120181
120182
120183
120184
120185
120186
120187.5
120189
120189.5
120191
120192.5
120193
120194.5
120196
120196.5
120197
120198.5
120200
120200.5
120201
120201.5
120203
120204.5
120205
120205.5
120206
120207.5
120209
120210.5
120212
120212.5
120214
120214.5
120215
120216.5
120218
120219
120220
120221
120222
120223
120224
120224.5
120225
120225.5
120227
120228.5
120229
120229.5
120231
120232.5
120233
120233.5
120234
120235
120236
120237
120238
120239
120240
120240.5
120242
120242.5
120244
120245
120246
120247
120248
120249
120250
120251
120252
120253
120254
120255
120256
120257
120258
120259
120260
120261
120262
120263
120264
120265
120266
120267
120268
120268.5
120269
120269.5
120270
120269.5
120269
120269
120269
120270
120271
120272
120273
120274
120275
120276
120277
120278
120279
120280
120281
120282
120283
120284
120285
120286
120287
120288
120289
120290
120291
120292
120293
120294
120295
120296
120297
120297
120297
120299
120299
120300
120301
120301.5
120302
120303.5
120304
120305.5
120307
120307.5
120309
120309.5
120311
120311.5
120312
120313.5
120315
120316
120317
120317.5
120318
120319
120320
120321
120322
120322.5
120323
120324.5
120325
120326.5
120328
120328.5
120329
120330.5
120331
120332
120333
120333
120333
120334
120335
120336
120337
120338
120339
120340
120341
120342
120343
120344
120345
120346
120347
120348
120349
120350
120351
120352
120353
120353.5
120354
120355.5
120356
120357
120358
120359
120360
120361
120362
120362.5
120363
120363.5
120365
120366.5
120368
120368.5
120370
120370.5
120372
120373
120374
120374.5
120376
120377
120378
120379
120380
120380.5
120382
120382.5
120384
120385
120386
120386.5
120388
120388.5
120389
120389.5
120390
120391
120392
120393
120394
120395
120396
120397
120398
120399.5
120400
120401.5
120403
120403.5
120404
120405
120406
120406
120406
120408
120410
120410
120412
120412
120412
120413
120414
120415
120416
120417
120418
120419
120420
120421
120422
120423
120424
120424.5
120425
120426
120427
120428
120429
120430
120431
120432
120433
120434
120435
120436
120437
120438
120439
120440
120441
120442.5
120444
120445
120446
120447
120448
120448.5
120449
120450.5
120451
120452
120453
120454
120455
120456
120457
120458
120459
120460
120461
120462
120463
120464
120465
120466
120467
120468
120469
120470.5
120472
120472.5
120474
120474.5
120476
120476.5
120478
120479
120480
120481
120482
120483
120484
120485
120486
120487
120488
120489
120490
120490.5
120491
120492.5
120494
120495
120496
120496.5
120497
120498.5
120499
120500.5
120501
120502.5
120503
120504.5
120505
120506
120507
120508
120509
120510
120511
120512
120513
120513.5
120515
120515.5
120516
120517
120518
120519.5
120520
120521
120522
120523
120524
120525
120526
120527
120528
120528.5
120529
120530.5
120532
120532.5
120534
120534.5
120535
120536
120537
120538
120539
120540
120541
120542
120543
120544
120545
120545.5
120547
120548
120549
120550
120551
120552
120553
120554
120555
120556
120557
120557.5
120559
120560
120561
120561.5
120562
120562.5
120563
120564.5
120566
120566.5
120567
120568
120569
120570
120571
120572
120573
120574
120575
120576
120577
120578
120579
120580.5
120582
120582.5
120583
120584.5
120585
120586.5
120587
120588.5
120590
120591.5
120593
120594
120595
120596
120597
120598.5
120600
120600.5
120601
120602
120603
120604
120605
120606
120607
120608
120609
120610
120611
120612
120613
120614
120615
120616
120617
120618
120619
120620
120621
120622
120623
120623.5
120625
120626
120627
120627.5
120629
120629.5
120630
120631.5
120632
120632.5
120634
120634.5
120636
120636.5
120637
120638
120639
120640
120641
120642
120643
120644.5
120646
120646.5
120647
120648.5
120649
120650.5
120651
120652
120653
120653.5
120655
120656
120657
120657.5
120658
120659.5
120661
120661.5
120663
120663.5
120665
120665.5
120666
120667
120668
120668.5
120669
120670
120671
120672
120673
120674.5
120676
120677
120678
120679
120680
120681.5
120682
120683.5
120685
120686
120687
120688
120689
120690.5
120691
120692
120693
120694
120695
120696.5
120697
120698
120699
120700
120701
120702
120703
120703.5
120705
120706
120707
120707.5
120709
120710
120711
120711.5
120712
120713
120714
120715
120716
120717
120718
120718.5
120720
120721
120722
120723
120724
120725.5
120726
120727.5
120728
120729
120730
120730.5
120732
120732.5
120733
120734
120735
120736
120737
120738.5
120740
120740.5
120742
120743
120744
120745
120746
120746.5
120747
120748
120749
120750.5
120752
120752.5
120753
120754
120755
120756.5
120758
120758.5
120759
120760
120761
120762.5
120763
120764
120765
120766
120767
120767.5
120768
120769.5
120771
120772
120773
120774.5
120775
120776
120777
120778.5
120779
120780
120781
120782
120783
120784
120785
120785.5
120787
120788
120789
120789.5
120791
120791.5
120792
120793
120794
120795.5
120797
120797.5
120798
120799
120800
120801
120802
120802.5
120803
120804
120805
120806.5
120808
120808.5
120810
120810.5
120811
120812
120813
120814.5
120816
120816.5
120818
120818.5
120820
120821
120822
120823
120824
120825
120826
120827
120828
120829
120830
120831.5
120833
120834
120835
120836
120837
120838
120839
120840
120841
120842
120843
120844
120845
120845.5
120846
120847
120848
120848.5
120849
120850
120851
120852
120853
120854
120855
120856
120857
120858
120859
120860
120861
120862
120863
120864
120865
120865
120865
120867
120867
120868
120869
120870
120871
120872
120873
120874
120875
120875.5
120877
120877.5
120878
120879.5
120881
120881.5
120883
120883.5
120885
120886
120887
120888
120889
120890
120891
120892
120893
120894
120895
120897
120897
120898
120899
120900
120901
120901.5
120902
120903
120904
120905
120906
120907
120908
120908.5
120910
120910.5
120912
120912.5
120913
120914.5
120915
120916.5
120918
120918.5
120920
120921
120922
120923
120924
120925
120926
120927
120928
120929
120930
120931
120932
120933
120934
120935
120936
120936.5
120938
120938.5
120939
120940
120941
120942
120943
120944
120945
120946
120947
120947.5
120948
120949.5
120951
120951.5
120952
120953
120954
120954.5
120955
120956.5
120958
120958.5
120960
120960.5
120962
120963
120964
120965
120966
120967.5
120968
120969
120970
120970.5
120971
120971.5
120973
120974.5
120975
120976.5
120978
120978.5
120980
120981
120982
120982.5
120983
120984.5
120985
120986.5
120987
120987.5
120988
120988.5
120990
120991.5
120992
120992.5
120993
120994
120995
120996.5
120997
120998.5
120999
121000
121001
121002
121003
121004
121005
121006
121007
121008
121009
121010
121011
121012
121013
121014
121015
121016
121017
121018
121019
121020
121021
121022
121023
121023.5
121024
121025.5
121026
121027
121028
121029
121030
121031
121032
121033
121034
121035
121036
121037
121038
121039
121040
121041
121042
121043.5
121045
121045.5
121047
121047.5
121048
121049
121050
121051
121052
121053
121054
121055
121056
121057
121058
121059
121060
121061
121062
121062
121062
121064
121064
121066
121066
121067
121068
121068.5
121069
121070
121071
121072
121073
121074
121075
121076
121077
121078
121079
121080
121081
121082
121083
121084
121085
121086
121087
121088
121089
121089.5
121090
121091
121092
121093
121094
121095
121096
121097
121098
121099
121100
121101
121102
121103
121104
121105
121106
121107
121108
121109
121110
121111
121112
121113
121114
121115
121116
121117
121118
121119
121120
121121
121122
121122.5
121123
121123.5
121125
121125.5
121126
121127.5
121128
121128.5
121129
121130.5
121131
121131.5
121132
121133
121134
121135
121136
121137
121138
121139
121140
121141
121142
121143
121144
121145
121146
121147
121148
121149
121150
121151
121152
121153
121154
121155
121156
121157.5
121158
121159
121160
121161
121162
121163
121164
121165.5
121166
121167
121168
121169
121170
121171
121172
121173
121174
121175.5
121177
121177.5
121178
121179
121180
121181
121182
121183
121184
121185.5
121187
121188.5
121189
121190.5
121192
121192.5
121194
121195.5
121197
121197.5
121198
121199.5
121200
121200.5
121201
121202.5
121203
121203.5
121204
121205.5
121207
121207.5
121209
121209.5
121210
121211.5
121212
121213.5
121214
121215
121216
121217
121218
121219
121220
121221
121222
121223
121224
121225
121226
121227
121228
121229
121230
121231
121232
121233.5
121234
121235.5
121237
121237.5
121238
121239
121240
121241
121242
121243
121244
121245
121246
121247
121248
121249
121250
121251
121252
121253
121254
121255
121256
121257
121258
121259
121260
121261
121262
121263
121264
121265
121266
121267
121268
121269
121270
121271
121272
121273
121274
121275
121276
121277
121278
121278.5
121280
121281
121282
121283
121284
121285
121286
121287
121288
121289
121290
121291
121292
121293
121294
121295
121296
121297
121298
121299
121300
121301
121302
121303
121304
121305
121306
121307
121308
121309
121310
121311
121312
121313
121314
121314.5
121315
121316
121317
121318
121319
121320
121321
121321.5
121322
121322
121322
121324
121326
121326
121328
121328
121328
121330
121330
121332
121334
121334
121334
121334.5
121336
121336.5
121337
121338.5
121339
121340.5
121342
121342.5
121344
121344.5
121346
121346.5
121348
121350
121350
121350.5
121352
121352.5
121353
121353.5
121354
121355
121356
121357
121358
121359
121360
121361
121362
121362.5
121364
121364.5
121366
121367
121368
121368.5
121369
121370
121371
121372
121373
121373.5
121374
121374.5
121375
121376.5
121377
121378.5
121380
121380.5
121381
121381.5
121382
121383.5
121385
121386.5
121387
121388.5
121389
121389.5
121390
121390.5
121391
121391.5
121392
121393
121394
121395
121396
121397
121398
121399
121400
121401
121402
121403.5
121404
121405
121406
121407
121408
121409
121410
121411
121412
121413
121414
121415
121416
121417
121418
121418.5
121420
121421
121422
121423
121424
121425
121426
121427
121428
121429
121430
121431
121432
121433
121434
121435
121436
121437
121438
121439
121440
121441
121442
121443.5
121445
121446.5
121447
121447.5
121448
121449
121450
121451
121452
121453
121454
121455
121456
121457
121458
121459
121460
121461
121462
121463
121464
121465.5
121466
121467
121468
121469
121470
121471
121472
121473
121474
121475
121476
121477
121478
121479
121480
121481
121482
121483
121484
121485
121486
121487
121488
121489
121490
121491
121492
121493
121494
121495
121496
121497
121498
121499
121500
121501
121502
121502.5
121503
121503.5
121504
121505.5
121507
121508.5
121510
121510.5
121511
121512.5
121514
121514.5
121516
121516.5
121518
121518.5
121519
121519.5
121520
121521.5
121522
121523
121524
121524
121526
121527
121528
121529
121530
121530
121532
121532
121532
121533
121534
121534
121534
121535
121536
121536.5
121537
121538.5
121540
121541
121542
121543
121544
121545
121546
121547
121548
121549
121550
121551
121552
121552.5
121553
121554.5
121555
121556.5
121558
121558.5
121559
121560
121561
121562
121563
121564
121565
121566
121567
121568
121569
121570
121571
121572
121573
121574
121575
121576
121577
121578
121579
121580
121581
121582
121583
121584
121585
121586
121587
121588
121589
121590
121591
121591.5
121592
121592.5
121593
121594
121595
121596
121597
121598
121599
121600
121601
121602
121603
121603.5
121605
121605.5
121607
121607.5
121609
121609.5
121610
121610.5
121612
121613.5
121614
121614.5
121615
121615.5
121616
121617.5
121618
121618.5
121620
121620.5
121621
121622.5
121623
121624
121625
121626
121627
121628
121629
121630
121631
121632
121633
121634
121635
121635
121637
121637
121639
121639
121641
121642
121643
121643
121643
121644
121645
121647
121649
121649
121651
121652
121653
121654
121655
121655
121655
121656
121657
121659
121659
121661
121663
121663
121663
121664
121665
121666
121667
121668
121669
121670
121671
121672
121673
121674
121675
121676
121677
121678
121679
121681
121683
121683
121683
121685
121687
121687
121689
121690
121691
121692
121693
121694
121695
121695
121695
121697
121699
121699
121701
121702
121703
121703
121705
121706
121707
121707
121707
121708
121709
121710
121711
121712
121713
121714
121715
121716
121717
121718
121719
121720
121721
121722
121723
121724
121725
121726
121727
121728
121729
121730
121731
121732
121733
121734
121735
121736
121737
121737.5
121738
121739.5
121740
121741
121742
121742.5
121744
121744.5
121745
121745.5
121746
121746.5
121748
121748.5
121750
121751.5
121753
121754.5
121755
121755.5
121757
121758.5
121760
121761
121762
121763
121764
121765
121766
121767.5
121769
121769.5
121771
121771.5
121772
121773.5
121774
121775.5
121776
121777
121778
121779
121780
121781
121782
121783
121784
121785.5
121786
121787.5
121788
121789
121790
121791
121792
121793.5
121794
121795.5
121796
121797.5
121799
121799.5
121800
121801
121802
121802.5
121803
121803.5
121804
121805.5
121806
121806.5
121807
121808
121809
121810
121811
121811
121811
121812
121813
121814
121815
121816
121817
121818
121819
121819
121821
121822
121823
121824
121825
121826
121827
121828
121829
121830
121831
121832
121833
121834
121835
121836
121837
121838
121839
121840
121841
121842
121843
121844
121845
121845
121845
121847
121849
121849
121851
121851
121853
121853
121853
121853.5
121854
121855
121856
121857
121858
121859.5
121860
121861.5
121863
121865
121865
121867
121867
121867.5
121868
121869.5
121871
121871.5
121872
121873.5
121874
121875.5
121876
121877
121878
121879
121880
121881
121882
121883
121884
121885
121886
121887
121888
121888.5
121890
121890.5
121892
121892.5
121893
121893.5
121895
121895.5
121896
121897
121898
121898.5
121900
121901
121902
121903
121904
121904.5
121906
121906.5
121908
121909
121910
121911
121912
121912.5
121913
121914.5
121916
121917
121918
121919
121920
121921.5
121922
121923.5
121925
121925.5
121926
121927
121928
121929
121930
121931
121932
121933
121934
121935
121936
121937
121938
121939.5
121941
121941.5
121942
121943.5
121945
121946.5
121948
121948.5
121949
121949.5
121950
121951
121952
121953.5
121954
121955.5
121956
121957
121958
121959
121960
121961.5
121962
121963
121964
121965
121966
121967
121968
121969.5
121970
121971.5
121973
121974.5
121975
121975.5
121976
121977.5
121979
121980.5
121982
121982.5
121983
121984.5
121985
121985.5
121986
121987
121988
121988.5
121989
121990.5
121992
121993
121994
121995
121996
121997.5
121998
121999.5
122000
122001
122002
122002.5
122003
122004
122005
122006
122007
122007.5
122009
122009.5
122011
122011.5
122013
122013.5
122015
122015.5
122017
122017.5
122018
122019.5
122020
122021
122022
122023
122024
122024.5
122026
122026.5
122028
122028.5
122029
122029.5
122030
122031
122032
122033
122034
122035
122036
122037.5
122039
122040.5
122041
122042.5
122044
122045
122046
122047.5
122048
122049
122050
122051
122052
122052.5
122053
122053.5
122054
122055.5
122057
122058.5
122060
122061
122062
122063.5
122064
122065.5
122066
122067.5
122068
122069
122070
122071
122072
122073
122074
122074.5
122075
122076.5
122077
122077.5
122079
122079.5
122081
122082.5
122083
122083.5
122084
122085
122086
122087
122088
122089
122090
122091
122092
122093
122094
122095
122096
122096.5
122097
122098.5
122100
122100.5
122101
122102.5
122103
122104.5
122105
122106.5
122107
122108
122109
122110
122111
122112
122113
122114
122115
122116
122117
122118
122119
122119.5
122121
122121.5
122122
122122.5
122124
122125.5
122127
122128
122129
122130
122131
122132
122133
122134
122135
122135.5
122136
122137.5
122138
122138.5
122139
122139.5
122141
122141.5
122142
122143.5
122145
122146.5
122147
122147.5
122148
122149.5
122151
122152.5
122154
122154.5
122155
122156.5
122158
122159.5
122160
122160.5
122161
122161.5
122162
122163.5
122164
122165
122166
122167
122168
122169
122170
122171
122172
122173
122174
122175
122176
122177
122178
122179
122180
122181
122182
122182
122182
122182.5
122183
122184.5
122186
122186.5
122188
122190
122192
122193
122194
122194
122196
122197
122198
122199
122200
122201
122202
122203
122204
122205
122206
122207
122208
122209
122210
122211
122212
122212
122214
122215
122216
122217
122218
122219
122220
122221
122222
122223
122224
122225
122226
122226
122228
122228
122228
122228.5
122229
122230
122231
122232
122233
122234
122235
122236
122237
122238
122239
122240
122241
122242
122243
122244
122245
122246
122247
122248
122249
122250
122251
122252
122253
122254
122255
122256
122257
122258
122259
122259.5
122261
122262
122263
122263.5
122264
122265.5
122266
122267.5
122268
122268.5
122269
122270.5
122272
122273.5
122274
122274.5
122276
122276.5
122278
122279.5
122281
122282
122283
122283.5
122284
122284.5
122285
122286
122287
122287
122287
122289
122289
122291
122291
122292
122293
122294
122295
122296
122297
122298
122299
122300
122301
122303
122303
122304
122305
122306
122307
122308
122309
122310
122311
122312
122313
122315
122317
122317
122317
122318
122319
122321
122323
122323
122323
122325
122325
122326
122327
122329
122331
122331
122331
122332
122333
122335
122335
122336
122337
122338
122339
122340
122341
122342
122343
122344
122345
122346
122347
122348
122349
122350
122351
122352
122353
122354
122355
122355
122357
122358
122359
122360
122361
122362
122363
122364
122365
122366
122367
122368
122369
122370
122371
122372
122373
122374
122375
122376
122377
122378
122379
122380
122381
122382
122383
122384
122385
122386
122387
122387
122389
122389
122389
122390
122391
122392
122393
122395
122397
122397
122397
122399
122399
122401
122401
122403
122405
122406
122407
122407
122407
122408
122409
122410
122411
122412
122413
122414
122415
122416
122417
122418
122419
122420
122421
122422
122423
122424
122425
122426
122427
122428
122429
122430
122431
122432
122433
122433.5
122435
122435.5
122436
122435
122438
122437
122440
122441.5
122442
122443.5
122445
122445.5
122447
122448
122449
122449.5
122450
122449
122452
122451
122454
122453
122452
122455
122454
122454.5
122455
122456.5
122458
122461
122460
122460.5
122461
122462
122463
122464
122465
122465.5
122466
122467.5
122468
122468.5
122469
122469.5
122471
122471.5
122473
122474.5
122476
122476.5
122477
122478.5
122480
122480.5
122481
122481.5
122482
122483.5
122484
122485
122486
122487.5
122489
122490.5
122491
122491.5
122492
122493
122494
122495
122496
122497
122498
122499
122500
122501
122502
122503
122504
122505
122506
122507
122508
122508
122510
122510
122512
122513
122514
122515
122516
122517
122518
122518
122518
122519
122520
122522
122524
122525
122526
122526
122526
122527
122528
122529
122530
122530
122532
122533
122534
122535
122536
122536
122536
122537
122538
122539
122540
122541
122542
122543
122544
122544.5
122545
122546
122547
122548
122549
122549.5
122550
122551
122552
122553
122554
122555
122556
122557
122558
122558.5
122560
122561
122562
122563
122564
122565
122566
122567
122568
122568.5
122570
122571
122572
122572.5
122574
122574.5
122575
122576.5
122578
122578.5
122580
122580.5
122582
122583
122584
122585
122586
122586.5
122587
122588.5
122590
122591
122592
122593
122594
122594.5
122595
122596.5
122597
122598
122599
122600
122601
122602
122603
122604
122605
122606
122607
122608
122609
122609.5
122610
122611
122612
122613
122614
122614
122614
122615
122616
122617
122618
122619
122620
122620.5
122622
122623
122624
122625
122626
122628
122630
122630
122630
122631
122632
122632.5
122634
122635
122636
122636.5
122637
122638
122639
122640
122641
122642
122643
122644
122645
122646
122647
122648
122649
122650
122651
122651.5
122653
122654
122655
122655.5
122657
122657.5
122658
122659.5
122660
122661
122662
122662.5
122664
122665
122666
122666.5
122668
122668.5
122670
122671
122672
122673
122674
122675
122676
122676.5
122678
122678.5
122679
122679
122679
122679
122681
122681
122681
122681.5
122682
122683
122684
122685
122686
122687.5
122689
122689.5
122691
122691.5
122693
122693.5
122694
122695
122696
122697
122698
122698.5
122699
122699.5
122700
122701.5
122702
122703.5
122704
122704.5
122705
122706.5
122708
122708.5
122709
122710.5
122712
122712.5
122713
122714.5
122715
122715.5
122717
122717.5
122718
122719
122720
122721
122722
122723
122724
122725.5
122727
122727.5
122729
122729.5
122731
122732.5
122734
122735.5
122736
122736.5
122738
122739.5
122740
122740.5
122741
122741.5
122743
122743.5
122744
122745.5
122746
122747.5
122749
122749.5
122750
122751.5
122752
122753
122754
122755
122756
122756.5
122758
122758.5
122759
122760
122761
122762
122763
122764.5
122766
122767
122768
122769
122770
122771
122772
122772.5
122774
122775
122776
122776.5
122777
122778
122779
122779.5
122780
122781.5
122782
122783
122784
122785.5
122787
122787.5
122788
122789
122790
122790.5
122792
122792.5
122794
122794.5
122795
122796.5
122797
122798
122799
122800.5
122801
122802
122803
122804
122805
122806
122807
122808.5
122809
122810
122811
122812
122813
122814
122815
122816.5
122818
122818.5
122820
122821
122822
122823
122824
122824.5
122826
122826.5
122827
122828.5
122830
122831
122832
122832.5
122833
122834
122835
122836.5
122837
122838.5
122839
122840.5
122841
122842.5
122843
122844
122845
122846.5
122848
122848.5
122850
122850.5
122852
122853
122854
122855
122856
122856.5
122857
122858.5
122859
122860
122861
122861.5
122862
122863
122864
122865.5
122866
122867.5
122868
122869.5
122870
122871
122872
122872.5
122874
122874.5
122876
122877
122878
122879
122880
122881
122882
122883
122884
122885
122886
122887
122888
122889
122890
122890.5
122891
122892
122893
122894
122895
122896.5
122898
122899
122900
122901.5
122902
122903
122904
122905
122906
122907.5
122909
122909.5
122910
122911
122912
122913
122914
122915
122916
122917
122918
122919
122920
122920.5
122921
122922
122923
122923.5
122925
122925.5
122927
122928
122929
122930
122931
122932
122933
122934
122935
122936.5
122938
122938.5
122939
122940
122941
122942
122943
122944
122945
122946
122947
122947.5
122949
122950
122951
122952.5
122953
122954.5
122956
122957
122958
122959
122960
122961
122962
122963
122964
122964.5
122965
122966
122967
122968.5
122970
122970.5
122971
122972
122973
122974.5
122975
122976
122977
122977.5
122979
122979.5
122980
122981.5
122982
122983.5
122984
122984.5
122985
122986.5
122987
122988.5
122989
122990.5
122991
122992.5
122993
122994.5
122996
122997.5
122998
122999.5
123000
123001.5
123002
123002.5
123004
123004.5
123005
123006.5
123008
123009.5
123010
123010.5
123011
123012.5
123014
123014.5
123016
123016.5
123017
123017.5
123018
123019.5
123021
123022.5
123024
123024.5
123025
123025.5
123027
123027.5
123029
123029.5
123031
123031.5
123033
123033.5
123034
123034.5
123035
123036.5
123038
123039.5
123040
123041.5
123042
123042.5
123044
123044.5
123046
123046.5
123047
123048.5
123049
123049.5
123050
123050.5
123051
123052.5
123053
123053.5
123054
123054.5
123055
123056.5
123057
123058.5
123059
123059.5
123060
123061.5
123062
123063.5
123065
123065.5
123067
123068.5
123069
123069.5
123070
123070.5
123072
123073.5
123074
123074.5
123076
123076.5
123078
123078.5
123080
123080.5
123081
123082.5
123084
123084.5
123085
123086
123087
123087.5
123088
123089.5
123090
123091.5
123092
123092
123094
123094
123094
123095
123096
123096.5
123098
123099
123100
123101
123102
123102.5
123103
123103.5
123105
123105.5
123106
123107.5
123108
123109
123110
123111.5
123113
123113.5
123114
123115
123116
123117
123118
123119
123120
123121
123122
123123
123124
123125
123126
123127
123128
123129
123130
123131
123132
123133.5
123135
123136.5
123137
123137.5
123138
123139.5
123140
123141
123142
123143
123144
123145
123146
123147.5
123148
123149
123150
123151
123152
123153
123154
123155
123156
123157
123158
123159
123160
123161
123162
123163
123164
123164.5
123166
123166.5
123167
123168.5
123170
123171
123172
123173
123174
123174.5
123175
123176.5
123177
123178.5
123180
123180.5
123181
123182.5
123184
123184.5
123186
123187
123188
123188.5
123189
123189.5
123190
123191.5
123193
123193.5
123195
123195.5
123196
123197
123198
123197
123200
123201
123202
123203
123204
123203
123202
123202.5
123203
123203.5
123205
123205.5
123206
123207.5
123209
123209.5
123211
123211.5
123213
123213.5
123215
123216.5
123218
123218.5
123220
123220.5
123222
123222.5
123223
123223.5
123224
123225.5
123227
123227.5
123229
123229.5
123230
123230.5
123232
123233.5
123235
123235.5
123237
123237.5
123238
123238.5
123239
123239
123239
123239.5
123240
123241
123242
123243
123244
123245.5
123247
123249
123249
123251
123251
123251.5
123252
123253
123254
123255
123256
123256.5
123257
123258
123259
123260
123261
123262
123263
123263.5
123265
123265.5
123266
123267
123268
123269
123270
123270.5
123272
123273
123274
123275
123276
123276.5
123277
123278.5
123279
123280
123281
123282
123283
123284
123285
123286
123287
123288
123289
123290
123291
123292
123293
123293.5
123294
123295
123296
123297.5
123299
123300
123301
123302
123303
123303.5
123305
123306
123307
123307.5
123308
123309
123310
123310
123310
123312
123314
123315
123316
123317
123318
123318
123318
123319
123320
123321
123322
123323
123324
123325
123326
123327
123328
123329
123330
123331
123332
123333
123334
123334.5
123335
123336
123337
123338.5
123339
123340.5
123341
123342
123343
123344
123345
123346
123347
123348
123349
123350
123351
123351.5
123352
123353
123354
123354
123356
123356
123356
123358
123360
123360
123362
123362
123362
123364
123366
123366
123366
123368
123368
123369
123370
123370.5
123371
123372
123373
123373.5
123374
123374
123374
123374
123374
123376
123376
123377
123378
123379
123380
123381
123382
123383
123384
123384.5
123385
123386
123387
123388
123389
123390
123391
123391.5
123392
123393
123394
123395
123396
123397
123398
123399
123400
123400.5
123401
123402
123403
123404
123405
123406
123407
123407.5
123408
123409.5
123410
123411.5
123413
123413.5
123414
123414.5
123415
123416.5
123418
123418.5
123419
123420
123421
123422
123423
123424
123425
123425.5
123427
123427.5
123429
123429.5
123430
123431.5
123432
123433
123434
123435.5
123437
123437.5
123439
123440
123441
123442
123443
123443.5
123444
123445
123446
123447
123448
123448.5
123449
123450
123451
123452
123453
123454
123455
123456
123457
123458
123459
123460
123461
123462
123463
123464
123465
123466.5
123468
123469
123470
123471
123472
123473
123474
123475
123476
123477
123478
123479
123480
123481
123482
123483
123484
123485
123486
123487
123488
123489
123490
123491
123492
123493
123494
123495
123496
123497
123498
123499
123500
123501
123502
123503
123504
123505.5
123506
123507.5
123508
123509.5
123510
123511.5
123512
123513.5
123514
123515
123516
123517
123518
123519
123520
123520.5
123521
123522.5
123523
123524.5
123525
123526
123527
123528
123529
123530
123531
123532
123533
123534.5
123535
123536.5
123537
123538.5
123540
123540.5
123542
123542.5
123543
123544
123545
123546
123547
123548
123549
123550
123551
123552
123553
123554
123555
123556
123557
123558
123559
123560
123561
123562
123563
123564
123565
123566
123567
123568
123569
123570
123571
123572
123573
123573.5
123575
123575.5
123576
123577
123578
123579
123580
123581
123582
123583
123584
123585
123586
123587
123588
123589
123590
123591
123592
123593
123594
123595
123596
123597
123598
123599
123600
123601
123602
123603
123604
123605
123606
123607
123608
123609
123610
123611
123612
123613.5
123615
123616
123617
123617.5
123619
123619.5
123620
123621
123622
123623
123624
123625
123626
123627
123628
123629
123630
123631
123632
123633
123634
123635
123636
123636.5
123638
123638.5
123639
123640
123641
123642
123643
123644
123645
123646
123647
123648.5
123650
123651
123652
123653
123654
123654.5
123656
123656.5
123658
123658.5
123660
123660.5
123661
123662.5
123664
123665
123666
123667
123668
123668.5
123670
123671
123672
123673
123674
123675
123676
123676.5
123677
123678.5
123680
123680.5
123681
123682.5
123683
123684.5
123685
123686.5
123688
123689
123690
123690.5
123692
123692.5
123693
123694
123695
123696
123697
123698
123699
123700
123701
123701.5
123703
123703.5
123704
123704.5
123705
123706.5
123707
123708
123709
123710
123711
123711.5
123713
123713.5
123715
123716
123717
123718
123719
123720
123721
123721.5
123722
123722.5
123724
123724.5
123726
123727.5
123728
123729.5
123730
123731.5
123732
123732.5
123733
123734.5
123736
123736.5
123738
123738.5
123739
123739.5
123740
123740.5
123741
123742
123743
123744.5
123745
123746.5
123747
123748
123749
123750
123751
123752
123753
123754
123755
123756
123757
123758
123759
123760
123761
123761.5
123762
123762
123764
123765.5
123767
123768
123769
123769.5
123770
123770
123770
123772
123772
123774
123774
123774.5
123775
123776.5
123777
123778
123779
123780
123781
123781.5
123782
123783.5
123785
123785.5
123786
123787
123788
123789.5
123791
123791.5
123792
123793.5
123794
123795
123796
123797
123798
123799
123800
123801
123802
123802.5
123803
123804.5
123805
123805.5
123807
123807.5
123809
123809.5
123810
123811.5
123813
123813.5
123815
123815.5
123816
123817.5
123818
123818.5
123819
123820
123821
123822
123823
123824
123825
123826
123827
123828
123829
123830
123831
123831.5
123832
123833
123834
123835.5
123837
123837.5
123838
123839
123840
123841
123842
123843.5
123844
123845
123846
123847
123848
123848
123850
123850
123850
123851
123852
123853
123854
123854.5
123856
123856.5
123858
123858.5
123860
123861
123862
123863
123864
123864.5
123866
123867
123868
123868.5
123870
123870.5
123871
123872
123873
123874.5
123876
123877
123878
123878.5
123879
123880
123881
123882
123883
123884
123885
123886
123887
123888
123889
123890
123891
123892
123893
123894
123895
123895.5
123896
123897
123898
123899
123900
123900
123900
123902
123902
123902.5
123904
123906
123906
123906.5
123907
123908.5
123910
123912
123912
123912.5
123913
123913.5
123914
123915
123916
123917
123918
123919
123920
123921
123922
123922.5
123924
123924.5
123925
123925.5
123927
123927.5
123929
123930.5
123931
123931.5
123933
123934.5
123936
123936.5
123937
123938.5
123939
123939.5
123941
123942.5
123943
123943.5
123945
123946.5
123948
123948.5
123949
123949.5
123951
123952.5
123954
123954.5
123955
123955.5
123956
123956.5
123957
123958.5
123959
123960.5
123961
123962
123963
123963.5
123965
123966
123967
123967.5
123968
123969
123970
123971.5
123972
123973
123974
123975
123976
123977
123978
123979
123980
123981
123982
123983
123984
123985.5
123986
123987
123988
123989
123990
123990.5
123991
123991.5
123992
123993
123994
123995
123996
123997
123998
123999.5
124001
124002.5
124003
124004.5
124005
124005.5
124006
124007
124008
124009.5
124010
124011.5
124012
124013
124014
124015.5
124017
124017.5
124018
124019.5
124020
124021
124022
124022.5
124024
124025
124026
124027.5
124029
124029.5
124030
124031
124032
124033.5
124035
124035.5
124036
124037.5
124039
124039.5
124040
124041.5
124042
124043.5
124044
124045.5
124046
124047.5
124049
124049.5
124051
124051.5
124053
124054.5
124055
124055.5
124057
124057.5
124058
124059
124060
124061
124062
124063
124064
124065
124066
124067
124068
124069.5
124071
124071.5
124073
124073.5
124075
124076.5
124077
124078.5
124079
124080.5
124082
124082.5
124083
124083.5
124084
124085.5
124086
124087
124088
124089
124090
124091
124092
124092.5
124093
124094
124095
124096.5
124097
124098
124099
124100
124101
124102
124103
124104
124105
124105.5
124106
124107.5
124108
124109.5
124110
124110
124112
124112
124112
124112.5
124113
124114.5
124115
124116.5
124117
124118
124119
124119.5
124120
124121
124122
124123
124124
124125
124126
124127
124128
124129
124130
124131.5
124132
124133.5
124135
124135.5
124136
124137
124138
124138.5
124139
124139.5
124140
124141
124142
124143
124144
124145
124146
124147
124148
124149
124150
124151
124152
124153
124154
124155.5
124157
124158.5
124160
124160.5
124161
124161.5
124163
124163.5
124164
124165.5
124166
124167
124168
124169
124170
124171
124172
124173
124174
124174.5
124176
124176.5
124177
124178
124179
124180
124181
124182.5
124183
124184.5
124185
124186
124187
124188
124189
124190
124191
124192
124193
124194
124195
124195.5
124197
124197.5
124198
124199.5
124200
124200.5
124201
124202
124203
124204
124205
124206
124207
124208
124209
124210.5
124211
124212.5
124213
124214
124215
124216
124217
124218
124219
124220
124221
124222
124223
124223
124223
124223.5
124224
124225.5
124226
124227
124228
124229
124230
124230.5
124231
124232.5
124233
124234.5
124235
124235.5
124237
124238.5
124240
124240.5
124241
124242.5
124243
124243.5
124244
124245.5
124246
124246.5
124248
124249.5
124251
124251.5
124252
124253.5
124254
124254.5
124255
124256
124257
124258
124259
124260.5
124261
124262
124263
124264.5
124265
124266
124267
124268
124269
124270
124271
124272
124273
124274
124275
124276.5
124277
124278
124279
124280
124281
124282
124283
124284
124285
124286
124287
124288
124289
124289.5
124291
124292
124293
124294
124295
124296
124297
124298.5
124300
124301.5
124302
124302.5
124303
124304
124305
124306
124307
124308
124309
124310
124311
124311.5
124312
124313
124314
124315
124316
124317
124318
124318.5
124320
124321
124322
124322.5
124324
124324.5
124326
124327
124328
124329
124330
124330.5
124331
124331.5
124332
124333
124334
124335
124336
124336.5
124338
124338.5
124339
124340.5
124342
124342.5
124343
124343.5
124344
124345
124346
124347.5
124348
124349.5
124350
124351
124352
124352.5
124354
124354.5
124355
124356.5
124358
124358.5
124359
124360
124361
124362
124363
124364
124365
124366
124367
124368
124369
124370
124371
124371.5
124372
124373.5
124374
124375.5
124376
124377.5
124378
124379.5
124380
124381.5
124382
124383.5
124385
124385.5
124387
124387.5
124388
124389.5
124390
124391.5
124392
124393.5
124394
124395.5
124397
124397.5
124399
124399.5
124400
124400.5
124402
124403.5
124404
124404.5
124405
124406
124407
124408
124409
124410
124411
124412
124413
124413.5
124414
124415.5
124417
124417.5
124418
124419.5
124420
124421.5
124422
124423.5
124425
124425.5
124427
124427.5
124428
124428.5
124429
124430.5
124431
124432.5
124434
124435.5
124436
124436.5
124438
124439.5
124441
124441.5
124442
124443.5
124444
124444.5
124445
124446
124447
124448
124449
124450
124451
124452
124453
124454
124455
124456
124457
124457.5
124459
124459.5
124460
124461
124462
124462.5
124463
124464
124465
124466
124467
124468.5
124469
124470
124471
124472.5
124473
124474.5
124475
124476
124477
124478
124479
124479
124481
124482
124483
124483
124483
124484
124485
124486
124487
124488
124489
124490
124491
124493
124493
124494
124495
124496
124497
124499
124499
124501
124503
124504
124505
124505
124505
124507
124507
124508
124509
124510
124511
124512
124513
124514
124515
124515.5
124517
124517.5
124518
124518
124518
124520
124520
124521
124522
124523
124524
124525
124526
124526.5
124528
124528.5
124530
124530.5
124531
124532.5
124533
124534.5
124536
124537
124538
124540
124542
124542
124542
124543
124544
124545
124546
124548
124550
124550
124550
124551
124552
124552.5
124554
124555
124556
124557
124558
124558.5
124559
124560
124561
124562
124563
124564
124565
124566
124567
124568
124569
124570
124571
124572
124573
124574
124575
124576
124577
124578
124579
124580
124581
124582
124583
124584
124585
124586
124587
124588
124589
124590
124591
124592
124593
124594
124595
124596
124597
124598
124599
124600
124601
124602
124603
124604
124605
124606
124607
124608
124609
124610
124611
124612
124613
124614
124615
124616
124617
124618
124619
124620
124621
124622
124623
124623.5
124625
124626
124627
124628
124629
124630
124631
124632
124633
124634
124635
124636
124637
124637.5
124638
124638.5
124640
124640.5
124641
124642
124643
124644
124645
124646
124647
124648.5
124650
124651.5
124653
124653.5
124654
124654.5
124656
124657.5
124658
124658.5
124660
124660.5
124661
124662
124663
124664
124665
124666
124667
124668
124669
124670
124671
124670.5
124670
124671
124672
124674.5
124677
124676.5
124676
124677
124678
124679
124680
124681
124682
124683
124684
124685
124686
124686.5
124687
124687.5
124689
124689.5
124690
124691
124692
124693
124694
124695
124696
124697
124698
124699
124700
124701
124702
124703
124704
124705
124706
124707
124708
124709
124710
124711
124712
124713
124714
124715
124716
124717
124718
124719
124720
124721
124722
124722.5
124724
124724.5
124725
124725.5
124726
124727.5
124728
124729
124730
124731
124732
124733
124734
124735
124736
124737
124738
124739
124740
124741
124742
124742
124742
124744
124746
124747
124748
124748
124748
124750
124750
124752
124754
124754
124756
124757
124758
124759
124760
124760
124762
124762
124762
124763
124764
124764.5
124766
124766.5
124768
124768.5
124769
124770
124771
124772
124773
124773
124775
124775
124775
124776
124777
124778
124779
124780
124781
124782
124783
124783.5
124784
124785
124786
124787
124788
124789
124790
124791
124792
124793
124794
124795
124796
124797
124798
124799
124800
124801
124802
124803
124804
124805
124806
124807.5
124809
124809.5
124810
124811
124812
124813
124814
124815
124816
124817
124818
124819
124820
124821
124822
124823
124824
124825
124826
124827
124828
124829
124830
124831
124832
124832.5
124834
124834.5
124836
124837
124838
124839
124840
124841
124842
124842.5
124844
124844.5
124846
124846.5
124848
124849
124850
124850.5
124851
124852.5
124853
124854
124855
124855.5
124856
124856
124856
124857
124858
124858.5
124860
124860.5
124862
124862.5
124863
124864.5
124866
124866.5
124867
124868
124869
124870
124871
124872
124873
124874
124875
124876
124877
124877.5
124878
124879
124880
124881.5
124882
124883.5
124884
124885.5
124886
124887.5
124888
124889
124890
124891
124892
124893
124894
124895
124896
124896.5
124898
124899
124900
124900.5
124902
124903
124904
124904.5
124905
124906.5
124908
124908.5
124909
124910.5
124912
124912.5
124913
124914.5
124915
124916
124917
124917.5
124918
124919.5
124920
124921.5
124922
124923
124924
124925.5
124926
124927
124928
124929
124930
124931
124932
124933
124934
124935
124936
124936.5
124937
124938
124939
124939.5
124940
124941
124942
124943
124944
124945
124946
124947.5
124948
124949.5
124951
124951.5
124952
124953
124954
124955
124956
124957
124958
124959
124960
124960.5
124961
124962.5
124963
124964.5
124966
124967
124968
124968.5
124970
124970.5
124972
124972.5
124973
124974
124975
124976
124977
124978
124979
124980
124981
124982
124983
124984
124985
124986
124987
124988
124989
124990
124991
124992
124993
124994
124995
124996
124997
124998
124999
125000
125001
125001.5
125002
125003
125004
125005.5
125007
125007.5
125008
125009.5
125011
125012
125013
125014
125015
125016
125017
125017.5
125019
125019.5
125020
125021
125022
125022.5
125023
125024.5
125025
125025.5
125027
125028.5
125029
125029.5
125031
125032.5
125033
125033.5
125035
125036.5
125038
125038.5
125039
125039.5
125040
125041
125042
125043
125044
125044.5
125046
125046.5
125047
125048.5
125050
125051
125052
125053
125054
125054.5
125056
125057
125058
125059
125060
125060.5
125061
125062.5
125063
125064.5
125065
125066
125067
125068
125069
125069.5
125071
125071.5
125072
125073.5
125074
125075
125076
125077
125078
125079
125080
125081
125082
125083
125084
125085
125086
125087
125088
125088.5
125089
125090
125091
125091.5
125092
125093.5
125095
125095.5
125096
125097
125098
125099.5
125101
125101.5
125102
125103
125104
125105
125106
125106.5
125108
125108.5
125109
125108.5
125108
125108.5
125110
125110.5
125112
125112.5
125114
125114.5
125115
125116
125117
125118
125119
125119.5
125121
125121.5
125122
125123
125124
125125.5
125127
125127.5
125128
125129
125130
125131
125132
125133
125134
125135
125136
125137
125138
125139
125140
125141
125142
125142.5
125143
125144
125145
125146.5
125147
125148
125149
125150
125151
125151.5
125153
125154
125155
125155.5
125156
125157
125158
125159
125160
125161
125162
125163
125164
125165.5
125166
125167.5
125168
125169
125170
125171
125172
125172.5
125173
125174
125175
125176
125177
125177.5
125178
125179.5
125181
125181.5
125182
125183.5
125184
125185
125186
125187
125188
125189
125190
125191
125192
125193
125194
125195
125196
125197
125198
125199
125200
125201
125202
125203
125204
125205
125206
125207
125208
125209.5
125211
125212
125213
125214
125215
125215.5
125216
125217.5
125219
125219.5
125220
125221
125222
125223.5
125225
125225.5
125226
125227.5
125228
125229
125230
125231
125232
125233
125234
125235
125236
125237
125238
125239
125240
125241
125242
125243
125244
125245
125246
125247
125248
125248.5
125249
125250.5
125251
125252.5
125254
125254.5
125255
125256.5
125258
125258.5
125259
125260
125261
125262
125263
125264
125265
125266
125267
125267.5
125268
125269.5
125270
125271
125272
125273
125274
125275
125276
125276.5
125278
125279
125280
125281
125282
125283.5
125284
125285
125286
125287
125288
125289.5
125290
125291
125292
125293
125294
125295
125296
125296.5
125298
125298.5
125300
125301
125302
125302.5
125304
125304.5
125306
125307
125308
125308.5
125310
125310.5
125312
125312.5
125314
125314.5
125316
125316.5
125318
125318.5
125320
125320.5
125322
125323
125324
125324.5
125326
125326.5
125327
125327.5
125329
125329.5
125330
125330.5
125331
125332
125333
125334.5
125336
125336.5
125338
125338.5
125340
125341.5
125343
125344.5
125345
125345.5
125347
125347.5
125348
125348.5
125349
125350
125351
125352.5
125354
125354.5
125356
125356.5
125358
125359.5
125360
125360.5
125362
125362.5
125364
125364.5
125366
125366.5
125367
125368
125369
125370
125371
125372
125373
125373.5
125375
125376
125377
125378
125379
125379.5
125380
125381
125382
125383
125384
125385
125386
125386.5
125387
125388.5
125390
125390.5
125391
125392.5
125393
125394
125395
125396
125397
125398.5
125400
125400.5
125401
125402
125403
125403
125403
125403.5
125404
125405.5
125406
125406.5
125408
125408.5
125410
125410.5
125412
125413.5
125414
125415.5
125416
125416.5
125417
125418.5
125419
125420
125421
125421.5
125422
125422.5
125424
125424.5
125425
125426.5
125427
125428.5
125429
125430.5
125431
125432.5
125434
125434.5
125436
125437.5
125438
125439.5
125440
125440.5
125442
125442.5
125443
125444.5
125445
125446.5
125447
125448
125449
125449.5
125450
125450.5
125452
125452.5
125454
125454.5
125456
125457.5
125458
125458.5
125459
125460.5
125462
125462.5
125464
125464.5
125465
125466
125467
125468
125469
125469.5
125470
125471
125472
125472.5
125474
125474.5
125476
125476.5
125478
125479
125480
125481.5
125483
125483.5
125484
125485
125486
125487
125488
125489.5
125490
125491
125492
125493.5
125494
125495.5
125497
125497.5
125498
125499
125500
125500.5
125501
125501.5
125502
125503
125504
125505.5
125507
125507.5
125509
125509.5
125511
125511.5
125512
125513
125514
125514.5
125515
125516.5
125517
125518.5
125519
125519.5
125520
125521.5
125523
125523.5
125525
125525.5
125526
125527.5
125528
125528.5
125529
125530
125531
125532
125533
125534
125535
125535.5
125536
125537.5
125539
125540
125541
125542
125543
125543.5
125544
125544.5
125546
125547.5
125549
125549.5
125550
125551.5
125553
125554
125555
125556
125557
125558
125559
125560
125561
125562
125563
125564
125565
125565.5
125567
125567.5
125569
125569.5
125571
125571.5
125573
125574
125575
125576
125577
125577.5
125578
125578.5
125579
125580
125581
125581.5
125583
125584
125585
125586
125587
125588
125589
125590.5
125591
125592
125593
125594
125595
125595.5
125596
125597.5
125598
125598.5
125600
125600.5
125601
125602
125603
125604.5
125605
125606.5
125607
125608.5
125610
125610.5
125611
125612
125613
125613.5
125614
125615
125616
125617
125618
125619
125620
125621
125622
125623
125624
125625
125626
125627
125628
125628.5
125629
125630.5
125632
125632.5
125634
125634.5
125636
125636.5
125638
125638.5
125639
125640.5
125641
125642
125643
125643.5
125644
125645
125646
125647
125648
125648.5
125649
125650
125651
125651.5
125652
125653
125654
125654.5
125655
125656
125657
125658
125659
125660
125661
125662.5
125663
125664.5
125666
125666.5
125667
125668
125669
125670
125671
125671.5
125672
125673
125674
125675.5
125676
125677.5
125679
125680
125681
125681.5
125682
125683
125684
125685.5
125686
125687.5
125688
125689.5
125691
125691.5
125692
125693
125694
125695
125696
125697.5
125698
125699.5
125701
125701.5
125702
125703.5
125704
125705.5
125707
125707.5
125709
125709.5
125710
125711.5
125712
125713
125714
125714.5
125715
125716.5
125717
125718
125719
125720
125721
125722
125723
125724
125725
125726
125727
125728
125729
125730
125731
125732
125733
125734
125735
125735.5
125737
125737.5
125738
125739
125740
125741
125742
125743
125744
125745
125746
125746
125746
125748
125748
125749
125750
125751
125752
125752.5
125754
125754.5
125755
125756.5
125757
125758
125759
125760
125761
125762
125763
125763
125763
125765
125765
125767
125769
125769
125769
125770
125771
125772
125773
125774
125775
125775.5
125776
125777
125778
125779
125780
125780.5
125782
125782.5
125784
125785
125786
125787.5
125789
125789.5
125791
125792
125793
125795
125797
125798
125799
125800
125801
125801
125801
125802
125803
125804
125805
125805.5
125807
125807.5
125808
125809.5
125811
125811.5
125813
125813.5
125814
125815
125816
125816.5
125818
125818.5
125819
125820.5
125822
125823
125824
125824.5
125825
125826.5
125828
125828.5
125829
125830
125831
125831.5
125832
125833.5
125834
125835.5
125836
125836.5
125837
125838
125839
125839
125839
125840
125841
125841.5
125843
125843.5
125844
125845
125846
125846.5
125848
125848.5
125850
125851
125852
125853
125854
125855.5
125856
125857
125858
125859.5
125860
125861.5
125862
125863
125864
125865.5
125867
125867.5
125868
125869.5
125871
125871.5
125872
125873.5
125874
125875.5
125876
125877
125878
125879
125880
125881
125882
125882.5
125883
125884
125885
125886
125887
125888.5
125889
125890.5
125891
125892
125893
125893.5
125895
125896
125897
125898
125899
125899.5
125901
125902
125903
125903.5
125904
125905
125906
125907.5
125908
125909
125910
125911.5
125913
125913.5
125914
125915
125916
125917
125918
125919
125920
125921
125922
125923
125924
125924.5
125926
125926.5
125927
125928
125929
125930
125931
125931.5
125932
125932.5
125934
125934.5
125936
125937.5
125938
125938.5
125939
125940
125941
125942.5
125943
125944.5
125945
125946
125947
125948
125949
125950
125951
125951.5
125953
125953.5
125955
125955.5
125956
125957.5
125959
125959.5
125961
125962
125963
125964
125965
125965.5
125966
125965
125964
125965
125966
125967
125968
125971
125970
125971
125972
125973
125974
125975
125976
125977
125978
125979
125980
125981
125982
125983
125984
125985
125986
125987
125988
125989
125990
125991
125992
125993
125994
125995
125996
125997
125998
125999
126000
126001
126002
126003
126004
126005
126006
126007
126008
126009
126010
126011
126012
126013
126014
126014.5
126016
126016.5
126017
126018.5
126019
126020.5
126022
126023
126024
126025
126026
126027
126028
126029
126030
126031
126032
126033
126034
126034.5
126035
126036
126037
126037.5
126038
126039.5
126040
126041.5
126042
126043
126044
126045
126046
126047
126048
126048
126050
126050
126050
126052
126052
126053
126054
126055
126056
126057
126058
126059
126060
126061
126062
126063
126064
126065
126066
126067
126068
126069
126070
126070.5
126071
126072.5
126074
126075
126076
126076.5
126077
126078.5
126079
126079.5
126081
126082.5
126083
126084.5
126085
126085.5
126086
126087
126088
126088.5
126090
126090.5
126092
126093
126094
126095.5
126097
126097.5
126098
126099
126100
126100.5
126102
126103
126104
126105
126106
126106.5
126107
126107.5
126108
126109
126110
126111
126112
126113
126114
126115
126116
126117
126118
126119
126120
126120.5
126121
126122
126123
126124.5
126126
126126.5
126127
126128
126129
126130
126131
126132
126133
126134
126135
126135.5
126137
126137.5
126138
126139.5
126141
126142
126143
126144
126145
126145.5
126146
126147
126148
126148.5
126149
126150
126151
126152
126153
126153.5
126154
126155.5
126156
126157
126158
126159
126160
126161
126162
126163
126164
126165
126166
126167.5
126169
126170
126171
126171.5
126173
126173.5
126174
126175
126176
126177
126178
126179
126180
126179.5
126182
126183
126184
126183.5
126186
126187
126188
126189
126190
126189.5
126192
126191.5
126191
126192
126193
126194
126195
126196
126197
126198
126199
126200
126201
126201
126201
126203
126205
126205
126205
126207
126209
126210
126211
126212
126213
126214
126215
126215
126217
126218
126219
126220
126221
126222
126223
126224
126225
126226
126227
126228
126229
126230
126231
126232
126233
126234
126235
126237.5
126240
126239.5
126239
126240
126241
126242
126243
126244
126245
126246
126247
126247
126247
126248
126249
126250
126251
126251.5
126252
126253
126254
126252
126250
126254
126252
126253
126254
126255
126256
126260
126264
126262
126266
126264
126262
126266
126264
126265
126266
126267
126268
126268.5
126269
126270.5
126271
126272
126273
126274
126275
126276.5
126277
126278
126279
126280
126281
126282
126283
126284
126285
126286
126287
126288
126289
126290
126291
126292
126293
126294
126295
126296
126297
126298
126299
126300
126301
126302
126303
126304
126305
126306
126307
126308
126309
126310
126311
126312
126313
126314
126315
126315.5
126317
126317.5
126319
126320
126321
126322
126323
126324
126325
126326
126327
126328
126329
126330
126331
126332
126333
126334
126335
126336
126337
126338
126339
126340.5
126342
126342.5
126343
126344
126345
126346.5
126348
126348.5
126349
126350
126351
126352.5
126353
126354
126355
126356
126357
126358
126359
126360
126361
126362
126363
126364
126365
126366
126367
126368
126369
126370
126371
126372
126373
126374
126375
126376
126377
126378
126379
126380
126381
126382
126383
126383.5
126385
126386
126387
126387.5
126389
126389.5
126390
126390.5
126391
126392
126393
126394.5
126395
126396
126397
126398.5
126399
126400.5
126401
126402.5
126403
126404
126405
126406
126407
126408
126409
126410
126411
126412
126413
126414
126415
126416
126417
126418
126419
126420
126421
126422
126423
126423.5
126425
126426
126427
126428
126429
126430
126431
126432
126433
126434
126435
126435.5
126437
126437.5
126439
126440
126441
126441.5
126442
126443.5
126444
126444
126444
126444.5
126445
126446
126447
126448
126449
126450
126451
126452
126453
126454
126455
126456
126457
126458
126459
126460
126461
126462.5
126463
126464.5
126465
126466
126467
126468
126469
126470
126471
126472
126473
126472.5
126472
126474.5
126474
126475
126476
126476.5
126477
126478.5
126480
126480.5
126482
126482.5
126483
126483.5
126484
126485
126486
126487
126488
126489
126490
126491
126492
126492.5
126494
126494.5
126495
126495.5
126496
126497
126498
126499
126500
126501
126502
126503
126504
126505
126506
126507
126508
126509
126510
126510.5
126512
126513
126514
126515
126516
126517
126518
126518.5
126520
126520.5
126522
126522.5
126524
126525
126526
126527
126528
126528.5
126530
126530.5
126532
126532.5
126534
126534.5
126535
126534.5
126537
126538.5
126539
126540.5
126541
126540.5
126540
126541
126542
126544.5
126547
126546.5
126546
126548.5
126551
126552.5
126553
126554.5
126556
126557
126558
126558.5
126559
126558.5
126561
126560.5
126560
126561
126562
126562.5
126563
126564.5
126566
126566.5
126567
126568
126569
126570
126571
126572
126573
126574
126575
126575.5
126576
126577
126578
126579
126580
126581
126582
126583
126584
126585
126586
126587
126588
126589
126590
126590.5
126592
126592.5
126594
126594.5
126595
126596.5
126597
126598
126599
126600
126601
126602
126603
126604
126605
126606
126607
126608
126609
126610
126611
126611.5
126612
126613
126614
126615
126616
126617
126618
126618.5
126619
126619.5
126620
126621.5
126623
126624.5
126625
126625.5
126626
126626.5
126628
126628.5
126629
126629.5
126630
126631.5
126633
126633.5
126634
126635
126636
126637
126638
126639
126640
126641
126642
126643
126644
126645
126646
126647.5
126648
126649.5
126651
126651.5
126652
126653
126654
126655.5
126656
126657.5
126659
126659.5
126661
126662.5
126663
126663.5
126665
126666.5
126667
126667.5
126669
126670.5
126671
126672.5
126673
126673.5
126674
126675
126676
126677.5
126679
126679.5
126680
126681
126682
126683
126684
126685
126686
126687
126688
126689
126690
126691
126692
126693
126694
126695
126696
126696.5
126697
126698.5
126699
126700
126701
126702
126703
126704
126705
126706
126707
126708
126709
126710
126711
126712
126713
126714.5
126715
126716.5
126717
126718
126719
126720
126721
126722
126723
126724
126725
126725.5
126726
126727
126728
126729
126730
126731
126732
126733
126734
126735
126736
126737.5
126739
126739.5
126740
126741.5
126742
126743
126744
126745
126746
126745.5
126745
126746
126747
126749.5
126752
126751.5
126751
126752
126753
126754
126755
126756
126757
126758
126759
126759.5
126760
126761
126762
126762.5
126763
126764.5
126765
126766
126767
126768.5
126769
126770.5
126771
126772.5
126773
126774
126775
126776
126777
126778
126779
126780.5
126781
126782
126783
126784.5
126785
126786.5
126787
126788.5
126790
126791
126792
126792.5
126793
126794
126795
126796.5
126798
126798.5
126799
126800
126801
126802
126803
126804.5
126806
126806.5
126808
126808.5
126810
126810.5
126812
126812.5
126813
126814.5
126816
126816.5
126818
126819
126820
126820.5
126821
126822
126823
126824
126825
126826
126827
126828
126829
126830.5
126831
126832.5
126834
126835
126836
126837
126838
126839
126840
126841
126842
126843
126844
126845.5
126846
126847
126848
126849
126850
126851.5
126853
126853.5
126855
126856
126857
126857.5
126858
126859
126860
126860.5
126862
126863
126864
126865
126866
126866.5
126868
126868.5
126869
126870
126871
126872
126873
126874
126875
126876
126877
126878
126879
126880
126881
126882
126883
126884
126885
126886
126887
126888
126889
126890
126891
126892
126893
126894
126895
126896
126897
126898
126899
126900
126901
126902
126903
126904
126905
126906
126907
126908
126909
126909.5
126910
126910.5
126911
126912.5
126914
126915.5
126917
126918
126919
126920
126921
126922
126923
126924
126925
126926
126927
126928
126929
126930
126931
126932
126933
126934
126935
126935.5
126936
126936.5
126938
126938.5
126940
126940.5
126942
126942.5
126943
126944.5
126946
126947.5
126948
126948.5
126950
126950.5
126951
126952.5
126953
126953.5
126954
126955.5
126957
126958.5
126960
126960.5
126961
126962.5
126963
126963.5
126964
126965
126966
126967
126968
126969
126970
126971
126972
126973
126974
126975
126976
126976.5
126978
126979
126980
126980.5
126981
126982.5
126984
126985
126986
126986.5
126988
126988.5
126989
126990
126991
126992.5
126993
126994
126995
126996
126997
126998
126999
127000
127001
127002
127003
127004.5
127006
127006.5
127007
127008.5
127009
127010.5
127012
127013
127014
127014.5
127015
127016
127017
127018
127019
127020
127021
127022
127023
127024
127025
127026
127027
127028
127029
127030
127031
127031.5
127032
127033.5
127034
127034.5
127035
127034.5
127037
127036.5
127036
127036.5
127038
127038.5
127039
127040
127041
127042
127043
127044.5
127045
127046
127047
127048
127049
127049.5
127050
127051.5
127052
127053
127054
127055
127056
127057
127058
127059
127060
127061
127062
127063
127064
127065
127066
127066.5
127068
127069
127070
127070.5
127071
127072.5
127073
127074.5
127075
127076
127077
127078.5
127080
127080.5
127082
127083
127084
127085
127086
127087
127088
127089
127090
127090.5
127092
127093
127094
127095
127096
127097
127098
127099
127100
127101
127102
127103
127104
127105
127106
127107
127108
127109
127110
127111
127112
127113
127114
127115
127116
127117.5
127118
127119
127120
127121
127122
127123
127124
127125
127126
127126.5
127127
127128.5
127130
127131
127132
127133
127134
127135
127136
127137
127138
127139
127140
127141
127142
127143
127144
127145
127146
127147
127148
127149
127150
127151
127152
127153
127154
127155
127156
127157
127158
127159
127160
127161
127162
127162.5
127163
127164
127165
127166
127167
127168
127169
127170
127171
127172
127173
127174.5
127176
127176.5
127177
127178
127179
127180
127181
127182.5
127183
127184.5
127186
127186.5
127187
127188.5
127189
127190
127191
127192
127193
127194.5
127195
127196.5
127197
127198
127199
127200.5
127201
127202
127203
127204
127205
127206.5
127208
127208.5
127210
127210.5
127211
127212.5
127214
127214.5
127215
127216.5
127218
127219
127220
127221
127222
127222.5
127224
127225
127226
127227
127228
127229
127230
127230.5
127232
127232.5
127233
127234.5
127236
127237
127238
127239
127240
127241
127242
127243
127244
127245
127246
127247
127248
127248.5
127249
127250.5
127252
127252.5
127254
127255
127256
127256.5
127258
127259
127260
127261
127262
127263
127264
127265
127266
127267
127268
127269
127270
127271
127272
127273
127274
127275
127276
127277
127278
127279
127280
127281
127282
127283
127284
127285
127286
127287
127288
127289
127290
127291
127292
127293
127294
127295
127296
127297
127298
127299
127300
127301
127302
127303
127304
127305.5
127306
127307
127308
127309
127310
127311.5
127313
127313.5
127314
127315
127316
127317
127318
127319
127320
127321
127322
127323
127324
127325
127326
127326.5
127327
127328.5
127330
127330.5
127332
127333
127334
127335
127336
127336.5
127337
127338
127339
127340.5
127342
127342.5
127343
127344
127345
127346
127347
127348
127349
127350
127351
127352
127353
127354
127355
127356
127357
127357.5
127358
127359
127360
127360.5
127361
127362.5
127363
127364
127365
127366
127367
127368
127369
127370
127371
127371.5
127372
127373.5
127374
127374.5
127376
127376.5
127378
127378.5
127380
127380.5
127382
127383.5
127384
127385.5
127386
127386.5
127387
127388.5
127390
127390.5
127391
127391.5
127392
127393
127394
127395
127396
127397
127398
127399
127400
127400.5
127401
127402
127403
127404
127405
127406
127407
127408
127409
127410.5
127411
127412.5
127414
127414.5
127415
127416
127417
127418
127419
127420
127421
127422
127423
127424
127425
127426
127427
127427.5
127428
127429.5
127431
127431.5
127432
127433
127434
127435
127436
127437
127438
127439
127440
127441
127442
127442
127444
127444
127444
127445
127446
127447
127448
127448.5
127449
127450
127451
127452.5
127453
127454.5
127455
127456
127457
127458.5
127459
127460.5
127461
127462.5
127464
127464.5
127466
127467
127468
127468.5
127469
127470
127471
127472
127473
127473.5
127474
127475.5
127476
127477
127478
127478.5
127479
127480.5
127481
127482
127483
127483.5
127484
127485.5
127486
127487
127488
127489
127490
127490.5
127491
127491.5
127492
127492.5
127494
127494.5
127496
127496.5
127498
127499.5
127500
127500.5
127501
127501.5
127502
127503.5
127505
127505.5
127506
127507
127508
127509.5
127510
127511
127512
127513
127514
127515
127516
127517
127518
127518.5
127520
127520.5
127522
127522.5
127523
127524
127525
127526
127527
127528
127529
127530
127531
127532
127533
127534
127535
127536
127537
127538
127539
127540.5
127542
127543
127544
127545
127546
127547
127548
127549.5
127551
127551.5
127553
127553.5
127555
127556.5
127558
127558.5
127560
127560.5
127561
127561.5
127563
127563.5
127565
127566.5
127567
127567.5
127569
127570.5
127572
127573.5
127575
127575.5
127577
127578.5
127580
127580.5
127581
127581.5
127582
127582.5
127584
127585.5
127586
127587.5
127588
127589.5
127590
127590.5
127591
127592.5
127594
127595.5
127597
127598.5
127599
127600.5
127602
127603
127604
127604.5
127605
127606.5
127607
127607.5
127609
127609.5
127611
127611.5
127612
127612.5
127614
127615.5
127617
127618.5
127619
127620.5
127621
127622.5
127624
127625
127626
127627
127628
127628.5
127629
127629.5
127630
127631.5
127632
127632.5
127634
127635.5
127637
127638.5
127640
127640.5
127641
127641.5
127642
127643.5
127644
127644.5
127646
127646.5
127647
127647.5
127648
127649.5
127650
127651
127652
127653
127654
127655
127656
127657
127658
127659.5
127660
127661
127662
127663
127664
127665
127666
127667
127668
127669
127670
127671
127672
127673
127674
127675
127676
127677
127678
127679
127680
127681
127682
127682.5
127683
127684.5
127686
127686.5
127687
127688.5
127689
127690
127691
127692
127693
127694
127695
127696
127697
127698
127699
127700
127701
127702
127703
127704
127705
127706
127707
127708
127709
127710
127711
127712
127713
127714.5
127715
127716
127717
127718
127719
127720.5
127722
127723
127724
127724.5
127726
127727
127728
127728.5
127730
127731
127732
127733
127734
127735
127736
127737
127738
127738.5
127739
127740.5
127742
127743
127744
127745
127746
127747
127748
127749
127750
127751
127752
127753
127754
127755.5
127757
127757.5
127758
127759.5
127761
127762.5
127763
127763.5
127764
127765
127766
127767.5
127769
127769.5
127771
127771.5
127772
127773.5
127774
127775
127776
127777
127778
127779
127780
127781
127782
127783
127784
127784.5
127786
127786.5
127787
127788.5
127790
127790.5
127791
127792.5
127794
127794.5
127795
127796.5
127797
127798
127799
127800
127801
127802
127803
127804
127805
127806
127807
127808.5
127810
127811
127812
127813
127814
127815
127816
127817
127818
127819
127820
127821
127822
127822.5
127823
127824
127825
127826
127827
127828
127829
127830
127831
127832
127833
127834
127835
127836
127837
127838
127839
127840
127841
127842
127843
127844
127845
127846
127847
127847.5
127849
127850
127851
127851.5
127853
127853.5
127855
127856
127857
127858
127859
127860
127861
127861.5
127862
127862
127862
127862.5
127863
127864
127865
127866
127867
127868
127869
127870
127871
127872
127873
127874
127875
127876
127877
127878
127879
127880
127881
127882.5
127884
127886
127886
127886.5
127888
127888.5
127890
127892
127892
127892.5
127893
127894
127895
127896
127897
127898.5
127900
127900.5
127902
127904
127904
127906
127908
127909.5
127910
127911.5
127912
127912
127912
127914
127914
127914.5
127916
127918
127918
127918.5
127919
127920.5
127922
127924
127924
127924.5
127925
127926
127927
127928
127929
127929.5
127931
127931.5
127933
127934
127935
127936
127937
127937.5
127939
127939.5
127940
127941
127942
127943
127944
127945
127946
127947
127948
127949
127950
127951
127952
127953
127954
127954.5
127956
127956.5
127957
127957.5
127958
127959.5
127960
127961.5
127963
127963.5
127965
127965.5
127966
127967.5
127968
127968.5
127970
127970.5
127972
127972.5
127973
127974.5
127976
127976.5
127978
127978.5
127979
127980.5
127982
127982.5
127983
127984
127985
127986
127987
127988
127989
127990
127991
127992
127993
127994
127995
127996
127997
127998
127999
128000
128001
128002
128003
128003.5
128005
128005.5
128006
128007.5
128009
128010
128011
128012
128013
128014
128015
128016
128017
128018
128019
128020
128021
128022.5
128024
128024.5
128026
128026.5
128027
128028
128029
128030
128031
128032
128033
128034
128035
128035.5
128037
128037.5
128039
128040
128041
128042
128043
128044
128045
128046
128047
128048
128049
128049.5
128051
128051.5
128052
128053
128054
128054.5
128055
128056.5
128057
128058.5
128059
128060.5
128062
128062.5
128064
128065
128066
128067
128068
128069.5
128071
128072
128073
128074
128075
128076
128077
128078
128079
128080
128081
128081.5
128082
128083
128084
128085
128086
128087
128088
128089
128090
128090.5
128092
128093
128094
128095
128096
128097
128098
128099
128100
128101
128102
128102.5
128104
128104.5
128106
128106.5
128108
128109
128110
128110.5
128111
128112
128113
128114
128115
128115.5
128116
128117.5
128118
128119
128120
128121
128122
128122.5
128123
128124.5
128125
128126
128127
128128
128129
128130
128131
128131.5
128133
128133.5
128134
128135
128136
128137
128138
128139
128140
128141
128142
128142.5
128143
128144.5
128146
128147
128148
128149
128150
128151
128152
128153
128154
128155
128156
128157
128158
128159
128160
128161.5
128162
128163.5
128164
128165
128166
128167.5
128168
128169
128170
128171
128172
128173
128174
128175
128176
128177
128178
128179
128180
128181
128182
128183
128184
128185.5
128186
128187.5
128188
128189
128190
128191.5
128192
128193
128194
128195.5
128196
128197.5
128199
128200
128201
128202
128203
128204
128205
128205.5
128206
128207.5
128208
128209
128210
128211
128212
128213
128214
128215
128216
128216.5
128217
128218
128219
128219.5
128221
128221.5
128222
128223.5
128224
128225.5
128226
128226.5
128228
128229.5
128231
128231.5
128232
128232.5
128234
128235.5
128236
128237.5
128238
128238.5
128239
128240.5
128242
128242.5
128243
128244
128245
128246
128247
128247.5
128249
128250
128251
128251.5
128253
128253.5
128254
128255.5
128257
128257.5
128259
128260
128261
128262
128263
128264
128265
128265.5
128267
128268
128269
128269.5
128270
128270.5
128271
128272
128273
128273
128275
128276
128277
128277
128277
128279
128281
128282
128283
128284.5
128285
128286.5
128288
128289.5
128291
128292
128293
128294
128295
128296
128297
128298
128299
128300.5
128302
128302.5
128303
128304.5
128306
128306.5
128307
128308
128309
128310
128311
128312
128313
128314.5
128315
128316
128317
128318
128319
128320
128321
128322
128323
128324
128325
128326
128327
128328
128329
128329.5
128331
128331.5
128332
128332.5
128333
128334
128335
128336.5
128337
128338
128339
128340
128341
128342
128343
128343
128343
128345
128347
128347
128347
128348
128349
128350
128351
128352
128353
128354
128355
128355.5
128356
128357
128358
128359
128360
128360.5
128361
128362.5
128363
128363.5
128364
128365.5
128366
128366.5
128368
128369.5
128370
128371.5
128372
128372.5
128374
128374.5
128376
128377.5
128378
128378.5
128379
128380
128381
128382
128383
128384
128385
128386
128387
128387.5
128389
128389.5
128390
128390.5
128392
128393.5
128395
128395.5
128396
128396.5
128397
128398.5
128400
128401.5
128403
128404
128405
128405.5
128406
128406.5
128407
128408.5
128409
128410.5
128411
128412
128413
128414
128415
128416
128417
128418
128419
128420
128421
128422
128423
128424
128425
128426
128427
128428
128429
128430
128431
128431.5
128432
128433.5
128434
128435
128436
128437
128438
128439
128440
128441
128442
128443
128444
128445
128446
128447
128448
128449
128450
128451.5
128452
128453
128454
128455
128456
128457
128458
128459
128460
128461
128462
128463
128464
128465.5
128467
128468
128469
128469.5
128470
128471.5
128473
128474
128475
128475.5
128477
128478
128479
128480
128481
128481.5
128482
128483.5
128485
128485.5
128487
128487.5
128489
128490
128491
128491.5
128492
128493.5
128494
128495
128496
128497
128498
128499
128500
128501
128502
128503
128504
128504.5
128506
128507
128508
128509
128510
128511
128512
128512.5
128514
128515
128516
128517
128518
128519
128520
128521
128522
128523
128524
128525
128526
128526.5
128528
128528.5
128530
128530.5
128532
128533
128534
128534.5
128536
128537
128538
128539
128540
128540.5
128541
128540
128539
128540
128541
128544
128543
128544
128545
128546
128547
128548
128549
128550
128551
128551.5
128552
128553
128554
128555.5
128557
128558
128559
128559.5
128560
128561
128562
128563
128564
128565
128566
128567
128568
128568.5
128569
128568.5
128568
128568.5
128570
128572.5
128575
128574.5
128577
128576.5
128576
128578.5
128578
128580.5
128580
128580.5
128582
128582.5
128584
128584.5
128586
128586.5
128588
128590.5
128593
128594.5
128595
128594.5
128594
128594.5
128595
128596.5
128597
128598
128599
128600
128601
128602
128603
128603.5
128604
128605
128606
128607
128608
128609
128610
128611.5
128612
128613
128614
128615
128616
128616.5
128618
128618.5
128619
128620.5
128621
128622.5
128623
128624
128625
128626.5
128628
128629
128630
128631
128632
128632.5
128633
128634
128635
128636
128637
128638
128639
128640
128641
128642
128643
128644
128645
128646
128647
128647.5
128648
128649.5
128650
128651.5
128652
128653
128654
128655.5
128656
128657
128658
128659
128660
128661
128662
128663
128664
128665
128666
128667
128668
128669
128670
128671
128672
128673
128674
128675
128676
128677
128678
128679
128680
128680.5
128681
128681.5
128683
128684.5
128685
128685.5
128686
128687.5
128688
128688
128688
128690
128692
128692
128694
128694
128694
128695
128696
128697
128698
128699
128700
128701
128702
128703
128704
128705
128706
128707
128708
128709
128710
128711
128712
128713
128714
128715
128716
128717
128718
128719
128720
128720.5
128721
128722
128723
128724
128725
128726
128727
128728.5
128729
128730
128731
128731.5
128733
128733.5
128735
128736
128737
128738
128739
128740.5
128741
128742.5
128743
128744
128745
128746
128747
128748.5
128749
128750.5
128752
128752.5
128753
128754
128755
128756.5
128757
128758.5
128759
128760
128761
128762
128763
128763.5
128764
128765.5
128766
128767
128768
128769.5
128771
128771.5
128773
128773.5
128775
128775.5
128776
128777
128778
128779.5
128780
128781
128782
128782.5
128783
128784.5
128786
128786.5
128787
128788
128789
128790.5
128791
128792
128793
128794.5
128795
128796
128797
128798
128799
128800
128801
128802
128803
128803.5
128804
128805.5
128807
128808
128809
128809.5
128810
128809.5
128809
128811.5
128811
128813.5
128813
128815.5
128818
128817.5
128817
128817.5
128819
128821.5
128821
128821.5
128823
128825.5
128828
128829.5
128830
128829.5
128832
128833.5
128835
128836
128837
128838
128839
128840
128841
128841.5
128842
128841.5
128841
128841.5
128842
128843.5
128845
128847.5
128847
128849.5
128849
128849.5
128850
128851.5
128852
128853.5
128855
128857.5
128857
128859.5
128859
128859.5
128860
128861.5
128862
128863
128864
128865
128866
128867
128868
128869
128870
128871
128872
128873
128874
128875
128876
128876.5
128877
128878
128879
128880
128881
128882.5
128884
128885
128886
128887
128888
128889
128890
128891
128892
128892.5
128894
128894.5
128895
128896
128897
128898
128899
128899.5
128900
128900.5
128902
128902.5
128903
128904.5
128906
128906.5
128907
128908.5
128909
128910
128911
128912.5
128913
128914
128915
128916
128917
128917.5
128918
128918.5
128919
128919.5
128920
128921
128922
128923.5
128924
128925
128926
128927
128928
128929
128930
128931
128932
128933
128934
128935
128936
128937
128938
128939
128940
128941
128942
128942
128942
128943
128944
128945
128946
128947
128948
128948.5
128949
128950
128951
128952
128953
128954.5
128956
128956.5
128958
128958.5
128960
128960.5
128961
128962
128963
128964
128965
128966
128967
128968
128969
128970
128971
128972
128973
128974
128975
128976
128977
128978
128979
128980
128981
128982
128983
128984
128985
128986
128987
128988
128989
128990
128991
128992
128993
128993.5
128994
128995
128996
128997
128998
128999
129000
129001
129002
129003
129004
129005
129006
129007
129008
129007
129006
129009
129012
129013
129014
129013
129012
129013
129014
129015
129016
129017
129018
129018.5
129019
129020.5
129021
129022
129023
129024.5
129025
129026
129027
129028
129029
129030
129031
129032
129033
129034
129035
129036.5
129037
129038.5
129040
129040.5
129042
129043
129044
129045
129046
129047
129048
129048.5
129049
129050
129051
129052
129053
129054
129055
129056
129057
129057.5
129059
129059.5
129060
129061
129062
129063
129064
129064.5
129065
129066.5
129067
129068.5
129070
129070.5
129071
129072.5
129074
129075
129076
129077
129078
129078.5
129079
129080
129081
129082
129083
129084
129085
129086
129087
129087.5
129088
129088
129088
129088.5
129089
129090.5
129092
129094
129096
129097.5
129098
129098
129098
129100
129100
129100.5
129101
129102
129103
129104.5
129105
129106
129107
129108
129109
129110
129111
129111.5
129112
129113
129114
129115
129116
129117
129118
129119
129120
129121
129122
129123
129124
129124.5
129125
129125
129125
129126
129127
129128
129129
129129.5
129130
129130.5
129132
129133.5
129134
129134.5
129136
129137.5
129138
129138.5
129139
129139.5
129141
129141.5
129142
129143.5
129145
129145.5
129147
129148.5
129150
129150.5
129152
129152.5
129153
129153.5
129154
129155.5
129156
129157.5
129159
129159.5
129161
129162.5
129164
129165.5
129166
129166.5
129167
129168.5
129170
129170.5
129172
129172.5
129174
129174.5
129175
129176.5
129177
129178.5
129180
129180.5
129182
129183.5
129184
129184.5
129185
129186.5
129188
129188.5
129189
129190.5
129192
129192.5
129193
129194.5
129195
129196.5
129197
129197.5
129198
129199
129200
129201
129202
129202.5
129203
129204
129205
129206.5
129207
129208
129209
129209
129211
129212
129213
129214.5
129215
129216
129217
129217
129219
129220
129221
129221
129223
129223
129223
129224
129225
129226
129227
129227.5
129229
129229.5
129230
129230.5
129231
129232.5
129233
129234
129235
129235
129235
129236
129237
129238
129239
129240
129241
129241.5
129242
129243.5
129244
129245
129246
129246.5
129248
129249
129250
129251.5
129252
129253
129254
129255
129256
129257
129258
129259
129260
129261
129262
129263
129264
129264.5
129265
129266.5
129267
129267.5
129269
129269.5
129270
129270.5
129271
129272.5
129273
129274.5
129275
129274.5
129274
129274.5
129275
129276
129277
129278.5
129279
129280
129281
129282
129283
129284
129285
129286
129287
129288
129289
129290.5
129291
129292.5
129293
129294
129295
129296
129297
129298.5
129300
129300.5
129302
129302.5
129304
129304.5
129305
129306
129307
129308
129309
129309.5
129311
129312
129313
129314
129315
129316
129317
129317.5
129319
129319.5
129321
129322
129323
129324
129325
129325.5
129327
129327.5
129328
129329
129330
129331
129332
129332.5
129333
129334.5
129336
129336.5
129337
129338.5
129339
129340
129341
129341.5
129342
129343.5
129344
129344.5
129345
129345.5
129346
129347
129348
129349
129350
129351
129352
129353
129354
129354.5
129356
129357
129358
129359
129360
129361
129362
129363
129364
129365
129366
129367
129368
129369
129370
129371
129372
129372.5
129373
129374.5
129376
129376.5
129378
129379
129380
129381
129382
129383
129384
129385
129386
129387
129388
129388.5
129389
129390
129391
129392
129393
129394
129395
129396
129397
129398
129399
129400
129401
129401.5
129402
129403
129404
129405
129406
129407
129408
129409
129410
129411
129412
129413
129414
129415
129416
129417
129418
129419
129420
129421
129422
129423
129424
129424.5
129425
129426.5
129427
129428
129429
129430
129431
129432
129433
129433.5
129434
129434.5
129435
129436.5
129437
129438.5
129439
129440.5
129441
129442.5
129443
129443.5
129444
129445.5
129446
129447.5
129448
129448.5
129450
129451.5
129452
129452.5
129454
129454.5
129456
129457.5
129458
129458.5
129459
129460
129461
129462
129463
129464
129465
129466
129467
129468
129469
129470
129471
129472
129473
129473.5
129474
129475
129476
129476.5
129477
129477.5
129478
129479
129480
129480.5
129482
129483
129484
129485.5
129486
129487.5
129488
129489
129490
129490.5
129491
129492
129493
129494
129495
129496
129497
129498
129499
129500.5
129502
129502.5
129504
129505
129506
129507
129508
129509
129510
129511.5
129512
129513.5
129514
129515
129516
129516.5
129517
129518
129519
129520
129521
129522
129523
129524.5
129526
129527
129528
129529
129530
129530.5
129531
129532
129533
129534
129535
129536
129537
129537.5
129539
129539.5
129541
129541.5
129542
129542
129544
129545.5
129547
129548
129549
129549.5
129550
129550
129550
129550.5
129552
129552.5
129553
129554
129555
129555.5
129557
129557.5
129558
129559
129560
129561
129562
129563
129564
129565
129566
129567
129568
129569
129570
129571
129572
129573
129574
129575
129576
129577
129578
129579
129580
129581
129582
129583
129584
129585
129586
129587
129588
129589
129590
129591
129592
129593
129594
129595
129596
129597
129598
129599
129600
129601
129602
129603
129604
129605
129606
129607
129608
129609
129610
129611
129612
129613
129614
129615
129616
129617
129618
129619
129620
129621
129622
129623
129624
129625
129626
129627
129628
129629
129630
129631
129632
129633
129634
129635
129636
129637
129638
129639
129640
129641
129642
129643
129644
129644.5
129645
129646.5
129647
129648
129649
129649.5
129650
129651
129652
129653
129654
129655
129656
129656.5
129657
129657.5
129658
129658.5
129659
129660
129661
129662
129663
129664
129665
129666
129667
129668
129669
129670
129671
129672
129673
129674.5
129675
129676
129677
129678
129679
129680
129681
129682
129683
129684
129685
129686
129687
129688
129689
129690
129691
129692
129693
129693.5
129695
129695.5
129697
129697.5
129698
129699
129700
129701
129702
129703
129704
129705.5
129706
129707
129708
129709
129710
129711
129712
129713
129714
129715
129716
129716.5
129718
129718.5
129719
129720
129721
129722
129723
129724
129725
129725.5
129726
129727.5
129728
129729.5
129730
129730
129732
129733.5
129734
129734
129734
129735
129736
129737
129738
129738.5
129740
129740.5
129742
129743
129744
129745
129746
129746.5
129747
129748.5
129749
129750.5
129751
129752.5
129754
129755
129756
129757
129758
129758.5
129759
129760
129761
129761.5
129763
129763.5
129765
129766
129767
129768
129769
129770.5
129772
129772.5
129773
129774
129775
129776
129777
129778
129779
129780
129781
129782.5
129784
129784.5
129785
129786
129787
129788
129789
129790
129791
129792
129793
129793.5
129795
129795.5
129797
129797.5
129798
129799.5
129800
129800.5
129801
129801.5
129802
129803.5
129805
129806.5
129807
129808.5
129810
129811.5
129813
129813.5
129814
129814.5
129815
129815.5
129816
129817
129818
129819.5
129821
129822.5
129824
129825.5
129826
129827.5
129829
129830
129831
129832
129833
129833.5
129834
129834.5
129836
129836.5
129837
129837.5
129839
129840.5
129842
129843.5
129845
129845.5
129846
129846.5
129847
129847.5
129848
129849
129850
129851
129852
129853
129854
129855
129856
129857
129858
129859
129860
129861
129862
129862.5
129863
129864
129865
129866
129867
129868
129869
129870
129871
129872
129873
129874
129875
129876
129877
129878
129879
129880
129881
129882
129883
129884
129885
129886
129887
129888
129889
129890
129891
129891.5
129893
129894
129895
129896
129897
129898
129899
129900
129901
129902
129903
129904
129905
129906
129907
129908
129909
129910
129911
129912
129913
129914
129915
129916
129917
129918
129919
129920
129921
129922
129923
129923.5
129924
129925
129926
129927
129928
129928.5
129929
129930
129931
129931
129933
129934
129935
129936
129937
129937
129939
129939
129939
129941
129941
129943
129943
129945
129947
129947
129947
129948
129949
129950
129951
129952
129953
129954
129955
129956
129957
129958
129959
129960
129961
129962
129963
129964
129965
129966
129967
129968
129969
129970
129971
129972
129973
129974
129975
129976
129977
129978
129979
129980
129981
129983
129983
129984
129985
129986
129987
129988
129989
129990
129991
129992
129993
129994
129995
129995.5
129996
129997
129998
129999
130000
130001
130002
130003.5
130005
130005.5
130007
130007.5
130008
130009.5
130010
130011.5
130012
130013
130014
130015
130016
130017
130018
130019
130020
130020.5
130021
130022.5
130023
130024
130025
130026.5
130027
130028
130029
130030
130031
130032
130033
130034
130035
130036
130037
130038.5
130039
130040
130041
130042
130043
130044
130045
130046
130047
130048
130049
130050
130051
130052
130053
130053.5
130054
130054.5
130055
130056
130057
130058
130059
130060
130061
130061.5
130062
130062
130062
130064
130064
130066
130066
130066.5
130068
130068.5
130069
130070.5
130072
130074
130076
130076
130076
130076.5
130078
130078.5
130080
130082
130082
130084
130084
130084.5
130085
130086.5
130088
130088.5
130090
130092
130094
130095.5
130096
130096
130096
130098
130100
130101.5
130103
130103.5
130104
130105.5
130107
130107.5
130108
130109.5
130110
130110
130110
130110.5
130111
130112
130113
130114
130115
130116
130117
130117.5
130119
130120
130121
130121.5
130123
130123.5
130125
130125.5
130126
130126.5
130128
130128.5
130129
130130
130131
130132.5
130133
130134
130135
130136
130137
130138
130139
130140
130141
130142
130143
130144.5
130145
130146.5
130148
130149.5
130150
130150.5
130152
130153.5
130155
130156
130157
130157.5
130159
130160
130161
130162
130163
130164
130165
130165.5
130166
130166.5
130167
130168
130169
130170
130171
130172
130173
130174
130175
130176
130177
130178
130179
130180
130181
130182
130183
130184
130185
130186
130187
130188
130189
130190
130191
130192
130193
130194
130195
130196
130197
130198
130199
130200
130201
130202
130203
130204
130205
130205.5
130206
130207
130208
130209
130210
130211.5
130213
130213.5
130214
130215
130216
130216.5
130217
130218.5
130219
130220
130221
130222
130223
130224
130225
130225.5
130227
130228
130229
130230
130231
130231.5
130232
130233.5
130235
130236
130237
130237.5
130238
130239.5
130240
130240.5
130241
130242
130243
130244
130245
130246.5
130248
130248.5
130250
130250.5
130251
130252
130253
130253.5
130254
130254.5
130255
130256.5
130258
130258.5
130259
130259.5
130261
130261.5
130263
130263.5
130265
130265.5
130267
130267.5
130268
130269
130270
130271
130272
130272.5
130273
130274
130275
130276
130277
130277.5
130278
130279.5
130280
130281
130282
130283
130284
130285
130286
130287
130288
130288.5
130289
130289.5
130290
130291
130292
130292.5
130294
130295
130296
130296.5
130297
130298
130299
130300
130301
130302
130303
130303
130305
130305
130307
130308
130309
130310
130311
130312
130313
130314
130315
130316
130317
130318
130319
130320
130321
130322
130323
130323
130325
130325
130325
130326
130327
130328
130329
130330
130331
130332
130333
130334
130335
130336
130337
130338
130339
130340
130341
130341.5
130342
130343.5
130344
130345
130346
130347
130348
130349
130350
130351
130352
130352.5
130353
130353.5
130355
130355.5
130356
130357.5
130358
130359.5
130360
130361.5
130363
130364.5
130365
130365.5
130366
130366
130366
130368
130368
130368.5
130369
130370
130371
130372
130373
130374
130375
130375.5
130376
130377.5
130379
130380
130381
130382
130383
130383.5
130385
130385.5
130387
130387.5
130389
130389.5
130390
130391
130392
130393
130394
130395
130396
130397.5
130399
130400
130401
130402
130403
130404
130405
130406
130407
130408
130409
130410
130411
130411.5
130412
130413.5
130415
130416
130417
130417.5
130418
130419
130420
130421
130422
130423
130424
130425
130426
130427
130428
130429
130430
130430
130432
130433
130434
130435
130436
130436
130436
130437
130438
130439
130440
130441
130442
130443
130444
130445
130446
130447
130448
130449
130450
130451
130452
130453
130454
130455
130456
130457
130458
130459
130460
130461
130462
130464
130464
130465
130466
130467
130468
130469
130470
130471
130472
130473
130474
130474.5
130476
130476.5
130478
130478.5
130480
130480.5
130482
130482.5
130483
130484
130485
130486
130487
130488
130489
130489.5
130490
130491
130492
130493
130494
130495
130496
130497.5
130498
130499.5
130501
130501.5
130503
130503.5
130504
130505.5
130507
130507.5
130508
130509
130510
130511
130512
130512.5
130513
130514
130515
130516
130517
130518
130519
130519.5
130520
130520.5
130521
130522.5
130524
130525.5
130527
130527.5
130529
130530
130531
130531.5
130533
130534
130535
130535.5
130536
130536.5
130537
130538.5
130540
130540.5
130541
130542.5
130544
130544.5
130545
130545
130545
130547
130547
130549
130551
130552.5
130553
130553
130555
130555
130557
130557
130557
130557.5
130558
130559.5
130561
130563
130565
130565
130567
130568.5
130569
130569
130571
130571
130573
130573
130575
130576.5
130577
130577
130577
130579
130581
130581
130583
130584.5
130586
130586.5
130587
130588.5
130589
130589
130589
130589.5
130590
130591.5
130592
130593.5
130595
130597
130599
130599
130601
130602.5
130603
130603
130603
130605
130605
130605.5
130606
130607.5
130608
130609
130610
130611.5
130613
130613.5
130614
130615.5
130617
130619
130621
130622.5
130624
130625.5
130626
130627.5
130629
130630
130631
130631.5
130632
130632.5
130633
130634.5
130636
130637.5
130638
130638.5
130639
130639
130639
130639.5
130640
130641
130642
130643
130644
130645
130646
130646.5
130647
130648.5
130649
130649.5
130650
130651.5
130652
130653
130654
130654.5
130655
130656
130657
130658
130659
130660
130661
130662.5
130664
130665
130666
130666.5
130667
130668
130669
130670
130671
130672
130673
130674
130675
130676
130677
130678
130679
130680
130681
130682
130683
130684
130685
130685.5
130686
130687.5
130688
130689
130690
130691
130692
130693
130694
130695.5
130697
130697.5
130698
130699
130700
130701.5
130703
130703.5
130704
130705.5
130706
130707
130708
130709
130710
130711
130712
130713
130714
130715
130716
130717
130718
130718.5
130720
130721
130722
130722.5
130723
130724.5
130725
130726
130727
130727.5
130729
130729.5
130730
130730.5
130731
130732.5
130734
130734.5
130735
130736.5
130737
130738.5
130739
130740
130741
130742
130743
130743
130745
130745
130747
130747
130747
130748
130749
130750
130751
130752
130753
130753
130755
130756
130757
130759
130759
130761
130763
130763
130763
130765
130765
130767
130769
130770
130771
130772
130773
130774
130775
130776
130777
130778
130779
130779
130779
130780
130781
130782
130783
130784
130785
130785
130787
130788
130789
130790
130791
130791
130791
130793
130795
130795
130797
130797
130799
130800
130801
130802
130803
130803
130803
130804
130805
130807
130809
130810
130811
130813
130815
130816
130817
130817
130819
130820
130821
130822
130823
130824
130825
130825
130825
130826
130827
130829
130829
130830
130831
130831
130833
130833
130833
130834
130835
130835.5
130836
130837
130838
130839
130840
130841
130842
130842.5
130843
130844
130845
130846
130847
130847.5
130849
130849.5
130851
130851.5
130853
130854
130855
130856
130857
130857.5
130858
130858
130858
130858.5
130859
130860.5
130862
130864
130864
130866
130868
130868
130870
130870
130872
130872
130872
130874
130874
130874.5
130875
130876
130877
130878
130879
130880
130881
130882
130883
130884
130885
130886
130887
130887.5
130888
130889
130890
130891
130892
130893
130894
130895
130896
130897
130898
130899.5
130901
130901.5
130902
130903.5
130904
130905.5
130906
130907
130908
130909
130910
130911
130912
130913
130914
130915
130916
130917
130918
130919
130920
130921
130922
130922
130922
130922.5
130923
130924.5
130926
130928
130928
130928.5
130929
130930
130931
130931.5
130932
130933.5
130934
130935.5
130937
130937.5
130938
130938.5
130939
130940
130941
130942
130943
130943.5
130944
130945.5
130946
130947.5
130948
130949
130950
130950.5
130952
130952.5
130953
130953.5
130955
130956.5
130958
130958.5
130960
130961
130962
130962.5
130963
130963.5
130964
130965
130966
130966.5
130967
130967.5
130968
130969.5
130970
130971.5
130972
130973.5
130974
130975
130976
130977
130978
130979
130980
130981
130982
130983
130984
130984.5
130985
130985.5
130987
130988.5
130990
130991
130992
130993
130994
130995
130996
130996.5
130997
130997.5
130998
130999.5
131001
131002.5
131004
131004.5
131005
131006.5
131007
131007.5
131008
131007.5
131007
131007.5
131008
131009.5
131010
131011
131012
131012.5
131014
131014.5
131015
131016
131017
131016.5
131019
131018.5
131021
131020.5
131023
131022.5
131025
131024.5
131027
131028
131029
131028.5
131028
131029
131030
131032.5
131032
131033
131034
131035
131036
131037
131038
131039
131040
131040.5
131041
131042.5
131043
131043.5
131045
131046.5
131047
131048.5
131049
131050.5
131052
131053
131054
131054.5
131056
131056.5
131057
131057.5
131058
131059
131060
131060.5
131061
131061.5
131063
131064.5
131066
131067
131068
131069
131070
131071
131072
131073
131074
131075
131076
131076.5
131077
131078.5
131080
131080.5
131082
131083
131084
131085
131086
131087
131088
131088.5
131089
131089.5
131090
131091.5
131092
131092.5
131093
131093.5
131094
131095
131096
131097
131098
131099
131100
131101
131102
131102.5
131103
131104.5
131105
131105.5
131106
131107.5
131109
131109.5
131111
131112.5
131113
131113.5
131114
131114.5
131115
131116
131117
131118
131119
131120
131121
131122
131123
131124
131125
131126
131127
131128
131129
131130
131131
131132
131133
131134
131135
131136
131137
131138
131139
131139
131141
131141
131141
131143
131143
131144
131145
131146
131147
131148
131149
131151
131153
131153
131155
131156
131157
131158
131159
131159
131161
131161
131161
131162
131163
131164
131165
131166
131167
131168
131169
131169.5
131171
131171.5
131173
131174
131175
131175.5
131177
131177.5
131179
131179.5
131180
131181.5
131183
131183.5
131184
131185.5
131186
131187
131188
131189
131190
131191
131192
131193
131194
131195
131196
131197
131198
131199
131200
131201
131202
131203
131204
131205
131206
131207
131208
131209
131210
131210.5
131211
131212.5
131213
131213.5
131214
131215.5
131216
131217.5
131218
131219.5
131221
131221.5
131223
131224.5
131225
131226.5
131227
131227.5
131228
131229.5
131230
131231
131232
131232.5
131233
131234.5
131236
131237
131238
131238.5
131239
131240
131241
131242.5
131244
131245
131246
131246.5
131247
131248
131249
131250
131251
131252
131253
131254.5
131255
131256
131257
131258
131259
131259.5
131261
131261.5
131262
131263.5
131264
131264.5
131266
131267.5
131268
131268.5
131270
131270.5
131271
131272.5
131273
131274.5
131275
131276.5
131278
131278.5
131280
131280.5
131281
131282.5
131284
131284.5
131286
131286.5
131288
131288.5
131289
131289.5
131291
131292.5
131293
131293.5
131294
131294.5
131296
131296.5
131297
131298.5
131300
131300.5
131302
131303.5
131304
131304.5
131306
131306.5
131307
131308
131309
131310
131311
131312
131313
131314
131315
131316
131317
131318
131319
131320
131321
131321
131321
131321.5
131323
131325
131325
131325.5
131327
131327.5
131328
131329
131330
131331
131332
131333.5
131334
131335
131336
131337.5
131338
131339.5
131340
131341
131342
131342.5
131344
131344.5
131346
131346.5
131347
131348.5
131349
131350.5
131351
131351.5
131353
131353.5
131354
131354.5
131355
131356
131357
131358
131359
131359.5
131360
131361
131362
131362.5
131364
131364.5
131366
131367
131368
131368.5
131370
131371
131372
131373
131374
131374.5
131376
131377
131378
131379
131380
131381
131382
131383
131384
131384.5
131386
131387
131388
131388.5
131389
131390
131391
131391.5
131393
131394
131395
131396
131397
131397.5
131399
131400
131401
131402
131403
131404
131405
131406.5
131408
131409
131410
131411.5
131413
131414
131415
131416
131417
131418
131419
131419.5
131421
131421.5
131422
131423.5
131424
131425
131426
131427.5
131428
131429
131430
131431
131432
131432.5
131434
131434.5
131435
131436
131437
131437.5
131438
131439
131440
131441
131442
131443
131444
131445
131446
131447
131448
131449
131450
131451
131452
131453
131454
131455
131456
131457
131458
131459
131460
131461
131462
131463
131464
131465
131466
131467
131468
131469
131470
131471
131472
131472.5
131473
131472
131475
131474
131473
131473.5
131474
131475
131476
131477
131478
131479
131480
131481
131482
131482.5
131483
131484
131485
131486
131487
131488
131489
131490
131491
131492
131493
131494
131495
131496
131497
131498
131499
131499.5
131501
131501.5
131502
131503.5
131504
131505.5
131506
131506.5
131507
131508
131509
131510
131511
131512.5
131513
131514
131515
131515
131515
131516
131517
131517.5
131519
131519.5
131521
131522
131523
131523.5
131524
131524.5
131525
131526
131527
131528
131529
131530
131531
131531.5
131532
131533.5
131534
131535.5
131537
131537.5
131539
131539.5
131541
131542
131543
131544
131545
131546
131547
131548
131549
131550
131551
131552.5
131554
131554.5
131556
131557.5
131559
131559.5
131560
131561.5
131563
131563.5
131564
131565.5
131566
131566.5
131568
131569.5
131571
131572
131573
131573.5
131575
131575.5
131576
131576.5
131578
131578.5
131579
131580
131581
131582
131583
131584
131585
131586.5
131588
131588.5
131589
131590.5
131591
131592
131593
131594
131595
131596
131597
131598
131599
131600
131601
131602
131603
131604
131605
131606
131607
131607.5
131609
131609.5
131611
131612
131613
131614
131615
131616
131617
131618
131619
131620
131621
131622
131623
131624
131625
131626
131627
131628
131629
131630
131631
131632.5
131633
131634.5
131636
131636.5
131638
131638.5
131640
131640.5
131642
131642.5
131643
131644
131645
131646
131647
131648
131649
131650
131651
131652.5
131654
131654.5
131655
131656.5
131657
131658.5
131659
131660
131661
131662
131663
131664
131665
131666
131667
131668
131669
131670
131671
131672
131673
131674
131675
131675.5
131676
131677.5
131678
131679.5
131681
131682
131683
131683.5
131684
131685
131686
131686.5
131687
131688.5
131689
131690
131691
131692
131693
131694
131695
131696
131697
131698
131699
131699.5
131700
131701.5
131702
131703.5
131705
131705.5
131706
131707
131708
131709
131710
131711.5
131713
131713.5
131714
131715.5
131717
131718
131719
131719.5
131721
131722
131723
131724.5
131726
131726.5
131727
131728
131729
131730.5
131731
131732
131733
131734.5
131735
131736.5
131737
131738.5
131739
131740
131741
131741.5
131742
131743
131744
131745
131746
131746.5
131747
131748.5
131750
131750.5
131751
131752
131753
131754
131755
131756
131757
131757.5
131759
131759.5
131760
131761.5
131762
131763.5
131765
131765.5
131767
131768
131769
131769.5
131770
131770.5
131771
131772
131773
131774
131775
131776
131777
131778
131779
131780.5
131781
131782.5
131783
131784.5
131786
131786.5
131788
131788.5
131789
131790
131791
131792
131793
131793.5
131795
131795.5
131796
131797
131798
131799.5
131801
131801.5
131802
131803.5
131804
131805
131806
131807
131808
131809
131810
131811
131812
131813
131814
131814.5
131815
131816.5
131817
131818.5
131819
131820
131821
131822.5
131824
131824.5
131825
131826
131827
131827
131827
131829
131829
131831
131831
131833
131835
131836
131837
131838
131839
131839
131841
131841
131843
131844
131845
131846.5
131847
131848
131849
131850
131851
131851
131853
131854
131855
131856.5
131857
131858
131859
131860
131861
131862
131863
131864
131865
131866
131867
131868
131869
131869
131869
131871
131873
131873
131873
131875
131875
131876
131877
131879
131881
131881
131881
131882
131883
131884
131885
131886
131887
131888
131889
131890
131891
131892
131893
131894
131895
131896
131897
131898
131899
131900
131901
131902
131903
131904
131905
131905.5
131906
131907.5
131908
131909.5
131910
131911.5
131913
131913.5
131914
131914.5
131916
131916.5
131917
131917.5
131919
131920.5
131922
131922.5
131923
131924.5
131925
131925.5
131926
131927
131928
131929
131930
131931
131932
131933
131934
131935
131936
131934.5
131933
131933
131933
131934
131935
131936
131937
131938
131939
131939.5
131940
131941
131942
131943
131944
131945
131946
131947
131948
131949
131950
131951
131952
131953
131954
131955
131956
131957
131958
131958.5
131960
131961
131962
131963
131964
131965
131966
131967
131968
131969
131970
131971
131972
131973
131974
131975.5
131977
131977.5
131978
131979
131980
131981
131982
131983
131984
131985
131986
131987
131988
131989
131990
131991
131992
131993
131994
131995
131996
131997
131998
131999.5
132000
132001.5
132003
132003.5
132004
132005
132006
132007.5
132008
132009.5
132010
132011
132012
132013
132014
132015
132016
132017
132018
132019
132020
132020.5
132021
132022.5
132023
132024.5
132026
132027
132028
132029
132030
132031
132032
132033
132034
132035
132036
132036.5
132037
132038.5
132039
132040
132041
132042
132043
132044
132045
132045.5
132047
132047.5
132048
132049.5
132050
132051
132052
132053
132054
132055.5
132057
132058
132059
132059.5
132060
132061.5
132063
132064
132065
132066
132067
132068
132069
132070
132071
132071.5
132072
132073
132074
132075
132076
132076.5
132078
132079
132080
132081
132082
132082.5
132084
132085
132086
132087
132088
132089
132090
132091.5
132093
132094
132095
132096
132097
132098
132099
132100
132101
132102
132103
132103.5
132104
132105.5
132106
132107
132108
132109.5
132111
132111.5
132112
132113
132114
132115
132116
132117
132118
132118.5
132120
132120.5
132121
132122.5
132124
132124.5
132125
132126.5
132128
132129
132130
132130.5
132131
132132
132133
132134
132135
132136
132137
132138
132139
132139.5
132140
132141.5
132142
132142
132144
132144
132146
132147.5
132148
132148
132148
132149
132150
132151
132152
132153
132154
132154.5
132156
132156.5
132158
132159
132160
132161
132162
132163
132164
132165
132166
132166.5
132168
132168.5
132170
132170.5
132171
132171.5
132172
132172.5
132173
132174
132175
132175.5
132176
132176.5
132177
132178
132179
132180
132181
132182
132183
132184
132185
132186
132187
132188
132189
132190
132191
132192
132193
132194
132195
132196
132197
132198
132199
132199
132199
132201
132201
132201.5
132203
132203.5
132204
132205.5
132206
132207
132208
132209
132210
132211.5
132213
132213.5
132215
132217
132217
132217.5
132218
132219
132220
132221
132222
132222.5
132223
132224
132225
132225
132225
132227
132229
132229
132231
132231
132233
132233
132233
132233.5
132235
132237
132237
132239
132241
132242
132243
132243
132245
132245
132247
132248
132249
132249
132249
132249.5
132250
132251.5
132253
132253.5
132254
132255
132256
132257.5
132258
132259
132260
132261
132262
132263
132264
132264.5
132266
132266.5
132267
132267.5
132268
132268
132268
132269
132270
132271
132272
132273
132274
132275
132276
132277
132278
132280
132280
132281
132282
132283
132284
132284.5
132285
132285.5
132287
132288.5
132289
132289.5
132291
132292.5
132293
132294.5
132296
132297
132298
132298.5
132299
132299.5
132301
132302.5
132303
132303.5
132305
132305.5
132306
132307
132308
132309
132310
132311.5
132313
132313.5
132314
132315.5
132316
132317
132318
132319.5
132321
132321.5
132323
132323.5
132324
132325.5
132326
132327.5
132329
132329.5
132331
132331.5
132332
132333.5
132334
132335
132336
132337
132338
132339
132340
132341
132342
132343
132344
132345
132346
132347
132348
132349
132350
132351
132352
132353
132354
132354.5
132355
132355.5
132356
132357
132358
132358.5
132360
132361
132362
132363
132364
132365
132366
132367
132368
132369.5
132371
132372.5
132374
132375
132376
132377
132378
132378.5
132380
132381
132382
132383
132384
132385
132386
132387
132388
132389
132390
132391
132392
132393
132394
132395
132396
132397
132398
132398.5
132400
132400.5
132401
132401.5
132403
132404.5
132405
132406.5
132407
132407.5
132409
132409.5
132411
132411.5
132412
132413.5
132414
132415
132416
132417
132418
132418.5
132419
132419.5
132421
132421.5
132423
132423.5
132425
132425.5
132427
132428.5
132429
132430.5
132431
132432.5
132434
132434.5
132435
132435.5
132436
132437.5
132438
132439
132440
132441
132442
132443
132444
132445
132446
132447
132448
132449
132450
132451
132452
132452.5
132454
132454.5
132456
132456.5
132457
132458
132459
132460
132461
132462
132463
132464
132465
132466.5
132467
132468
132469
132470
132471
132471.5
132472
132472.5
132473
132474
132475
132476
132477
132478
132479
132480
132481
132481
132481
132482
132483
132485
132485
132486
132487
132489
132489
132490
132491
132492
132493
132494
132495
132497
132497
132499
132499
132500
132501
132502
132503
132504
132505
132506
132507
132508
132509
132510
132511
132512
132513
132514
132515
132515.5
132516
132517
132518
132519
132520
132521
132522
132523
132524
132525
132526
132527
132528
132529
132530
132531
132532
132533
132534
132535
132536
132537
132538
132539
132540
132541
132542
132543
132544
132545
132546
132546.5
132548
132548.5
132549
132549.5
132550
132551.5
132552
132553
132554
132554
132554
132555
132556
132556.5
132557
132558
132559
132560
132561
132562
132563
132563.5
132564
132565
132566
132567.5
132569
132569.5
132571
132571.5
132573
132573.5
132575
132576
132577
132578
132579
132579.5
132580
132581.5
132582
132583
132584
132585
132586
132587
132588
132589
132590
132591
132592
132593
132594
132595.5
132596
132597.5
132598
132599.5
132600
132601.5
132602
132603.5
132604
132605.5
132606
132607
132608
132609
132610
132611
132612
132613
132614
132615
132616
132616.5
132618
132618.5
132619
132620
132621
132622
132623
132624
132625
132626
132627
132628
132629
132630
132631
132632
132633
132634
132635
132635.5
132637
132638
132639
132640
132641
132642
132643
132643.5
132644
132645
132646
132647.5
132649
132649.5
132650
132651
132652
132653.5
132655
132656
132657
132658
132659
132659.5
132661
132662
132663
132663.5
132665
132666
132667
132667.5
132669
132670
132671
132672.5
132674
132674.5
132675
132676.5
132677
132678
132679
132680
132681
132682.5
132683
132684.5
132686
132686.5
132687
132688.5
132690
132690.5
132691
132692
132693
132693.5
132695
132695.5
132697
132698
132699
132700
132701
132702
132703
132704
132705
132705.5
132707
132708
132709
132710
132711
132711.5
132712
132713
132714
132715
132716
132717
132718
132718.5
132719
132720
132721
132721.5
132722
132723.5
132724
132725.5
132726
132726.5
132727
132728
132729
132730.5
132731
132732.5
132734
132734.5
132735
132736.5
132737
132738
132739
132740
132741
132742
132743
132744
132745
132746
132747
132748
132749
132750
132751
132751.5
132752
132752
132754
132754
132754
132756
132756
132757
132758
132758.5
132760
132760.5
132761
132761
132761
132762
132763
132764
132765
132766
132767
132768
132769
132770
132771
132772
132773
132775
132775
132776
132777
132778
132779
132780
132781
132782
132783
132784
132785
132786
132787
132788
132789
132790
132791
132792
132793
132793
132793
132795
132797
132797
132799
132799
132801
132801
132801
132802
132803
132804
132805
132806
132807
132808
132809
132810
132811
132812
132813
132814
132815
132815.5
132817
132817.5
132818
132819
132820
132820.5
132821
132821
132823
132824.5
132825
132826.5
132828
132828.5
132830
132831
132832
132833
132834
132834.5
132836
132836.5
132837
132838.5
132839
132839
132841
132841
132841
132842
132843
132844
132845
132846
132847
132848
132849
132849.5
132850
132851.5
132852
132853
132854
132855
132856
132856
132858
132859
132860
132861
132862
132863.5
132864
132865.5
132866
132867
132868
132869
132870
132871
132872
132873
132874
132875
132876
132877
132878
132878
132880
132880
132882
132882
132882
132884
132884
132885
132886
132887
132888
132889
132890
132891
132892
132893
132894
132895
132896
132897
132898
132899
132900
132900
132900
132900.5
132901
132902
132903
132904
132905
132906.5
132907
132908
132909
132910
132911
132912
132913
132914.5
132916
132918
132918
132918.5
132919
132920
132921
132922.5
132923
132924
132925
132925
132927
132927
132927
132926.5
132929
132928.5
132931
132933
132933
132935
132935
132937
132937
132936.5
132939
132941
132941
132940.5
132940
132941
132942
132942
132944
132944
132944
132946
132948
132949
132950
132950
132950
132952
132954
132954
132954
132954
132954
132955
132956
132957
132958
132958.5
132959
132960.5
132961
132962.5
132963
132964
132965
132966
132967
132967.5
132968
132969
132970
132971.5
132972
132973
132974
132975
132976
132977
132978
132979
132980
132981
132982
132982.5
132984
132985
132986
132987
132988
132988.5
132989
132990
132991
132992
132993
132993.5
132994
132995.5
132996
132997
132998
132999
133000
133001
133002
133003
133004
133005
133006
133007
133008
133009
133010
133011
133012
133012.5
133013
133014.5
133016
133016.5
133017
133018.5
133019
133020.5
133022
133022.5
133024
133025
133026
133026.5
133027
133028
133029
133030.5
133031
133032
133033
133034.5
133036
133037
133038
133038.5
133040
133040.5
133041
133042.5
133043
133044.5
133045
133046
133047
133048
133049
133050
133051
133052
133053
133054
133055
133056
133057
133057.5
133058
133059
133060
133061
133062
133063
133064
133065
133066
133067
133068
133069
133070
133070.5
133071
133072.5
133073
133074.5
133075
133076.5
133077
133078
133079
133080
133081
133082.5
133083
133084
133085
133086
133087
133088
133089
133088.5
133091
133090.5
133093
133092.5
133092
133094.5
133094
133095
133096
133097
133098
133100.5
133100
133101
133102
133103
133104
133104.5
133105
133106.5
133107
133108.5
133110
133111
133112
133112.5
133113
133114.5
133115
133116.5
133117
133118
133119
133120
133121
133122
133123
133124
133125
133126
133127
133128
133129
133130
133131
133132
133133
133134
133135
133136
133137
133138
133139
133140
133141
133142
133143
133144
133145
133146
133147
133148
133149
133150
133151
133152
133153
133154
133155
133156
133157
133158
133159
133160
133161
133161
133163
133163
133163
133165
133165
133167
133169
133170
133171
133172
133173
133174
133175
133176
133177
133178
133179
133180
133181
133182
133183
133183
133183
133182.5
133182
133184.5
133184
133185
133186
133186.5
133187
133187.5
133189
133190.5
133192
133192.5
133193
133193.5
133195
133195.5
133197
133197.5
133199
133199.5
133201
133201.5
133202
133203.5
133205
133205.5
133206
133207.5
133209
133209.5
133211
133211.5
133213
133213.5
133215
133216.5
133218
133218.5
133219
133219.5
133220
133220.5
133221
133222.5
133223
133224.5
133226
133226.5
133227
133228.5
133229
133230.5
133231
133232.5
133233
133234
133235
133234.5
133234
133236.5
133236
133237
133238
133238.5
133240
133240.5
133242
133243
133244
133245
133246
133247
133248
133250.5
133250
133252.5
133252
133253
133254
133256.5
133256
133257
133258
133258.5
133259
133259.5
133260
133261.5
133262
133262.5
133264
133265.5
133267
133267.5
133269
133269.5
133270
133270.5
133272
133272.5
133273
133273.5
133274
133275
133276
133277
133278
133279
133280
133280.5
133282
133283
133284
133285
133286
133287
133288
133289.5
133291
133292.5
133293
133294.5
133296
133297.5
133298
133298.5
133300
133301.5
133302
133302.5
133303
133303.5
133304
133305.5
133306
133307
133308
133309.5
133310
133311
133312
133313
133314
133315
133316
133317
133318
133318.5
133319
133319.5
133320
133321.5
133323
133324.5
133325
133325.5
133327
133328.5
133330
133330.5
133331
133332.5
133333
133334.5
133336
133336.5
133338
133338.5
133339
133339.5
133341
133341.5
133342
133343.5
133344
133345.5
133347
133347.5
133349
133349.5
133351
133351.5
133353
133353.5
133354
133354
133356
133357.5
133358
133359.5
133360
133360
133360
133360
133362
133364
133364
133364
133366
133366
133368
133368
133368
133369
133370
133371
133372
133373
133374
133376
133376
133378
133378
133379
133380
133381
133382
133384
133386
133386
133388
133390
133392
133393.5
133395
133396.5
133397
133398.5
133399
133399.5
133400
133400
133402
133403.5
133404
133404
133404
133404
133406
133408
133408
133408
133408
133409
133410
133411
133412
133412.5
133413
133413.5
133414
133415
133416
133417
133418
133419.5
133421
133421.5
133422
133423
133424
133424.5
133425
133426
133427
133428
133429
133430.5
133431
133432.5
133433
133434
133435
133436
133437
133438
133439
133439
133441
133442
133443
133443
133443
133444
133445
133447
133449
133449
133449
133450
133451
133452
133453
133454
133455
133457
133457
133458
133459
133459.5
133460
133461
133462
133463.5
133465
133466
133467
133469
133471
133472
133473
133474
133475
133476.5
133478
133479
133480
133481.5
133483
133484.5
133486
133487
133488
133489
133490
133490.5
133491
133491.5
133492
133493
133494
133495
133496
133496.5
133497
133498.5
133500
133501
133502
133502.5
133503
133504
133505
133506.5
133507
133508.5
133510
133510.5
133511
133512
133513
133513
133513
133515
133517
133518
133519
133520
133521
133521
133521
133522
133523
133524
133525
133525.5
133526
133527
133528
133529
133530
133531
133532
133533
133534
133535.5
133536
133537.5
133539
133540
133541
133542
133543
133545
133547
133547
133547
133549
133551
133551
133551
133552
133553
133554
133555
133555.5
133556
133557
133558
133559
133560
133561.5
133563
133563.5
133564
133565.5
133566
133567.5
133568
133569
133570
133571
133572
133573
133574
133575
133576
133577
133578
133579
133580
133581
133582
133583
133584
133585
133586
133587
133588
133589
133590
133591
133592
133593
133594
133595
133596
133597
133598
133599
133600
133601
133602
133602.5
133603
133604.5
133605
133606.5
133607
133608.5
133609
133608.5
133611
133612.5
133614
133614.5
133616
133617
133618
133619
133620
133621
133622
133623
133624
133625
133626
133627
133628
133629
133630
133631
133632
133633
133634
133634.5
133635
133634.5
133634
133636.5
133639
133638.5
133641
133640.5
133640
133642.5
133642
133644.5
133644
133645
133646
133646.5
133647
133648
133649
133648.5
133651
133650.5
133653
133654
133655
133656
133657
133658
133659
133658.5
133661
133660.5
133663
133662.5
133662
133663
133664
133666.5
133666
133668.5
133668
133670.5
133670
133672.5
133675
133674.5
133677
133676.5
133676
133677
133678
133679
133680
133680.5
133681
133682
133683
133684
133685
133685
133685
133687
133689
133689
133691
133691
133691
133692
133693
133694
133695
133696
133697
133697
133699
133700
133701
133702
133703
133703
133705
133706
133707
133708
133709
133710
133711
133712
133713
133713
133715
133716
133717
133718
133719
133720
133721
133722
133723
133723
133723
133723.5
133724
133724.5
133725
133726.5
133727
133727
133727
133729
133729
133729.5
133731
133731.5
133732
133732.5
133733
133734.5
133735
133736.5
133737
133738
133739
133740.5
133742
133742.5
133743
133744.5
133745
133746
133747
133748
133749
133750
133751
133752
133753
133753.5
133755
133756
133757
133757.5
133758
133759.5
133761
133761.5
133762
133763
133764
133765
133766
133767
133768
133769
133770
133771
133772
133773
133774
133775.5
133777
133777.5
133779
133779.5
133780
133781.5
133782
133783
133784
133785.5
133787
133788
133789
133790
133791
133792
133793
133794
133795
133795.5
133796
133797.5
133798
133799
133800
133801
133802
133803.5
133805
133806
133807
133808
133809
133809.5
133810
133811
133812
133813.5
133815
133816
133817
133817.5
133818
133819
133820
133821.5
133823
133823.5
133825
133826
133827
133828
133829
133829.5
133830
133831
133832
133833
133834
133835
133836
133837
133838
133839
133840
133840.5
133841
133841.5
133842
133843
133844
133845
133846
133847
133848
133849
133850
133850
133850
133851
133852
133852.5
133854
133854.5
133855
133856.5
133858
133858.5
133859
133860
133861
133862
133863
133864.5
133865
133866
133867
133868
133869
133870
133871
133872
133873
133874
133875
133875.5
133876
133877.5
133879
133880
133881
133881.5
133883
133883.5
133885
133885.5
133886
133887
133888
133888.5
133889
133890.5
133891
133892.5
133894
133894.5
133895
133895.5
133897
133898.5
133900
133901
133902
133903
133904
133904.5
133906
133907
133908
133909
133910
133911
133912
133913.5
133914
133915
133916
133916.5
133918
133919
133920
133921
133922
133923
133924
133925
133926
133927.5
133929
133929.5
133930
133931.5
133932
133933
133934
133935.5
133936
133937.5
133938
133939
133940
133940.5
133941
133941.5
133943
133943.5
133944
133945
133946
133946.5
133948
133948.5
133949
133949.5
133951
133952.5
133953
133954.5
133956
133957
133958
133959
133960
133961
133962
133962.5
133963
133963.5
133964
133965.5
133966
133967
133968
133969
133970
133971
133972
133972.5
133973
133973.5
133975
133975.5
133976
133977.5
133979
133980.5
133981
133981.5
133982
133983
133984
133985
133986
133987
133988
133989
133990
133991
133992
133992
133992
133994
133996
133997
133998
133999
134000
134000
134002
134002
134004
134005
134006
134007
134008
134009
134010
134010
134012
134013
134014
134014
134016
134016
134018
134018
134018
134017.5
134020
134019.5
134022
134021.5
134021
134023.5
134026
134025.5
134028
134030
134030
134032
134034
134034
134034
134036
134038
134039
134040
134041
134042
134043
134044
134045
134046
134046
134046
134048
134050
134051
134052
134053
134054
134055
134056
134056
134056
134058
134058
134060
134060
134059.5
134059
134061.5
134061
134063.5
134063
134063.5
134064
134064.5
134066
134066.5
134067
134068.5
134069
134070.5
134071
134072
134073
134074
134075
134076
134077
134078
134079
134079.5
134081
134081.5
134083
134083.5
134084
134085.5
134086
134087.5
134088
134089.5
134090
134090.5
134091
134092
134093
134094
134095
134096
134097
134098
134099
134100
134101
134102
134103
134104.5
134105
134106
134107
134108.5
134109
134110
134111
134112
134113
134114
134115
134115
134117
134118
134119
134120
134121
134121
134123
134123
134123
134125
134125
134127
134127
134129
134131
134131
134131
134133
134135
134135
134135
134136
134137
134138
134139
134140
134141
134142
134143
134144
134145
134146
134147
134148
134149
134150
134151
134153
134155
134155
134155
134157
134157
134158
134159
134160
134161
134163
134163
134164
134165
134166
134167
134168
134169
134170
134171
134172
134173
134174
134175
134175.5
134176
134177
134178
134179
134180
134181
134182
134183
134184
134185
134186
134187
134188
134189
134190
134191
134192
134193
134194
134195
134196
134197.5
134198
134199
134200
134201
134202
134203
134204
134205
134206
134207
134208
134209
134210
134211
134212
134213
134214
134215
134216
134217
134218
134219
134220
134221
134222
134223
134224
134225
134226
134227
134228
134229
134230
134231
134232
134233
134234
134235
134236
134237
134238
134238
134238
134240
134242
134242
134242
134243
134244
134246
134246
134248
134248
134249
134250
134250.5
134252
134252.5
134253
134254.5
134256
134256.5
134257
134257.5
134258
134258.5
134260
134260.5
134261
134262
134263
134264
134265
134265.5
134267
134268
134269
134270
134271
134271.5
134273
134273.5
134275
134276
134277
134278.5
134280
134280.5
134281
134282
134283
134283.5
134284
134285
134286
134287
134288
134289
134290
134291
134292
134293
134294
134295
134296
134297
134298
134299
134300
134301
134302
134303
134304
134305
134306
134307.5
134308
134309.5
134310
134311
134312
134313
134314
134315
134316
134317
134318
134319
134320
134320.5
134322
134323
134324
134325
134326
134327
134328
134328.5
134330
134330.5
134331
134332
134333
134334
134335
134335.5
134337
134338
134339
134340
134341
134341.5
134342
134343.5
134344
134345.5
134346
134347.5
134349
134349.5
134351
134352
134353
134354
134355
134355.5
134356
134357
134358
134359
134360
134361
134362
134362.5
134363
134363
134363
134363.5
134365
134365.5
134366
134367
134368
134369
134370
134371
134372
134372
134372
134374
134376
134377
134378
134379
134380
134381
134382
134382
134382
134383
134384
134385
134386
134386.5
134388
134389
134390
134390.5
134391
134392.5
134394
134394.5
134395
134396
134397
134398
134399
134399
134401
134402
134403
134403
134405
134406
134407
134408.5
134409
134410
134411
134411
134411
134411.5
134412
134412.5
134414
134414.5
134415
134416
134417
134418
134419
134420
134421
134422
134423
134424
134425
134426
134427
134428
134429
134430.5
134431
134432
134433
134434
134435
134436
134437
134438
134439
134440
134441
134442
134443
134444
134445
134446
134447
134448
134449
134450
134451
134452
134453
134454
134455
134456
134457
134458
134459
134460
134461
134462
134463
134464
134465
134466
134467
134468
134469
134470
134471
134471
134471
134473
134475
134475
134477
134478
134479
134480
134481
134481
134481
134483
134485
134486
134487
134488
134489
134489
134491
134491
134491
134491.5
134492
134493
134494
134495.5
134496
134497.5
134499
134501
134503
134503
134503
134505
134505
134505.5
134507
134509
134509
134509.5
134510
134511
134512
134513
134514
134515
134516
134516.5
134517
134518
134519
134520
134521
134521.5
134523
134524
134525
134525.5
134526
134527.5
134528
134529
134530
134530.5
134531
134532.5
134534
134534.5
134535
134536
134537
134537.5
134539
134540
134541
134541.5
134542
134542.5
134543
134544.5
134545
134546
134547
134548
134549
134550
134551
134552.5
134554
134555.5
134556
134556.5
134557
134558.5
134560
134560.5
134562
134562.5
134563
134564.5
134565
134566.5
134567
134568
134569
134570
134571
134572
134573
134574
134575
134576
134577
134578
134579
134579.5
134581
134581.5
134582
134582
134584
134585.5
134586
134587.5
134588
134588
134588
134589
134590
134591
134592
134593
134594
134594.5
134595
134596.5
134597
134597
134597
134598
134599
134600
134601
134602
134603
134604
134605
134606
134607
134609
134611
134611
134613
134614.5
134616
134616.5
134617
134617
134617
134618
134619
134620
134621
134622
134623
134624
134625
134626
134627
134628
134629
134629.5
134631
134631.5
134633
134633.5
134634
134634.5
134635
134636
134637
134638.5
134640
134640.5
134641
134642
134643
134644
134645
134646
134647
134648
134649
134650
134651
134652
134653
134654
134655
134656
134657
134658
134659
134660
134661
134662
134663
134664
134665
134665.5
134667
134667.5
134669
134669.5
134670
134670
134670
134672
134674
134674
134674
134675
134676
134678
134678
134679
134680
134680.5
134682
134682.5
134683
134684.5
134685
134686
134687
134688
134689
134690
134691
134692
134693
134694
134695
134696
134697
134698
134699
134700
134701
134701.5
134703
134703.5
134705
134705.5
134706
134707
134708
134709.5
134711
134711.5
134712
134713.5
134715
134715.5
134717
134717.5
134719
134719.5
134720
134721
134722
134723
134724
134725
134726
134727
134728
134729
134730
134730.5
134731
134732
134733
134734
134735
134736.5
134737
134738.5
134739
134740
134741
134742
134743
134744
134745
134746
134747
134748.5
134749
134750
134751
134752
134753
134754
134755
134756
134757
134758
134759
134760
134761
134762
134763
134764
134765
134766
134767
134768
134769
134769.5
134771
134771.5
134772
134773.5
134775
134775.5
134776
134777
134778
134778.5
134779
134779.5
134781
134782.5
134783
134783.5
134784
134784
134786
134787.5
134788
134788
134788
134790
134790
134790.5
134791
134792.5
134794
134796
134796
134796.5
134798
134798.5
134800
134800.5
134801
134802
134803
134804
134805
134806
134807
134808
134809
134810
134811
134812
134813
134814
134815
134815.5
134817
134817.5
134818
134818.5
134820
134820.5
134822
134822.5
134824
134825.5
134827
134827.5
134829
134829.5
134830
134830.5
134831
134832.5
134833
134833.5
134834
134835.5
134836
134837
134838
134839
134840
134841.5
134842
134843.5
134844
134845
134846
134847.5
134849
134849.5
134850
134851
134852
134853
134854
134855
134856
134857
134858
134859
134860
134861
134862
134863.5
134865
134865.5
134866
134867.5
134868
134869.5
134870
134871
134872
134873
134874
134875
134876
134877
134878
134879
134880
134881
134882
134882.5
134884
134884.5
134886
134886.5
134887
134888.5
134890
134890.5
134892
134892.5
134893
134894.5
134895
134895.5
134896
134897.5
134898
134898.5
134900
134900.5
134902
134902.5
134903
134904.5
134905
134906
134907
134908.5
134910
134911.5
134913
134913.5
134915
134916.5
134918
134918.5
134919
134919.5
134920
134920.5
134921
134922
134923
134924
134925
134926
134927
134928
134929
134930
134931
134931.5
134932
134933.5
134934
134935.5
134936
134937.5
134938
134939.5
134940
134941
134942
134942.5
134944
134944.5
134945
134946
134947
134948
134949
134950
134951
134952
134953
134954.5
134955
134956.5
134957
134958.5
134960
134961
134962
134963
134964
134965
134966
134967
134968
134968.5
134969
134970
134971
134972
134973
134973
134975
134975
134977
134977
134979
134980
134981
134982
134983
134984
134985
134986
134987
134988
134989
134990.5
134991
134992
134993
134994
134995
134996
134997
134998
134999
134999
135001
135001
135003
135003
135003
135004
135005
135006
135007
135008
135009
135010
135011
135011.5
135012
135013.5
135014
135015
135016
135017
135018
135018.5
135019
135020
135021
135021.5
135023
135024
135025
135025.5
135026
135027
135028
135029
135030
135030
135030
135031
135032
135032
135034
135034
135036
135036
135038
135039
135040
135040
135040
135041
135042
135043
135044
135046
135048
135048
135048
135050
135052
135052
135054
135054
135054
135056
135056
135057
135058
135059
135060
135061
135062
135063
135064
135064.5
135066
135066.5
135067
135068
135069
135070
135071
135072.5
135073
135074
135075
135075.5
135077
135077.5
135079
135080
135081
135082
135083
135083.5
135084
135085.5
135086
135087.5
135089
135089.5
135091
135092
135093
135093.5
135095
135096
135097
135098
135099
135100
135101
135101.5
135103
135103.5
135105
135105.5
135106
135105.5
135105
135105.5
135107
135107.5
135108
135109.5
135110
135111.5
135112
135113
135114
135115
135116
135117
135118
135118
135120
135120
135122
135122
135122
135124
135126
135127
135128
135129
135130
135131
135132
135133
135134
135135
135136
135137
135138
135139.5
135140
135141
135142
135143
135144
135145
135146
135147
135148
135149
135150
135150
135150
135151
135152
135153
135154
135155
135156
135157
135158
135159
135160
135161
135162
135163
135164
135165
135166
135166.5
135167
135168
135169
135169
135171
135172
135173
135174
135175
135176
135177
135177
135177
135177.5
135179
135179.5
135181
135183
135185
135185
135185
135185.5
135186
135186.5
135187
135187.5
135188
135189.5
135190
135191
135192
135193
135194
135195
135196
135197
135198
135199
135200
135201
135202
135202
135202
135204
135204
135204.5
135205
135206.5
135208
135208.5
135210
135210.5
135211
135211.5
135213
135213.5
135215
135216.5
135217
135217.5
135218
135219.5
135220
135220
135222
135223.5
135224
135224
135224
135223.5
135223
135225.5
135228
135230
135232
135233.5
135234
135234
135234
135233.5
135233
135233.5
135235
135235.5
135237
135239.5
135239
135241.5
135241
135241.5
135242
135242.5
135244
135244.5
135246
135246.5
135247
135248
135249
135250
135251
135251.5
135252
135253
135254
135255
135256
135257
135258
135258.5
135260
135260.5
135262
135262.5
135264
135265
135266
135266.5
135267
135267.5
135269
135269.5
135271
135272.5
135274
135275
135276
135277.5
135278
135279.5
135280
135281
135282
135282.5
135283
135283.5
135285
135285.5
135286
135287.5
135289
135290.5
135291
135292.5
135293
135293.5
135295
135295.5
135297
135297.5
135299
135299.5
135300
135301
135302
135303
135304
135304.5
135305
135306
135307
135308
135309
135310
135311
135312
135313
135314
135315
135316
135317
135317.5
135318
135319.5
135321
135322
135323
135324
135325
135325.5
135326
135326
135326
135328
135328
135328.5
135329
135329.5
135330
135330.5
135332
135333.5
135335
135335.5
135337
135337.5
135338
135338.5
135339
135340
135341
135342
135343
135344
135345
135346
135347
135347.5
135348
135349.5
135351
135351.5
135352
135353.5
135354
135355.5
135356
135357.5
135359
135359.5
135361
135361.5
135362
135363
135364
135365
135366
135367
135368
135369
135370
135370.5
135372
135372.5
135373
135374
135375
135376
135377
135378.5
135379
135380
135381
135381.5
135382
135383
135384
135385
135386
135387
135388
135388.5
135389
135390
135391
135391.5
135393
135393.5
135395
135396
135397
135398
135399
135400
135401
135402
135403
135404
135405
135406.5
135408
135408.5
135409
135410.5
135411
135412
135413
135414
135415
135416
135417
135417.5
135419
135419.5
135420
135420.5
135421
135422.5
135423
135423.5
135425
135425.5
135426
135426.5
135427
135427
135427
135427.5
135429
135431
135431
135433
135435
135435
135435
135437
135439
135439
135441
135442.5
135443
135443
135443
135445
135445
135445.5
135446
135447.5
135449
135449.5
135450
135451
135452
135452.5
135453
135454.5
135456
135457
135458
135459
135460
135461
135462
135462.5
135463
135463.5
135464
135464.5
135465
135466.5
135468
135468.5
135470
135470.5
135471
135472
135473
135474
135475
135475.5
135476
135477.5
135478
135479.5
135480
135481
135482
135483
135484
135485
135486
135487
135488
135488.5
135490
135490.5
135491
135491
135493
135494.5
135495
135496.5
135497
135498.5
135499
135499
135499
135501
135501
135502
135503
135505
135505
135506
135507
135509
135509
135511
135511
135513
135513
135514
135515
135516
135517
135518
135519
135519.5
135521
135521.5
135523
135523.5
135525
135525.5
135526
135527.5
135528
135527.5
135530
135531.5
135533
135533.5
135534
135533.5
135536
135535.5
135538
135537.5
135537
135538
135539
135540
135541
135542
135543
135544
135545
135546
135547
135548
135549
135550
135551
135552
135553
135554
135555
135556
135557
135558
135559
135560
135561
135562
135563
135564
135565
135566
135567
135567.5
135568
135569
135570
135571
135572
135571.5
135571
135573.5
135576
135577
135578
135579.5
135581
135582
135583
135584
135585
135586
135587
135588
135589
135590
135591
135592
135593
135594
135595
135596
135597
135598
135599
135600
135601
135602
135603
135604
135605
135606
135607
135608
135609
135610
135611
135612
135613
135614
135615
135616
135617
135617.5
135618
135619.5
135621
135621.5
135623
135623.5
135625
135625.5
135626
135627
135628
135629
135630
135631
135632
135631.5
135631
135633.5
135633
135635.5
135635
135635.5
135637
135637.5
135638
135639
135640
135641
135642
135643
135644
135645
135646
135647
135648
135649
135650
135650
135650
135651
135652
135653
135654
135654.5
135655
135655.5
135657
135657.5
135658
135659.5
135660
135661
135662
135663
135664
135665.5
135666
135667
135668
135669
135670
135671.5
135672
135673.5
135675
135675.5
135676
135677
135678
135678.5
135679
135680.5
135682
135682.5
135683
135684
135685
135686
135687
135688
135689
135690
135691
135692
135693
135694
135695
135695.5
135696
135697.5
135698
135698.5
135699
135700.5
135701
135702.5
135703
135704
135705
135706.5
135707
135708
135709
135710
135711
135711.5
135712
135712.5
135713
135713.5
135714
135715.5
135716
135716.5
135717
135718
135719
135720.5
135722
135722.5
135724
135724.5
135726
135726.5
135728
135729.5
135731
135731.5
135732
135733.5
135734
135735.5
135736
135736.5
135738
135738.5
135739
135740
135741
135741.5
135742
135743.5
135745
135745.5
135747
135747.5
135748
135749
135750
135751
135752
135753
135754
135755
135756
135756.5
135758
135758.5
135759
135760
135761
135762.5
135763
135764
135765
135765
135767
135767
135769
135770
135771
135772.5
135773
135774.5
135775
135776.5
135778
135779
135780
135781
135782
135783
135784
135785
135786
135786.5
135787
135788.5
135790
135790.5
135791
135792
135793
135794
135795
135796
135797
135797
135797
135797.5
135798
135799
135800
135800.5
135801
135800.5
135803
135804.5
135806
135806.5
135808
135808.5
135809
135808.5
135808
135809
135810
135810.5
135811
135811.5
135812
135813.5
135814
135815.5
135817
135817.5
135819
135820.5
135821
135822.5
135823
135824.5
135825
135825.5
135826
135827.5
135828
135829.5
135830
135831
135832
135833
135834
135835
135836
135837
135838
135839
135840
135840.5
135842
135842.5
135843
135844.5
135845
135846.5
135848
135848.5
135850
135850.5
135851
135852
135853
135854.5
135855
135856
135857
135858
135859
135860
135861
135862
135863
135864
135865
135866
135867
135868
135869
135870
135871
135872
135873
135873.5
135875
135875.5
135876
135877.5
135878
135879
135880
135881
135882
135882.5
135884
135884.5
135885
135886
135887
135888
135889
135890.5
135891
135892.5
135894
135895
135896
135897.5
135898
135899.5
135900
135901.5
135902
135903.5
135905
135906
135907
135908
135909
135910
135911
135912
135913
135913.5
135915
135916
135917
135918
135919
135920
135921
135921.5
135923
135924
135925
135925.5
135926
135927
135928
135929
135930
135931
135932
135933
135934
135935
135936
135936.5
135937
135938
135939
135940
135941
135942
135943
135944
135945
135946
135947
135948
135949
135950
135951
135952
135953
135954
135955
135956
135957
135958
135959
135960
135961
135962
135963
135963.5
135964
135965.5
135967
135967.5
135968
135968.5
135970
135970.5
135971
135971.5
135972
135973
135974
135975
135976
135977
135978
135978.5
135980
135980.5
135982
135982.5
135984
135984.5
135986
135986.5
135987
135988
135989
135990
135991
135992
135993
135994
135995
135996
135997
135998
135999
136000
136001
136002
136003
136004
136005
136006
136007
136008
136009
136010
136011
136012
136013
136014
136015
136016
136017
136018
136019
136020
136021
136021.5
136022
136023
136024
136025
136026
136027
136028
136029
136030
136031
136032
136033
136034
136035
136036
136036
136036
136038
136038
136039
136040
136042
136042
136044
136044
136045
136046
136047
136048
136048
136050
136051
136052
136052
136052
136053
136054
136055
136056
136057
136058
136059
136060
136061
136062
136062.5
136063
136063.5
136064
136065
136066
136066.5
136068
136068.5
136070
136070.5
136072
136072.5
136073
136074.5
136076
136077
136078
136078.5
136079
136080
136081
136082
136083
136084.5
136085
136086
136087
136088
136089
136090
136091
136092.5
136093
136094
136095
136096
136097
136098
136099
136099.5
136100
136101
136102
136103
136104
136104.5
136106
136107
136108
136109
136110
136110.5
136111
136112.5
136113
136114
136115
136116
136117
136117.5
136118
136119
136120
136121
136122
136123
136124
136125
136126
136127
136128
136129
136130
136131
136132
136133
136134
136135
136136
136137
136138
136139
136140
136141
136142
136143
136144
136145
136146
136146.5
136147
136147
136149
136149
136149
136151
136151
136153
136153
136155
136155
136155.5
136156
136157.5
136158
136159
136160
136161
136162
136163
136164
136165
136166
136166.5
136168
136168.5
136170
136170.5
136172
136173
136174
136175
136176
136176.5
136177
136177.5
136178
136179
136180
136181
136182
136183.5
136185
136186.5
136187
136187.5
136189
136189.5
136190
136191
136192
136193
136194
136195
136196
136197
136198
136199
136200
136201
136202
136203
136204
136205
136206
136207
136208
136209
136210
136211
136212
136213
136214
136215
136216
136217
136218
136219
136220
136221
136222
136223
136224
136225
136226
136227
136228
136229
136230
136230.5
136231
136232.5
136233
136234
136235
136235.5
136236
136237.5
136238
136238.5
136240
136241.5
136243
136243.5
136245
136246
136247
136248
136249
136249.5
136251
136252
136253
136254.5
136256
136257
136258
136259
136260
136260.5
136261
136262
136263
136264
136265
136266
136267
136268
136269
136270
136271
136272
136273
136273.5
136275
136276
136277
136278.5
136279
136280
136281
136282
136283
136283.5
136284
136284.5
136286
136286.5
136287
136288
136289
136290
136291
136292
136293
136294
136295
136296.5
136298
136299.5
136300
136300.5
136301
136302
136303
136303.5
136305
136306
136307
136307.5
136309
136309.5
136310
136310.5
136312
136313.5
136315
136315.5
136316
136317.5
136318
136319.5
136320
136320.5
136322
136322.5
136323
136323.5
136324
136325
136326
136327
136328
136329.5
136330
136331.5
136332
136333.5
136335
136335.5
136337
136337.5
136338
136339
136340
136341.5
136343
136344.5
136346
136346.5
136347
136348.5
136350
136351.5
136352
136353.5
136354
136355.5
136357
136357.5
136358
136359.5
136360
136360.5
136362
136362.5
136363
136363.5
136364
136365
136366
136367
136368
136369
136370
136371
136372
136373
136374
136375.5
136376
136377
136378
136379
136380
136381
136382
136383
136384
136385
136386
136387
136388
136389
136390
136391
136392
136393
136394
136395
136396
136396.5
136397
136398.5
136399
136398.5
136401
136402.5
136403
136404.5
136405
136406.5
136407
136408.5
136409
136408.5
136408
136408
136410
136410
136412
136412
136412
136413
136414
136415
136416
136416.5
136417
136418.5
136420
136420.5
136422
136423
136424
136425
136426
136427
136428
136428.5
136430
136431
136432
136432.5
136434
136435
136436
136437
136438
136439
136440
136441
136442
136443
136444
136444.5
136446
136446.5
136447
136447.5
136449
136449.5
136450
136450.5
136451
136452
136453
136454
136455
136456
136457
136458
136459
136460
136461
136462
136463
136464
136465
136466
136467
136468
136469
136470
136471
136472
136473
136474
136475
136475.5
136476
136477
136478
136479
136480
136481.5
136482
136483.5
136484
136485
136486
136487.5
136488
136489.5
136490
136491.5
136492
136493
136494
136495.5
136496
136497.5
136498
136499.5
136500
136501
136502
136503
136504
136505
136506
136507
136508
136509
136510
136509
136512
136513
136514
136513
136512
136512.5
136513
136514.5
136515
136515.5
136516
136517.5
136518
136519
136520
136521
136522
136522.5
136523
136524.5
136525
136526
136527
136527.5
136528
136528.5
136529
136530
136531
136532
136533
136533.5
136534
136535
136536
136537
136538
136539
136540
136540.5
136541
136542.5
136543
136543.5
136544
136543.5
136543
136544
136545
136546
136547
136548
136549
136551.5
136551
136553.5
136553
136554
136555
136556
136557
136558
136559
136560
136561
136562
136563
136564
136565
136566
136567
136568
136569
136569.5
136570
136571.5
136573
136574
136575
136575.5
136576
136576
136576
136578
136578
136579
136580
136581
136582
136583
136584
136585
136586
136586.5
136588
136589
136590
136591
136592
136593
136594
136595
136596
136597
136598
136598.5
136600
136600.5
136602
136603
136604
136604.5
136605
136606
136607
136607.5
136608
136609.5
136611
136612
136613
136614
136615
136616
136617
136617.5
136619
136619.5
136620
136620.5
136621
136622.5
136624
136625.5
136626
136627.5
136628
136628.5
136630
136631.5
136632
136632.5
136633
136634.5
136635
136636.5
136637
136637.5
136638
136638.5
136640
136640.5
136642
136642.5
136643
136643.5
136644
136644.5
136646
136646.5
136647
136648.5
136649
136649.5
136650
136650.5
136651
136652.5
136653
136654.5
136656
136657.5
136659
136659.5
136660
136660.5
136662
136663.5
136664
136664.5
136665
136665.5
136666
136667.5
136668
136669
136670
136671
136672
136672.5
136674
136674.5
136676
136676.5
136678
136678.5
136680
136680.5
136681
136682
136683
136684
136685
136686.5
136688
136688.5
136689
136690
136691
136692
136693
136694
136695
136696
136697
136697.5
136698
136699
136700
136700.5
136702
136702.5
136704
136704.5
136705
136705.5
136707
136707.5
136709
136709.5
136710
136711.5
136712
136712
136712
136712.5
136713
136714.5
136715
136715.5
136716
136717.5
136719
136720.5
136722
136722.5
136724
136724.5
136726
136726.5
136727
136728.5
136730
136732
136732
136732.5
136734
136734.5
136736
136736.5
136738
136738.5
136740
136740.5
136741
136741.5
136742
136743
136744
136745
136746
136746.5
136748
136748.5
136749
136750.5
136752
136752.5
136753
136754.5
136755
136756.5
136758
136758.5
136760
136760.5
136762
136763
136764
136764.5
136766
136767
136768
136768.5
136769
136769.5
136770
136770.5
136771
136772
136773
136774
136775
136776.5
136777
136778
136779
136780.5
136781
136782
136783
136784
136785
136784
136783
136783.5
136784
136785.5
136786
136787
136788
136789
136790
136791
136792
136792.5
136793
136794
136795
136796
136797
136797.5
136798
136798.5
136799
136800
136801
136802
136803
136804.5
136805
136806
136807
136808
136809
136809.5
136811
136812
136813
136814
136815
136815.5
136817
136817.5
136819
136819.5
136821
136821.5
136822
136821.5
136821
136823.5
136826
136825.5
136828
136829.5
136830
136829.5
136829
136828.5
136828
136830.5
136833
136832.5
136835
136834.5
136834
136834.5
136836
136838.5
136838
136840.5
136840
136840.5
136841
136842.5
136843
136844
136845
136845.5
136846
136847.5
136848
136848.5
136849
136849.5
136851
136851.5
136852
136852.5
136854
136855.5
136857
136858.5
136860
136860.5
136861
136862.5
136863
136864.5
136866
136866.5
136868
136868.5
136869
136869.5
136870
136871.5
136873
136873.5
136874
136875.5
136877
136877.5
136878
136878.5
136879
136879.5
136880
136881
136882
136883
136884
136885
136886
136887
136888
136888.5
136889
136889.5
136891
136892.5
136893
136893.5
136895
136896.5
136897
136898.5
136899
136899.5
136900
136900.5
136902
136902.5
136904
136904.5
136906
136907.5
136908
136908.5
136910
136910.5
136911
136912
136913
136914
136915
136916
136917
136918
136919
136920
136921
136922
136923
136924
136925
136926
136927
136928
136929
136930
136931
136932
136933
136934
136935
136935.5
136937
136938
136939
136940
136941
136942
136943
136944
136945
136946
136947
136948
136949
136950
136951
136952
136953
136954
136955
136956
136957
136957.5
136958
136959
136960
136961
136962
136963
136964
136964
136966
136966
136966
136967
136968
136969
136970
136971
136972
136973
136974
136975
136976
136976.5
136977
136978
136979
136980
136981
136982
136983
136984
136985
136985.5
136986
136987
136988
136988
136990
136990
136992
136993
136994
136995
136996
136996
136996
136998
137000
137001
137002
137003
137004
137004
137004
137004
137004
137004.5
137005
137005
137007
137007
137009
137009
137009
137010
137011
137011.5
137012
137013
137014
137015
137016
137017
137018
137019
137020
137020.5
137021
137022.5
137023
137024
137025
137026
137027
137027.5
137029
137029.5
137030
137031.5
137033
137033.5
137035
137035.5
137036
137037.5
137038
137039.5
137040
137041
137042
137042.5
137044
137044.5
137045
137046.5
137047
137048.5
137050
137051
137052
137052.5
137053
137053
137053
137054
137055
137056
137057
137059
137059
137061
137061
137063
137065
137065
137065
137066
137067
137068
137069
137070
137071
137071.5
137072
137073.5
137075
137075.5
137076
137077
137078
137079
137080
137081.5
137083
137084
137085
137085.5
137086
137087
137088
137089
137090
137090.5
137091
137092.5
137094
137095
137096
137096.5
137097
137098.5
137099
137100.5
137101
137101
137101
137102
137103
137104
137105
137106
137107
137108
137109
137109.5
137110
137110.5
137111
137112.5
137113
137114.5
137115
137116.5
137117
137118.5
137119
137120
137121
137122
137123
137124
137125
137126
137127
137128
137129
137130
137131
137132
137133
137134
137135
137136
137137
137138
137139
137140
137141
137142
137143
137144
137145
137146
137147
137148
137149
137149.5
137150
137151.5
137152
137152.5
137153
137154
137155
137156
137157
137158
137159
137160
137161
137162
137163
137164
137165
137166
137167
137167.5
137169
137170
137171
137172
137173
137174
137175
137176
137177
137178
137179
137180
137181
137182
137183
137184
137185
137185.5
137186
137187
137188
137188.5
137189
137189.5
137190
137191.5
137192
137193
137194
137195
137196
137196.5
137197
137198
137199
137200
137201
137201.5
137202
137203.5
137204
137205
137206
137207
137208
137209
137210
137210.5
137211
137212.5
137213
137213
137213
137213.5
137215
137215.5
137217
137217.5
137218
137219.5
137220
137221.5
137222
137223
137224
137224.5
137225
137226
137227
137227.5
137229
137229.5
137230
137231.5
137232
137232
137234
137235.5
137236
137237.5
137238
137239.5
137241
137242
137243
137244.5
137245
137246.5
137247
137248.5
137250
137251
137252
137252.5
137254
137254.5
137256
137256.5
137257
137258.5
137259
137260.5
137262
137263
137264
137264.5
137266
137266.5
137268
137269
137270
137270.5
137271
137272.5
137273
137274
137275
137276
137277
137278
137279
137280.5
137281
137282.5
137284
137285
137286
137287
137288
137289
137290
137291.5
137292
137293.5
137295
137295.5
137296
137297.5
137298
137299
137300
137301.5
137302
137303.5
137304
137305.5
137306
137307.5
137309
137311
137313
137313
137313
137313.5
137314
137315.5
137316
137317
137318
137319.5
137321
137321.5
137323
137325
137327
137327
137329
137329
137329
137329.5
137331
137331.5
137333
137333.5
137335
137337
137337
137339
137339
137341
137341
137341.5
137342
137343
137344
137344.5
137345
137346
137347
137348.5
137350
137351
137352
137353
137354
137355
137356
137356.5
137358
137358.5
137359
137360.5
137361
137362
137363
137364.5
137366
137367
137368
137369
137370
137370.5
137372
137373
137374
137374.5
137376
137376.5
137378
137379
137380
137380.5
137382
137382.5
137384
137384.5
137385
137386
137387
137387.5
137388
137388
137388
137389
137390
137390.5
137391
137392
137393
137393.5
137395
137396
137397
137398
137399
137399.5
137400
137400.5
137401
137402.5
137403
137404
137405
137406
137407
137408
137409
137410
137411
137412
137413
137414
137415
137416
137417
137417.5
137419
137419.5
137420
137421.5
137422
137422.5
137423
137423.5
137424
137425
137426
137427
137428
137429
137430
137431
137432
137433
137434
137434.5
137435
137435
137435
137437
137439
137439
137439
137441
137443
137443
137443
137443.5
137444
137444.5
137446
137446.5
137448
137448.5
137449
137450
137451
137452
137453
137454
137455
137456
137457
137458
137459
137459.5
137461
137462
137463
137463.5
137464
137465
137466
137467
137468
137469
137470
137471
137472
137473
137474
137475.5
137476
137477
137478
137479.5
137480
137481.5
137482
137483
137484
137485.5
137487
137487.5
137489
137490
137491
137491.5
137492
137493
137494
137495
137496
137497
137498
137499
137500
137501
137502
137503
137504
137505
137506
137507
137508
137509
137510
137510.5
137512
137513
137514
137514.5
137515
137516
137517
137518
137519
137520.5
137521
137522.5
137523
137524
137525
137526.5
137528
137528.5
137530
137531
137532
137533
137534
137535
137536
137536.5
137538
137539
137540
137540.5
137541
137542
137543
137544
137545
137546
137547
137547.5
137548
137549
137550
137551
137552
137553
137554
137555
137556
137557
137558
137559
137560
137561.5
137562
137563.5
137564
137565
137566
137567.5
137568
137569.5
137570
137571
137572
137573
137574
137575.5
137577
137577.5
137578
137579.5
137581
137581.5
137582
137583.5
137585
137585.5
137586
137587.5
137589
137589.5
137590
137591.5
137592
137593
137594
137595
137596
137597
137598
137599
137600
137601
137602
137603
137604
137605
137606
137607
137608
137609
137610
137611
137612
137613
137614
137615
137616
137617
137618
137619
137620
137621
137622
137623
137624
137625
137626
137627
137628
137629
137630
137631
137632
137633
137634
137635
137636
137636.5
137637
137637.5
137639
137639.5
137641
137641.5
137643
137643.5
137644
137645.5
137646
137647.5
137649
137649.5
137650
137650.5
137651
137652.5
137654
137654.5
137656
137657.5
137659
137659.5
137661
137662.5
137663
137663.5
137664
137665.5
137666
137666.5
137667
137668.5
137670
137671.5
137672
137673.5
137675
137676.5
137677
137677.5
137678
137679.5
137681
137681.5
137683
137684.5
137686
137686.5
137687
137687.5
137688
137689.5
137690
137690.5
137692
137692.5
137694
137695.5
137696
137697.5
137698
137699.5
137700
137700.5
137701
137702.5
137703
137703.5
137704
137705.5
137706
137707
137708
137707.5
137707
137709.5
137709
137710
137711
137712
137713
137715.5
137715
137717.5
137720
137719.5
137722
137721.5
137721
137723.5
137723
137724
137725
137726
137727
137727.5
137729
137730
137731
137732
137733
137734
137735
137735.5
137736
137737.5
137738
137739.5
137740
137740.5
137741
137741.5
137742
137743
137744
137744.5
137745
137746.5
137748
137749
137750
137751.5
137752
137753
137754
137754.5
137756
137757
137758
137759
137760
137761
137762
137762.5
137764
137764.5
137766
137766.5
137767
137768
137769
137769.5
137771
137772
137773
137774
137775
137775.5
137776
137777
137778
137779
137780
137781
137782
137782.5
137784
137784.5
137786
137787
137788
137789
137790
137791
137792
137793.5
137795
137796
137797
137797.5
137798
137799.5
137801
137801.5
137802
137803.5
137804
137805.5
137806
137807
137808
137809
137810
137811
137812
137813
137814
137815.5
137816
137817
137818
137819
137820
137821
137822
137823
137824
137825
137826
137827
137828
137829
137830
137830.5
137832
137833
137834
137835
137836
137837
137838
137839
137840
137841.5
137842
137843
137844
137845
137846
137847
137848
137849
137850
137851
137852
137852.5
137853
137854.5
137855
137856
137857
137858
137859
137860
137861
137862
137863
137864
137865
137866
137867
137868
137869
137869.5
137870
137871.5
137873
137873.5
137875
137876
137877
137878
137879
137880
137881
137882
137883
137883.5
137884
137885.5
137886
137886.5
137887
137887.5
137888
137889.5
137890
137890.5
137892
137892.5
137894
137895.5
137896
137896.5
137898
137899.5
137900
137901.5
137903
137904.5
137905
137906.5
137907
137908.5
137909
137910.5
137911
137912.5
137914
137914.5
137915
137915.5
137917
137917.5
137919
137919.5
137920
137920.5
137922
137923.5
137925
137926.5
137927
137927.5
137928
137929.5
137931
137932.5
137933
137933.5
137934
137934.5
137935
137935.5
137937
137937.5
137939
137940.5
137941
137941.5
137943
137943.5
137944
137945
137946
137947
137948
137949
137950
137951
137952
137953
137954
137955
137956
137957
137958
137959
137960
137961
137962
137963
137964
137965
137966
137967
137968
137969
137970
137971
137972
137973
137974
137975
137976
137977
137978
137979.5
137980
137981.5
137983
137984.5
137985
137986.5
137987
137987.5
137989
137990.5
137992
137992.5
137993
137994.5
137995
137995.5
137997
137997.5
137998
137999
138000
138001
138002
138003
138004
138005
138006
138006.5
138007
138008.5
138010
138010.5
138011
138011.5
138012
138013.5
138014
138015
138016
138016.5
138018
138019
138020
138021
138022
138022.5
138023
138024.5
138026
138026.5
138028
138029
138030
138031
138032
138033.5
138034
138035
138036
138037
138038
138038.5
138039
138039.5
138041
138042.5
138043
138043.5
138044
138045
138046
138047
138048
138049
138050
138051
138052
138053
138054
138055
138056
138057
138058
138059
138060
138061
138062
138062.5
138063
138063.5
138064
138065.5
138067
138068.5
138070
138070.5
138072
138072.5
138074
138075
138076
138077
138078
138079
138080
138081
138082
138083
138084
138085
138086
138087
138088
138089
138090
138091
138092
138093
138094
138095
138096
138096.5
138098
138099
138100
138101
138102
138103
138104
138104.5
138106
138107
138108
138108.5
138110
138110.5
138111
138111.5
138113
138113.5
138114
138115
138116
138116
138116
138118
138120
138120
138122
138123
138124
138124
138126
138126
138128
138129
138130
138131.5
138133
138133.5
138134
138135.5
138136
138137.5
138138
138139
138140
138140
138140
138142
138142
138143
138144
138145
138146
138147
138148
138148.5
138149
138150
138151
138152
138153
138154.5
138155
138156
138157
138158
138159
138160
138161
138161.5
138163
138164
138165
138165.5
138166
138167.5
138168
138168
138168
138169
138170
138170.5
138172
138172.5
138174
138174.5
138176
138176.5
138178
138178.5
138180
138181
138182
138183
138184
138185
138186
138187
138188
138189
138190
138191
138192
138192.5
138194
138195
138196
138197
138198
138198.5
138199
138200.5
138202
138203
138204
138205
138206
138206.5
138207
138208.5
138209
138210
138211
138212
138213
138214
138215
138216
138217
138218
138219
138220
138221
138222
138223
138224
138225
138226
138227
138228
138229
138230
138231
138232
138233
138234
138235
138234.5
138237
138238
138239
138238.5
138241
138240.5
138243
138244
138245
138246
138247
138248
138249
138250
138251
138252
138253
138254
138255
138254.5
138254
138255
138256
138257
138258
138259
138260
138261
138262
138263
138264
138265
138266
138266.5
138268
138268.5
138269
138270
138271
138272
138273
138274.5
138275
138276
138277
138278
138279
138280
138281
138282
138283
138284
138285
138286
138287
138288
138289
138290
138291
138292
138293
138294
138295
138295.5
138296
138297
138298
138299
138300
138301
138302
138303
138304
138305
138306
138307
138308
138309
138310
138311
138312
138313
138314
138315.5
138317
138318
138319
138320
138321
138322
138323
138324
138325
138326
138327
138328
138329
138330.5
138331
138332.5
138334
138335
138336
138337
138338
138338.5
138339
138340
138341
138342
138343
138344
138345
138345.5
138347
138347.5
138349
138350
138351
138352
138353
138353.5
138354
138355.5
138356
138357
138358
138359
138360
138361
138362
138363
138364
138365
138366
138367.5
138369
138369.5
138370
138371.5
138373
138374
138375
138376
138377
138378
138379
138379.5
138381
138381.5
138383
138384
138385
138385.5
138386
138387
138388
138389
138390
138391
138392
138393
138394
138395
138396
138397
138398
138399
138400
138401
138402
138403
138404
138405
138406
138407
138408
138409
138410
138411
138412
138413
138414
138415
138416
138417
138418
138419
138420
138421
138422
138423
138424
138425
138426
138427
138428
138428.5
138430
138430.5
138431
138431.5
138432
138433.5
138435
138436.5
138438
138439
138440
138441
138442
138443
138444
138445
138446
138447
138448
138449
138450
138451
138452
138453
138454
138455
138456
138457
138458
138459
138460
138461
138462
138463
138464
138465
138466
138467
138468
138469
138470
138471
138472
138472.5
138474
138474.5
138476
138476.5
138477
138478.5
138479
138480.5
138481
138481.5
138482
138483.5
138485
138486.5
138487
138487.5
138489
138490.5
138491
138492.5
138493
138493.5
138495
138495.5
138497
138497.5
138499
138499.5
138500
138501
138502
138502.5
138503
138504.5
138505
138505.5
138506
138507.5
138508
138508.5
138509
138510
138511
138512
138513
138514.5
138515
138516.5
138518
138518.5
138520
138521.5
138523
138523.5
138524
138524.5
138526
138527.5
138528
138529.5
138531
138531.5
138533
138533.5
138534
138535.5
138537
138537.5
138539
138540.5
138541
138541.5
138542
138542.5
138543
138544
138545
138546
138547
138547.5
138548
138549
138550
138551
138552
138553
138554
138555.5
138556
138557
138558
138559
138560
138561
138562
138563
138564
138565
138566
138567
138568
138568
138568
138569
138570
138571
138572
138573
138574
138575
138576
138576.5
138577
138578
138579
138579.5
138580
138581
138582
138582.5
138583
138584
138585
138586.5
138588
138588.5
138589
138590
138591
138592
138593
138594
138595
138596
138597
138598.5
138599
138600
138601
138602
138603
138604
138605
138606
138607
138608
138609
138609.5
138611
138611.5
138612
138613.5
138615
138615.5
138616
138617.5
138619
138619.5
138621
138621.5
138622
138622.5
138624
138624.5
138625
138626
138627
138628
138629
138630
138631
138632
138633
138634
138635
138636
138637
138637.5
138638
138639.5
138640
138641.5
138642
138643
138644
138645
138646
138647
138648
138649
138650
138651
138652
138653
138654
138655
138656
138656.5
138657
138658.5
138659
138660.5
138661
138662.5
138663
138663.5
138665
138665.5
138667
138668.5
138670
138671
138672
138673
138674
138675
138676
138676.5
138677
138678.5
138679
138679.5
138681
138681.5
138682
138683
138684
138685
138686
138686.5
138688
138689
138690
138691
138692
138692.5
138693
138694.5
138695
138695.5
138696
138697.5
138699
138699.5
138701
138701.5
138702
138703.5
138704
138705.5
138706
138707
138708
138708.5
138710
138710.5
138712
138713
138714
138715
138716
138716.5
138717
138718.5
138719
138719
138719
138720
138721
138722
138723
138724
138725
138726
138727
138729
138731
138732.5
138734
138734.5
138736
138737
138738
138739
138740
138741
138742
138743
138744
138744.5
138746
138747
138748
138748.5
138749
138750.5
138751
138752.5
138753
138754.5
138755
138756.5
138757
138757
138757
138758
138759
138760
138761
138762
138763
138765
138765
138767
138767
138769
138771
138772.5
138774
138774.5
138775
138776.5
138777
138777
138777
138779
138779
138780
138781
138782
138783
138783.5
138784
138785.5
138786
138787.5
138788
138788
138788
138790
138790
138792
138792
138792.5
138794
138794.5
138795
138796.5
138798
138800
138800
138800.5
138801
138802.5
138803
138804.5
138805
138806
138807
138808.5
138810
138810.5
138812
138812.5
138813
138814.5
138815
138816.5
138818
138818.5
138820
138820.5
138822
138822.5
138823
138824.5
138825
138826
138827
138828.5
138829
138830
138831
138832
138833
138834
138835
138836.5
138837
138838
138839
138840
138841
138841.5
138842
138843.5
138844
138844.5
138845
138846
138847
138848
138849
138849
138849
138851
138853
138853
138855
138856
138857
138858.5
138859
138860
138861
138861
138863
138863
138863
138864
138865
138867
138869
138869
138869
138870
138871
138872
138873
138873.5
138875
138876
138877
138877.5
138879
138879.5
138880
138881
138882
138883
138884
138885
138886
138887
138888
138889
138890
138891
138892
138893
138894
138895
138896
138897
138898
138899
138900
138901
138902
138903
138904
138905
138906
138907
138908
138909
138910
138911
138912
138913
138914
138915
138916
138917
138918
138919
138920
138921
138922
138923
138924
138925
138926
138927
138928
138928.5
138929
138930.5
138931
138932.5
138934
138934.5
138935
138936
138937
138938
138939
138940
138941
138941.5
138942
138943
138944
138945
138946
138947
138948
138949
138950
138951
138952
138951
138950
138953
138952
138955
138954
138954.5
138956
138956.5
138957
138958
138959
138959.5
138960
138960.5
138961
138961
138961
138961.5
138962
138963
138964
138964.5
138965
138966.5
138967
138968.5
138969
138970
138971
138972
138973
138974
138975
138975.5
138976
138977
138978
138979
138980
138981
138982
138983
138984
138985
138986
138987
138988
138989
138990
138991
138992
138993
138994
138994.5
138995
138996
138997
138997
138999
138999
138999
138999
138999
139000
139001
139002
139003
139004
139005
139006
139007
139007.5
139008
139009
139010
139011
139012
139012.5
139013
139014
139015
139015
139015
139016
139017
139018
139019
139019.5
139020
139021
139022
139023
139024
139024.5
139026
139026.5
139028
139028.5
139030
139030.5
139031
139032.5
139034
139034.5
139035
139036.5
139038
139039
139040
139040.5
139042
139043
139044
139045
139046
139046.5
139047
139048
139049
139050
139051
139052.5
139053
139054
139055
139056
139057
139058.5
139059
139060
139061
139062
139063
139064
139065
139065.5
139066
139067.5
139069
139069.5
139070
139070.5
139071
139072
139073
139074
139075
139076
139077
139078
139079
139080
139081
139082
139083
139084
139085
139086
139087
139088
139089
139090
139091
139092
139093
139094
139095
139096
139097
139098
139099
139100
139101
139102
139103
139104
139105
139106
139107
139108
139109
139110
139111
139112
139113
139114
139115
139116
139117
139118
139119
139120
139121
139122
139123
139124
139125
139126
139127
139128
139129
139130
139131
139132
139133
139134
139135
139136
139137
139138
139139
139140
139141
139142
139143
139144
139145
139146
139147
139148
139149
139150
139151
139152
139153
139154
139155
139156
139157
139158
139159
139160
139161
139162
139163
139164
139165
139166
139167
139168
139169
139170
139171
139172
139173
139174
139175
139176
139177
139178
139179
139180
139181
139182
139183
139184
139185
139186
139187
139188
139189
139190
139191
139191.5
139192
139191.5
139191
139193.5
139193
139195.5
139195
139196
139197
139198
139199
139199.5
139200
139201
139202
139202.5
139203
139204.5
139205
139206
139207
139208
139209
139210
139211
139212
139213
139214.5
139215
139216
139217
139218
139219
139220
139221
139222
139223
139224
139225
139226
139227
139228
139229
139230
139231
139232
139233
139234
139235
139236
139237
139238
139239
139240
139241
139242
139243
139244
139245
139245.5
139246
139247.5
139248
139249
139250
139251
139252
139252
139252
139253
139254
139254.5
139256
139256.5
139257
139258.5
139259
139260.5
139261
139262
139263
139264
139265
139266
139267
139267.5
139268
139268.5
139269
139270
139271
139272.5
139274
139274.5
139275
139276
139277
139278
139279
139280
139281
139282
139283
139283.5
139284
139285.5
139286
139287
139288
139289
139290
139291
139292
139293
139294
139294.5
139295
139296.5
139297
139297.5
139299
139300.5
139301
139302.5
139303
139303.5
139304
139305
139306
139307
139308
139309.5
139311
139311.5
139313
139313.5
139314
139315
139316
139317
139318
139317.5
139317
139319.5
139322
139321.5
139321
139323.5
139326
139325.5
139325
139327.5
139327
139328
139329
139330
139331
139332
139333
139334
139335
139337.5
139340
139339.5
139342
139343
139344
139343.5
139343
139344
139345
139346
139347
139348
139349
139351.5
139351
139353.5
139353
139354
139355
139356
139357
139358
139359
139360
139361
139361.5
139363
139363.5
139365
139365.5
139367
139368
139369
139370
139371
139372
139373
139374
139375
139376
139377
139378
139379
139380
139381
139382
139383
139384
139385
139386
139387
139388
139389
139390
139391
139392
139393
139394
139395
139396
139397
139398
139399
139400
139401
139402
139403
139404
139405
139406
139407
139408
139409
139409.5
139410
139411.5
139412
139412.5
139414
139414.5
139416
139416.5
139417
139418.5
139419
139419.5
139421
139421.5
139422
139423
139424
139425
139426
139427
139428
139429
139430
139431.5
139432
139433
139434
139433.5
139433
139435.5
139435
139436
139437
139437.5
139439
139440
139441
139442
139443
139444
139445
139446
139447
139447.5
139449
139449.5
139450
139451.5
139453
139454
139455
139455.5
139457
139457.5
139458
139459
139460
139460.5
139462
139463
139464
139465.5
139466
139467
139468
139469.5
139470
139471.5
139472
139473.5
139474
139475.5
139476
139477.5
139479
139479.5
139480
139481.5
139482
139483
139484
139485
139486
139486.5
139487
139488.5
139489
139490
139491
139492
139493
139493.5
139494
139495
139496
139497
139498
139499
139500
139501
139502
139503
139504
139505
139506
139506.5
139508
139509
139510
139511
139512
139512.5
139513
139514.5
139515
139516.5
139517
139518.5
139519
139520.5
139521
139521.5
139523
139523.5
139524
139525
139526
139527
139528
139528.5
139529
139530
139531
139532.5
139534
139534.5
139535
139536.5
139538
139538.5
139539
139540
139541
139541
139543
139543
139543
139544
139545
139546
139547
139548
139549
139550
139551
139552
139553
139554
139555
139556
139557
139558
139559
139560
139561
139562
139563
139564
139565
139567
139569
139569
139571
139571
139573
139574
139575
139576.5
139577
139578.5
139579
139580.5
139581
139582.5
139584
139584.5
139586
139586.5
139587
139588
139589
139590
139591
139592
139593
139593
139595
139596
139597
139598.5
139600
139600.5
139601
139602
139603
139604
139605
139606
139607
139608.5
139609
139610.5
139612
139612.5
139613
139614.5
139616
139616.5
139617
139618
139619
139619
139621
139621
139621
139622
139623
139624
139625
139626
139627
139628
139629
139630
139631
139631.5
139632
139632.5
139633
139634
139635
139635.5
139636
139636.5
139638
139638.5
139639
139640
139641
139642
139643
139644
139645
139646
139647
139648
139649
139649.5
139651
139651.5
139653
139653.5
139655
139656
139657
139658
139659
139660
139661
139661.5
139662
139662.5
139664
139664.5
139666
139667.5
139668
139669.5
139670
139670.5
139671
139672.5
139673
139674
139675
139676
139677
139678
139679
139680
139681
139682
139683
139684
139685
139685.5
139686
139687
139688
139689
139690
139691
139692
139692.5
139693
139693.5
139695
139695.5
139696
139697.5
139698
139699
139700
139700.5
139701
139702.5
139703
139703.5
139704
139704.5
139705
139705.5
139707
139707.5
139709
139710.5
139711
139711.5
139712
139711.5
139711
139712
139713
139714
139715
139716
139717
139718
139719
139719.5
139721
139722
139723
139723.5
139724
139725.5
139726
139726.5
139728
139728.5
139730
139731.5
139732
139733.5
139734
139735.5
139736
139736.5
139738
139738.5
139739
139740.5
139742
139743.5
139745
139745.5
139746
139746.5
139747
139748.5
139749
139750
139751
139752
139753
139754.5
139755
139756
139757
139757.5
139758
139759
139760
139761
139762
139762.5
139763
139763.5
139765
139765.5
139767
139767.5
139769
139770.5
139772
139772.5
139774
139774.5
139776
139776.5
139777
139778.5
139780
139781
139782
139783
139784
139784.5
139785
139786.5
139787
139787.5
139789
139790.5
139791
139792.5
139793
139793.5
139794
139793.5
139793
139794
139795
139797.5
139800
139801.5
139803
139804.5
139806
139806.5
139807
139807.5
139808
139809.5
139810
139809.5
139809
139811.5
139811
139812
139813
139813.5
139815
139815.5
139816
139815.5
139818
139817.5
139817
139819.5
139822
139823.5
139824
139823.5
139826
139827.5
139828
139827.5
139827
139828
139829
139831.5
139831
139832
139833
139834
139835
139836
139837
139837
139837
139836.5
139836
139838.5
139841
139840.5
139843
139842.5
139842
139842
139842
139844
139844
139845
139846
139847
139848
139849
139850
139850.5
139851
139852
139853
139854
139855
139855.5
139856
139857.5
139859
139860
139861
139861.5
139863
139864
139865
139865.5
139867
139867.5
139868
139868.5
139870
139870.5
139871
139872.5
139873
139874
139875
139876
139877
139878
139879
139880
139881
139882
139883
139884
139885
139886
139887
139888
139889
139890
139891
139892
139893
139894
139895
139896
139897
139898
139899
139900
139901
139901.5
139903
139904
139905
139906
139907
139908
139909
139910
139911
139911.5
139913
139913.5
139915
139915.5
139917
139917.5
139918
139919
139920
139920.5
139921
139922
139923
139924
139925
139926
139927
139928
139929
139930
139931
139931
139931
139933
139935
139936
139937
139938
139939
139940
139941
139942
139943
139943
139945
139945
139947
139947
139949
139949
139949
139950
139951
139952
139953
139955
139957
139957
139957
139959
139959
139960
139961
139962
139963
139965
139967
139968
139969
139970
139971
139971
139971
139972
139973
139974
139975
139977
139977
139978
139979
139980
139981
139982
139983
139985
139985
139986
139987
139987
139987
139988
139989
139990
139991
139990.5
139990
139992.5
139992
139993
139994
139995
139996
139997
139998
140000.5
140000
140001
140002
140004.5
140007
140006.5
140009
140008.5
140011
140010.5
140010
140012.5
140012
140013
140014
140014.5
140016
140017
140018
140019
140020
140022.5
140025
140024.5
140024
140025
140026
140027
140028
140028.5
140029
140029
140031
140031
140031
140033
140035
140035
140035
140035
140037
140039
140041
140041
140043
140044.5
140045
140046.5
140047
140048.5
140050
140050.5
140051
140052.5
140054
140054.5
140055
140055
140057
140058.5
140060
140060.5
140061
140061
140061
140061
140061
140063
140063
140064
140065
140066
140067
140068
140069
140069.5
140070
140071
140072
140072.5
140073
140074
140075
140076
140077
140077.5
140078
140079.5
140080
140080.5
140081
140082
140083
140084
140085
140086
140087
140088
140089
140090
140091
140092
140093
140094
140095
140096
140097
140098
140099
140100
140101
140102
140103
140104
140105
140106
140107
140108
140109
140110
140111
140112
140113
140113.5
140114
140115
140116
140116
140116
140117
140118
140119
140120
140121
140122
140123
140124
140125
140126
140127
140128
140129
140130
140131
140132
140134
140134
140136
140136
140138
140138
140139
140140
140141
140142
140142.5
140144
140144.5
140145
140146
140147
140148
140149
140150
140151
140152
140153
140153
140155
140155
140157
140157
140157
140157.5
140158
140159
140160
140161
140162
140163
140164
140164.5
140166
140167
140168
140168.5
140169
140170.5
140171
140172.5
140174
140174.5
140176
140177
140178
140179
140180
140180.5
140181
140181.5
140182
140183
140184
140184.5
140185
140186.5
140187
140187.5
140188
140188.5
140189
140190
140191
140192.5
140193
140194.5
140196
140196.5
140197
140198.5
140200
140201.5
140202
140203.5
140204
140204.5
140206
140206.5
140208
140209.5
140211
140212.5
140214
140215
140216
140216.5
140217
140217.5
140219
140220.5
140221
140222.5
140224
140224.5
140225
140226.5
140228
140228.5
140229
140229.5
140230
140230.5
140232
140232.5
140233
140234
140235
140236.5
140237
140238
140239
140240
140241
140241.5
140242
140243.5
140244
140245
140246
140247
140248
140249.5
140251
140252
140253
140254
140255
140256
140257
140258
140259
140260
140261
140261.5
140263
140264
140265
140265.5
140266
140267
140268
140268
140268
140270
140270
140272
140272
140272.5
140273
140274.5
140276
140278
140278
140278.5
140279
140280
140281
140282
140283
140284
140285
140285
140287
140287
140287
140288
140289
140290
140291
140292
140293
140294
140295
140296
140297
140298
140299
140300
140301
140302
140303
140303.5
140305
140305.5
140307
140308
140309
140309.5
140310
140311.5
140313
140313.5
140314
140315
140316
140317
140318
140319
140320
140321
140322
140323
140324
140324.5
140326
140327
140328
140329
140330
140331
140332
140333
140334
140335
140336
140337
140338
140338.5
140340
140341
140342
140342.5
140343
140344.5
140345
140346
140347
140348
140349
140350
140351
140352
140353
140353.5
140354
140355
140356
140357
140358
140359.5
140361
140361.5
140362
140363
140364
140364.5
140365
140366.5
140368
140369
140370
140371.5
140372
140373
140374
140375
140376
140376.5
140377
140378.5
140379
140379.5
140380
140381.5
140383
140383.5
140384
140385
140386
140387.5
140388
140389.5
140390
140391
140392
140393
140394
140395.5
140396
140397
140398
140399
140400
140401
140402
140403.5
140404
140405
140406
140407.5
140408
140409
140410
140411
140412
140413
140414
140415.5
140416
140417
140418
140419
140420
140421
140422
140422.5
140424
140424.5
140426
140427
140428
140429
140430
140431
140432
140433
140434
140434.5
140435
140436.5
140437
140438.5
140439
140440.5
140441
140442
140443
140444
140445
140445.5
140446
140447
140448
140449
140450
140451
140452
140453.5
140455
140456
140457
140458
140459
140459.5
140461
140461.5
140463
140464
140465
140466
140467
140468
140469
140469.5
140471
140471.5
140473
140473.5
140474
140475.5
140476
140477
140478
140479
140480
140481
140482
140483
140484
140485
140486
140487
140488
140489
140490
140491
140492
140493
140494
140495
140496
140497
140498
140497.5
140500
140501
140502
140503
140504
140505
140506
140507
140508
140509
140510
140509.5
140512
140511.5
140511
140511
140513
140515.5
140515
140515
140515
140516
140517
140517
140519
140519
140521
140522
140523
140524
140525
140526
140527
140528
140529
140530
140531
140532
140533
140533
140533
140535
140535
140537
140537
140537.5
140539
140541
140543
140543
140545
140546
140547
140547
140547
140547.5
140548
140548
140550
140550
140550
140551
140552
140552.5
140553
140554
140555
140555.5
140556
140557.5
140558
140559
140560
140561
140562
140563
140564
140564
140564
140564.5
140565
140566.5
140567
140568
140569
140569.5
140570
140571
140572
140573.5
140574
140575
140576
140577
140578
140578.5
140580
140580.5
140581
140582
140583
140584
140585
140586
140587
140588.5
140589
140590.5
140592
140592.5
140593
140594
140595
140595.5
140596
140596
140598
140599.5
140600
140600
140600
140602
140604
140605.5
140606
140606
140608
140608
140608
140609
140610
140611
140612
140613
140614
140616
140616
140618
140620
140620
140620
140621
140622
140623
140624
140624
140624
140626
140626
140626.5
140627
140628.5
140629
140630.5
140631
140632
140633
140634
140635
140636
140637
140638
140639
140640
140641
140642
140643
140644
140645
140645.5
140646
140647.5
140648
140649.5
140650
140651.5
140652
140652.5
140654
140655.5
140656
140657.5
140658
140658.5
140660
140660.5
140661
140662.5
140664
140665.5
140667
140667.5
140668
140668.5
140669
140669
140671
140671
140673
140673
140673
140674
140675
140676
140677
140679
140679
140681
140683
140684.5
140686
140686.5
140687
140687
140689
140690.5
140691
140692.5
140693
140693
140693
140695
140695
140697
140699
140699
140701
140702.5
140704
140704.5
140705
140705
140707
140708.5
140710
140710.5
140712
140713.5
140714
140715.5
140717
140717.5
140718
140718.5
140719
140720.5
140721
140721
140721
140722
140723
140723.5
140724
140724
140726
140726
140726
140727
140728
140729
140730
140731
140732
140733
140734
140734.5
140736
140737
140738
140739
140740
140740.5
140741
140742
140743
140743.5
140745
140745.5
140747
140748
140749
140749.5
140751
140752
140753
140753.5
140754
140755.5
140756
140757
140758
140759
140760
140761
140762
140763.5
140764
140765
140766
140767.5
140768
140769
140770
140771
140772
140773
140774
140775
140776
140777
140778
140779
140780
140779
140782
140783
140784
140785
140786
140787
140788
140789
140790
140791
140792
140793
140794
140795
140796
140797
140798
140799
140800
140801
140802
140803
140804
140805
140806
140807
140808
140807
140810
140809
140808
140809
140810
140811
140812
140813
140814
140815
140816
140816.5
140817
140818.5
140819
140820.5
140822
140822.5
140823
140823.5
140824
140824.5
140825
140826
140827
140828
140829
140830.5
140831
140832
140833
140834.5
140835
140836
140837
140838.5
140839
140840
140841
140842
140843
140844
140845
140846
140847
140848
140849
140849.5
140850
140851.5
140852
140852.5
140854
140855.5
140856
140856.5
140857
140857
140859
140859
140861
140862.5
140864
140864.5
140865
140865
140865
140865.5
140866
140867
140868
140869
140870
140870.5
140871
140871.5
140872
140873.5
140875
140876.5
140877
140877.5
140879
140879.5
140880
140881
140882
140883
140884
140884.5
140886
140886.5
140888
140888.5
140889
140890
140891
140892
140893
140893
140893
140895
140895
140896
140897
140899
140901
140902
140903
140903
140903
140904
140905
140905.5
140906
140907.5
140908
140909.5
140911
140911.5
140913
140913.5
140915
140916
140917
140918
140919
140920
140921
140921.5
140923
140923.5
140925
140926
140927
140929
140931
140931
140931
140932
140933
140935
140937
140937
140937
140938
140939
140940
140941
140941.5
140943
140943.5
140945
140945.5
140946
140946.5
140947
140948.5
140949
140949.5
140951
140952.5
140953
140953.5
140955
140956.5
140957
140957.5
140958
140959
140960
140961.5
140962
140963
140964
140964
140964
140965
140966
140967
140968
140968
140968
140970
140970
140970.5
140971
140972
140973
140974
140975
140976
140977
140978
140979
140980.5
140981
140982.5
140984
140984.5
140986
140988
140990
140991
140992
140992
140992
140994
140996
140996
140996
140996.5
140998
140998.5
140999
141000.5
141001
141002
141003
141004.5
141005
141006.5
141007
141008
141009
141010
141011
141012
141013
141014
141015
141016
141017
141017.5
141019
141019.5
141020
141021
141022
141023
141024
141025
141026
141027
141028
141029
141030
141031
141032
141032.5
141034
141034.5
141036
141036.5
141038
141039
141040
141041
141042
141043
141044
141045
141046
141047
141048
141049
141050
141051
141052
141053
141054
141055
141056
141057
141058
141059
141060
141061
141062
141063
141064
141065
141066
141067
141068
141069
141070
141071
141072
141073
141074
141075
141076
141077
141078
141079
141080
141081
141082
141083
141084
141085
141086
141087
141088
141089
141090
141091
141092
141093
141094
141095
141096
141096.5
141097
141098.5
141100
141101
141102
141102.5
141103
141104
141105
141106
141107
141108
141109
141110
141111
141112
141113
141114
141115
141116
141117
141118
141119
141119.5
141120
141121.5
141122
141123
141124
141125
141126
141127
141128
141129
141130
141131
141132
141133
141134
141135
141136
141137
141138
141139
141140
141141
141142
141143
141144
141145
141146
141147
141148
141149
141150
141151
141152
141153
141154
141155
141156
141156.5
141157
141158.5
141160
141160.5
141161
141162.5
141164
141164.5
141165
141166.5
141168
141168.5
141169
141169.5
141170
141171
141172
141173
141174
141175
141176
141177.5
141178
141179
141180
141181
141182
141183
141184
141185
141186
141187
141188
141189
141190
141191
141192
141193
141194
141195
141196
141197
141198
141198.5
141199
141200
141201
141202
141203
141204
141205
141206.5
141207
141208
141209
141209.5
141211
141212
141213
141213.5
141214
141214.5
141215
141216
141217
141218
141219
141219.5
141221
141221.5
141223
141224
141225
141226
141227
141228
141229
141229.5
141230
141231
141232
141233
141234
141235
141236
141237
141238
141238.5
141239
141240
141241
141242
141243
141243.5
141244
141244.5
141245
141246.5
141248
141248.5
141249
141250
141251
141252.5
141254
141255.5
141256
141257.5
141258
141258.5
141259
141260.5
141262
141262.5
141263
141264.5
141266
141266.5
141267
141268
141269
141270
141271
141271
141271
141272
141273
141274
141275
141276
141277
141278
141279
141280
141281
141282
141283
141284
141285
141286
141287
141288
141289
141290
141291
141291
141291
141292
141293
141295
141295
141296
141297
141298
141299
141299.5
141301
141301.5
141303
141304
141305
141305.5
141306
141307.5
141308
141309.5
141311
141312
141313
141313.5
141315
141315.5
141317
141318
141319
141320
141321
141321.5
141323
141324
141325
141325.5
141327
141327.5
141328
141329
141330
141331
141332
141332.5
141333
141334.5
141335
141336.5
141338
141339
141340
141341
141342
141343.5
141344
141345
141346
141347.5
141348
141349.5
141351
141351.5
141352
141353
141354
141355
141356
141357
141358
141359
141360
141361
141362
141363
141364
141365
141366
141366.5
141367
141368
141369
141370
141371
141372
141373
141373
141375
141376
141377
141377
141377
141377.5
141378
141379
141380
141381.5
141382
141383
141384
141385
141386
141387
141388
141389
141390
141391
141392
141393
141394
141395
141396
141397
141398
141398
141398
141400
141400
141401
141402
141402
141402
141402.5
141403
141404.5
141406
141406.5
141408
141408.5
141409
141410
141411
141412
141413
141414
141415
141415.5
141416
141417
141418
141419
141420
141421
141422
141423
141424
141425.5
141427
141427.5
141428
141429.5
141431
141431.5
141432
141433.5
141434
141435
141436
141437
141438
141439
141440
141441
141442
141443
141444
141445
141446
141447
141448
141449
141450
141451
141452
141453
141454
141455
141456
141456.5
141457
141458.5
141460
141461
141462
141462.5
141463
141464.5
141465
141466
141467
141468
141469
141470
141471
141471.5
141473
141474
141475
141476
141477
141478
141479
141480
141481
141482
141483
141484
141485
141486
141487
141488
141489
141490
141491
141492
141493
141494
141495
141496
141497
141498
141499
141500
141501
141502
141503
141504
141505
141505.5
141507
141507.5
141509
141509.5
141510
141510.5
141512
141513.5
141515
141515.5
141516
141516.5
141517
141518.5
141519
141520.5
141521
141522.5
141523
141524.5
141526
141526.5
141527
141528.5
141529
141529
141529
141529.5
141531
141533
141535
141535
141535
141535.5
141536
141537
141538
141539
141540
141541
141542
141542.5
141543
141544.5
141546
141547
141548
141548.5
141549
141550.5
141552
141552.5
141554
141554.5
141555
141555.5
141557
141557.5
141559
141559.5
141561
141562.5
141563
141563.5
141564
141564
141564
141564.5
141565
141566
141567
141568.5
141569
141570.5
141571
141572
141573
141574.5
141576
141578
141580
141581.5
141583
141583.5
141585
141586.5
141588
141588.5
141589
141590.5
141591
141591.5
141593
141593.5
141594
141594
141596
141596
141596
141596.5
141598
141600
141600
141602
141604
141604
141606
141606
141606
141606.5
141608
141608.5
141609
141610.5
141611
141612.5
141613
141614
141615
141616
141617
141618
141619
141620.5
141621
141622
141623
141624
141625
141625.5
141626
141627.5
141629
141630
141631
141632
141633
141633.5
141634
141635
141636
141637
141638
141638.5
141639
141639.5
141640
141640.5
141642
141643.5
141644
141645.5
141646
141646.5
141647
141648.5
141649
141649.5
141650
141651.5
141652
141653
141654
141655
141656
141657
141658
141659
141660
141661
141662
141663
141664
141665
141666
141667
141668
141669
141670
141671
141672
141673
141674
141674.5
141676
141676.5
141678
141678.5
141679
141680
141681
141682
141683
141684
141685
141686
141687
141688
141689
141689.5
141690
141691
141692
141693
141694
141695.5
141696
141697
141698
141698.5
141700
141700.5
141701
141702
141703
141703.5
141704
141705.5
141707
141707.5
141708
141709.5
141710
141710.5
141711
141712
141713
141714
141715
141716.5
141718
141718.5
141719
141720
141721
141721.5
141723
141723.5
141724
141725
141726
141726.5
141728
141729
141730
141731
141732
141732.5
141734
141734.5
141735
141736.5
141738
141738.5
141740
141740.5
141741
141741.5
141742
141743.5
141744
141744.5
141746
141746.5
141748
141749.5
141751
141751.5
141753
141753.5
141754
141755.5
141756
141757.5
141758
141758.5
141760
141761.5
141762
141762.5
141764
141764.5
141765
141766
141767
141768
141769
141770.5
141771
141772.5
141774
141774.5
141776
141776.5
141777
141778
141779
141780.5
141782
141782.5
141783
141784.5
141786
141786.5
141787
141788
141789
141790
141791
141792
141793
141794
141795
141795.5
141796
141797.5
141798
141799.5
141800
141801
141802
141803
141804
141805.5
141807
141807.5
141809
141809.5
141810
141811
141812
141812
141814
141814
141816
141816
141816
141816.5
141818
141818.5
141819
141820
141821
141822.5
141824
141824.5
141825
141826
141827
141828
141829
141830
141831
141832
141833
141833.5
141835
141836
141837
141838
141839
141840
141841
141841.5
141843
141844
141845
141846
141847
141847.5
141849
141849.5
141851
141851.5
141853
141854
141855
141855.5
141856
141857
141858
141859
141860
141861
141862
141863
141864
141865
141866
141867
141868
141868.5
141869
141870.5
141871
141872
141873
141874
141875
141875.5
141876
141877.5
141878
141879.5
141880
141881
141882
141883
141884
141885
141886
141887
141888
141889
141890
141890.5
141892
141892.5
141893
141894
141895
141896
141897
141898
141899
141900
141901
141902
141903
141904
141905
141906
141907
141908
141909
141910
141911
141912
141913
141914.5
141916
141917
141918
141918.5
141919
141920
141921
141922
141923
141924
141925
141926
141927
141928
141929
141930
141931
141932
141933
141934
141935
141935.5
141937
141938
141939
141939.5
141940
141940.5
141942
141943.5
141944
141944.5
141945
141946.5
141947
141948.5
141950
141950.5
141951
141950.5
141950
141951
141952
141953
141954
141954.5
141956
141957
141958
141958.5
141960
141960.5
141962
141963
141964
141965
141966
141967
141968
141970.5
141973
141972.5
141972
141974.5
141977
141976.5
141976
141978.5
141981
141982.5
141983
141984.5
141986
141987.5
141989
141990
141991
141991.5
141993
141994
141995
141995.5
141996
141997.5
141998
141998.5
142000
142000.5
142001
142000.5
142000
142001
142002
142003
142004
142004.5
142006
142006.5
142007
142008.5
142010
142010.5
142012
142013
142014
142016.5
142019
142020.5
142022
142023.5
142024
142024.5
142025
142026.5
142028
142029.5
142031
142031.5
142032
142033.5
142035
142035.5
142036
142037.5
142038
142039.5
142041
142042
142043
142043.5
142044
142045.5
142046
142047.5
142048
142048.5
142049
142050.5
142051
142050.5
142050
142051
142052
142053
142054
142056.5
142056
142057
142058
142059
142060
142062.5
142065
142066.5
142067
142068.5
142069
142070.5
142071
142070.5
142070
142071
142072
142073
142074
142074.5
142076
142076.5
142078
142078.5
142079
142080.5
142081
142082.5
142083
142083.5
142085
142086.5
142087
142087.5
142088
142089.5
142090
142091.5
142092
142093
142094
142094.5
142096
142097
142098
142098.5
142099
142100
142101
142102.5
142104
142105
142106
142107
142108
142109
142110
142111
142112
142112.5
142113
142114.5
142115
142116
142117
142118
142119
142120
142121
142122
142123
142123.5
142124
142124.5
142126
142126.5
142128
142129.5
142130
142130.5
142132
142132.5
142133
142134.5
142135
142136.5
142137
142138
142139
142140
142141
142142
142143
142144
142145
142146
142147
142148
142149
142149.5
142150
142150.5
142152
142152.5
142153
142154.5
142155
142155.5
142157
142158.5
142159
142159.5
142160
142160
142160
142161
142162
142163
142164
142165
142166
142167
142168
142169
142170
142172
142174
142175.5
142177
142178.5
142180
142180.5
142181
142182.5
142184
142185.5
142187
142187.5
142189
142190
142191
142192
142193
142194
142195
142195.5
142196
142196.5
142197
142197.5
142199
142200.5
142202
142202.5
142203
142204.5
142205
142206.5
142208
142209.5
142210
142211.5
142212
142212.5
142213
142213.5
142214
142214
142214
142216
142216
142217
142218
142220
142220
142221
142222
142223
142224
142225
142226
142226.5
142227
142227.5
142228
142229
142230
142231
142232
142233
142234
142235
142236
142237
142238
142239
142240
142241
142242
142243
142244
142245.5
142246
142247
142248
142249
142250
142251
142252
142252.5
142253
142254
142255
142256.5
142257
142258
142259
142259.5
142261
142262
142263
142264.5
142265
142266.5
142268
142268.5
142269
142270
142271
142272
142273
142273.5
142275
142276
142277
142278
142279
142280.5
142282
142282.5
142284
142284.5
142285
142286
142287
142288
142289
142290.5
142292
142292.5
142294
142294.5
142295
142296.5
142298
142298.5
142299
142300.5
142302
142302.5
142304
142305
142306
142307
142308
142308.5
142309
142310
142311
142311.5
142312
142313
142314
142315
142316
142316.5
142317
142318
142319
142320
142321
142322
142323
142324
142325
142325.5
142326
142327
142328
142329.5
142330
142331.5
142332
142333
142334
142335
142336
142337
142338
142339
142340
142340.5
142342
142342.5
142343
142344.5
142346
142347
142348
142348.5
142349
142350
142351
142352
142353
142354
142355
142356
142357
142358
142359
142360
142361
142362.5
142364
142364.5
142366
142367
142368
142369
142370
142371.5
142372
142373
142374
142374.5
142375
142376
142377
142378
142379
142380
142381
142381.5
142382
142382.5
142384
142385.5
142386
142386.5
142388
142388.5
142389
142390
142391
142391.5
142393
142393.5
142395
142396
142397
142397.5
142399
142399.5
142401
142401.5
142402
142403
142404
142405
142406
142407
142408
142409
142410
142411
142412
142412.5
142414
142414.5
142416
142416.5
142418
142419
142420
142421
142422
142423
142424
142425
142426
142426.5
142428
142428.5
142429
142429.5
142430
142431
142432
142432
142432
142433
142434
142436
142436
142437
142438
142439
142440
142441
142442
142443
142444
142445
142446
142446.5
142447
142448
142449
142450
142451
142452
142453
142454
142455
142456
142457
142458
142459
142460.5
142462
142462.5
142463
142464.5
142465
142466.5
142468
142469
142470
142470.5
142471
142472.5
142474
142475
142476
142476.5
142478
142478.5
142480
142481
142482
142483
142484
142485
142486
142486.5
142487
142488
142489
142490.5
142491
142492
142493
142494
142495
142496
142497
142498
142499
142500
142501
142501.5
142502
142503
142504
142505
142506
142507
142508
142508
142510
142511
142512
142513.5
142514
142515
142516
142517.5
142518
142519.5
142521
142522
142523
142524
142525
142526
142527
142527.5
142528
142529
142530
142530
142530
142532
142534
142534
142534
142536
142536
142537
142538
142538.5
142540
142541
142542
142542.5
142543
142544
142545
142546
142547
142548
142549
142550
142551
142551.5
142553
142554
142555
142555.5
142556
142556
142556
142558
142558
142560
142562
142563.5
142564
142565.5
142566
142566
142568
142568
142570
142571.5
142573
142573.5
142574
142574
142574
142576
142578
142578
142578
142578.5
142580
142580.5
142582
142582.5
142583
142584
142585
142585.5
142587
142588
142589
142590
142591
142592
142593
142594
142595
142595.5
142596
142596
142598
142599.5
142600
142601.5
142602
142603.5
142604
142604
142606
142607.5
142608
142609.5
142610
142610
142612
142613.5
142615
142615.5
142616
142616
142616
142618
142618
142620
142620
142621
142622
142624
142624
142626
142628
142628
142630
142630
142630
142632
142634
142635.5
142637
142637.5
142638
142639.5
142640
142640
142642
142642
142644
142644
142644
142645
142646
142647
142648
142649
142650
142651
142652
142652.5
142653
142654
142655
142656
142657
142658
142659
142660
142661
142661.5
142662
142662
142664
142664
142666
142667.5
142669
142669.5
142671
142672
142673
142674
142675
142675.5
142677
142677.5
142678
142678
142680
142680
142682
142682
142684
142685.5
142687
142687.5
142688
142688
142690
142691.5
142692
142693.5
142695
142695.5
142696
142697.5
142698
142698
142700
142701.5
142703
142704
142705
142706
142707
142708
142709
142710
142711
142712
142713
142714
142715
142716
142717
142718
142719
142719.5
142720
142720
142722
142722
142722
142724
142724
142725
142726
142727
142728
142729
142730
142731
142732
142734
142734
142736
142736
142738
142738
142739
142740
142740.5
142741
142741.5
142743
142743.5
142744
142745
142746
142747.5
142749
142749.5
142750
142751.5
142752
142753
142754
142754.5
142755
142756
142757
142758
142759
142760
142761
142761
142763
142764
142765
142765
142765
142767
142769
142770
142771
142772
142773
142774
142775
142776
142777
142778.5
142780
142781
142782
142782.5
142784
142784.5
142786
142787
142788
142789
142790
142791
142792
142793
142794
142795.5
142797
142798.5
142799
142799.5
142800
142801
142802
142803
142804
142805
142806
142807
142808
142808.5
142810
142811
142812
142813
142814
142815
142816
142817
142818
142818.5
142819
142820
142821
142822
142823
142824
142825
142826
142827
142828
142829
142830.5
142831
142832
142833
142834
142835
142835
142837
142837
142839
142839
142841
142841
142841
142843
142843
142844
142845
142845.5
142846
142847.5
142848
142848.5
142849
142850
142851
142852
142853
142854
142855
142856
142857
142857.5
142859
142860
142861
142862
142863
142864
142865
142866
142867
142867.5
142868
142869
142870
142871
142872
142873
142874
142875
142876
142877
142878
142879
142880
142880.5
142881
142882
142883
142884
142885
142886
142887
142888
142889
142890
142891
142892
142893
142894
142895
142896
142897
142897.5
142899
142900
142901
142901.5
142903
142903.5
142905
142906
142907
142908
142909
142910
142911
142912
142913
142914
142915
142916
142917
142918
142919
142920
142921
142922
142923
142924.5
142925
142926
142927
142928
142929
142930
142931
142932
142933
142934
142935
142935.5
142937
142937.5
142939
142940
142941
142942
142943
142944
142945
142946
142947
142948
142949
142950
142951
142952
142953
142953.5
142955
142955.5
142956
142957.5
142958
142959.5
142960
142961
142962
142963
142964
142965
142966
142967
142968
142969
142970
142971
142972
142973
142974
142975
142976
142977
142978
142979
142980
142981
142982
142982.5
142984
142984.5
142986
142987
142988
142989
142990
142991
142992
142993
142994
142995
142996
142997
142998
142999
143000
143001
143002
143003
143004
143005
143006
143007
143008
143009
143010
143011
143012
143012.5
143013
143014.5
143016
143016.5
143017
143018.5
143020
143021
143022
143023
143024
143024.5
143026
143027
143028
143029
143030
143030.5
143032
143032.5
143033
143033
143035
143035
143035
143036
143037
143038
143039
143040
143041
143042
143043
143043
143043
143045
143045
143046
143047
143048
143049
143050
143051
143052
143053
143054
143055
143056
143057
143058
143059
143060
143061
143062
143063
143064
143065
143066
143067
143068
143069
143070
143071
143072
143073
143074
143075
143076
143077
143079
143081
143082
143083
143084
143085
143086
143087
143088
143089
143090
143091
143091
143091
143092
143093
143094
143095
143096
143097
143098
143099
143100
143101
143102
143103
143104
143105
143106
143107
143108
143109
143110
143111
143113
143113
143115
143115
143116
143117
143118
143119
143120
143121
143122
143123
143124
143125
143126
143127
143128
143129
143129.5
143131
143132
143133
143133.5
143134
143135
143136
143137
143138
143138.5
143140
143140.5
143142
143143
143144
143145
143146
143147
143148
143149
143150
143150.5
143151
143151.5
143153
143153.5
143154
143155.5
143157
143157.5
143158
143159.5
143161
143161.5
143163
143164.5
143165
143165.5
143167
143168.5
143170
143170.5
143171
143171.5
143172
143173.5
143174
143175.5
143177
143178.5
143179
143179.5
143180
143181
143182
143183
143184
143185
143186
143187
143188
143189
143190
143191
143192
143193
143194
143195
143196
143197
143198
143199
143200
143201
143202
143203
143204
143205
143206
143207
143208
143209
143210
143211
143212
143213
143214
143215.5
143216
143217
143218
143219
143220
143221
143222
143223
143224
143224.5
143225
143226
143227
143228
143229
143230
143231
143231.5
143232
143232.5
143234
143234.5
143235
143236.5
143238
143239.5
143240
143241.5
143243
143244
143245
143245.5
143247
143248
143249
143250
143251
143252
143253
143254
143255
143256
143257
143258
143259
143260
143261
143262
143263
143264
143265
143266
143267
143268
143269
143270
143271
143272
143273
143274
143275
143276
143277
143278
143279
143280
143281
143282
143283
143284
143285
143286
143287
143288
143289
143290.5
143292
143292.5
143294
143294.5
143295
143296
143297
143298
143299
143300
143301
143302
143303
143304
143305
143306
143307
143307.5
143309
143310
143311
143312
143313
143314
143315
143316
143317
143318
143319
143320
143321
143322
143323
143324
143325
143325.5
143326
143326.5
143328
143329.5
143330
143331.5
143332
143333.5
143335
143336
143337
143337.5
143339
143339.5
143341
143342
143343
143344
143345
143346
143347
143348
143349
143349.5
143350
143350.5
143352
143353.5
143354
143354.5
143356
143357.5
143359
143360
143361
143362
143363
143364.5
143365
143366
143367
143368
143369
143370.5
143372
143373
143374
143375
143376
143377
143378
143379
143380
143381
143382
143383
143384
143385.5
143386
143387
143388
143389.5
143390
143391.5
143392
143393
143394
143395
143396
143397
143398
143399
143400
143401
143402
143402.5
143404
143405
143406
143407
143408
143409
143410
143411
143412
143413
143414
143415
143416
143417.5
143418
143419.5
143420
143421
143422
143423
143424
143425
143426
143427
143428
143429
143430
143431
143432
143433
143434
143434.5
143436
143437
143438
143438.5
143439
143440.5
143442
143442.5
143443
143444.5
143445
143446.5
143448
143448.5
143450
143450.5
143451
143452
143453
143454
143455
143456.5
143458
143459
143460
143460.5
143462
143462.5
143463
143464
143465
143466
143467
143468
143469
143470
143471
143472
143473
143474
143475
143476.5
143478
143478.5
143479
143480
143481
143482
143483
143484.5
143485
143486.5
143488
143488.5
143489
143490
143491
143492
143493
143494
143495
143496.5
143498
143499
143500
143500.5
143502
143503
143504
143504.5
143506
143506.5
143507
143508.5
143509
143510.5
143512
143513
143514
143514.5
143515
143516
143517
143518
143519
143520
143521
143522.5
143523
143524.5
143526
143527
143528
143529
143530
143531
143532
143533
143534
143535
143536
143536.5
143538
143538.5
143540
143540.5
143541
143542
143543
143544
143545
143545.5
143547
143547.5
143549
143549.5
143551
143551.5
143552
143553.5
143554
143555.5
143556
143557.5
143559
143559.5
143560
143561.5
143562
143562.5
143564
143564.5
143565
143566
143567
143567.5
143568
143568.5
143569
143570
143571
143572.5
143573
143574.5
143576
143576.5
143577
143578
143579
143580
143581
143581.5
143582
143583
143584
143585
143586
143586.5
143587
143588
143589
143589.5
143590
143590.5
143591
143592
143593
143594
143595
143595.5
143597
143597.5
143598
143599.5
143601
143602
143603
143604.5
143605
143606
143607
143608
143609
143610
143611
143612
143613
143614
143615
143616.5
143617
143618
143619
143620
143621
143622
143623
143623.5
143625
143625.5
143626
143627
143628
143629
143630
143631
143632
143633
143634
143635
143636
143636.5
143637
143637.5
143638
143639
143640
143641
143642
143643.5
143644
143645
143646
143647
143648
143649
143650
143651
143652
143653
143654
143655
143656
143656.5
143658
143659
143660
143661
143662
143663
143664
143665
143666
143666.5
143667
143668.5
143670
143671
143672
143673
143674
143675
143676
143677
143678
143678.5
143680
143681
143682
143683
143684
143685
143686
143687
143688
143688.5
143690
143690.5
143691
143692
143693
143694
143695
143696
143697
143698
143699
143699.5
143700
143701.5
143703
143704
143705
143706
143707
143707.5
143708
143709
143710
143711.5
143712
143713.5
143714
143715.5
143716
143717
143718
143718.5
143720
143720.5
143721
143722
143723
143724
143725
143726
143727
143727.5
143728
143728.5
143729
143730
143731
143732
143733
143734
143735
143736
143737
143738
143739
143740
143741
143742
143743
143744
143745
143746
143747
143748
143749
143750
143751
143752
143753
143754
143755
143756
143757
143757
143759
143759
143759
143761
143761
143763
143765
143766
143767
143768
143769
143770
143771
143771
143773
143774
143775
143775
143777
143777
143779
143779
143779
143781
143781
143781
143781
143782
143783
143783.5
143785
143786
143787
143788
143789
143790
143791
143792
143793
143793.5
143794
143795
143796
143797.5
143798
143799.5
143801
143802
143803
143803.5
143804
143805.5
143806
143807
143808
143808.5
143810
143810.5
143811
143812.5
143813
143814
143815
143816
143817
143818
143819
143820
143821
143821.5
143822
143823
143824
143825.5
143826
143827.5
143828
143829.5
143830
143831
143832
143833
143834
143835
143836
143837
143838
143839
143840
143841
143842
143843
143844
143845
143846
143847
143848
143849
143850
143850.5
143851
143851.5
143852
143853.5
143854
143855.5
143857
143858.5
143859
143859.5
143861
143861.5
143862
143862
143864
143864
143864
143865
143866
143868
143870
143871.5
143872
143872
143872
143873
143874
143875
143876
143875.5
143875
143875.5
143876
143877.5
143878
143879
143880
143881
143882
143882.5
143884
143884.5
143886
143887
143888
143889
143890
143891
143892
143893
143894
143895
143896
143896.5
143897
143898
143899
143899
143899
143900
143901
143902
143903
143905
143905
143906
143907
143908
143909
143910
143911
143912
143913
143913.5
143914
143915
143916
143917
143918
143918.5
143919
143919.5
143920
143921.5
143923
143923.5
143925
143925.5
143926
143927
143928
143929
143930
143931
143932
143933
143934
143934.5
143936
143937
143938
143939
143940
143940.5
143941
143942.5
143944
143944.5
143945
143946.5
143947
143947
143947
143947.5
143948
143949
143950
143951.5
143953
143953.5
143955
143957
143957
143957.5
143958
143959
143960
143960
143962
143963
143964
143965
143966
143966
143966
143967
143968
143969
143970
143971
143972
143973
143974
143975
143976
143976.5
143977
143977
143977
143978
143979
143981
143981
143982
143983
143984
143985
143986
143987
143988
143989
143991
143991
143992
143993
143993.5
143994
143995.5
143996
143995.5
143995
143996
143997
143998
143999
144000
144001
144003.5
144006
144005.5
144005
144006
144007
144008
144009
144010
144011
144012
144013
144014
144015
144016
144017
144019.5
144022
144021.5
144021
144022
144023
144024
144025
144026
144027
144028
144029
144028.5
144031
144030.5
144030
144031
144032
144033
144034
144035
144036
144037
144038
144039
144040
144041
144042
144043
144044
144045
144046
144047
144048
144048.5
144049
144050
144051
144052
144053
144054
144055
144056
144057
144058
144059
144060
144061
144062
144063
144064
144065
144066
144067
144068
144069
144070
144071
144072
144073
144074
144075
144076
144077
144078
144079
144080
144081
144082
144083
144083.5
144084
144085.5
144087
144088
144089
144090
144091
144092
144093
144094
144095
144096
144097
144098
144099
144100
144101
144102
144103
144104.5
144105
144106
144107
144108
144109
144110
144111
144112
144113
144114
144115
144116
144117
144118
144119
144119.5
144121
144121.5
144122
144122.5
144124
144124.5
144126
144126.5
144128
144129.5
144131
144131.5
144132
144132.5
144133
144134
144135
144136
144137
144137
144137
144139
144139
144141
144143
144143
144143
144144
144145
144146
144147
144147.5
144149
144150
144151
144151.5
144152
144153
144154
144154.5
144155
144155.5
144156
144157.5
144158
144159.5
144160
144161.5
144162
144163.5
144165
144166.5
144167
144167.5
144168
144168.5
144169
144169.5
144171
144171.5
144172
144173.5
144174
144175.5
144177
144178.5
144180
144180.5
144181
144182.5
144184
144185.5
144186
144186.5
144187
144188.5
144189
144190.5
144192
144192.5
144194
144195.5
144196
144197.5
144199
144200.5
144201
144202.5
144204
144204.5
144205
144205.5
144206
144207.5
144208
144208.5
144209
144209.5
144211
144211.5
144212
144213.5
144214
144214.5
144215
144216.5
144217
144218
144219
144219.5
144220
144221
144222
144223.5
144225
144226
144227
144228
144229
144230.5
144231
144232.5
144234
144234.5
144236
144236.5
144237
144238
144239
144240
144241
144242.5
144244
144244.5
144246
144246.5
144247
144248.5
144250
144250.5
144252
144252.5
144254
144254.5
144255
144256.5
144258
144259.5
144260
144260.5
144262
144262.5
144264
144264.5
144265
144266
144267
144267.5
144268
144269
144270
144271
144272
144273
144274
144275
144276
144276.5
144277
144278
144279
144280
144281
144282
144283
144284
144285
144286.5
144287
144288.5
144289
144290
144291
144291.5
144292
144293
144294
144295
144296
144297
144298
144299
144300
144301
144302
144303
144304
144305
144306
144307
144308
144308.5
144310
144310.5
144312
144312.5
144314
144314.5
144315
144316.5
144317
144318.5
144320
144320.5
144321
144322.5
144323
144324
144325
144326
144327
144328
144329
144330
144331
144332
144333
144333.5
144334
144335
144336
144337.5
144338
144339
144340
144341
144342
144343
144344
144345
144346
144347
144348
144349.5
144351
144351.5
144352
144353.5
144355
144356
144357
144357.5
144358
144359.5
144360
144361
144362
144363
144364
144365
144366
144367
144368
144369
144370
144371
144372
144373
144374
144375
144376
144377
144378
144378
144378
144378.5
144379
144380.5
144381
144382
144383
144384
144385
144386.5
144387
144388
144389
144389.5
144390
144391
144392
144393
144394
144395
144396
144397
144398
144399
144400
144401
144402
144403
144404
144404.5
144406
144407
144408
144409
144410
144410.5
144412
144412.5
144413
144414.5
144415
144416.5
144417
144418.5
144419
144419.5
144420
144420.5
144421
144422.5
144423
144423.5
144424
144425
144426
144427.5
144428
144429.5
144430
144431.5
144432
144433.5
144434
144435
144436
144436.5
144438
144438.5
144439
144439.5
144440
144441.5
144443
144444.5
144446
144446.5
144448
144449
144450
144451
144452
144453.5
144455
144456.5
144458
144459.5
144460
144460.5
144462
144463.5
144464
144464.5
144465
144466.5
144467
144467.5
144469
144470.5
144472
144473.5
144474
144475.5
144476
144477.5
144479
144479.5
144480
144480.5
144481
144481.5
144482
144483.5
144485
144485.5
144486
144487.5
144488
144489.5
144490
144491
144492
144493.5
144495
144495.5
144497
144497.5
144499
144499.5
144500
144501
144502
144503
144504
144505
144506
144507
144508
144509
144510
144510.5
144511
144511.5
144513
144514.5
144516
144516.5
144517
144517.5
144519
144519.5
144520
144521
144522
144523
144524
144525.5
144526
144527.5
144529
144529.5
144531
144531.5
144533
144533.5
144535
144535.5
144537
144537.5
144538
144539.5
144540
144541
144542
144543
144544
144544.5
144545
144545
144545
144546
144547
144548
144549
144550
144551
144552
144553
144554
144555
144556
144557
144559
144559
144561
144561
144562
144563
144564
144565
144566
144567
144567.5
144569
144569.5
144570
144571.5
144573
144574
144575
144576
144577
144578
144579
144580
144581
144582
144583
144584
144585
144585.5
144586
144586.5
144587
144588
144589
144590
144591
144592
144593
144594
144595
144596
144597
144598
144599
144600
144601
144602
144603
144604
144605
144605.5
144606
144607
144608
144609.5
144610
144611
144612
144613
144614
144615
144616
144617
144618
144618.5
144620
144620.5
144621
144622
144623
144624
144625
144626
144627
144627.5
144628
144629.5
144630
144630.5
144632
144633.5
144635
144635.5
144637
144637.5
144638
144638.5
144640
144640.5
144641
144642
144643
144644
144645
144646.5
144648
144648.5
144649
144650.5
144651
144652
144653
144654.5
144655
144656.5
144658
144658.5
144659
144660.5
144661
144662
144663
144664
144665
144666
144667
144668.5
144669
144670
144671
144672
144673
144673
144673
144675
144675
144677
144679
144680
144681
144681
144681
144682
144683
144684
144685
144686
144687
144688
144689
144690
144691
144692
144693
144694
144695
144696
144697
144698
144699
144700
144701
144702
144703
144704
144705
144706
144707
144707.5
144709
144709.5
144710
144710.5
144711
144711.5
144713
144714.5
144716
144716.5
144717
144717.5
144719
144719.5
144721
144721.5
144722
144723.5
144724
144725
144726
144727
144728
144729
144730
144730
144732
144732
144734
144734
144734
144735
144736
144738
144738
144739
144740
144741
144742
144743
144744
144745
144746
144747
144748
144748.5
144749
144750.5
144752
144752.5
144754
