499418.5
499428
499420.5
499413
499402
499415
499424.5
499434
499426.5
499419
499428.5
499438
499444.5
499440
499446.5
499442
499434.5
499444
499450.5
499446
499438.5
499431
499440.5
499450
499442.5
499435
499424
499413
499426
499439
499428
499417
499430
499419
499432
499421
499434
499423
499422
499425
499424
499423
499424
499425
499426
499427
499421.5
499429
499423.5
499431
499425.5
499433
499427.5
499435
499436
499437
499438
499439
499442
499441
499442
499443
499446
499449
499448
499447
499450
499449
499452
499451
499454
499453
499454
499455
499456
499457
499458
499459
499460
499461
499455.5
499463
499464
499465
499466
499467
499468
499469
499470
499471
499465.5
499460
499461
499462
499461.5
499461
499463.5
499466
499467
499468
499469
499470
499477.5
499485
499479.5
499487
499488
499489
499492
499491
499494
499497
499510
499499
499498
499501
499500
499503
499502
499505
499504
499503
499504
499505
499506
499507
499508
499509
499503.5
499511
499505.5
499500
499507.5
499515
499509.5
499517
499511.5
499519
499520
499521
499522
499523
499524
499525
499519.5
499527
499528
499529
499532
499535
499534
499537
499536
499539
499552
499565
499554
499543
499556
499569
499578.5
499588
499580.5
499590
499582.5
499575
499584.5
499577
499566
499555
499554
499553
499554
499555
499556
499557
499560
499563
499576
499589
499578
499567
499580
499569
499568
499567
499570
499569
499570
499571
499572
499573
499574
499575
499576
499577
499578
499579
499580
499581
499575.5
499583
499577.5
499572
499573
499574
499573.5
499576
499577
499578
499579
499580
499587.5
499582
499583
499584
499591.5
499599
499600
499601
499602
499603
499597.5
499605
499606
499607
499601.5
499596
499603.5
499611
499605.5
499600
499607.5
499602
499603
499604
499605
499606
499605.5
499605
499607.5
499607
499609.5
499612
499611.5
499614
499615
499616
499617
499618
499617.5
499617
499619.5
499619
499616.5
499621
499623.5
499626
499627
499628
499635.5
499630
499637.5
499645
499639.5
499647
499648
499649
499652
499651
499652
499653
499654
499655
499656
499657
499658
499659
499660
499661
499664
499663
499664
499665
499659.5
499667
499668
499669
499670
499671
499672
499673
499676
499679
499678
499677
499680
499679
499680
499681
499682
499683
499686
499689
499702
499691
499690
499689
499692
499695
499694
499693
499694
499695
499696
499697
499691.5
499686
499687
499688
499695.5
499703
499704
499705
499699.5
499707
499701.5
499696
499703.5
499698
499699
499700
499707.5
499715
499716
499717
499720
499723
499722
499721
499724
499727
499740
499729
499728
499727
499728
499729
499730
499731
499732
499733
499736
499739
499752
499741
499740
499739
499740
499741
499744
499747
499760
499773
499762
499751
499764
499777
499786.5
499796
499788.5
499781
499790.5
499783
499772
499761
499760
499759
499760
499761
499762
499763
499764
499765
499759.5
499754
499761.5
499769
499763.5
499771
499765.5
499760
499761
499762
499763
499764
499765
499766
499767
499768
499775.5
499783
499777.5
499772
499779.5
499787
499781.5
499776
499777
499778
499777.5
499777
499774.5
499772
499762
499774
499764
499754
499766
499756
499768
499780
499784.5
499782
499772
499762
499758.5
499764
499760.5
499757
499762.5
499759
499757.5
499756
499752
499758
499754
499750
499756
499752
499758
499764
499760
499766
499762
499758
499764
499770
499773.5
499777
499782.5
499788
499800
499812
499802
499792
499804
499816
499806
499796
499792.5
499798
499810
499822
499826.5
499824
499828.5
499833
499830.5
499828
499818
499808
499804.5
499810
499806.5
499812
499824
499814
499826
499838
499842.5
499847
499844.5
499842
499832
499822
499834
499846
499850.5
499848
499852.5
499857
499859.5
499862
499861.5
499864
499863.5
499863
499860.5
499858
499862.5
499860
499864.5
499862
499866.5
499864
499854
499866
499856
499868
499858
499870
499860
499872
499862
499852
499864
499876
499880.5
499885
499882.5
499887
499889.5
499889
499891.5
499894
499893.5
499896
499897
499898
499899
499900
499901
499902
499901.5
499904
499903.5
499906
499907
499908
499915.5
499923
499924
499925
499928
499931
499930
499929
499932
499935
499948
499937
499936
499939
499952
499965
499954
499943
499942
499941
499944
499943
499944
499945
499948
499947
499950
499953
499952
499951
499952
499953
499956
499959
499958
499961
499974
499987
499976
499989
499998.5
500008
500000.5
499993
500002.5
499995
499984
499973
499986
499999
500008.5
500018
500024.5
500031
500037.5
500044
500039.5
500046
500048.5
500051
500053.5
500053
500052.5
500055
500054.5
500054
500049.5
500056
500051.5
500058
500053.5
500049
500044.5
500040
500046.5
500053
500059.5
500055
500050.5
500057
500052.5
500059
500065.5
500061
500056.5
500052
500058.5
500054
500046.5
500039
500028
500041
500030
500019
500018
500017
500018
500019
500013.5
500021
500022
500023
500026
500029
500042
500055
500064.5
500074
500066.5
500076
500082.5
500089
500095.5
500091
500086.5
500093
500099.5
500106
500101.5
500108
500103.5
500110
500112.5
500112
500114.5
500117
500116.5
500116
500118.5
500118
500113.5
500120
500122.5
500122
500117.5
500124
500126.5
500126
500121.5
500117
500123.5
500130
500125.5
500132
500127.5
500123
500129.5
500125
500120.5
500127
500133.5
500129
500124.5
500131
500126.5
500122
500128.5
500135
500141.5
500137
500132.5
500139
500145.5
500141
500147.5
500143
500138.5
500145
500151.5
500147
500142.5
500149
500155.5
500162
500157.5
500164
500159.5
500166
500168.5
500168
500170.5
500170
500172.5
500172
500174.5
500174
500176.5
500179
500181.5
500181
500180.5
500183
500182.5
500182
500184.5
500187
500189.5
500189
500191.5
500191
500190.5
500190
500192.5
500192
500187.5
500183
500189.5
500185
500191.5
500187
500182.5
500189
500184.5
500191
500197.5
500204
500199.5
500195
500190.5
500186
500192.5
500199
500205.5
500212
500214.5
500214
500216.5
500216
500211.5
500207
500213.5
500209
500215.5
500222
500224.5
500224
500226.5
500226
500221.5
500217
500212.5
500208
500214.5
500210
500216.5
500212
500218.5
500214
500206.5
500216
500208.5
500201
500210.5
500220
500212.5
500205
500214.5
500207
500196
500209
500198
500211
500200
500213
500222.5
500215
500224.5
500217
500206
500195
500194
500197
500210
500223
500212
500225
500214
500227
500236.5
500246
500252.5
500259
500254.5
500250
500256.5
500263
500258.5
500254
500246.5
500239
500248.5
500241
500250.5
500243
500232
500221
500234
500247
500256.5
500249
500238
500227
500240
500229
500228
500227
500228
500229
500232
500231
500234
500233
500236
500235
500236
500237
500231.5
500239
500240
500241
500242
500243
500246
500249
500262
500275
500284.5
500294
500300.5
500307
500313.5
500309
500315.5
500311
500306.5
500302
500308.5
500315
500321.5
500317
500323.5
500319
500325.5
500332
500334.5
500334
500336.5
500336
500331.5
500327
500333.5
500340
500342.5
500342
500344.5
500344
500339.5
500346
500341.5
500337
500343.5
500350
500352.5
500355
500357.5
500360
500362.5
500365
500364.5
500367
500366.5
500369
500370.5
500371
500372.5
500374
500375.5
500376
500376.5
500377
500378.5
500379
500378.5
500378
500377.5
500377
500379.5
500379
500378.5
500381
500383.5
500383
500382.5
500382
500384.5
500387
500386.5
500386
500388.5
500388
500390.5
500393
500395.5
500398
500400.5
500403
500404.5
500405
500404.5
500407
500406.5
500409
500408.5
500408
500410.5
500410
500409.5
500409
500411.5
500411
500413.5
500413
500415.5
500418
500420.5
500423
500422.5
500422
500421.5
500421
500423.5
500426
500428.5
500428
500430.5
500433
500434.5
500436
500437.5
500439
500439.5
500441
500441.5
500442
500443.5
500445
500446
500447
500448
500449
500450
500451
500455.5
500460
500461
500462
500463
500464
500467.5
500471
500469.5
500468
500471.5
500475
500473.5
500472
500473
500474
500475
500476
500477
500478
500481.5
500480
500481
500482
500483
500484
500481.5
500486
500483.5
500481
500482
500483
500484
500485
500486
500487
500487.5
500489
500490
500491
500492
500493
500494
500495
500499.5
500504
500501.5
500506
500503.5
500501
500502
500503
500503.5
500505
500506
500507
500507.5
500509
500509.5
500510
500511.5
500513
500514
500515
500519.5
500517
500518
500519
500520
500521
500521.5
500522
500522.5
500523
500522.5
500525
500526.5
500527
500528.5
500529
500528.5
500531
500530.5
500530
500529.5
500532
500531.5
500534
500536.5
500536
500535.5
500538
500537.5
500540
500542.5
500542
500541.5
500541
500543.5
500543
500542.5
500545
500544.5
500544
500546.5
500549
500548.5
500548
500550.5
500553
500555.5
500558
500560.5
500560
500559.5
500559
500561.5
500564
500563.5
500563
500565.5
500568
500567.5
500570
500572.5
500575
500574.5
500574
500576.5
500576
500575.5
500575
500577.5
500577
500576.5
500579
500578.5
500578
500573.5
500569
500575.5
500571
500566.5
500573
500568.5
500564
500570.5
500577
500572.5
500579
500574.5
500570
500576.5
500572
500564.5
500574
500566.5
500576
500568.5
500578
500570.5
500563
500572.5
500582
500574.5
500567
500576.5
500569
500558
500547
500546
500545
500546
500547
500548
500549
500552
500555
500554
500557
500570
500559
500558
500557
500558
500559
500553.5
500561
500562
500563
500564
500565
500568
500567
500570
500569
500572
500571
500574
500573
500574
500575
500569.5
500564
500565
500566
500567
500568
500569
500570
500571
500572
500573
500574
500581.5
500576
500577
500578
500579
500580
500587.5
500595
500596
500597
500591.5
500586
500593.5
500588
500589
500590
500591
500592
500591.5
500594
500593.5
500596
500597
500598
500605.5
500600
500607.5
500602
500603
500604
500605
500606
500613.5
500621
500615.5
500623
500617.5
500612
500613
500614
500615
500616
500617
500618
500617.5
500620
500619.5
500619
500616.5
500614
500604
500616
500620.5
500618
500622.5
500627
500629.5
500632
500631.5
500634
500635
500636
500637
500638
500645.5
500640
500647.5
500655
500649.5
500644
500651.5
500646
500647
500648
500649
500650
500649.5
500649
500651.5
500651
500653.5
500656
500657
500658
500659
500660
500661
500662
500669.5
500677
500678
500679
500682
500681
500684
500687
500686
500689
500702
500691
500690
500689
500692
500695
500708
500697
500710
500723
500732.5
500742
500734.5
500727
500736.5
500746
500738.5
500731
500720
500709
500722
500735
500744.5
500737
500746.5
500739
500748.5
500758
500764.5
500760
500766.5
500773
500779.5
500786
500788.5
500791
500793.5
500793
500795.5
500798
500800.5
500803
500804.5
500805
500806.5
500808
500809.5
500811
500812
500813
500813.5
500814
500814.5
500816
500816.5
500817
500818.5
500819
500820.5
500822
500823.5
500824
500824.5
500825
500826.5
500828
500829.5
500830
500831.5
500832
500832.5
500834
500835.5
500836
500836.5
500838
500839.5
500840
500840.5
500842
500843.5
500844
500845.5
500846
500847.5
500849
500849.5
500850
500850.5
500851
500850.5
500853
500852.5
500855
500856.5
500857
500856.5
500859
500860.5
500862
500863.5
500864
500865.5
500866
500866.5
500868
500869.5
500871
500871.5
500873
500873.5
500874
500875.5
500876
500876.5
500878
500879.5
500880
500880.5
500881
500880.5
500880
500879.5
500879
500878.5
500878
500873.5
500869
500875.5
500882
500884.5
500887
500886.5
500886
500888.5
500888
500883.5
500879
500874.5
500870
500862.5
500855
500844
500857
500866.5
500876
500882.5
500878
500870.5
500880
500886.5
500893
500899.5
500906
500908.5
500908
500903.5
500899
500905.5
500901
500907.5
500914
500916.5
500916
500911.5
500918
500920.5
500920
500915.5
500911
500906.5
500902
500908.5
500904
500910.5
500917
500912.5
500908
500900.5
500910
500902.5
500895
500904.5
500897
500906.5
500916
500908.5
500901
500890
500903
500892
500881
500880
500883
500896
500909
500898
500887
500900
500889
500888
500891
500904
500893
500906
500919
500908
500897
500896
500899
500912
500925
500914
500927
500936.5
500929
500918
500931
500920
500909
500922
500935
500924
500913
500912
500915
500914
500913
500916
500919
500918
500921
500920
500919
500922
500925
500938
500951
500960.5
500970
500962.5
500955
500964.5
500957
500946
500959
500948
500961
500950
500963
500952
500965
500954
500943
500956
500969
500958
500971
500960
500949
500948
500951
500950
500953
500952
500951
500954
500953
500954
500955
500956
500957
500958
500959
500953.5
500948
500955.5
500950
500951
500952
500953
500954
500953.5
500956
500957
500958
500957.5
500960
500959.5
500962
500963
500964
500965
500966
500967
500968
500969
500970
500977.5
500972
500979.5
500974
500975
500976
500975.5
500975
500977.5
500977
500974.5
500979
500976.5
500974
500964
500954
500966
500978
500968
500980
500970
500982
500986.5
500984
500974
500964
500976
500966
500962.5
500959
500964.5
500961
500959.5
500958
500961.5
500960
500963.5
500962
500965.5
500969
500974.5
500971
500976.5
500982
500978.5
500984
500996
500986
500982.5
500988
500984.5
500990
501002
501014
501018.5
501023
501025.5
501028
501027.5
501027
501024.5
501022
501012
501024
501014
501004
501016
501028
501018
501008
501020
501032
501036.5
501041
501043.5
501046
501047
501048
501047.5
501050
501051
501052
501051.5
501054
501055
501056
501057
501058
501065.5
501060
501061
501062
501061.5
501064
501063.5
501066
501067
501068
501075.5
501083
501084
501085
501079.5
501087
501088
501089
501090
501091
501085.5
501080
501087.5
501095
501089.5
501097
501098
501099
501100
501101
501095.5
501090
501091
501092
501091.5
501094
501093.5
501093
501095.5
501098
501099
501100
501101
501102
501101.5
501104
501103.5
501103
501100.5
501105
501107.5
501110
501111
501112
501113
501114
501115
501116
501115.5
501115
501117.5
501117
501114.5
501119
501116.5
501114
501104
501116
501120.5
501118
501122.5
501120
501110
501100
501096.5
501102
501098.5
501095
501100.5
501106
501102.5
501108
501120
501110
501106.5
501103
501108.5
501105
501103.5
501107
501112.5
501118
501114.5
501111
501116.5
501122
501118.5
501124
501136
501126
501138
501128
501124.5
501121
501119.5
501118
501121.5
501125
501130.5
501127
501125.5
501124
501127.5
501131
501136.5
501142
501154
501166
501156
501168
501158
501170
501160
501150
501162
501174
501178.5
501176
501166
501156
501168
501180
501184.5
501189
501191.5
501194
501195
501196
501195.5
501195
501192.5
501190
501180
501192
501196.5
501194
501198.5
501196
501186
501176
501172.5
501178
501174.5
501180
501192
501204
501208.5
501213
501210.5
501208
501212.5
501217
501214.5
501212
501202
501192
501204
501194
501190.5
501196
501208
501220
501224.5
501222
501226.5
501224
501228.5
501226
501216
501206
501202.5
501199
501204.5
501210
501206.5
501212
501208.5
501205
501203.5
501207
501205.5
501204
501207.5
501211
501216.5
501222
501218.5
501215
501213.5
501212
501208
501204
501210
501216
501219.5
501218
501221.5
501225
501230.5
501236
501248
501260
501264.5
501269
501266.5
501271
501268.5
501273
501270.5
501268
501258
501248
501244.5
501250
501262
501252
501248.5
501254
501266
501278
501282.5
501280
501284.5
501282
501286.5
501291
501293.5
501293
501290.5
501288
501278
501268
501280
501292
501296.5
501294
501284
501274
501286
501298
501288
501300
501304.5
501302
501306.5
501311
501308.5
501313
501315.5
501318
501317.5
501320
501321
501322
501323
501324
501325
501326
501325.5
501325
501327.5
501330
501329.5
501329
501331.5
501331
501328.5
501326
501316
501306
501302.5
501299
501297.5
501296
501292
501298
501294
501290
501286
501292
501298
501294
501290
501286
501292
501288
501288
501288
501286
501284
501279.5
501275
501275
501275
501275
501277
501279
501279
501281
501281
501283
501283
501285
501285
501285
501285
501284
501287
501286
501285
501288
501291
501290
501289
501292
501295
501297
501299
501299
501299
501301
501301
501303
501303
501302
501305
501304
501303
501306
501309
501308
501307
501310
501309
501307
501305
501309
501313
501311
501315
501318
501321
501320
501323
501325
501327
501327
501327
501329
501329
501328
501327
501330
501329
501332
501331
501329
501333
501336
501335
501333
501337
501335
501339
501342
501345
501347
501347
501346
501349
501348
501347
501350
501349
501352
501355
501357
501359
501359
501361
501363
501363
501363
501363
501362
501365
501364
501367
501366
501369
501368
501367
501365
501369
501367
501365
501369
501367
501366.5
501369
501368.5
501368
501370.5
501370
501369.5
501369
501366.5
501364
501368.5
501373
501370.5
501375
501372.5
501377
501379.5
501382
501384.5
501384
501386.5
501389
501388.5
501391
501395
501393
501392.5
501392
501391.5
501394
501396.5
501396
501395.5
501395
501392.5
501390
501389
501392
501396.5
501401
501398.5
501403
501405.5
501408
501407.5
501407
501404.5
501409
501411.5
501411
501408.5
501406
501405
501408
501407
501406
501392
501408
501394
501410
501413
501412
501415
501418
501422.5
501427
501429.5
501429
501431.5
501431
501428.5
501433
501430.5
501428
501432.5
501437
501439.5
501442
501441.5
501441
501438.5
501436
501440.5
501445
501447.5
501450
501452.5
501455
501454.5
501454
501456.5
501459
501463
501461
501465
501463
501467
501471
501469
501467
501471
501475
501473
501477
501480
501483
501485
501485
501484
501483
501481
501479
501483
501487
501490
501489
501487
501485
501484.5
501484
501486.5
501486
501488.5
501488
501487.5
501490
501492.5
501495
501499
501497
501496.5
501499
501503
501507
501505
501503
501502.5
501505
501504.5
501504
501506.5
501509
501513
501517
501515
501513
501512.5
501515
501514.5
501514
501516.5
501516
501515.5
501518
501517.5
501517
501519.5
501522
501521.5
501524
501526.5
501526
501528.5
501531
501535
501539
501537
501541
501544
501543
501541
501539
501538.5
501538
501540.5
501540
501539.5
501539
501541.5
501541
501538.5
501536
501535
501534
501537
501536
501539
501542
501546.5
501551
501553.5
501553
501555.5
501555
501552.5
501557
501554.5
501559
501556.5
501561
501563.5
501566
501568.5
501571
501570.5
501573
501572.5
501575
501574.5
501574
501576.5
501576
501575.5
501578
501577.5
501580
501582.5
501582
501584.5
501584
501583.5
501583
501585.5
501588
501590.5
501590
501589.5
501592
501594.5
501597
501596.5
501596
501595.5
501598
501597.5
501597
501594.5
501592
501591
501590
501593
501596
501600.5
501605
501607.5
501607
501604.5
501602
501601
501604
501603
501602
501588
501604
501590
501576
501575.5
501575
501577.5
501577
501570.5
501579
501572.5
501581
501583.5
501583
501585.5
501588
501604
501620
501606
501622
501608
501594
501593.5
501596
501612
501598
501614
501630
501633
501632
501635
501634
501637
501636
501622
501608
501607.5
501610
501626
501612
501628
501644
501647
501646
501632
501648
501651
501650
501653
501652
501638
501624
501623.5
501623
501625.5
501628
501627.5
501627
501629.5
501629
501631.5
501631
501633.5
501633
501626.5
501635
501628.5
501637
501639.5
501642
501658
501674
501660
501676
501679
501682
501686.5
501684
501688.5
501686
501685
501684
501670
501656
501655.5
501655
501657.5
501657
501659.5
501662
501661.5
501661
501654.5
501648
501648.5
501650
501658.5
501652
501652.5
501653
501653.5
501654
501645
501636
501637
501638
501636
501640
501638
501642
501640
501644
501642
501646
501644
501648
501646
501644
501643.5
501643
501645.5
501648
501647.5
501647
501643
501649
501645
501641
501640
501639
501639.5
501641
501641.5
501643
501646
501649
501648
501647
501647.5
501649
501652
501655
501654
501653
501653.5
501654
501653
501652
501655
501658
501659.5
501661
501664
501663
501666
501669
501668
501671
501670
501673
501679
501685
501681
501677
501676
501679
501678
501677
501677.5
501679
501679.5
501680
501679
501682
501683.5
501684
501685.5
501687
501687.5
501689
501689.5
501691
501694
501697
501696
501695
501698
501701
501700
501699
501702
501701
501701.5
501702
501703.5
501705
501705.5
501707
501707.5
501708
501707
501706
501704.5
501703
501687.5
501672
501689.5
501674
501674.5
501675
501673.5
501672
501668.5
501674
501677.5
501676
501679.5
501683
501684.5
501685
501683.5
501682
501685.5
501684
501687.5
501686
501682.5
501688
501691.5
501690
501693.5
501692
501695.5
501694
501690.5
501696
501692.5
501689
501689.5
501691
501691.5
501693
501698.5
501695
501695.5
501696
501697.5
501699
501699.5
501700
501701.5
501703
501708.5
501714
501717.5
501716
501712.5
501709
501714.5
501711
501716.5
501713
501718.5
501715
501715.5
501717
501717.5
501719
501719.5
501720
501716
501712
501718
501714
501720
501726
501722
501728
501724
501730
501731.5
501733
501733.5
501735
501735.5
501737
501737.5
501738
501734
501730
501736
501732
501728
501734
501740
501746
501742
501748
501744
501750
501746
501752
501748
501744
501740
501746
501742
501738
501738.5
501739
501740.5
501741
501742.5
501743
501744
501745
501746.5
501747
501748
501749
501745
501741
501740
501743
501742
501741
501744
501747
501753
501749
501755
501751
501750
501749
501744
501739
501738.5
501741
501740.5
501743
501750
501757
501760
501763
501762
501765
501771
501777
501773
501779
501780
501781
501782.5
501783
501784
501785
501781
501787
501788
501789
501790.5
501792
501798
501804
501800
501806
501802
501808
501804
501800
501806
501802
501808
501814
501810
501806
501806.5
501807
501808
501809
501810
501811
501812
501813
501814
501815
501816
501817
501818
501819
501820
501821
501822.5
501824
501824.5
501825
501826
501827
501828
501829
501830
501831
501832
501833
501834.5
501835
501836
501837
501838
501839
501840
501841
501842
501843
501844
501845
501846
501847
501843
501839
501845
501841
501847
501843
501842
501845
501851
501847
501846
501849
501855
501851
501850
501853
501852
501851
501854
501857
501863
501869
501870
501871
501872
501873
501869
501865
501864
501863
501866
501865
501868
501871
501870
501869
501872
501875
501881
501887
501883
501879
501885
501891
501887
501883
501889
501895
501891
501897
501898
501899
501900.5
501901
501902
501903
501904
501905
501906
501907
501908.5
501910
501910.5
501911
501912.5
501913
501914
501915
501916
501917
501913
501919
501915
501911
501910
501909
501912
501911
501906
501901
501900.5
501900
501892
501902
501894
501904
501906.5
501909
501916
501923
501926
501925
501928
501931
501937
501943
501944
501945
501946
501947
501948
501949
501950
501951
501952
501953
501954.5
501955
501956
501957
501958
501959
501960
501961
501962
501963
501964
501965
501961
501957
501956
501959
501958
501961
501967
501963
501969
501965
501971
501977
501978
501979
501980
501981
501977
501983
501979
501975
501981
501977
501976
501979
501978
501981
501980
501983
501989
501985
501991
501987
501986
501985
501980
501975
501974.5
501974
501966
501958
501968
501978
501980.5
501983
501990
501985
501992
501999
501994
502001
501996
502003
502006
502005
502008
502007
502010
502009
502004
502011
502014
502017
502016
502019
502018
502017
502020
502019
502014
502021
502024
502027
502033
502039
502035
502031
502030
502029
502024
502019
502026
502021
502020.5
502020
502012
502022
502014
502024
502026.5
502026
502018
502010
502020
502030
502032.5
502035
502034.5
502034
502026
502018
502017.5
502017
502016
502015
502018
502017
502020
502019
502022
502025
502024
502023
502017
502011
502019
502027
502030
502029
502032
502035
502034
502033
502027
502021
502007.5
502023
502009.5
501996
501994.5
501993
501990
501995
501992
501997
502000.5
501999
502002.5
502006
502021.5
502008
502023.5
502010
502008.5
502012
502010.5
502009
502006
502011
502008
502005
502010
502007
502006.5
502006
502008.5
502008
502007
502010
502012.5
502015
502014.5
502017
502022
502019
502018.5
502018
502017
502020
502019
502018
502014
502010
502016
502012
502018
502024
502027
502030
502032.5
502035
502034.5
502034
502036.5
502039
502044
502049
502046
502043
502042.5
502042
502041
502040
502036
502042
502038
502034
502040
502046
502049
502052
502051
502054
502056.5
502059
502064
502069
502066
502071
502074.5
502078
502093.5
502109
502095.5
502111
502097.5
502113
502121
502115
502123
502131
502125
502133
502136
502139
502141.5
502144
502154
502164
502166.5
502169
502176
502183
502178
502185
502188
502191
502190
502193
502192
502191
502186
502193
502196
502195
502198
502201
502200
502203
502209
502215
502216
502217
502218.5
502219
502220
502221
502222
502223
502224
502225
502226
502227
502228.5
502229
502230
502231
502232.5
502233
502234
502235
502231
502237
502233
502239
502240
502241
502242
502243
502244
502245
502246
502247
502248
502249
502250
502251
502252.5
502253
502254
502255
502256
502257
502258
502259
502255
502261
502262
502263
502264
502265
502266
502267
502268.5
502270
502276
502282
502278
502274
502280
502276
502282
502278
502278.5
502279
502280
502281
502282.5
502283
502284.5
502285
502286
502287
502283
502279
502285
502281
502280
502283
502289
502295
502296
502297
502298.5
502300
502306
502302
502302.5
502303
502304.5
502305
502306
502307
502308
502309
502310
502311
502312.5
502314
502314.5
502316
502322
502318
502318.5
502320
502320.5
502321
502322.5
502323
502324.5
502325
502326
502327
502328
502329
502330
502331
502332
502333
502329
502335
502331
502327
502326
502325
502320
502327
502330
502333
502339
502345
502341
502337
502336
502339
502338
502341
502340
502339
502334
502341
502344
502343
502346
502345
502348
502347
502342
502337
502336.5
502339
502346
502341
502348
502343
502342.5
502345
502344.5
502344
502346.5
502346
502338
502330
502340
502332
502331.5
502331
502330
502329
502332
502331
502325
502333
502327
502321
502307.5
502323
502331
502339
502333
502327
502335
502343
502346
502349
502348
502347
502350
502349
502343
502337
502345
502353
502356
502355
502349
502343
502351
502345
502331.5
502347
502333.5
502320
502335.5
502351
502337.5
502353
502339.5
502326
502324.5
502328
502343.5
502330
502345.5
502332
502330.5
502329
502326
502323
502322.5
502322
502324.5
502324
502323
502322
502318
502314
502320
502316
502316
502316
502314.5
502313
502316.5
502320
502322
502324
502330
502336
502339
502342
502344.5
502344
502346.5
502346
502345
502348
502347
502350
502349
502348
502344
502350
502353
502356
502355
502354
502350
502356
502352
502358
502361
502360
502363
502362
502365
502364
502360
502366
502369
502368
502364
502360
502360
502362
502362
502364
502364
502366
502366
502366
502368
502370
502376
502382
502378
502374
502374
502376
502382
502378
502384
502380
502386
502392
502395
502394
502397
502396
502392
502398
502401
502400
502403
502402
502405
502408
502407
502410
502412.5
502415
502414.5
502417
502416.5
502416
502415
502414
502410
502406
502412
502408
502408
502410
502410
502410
502412
502412
502414
502416
502416
502416
502414.5
502413
502416.5
502420
502422
502424
502430
502436
502432
502428
502428
502430
502436
502432
502438
502444
502447
502446
502449
502448
502451
502450
502453
502456
502458.5
502458
502457
502460
502462.5
502462
502464.5
502467
502472
502469
502474
502471
502476
502481
502478
502475
502474.5
502474
502476.5
502479
502478.5
502481
502480.5
502483
502488
502485
502490
502495
502498.5
502502
502500.5
502499
502502.5
502506
502521.5
502508
502506.5
502505
502502
502507
502510.5
502509
502506
502511
502514.5
502518
502533.5
502549
502535.5
502551
502537.5
502524
502539.5
502555
502563
502571
502565
502573
502567
502575
502569
502563
502549.5
502536
502534.5
502538
502536.5
502535
502532
502529
502534
502539
502542.5
502546
502544.5
502543
502546.5
502545
502542
502539
502544
502541
502546
502551
502548
502545
502550
502547
502552
502549
502554
502551
502550.5
502553
502558
502563
502560
502557
502562
502567
502570.5
502569
502566
502563
502562.5
502562
502564.5
502567
502566.5
502566
502568.5
502571
502576
502581
502584.5
502583
502580
502577
502582
502587
502590.5
502594
502592.5
502591
502588
502585
502584.5
502587
502592
502597
502600.5
502604
502602.5
502606
502604.5
502603
502606.5
502610
502608.5
502612
502627.5
502614
502629.5
502645
502653
502647
502633.5
502649
502657
502665
502668
502671
502670
502673
502675.5
502675
502674
502673
502676
502679
502681.5
502681
502683.5
502683
502682
502681
502675
502669
502655.5
502671
502679
502687
502690
502693
502695.5
502695
502697.5
502697
502696
502695
502698
502697
502700
502703
502702
502705
502704
502703
502706
502709
502708
502711
502713.5
502716
502726
502718
502728
502738
502730
502740
502732
502742
502734
502744
502746.5
502746
502738
502730
502729.5
502732
502731.5
502734
502744
502754
502746
502738
502737.5
502737
502739.5
502739
502741.5
502741
502743.5
502743
502742
502745
502747.5
502747
502749.5
502749
502748
502747
502750
502749
502743
502751
502745
502739
502747
502741
502749
502743
502751
502759
502762
502765
502764
502763
502766
502765
502768
502767
502770
502769
502763
502757
502765
502773
502767
502761
502747.5
502734
502732.5
502731
502734.5
502733
502736.5
502740
502755.5
502771
502779
502787
502781
502775
502783
502791
502785
502793
502787
502781
502767.5
502783
502791
502799
502802
502801
502804
502803
502797
502805
502808
502807
502810
502809
502812
502815
502817.5
502817
502819.5
502819
502818
502817
502820
502819
502813
502821
502815
502823
502826
502825
502819
502827
502830
502833
502832
502835
502834
502833
502827
502835
502829
502823
502809.5
502796
502794.5
502793
502796.5
502800
502815.5
502831
502817.5
502804
502819.5
502835
502843
502837
502823.5
502810
502825.5
502841
502827.5
502814
502829.5
502816
502814.5
502818
502816.5
502815
502812
502809
502814
502811
502816
502821
502824.5
502823
502826.5
502825
502828.5
502827
502830.5
502829
502826
502823
502822.5
502825
502830
502827
502826.5
502826
502828.5
502831
502830.5
502830
502832.5
502835
502840
502845
502848.5
502852
502850.5
502849
502852.5
502851
502848
502853
502856.5
502855
502852
502857
502854
502859
502856
502853
502852.5
502852
502854.5
502854
502853
502856
502855
502854
502850
502856
502859
502858
502854
502860
502863
502866
502865
502864
502867
502866
502862
502858
502864
502870
502866
502872
502875
502878
502877
502876
502872
502878
502874
502880
502876
502872
502878
502884
502887
502886
502889
502888
502891
502890
502886
502882
502888
502894
502890
502886
502892
502898
502894
502890
502896
502902
502898
502894
502894
502896
502896
502896
502894.5
502898
502900
502902
502902
502904
502910
502916
502919
502922
502924.5
502927
502926.5
502929
502928.5
502931
502930.5
502933
502932.5
502935
502940
502945
502942
502947
502950.5
502954
502952.5
502956
502971.5
502958
502956.5
502960
502958.5
502957
502960.5
502964
502962.5
502961
502958
502955
502954.5
502954
502953
502956
502955
502958
502957
502956
502959
502962
502964.5
502967
502972
502977
502974
502971
502970.5
502973
502978
502983
502986.5
502990
503005.5
502992
502990.5
502989
502986
502991
502994.5
502993
502996.5
503000
503015.5
503002
503017.5
503033
503019.5
503006
503004.5
503008
503023.5
503010
503025.5
503041
503049
503057
503051
503059
503053
503061
503055
503063
503057
503065
503059
503053
503039.5
503026
503024.5
503028
503026.5
503030
503045.5
503032
503047.5
503063
503071
503065
503073
503067
503053.5
503040
503038.5
503042
503040.5
503039
503042.5
503041
503038
503035
503034.5
503034
503036.5
503039
503038.5
503041
503040.5
503043
503042.5
503042
503041
503040
503036
503042
503038
503044
503040
503046
503049
503052
503054.5
503057
503056.5
503059
503064
503069
503066
503071
503074.5
503073
503070
503067
503072
503069
503074
503071
503076
503073
503072.5
503072
503071
503070
503066
503062
503068
503064
503070
503066
503066
503068
503074
503070
503070
503070
503072
503072
503074
503074
503072.5
503076
503078
503080
503080
503082
503082
503082
503084
503084
503086
503088
503094
503100
503103
503102
503105
503108
503110.5
503110
503109
503112
503114.5
503117
503116.5
503116
503115
503114
503117
503120
503122.5
503122
503124.5
503124
503123
503122
503118
503124
503127
503130
503129
503132
503134.5
503134
503136.5
503136
503138.5
503138
503137
503136
503139
503138
503134
503130
503130
503132
503138
503134
503134
503134
503132.5
503131
503130.5
503133
503136.5
503140
503142
503142
503144
503146
503152
503148
503148
503150
503150
503152
503152
503152
503154
503156
503162
503158
503158
503160
503160
503162
503162
503162
503160.5
503159
503158.5
503161
503164.5
503168
503166.5
503170
503168.5
503172
503170.5
503174
503176
503176
503178
503180
503186
503192
503195
503194
503197
503196
503199
503202
503204.5
503204
503203
503202
503205
503208
503210.5
503213
503212.5
503212
503214.5
503217
503222
503227
503230.5
503234
503249.5
503265
503251.5
503238
503236.5
503235
503232
503229
503228.5
503231
503230.5
503230
503229
503228
503224
503230
503233
503236
503235
503238
503237
503240
503242.5
503245
503250
503247
503246.5
503246
503245
503248
503247
503250
503249
503252
503251
503254
503253
503252
503255
503258
503257
503260
503262.5
503262
503261
503264
503263
503262
503258
503254
503254
503254
503256
503258
503258
503260
503266
503262
503268
503274
503277
503276
503272
503268
503274
503270
503270
503270
503272
503272
503270.5
503269
503272.5
503271
503274.5
503273
503272.5
503275
503274.5
503274
503272
503276
503278.5
503281
503284.5
503288
503286.5
503285
503284.5
503284
503282
503280
503276.5
503282
503286
503284
503288
503292
503290
503288
503292
503290
503294
503298
503300.5
503300
503298
503302
503300
503298
503302
503306
503308.5
503311
503310.5
503310
503308
503306
503310
503314
503316.5
503316
503314
503312
503316
503314
503318
503322
503324.5
503324
503322
503326
503324
503322
503318.5
503315
503320.5
503317
503316.5
503316
503318.5
503321
503320.5
503320
503322.5
503325
503324.5
503324
503324
503326
503328.5
503328
503328
503330
503330
503330
503332
503332
503334
503334
503334.5
503336
503338
503340
503342.5
503345
503344.5
503347
503346.5
503349
503348.5
503351
503350.5
503350
503350
503352
503354.5
503357
503356.5
503359
503358.5
503358
503358
503360
503360
503360
503362
503362
503362.5
503363
503360
503357
503362
503367
503364
503369
503366
503371
503368
503365
503370
503367
503372
503369
503361.5
503354
503352
503350
503348
503352
503350
503348
503352
503350
503354
503358
503362
503360
503364
503362
503360
503358
503355
503360
503357
503354
503344
503334
503346
503358
503348
503338
503350
503340
503352
503364
503369
503374
503371
503368
503358
503370
503360
503372
503362
503374
503379
503376
503381
503378
503383
503388
503385
503382
503387
503392
503396
503394
503398
503396
503393
503398
503395
503392
503382
503394
503384
503396
503401
503406
503403
503400
503390
503380
503392
503382
503394
503384
503383.5
503383
503378.5
503374
503380.5
503387
503389.5
503392
503391.5
503391
503393.5
503393
503388.5
503384
503385
503386
503387
503388
503388
503390
503390
503392
503392
503392
503394
503394
503396
503398
503398
503398
503400
503402
503402
503404
503404
503404
503404
503404
503403.5
503406
503408
503408
503407.5
503410
503412
503412
503411.5
503414
503413.5
503413
503409.5
503415
503417.5
503420
503422
503424
503426
503428
503429
503430
503436.5
503432
503433
503434
503435
503436
503436
503436
503436
503436
503438
503440
503440
503440
503442
503442
503444
503444
503446
503446
503448
503448
503450
503452
503452
503454
503456
503458
503458
503458
503460
503462
503462
503462
503462
503464
503466
503468
503468
503470
503470
503472
503472
503474
503474
503474
503474
503474
503473.5
503476
503478
503480
503482
503482
503482
503484
503486
503486
503488
503488
503488
503488
503490
503492
503492
503494
503496
503498
503499
503500
503501
503502
503502
503504
503505
503506
503507
503508
503508
503508
503510
503512
503512
503514
503515
503516
503522.5
503529
503531.5
503531
503533.5
503536
503535.5
503535
503530.5
503537
503539.5
503542
503554
503566
503556
503568
503573
503570
503575
503580
503584
503588
503592
503590
503594
503592
503590
503588
503585
503582
503572
503562
503561.5
503561
503556.5
503563
503558.5
503565
503560.5
503567
503562.5
503558
503559
503560
503566.5
503562
503563
503564
503565
503566
503566
503566
503566
503566
503565.5
503568
503567.5
503567
503563.5
503569
503565.5
503571
503567.5
503564
503563
503566
503565
503564
503564
503564
503563.5
503566
503565.5
503568
503567.5
503570
503569.5
503572
503571.5
503574
503576
503576
503575.5
503575
503574
503573
503572.5
503575
503574.5
503574
503573
503576
503575
503578
503577
503576
503579
503578
503570.5
503563
503572.5
503582
503585
503584
503587
503586
503589
503592
503594.5
503594
503593
503596
503598.5
503598
503597
503596
503588.5
503581
503579.5
503578
503581.5
503585
503583.5
503587
503596.5
503606
503609
503608
503611
503614
503613
503612
503604.5
503614
503617
503616
503608.5
503618
503621
503624
503626.5
503626
503625
503628
503627
503626
503629
503632
503634.5
503634
503633
503636
503638.5
503641
503640.5
503643
503642.5
503642
503644.5
503647
503650
503649
503652
503651
503650.5
503650
503649
503652
503651
503650
503653
503652
503644.5
503637
503635.5
503634
503637.5
503641
503650.5
503660
503652.5
503645
503654.5
503647
503656.5
503649
503658.5
503651
503649.5
503648
503647
503650
503649
503648
503648.5
503649
503648
503651
503650
503653
503654.5
503655
503654
503657
503658.5
503660
503663
503666
503665
503664
503664.5
503666
503669
503668
503668.5
503670
503673
503672
503675
503678
503681.5
503685
503694.5
503704
503707
503710
503709
503712
503714.5
503714
503713
503712
503704.5
503697
503695.5
503699
503697.5
503701
503699.5
503703
503701.5
503700
503699
503698
503698.5
503700
503703
503706
503709.5
503708
503707
503706
503706.5
503708
503708.5
503710
503713
503716
503719.5
503718
503717
503720
503723.5
503722
503721
503724
503727.5
503726
503725
503724
503727
503726
503726.5
503728
503731
503730
503730.5
503731
503732.5
503733
503734.5
503735
503736.5
503738
503741
503744
503747.5
503746
503749.5
503753
503751.5
503755
503764.5
503757
503755.5
503759
503757.5
503756
503755
503754
503757
503760
503759
503758
503761
503764
503763
503766
503769.5
503773
503771.5
503770
503769
503772
503775.5
503774
503777.5
503781
503779.5
503778
503781.5
503785
503783.5
503787
503785.5
503784
503787.5
503786
503789.5
503793
503802.5
503812
503815
503818
503820.5
503823
503826
503829
503828
503831
503833.5
503836
503838
503840
503843
503842
503842
503842
503841.5
503841
503840
503843
503842
503841
503840.5
503843
503842.5
503842
503844.5
503844
503843
503842
503845
503848
503850.5
503853
503852.5
503855
503854.5
503854
503853
503856
503858.5
503858
503860.5
503860
503862.5
503865
503864.5
503867
503866.5
503869
503872
503871
503874
503877
503879.5
503879
503881.5
503881
503883.5
503886
503888
503890
503893
503896
503901.5
503907
503903.5
503900
503905.5
503902
503907.5
503913
503909.5
503915
503917.5
503917
503919.5
503919
503921.5
503921
503917.5
503914
503913
503916
503921.5
503918
503923.5
503920
503919
503918
503921
503920
503920
503920
503922
503924
503924
503924
503926
503926
503925.5
503928
503927.5
503930
503932
503932
503931.5
503931
503930
503929
503932
503931
503930.5
503930
503929
503928
503920.5
503930
503933
503936
503935
503938
503937
503936
503928.5
503938
503930.5
503923
503932.5
503925
503934.5
503944
503947
503946
503949
503948
503940.5
503933
503942.5
503935
503933.5
503937
503935.5
503939
503948.5
503958
503961
503964
503966.5
503969
503972
503975
503974
503977
503979.5
503979
503981.5
503984
503986
503988
503991
503990
503990
503992
503995
503994
503994
503994
503993.5
503993
503995.5
503995
503994
503993
503996
503999
504001.5
504004
504006
504008
504008
504010
504013
504016
504015
504014
504014
504016
504019
504018
504018
504020
504023
504022
504022
504022
504024
504026
504029
504032
504037.5
504034
504039.5
504036
504035
504038
504037
504036
504039
504042
504041
504040
504040
504040
504039.5
504042
504044
504044
504043.5
504043
504045.5
504048
504047.5
504047
504049.5
504052
504054
504054
504056
504058
504058
504060
504063
504066
504071.5
504077
504073.5
504070
504069
504072
504071
504070
504073
504072
504072
504074
504074
504074
504073.5
504076
504078
504078
504077.5
504077
504076
504079
504081.5
504081
504083.5
504086
504085.5
504088
504087.5
504090
504089.5
504092
504094
504096
504099
504102
504107.5
504104
504103
504106
504105
504108
504113.5
504119
504121.5
504124
504126
504128
504128
504128
504127.5
504130
504132
504132
504131.5
504134
504133.5
504133
504129.5
504135
504137.5
504140
504142
504144
504146
504148
504148
504148
504148
504148
504150
504150
504152
504154
504154
504154
504156
504156
504158
504160
504160
504162
504162
504162
504164
504166
504166
504168
504168
504170
504170
504172
504174
504174
504174
504174
504173.5
504173
504169.5
504175
504171.5
504177
504173.5
504179
504175.5
504172
504177.5
504183
504185.5
504185
504181.5
504187
504183.5
504189
504191.5
504194
504193.5
504196
504198
504198
504200
504200
504199.5
504202
504204
504206
504208
504210
504210
504210
504210
504212
504212
504214
504214
504216
504218
504218
504218
504220
504220
504220
504219.5
504219
504221.5
504224
504226
504226
504228
504228
504227.5
504230
504232
504234
504236
504236
504236
504238
504238
504240
504242
504244
504245
504246
504247
504248
504248
504248
504250
504250
504250
504252
504252
504254
504254
504254
504253.5
504256
504258
504260
504260
504260
504259.5
504262
504261.5
504261
504263.5
504266
504265.5
504265
504261.5
504258
504257
504260
504265.5
504262
504267.5
504273
504269.5
504266
504265
504268
504267
504266
504266
504266
504268
504268
504270
504272
504275
504274
504274
504276
504279
504282
504281
504280
504283
504286
504291.5
504297
504299.5
504302
504301.5
504301
504303.5
504303
504299.5
504296
504301.5
504298
504303.5
504300
504299
504298
504301
504300
504303
504306
504305
504308
504307
504310
504309
504312
504311
504310
504310
504312
504315
504318
504317
504320
504325.5
504322
504327.5
504333
504329.5
504326
504331.5
504328
504327
504330
504335.5
504341
504337.5
504343
504339.5
504345
504341.5
504347
504343.5
504340
504339
504342
504347.5
504353
504349.5
504346
504351.5
504357
504353.5
504350
504349
504348
504351
504354
504359.5
504356
504361.5
504367
504369.5
504369
504365.5
504371
504373.5
504373
504369.5
504375
504371.5
504377
504379.5
504379
504381.5
504381
504377.5
504374
504373
504376
504381.5
504387
504383.5
504380
504379
504378
504381
504384
504389.5
504386
504391.5
504397
504393.5
504390
504395.5
504392
504397.5
504394
504393
504392
504395
504398
504397
504400
504405.5
504402
504401
504404
504403
504402
504405
504404
504407
504410
504409
504412
504417.5
504414
504413
504416
504415
504418
504423.5
504429
504425.5
504422
504421
504420
504423
504422
504422
504422
504424
504424
504426
504426
504428
504430
504433
504432
504435
504438
504443.5
504449
504445.5
504451
504447.5
504453
504449.5
504446
504445
504444
504447
504450
504455.5
504452
504457.5
504454
504453
504456
504461.5
504458
504457
504460
504459
504462
504467.5
504473
504469.5
504466
504465
504468
504467
504466
504469
504468
504471
504470
504473
504476
504475
504474
504474
504476
504479
504482
504487.5
504484
504489.5
504486
504485
504484
504484
504484
504483.5
504486
504488
504490
504490
504492
504492
504494
504497
504500
504505.5
504511
504507.5
504513
504509.5
504515
504511.5
504508
504507
504510
504509
504512
504511
504510
504513
504516
504515
504514
504517
504520
504525.5
504531
504527.5
504524
504523
504526
504525
504528
504533.5
504539
504535.5
504532
504531
504534
504533
504536
504541.5
504547
504549.5
504549
504545.5
504542
504541
504540
504540
504542
504545
504544
504544
504544
504546
504548
504548
504548
504547.5
504547
504546
504545
504548
504547
504546.5
504546
504548.5
504551
504550.5
504553
504552.5
504555
504558
504557
504556.5
504559
504562
504565
504564
504567
504566
504565
504564.5
504567
504566.5
504566
504568.5
504571
504574
504573
504576
504575
504574.5
504577
504576.5
504579
504578.5
504578
504577
504580
504579
504578
504570.5
504563
504561.5
504565
504563.5
504567
504565.5
504564
504563
504562
504562.5
504564
504567
504566
504566.5
504568
504571
504570
504573
504576
504579.5
504578
504577
504576
504579
504582
504585.5
504589
504587.5
504586
504589.5
504588
504591.5
504595
504604.5
504614
504606.5
504616
504608.5
504618
504610.5
504620
504612.5
504622
504625
504628
504627
504626
504618.5
504628
504631
504634
504633
504636
504635
504638
504640.5
504643
504642.5
504642
504641
504644
504643
504646
504648.5
504651
504650.5
504650
504649
504648
504640.5
504650
504653
504652
504655
504654
504646.5
504639
504648.5
504641
504639.5
504643
504641.5
504640
504643.5
504647
504656.5
504666
504658.5
504651
504649.5
504648
504651.5
504655
504653.5
504657
504655.5
504654
504657.5
504661
504670.5
504663
504672.5
504682
504685
504684
504687
504686
504689
504688
504691
504690
504682.5
504675
504684.5
504694
504697
504696
504688.5
504681
504679.5
504683
504692.5
504702
504694.5
504687
504685.5
504689
504687.5
504691
504700.5
504710
504702.5
504712
504704.5
504714
504717
504720
504722.5
504725
504728
504727
504726.5
504726
504725
504728
504730.5
504730
504732.5
504732
504734.5
504734
504733
504736
504735
504738
504737
504736
504739
504738
504730.5
504723
504732.5
504725
504734.5
504744
504736.5
504746
504749
504748
504751
504750
504753
504756
504758.5
504761
504764
504763
504766
504765
504768
504767
504766.5
504769
504772
504771
504774
504773
504776
504779
504778
504777
504776.5
504779
504782
504781
504784
504783
504782.5
504782
504781
504780
504783
504782
504774.5
504784
504787
504786
504778.5
504788
504780.5
504773
504771.5
504775
504784.5
504777
504775.5
504779
504777.5
504776
504775
504778
504777
504780
504783.5
504787
504796.5
504789
504787.5
504786
504785
504784
504784.5
504785
504786.5
504788
504791
504794
504797.5
504796
504795
504798
504801.5
504800
504799
504798
504801
504804
504803
504806
504805
504808
504811.5
504815
504813.5
504812
504811
504814
504813
504812
504812.5
504813
504814.5
504816
504816.5
504818
504821
504824
504823
504826
504825
504824
504824.5
504826
504829
504832
504831
504834
504837.5
504836
504839.5
504843
504841.5
504840
504839
504838
504838.5
504839
504838
504841
504842.5
504843
504842
504841
504844
504843
504846
504845
504848
504851
504852.5
504854
504857
504856
504859
504858
504858.5
504860
504863
504862
504862.5
504864
504867
504870
504873.5
504872
504875.5
504879
504877.5
504881
504890.5
504883
504892.5
504902
504905
504904
504896.5
504889
504898.5
504891
504900.5
504910
504902.5
504912
504915
504914
504906.5
504916
504919
504922
504921
504924
504923
504926
504928.5
504931
504934
504933
504932.5
504932
504934.5
504934
504933
504936
504938.5
504941
504940.5
504943
504942.5
504942
504941
504940
504932.5
504942
504934.5
504944
504936.5
504929
504938.5
504931
504929.5
504933
504931.5
504930
504933.5
504937
504946.5
504956
504948.5
504958
504961
504960
504952.5
504962
504954.5
504947
504956.5
504949
504947.5
504946
504945
504948
504947
504950
504949
504948
504951
504954
504957.5
504961
504959.5
504958
504957
504956
504959
504958
504958.5
504959
504960.5
504961
504962.5
504963
504962
504961
504961
504963
504963
504963
504963.5
504965
504967
504969
504969
504969
504969.5
504970
504971.5
504973
504973.5
504974
504965.5
504976
504977.5
504979
504979.5
504980
504971.5
504963
504956.5
504950
504948
504952
504960.5
504969
504979.5
504971
504981.5
504973
504966.5
504960
504958
504962
504970.5
504964
504972.5
504981
504974.5
504968
504976.5
504985
504978.5
504987
504980.5
504974
504972
504976
504984.5
504978
504976
504974
504978
504982
504990.5
504999
505009.5
505001
504994.5
504988
504986
504984
504988
504986
504986
504986
504988
504990
504990
504992
504996
504994
504998
505002
505000
504998
505002
505000
505004
505008
505016.5
505025
505018.5
505027
505037.5
505048
505039.5
505050
505051.5
505052
505043.5
505035
505028.5
505037
505047.5
505039
505032.5
505041
505051.5
505062
505063.5
505064
505055.5
505047
505040.5
505049
505042.5
505036
505044.5
505053
505046.5
505040
505048.5
505042
505050.5
505044
505052.5
505046
505044
505048
505056.5
505050
505058.5
505052
505060.5
505054
505062.5
505056
505054
505052
505052
505052
505051.5
505051
505048.5
505046
505050.5
505048
505052.5
505057
505059.5
505059
505056.5
505054
505053.5
505056
505055.5
505058
505057.5
505060
505064.5
505069
505071.5
505074
505073.5
505076
505078
505078
505077.5
505077
505079.5
505079
505081.5
505081
505078.5
505083
505080.5
505085
505082.5
505087
505089.5
505092
505091.5
505091
505093.5
505096
505095.5
505098
505097.5
505100
505102
505102
505101.5
505104
505103.5
505103
505105.5
505105
505102.5
505100
505099.5
505102
505106.5
505111
505113.5
505113
505115.5
505118
505120
505120
505119.5
505119
505121.5
505121
505123.5
505123
505120.5
505125
505127.5
505127
505129.5
505132
505131.5
505134
505133.5
505136
505135.5
505135
505132.5
505130
505129.5
505132
505131.5
505134
505138.5
505143
505140.5
505138
505137.5
505137
505121.5
505106
505106
505106
505108
505108
505101.5
505110
505103.5
505112
505105.5
505114
505107.5
505116
505118
505120
505137.5
505122
505122
505122
505115.5
505124
505117.5
505126
505128
505128
505130
505130
505132
505134
505134
505134
505136
505136
505138
505140
505140
505140
505142
505142
505135.5
505144
505146
505148
505165.5
505183
505167.5
505152
505152
505154
505171.5
505189
505191.5
505194
505198.5
505196
505195.5
505198
505197.5
505197
505181.5
505166
505183.5
505168
505185.5
505203
505205.5
505208
505207.5
505207
505191.5
505209
505211.5
505211
505213.5
505216
505215.5
505218
505217.5
505217
505219.5
505219
505203.5
505221
505223.5
505226
505230.5
505235
505232.5
505230
505229.5
505229
505231.5
505234
505238.5
505243
505240.5
505245
505242.5
505247
505249.5
505252
505251.5
505251
505253.5
505256
505255.5
505258
505260
505260
505262
505262
505261.5
505264
505266
505266
505265.5
505268
505267.5
505270
505269.5
505269
505266.5
505271
505268.5
505273
505270.5
505268
505267.5
505270
505274.5
505279
505276.5
505274
505278.5
505276
505275.5
505278
505277.5
505277
505261.5
505279
505281.5
505284
505288.5
505293
505295.5
505295
505297.5
505297
505294.5
505299
505296.5
505294
505298.5
505296
505300.5
505305
505302.5
505307
505304.5
505309
505306.5
505311
505313.5
505316
505315.5
505315
505317.5
505320
505319.5
505319
505316.5
505321
505318.5
505323
505325.5
505328
505330
505332
505336
505334
505334
505334
505333.5
505333
505330.5
505335
505337.5
505340
505339.5
505342
505344
505346
505346
505348
505352
505356
505354
505352
505356
505360
505368.5
505377
505387.5
505398
505389.5
505400
505401.5
505402
505393.5
505404
505395.5
505387
505380.5
505389
505382.5
505376
505374
505378
505386.5
505395
505405.5
505397
505407.5
505399
505392.5
505401
505411.5
505422
505413.5
505424
505425.5
505427
505429
505429
505429.5
505431
505433
505435
505438
505437
505437
505439
505442
505445
505444
505443
505443
505445
505445
505445
505445.5
505446
505437.5
505429
505439.5
505450
505451.5
505452
505443.5
505454
505455.5
505456
505447.5
505458
505449.5
505460
505461.5
505462
505463.5
505464
505465.5
505466
505467.5
505469
505469.5
505471
505473
505475
505475
505475
505477
505479
505482
505481
505484
505483
505483
505485
505488
505487
505487
505487
505487.5
505488
505489.5
505490
505491.5
505492
505483.5
505494
505495.5
505497
505497.5
505499
505501
505501
505503
505503
505505
505507
505510
505513
505514.5
505516
505516.5
505518
505521
505520
505520.5
505522
505522.5
505523
505524.5
505526
505526.5
505528
505528.5
505530
505530.5
505531
505532.5
505534
505537
505536
505536.5
505537
505536
505535
505538
505541
505542.5
505543
505542
505541
505544
505543
505543
505545
505548
505547
505547
505547
505549
505551
505554
505553
505553
505553
505555
505555
505555.5
505556
505557.5
505559
505561
505561
505561.5
505562
505553.5
505545
505538.5
505547
505557.5
505568
505559.5
505570
505561.5
505553
505546.5
505555
505565.5
505557
505567.5
505559
505569.5
505561
505554.5
505563
505556.5
505550
505558.5
505552
505550
505548
505552
505556
505564.5
505573
505566.5
505575
505585.5
505596
505587.5
505579
505572.5
505581
505574.5
505583
505593.5
505585
505578.5
505587
505580.5
505589
505582.5
505576
505584.5
505578
505586.5
505595
505588.5
505582
505580
505584
505582
505586
505584
505582
505582
505584
505584
505584
505586
505588
505592
505590
505590
505590
505592
505594
505594
505594
505593.5
505593
505590.5
505595
505597.5
505600
505602
505602
505601.5
505601
505598.5
505596
505600.5
505598
505602.5
505607
505609.5
505609
505606.5
505611
505608.5
505606
505605.5
505605
505589.5
505607
505591.5
505609
505611.5
505614
505618.5
505623
505625.5
505625
505627.5
505627
505629.5
505632
505634
505634
505636
505636
505635.5
505638
505640
505642
505642
505642
505641.5
505641
505643.5
505646
505645.5
505645
505647.5
505647
505644.5
505649
505646.5
505644
505643.5
505643
505627.5
505612
505612
505612
505605.5
505599
505599
505599
505601
505603
505611.5
505620
505622
505622
505615.5
505624
505617.5
505611
505611
505611
505607.5
505604
505600
505606
505602
505598
505598.5
505599
505594.5
505601
505602.5
505603
505598.5
505594
505595
505596
505597
505598
505598.5
505599
505600.5
505602
505603
505604
505604.5
505606
505607
505608
505608.5
505610
505611
505612
505613
505614
505614.5
505616
505616.5
505617
505610.5
505604
505612.5
505621
505622.5
505624
505625
505626
505626.5
505628
505629
505630
505631
505632
505638.5
505645
505646.5
505648
505654
505660
505656
505662
505667.5
505664
505669.5
505666
505671.5
505668
505664
505670
505666
505672
505668
505664
505670
505666
505666.5
505668
505668.5
505670
505676
505672
505672.5
505674
505674.5
505675
505676.5
505677
505678.5
505679
505674.5
505670
505676.5
505683
505684.5
505685
505680.5
505676
505682.5
505678
505684.5
505691
505686.5
505682
505683
505684
505685
505686
505687
505688
505694.5
505690
505696.5
505703
505704.5
505705
505700.5
505707
505702.5
505698
505699
505700
505701
505702
505702.5
505703
505704.5
505705
505706.5
505707
505700.5
505709
505710.5
505711
505704.5
505698
505706.5
505715
505716.5
505718
505719
505720
505720.5
505722
505723
505724
505725
505726
505732.5
505728
505729
505730
505730.5
505732
505732.5
505733
505726.5
505735
505736.5
505738
505739
505740
505741
505742
505743
505744
505744.5
505746
505746.5
505748
505749
505750
505756.5
505763
505764.5
505766
505772
505768
505774
505780
505776
505772
505778
505774
505774.5
505776
505782
505788
505784
505790
505795.5
505801
505797.5
505794
505790
505796
505792
505788
505788.5
505789
505784.5
505791
505792.5
505793
505794.5
505796
505796.5
505798
505798.5
505800
505800.5
505802
505808
505814
505819.5
505825
505827
505827
505829
505831
505839.5
505848
505850
505850
505843.5
505837
505837
505837
505833.5
505839
505835.5
505841
505837.5
505834
505839.5
505845
505841.5
505838
505843.5
505849
505851
505851
505853
505855
505855
505855
505857
505859
505859
505859
505861
505861
505863
505863
505859.5
505856
505852
505858
505863.5
505860
505865.5
505871
505873
505875
505883.5
505877
505885.5
505894
505887.5
505896
505898
505898
505900
505900
505893.5
505887
505895.5
505889
505897.5
505891
505899.5
505908
505901.5
505910
505903.5
505912
505914
505916
505933.5
505918
505935.5
505953
505955.5
505958
505957.5
505957
505941.5
505959
505943.5
505961
505945.5
505930
505930
505930
505932
505932
505934
505934
505936
505936
505929.5
505923
505923
505925
505925
505927
505935.5
505929
505929
505931
505939.5
505933
505933
505935
505935
505935
505931.5
505928
505924
505930
505926
505922
505928
505924
505924.5
505926
505932
505938
505943.5
505940
505936
505942
505947.5
505953
505949.5
505946
505942
505948
505944
505950
505946
505952
505948
505954
505950
505946
505946.5
505948
505954
505960
505965.5
505971
505967.5
505973
505975
505975
505971.5
505968
505964
505960
505966
505962
505968
505974
505979.5
505976
505972
505978
505983.5
505980
505985.5
505982
505978
505984
505989.5
505995
505991.5
505997
505999
506001
506001
506001
505997.5
505994
505999.5
505996
505992
505988
505994
506000
505996
506002
506007.5
506013
506015
506017
506025.5
506034
506027.5
506021
506029.5
506038
506040
506040
506042
506044
506044
506046
506046
506046
506039.5
506048
506041.5
506035
506035
506037
506045.5
506039
506047.5
506041
506049.5
506043
506043
506045
506045
506045
506047
506049
506057.5
506066
506068
506070
506087.5
506072
506072
506074
506074
506076
506093.5
506111
506095.5
506113
506115.5
506118
506122.5
506127
506129.5
506129
506126.5
506131
506128.5
506126
506125.5
506125
506127.5
506127
506111.5
506096
506113.5
506131
506133.5
506133
506117.5
506102
506119.5
506104
506104
506106
506123.5
506108
506125.5
506143
506145.5
506145
506129.5
506114
506114
506114
506116
506118
506135.5
506153
506137.5
506122
506139.5
506124
506141.5
506126
506143.5
506161
506163.5
506166
506165.5
506165
506149.5
506167
506151.5
506169
506171.5
506174
506178.5
506183
506185.5
506188
506190
506192
506192
506192
506191.5
506194
506196
506196
506195.5
506198
506200
506202
506202
506202
506204
506206
506210
506214
506212
506210
506210
506210
506209.5
506212
506211.5
506214
506216
506218
506222
506226
506224
506228
506236.5
506230
506238.5
506247
506257.5
506268
506269.5
506271
506271.5
506273
506273.5
506274
506265.5
506257
506250.5
506244
506242
506240
506244
506242
506246
506250
506248
506252
506260.5
506254
506252
506250
506250
506250
506252
506254
506258
506262
506270.5
506264
506262
506266
506274.5
506268
506276.5
506270
506268
506272
506270
506268
506272
506270
506270
506270
506269.5
506272
506271.5
506271
506268.5
506273
506275.5
506275
506277.5
506280
506282
506284
506284
506286
506290
506294
506292
506290
506294
506298
506306.5
506315
506308.5
506317
506327.5
506338
506329.5
506340
506331.5
506342
506333.5
506325
506335.5
506346
506347.5
506349
506351
506353
506353
506353
506353.5
506354
506345.5
506356
506357.5
506359
506359.5
506361
506361.5
506363
506363.5
506364
506355.5
506347
506357.5
506368
506359.5
506351
506344.5
506353
506363.5
506374
506375.5
506376
506377.5
506378
506379.5
506380
506381.5
506382
506383.5
506384
506385.5
506386
506377.5
506388
506389.5
506391
506391.5
506393
506395
506395
506395.5
506397
506399
506401
506401
506401
506401.5
506403
506403.5
506404
506405.5
506406
506407.5
506409
506409.5
506411
506413
506415
506415
506415
506415.5
506416
506407.5
506399
506392.5
506386
506384
506388
506386
506390
506398.5
506407
506400.5
506394
506402.5
506411
506404.5
506398
506396
506400
506408.5
506402
506400
506398
506398
506400
506404
506402
506402
506402
506401.5
506401
506398.5
506396
506395.5
506398
506397.5
506397
506399.5
506402
506401.5
506401
506403.5
506403
506405.5
506408
506407.5
506407
506391.5
506376
506393.5
506411
506413.5
506416
506415.5
506418
506422.5
506420
506419.5
506419
506421.5
506424
506428.5
506426
506425.5
506428
506432.5
506437
506439.5
506442
506441.5
506444
506446
506448
506452
506450
506454
506452
506456
506460
506458
506456
506460
506458
506462
506460
506460
506462
506462
506464
506464
506466
506470
506474
506472
506470
506474
506472
506472
506472
506474
506474
506473.5
506476
506475.5
506475
506472.5
506470
506474.5
506472
506476.5
506474
506473.5
506476
506480.5
506485
506487.5
506487
506484.5
506489
506486.5
506484
506488.5
506493
506490.5
506488
506492.5
506497
506494.5
506492
506496.5
506501
506498.5
506496
506500.5
506505
506507.5
506507
506504.5
506502
506506.5
506504
506503.5
506506
506505.5
506505
506507.5
506510
506509.5
506512
506516.5
506514
506518.5
506523
506525.5
506525
506522.5
506527
506524.5
506529
506531.5
506534
506533.5
506536
506535.5
506535
506537.5
506540
506542
506544
506544
506546
506546
506548
506552
506556
506554
506552
506556
506554
506558
506562
506570.5
506579
506589.5
506581
506574.5
506583
506576.5
506570
506578.5
506587
506580.5
506589
506582.5
506591
506601.5
506593
506586.5
506595
506605.5
506597
506607.5
506618
506609.5
506601
506611.5
506603
506596.5
506605
506615.5
506626
506617.5
506628
506619.5
506630
506621.5
506632
506633.5
506634
506635.5
506636
506627.5
506619
506612.5
506621
506631.5
506623
506616.5
506625
506618.5
506627
506620.5
506629
506622.5
506616
506614
506618
506616
506620
506628.5
506622
506620
506618
506618
506620
506620
506620
506622
506624
506628
506632
506640.5
506649
506659.5
506651
506644.5
506653
506646.5
506640
506638
506636
506636
506638
506638
506640
506640
506642
506642
506642
506641.5
506641
506643.5
506643
506645.5
506645
506642.5
506647
506644.5
506649
506646.5
506644
506643.5
506646
506650.5
506655
506657.5
506660
506662
506664
506664
506664
506666
506668
506668
506668
506667.5
506667
506669.5
506669
506671.5
506674
506673.5
506673
506670.5
506675
506672.5
506670
506669.5
506672
506671.5
506671
506673.5
506676
506680.5
506685
506687.5
506690
506689.5
506689
506691.5
506691
506693.5
506696
506698
506698
506697.5
506700
506699.5
506702
506704
506706
506710
506714
506722.5
506716
506724.5
506733
506743.5
506754
506755.5
506756
506747.5
506739
506749.5
506760
506751.5
506762
506763.5
506764
506765.5
506767
506767.5
506769
506771
506771
506773
506775
506775
506775
506777
506779
506779
506781
506784
506783
506783
506783
506783.5
506784
506775.5
506767
506777.5
506769
506779.5
506790
506781.5
506792
506793.5
506795
506795.5
506796
506797.5
506798
506799.5
506800
506791.5
506802
506793.5
506785
506795.5
506787
506797.5
506789
506782.5
506776
506774
506778
506776
506774
506778
506776
506776
506778
506778
506778
506777.5
506777
506774.5
506779
506781.5
506781
506783.5
506783
506785.5
506788
506787.5
506787
506784.5
506782
506786.5
506784
506783.5
506786
506790.5
506788
506787.5
506790
506789.5
506789
506791.5
506791
506775.5
506793
506777.5
506762
506779.5
506764
506781.5
506766
506783.5
506801
506785.5
506770
506770
506770
506763.5
506757
506765.5
506759
506759
506759
506761
506763
506771.5
506780
506782
506784
506784
506784
506777.5
506771
506771
506771
506767.5
506764
506769.5
506775
506771.5
506768
506773.5
506770
506766
506762
506768
506764
506764.5
506765
506760.5
506756
506757
506758
506764.5
506760
506766.5
506762
506768.5
506775
506770.5
506777
506772.5
506768
506769
506770
506776.5
506772
506773
506774
506774.5
506775
506768.5
506777
506778.5
506780
506781
506782
506783
506784
506785
506786
506787
506788
506788.5
506789
506782.5
506776
506773.5
506778
506775.5
506780
506777.5
506775
506763.5
506777
506781.5
506786
506794.5
506788
506785.5
506790
506798.5
506807
506808.5
506809
506802.5
506811
506812.5
506813
506814.5
506815
506816.5
506817
506818.5
506819
506820.5
506821
506822.5
506824
506824.5
506826
506827
506828
506828.5
506830
506830.5
506831
506824.5
506818
506826.5
506820
506817.5
506822
506819.5
506824
506821.5
506819
506807.5
506796
506809.5
506798
506811.5
506800
506813.5
506827
506815.5
506829
506817.5
506806
506803.5
506801
506805.5
506803
506807.5
506805
506809.5
506807
506811.5
506816
506829.5
506818
506815.5
506820
506817.5
506815
506816
506817
506818
506819
506820
506821
506825.5
506830
506827.5
506832
506829.5
506834
506847.5
506836
506849.5
506838
506851.5
506840
506853.5
506842
506839.5
506844
506841.5
506839
506840
506841
506842
506843
506844
506845
506845
506845
506843
506841
506834
506843
506847
506845
506838
506831
506830.5
506830
506832.5
506835
506844
506837
506836.5
506839
506848
506841
506850
506843
506842.5
506842
506844.5
506847
506846.5
506846
506845
506844
506847
506850
506852.5
506855
506864
506857
506866
506859
506868
506877
506881
506879
506883
506881
506874
506883
506887
506891
506889
506887
506880
506889
506893
506891
506895
506899
506901
506901
506899
506903
506901
506905
506903
506901
506905
506909
506907
506911
506909
506907
506911
506915
506913
506911
506904
506897
506906
506899
506898.5
506901
506910
506903
506902.5
506902
506904.5
506904
506903
506902
506902
506902
506898
506904
506906
506908
506911
506914
506913
506916
506918.5
506918
506920.5
506920
506919
506922
506924.5
506927
506926.5
506929
506928.5
506928
506930.5
506930
506929
506928
506928
506928
506924
506930
506932
506932
506928
506934
506936
506938
506941
506944
506943
506946
506948.5
506948
506947
506950
506949
506948
506948
506948
506944
506940
506940.5
506941
506942.5
506943
506944
506945
506946.5
506947
506948
506949
506950
506951
506949
506947
506951
506949
506953
506951
506955
506959
506957
506955
506959
506963
506961
506959
506929
506899
506887.5
506901
506889.5
506903
506891.5
506905
506937
506907
506895.5
506909
506941
506911
506899.5
506913
506945
506977
506947
506917
506949
506981
506985
506989
506987
506991
506992
506993
506991
506995
506993
506997
506998
506999
507000
507001
507002
507003
507004
507005
507006
507007
507008.5
507009
507010.5
507012
507012.5
507014
507014.5
507015
507016.5
507018
507018.5
507019
507020.5
507021
507022.5
507024
507024.5
507025
507026.5
507028
507034
507040
507042
507042
507044
507044
507040
507046
507048
507050
507053
507052
507055
507058
507057
507060
507062.5
507062
507064.5
507067
507076
507069
507068.5
507068
507070.5
507070
507069
507068
507068
507068
507070
507070
507072
507074
507077
507080
507079
507082
507081
507080
507083
507082
507082
507082
507084
507084
507080
507086
507082
507088
507090
507090
507092
507092
507094
507094
507090
507086
507092
507098
507094
507090
507090.5
507092
507092.5
507093
507094.5
507096
507102
507108
507110
507112
507112
507112
507108
507114
507116
507116
507112
507108
507108.5
507110
507110.5
507112
507118
507114
507120
507116
507122
507118
507124
507120
507126
507132
507134
507136
507139
507138
507138
507140
507140
507140
507142
507142
507138
507144
507140
507136
507136.5
507137
507138.5
507140
507146
507152
507148
507154
507150
507156
507158
507158
507160
507162
507162
507164
507167
507166
507166
507166
507168
507168
507170
507170
507172
507172
507174
507176
507179
507182
507184.5
507187
507186.5
507186
507188.5
507191
507190.5
507190
507192.5
507192
507194.5
507194
507193
507192
507195
507198
507197
507196
507196
507196
507192
507198
507200
507202
507205
507204
507204
507204
507206
507206
507202
507208
507210
507210
507206
507202
507202.5
507203
507204.5
507206
507206.5
507207
507208.5
507210
507210.5
507212
507212.5
507214
507214.5
507216
507216.5
507217
507218
507219
507220
507221
507219
507223
507221
507219
507189
507221
507225
507223
507227
507231
507232
507233
507234
507235
507233
507231
507235
507239
507237
507235
507205
507175
507207
507177
507165.5
507179
507167.5
507181
507213
507183
507171.5
507185
507173.5
507162
507175.5
507189
507221
507191
507223
507255
507259
507257
507227
507197
507229
507199
507187.5
507176
507169.5
507178
507191.5
507180
507173.5
507167
507158
507169
507177.5
507186
507199.5
507188
507181.5
507175
507183.5
507177
507168
507159
507170
507161
507158
507163
507174
507185
507193.5
507202
507215.5
507204
507217.5
507206
507199.5
507193
507201.5
507210
507203.5
507197
507205.5
507214
507207.5
507216
507209.5
507203
507211.5
507220
507213.5
507222
507215.5
507224
507237.5
507251
507239.5
507228
507241.5
507230
507243.5
507257
507245.5
507234
507247.5
507236
507249.5
507238
507231.5
507225
507233.5
507242
507235.5
507244
507237.5
507231
507239.5
507248
507261.5
507250
507263.5
507252
507265.5
507254
507247.5
507256
507269.5
507283
507271.5
507260
507253.5
507247
507238
507229
507240
507251
507242
507253
507261.5
507255
507246
507257
507248
507239
507236
507241
507238
507235
507240
507237
507242
507239
507244
507241
507246
507251
507248
507253
507264
507275
507283.5
507292
507285.5
507294
507287.5
507281
507272
507283
507274
507265
507276
507267
507264
507261
507266
507263
507257
507251
507250
507253
507261
507255
507263
507271
507276
507273
507278
507275
507269
507263
507271
507265
507264
507263
507266
507269
507277
507271
507279
507273
507281
507275
507274
507277
507285
507293
507298
507295
507289
507283
507282
507285
507293
507301
507306
507303
507297
507305
507299
507307
507312
507317
507328
507339
507330
507321
507332
507343
507351.5
507345
507336
507347
507338
507349
507357.5
507366
507359.5
507353
507344
507355
507346
507337
507334
507339
507350
507361
507369.5
507378
507371.5
507365
507373.5
507367
507358
507349
507360
507351
507362
507353
507364
507355
507366
507377
507385.5
507379
507387.5
507396
507409.5
507423
507411.5
507425
507413.5
507402
507415.5
507429
507417.5
507406
507419.5
507433
507421.5
507435
507423.5
507437
507425.5
507439
507471
507503
507473
507505
507509
507507
507511
507515
507513
507511
507515
507513
507483
507453
507485
507517
507487
507457
507445.5
507459
507491
507461
507493
507463
507451.5
507465
507497
507529
507533
507531
507535
507533
507503
507535
507505
507475
507463.5
507452
507445.5
507454
507447.5
507456
507449.5
507458
507471.5
507485
507473.5
507462
507475.5
507464
507477.5
507491
507523
507555
507559
507557
507527
507559
507563
507567
507565
507563
507533
507565
507535
507505
507493.5
507482
507475.5
507469
507460
507451
507448
507453
507464
507455
507466
507457
507468
507459
507456
507453
507458
507455
507460
507465
507476
507467
507478
507469
507480
507471
507482
507473
507484
507475
507486
507497
507505.5
507514
507507.5
507516
507529.5
507543
507531.5
507520
507533.5
507547
507535.5
507524
507537.5
507526
507539.5
507528
507541.5
507555
507543.5
507557
507589
507559
507547.5
507536
507529.5
507538
507531.5
507540
507553.5
507542
507555.5
507544
507537.5
507546
507539.5
507533
507541.5
507550
507563.5
507577
507565.5
507554
507567.5
507581
507613
507583
507571.5
507585
507573.5
507587
507575.5
507564
507577.5
507566
507559.5
507553
507561.5
507555
507546
507537
507534
507531
507536
507541
507538
507543
507540
507545
507542
507547
507558
507549
507546
507551
507548
507545
507550
507547
507541
507549
507554
507551
507545
507539
507538
507537
507540
507543
507551
507545
507553
507561
507555
507549
507557
507551
507559
507553
507552
507555
507563
507557
507565
507573
507578
507575
507580
507577
507571
507579
507584
507589
507600
507591
507602
507613
507604
507595
507606
507597
507594
507599
507596
507593
507598
507595
507600
507597
507591
507599
507604
507609
507606
507603
507608
507613
507624
507635
507626
507637
507628
507619
507630
507641
507632
507643
507651.5
507660
507673.5
507662
507675.5
507689
507677.5
507666
507659.5
507668
507681.5
507695
507683.5
507672
507665.5
507659
507650
507641
507652
507663
507671.5
507680
507673.5
507667
507675.5
507669
507660
507671
507679.5
507673
507681.5
507690
507703.5
507692
507685.5
507694
507687.5
507681
507689.5
507698
507711.5
507700
507713.5
507702
507715.5
507704
507697.5
507691
507699.5
507693
507684
507675
507672
507669
507674
507671
507665
507659
507667
507661
507660
507659
507658
507661
507660
507663
507666
507665
507668
507667
507666
507669
507668
507671
507674
507677
507676
507675
507678
507681
507680
507679
507682
507681
507680
507683
507686
507685
507684
507683
507684
507685
507686
507687
507690
507689
507692
507691
507692
507693
507694
507695
507696
507697
507698
507699
507693
507701
507695
507703
507697
507691
507699
507707
507701
507695
507703
507711
507712
507713
507714
507715
507716
507717
507718
507719
507720
507721
507715
507723
507724
507725
507728
507731
507730
507733
507732
507731
507732
507733
507736
507739
507742
507745
507744
507743
507742
507745
507744
507743
507744
507745
507739
507747
507741
507735
507743
507737
507737
507739
507747
507741
507741
507741
507740.5
507740
507742.5
507742
507731
507744
507733
507746
507748.5
507751
507753
507755
507755
507757
507765
507773
507774
507775
507776
507777
507778
507779
507780
507781
507782
507783
507784
507785
507788
507787
507790
507793
507796
507795
507798
507797
507796
507799
507802
507805
507813
507807
507815
507823
507828
507833
507844
507855
507846
507857
507865.5
507859
507850
507841
507838
507843
507854
507865
507873.5
507867
507858
507849
507846
507843
507837
507845
507839
507847
507852
507849
507843
507837
507836
507835
507838
507837
507836
507835
507836
507837
507838
507839
507840
507841
507835
507829
507829
507831
507839
507847
507848
507849
507850
507851
507854
507857
507860
507863
507862
507865
507873
507867
507875
507869
507877
507885
507890
507887
507892
507889
507883
507891
507885
507893
507898
507895
507889
507883
507891
507885
507893
507901
507895
507889
507897
507905
507899
507893
507901
507909
507914
507919
507930
507921
507932
507943
507951.5
507945
507936
507947
507955.5
507949
507940
507931
507942
507953
507961.5
507970
507983.5
507972
507985.5
507999
508031
508063
508033
508065
508069
508067
508071
508075
508076
508077
508078
508079
508080.5
508081
508082
508083
508084
508085
508086
508087
508088
508089
508090
508091
508092
508093
508094
508095
508096
508097
508098
508099
508097
508101
508102
508103
508104
508105
508103
508107
508108
508109
508107
508105
508075
508045
508077
508109
508079
508049
508081
508051
508083
508053
508085
508117
508121
508119
508123
508121
508091
508061
508093
508125
508129
508127
508097
508067
508055.5
508044
508037.5
508046
508059.5
508048
508041.5
508050
508063.5
508052
508065.5
508054
508047.5
508056
508069.5
508058
508051.5
508060
508073.5
508087
508119
508089
508121
508091
508079.5
508093
508081.5
508095
508127
508159
508129
508099
508087.5
508101
508133
508103
508091.5
508080
508093.5
508082
508095.5
508109
508141
508173
508177
508175
508145
508115
508103.5
508092
508105.5
508094
508107.5
508121
508109.5
508098
508091.5
508100
508093.5
508087
508078
508089
508080
508071
508082
508093
508084
508075
508072
508069
508074
508079
508090
508101
508109.5
508118
508111.5
508105
508113.5
508107
508098
508109
508117.5
508111
508102
508113
508121.5
508130
508123.5
508117
508125.5
508134
508147.5
508161
508149.5
508163
508151.5
508165
508153.5
508167
508155.5
508144
508157.5
508146
508139.5
508148
508161.5
508150
508143.5
508137
508145.5
508154
508167.5
508156
508169.5
508183
508215
508247
508251
508255
508256
508257
508258
508259
508260
508261
508262
508263
508264
508265
508266.5
508268
508268.5
508269
508270
508271
508272
508273
508274
508275
508276
508277
508278.5
508280
508286
508292
508294
508294
508290
508286
508292
508298
508294
508300
508296
508292
508292.5
508294
508300
508296
508296.5
508297
508298.5
508300
508306
508302
508308
508304
508304.5
508305
508306.5
508308
508314
508320
508316
508322
508318
508314
508320
508316
508322
508328
508330
508332
508332
508332
508334
508336
508339
508338
508338
508338
508340
508340
508342
508342
508344
508344
508346
508346
508348
508348
508350
508350
508352
508354
508354
508356
508359
508362
508361
508364
508363
508366
508365
508364
508364
508364
508366
508366
508368
508370
508373
508376
508375
508374
508377
508376
508379
508378
508381
508384
508383
508382
508385
508388
508390.5
508390
508389
508388
508388
508388
508390
508392
508395
508398
508400.5
508403
508412
508421
508414
508407
508406.5
508409
508418
508427
508420
508429
508422
508431
508424
508433
508437
508435
508428
508421
508420.5
508423
508422.5
508422
508421
508420
508420
508420
508422
508424
508424
508424
508426
508428
508428
508428
508424
508420
508426
508422
508422.5
508424
508430
508426
508426.5
508428
508428.5
508429
508430.5
508432
508432.5
508434
508434.5
508435
508436
508437
508438.5
508440
508446
508442
508448
508444
508450
508456
508452
508448
508454
508460
508462
508462
508458
508454
508460
508466
508462
508458
508458.5
508460
508460.5
508462
508462.5
508464
508464.5
508466
508472
508468
508468.5
508470
508476
508482
508478
508484
508486
508486
508488
508490
508493
508496
508495
508494
508494
508494
508496
508498
508501
508504
508506.5
508506
508508.5
508511
508510.5
508513
508522
508531
508535
508539
508541
508541
508543
508545
508545
508545
508543
508541
508534
508527
508536
508545
508538
508547
508551
508549
508553
508557
508555
508553
508557
508555
508559
508563
508565
508565
508567
508569
508570
508571
508575.5
508573
508574
508575
508576
508577
508578
508579
508580
508581
508581
508583
508584
508585
508586
508587
508591.5
508589
508590
508591
508595.5
508593
508594
508595
508595
508597
508597
508597
508599
508599
508597
508601
508603
508605
508606
508607
508611.5
508616
508613.5
508611
508612
508613
508614
508615
508615
508617
508618
508619
508620
508621
508621
508623
508623
508625
508626
508627
508628
508629
508630
508631
508631
508633
508633
508633
508635
508637
508638
508639
508643.5
508641
508645.5
508643
508647.5
508645
508649.5
508654
508651.5
508656
508653.5
508658
508671.5
508660
508673.5
508662
508659.5
508664
508661.5
508659
508663.5
508661
508665.5
508670
508683.5
508672
508669.5
508667
508668
508669
508673.5
508678
508691.5
508705
508709.5
508714
508711.5
508716
508713.5
508718
508715.5
508720
508717.5
508722
508719.5
508717
508705.5
508694
508691.5
508696
508693.5
508691
508692
508693
508693
508693
508691
508695
508697
508697
508699
508699
508697
508695
508688
508681
508690
508683
508692
508685
508684.5
508687
508686.5
508689
508698
508707
508711
508715
508713
508711
508704
508713
508706
508699
508708
508717
508710
508719
508723
508721
508714
508707
508716
508709
508718
508727
508731
508729
508733
508731
508724
508733
508726
508735
508739
508737
508730
508723
508722.5
508725
508734
508743
508747
508751
508753
508753
508755
508757
508757
508757
508759
508761
508762
508763
508764
508765
508766
508767
508768
508769
508770
508771
508772
508773
508773
508773
508771
508775
508777
508777
508779
508779
508781
508781
508783
508783
508781
508779
508772
508781
508785
508789
508787
508785
508789
508793
508795
508797
508797
508797
508795
508793
508786
508779
508788
508797
508790
508799
508792
508801
508794
508803
508807
508805
508809
508813
508811
508809
508813
508817
508819
508819
508817
508815
508819
508817
508810
508819
508823
508827
508825
508823
508827
508825
508818
508827
508820
508813
508812.5
508815
508814.5
508817
508826
508819
508828
508837
508830
508823
508832
508825
508824.5
508824
508823
508822
508822
508822
508818
508814
508820
508826
508828
508828
508824
508830
508826
508832
508834
508836
508839
508838
508838
508840
508840
508840
508842
508844
508847
508846
508846
508848
508851
508850
508850
508852
508852
508854
508857
508856
508859
508862
508861
508860
508863
508862
508865
508868
508870.5
508870
508869
508872
508874.5
508877
508876.5
508876
508878.5
508881
508880.5
508880
508882.5
508882
508881
508880
508883
508882
508882
508882
508884
508886
508886
508888
508888
508888
508884
508890
508886
508892
508894
508896
508899
508902
508904.5
508907
508916
508909
508908.5
508908
508907
508910
508909
508912
508911
508914
508913
508916
508918.5
508921
508930
508923
508932
508925
508934
508927
508936
508929
508928.5
508928
508930.5
508933
508932.5
508935
508934.5
508934
508933
508932
508935
508934
508934
508936
508939
508942
508941
508944
508943
508946
508945
508944
508947
508950
508949
508952
508951
508954
508956.5
508959
508958.5
508961
508960.5
508960
508962.5
508962
508961
508964
508963
508962
508962
508962
508958
508954
508954.5
508956
508962
508958
508958.5
508959
508960.5
508961
508962
508963
508964
508965
508963
508967
508965
508969
508970
508971
508969
508967
508937
508969
508973
508977
508975
508973
508977
508975
508979
508983
508984
508985
508986
508987
508988
508989
508990
508991
508992.5
508994
509000
509006
509002
509008
509004
509010
509006
509012
509008
509004
509004.5
509006
509006.5
509008
509014
509010
509010.5
509011
509012.5
509014
509020
509016
509022
509028
509024
509020
509020.5
509022
509028
509024
509030
509036
509032
509028
509034
509030
509036
509032
509038
509044
509046
509048
509048
509050
509053
509052
509055
509054
509057
509060
509062.5
509065
509064.5
509064
509066.5
509066
509068.5
509071
509080
509073
509072.5
509075
509074.5
509074
509073
509072
509072
509072
509074
509074
509076
509076
509072
509068
509074
509080
509076
509082
509084
509084
509086
509088
509088
509088
509090
509092
509095
509094
509097
509100
509099
509102
509101
509100
509103
509106
509108.5
509111
509120
509129
509122
509115
509114.5
509114
509113
509112
509115
509118
509120.5
509123
509122.5
509122
509121
509120
509123
509126
509128.5
509131
509130.5
509133
509142
509151
509155
509153
509146
509139
509148
509141
509150
509143
509152
509161
509165
509163
509167
509171
509173
509173
509171
509175
509173
509171
509175
509173
509177
509175
509179
509177
509170
509179
509172
509165
509174
509183
509176
509169
509168.5
509168
509170.5
509173
509172.5
509175
509184
509193
509197
509195
509199
509197
509190
509183
509192
509185
509194
509203
509207
509211
509213
509215
509216
509217
509218
509219
509220
509221
509222
509223
509223
509225
509226
509227
509227
509227
509225
509223
509227
509231
509229
509233
509235
509237
509238
509239
509240
509241
509242
509243
509243
509245
509246
509247
509248
509249
509250
509251
509251
509253
509253
509255
509255
509257
509258
509259
509260
509261
509261
509261
509263
509265
509266
509267
509267
509269
509269
509271
509271
509273
509273
509273
509271
509269
509273
509271
509275
509273
509266
509259
509258.5
509258
509260.5
509260
509262.5
509262
509261
509260
509263
509262
509262
509264
509264
509264
509266
509268
509271
509274
509273
509276
509278.5
509281
509280.5
509280
509279
509282
509284.5
509287
509296
509289
509288.5
509288
509290.5
509293
509302
509311
509315
509313
509317
509321
509319
509317
509310
509319
509312
509305
509304.5
509307
509306.5
509306
509305
509308
509307
509306
509309
509312
509311
509310
509313
509316
509315
509318
509317
509316
509319
509322
509321
509324
509323
509326
509328.5
509328
509327
509326
509329
509328
509331
509334
509336.5
509339
509348
509341
509350
509343
509342.5
509342
509344.5
509347
509356
509349
509358
509351
509360
509369
509373
509371
509375
509379
509381
509381
509379
509383
509385
509385
509387
509389
509390
509391
509395.5
509393
509394
509395
509396
509397
509397
509399
509400
509401
509405.5
509410
509407.5
509412
509409.5
509407
509411.5
509409
509410
509411
509411
509413
509413
509415
509416
509417
509418
509419
509419
509419
509417
509421
509419
509417
509421
509419
509423
509421
509425
509429
509427
509425
509418
509411
509420
509429
509422
509431
509424
509417
509416.5
509419
509428
509437
509430
509423
509432
509425
509424.5
509427
509436
509429
509438
509431
509440
509449
509453
509457
509455
509459
509457
509455
509448
509441
509450
509443
509452
509445
509444.5
509444
509446.5
509449
509448.5
509451
509460
509469
509462
509471
509464
509473
509466
509475
509479
509477
509481
509485
509487
509487
509489
509491
509491
509491
509493
509495
509496
509497
509501.5
509499
509500
509501
509501
509503
509504
509505
509506
509507
509508
509509
509510
509511
509515.5
509520
509517.5
509515
509519.5
509524
509537.5
509526
509523.5
509521
509525.5
509530
509543.5
509532
509529.5
509534
509531.5
509529
509530
509531
509535.5
509533
509537.5
509542
509555.5
509569
509557.5
509571
509559.5
509548
509561.5
509575
509579.5
509584
509592.5
509586
509583.5
509581
509569.5
509583
509587.5
509585
509573.5
509562
509575.5
509589
509577.5
509591
509579.5
509593
509581.5
509595
509583.5
509572
509585.5
509574
509571.5
509569
509573.5
509571
509575.5
509580
509577.5
509582
509595.5
509584
509581.5
509586
509583.5
509581
509585.5
509590
509587.5
509592
509589.5
509587
509591.5
509589
509590
509591
509595.5
509600
509597.5
509602
509599.5
509597
509601.5
509599
509600
509601
509601
509601
509599
509603
509601
509605
509603
509601
509594
509587
509586.5
509589
509588.5
509588
509587
509586
509586
509588
509588
509590
509590
509590
509586
509592
509588
509594
509596
509598
509601
509604
509603
509602
509602
509604
509604
509604
509600
509606
509602
509608
509604
509600
509600.5
509602
509608
509614
509616
509616
509618
509618
509620
509622
509625
509628
509630.5
509633
509632.5
509635
509644
509653
509657
509661
509663
509663
509665
509667
509668
509669
509669
509669
509671
509671
509669
509667
509660
509653
509662
509671
509675
509679
509677
509681
509679
509677
509670
509663
509672
509681
509685
509689
509687
509685
509678
509687
509691
509695
509693
509691
509684
509677
509686
509679
509678.5
509678
509680.5
509683
509682.5
509685
509694
509703
509696
509705
509709
509713
509711
509709
509702
509695
509704
509713
509706
509699
509698.5
509698
509697
509696
509699
509702
509701
509704
509706.5
509706
509708.5
509711
509710.5
509713
509722
509731
509735
509733
509737
509741
509743
509745
509745
509747
509748
509749
509750
509751
509752
509753
509754
509755
509756
509757
509757
509759
509760
509761
509762
509763
509764
509765
509765
509765
509767
509769
509769
509769
509767
509765
509769
509773
509775
509777
509778
509779
509780
509781
509782
509783
509783
509785
509786
509787
509791.5
509796
509809.5
509823
509811.5
509825
509813.5
509802
509815.5
509804
509801.5
509799
509803.5
509808
509805.5
509803
509804
509805
509806
509807
509811.5
509816
509829.5
509843
509847.5
509845
509849.5
509854
509851.5
509856
509864.5
509873
509866.5
509875
509876.5
509877
509870.5
509879
509880.5
509882
509883
509884
509890.5
509897
509892.5
509899
509894.5
509901
509902.5
509903
509898.5
509905
509900.5
509907
509902.5
509909
509910.5
509912
509918
509924
509927.5
509931
509929.5
509933
509936
509935
509933.5
509937
509935.5
509934
509930
509936
509939.5
509943
509946
509945
509948
509951
509953
509953
509952
509951
509949.5
509948
509951.5
509950
509946
509942
509942.5
509944
509944.5
509946
509946.5
509947
509942.5
509938
509939
509940
509946.5
509953
509948.5
509944
509950.5
509946
509947
509948
509949
509950
509950.5
509951
509944.5
509953
509946.5
509940
509948.5
509942
509939.5
509944
509952.5
509946
509954.5
509963
509956.5
509950
509958.5
509967
509960.5
509969
509970.5
509972
509972.5
509973
509974.5
509975
509976.5
509978
509979
509980
509981
509982
509983
509984
509985
509986
509992.5
509999
509994.5
509990
509991
509992
509993
509994
510000.5
510007
510008.5
510010
510010.5
510012
510018
510024
510020
510026
510029.5
510033
510031.5
510035
510038
510037
510040
510043
510042
510045
510047
510049
510057.5
510066
510059.5
510053
510053
510053
510052
510055
510057
510057
510056
510059
510061
510061
510060
510059
510062
510065
510067
510069
510069
510071
510079.5
510088
510081.5
510090
510083.5
510077
510085.5
510079
510079
510081
510081
510081
510083
510085
510085
510087
510087
510087
510086
510085
510088
510091
510093
510095
510095
510097
510105.5
510114
510116
510116
510118
510118
510120
510122
510139.5
510157
510159.5
510162
510161.5
510161
510145.5
510163
510165.5
510165
510167.5
510170
510169.5
510169
510171.5
510171
510173.5
510176
510175.5
510178
510177.5
510177
510161.5
510146
510146
510148
510165.5
510183
510185.5
510185
510187.5
510190
510189.5
510189
510191.5
510194
510193.5
510196
510200.5
510205
510207.5
510207
510204.5
510202
510201.5
510204
510203.5
510203
510187.5
510205
510189.5
510174
510174
510176
510176
510176
510169.5
510178
510171.5
510165
510165
510165
510164
510167
510166
510169
510168
510167
510165.5
510164
510160
510166
510169.5
510168
510164
510160
510160.5
510161
510156.5
510152
510153
510154
510155
510156
510156.5
510157
510150.5
510144
510141.5
510146
510154.5
510148
510156.5
510165
510166.5
510167
510168.5
510169
510170.5
510171
510172.5
510174
510175
510176
510176.5
510178
510179
510180
510180.5
510181
510174.5
510168
510176.5
510170
510167.5
510165
510153.5
510142
510139.5
510137
510141.5
510139
510143.5
510148
510145.5
510143
510147.5
510152
510165.5
510154
510151.5
510149
510150
510151
510152
510153
510157.5
510155
510156
510157
510161.5
510166
510179.5
510168
510165.5
510163
510167.5
510165
510166
510167
510167
510169
510169
510169
510167
510165
510158
510167
510160
510153
510162
510171
510164
510157
510166
510159
510158.5
510158
510160.5
510160
510162.5
510165
510174
510183
510176
510169
510178
510187
510191
510189
510193
510191
510184
510193
510197
510195
510188
510181
510190
510183
510192
510201
510205
510203
510207
510211
510213
510215
510215
510215
510213
510211
510204
510197
510206
510199
510208
510201
510210
510203
510212
510221
510214
510223
510216
510225
510229
510233
510231
510235
510237
510237
510239
510239
510241
510241
510243
510245
510245
510247
510248
510249
510253.5
510258
510271.5
510260
510257.5
510255
510256
510257
510258
510259
510263.5
510268
510281.5
510270
510267.5
510272
510269.5
510274
510287.5
510301
510289.5
510303
510307.5
510305
510309.5
510314
510311.5
510316
510313.5
510311
510299.5
510288
510285.5
510283
510287.5
510285
510286
510287
510288
510289
510293.5
510291
510295.5
510293
510297.5
510302
510315.5
510329
510317.5
510331
510335.5
510340
510348.5
510342
510350.5
510359
510360.5
510362
510362.5
510364
510365
510366
510366.5
510368
510369
510370
510376.5
510383
510378.5
510374
510380.5
510376
510377
510378
510378.5
510379
510372.5
510381
510374.5
510368
510365.5
510370
510378.5
510372
510369.5
510367
510355.5
510369
510357.5
510346
510343.5
510348
510345.5
510350
510363.5
510377
510381.5
510386
510394.5
510403
510396.5
510390
510387.5
510385
510373.5
510362
510359.5
510364
510361.5
510366
510379.5
510368
510365.5
510370
510367.5
510365
510369.5
510367
510371.5
510376
510373.5
510378
510391.5
510405
510409.5
510407
510395.5
510384
510381.5
510379
510383.5
510381
510385.5
510383
510387.5
510385
510386
510387
510388
510389
510390
510391
510392
510393
510394
510395
510396
510397
510397
510399
510400
510401
510401
510401
510403
510403
510401
510399
510392
510385
510394
510403
510396
510389
510388.5
510391
510400
510393
510402
510395
510404
510397
510396.5
510399
510398.5
510398
510397
510400
510399
510402
510401
510404
510406.5
510406
510405
510408
510407
510406
510406
510408
510408
510408
510404
510400
510400.5
510402
510408
510414
510410
510416
510418
510418
510414
510410
510416
510422
510424
510424
510426
510426
510428
510428
510430
510430
510432
510434
510437
510440
510439
510438
510441
510444
510446.5
510446
510448.5
510448
510447
510450
510452.5
510455
510464
510473
510466
510459
510458.5
510461
510470
510479
510472
510481
510474
510483
510476
510485
510489
510493
510495
510495
510493
510497
510499
510499
510497
510495
510499
510497
510490
510483
510482.5
510482
510481
510480
510483
510482
510482
510484
510487
510486
510486
510486
510488
510488
510484
510480
510486
510482
510482.5
510483
510484.5
510485
510486.5
510488
510488.5
510490
510496
510492
510498
510504
510500
510506
510502
510508
510510
510510
510512
510512
510514
510514
510516
510518
510521
510520
510523
510522
510525
510524
510524
510526
510526
510528
510531
510530
510533
510532
510535
510538
510540.5
510543
510542.5
510542
510541
510540
510540
510540
510542
510544
510544
510544
510546
510546
510548
510548
510544
510550
510546
510552
510554
510556
510559
510562
510564.5
510564
510566.5
510569
510568.5
510568
510570.5
510573
510582
510575
510584
510577
510576.5
510576
510575
510574
510574
510574
510570
510576
510572
510568
510568.5
510569
510570
510571
510569
510573
510571
510575
510576
510577
510578.5
510579
510580
510581
510582
510583
510584
510585
510586.5
510588
510594
510600
510596
510592
510592.5
510594
510594.5
510595
510596
510597
510598
510599
510600
510601
510602.5
510604
510610
510616
510618
510620
510623
510622
510622
510622
510624
510626
510629
510628
510631
510634
510633
510632
510635
510634
510634
510636
510639
510642
510644.5
510644
510643
510642
510645
510648
510647
510646
510646
510646
510642
510638
510644
510640
510640.5
510642
510648
510654
510650
510646
510652
510658
510660
510660
510662
510664
510664
510666
510666
510666
510662
510658
510658.5
510660
510666
510672
510668
510674
510676
510678
510678
510680
510683
510686
510688.5
510691
510690.5
510693
510702
510695
510704
510713
510706
510715
510708
510717
510721
510725
510727
510727
510725
510729
510731
510733
510733
510733
510731
510729
510722
510715
510714.5
510717
510726
510719
510728
510721
510720.5
510723
510722.5
510722
510724.5
510727
510726.5
510726
510725
510724
510727
510726
510726
510726
510722
510728
510724
510730
510732
510732
510734
510734
510736
510738
510738
510738
510734
510740
510736
510742
510738
510734
510734.5
510736
510736.5
510737
510738
510739
510740.5
510741
510742
510743
510744
510745
510746
510747
510748.5
510749
510750
510751
510752.5
510754
510754.5
510755
510756
510757
510755
510759
510757
510755
510759
510763
510761
510759
510763
510761
510731
510763
510733
510703
510684
510665
510686
510667
510688
510669
510660
510671
510692
510713
510745
510715
510747
510717
510698
510679
510700
510681
510702
510683
510674
510685
510676
510687
510678
510669
510680
510671
510668
510665
510670
510675
510672
510669
510674
510679
510690
510681
510692
510683
510694
510705
510726
510707
510728
510749
510781
510751
510732
510713
510734
510715
510706
510697
510708
510719
510740
510761
510793
510763
510744
510765
510746
510727
510718
510729
510750
510771
510752
510733
510724
510735
510726
510737
510758
510739
510760
510741
510732
510743
510764
510745
510736
510747
510738
510749
510740
510731
510742
510733
510744
510755
510776
510757
510748
510739
510736
510741
510738
510743
510754
510745
510742
510739
510733
510741
510746
510751
510748
510753
510750
510755
510766
510777
510798
510819
510851
510883
510887
510885
510855
510825
510857
510889
510893
510891
510861
510893
510897
510895
510899
510903
510901
510899
510903
510901
510905
510903
510873
510905
510875
510845
510877
510909
510913
510911
510881
510913
510917
510915
510919
510917
510887
510919
510923
510927
510928
510929
510930
510931
510932.5
510934
510934.5
510935
510936
510937
510938
510939
510940.5
510941
510942.5
510944
510950
510956
510952
510958
510960
510960
510956
510962
510958
510964
510966
510966
510968
510968
510970
510970
510972
510972
510974
510974
510970
510976
510972
510968
510974
510970
510976
510972
510972.5
510974
510980
510976
510976.5
510978
510978.5
510979
510980.5
510982
510988
510984
510990
510996
510998
510998
510994
510990
510990.5
510991
510992
510993
510994
510995
510996
510997
510995
510993
510997
511001
510999
510997
511001
510999
510969
511001
510971
511003
510973
511005
510975
510945
510926
510947
510928
510909
510900
510891
510888
510893
510904
510895
510906
510897
510908
510899
510896
510893
510898
510903
510914
510905
510902
510899
510904
510901
510906
510903
510897
510891
510899
510893
510892
510895
510903
510897
510905
510913
510907
510915
510909
510903
510911
510905
510913
510921
510926
510923
510928
510933
510930
510935
510946
510937
510948
510939
510950
510941
510952
510943
510940
510945
510956
510947
510958
510949
510960
510971
510962
510973
510964
510975
510996
511017
510998
511019
511051
511083
511053
511023
511004
510985
510976
510987
511008
511029
511061
511093
511063
511095
511099
511097
511101
511105
511103
511107
511105
511109
511107
511105
511075
511045
511026
511007
510998
510989
511000
511011
511032
511053
511085
511055
511087
511119
511123
511121
511125
511129
511127
511131
511132
511133
511134.5
511135
511136
511137
511138.5
511139
511140
511141
511142.5
511143
511144
511145
511146.5
511147
511148
511149
511150.5
511152
511152.5
511153
511154.5
511156
511162
511158
511164
511170
511172
511172
511168
511174
511176
511176
511172
511168
511168.5
511170
511170.5
511172
511172.5
511173
511174.5
511176
511182
511178
511184
511180
511180.5
511181
511182
511183
511181
511185
511183
511187
511185
511183
511153
511185
511155
511187
511191
511189
511193
511191
511195
511193
511197
511201
511202
511203
511204.5
511206
511212
511208
511214
511220
511222
511222
511218
511224
511226
511226
511222
511228
511224
511230
511226
511232
511228
511234
511230
511226
511226.5
511228
511234
511230
511236
511242
511244
511244
511246
511248
511248
511250
511250
511252
511255
511254
511257
511260
511262.5
511265
511264.5
511267
511276
511269
511268.5
511268
511267
511270
511269
511272
511274.5
511277
511276.5
511279
511278.5
511278
511280.5
511280
511279
511278
511278
511278
511274
511270
511276
511282
511284
511286
511289
511288
511288
511290
511290
511290
511286
511282
511288
511284
511290
511286
511292
511288
511294
511290
511296
511302
511298
511294
511294.5
511295
511296.5
511297
511298.5
511300
511306
511302
511308
511314
511310
511306
511312
511318
511320
511320
511316
511312
511318
511314
511314.5
511316
511322
511328
511330
511332
511332
511334
511334
511336
511336
511336
511338
511340
511343
511346
511345
511344
511344
511346
511346
511346
511342
511348
511350
511352
511352
511354
511357
511360
511359
511362
511361
511360
511360
511360
511356
511352
511352.5
511353
511354
511355
511356
511357
511358.5
511359
511360.5
511361
511362.5
511364
511370
511366
511372
511368
511374
511380
511382
511384
511384
511384
511386
511386
511388
511390
511393
511396
511398.5
511401
511410
511403
511402.5
511405
511414
511407
511406.5
511409
511408.5
511408
511407
511406
511406
511406
511402
511408
511404
511410
511412
511412
511408
511414
511416
511416
511412
511408
511414
511410
511410.5
511412
511412.5
511413
511414.5
511416
511422
511428
511424
511420
511426
511432
511428
511424
511424.5
511426
511432
511428
511434
511440
511436
511442
511438
511434
511434.5
511435
511436
511437
511438
511439
511440
511441
511439
511437
511407
511377
511409
511441
511411
511443
511447
511445
511415
511385
511366
511387
511419
511451
511421
511453
511457
511461
511459
511463
511464
511465
511466
511467
511468
511469
511467
511471
511469
511467
511471
511475
511476
511477
511478.5
511480
511480.5
511482
511482.5
511484
511490
511486
511492
511498
511494
511500
511496
511492
511492.5
511494
511500
511496
511496.5
511497
511498
511499
511500
511501
511502
511503
511504
511505
511503
511507
511508
511509
511510.5
511512
511518
511514
511514.5
511516
511522
511528
511530
511530
511532
511532
511534
511534
511536
511536
511532
511528
511528.5
511529
511530
511531
511532
511533
511534
511535
511536
511537
511538
511539
511540
511541
511542
511543
511544
511545
511546
511547
511548
511549
511550
511551
511549
511547
511517
511549
511553
511557
511558
511559
511560.5
511561
511562
511563
511564.5
511565
511566.5
511568
511568.5
511569
511570.5
511572
511572.5
511574
511580
511576
511582
511578
511578.5
511579
511580.5
511582
511588
511594
511590
511596
511592
511588
511588.5
511590
511590.5
511591
511592
511593
511594
511595
511596
511597
511598
511599
511597
511601
511599
511603
511601
511599
511603
511607
511605
511603
511607
511611
511609
511607
511611
511615
511616
511617
511618
511619
511620.5
511622
511628
511624
511624.5
511625
511626.5
511628
511628.5
511630
511630.5
511631
511632
511633
511631
511635
511633
511631
511601
511633
511637
511641
511639
511637
511641
511639
511609
511641
511645
511649
511647
511651
511652
511653
511654
511655
511656
511657
511655
511653
511657
511661
511662
511663
511661
511665
511666
511667
511668.5
511669
511670
511671
511672
511673
511674
511675
511676
511677
511675
511673
511643
511675
511645
511615
511647
511679
511649
511681
511651
511683
511653
511623
511655
511687
511691
511695
511696
511697
511698
511699
511700.5
511701
511702.5
511703
511704.5
511706
511706.5
511707
511708
511709
511710
511711
511712
511713
511714
511715
511716
511717
511718
511719
511720.5
511722
511728
511734
511730
511736
511732
511728
511734
511730
511730.5
511731
511732.5
511734
511734.5
511736
511742
511748
511750
511752
511755
511754
511754
511754
511756
511756
511758
511758
511760
511762
511762
511764
511767
511770
511769
511768
511771
511770
511770
511770
511766
511762
511768
511774
511776
511778
511778
511778
511774
511780
511782
511782
511778
511784
511786
511786
511782
511778
511784
511780
511780.5
511782
511788
511784
511784.5
511785
511786.5
511788
511788.5
511789
511790.5
511791
511792.5
511793
511794
511795
511796
511797
511798
511799
511800
511801
511802
511803
511804.5
511805
511806
511807
511808.5
511810
511810.5
511811
511812.5
511814
511820
511826
511822
511818
511824
511830
511832
511832
511834
511836
511839
511838
511838
511840
511840
511842
511842
511844
511844
511844
511840
511846
511842
511838
511838.5
511839
511840.5
511841
511842
511843
511841
511839
511843
511847
511848
511849
511850
511851
511852
511853
511854.5
511855
511856.5
511857
511858
511859
511860
511861
511862
511863
511864.5
511866
511866.5
511867
511868
511869
511870.5
511871
511872
511873
511874
511875
511876.5
511877
511878.5
511879
511880.5
511882
511882.5
511883
511884.5
511886
511886.5
511887
511888
511889
511887
511891
511889
511887
511891
511895
511896
511897
511898.5
511899
511900
511901
511902.5
511904
511910
511906
511906.5
511907
511908
511909
511910
511911
511912
511913
511914
511915
511916
511917
511918
511919
511920
511921
511922
511923
511924
511925
511926.5
511928
511934
511940
511942
511942
511944
511944
511940
511946
511942
511948
511944
511950
511952
511954
511954
511956
511959
511962
511964.5
511964
511963
511962
511965
511968
511967
511970
511969
511968
511968
511970
511973
511976
511978.5
511978
511980.5
511980
511982.5
511985
511994
511987
511986.5
511986
511988.5
511991
512000
512009
512013
512011
512004
511997
512006
512015
512019
512023
512025
512025
512023
512027
512025
512029
512027
512031
512029
512033
512035
512037
512038
512039
512040
512041
512042
512043
512043
512043
512041
512039
512032
512025
512034
512043
512047
512045
512038
512047
512051
512049
512042
512035
512034.5
512037
512046
512055
512048
512041
512050
512043
512052
512061
512054
512063
512067
512071
512073
512073
512075
512075
512073
512077
512079
512079
512077
512081
512083
512083
512081
512079
512083
512087
512085
512083
512087
512085
512078
512087
512080
512089
512082
512091
512095
512093
512097
512095
512088
512097
512101
512105
512107
512109
512110
512111
512112
512113
512114
512115
512115
512117
512118
512119
512119
512121
512122
512123
512123
512123
512121
512119
512123
512121
512125
512129
512127
512131
512133
512135
512136
512137
512137
512139
512139
512139
512141
512141
512143
512143
512141
512145
512147
512147
512145
512149
512151
512151
512153
512153
512151
512149
512142
512151
512144
512153
512146
512139
512138.5
512141
512150
512159
512163
512167
512165
512169
512167
512165
512158
512151
512160
512169
512162
512155
512154.5
512154
512156.5
512156
512155
512158
512157
512156
512159
512158
512161
512160
512160
512160
512162
512162
512158
512154
512154.5
512155
512156
512157
512158
512159
512157
512155
512159
512157
512161
512165
512163
512167
512168
512169
512170
512171
512172
512173
512171
512175
512173
512177
512178
512179
512180
512181
512182
512183
512181
512185
512186
512187
512188.5
512190
512196
512192
512192.5
512193
512194
512195
512196.5
512198
512198.5
512200
512200.5
512201
512202.5
512203
512204.5
512206
512206.5
512208
512214
512210
512210.5
512211
512212
512213
512214.5
512216
512216.5
512218
512224
512220
512226
512222
512222.5
512224
512230
512236
512238
512240
512240
512242
512245
512248
512250.5
512253
512252.5
512252
512254.5
512254
512256.5
512256
512258.5
512261
512260.5
512263
512262.5
512262
512261
512264
512266.5
512266
512268.5
512271
512280
512289
512293
512291
512284
512293
512286
512295
512288
512297
512290
512283
512282.5
512285
512284.5
512284
512283
512282
512285
512284
512287
512290
512289
512292
512291
512290
512293
512296
512298.5
512301
512310
512319
512323
512321
512325
512329
512331
512331
512329
512327
512320
512329
512333
512331
512335
512333
512337
512341
512343
512343
512345
512345
512343
512347
512345
512349
512351
512351
512349
512347
512340
512349
512342
512335
512344
512353
512357
512361
512363
512365
512366
512367
512367
512367
512365
512363
512367
512371
512369
512367
512371
512369
512373
512371
512375
512379
512381
512381
512379
512383
512385
512385
512383
512381
512374
512367
512366.5
512366
512368.5
512371
512380
512389
512382
512375
512374.5
512374
512376.5
512379
512378.5
512381
512390
512383
512382.5
512385
512384.5
512384
512386.5
512389
512398
512391
512400
512409
512413
512417
512415
512413
512417
512415
512419
512423
512421
512419
512412
512421
512425
512429
512431
512431
512429
512433
512435
512435
512437
512437
512439
512441
512441
512441
512443
512443
512441
512445
512447
512449
512450
512451
512452
512453
512453
512453
512455
512455
512457
512457
512459
512459
512461
512461
512459
512463
512461
512465
512463
512467
512469
512471
512471
512471
512473
512473
512475
512477
512477
512477
512479
512481
512482
512483
512487.5
512485
512486
512487
512488
512489
512490
512491
512492
512493
512497.5
512502
512515.5
512504
512517.5
512506
512503.5
512508
512521.5
512510
512507.5
512512
512509.5
512514
512511.5
512509
512513.5
512518
512515.5
512513
512517.5
512515
512519.5
512524
512537.5
512526
512539.5
512528
512525.5
512523
512524
512525
512526
512527
512531.5
512529
512533.5
512538
512535.5
512533
512534
512535
512536
512537
512537
512537
512539
512539
512537
512541
512543
512543
512545
512545
512543
512547
512549
512549
512547
512551
512553
512553
512551
512549
512542
512551
512544
512553
512546
512539
512538.5
512541
512550
512543
512552
512561
512565
512569
512567
512565
512558
512551
512550.5
512553
512562
512571
512564
512573
512566
512575
512579
512577
512581
512579
512583
512587
512589
512591
512591
512593
512594
512595
512596
512597
512597
512599
512600
512601
512601
512603
512604
512605
512606
512607
512608
512609
512610
512611
512615.5
512613
512617.5
512615
512619.5
512617
512621.5
512619
512620
512621
512625.5
512623
512624
512625
512626
512627
512627
512627
512629
512629
512627
512625
512629
512627
512631
512635
512637
512637
512635
512633
512626
512619
512618.5
512618
512617
512616
512619
512622
512624.5
512627
512626.5
512626
512628.5
512628
512627
512630
512629
512628
512628
512628
512630
512632
512635
512638
512640.5
512640
512639
512638
512638
512640
512640
512642
512645
512648
512650.5
512653
512662
512671
512675
512679
512681
512681
512679
512677
512681
512685
512687
512689
512689
512689
512691
512691
512693
512693
512691
512689
512682
512691
512684
512693
512697
512701
512703
512705
512706
512707
512707
512709
512710
512711
512712
512713
512714
512715
512715
512717
512718
512719
512720
512721
512722
512723
512727.5
512732
512745.5
512759
512763.5
512761
512765.5
512770
512778.5
512772
512769.5
512774
512771.5
512769
512773.5
512778
512786.5
512780
512777.5
512775
512763.5
512777
512781.5
512786
512783.5
512781
512769.5
512783
512787.5
512785
512789.5
512794
512802.5
512796
512804.5
512813
512814.5
512816
512817
512818
512819
512820
512821
512822
512823
512824
512824.5
512826
512827
512828
512828.5
512830
512830.5
512832
512832.5
512834
512835
512836
512836.5
512838
512839
512840
512840.5
512842
512842.5
512843
512836.5
512845
512846.5
512848
512849
512850
512851
512852
512852.5
512854
512854.5
512856
512857
512858
512859
512860
512860.5
512862
512863
512864
512865
512866
512866.5
512868
512869
512870
512871
512872
512878.5
512885
512886.5
512887
512882.5
512889
512890.5
512892
512898
512904
512907.5
512911
512909.5
512913
512916
512919
512921
512923
512923
512925
512933.5
512927
512935.5
512944
512937.5
512931
512931
512931
512933
512933
512932
512931
512934
512933
512931.5
512935
512933.5
512932
512928
512934
512930
512926
512932
512938
512941.5
512940
512936
512942
512945.5
512949
512947.5
512946
512949.5
512948
512951.5
512950
512953.5
512957
512955.5
512959
512957.5
512961
512964
512963
512961.5
512960
512963.5
512962
512965.5
512964
512960
512966
512962
512968
512964
512970
512973.5
512977
512975.5
512979
512982
512985
512987
512987
512986
512989
512991
512991
512990
512989
512987.5
512986
512982
512978
512978.5
512979
512980.5
512981
512982.5
512983
512978.5
512985
512986.5
512988
512994
512990
512996
512992
512992.5
512993
512988.5
512984
512985
512986
512987
512988
512989
512990
512996.5
512992
512993
512994
512994.5
512996
512997
512998
512998.5
513000
513000.5
513002
513003
513004
513005
513006
513006.5
513007
513000.5
512994
513002.5
513011
513012.5
513013
513014.5
513016
513016.5
513018
513018.5
513019
513012.5
513006
513014.5
513008
513005.5
513003
512991.5
513005
513009.5
513007
512995.5
513009
513013.5
513011
513015.5
513020
513017.5
513015
513019.5
513017
513021.5
513019
513023.5
513021
513009.5
513023
513027.5
513032
513029.5
513034
513031.5
513036
513044.5
513038
513046.5
513040
513037.5
513042
513039.5
513044
513041.5
513039
513043.5
513041
513029.5
513043
513047.5
513052
513049.5
513054
513062.5
513071
513072.5
513073
513074.5
513076
513076.5
513077
513070.5
513064
513072.5
513066
513074.5
513083
513076.5
513070
513067.5
513072
513080.5
513089
513082.5
513091
513084.5
513093
513086.5
513080
513077.5
513082
513079.5
513077
513081.5
513086
513094.5
513088
513096.5
513105
513098.5
513092
513100.5
513109
513110.5
513111
513112.5
513114
513114.5
513116
513116.5
513118
513119
513120
513126.5
513133
513128.5
513135
513136.5
513138
513138.5
513140
513146
513152
513148
513144
513144.5
513145
513146.5
513147
513142.5
513138
513144.5
513151
513152.5
513153
513148.5
513155
513150.5
513146
513147
513148
513149
513150
513151
513152
513153
513154
513155
513156
513157
513158
513158.5
513160
513161
513162
513168.5
513175
513176.5
513177
513172.5
513168
513169
513170
513171
513172
513173
513174
513175
513176
513177
513178
513184.5
513191
513186.5
513182
513188.5
513195
513196.5
513197
513192.5
513199
513200.5
513201
513202.5
513204
513204.5
513205
513206.5
513208
513208.5
513210
513216
513212
513212.5
513213
513208.5
513204
513210.5
513217
513218.5
513219
513214.5
513210
513211
513212
513218.5
513214
513215
513216
513216.5
513217
513210.5
513219
513220.5
513221
513222.5
513224
513225
513226
513227
513228
513234.5
513241
513236.5
513243
513238.5
513245
513240.5
513247
513248.5
513249
513250.5
513252
513252.5
513253
513254.5
513255
513256.5
513257
513258.5
513259
513254.5
513250
513251
513252
513253
513254
513260.5
513267
513268.5
513270
513270.5
513271
513266.5
513273
513268.5
513264
513265
513266
513272.5
513268
513269
513270
513270.5
513272
513273
513274
513275
513276
513277
513278
513279
513280
513281
513282
513283
513284
513285
513286
513287
513288
513294.5
513290
513296.5
513292
513298.5
513294
513295
513296
513297
513298
513299
513300
513306.5
513313
513308.5
513304
513310.5
513306
513312.5
513308
513309
513310
513316.5
513323
513318.5
513314
513320.5
513327
513322.5
513329
513324.5
513320
513326.5
513322
513323
513324
513324.5
513326
513327
513328
513329
513330
513336.5
513332
513338.5
513345
513340.5
513336
513342.5
513338
513344.5
513340
513346.5
513342
513348.5
513355
513356.5
513358
513364
513360
513360.5
513362
513368
513374
513377.5
513376
513372
513378
513381.5
513380
513376
513382
513378
513374
513380
513376
513382
513378
513378.5
513380
513380.5
513382
513388
513394
513397.5
513396
513392
513388
513388.5
513389
513384.5
513380
513386.5
513393
513394.5
513395
513390.5
513397
513392.5
513388
513389
513390
513390.5
513391
513392.5
513393
513394.5
513396
513396.5
513398
513399
513400
513401
513402
513403
513404
513404.5
513405
513406.5
513408
513408.5
513410
513411
513412
513412.5
513414
513415
513416
513417
513418
513418.5
513420
513420.5
513422
513423
513424
513425
513426
513427
513428
513429
513430
513431
513432
513433
513434
513440.5
513447
513442.5
513438
513444.5
513440
513446.5
513442
513448.5
513455
513450.5
513457
513458.5
513459
513460.5
513462
513462.5
513464
513470
513476
513479.5
513483
513486
513485
513483.5
513482
513478
513484
513487.5
513486
513489.5
513493
513491.5
513495
513498
513497
513495.5
513499
513497.5
513501
513504
513507
513506
513509
513511
513513
513521.5
513515
513523.5
513532
513525.5
513519
513527.5
513536
513538
513540
513540
513540
513533.5
513542
513535.5
513544
513537.5
513531
513539.5
513548
513541.5
513550
513552
513552
513545.5
513539
513539
513541
513549.5
513543
513551.5
513560
513562
513562
513555.5
513564
513566
513568
513568
513568
513561.5
513570
513563.5
513557
513557
513559
513567.5
513576
513578
513578
513571.5
513565
513573.5
513582
513575.5
513584
513577.5
513586
513588
513588
513590
513592
513609.5
513594
513611.5
513596
513596
513598
513598
513600
513617.5
513635
513619.5
513637
513639.5
513639
513641.5
513641
513625.5
513643
513627.5
513612
513629.5
513647
513649.5
513649
513633.5
513651
513653.5
513656
513660.5
513665
513667.5
513670
513672
513674
513678
513676
513676
513676
513678
513680
513684
513688
513686
513684
513688
513686
513686
513686
513688
513690
513694
513698
513696
513694
513698
513696
513700
513698
513698
513700
513700
513702
513702
513702
513704
513706
513706
513706
513705.5
513708
513710
513712
513716
513720
513718
513716
513716
513718
513718
513718
513720
513722
513726
513730
513728
513732
513730
513734
513732
513736
513734
513732
513736
513740
513748.5
513742
513740
513738
513742
513746
513754.5
513748
513756.5
513765
513758.5
513752
513760.5
513769
513779.5
513771
513781.5
513773
513766.5
513760
513768.5
513762
513770.5
513764
513762
513760
513764
513768
513766
513764
513768
513772
513770
513768
513772
513776
513784.5
513793
513786.5
513780
513778
513782
513780
513778
513778
513780
513780
513782
513786
513784
513788
513792
513790
513788
513792
513796
513804.5
513813
513806.5
513800
513798
513796
513800
513798
513798
513800
513804
513808
513806
513810
513808
513812
513810
513814
513822.5
513831
513841.5
513852
513853.5
513855
513855.5
513856
513857.5
513859
513859.5
513860
513851.5
513843
513853.5
513845
513855.5
513847
513840.5
513834
513842.5
513836
513834
513832
513836
513840
513838
513836
513840
513844
513842
513840
513840
513842
513846
513850
513858.5
513867
513860.5
513854
513862.5
513871
513864.5
513858
513866.5
513875
513868.5
513862
513870.5
513864
513872.5
513881
513874.5
513883
513893.5
513904
513895.5
513906
513897.5
513908
513899.5
513891
513884.5
513878
513876
513874
513878
513876
513880
513878
513882
513886
513894.5
513903
513913.5
513924
513925.5
513927
513929
513929
513931
513933
513936
513939
513938
513937
513937
513937
513939
513939
513941
513943
513946
513949
513950.5
513952
513955
513958
513961.5
513960
513959
513962
513965.5
513964
513963
513966
513969.5
513968
513967
513970
513969
513972
513975.5
513979
513977.5
513976
513979.5
513983
513992.5
513985
513994.5
513987
513985.5
513989
513998.5
513991
513989.5
513993
513991.5
513995
513993.5
513997
513995.5
513994
513993
513996
513999.5
513998
514001.5
514005
514014.5
514007
514005.5
514004
514003
514006
514005
514004
514004.5
514005
514004
514003
514006
514005
514008
514011
514010
514009
514012
514011
514011
514013
514016
514019
514020.5
514022
514022.5
514023
514024.5
514025
514026.5
514027
514028.5
514029
514028
514027
514027
514027
514029
514029
514031
514031
514033
514035
514038
514037
514037
514039
514039
514039
514041
514041
514041.5
514042
514033.5
514025
514018.5
514027
514020.5
514029
514022.5
514031
514041.5
514033
514043.5
514035
514028.5
514022
514030.5
514024
514032.5
514041
514051.5
514043
514036.5
514030
514028
514032
514030
514034
514042.5
514036
514034
514032
514032
514032
514034
514036
514040
514038
514038
514040
514044
514048
514046
514044
514044
514044
514043.5
514046
514045.5
514048
514050
514050
514049.5
514052
514054
514056
514060
514058
514062
514060
514064
514068
514076.5
514085
514078.5
514072
514080.5
514074
514072
514076
514074
514072
514076
514074
514074
514074
514073.5
514073
514075.5
514078
514080
514080
514082
514084
514084
514086
514086
514086
514088
514090
514090
514092
514096
514094
514098
514096
514096
514098
514098
514098
514097.5
514097
514099.5
514099
514101.5
514101
514098.5
514103
514105.5
514105
514107.5
514110
514112
514112
514111.5
514114
514116
514116
514115.5
514115
514112.5
514117
514114.5
514119
514116.5
514121
514123.5
514123
514120.5
514118
514122.5
514127
514124.5
514122
514126.5
514124
514123.5
514126
514130.5
514135
514132.5
514130
514134.5
514139
514136.5
514134
514133.5
514136
514140.5
514145
514142.5
514147
514149.5
514152
514151.5
514154
514156
514158
514162
514160
514164
514168
514166
514170
514168
514172
514170
514174
514182.5
514191
514201.5
514193
514186.5
514195
514205.5
514197
514190.5
514184
514182
514186
514194.5
514203
514213.5
514205
514215.5
514207
514200.5
514194
514202.5
514211
514221.5
514213
514223.5
514215
514225.5
514217
514227.5
514238
514239.5
514241
514241.5
514242
514233.5
514225
514235.5
514246
514247.5
514249
514249.5
514251
514251.5
514252
514253.5
514254
514245.5
514237
514247.5
514239
514249.5
514241
514234.5
514228
514226
514224
514224
514224
514223.5
514226
514225.5
514225
514227.5
514230
514232
514234
514234
514234
514236
514236
514238
514240
514240
514240
514242
514242
514244
514246
514250
514254
514252
514256
514254
514258
514256
514254
514254
514254
514253.5
514256
514258
514260
514260
514262
514266
514264
514264
514266
514266
514268
514268
514270
514270
514272
514276
514274
514278
514276
514280
514278
514282
514280
514284
514288
514296.5
514290
514288
514286
514286
514286
514285.5
514288
514290
514292
514296
514300
514308.5
514302
514300
514304
514302
514306
514314.5
514323
514333.5
514344
514335.5
514327
514337.5
514329
514322.5
514316
514314
514312
514312
514314
514314
514314
514313.5
514313
514315.5
514315
514312.5
514310
514309.5
514312
514311.5
514311
514313.5
514313
514297.5
514315
514317.5
514320
514324.5
514322
514326.5
514331
514328.5
514333
514330.5
514328
514327.5
514330
514329.5
514329
514313.5
514331
514333.5
514336
514335.5
514335
514319.5
514337
514339.5
514339
514323.5
514341
514325.5
514343
514327.5
514312
514329.5
514314
514314
514314
514307.5
514316
514309.5
514318
514320
514320
514322
514322
514324
514324
514317.5
514326
514319.5
514328
514330
514332
514332
514334
514351.5
514336
514336
514338
514355.5
514340
514340
514342
514342
514342
514344
514346
514363.5
514381
514365.5
514383
514367.5
514352
514352
514352
514345.5
514339
514339
514339
514341
514341
514343
514343
514342
514345
514347
514349
514349
514351
514351
514353
514361.5
514355
514363.5
514372
514365.5
514359
514359
514361
514369.5
514363
514363
514365
514365
514365
514364
514367
514366
514369
514371
514373
514373
514375
514375
514375
514377
514379
514379
514381
514389.5
514383
514391.5
514385
514385
514385
514387
514389
514389
514389
514391
514393
514393
514393
514395
514397
514397
514399
514407.5
514416
514409.5
514403
514403
514403
514405
514407
514415.5
514424
514426
514426
514419.5
514413
514421.5
514415
514423.5
514432
514425.5
514434
514436
514436
514438
514438
514431.5
514440
514433.5
514427
514435.5
514429
514429
514431
514431
514431
514433
514435
514443.5
514437
514445.5
514454
514456
514458
514458
514458
514451.5
514445
514445
514445
514447
514447
514449
514449
514451
514453
514453
514453
514452
514455
514457
514459
514459
514459
514461
514463
514463
514463
514465
514465
514467
514467
514469
514469
514471
514473
514473
514475
514475
514475
514477
514479
514479
514481
514481
514481
514480
514483
514482
514481
514479.5
514478
514474
514480
514476
514482
514478
514484
514487.5
514491
514489.5
514493
514491.5
514490
514493.5
514492
514488
514494
514497.5
514501
514504
514503
514506
514509
514508
514511
514510
514513
514512
514511
514514
514517
514519
514519
514518
514521
514523
514523
514522
514521
514519.5
514518
514521.5
514525
514528
514527
514530
514529
514527.5
514526
514522
514528
514531.5
514535
514533.5
514532
514535.5
514539
514542
514545
514547
514549
514557.5
514566
514559.5
514568
514561.5
514555
514563.5
514572
514574
514576
514576
514578
514595.5
514580
514580
514582
514599.5
514584
514584
514584
514577.5
514571
514571
514573
514573
514573
514572
514575
514574
514577
514579
514579
514578
514577
514580
514583
514585
514585
514587
514587
514586
514585
514583.5
514582
514585.5
514584
514580
514586
514582
514588
514584
514580
514580.5
514581
514576.5
514583
514578.5
514574
514575
514576
514577
514578
514579
514580
514586.5
514593
514588.5
514595
514590.5
514597
514592.5
514599
514600.5
514601
514602.5
514604
514610
514606
514612
514608
514608.5
514610
514616
514612
514612.5
514613
514614.5
514615
514610.5
514606
514612.5
514608
514614.5
514621
514622.5
514624
514624.5
514625
514620.5
514616
514617
514618
514619
514620
514626.5
514633
514634.5
514635
514630.5
514637
514638.5
514640
514640.5
514642
514648
514654
514657.5
514661
514659.5
514663
514661.5
514660
514656
514652
514658
514654
514654.5
514656
514662
514658
514658.5
514659
514654.5
514650
514656.5
514663
514664.5
514665
514666.5
514667
514662.5
514669
514670.5
514671
514666.5
514662
514668.5
514675
514676.5
514678
514684
514680
514686
514682
514682.5
514683
514678.5
514685
514686.5
514687
514682.5
514689
514690.5
514691
514692.5
514693
514688.5
514684
514685
514686
514687
514688
514694.5
514690
514691
514692
514693
514694
514695
514696
514697
514698
514704.5
514711
514712.5
514713
514714.5
514715
514710.5
514706
514707
514708
514708.5
514710
514711
514712
514718.5
514714
514715
514716
514717
514718
514718.5
514720
514721
514722
514723
514724
514724.5
514725
514726.5
514727
514728.5
514729
514730.5
514731
514732.5
514733
514726.5
514720
514717.5
514722
514719.5
514724
514732.5
514741
514742.5
514744
514745
514746
514747
514748
514754.5
514761
514762.5
514763
514764.5
514766
514766.5
514767
514768.5
514770
514776
514772
514772.5
514773
514768.5
514775
514776.5
514778
514778.5
514779
514774.5
514770
514771
514772
514773
514774
514775
514776
514777
514778
514778.5
514779
514780.5
514781
514774.5
514783
514784.5
514786
514786.5
514788
514789
514790
514791
514792
514798.5
514805
514806.5
514808
514814
514820
514823.5
514827
514830
514833
514835
514837
514837
514839
514847.5
514841
514849.5
514843
514851.5
514860
514853.5
514862
514864
514864
514857.5
514851
514859.5
514868
514861.5
514870
514863.5
514857
514865.5
514874
514867.5
514876
514869.5
514878
514880
514882
514899.5
514884
514884
514886
514903.5
514888
514905.5
514923
514925.5
514925
514927.5
514930
514929.5
514932
514931.5
514934
514938.5
514936
514935.5
514935
514919.5
514904
514904
514906
514923.5
514908
514908
514910
514927.5
514912
514929.5
514947
514931.5
514949
514951.5
514951
514935.5
514953
514955.5
514955
514939.5
514957
514959.5
514959
514961.5
514961
514945.5
514930
514947.5
514932
514949.5
514967
514969.5
514969
514971.5
514974
514973.5
514976
514975.5
514975
514977.5
514977
514979.5
514979
514963.5
514948
514948
514948
514950
514950
514952
514952
514945.5
514939
514947.5
514956
514958
514958
514960
514962
514962
514962
514964
514964
514966
514968
514968
514970
514987.5
514972
514972
514972
514974
514976
514976
514976
514969.5
514978
514980
514982
514982
514982
514975.5
514984
514977.5
514971
514971
514971
514970
514969
514972
514975
514977
514979
514979
514979
514981
514983
514991.5
514985
514993.5
515002
514995.5
514989
514989
514991
514991
514991
514993
514993
514992
514991
514994
514997
514999
515001
515001
515001
515003
515003
515002
515005
515007
515009
515017.5
515026
515028
515028
515021.5
515030
515023.5
515017
515025.5
515019
515019
515021
515029.5
515038
515031.5
515025
515033.5
515042
515035.5
515044
515037.5
515046
515048
515050
515050
515052
515069.5
515054
515071.5
515089
515091.5
515094
515098.5
515103
515105.5
515105
515107.5
515107
515109.5
515109
515111.5
515114
515116
515116
515115.5
515115
515117.5
515117
515114.5
515112
515116.5
515114
515113.5
515113
515115.5
515115
515117.5
515120
515119.5
515122
515121.5
515124
515123.5
515126
515130.5
515128
515127.5
515127
515111.5
515096
515113.5
515131
515115.5
515100
515117.5
515135
515137.5
515137
515139.5
515142
515146.5
515151
515148.5
515153
515150.5
515148
515147.5
515147
515131.5
515149
515151.5
515154
515153.5
515153
515155.5
515158
515157.5
515157
515159.5
515159
515143.5
515161
515145.5
515130
515147.5
515132
515149.5
515134
515134
515136
515136
515138
515155.5
515140
515140
515140
515133.5
515127
515135.5
515144
515137.5
515146
515139.5
515133
515141.5
515135
515143.5
515152
515154
515156
515156
515158
515158
515158
515151.5
515145
515153.5
515147
515155.5
515149
515157.5
515166
515159.5
515153
515161.5
515170
515163.5
515172
515165.5
515159
515159
515159
515158
515161
515160
515159
515157.5
515156
515152
515158
515161.5
515160
515156
515152
515152.5
515154
515154.5
515156
515162
515158
515164
515170
515166
515162
515168
515174
515177.5
515176
515179.5
515183
515186
515189
515188
515187
515190
515193
515195
515195
515194
515193
515196
515195
515198
515201
515200
515203
515202
515201
515199.5
515198
515201.5
515205
515208
515211
515210
515209
515207.5
515211
515209.5
515208
515204
515210
515206
515212
515215.5
515214
515217.5
515216
515212
515208
515208.5
515210
515216
515212
515212.5
515213
515214.5
515215
515216.5
515218
515224
515230
515226
515222
515222.5
515223
515224.5
515226
515226.5
515228
515234
515230
515230.5
515232
515232.5
515234
515240
515246
515249.5
515248
515244
515250
515246
515252
515248
515244
515250
515246
515246.5
515248
515254
515260
515256
515252
515258
515264
515267.5
515266
515262
515258
515264
515270
515273.5
515277
515280
515283
515282
515281
515279.5
515278
515274
515270
515276
515282
515278
515274
515280
515286
515289.5
515293
515296
515299
515301
515303
515311.5
515320
515322
515322
515324
515326
515343.5
515328
515345.5
515363
515347.5
515365
515349.5
515367
515369.5
515369
515353.5
515338
515338
515338
515331.5
515340
515342
515344
515361.5
515346
515363.5
515381
515383.5
515386
515385.5
515388
515387.5
515390
515394.5
515399
515396.5
515401
515403.5
515406
515405.5
515405
515402.5
515407
515404.5
515402
515401.5
515404
515408.5
515406
515405.5
515408
515412.5
515417
515414.5
515419
515416.5
515421
515423.5
515426
515428
515430
515434
515438
515436
515434
515438
515436
515440
515444
515442
515440
515440
515440
515442
515442
515441.5
515444
515443.5
515446
515448
515450
515450
515450
515449.5
515452
515454
515456
515456
515458
515462
515466
515474.5
515468
515466
515464
515464
515466
515470
515468
515472
515476
515474
515472
515472
515474
515478
515482
515480
515478
515478
515480
515480
515482
515486
515484
515484
515484
515483.5
515486
515485.5
515485
515482.5
515480
515479.5
515479
515463.5
515448
515465.5
515483
515467.5
515485
515487.5
515487
515471.5
515489
515473.5
515458
515458
515458
515451.5
515460
515453.5
515447
515455.5
515464
515457.5
515466
515468
515470
515487.5
515505
515507.5
515510
515509.5
515512
515516.5
515514
515513.5
515513
515515.5
515515
515517.5
515520
515524.5
515529
515526.5
515531
515533.5
515536
515538
515540
515540
515540
515542
515544
515548
515552
515550
515554
515552
515556
515564.5
515558
515556
515560
515568.5
515577
515587.5
515598
515599.5
515600
515601.5
515602
515603.5
515605
515607
515607
515609
515609
515611
515611
515613
515615
515615
515615
515615.5
515616
515617.5
515618
515619.5
515621
515621.5
515623
515623.5
515625
515627
515629
515632
515631
515631
515631
515633
515635
515638
515637
515640
515639
515642
515641
515644
515643
515643
515643
515643.5
515644
515635.5
515646
515647.5
515649
515649.5
515651
515653
515655
515655
515657
515660
515659
515659
515661
515661
515661
515661.5
515663
515665
515667
515670
515669
515672
515671
515671
515671
515671.5
515673
515675
515677
515680
515679
515679
515679
515679.5
515680
515681.5
515683
515683.5
515684
515675.5
515667
515660.5
515669
515662.5
515656
515664.5
515658
515656
515660
515658
515662
515660
515664
515672.5
515681
515674.5
515683
515676.5
515685
515695.5
515687
515680.5
515689
515699.5
515691
515684.5
515693
515703.5
515695
515705.5
515697
515707.5
515718
515719.5
515720
515721.5
515722
515713.5
515724
515725.5
515726
515727.5
515728
515729.5
515730
515721.5
515732
515733.5
515735
515735.5
515737
515739
515739
515739.5
515741
515743
515745
515745
515745
515745.5
515746
515747.5
515749
515751
515753
515753
515755
515755
515755
515757
515759
515759
515761
515761
515763
515763
515763
515763.5
515765
515765.5
515767
515769
515769
515769.5
515770
515771.5
515773
515773.5
515775
515775.5
515776
515777.5
515778
515769.5
515761
515754.5
515748
515746
515744
515748
515752
515750
515754
515762.5
515756
515754
515758
515756
515760
515768.5
515762
515770.5
515779
515789.5
515800
515801.5
515803
515805
515805
515807
515809
515812
515811
515814
515813
515813
515813
515813.5
515815
515817
515817
515817.5
515818
515819.5
515821
515823
515823
515825
515825
515825.5
515827
515827.5
515828
515819.5
515811
515804.5
515813
515806.5
515800
515808.5
515817
515827.5
515819
515812.5
515821
515831.5
515842
515833.5
515844
515845.5
515846
515837.5
515829
515822.5
515831
515841.5
515852
515853.5
515854
515845.5
515856
515857.5
515858
515859.5
515860
515851.5
515843
515853.5
515864
515865.5
515867
515869
515869
515871
515873
515873
515875
515878
515881
515882.5
515884
515884.5
515885
515886.5
515887
515888.5
515889
515890.5
515891
515892.5
515893
515892
515891
515891
515893
515896
515895
515898
515901
515902.5
515903
515902
515901
515901
515901
515903
515905
515908
515907
515907
515907
515907.5
515909
515911
515913
515913
515915
515918
515917
515920
515919
515919
515919
515921
515923
515923
515923
515923.5
515924
515925.5
515927
515929
515929
515929.5
515930
515931.5
515932
515933.5
515934
515925.5
515917
515910.5
515919
515912.5
515906
515914.5
515908
515916.5
515925
515918.5
515927
515920.5
515914
515912
515916
515914
515912
515912
515914
515918
515916
515916
515916
515915.5
515915
515917.5
515917
515914.5
515919
515921.5
515924
515923.5
515926
515928
515930
515930
515930
515929.5
515932
515931.5
515931
515928.5
515926
515925.5
515928
515932.5
515930
515929.5
515932
515931.5
515931
515915.5
515933
515917.5
515902
515902
515904
515904
515906
515906
515908
515908
515908
515910
515912
515912
515914
515914
515916
515916
515918
515935.5
515953
515955.5
515955
515957.5
515957
515959.5
515959
515961.5
515964
515963.5
515966
515970.5
515968
515967.5
515970
515969.5
515972
515971.5
515971
515955.5
515940
515957.5
515975
515977.5
515980
515979.5
515979
515981.5
515984
515983.5
515986
515990.5
515988
515987.5
515987
515971.5
515956
515973.5
515958
515958
515958
515951.5
515945
515945
515947
515947
515947
515946
515945
515943.5
515947
515950
515953
515952
515955
515957
515959
515959
515959
515958
515961
515960
515963
515965
515965
515964
515963
515961.5
515965
515963.5
515962
515958
515964
515967.5
515966
515969.5
515973
515976
515975
515973.5
515972
515968
515964
515970
515976
515972
515978
515974
515980
515976
515972
515972.5
515973
515971
515975
515976.5
515977
515975
515979
515980.5
515981
515982.5
515983
515984.5
515985
515986.5
515987
515985
515983
515981.5
515980
515981
515982
515985.5
515984
515987.5
515991
515989.5
515993
515997
516001
516002.5
516004
516010
516006
516012
516008
516014
516010
516016
516022
516018
516024
516027.5
516026
516029.5
516028
516031.5
516035
516033.5
516037
516040
516043
516045
516047
516055.5
516049
516049
516049
516051
516051
516053
516055
516055
516055
516054
516053
516051.5
516050
516053.5
516057
516060
516059
516062
516065
516067
516067
516069
516071
516079.5
516073
516073
516075
516075
516077
516077
516079
516087.5
516096
516089.5
516083
516091.5
516085
516085
516085
516087
516089
516097.5
516091
516099.5
516108
516101.5
516095
516103.5
516112
516114
516116
516133.5
516118
516118
516118
516111.5
516120
516122
516124
516124
516126
516143.5
516161
516163.5
516163
516165.5
516165
516149.5
516134
516151.5
516136
516153.5
516171
516173.5
516173
516175.5
516175
516177.5
516177
516179.5
516179
516163.5
516148
516148
516148
516141.5
516150
516143.5
516152
516145.5
516154
516156
516156
516149.5
516143
516143
516145
516145
516147
516155.5
516164
516157.5
516166
516168
516168
516161.5
516155
516155
516155
516157
516159
516167.5
516161
516161
516163
516171.5
516180
516173.5
516167
516167
516169
516177.5
516171
516179.5
516173
516181.5
516175
516183.5
516192
516194
516194
516187.5
516181
516181
516183
516191.5
516185
516185
516185
516187
516187
516186
516185
516183.5
516182
516178
516174
516174.5
516175
516173
516171
516175
516179
516177
516181
516182.5
516183
516181
516179
516183
516181
516179.5
516178
516181.5
516185
516183.5
516182
516185.5
516189
516193
516197
516195
516193
516191.5
516190
516191
516192
516192.5
516193
516186.5
516180
516188.5
516197
516190.5
516199
516200.5
516201
516194.5
516188
516185.5
516190
516198.5
516192
516189.5
516194
516191.5
516189
516193.5
516198
516195.5
516193
516197.5
516202
516199.5
516197
516209
516221
516211
516223
516213
516203
516215
516227
516228.5
516230
516230.5
516232
516232.5
516233
516223
516235
516225
516237
516238.5
516240
516241
516242
516245.5
516244
516245
516246
516247
516248
516248.5
516249
516239
516251
516252.5
516253
516243
516233
516221.5
516210
516207.5
516205
516206
516207
516207
516209
516209
516211
516212
516213
516214
516215
516216
516217
516217
516219
516220
516221
516222
516223
516224
516225
516225
516225
516226
516227
516228
516229
516231
516233
516233
516235
516236
516237
516238
516239
516239
516239
516240
516241
516242
516243
516244
516245
516247
516249
516250
516251
516252
516253
516257.5
516255
516256
516257
516258
516259
516260
516261
516262
516263
516267.5
516265
516269.5
516274
516287.5
516276
516289.5
516303
516291.5
516305
516293.5
516282
516295.5
516284
516297.5
516286
516283.5
516288
516285.5
516290
516287.5
516292
516305.5
516319
516307.5
516321
516309.5
516323
516335
516347
516337
516349
516339
516351
516341
516331
516319.5
516333
516321.5
516335
516347
516337
516325.5
516339
516327.5
516316
516313.5
516311
516315.5
516313
516317.5
516315
516316
516317
516318
516319
516320
516321
516322
516323
516323
516323
516325
516327
516328
516329
516333.5
516338
516351.5
516340
516337.5
516335
516336
516337
516337
516339
516340
516341
516345.5
516343
516344
516345
516346
516347
516351.5
516349
516350
516351
516355.5
516353
516357.5
516362
516375.5
516389
516377.5
516391
516379.5
516393
516381.5
516370
516367.5
516365
516369.5
516374
516387.5
516401
516389.5
516403
516391.5
516380
516393.5
516407
516395.5
516384
516381.5
516379
516380
516381
516382
516383
516384
516385
516389.5
516387
516391.5
516389
516390
516391
516392
516393
516393
516395
516395
516397
516397
516399
516400
516401
516402
516403
516407.5
516412
516409.5
516407
516411.5
516409
516413.5
516418
516431.5
516445
516457
516447
516435.5
516424
516421.5
516419
516420
516421
516425.5
516423
516427.5
516432
516429.5
516434
516431.5
516429
516433.5
516438
516435.5
516440
516437.5
516442
516439.5
516437
516441.5
516439
516443.5
516448
516445.5
516450
516447.5
516452
516465.5
516454
516467.5
516481
516493
516483
516495
516485
516473.5
516462
516459.5
516457
516461.5
516459
516460
516461
516462
516463
516464
516465
516466
516467
516468
516469
516473.5
516478
516475.5
516473
516474
516475
516476
516477
516478
516479
516480
516481
516485.5
516483
516484
516485
516485
516485
516487
516487
516489
516489
516490
516491
516492
516493
516494
516495
516496
516497
516498
516499
516500
516501
516502
516503
516504
516505
516506
516507
516508
516509
516510
516511
516509
516507
516511
516515
516513
516517
516515
516513
516517
516515
516508
516501
516510
516503
516512
516521
516525
516523
516527
516531
516529
516527
516520
516529
516533
516537
516538
516539
516541
516543
516544
516545
516549.5
516554
516567.5
516581
516569.5
516558
516555.5
516553
516557.5
516555
516559.5
516564
516561.5
516566
516563.5
516568
516565.5
516570
516583.5
516597
516585.5
516599
516611
516601
516589.5
516578
516591.5
516580
516593.5
516607
516595.5
516609
516621
516633
516634.5
516635
516625
516637
516627
516639
516629
516619
516607.5
516596
516609.5
516623
516611.5
516600
516597.5
516595
516596
516597
516601.5
516599
516600
516601
516602
516603
516603
516603
516605
516607
516607
516609
516609
516611
516612
516613
516614
516615
516616
516617
516618
516619
516620
516621
516621
516621
516622
516623
516624
516625
516623
516621
516614
516623
516616
516625
516618
516627
516631
516635
516636
516637
516638
516639
516640
516641
516639
516643
516641
516645
516646
516647
516649
516649
516651
516653
516654
516655
516656
516657
516657
516659
516660
516661
516662
516663
516667.5
516672
516669.5
516667
516671.5
516676
516673.5
516671
516672
516673
516673
516673
516674
516675
516677
516677
516678
516679
516680
516681
516682
516683
516684
516685
516686
516687
516689
516691
516691
516691
516693
516695
516696
516697
516698
516699
516703.5
516708
516721.5
516735
516747
516737
516749
516761
516762.5
516764
516765
516766
516767
516768
516768.5
516770
516771
516772
516773
516774
516775
516776
516777
516778
516778.5
516779
516769
516759
516771
516783
516773
516763
516775
516765
516777
516789
516779
516791
516781
516793
516783
516795
516785
516775
516763.5
516777
516789
516779
516791
516803
516804.5
516806
516806.5
516808
516808.5
516810
516811
516812
516813
516814
516814.5
516816
516817
516818
516819
516820
516821
516822
516823
516824
516825
516826
516826.5
516827
516817
516807
516819
516809
516821
516833
516823
516835
516825
516815
516827
516817
516829
516819
516807.5
516796
516793.5
516798
516811.5
516800
516813.5
516827
516815.5
516804
516817.5
516831
516819.5
516808
516821.5
516810
516807.5
516805
516806
516807
516811.5
516809
516813.5
516811
516812
516813
516813
516815
516815
516815
516816
516817
516818
516819
516817
516815
516808
516817
516821
516819
516812
516805
516814
516823
516816
516809
516818
516827
516820
516829
516833
516831
516824
516817
516826
516819
516828
516837
516830
516839
516832
516841
516845
516843
516836
516845
516838
516831
516840
516849
516853
516851
516844
516837
516846
516855
516859
516863
516864
516865
516866
516867
516869
516871
516871
516873
516873
516873
516875
516875
516876
516877
516878
516879
516880
516881
516882
516883
516884
516885
516886
516887
516888
516889
516891
516891
516893
516893
516894
516895
516896
516897
516895
516899
516900
516901
516902
516903
516901
516899
516892
516885
516884.5
516884
516886.5
516886
516885
516884
516887
516886
516889
516888
516891
516894
516896.5
516899
516908
516917
516921
516925
516923
516927
516928
516929
516927
516931
516929
516927
516931
516935
516936
516937
516935
516933
516926
516919
516928
516921
516920.5
516920
516919
516918
516918
516918
516920
516920
516922
516924
516927
516926
516926
516928
516928
516928
516924
516930
516926
516932
516934
516936
516939
516942
516941
516944
516943
516946
516945
516948
516947
516950
516952.5
516955
516964
516973
516966
516959
516968
516961
516970
516979
516972
516965
516974
516983
516976
516969
516978
516987
516980
516989
516982
516975
516984
516977
516976.5
516976
516975
516978
516977
516980
516982.5
516982
516984.5
516987
516986.5
516989
516998
517007
517011
517015
517013
517017
517015
517019
517020
517021
517022
517023
517025
517027
517027
517027
517029
517031
517032
517033
517033
517035
517036
517037
517038
517039
517040
517041
517041
517041
517042
517043
517044
517045
517046
517047
517049
517051
517052
517053
517053
517055
517055
517055
517057
517057
517058
517059
517060
517061
517062
517063
517061
517059
517052
517045
517054
517063
517067
517065
517058
517067
517060
517053
517052.5
517055
517064
517073
517077
517081
517082
517083
517081
517085
517086
517087
517089
517091
517091
517093
517094
517095
517095
517095
517097
517097
517099
517101
517102
517103
517104
517105
517105
517105
517107
517109
517109
517111
517111
517113
517113
517113
517114
517115
517117
517119
517120
517121
517122
517123
517124
517125
517126
517127
517128
517129
517130
517131
517135.5
517133
517137.5
517135
517136
517137
517138
517139
517140
517141
517145.5
517150
517163.5
517152
517165.5
517179
517167.5
517181
517169.5
517158
517171.5
517160
517173.5
517162
517175.5
517164
517177.5
517166
517163.5
517168
517181.5
517170
517183.5
517172
517169.5
517174
517171.5
517169
517170
517171
517171
517173
517174
517175
517179.5
517177
517178
517179
517179
517181
517182
517183
517184
517185
517189.5
517194
517191.5
517196
517193.5
517191
517192
517193
517197.5
517202
517199.5
517204
517217.5
517206
517203.5
517208
517221.5
517235
517247
517259
517249
517239
517227.5
517216
517229.5
517218
517231.5
517245
517233.5
517222
517235.5
517224
517237.5
517251
517239.5
517253
517265
517277
517278.5
517279
517280.5
517281
517271
517283
517284.5
517285
517286.5
517287
517277
517267
517279
517291
517292.5
517294
517294.5
517295
517285
517297
517287
517277
517265.5
517254
517251.5
517249
517250
517251
517252
517253
517257.5
517262
517259.5
517264
517261.5
517259
517263.5
517268
517281.5
517270
517267.5
517265
517266
517267
517268
517269
517273.5
517278
517275.5
517280
517277.5
517282
517279.5
517277
517281.5
517286
517283.5
517288
517301.5
517315
517303.5
517292
517305.5
517294
517291.5
517296
517309.5
517323
517311.5
517300
517313.5
517302
517299.5
517297
517301.5
517299
517300
517301
517305.5
517310
517307.5
517305
517306
517307
517311.5
517316
517313.5
517311
517315.5
517313
517317.5
517322
517319.5
517324
517321.5
517326
517323.5
517328
517325.5
517330
517327.5
517325
517326
517327
517327
517327
517328
517329
517330
517331
517332
517333
517334
517335
517336
517337
517338
517339
517337
517335
517328
517337
517330
517323
517322.5
517325
517324.5
517327
517326.5
517326
517325
517328
517330.5
517333
517332.5
517332
517331
517330
517330
517330
517326
517322
517328
517324
517330
517326
517326.5
517328
517334
517330
517336
517342
517344
517346
517346
517346
517342
517338
517344
517340
517346
517352
517354
517354
517356
517358
517361
517364
517363
517366
517368.5
517368
517367
517370
517369
517368
517368
517370
517373
517376
517375
517374
517374
517374
517370
517376
517372
517368
517374
517380
517382
517382
517378
517384
517386
517386
517382
517378
517378.5
517380
517386
517392
517388
517384
517390
517396
517392
517388
517388.5
517390
517396
517392
517398
517394
517394.5
517396
517402
517408
517404
517400
517406
517412
517408
517404
517410
517416
517418
517418
517420
517422
517422
517424
517424
517424
517420
517426
517422
517418
517418.5
517420
517420.5
517421
517422.5
517423
517424
517425
517426.5
517427
517428.5
517429
517430
517431
517432.5
517433
517434
517435
517436
517437
517438
517439
517440.5
517442
517448
517444
517444.5
517445
517446
517447
517448
517449
517450
517451
517449
517453
517454
517455
517453
517451
517455
517459
517457
517461
517462
517463
517464
517465
517466
517467
517465
517463
517467
517471
517469
517473
517471
517475
517476
517477
517478
517479
517480.5
517482
517488
517484
517490
517496
517492
517488
517494
517490
517490.5
517491
517492.5
517494
517494.5
517496
517502
517498
517498.5
517500
517506
517512
517508
517504
517510
517516
517518
517520
517523
517522
517525
517528
517530.5
517530
517529
517528
517528
517528
517530
517532
517535
517534
517534
517534
517536
517536
517532
517538
517534
517540
517542
517542
517544
517546
517546
517548
517548
517548
517544
517550
517552
517552
517548
517544
517550
517556
517558
517558
517560
517560
517562
517562
517558
517564
517566
517568
517568
517570
517573
517572
517572
517572
517574
517574
517576
517576
517578
517580
517580
517582
517585
517584
517584
517584
517586
517586
517588
517590
517590
517592
517592
517594
517597
517596
517599
517602
517604.5
517604
517603
517606
517608.5
517611
517620
517613
517612.5
517612
517614.5
517617
517626
517619
517628
517637
517630
517623
517632
517641
517634
517627
517626.5
517629
517628.5
517631
517630.5
517633
517632.5
517635
517644
517637
517646
517639
517648
517657
517650
517643
517642.5
517642
517641
517644
517643
517642
517645
517648
517650.5
517653
517652.5
517652
517651
517650
517653
517656
517658.5
517661
517670
517679
517683
517687
517685
517689
517687
517685
517689
517687
517680
517673
517672.5
517672
517671
517674
517676.5
517679
517688
517681
517690
517683
517682.5
517685
517694
517687
517696
517689
517698
517691
517690.5
517690
517689
517692
517694.5
517694
517696.5
517699
517698.5
517698
517700.5
517700
517702.5
517702
517701
517700
517703
517706
517705
517704
517704
517706
517706
517706
517708
517710
517713
517716
517718.5
517718
517717
517720
517719
517718
517718
517718
517714
517720
517716
517722
517724
517724
517726
517728
517731
517730
517733
517736
517735
517734
517737
517740
517742.5
517745
517744.5
517744
517743
517742
517742
517742
517744
517744
517746
517746
517748
517750
517750
517752
517752
517752
517748
517754
517756
517756
517758
517758
517754
517760
517762
517762
517764
517764
517766
517766
517768
517768
517770
517772
517772
517772
517774
517774
517770
517776
517772
517768
517768.5
517770
517770.5
517772
517778
517774
517780
517776
517782
517778
517778.5
517780
517786
517792
517788
517784
517784.5
517786
517792
517788
517788.5
517789
517790.5
517792
517798
517794
517794.5
517795
517796.5
517798
517804
517810
517812
517812
517808
517814
517816
517818
517818
517820
517823
517822
517825
517824
517824
517824
517826
517826
517822
517828
517824
517820
517820.5
517822
517828
517824
517824.5
517825
517826.5
517828
517828.5
517830
517836
517832
517832.5
517833
517834.5
517835
517836.5
517837
517838.5
517839
517840.5
517842
517848
517854
517850
517846
517846.5
517847
517848
517849
517850.5
517852
517858
517854
517860
517866
517868
517868
517870
517870
517872
517872
517874
517874
517876
517878
517878
517878
517880
517882
517885
517888
517890.5
517893
517892.5
517895
517904
517913
517906
517899
517908
517917
517910
517919
517923
517921
517925
517929
517927
517931
517929
517927
517931
517935
517936
517937
517938
517939
517940
517941
517942
517943
517945
517947
517947
517949
517949
517949
517951
517951
517953
517953
517955
517955
517956
517957
517955
517959
517960
517961
517959
517957
517961
517959
517952
517945
517944.5
517944
517943
517946
517945
517948
517950.5
517953
517962
517971
517975
517979
517977
517975
517968
517961
517960.5
517963
517972
517981
517974
517967
517976
517969
517978
517987
517991
517989
517993
517991
517995
517999
517997
518001
517999
517997
517990
517999
517992
517985
517994
518003
518007
518011
518012
518013
518014
518015
518017
518017
518018
518019
518020
518021
518019
518017
518010
518019
518012
518005
518004.5
518007
518016
518009
518008.5
518011
518010.5
518010
518009
518012
518011
518014
518013
518016
518018.5
518018
518017
518016
518019
518022
518021
518020
518023
518022
518022
518024
518024
518024
518026
518028
518031
518034
518033
518032
518035
518038
518040.5
518040
518039
518038
518041
518044
518046.5
518049
518048.5
518048
518050.5
518053
518052.5
518052
518054.5
518054
518056.5
518056
518058.5
518061
518070
518079
518072
518081
518085
518083
518087
518091
518089
518087
518080
518073
518082
518091
518095
518099
518100
518101
518102
518103
518104
518105
518103
518101
518105
518103
518107
518111
518112
518113
518111
518115
518113
518117
518115
518119
518117
518115
518119
518117
518121
518119
518123
518127
518125
518123
518116
518109
518118
518127
518131
518135
518136
518137
518135
518139
518140
518141
518142
518143
518144
518145
518146
518147
518149
518151
518152
518153
518153
518153
518155
518155
518156
518157
518158
518159
518160
518161
518163
518163
518164
518165
518166
518167
518169
518171
518171
518171
518172
518173
518171
518175
518176
518177
518178
518179
518180
518181
518182
518183
518185
518187
518187
518187
518188
518189
518191
518191
518193
518193
518194
518195
518193
518197
518198
518199
518200
518201
518202
518203
518204
518205
518203
518207
518208
518209
518210
518211
518209
518207
518211
518215
518213
518211
518215
518219
518220
518221
518222
518223
518224
518225
518226
518227
518228
518229
518230
518231
518232
518233
518235
518235
518236
518237
518238
518239
518240
518241
518242
518243
518245
518247
518247
518249
518249
518251
518251
518251
518253
518253
518254
518255
518256
518257
518258
518259
518257
518255
518248
518257
518250
518259
518252
518261
518265
518263
518256
518265
518269
518273
518274
518275
518273
518277
518278
518279
518280
518281
518282
518283
518281
518279
518283
518287
518288
518289
518290
518291
518293
518293
518294
518295
518296
518297
518298
518299
518297
518301
518302
518303
518301
518305
518306
518307
518305
518309
518307
518305
518298
518291
518290.5
518290
518289
518288
518288
518288
518290
518290
518292
518294
518294
518294
518296
518298
518298
518298
518294
518290
518290.5
518291
518292
518293
518291
518295
518296
518297
518295
518299
518300
518301
518302
518303
518304.5
518306
518306.5
518308
518314
518310
518316
518312
518312.5
518314
518320
518316
518322
518318
518318.5
518319
518320
518321
518322
518323
518324
518325
518323
518321
518325
518323
518327
518325
518295
518265
518297
518329
518333
518331
518335
518333
518303
518273
518254
518275
518307
518277
518309
518341
518311
518343
518313
518283
518264
518285
518317
518349
518353
518357
518355
518359
518360
518361
518362
518363
518361
518359
518329
518299
518331
518301
518282
518263
518284
518265
518252
518239
518233
518227
518226
518225
518224
518223
518224
518225
518226
518227
518228
518229
518230
518231
518229
518233
518234
518235
518233
518237
518235
518239
518240
518241
518242
518243
518244
518245
518243
518241
518238
518243
518247
518245
518249
518253
518254
518255
518256
518257
518260
518259
518260
518261
518259
518257
518254
518259
518263
518267
518268
518269
518270
518271
518272
518273
518274
518275
518276
518277
518278
518279
518277
518281
518282
518283
518284
518285
518283
518281
518285
518283
518287
518291
518289
518293
518291
518289
518293
518291
518288
518293
518290
518287
518292
518289
518294
518291
518291
518291
518290.5
518293
518292.5
518295
518294.5
518294
518296.5
518296
518298.5
518298
518292.5
518287
518294.5
518289
518296.5
518291
518298.5
518293
518300.5
518295
518302.5
518297
518304.5
518312
518314.5
518317
518319
518319
518318.5
518321
518320.5
518320
518314.5
518322
518316.5
518324
518326.5
518329
518331
518331
518333
518335
518335
518337
518342
518339
518344
518341
518341
518343
518343
518343
518345
518347
518352
518349
518354
518351
518351
518351
518350.5
518350
518352.5
518355
518354.5
518354
518348.5
518356
518350.5
518358
518360.5
518363
518362.5
518362
518364.5
518364
518366.5
518369
518371
518371
518370.5
518373
518375
518377
518377
518379
518384
518389
518393
518397
518395
518399
518400
518401
518399
518403
518401
518405
518403
518401
518405
518409
518407
518411
518412
518413
518414
518415
518413
518411
518408
518413
518417
518421
518419
518423
518421
518419
518416
518421
518425
518423
518427
518431
518432
518433
518434
518435
518438
518437
518440
518439
518442
518441
518444
518447
518450
518453
518452
518455
518463
518457
518456
518455
518458
518457
518456
518455
518456
518457
518458
518459
518457
518461
518459
518463
518461
518465
518463
518461
518465
518463
518467
518471
518469
518467
518464
518461
518461
518461
518460.5
518463
518465
518465
518467
518467
518466.5
518466
518468.5
518468
518462.5
518457
518464.5
518472
518466.5
518474
518476.5
518476
518478.5
518478
518472.5
518467
518462.5
518469
518464.5
518460
518466.5
518473
518468.5
518475
518470.5
518466
518472.5
518468
518466.5
518465
518462
518459
518459.5
518461
518466
518471
518474.5
518478
518476.5
518475
518472
518477
518480.5
518479
518476
518473
518473.5
518474
518475.5
518477
518477.5
518479
518484
518489
518486
518483
518483.5
518485
518485.5
518486
518487.5
518488
518489.5
518490
518486
518482
518474.5
518484
518476.5
518486
518492
518498
518494
518490
518482.5
518492
518484.5
518477
518486.5
518496
518502
518508
518509.5
518511
518511.5
518512
518513.5
518515
518520
518525
518522
518527
518530.5
518529
518532.5
518536
518534.5
518538
518536.5
518540
518546.5
518553
518560.5
518555
518550.5
518557
518552.5
518548
518546.5
518550
518556.5
518552
518550.5
518554
518560.5
518556
518554.5
518558
518564.5
518560
518558.5
518562
518560.5
518559
518562.5
518566
518572.5
518568
518574.5
518581
518588.5
518583
518578.5
518574
518572.5
518576
518582.5
518578
518584.5
518591
518598.5
518606
518600.5
518595
518590.5
518597
518604.5
518599
518594.5
518601
518596.5
518592
518598.5
518594
518600.5
518607
518614.5
518609
518616.5
518624
518626.5
518626
518620.5
518628
518630.5
518633
518635
518637
518637
518639
518639
518641
518641
518643
518648
518653
518657
518655
518659
518663
518664
518665
518663
518667
518665
518663
518667
518665
518669
518673
518674
518675
518676
518677
518678
518679
518680
518681
518682
518683
518684
518685
518686
518687
518688
518689
518690
518691
518694
518693
518694
518695
518693
518697
518698
518699
518700
518701
518699
518697
518701
518699
518703
518707
518708
518709
518710
518711
518712
518713
518714
518715
518716
518717
518718
518719
518717
518715
518712
518709
518714
518719
518716
518713
518713
518715
518720
518717
518717
518717
518716.5
518719
518721
518721
518723
518725
518725
518725
518727
518727
518729
518731
518736
518741
518738
518735
518735
518735
518734.5
518734
518736.5
518739
518741
518741
518740.5
518743
518745
518745
518747
518747
518749
518751
518751
518753
518758
518755
518755
518755
518754.5
518757
518759
518761
518766
518771
518768
518773
518770
518767
518767
518767
518766.5
518769
518768.5
518771
518770.5
518770
518772.5
518772
518774.5
518777
518779
518779
518778.5
518778
518772.5
518767
518762.5
518769
518776.5
518784
518786.5
518789
518791
518793
518793
518793
518795
518797
518802
518807
518811
518809
518806
518803
518808
518813
518810
518807
518807
518809
518809
518809
518811
518813
518813
518815
518820
518817
518822
518827
518831
518835
518836
518837
518838
518839
518840
518841
518842
518843
518846
518845
518846
518847
518850
518849
518852
518851
518854
518857
518860
518859
518858
518857
518858
518859
518860
518861
518862
518863
518864
518865
518868
518871
518870
518873
518872
518871
518872
518873
518876
518875
518878
518877
518878
518879
518880
518881
518879
518883
518881
518879
518876
518873
518873
518873
518872.5
518872
518874.5
518874
518876.5
518876
518878.5
518878
518880.5
518883
518882.5
518885
518884.5
518884
518886.5
518886
518888.5
518888
518882.5
518877
518872.5
518879
518874.5
518881
518888.5
518883
518890.5
518898
518892.5
518900
518902.5
518902
518896.5
518904
518898.5
518906
518900.5
518908
518902.5
518897
518904.5
518912
518914.5
518917
518919
518919
518921
518923
518923
518923
518922.5
518922
518924.5
518927
518929
518931
518936
518933
518938
518943
518947
518945
518949
518953
518951
518955
518956
518957
518960
518963
518962
518965
518964
518967
518966
518965
518968
518967
518968
518969
518972
518975
518974
518973
518976
518979
518978
518977
518978
518979
518982
518981
518982
518983
518984
518985
518986
518987
518985
518989
518987
518991
518992
518993
518994
518995
518993
518991
518988
518993
518997
519001
519002
519003
519006
519009
519008
519007
519010
519009
519010
519011
519014
519013
519014
519015
519013
519011
519008
519013
519017
519015
519019
519017
519014
519019
519016
519013
519018
519015
519020
519025
519029
519033
519031
519029
519026
519023
519023
519023
519025
519025
519024.5
519024
519018.5
519026
519028.5
519031
519030.5
519030
519032.5
519032
519026.5
519021
519028.5
519036
519030.5
519038
519040.5
519040
519042.5
519042
519036.5
519031
519026.5
519033
519040.5
519035
519030.5
519037
519032.5
519039
519034.5
519030
519028.5
519027
519030.5
519034
519032.5
519031
519028
519025
519025.5
519027
519027.5
519028
519024
519020
519026
519032
519033.5
519034
519035.5
519036
519032
519038
519039.5
519041
519041.5
519043
519043.5
519044
519040
519046
519047.5
519048
519044
519040
519032.5
519042
519034.5
519027
519036.5
519029
519038.5
519048
519040.5
519033
519042.5
519052
519044.5
519054
519060
519056
519062
519068
519064
519060
519052.5
519045
519054.5
519047
519056.5
519049
519058.5
519051
519060.5
519053
519062.5
519055
519064.5
519057
519052
519059
519068.5
519078
519070.5
519063
519072.5
519082
519088
519084
519076.5
519086
519078.5
519088
519094
519100
519101.5
519102
519103.5
519104
519105.5
519106
519102
519108
519109.5
519111
519116
519121
519124.5
519128
519134.5
519130
519128.5
519127
519124
519121
519121.5
519123
519128
519125
519130
519127
519132
519137
519134
519131
519131.5
519132
519128
519134
519130
519126
519118.5
519111
519120.5
519130
519136
519132
519124.5
519134
519126.5
519136
519142
519138
519144
519140
519146
519152
519148
519144
519150
519156
519152
519158
519154
519150
519142.5
519152
519158
519154
519146.5
519139
519134
519129
519136
519143
519138
519145
519154.5
519164
519156.5
519149
519158.5
519168
519160.5
519170
519162.5
519155
519150
519157
519152
519159
519154
519161
519170.5
519180
519186
519192
519193.5
519194
519190
519186
519192
519188
519180.5
519173
519182.5
519175
519184.5
519194
519186.5
519179
519174
519169
519169
519171
519178
519185
519194.5
519204
519210
519216
519212
519218
519219.5
519221
519221.5
519223
519223.5
519225
519230
519235
519232
519237
519240.5
519244
519242.5
519241
519244.5
519243
519246.5
519250
519248.5
519247
519244
519241
519241.5
519243
519248
519253
519256.5
519260
519258.5
519257
519260.5
519264
519270.5
519266
519264.5
519263
519260
519265
519268.5
519272
519278.5
519274
519280.5
519276
519282.5
519278
519276.5
519280
519286.5
519282
519280.5
519279
519276
519273
519278
519275
519280
519285
519288.5
519292
519290.5
519294
519292.5
519291
519288
519293
519296.5
519300
519298.5
519302
519300.5
519304
519302.5
519306
519304.5
519303
519300
519305
519302
519307
519310.5
519309
519312.5
519316
519322.5
519329
519324.5
519320
519318.5
519322
519328.5
519335
519330.5
519337
519332.5
519339
519334.5
519330
519328.5
519332
519330.5
519329
519326
519323
519328
519325
519330
519327
519332
519329
519329.5
519330
519326
519322
519314.5
519307
519302
519309
519304
519311
519306
519301
519301
519301
519294.5
519288
519286
519284
519280
519286
519282
519278
519278
519278
519280
519282
519288
519294
519298
519302
519300
519304
519302
519306
519304
519302
519298
519294
519294
519294
519291
519296
519298
519298
519300
519302
519308
519304
519310
519306
519312
519308
519308
519308
519310
519310
519312
519314
519320
519316
519316
519318
519318
519318
519320
519320
519317
519322
519319
519324
519326
519328
519328
519328
519325
519322
519323
519324
519329
519334
519336
519338
519344
519340
519340
519340
519342
519342
519339
519336
519337
519338
519343
519340
519345
519342
519343
519344
519342.5
519341
519344.5
519348
519349
519350
519348.5
519352
519353
519354
519352.5
519351
519350.5
519350
519349.5
519349
519349
519349
519351
519351
519351.5
519353
519355
519357
519359.5
519359
519359
519361
519361
519361
519363
519363
519365
519365
519367
519369
519369
519369
519369.5
519371
519373
519373
519375
519375
519377
519377
519379
519381
519381
519381
519381.5
519383
519385
519387
519387
519389
519389
519391
519393.5
519396
519398.5
519398
519400.5
519403
519406.5
519405
519404.5
519404
519406.5
519406
519408.5
519408
519410.5
519410
519409.5
519412
519411.5
519414
519413.5
519413
519415.5
519418
519417.5
519417
519417
519419
519419
519421
519423.5
519426
519425.5
519425
519427.5
519427
519429.5
519432
519431.5
519434
519436.5
519439
519438.5
519441
519444.5
519448
519446.5
519450
519451
519452
519453
519454
519455
519456
519461
519466
519463
519460
519461
519462
519460.5
519464
519465
519466
519464.5
519468
519466.5
519465
519464.5
519467
519470.5
519474
519472.5
519476
519477
519478
519483
519480
519485
519490
519487
519492
519494
519496
519496
519498
519498
519500
519500
519500
519497
519494
519499
519496
519497
519498
519499
519500
519501
519502
519503
519504
519502.5
519506
519504.5
519503
519502.5
519502
519504.5
519504
519506.5
519506
519508.5
519508
519507.5
519510
519509.5
519512
519511.5
519514
519513.5
519516
519515.5
519518
519517.5
519517
519517
519519
519519
519521
519521
519521
519521.5
519523
519523.5
519524
519524
519526
519527.5
519528
519528
519530
519531.5
519533
519533.5
519535
519537
519537
519537.5
519539
519541
519541
519541.5
519543
519545
519545
519547
519549
519549
519551
519551
519551
519551.5
519552
519553.5
519555
519555.5
519556
519557.5
519559
519559.5
519561
519561.5
519562
519563.5
519565
519565.5
519566
519566
519566
519568
519568
519570
519570
519569
519572
519574
519574
519576
519578
519578
519580
519580
519582
519583.5
519585
519585.5
519586
519586
519588
519588
519590
519591.5
519592
519592
519592
519591
519594
519596
519596
519598
519598
519600
519600
519599
519602
519601
519604
519603
519606
519605
519604
519603.5
519603
519605.5
519608
519607.5
519607
519609.5
519609
519598.5
519588
519584.5
519590
519602.5
519615
519604.5
519594
519606.5
519596
519608.5
519598
519610.5
519600
519596.5
519602
519614.5
519604
519600.5
519606
519602.5
519608
519620.5
519633
519635.5
519638
519641
519644
519646
519648
519649.5
519650
519651.5
519653
519653.5
519655
519657
519659
519659
519661
519661
519663
519663
519663
519665
519667
519667
519669
519669
519669
519669.5
519670
519670
519670
519672
519674
519674
519676
519676
519678
519679.5
519681
519683
519683
519685
519685
519687
519689
519689
519689
519689.5
519691
519691.5
519693
519693.5
519695
519697
519699
519701.5
519704
519706.5
519706
519705.5
519705
519705
519705
519707
519709
519711.5
519711
519713.5
519713
519715.5
519718
519720.5
519723
519722.5
519725
519724.5
519724
519723.5
519723
519723
519725
519727.5
519727
519729.5
519732
519731.5
519734
519736.5
519736
519735.5
519735
519735
519735
519735.5
519737
519739
519739
519741
519741
519741.5
519743
519743.5
519745
519745.5
519746
519747.5
519749
519751
519753
519755.5
519755
519757.5
519760
519759.5
519759
519759
519759
519761
519761
519761.5
519762
519763.5
519765
519765.5
519766
519767.5
519768
519768
519770
519770
519772
519773.5
519774
519774
519776
519777.5
519778
519778
519780
519780
519782
519783.5
519784
519784
519786
519786
519788
519789.5
519790
519790
519790
519789
519792
519791
519790
519793
519792
519791.5
519791
519780.5
519793
519782.5
519772
519784.5
519797
519786.5
519776
519788.5
519801
519790.5
519803
519805.5
519808
519807.5
519810
519809.5
519809
519811.5
519814
519813.5
519816
519815.5
519815
519817.5
519817
519819.5
519819
519808.5
519798
519794.5
519800
519812.5
519802
519798.5
519804
519816.5
519806
519802.5
519808
519804.5
519810
519822.5
519812
519824.5
519814
519826.5
519816
519812.5
519809
519814.5
519820
519816.5
519822
519834.5
519824
519820.5
519817
519822.5
519828
519840.5
519830
519826.5
519832
519828.5
519834
519830.5
519827
519825
519829
519834.5
519840
519836.5
519842
519854.5
519867
519856.5
519869
519871.5
519874
519877
519880
519879
519878
519881
519884
519886
519888
519889.5
519891
519893
519893
519893.5
519895
519897
519897
519897.5
519898
519898
519898
519897
519900
519902
519902
519901
519900
519903
519902
519901.5
519901
519903.5
519906
519909
519908
519907.5
519910
519909.5
519909
519911.5
519911
519900.5
519890
519886.5
519892
519904.5
519917
519919.5
519919
519921.5
519921
519923.5
519926
519929
519932
519931
519934
519933
519932
519931.5
519931
519933.5
519936
519939
519942
519944
519946
519946
519948
519948
519950
519950
519950
519952
519952
519954
519954
519956
519956
519958
519958
519957
519956
519959
519962
519961
519960
519963
519966
519965
519968
519970
519972
519973.5
519974
519975.5
519977
519977.5
519979
519979.5
519980
519980
519982
519983.5
519984
519985.5
519986
519987.5
519988
519988
519990
519991.5
519992
519992
519994
519995.5
519997
519997.5
519999
520001
520001
520003
520003
520003.5
520005
520005.5
520007
520007.5
520009
520009.5
520010
520010
520010
520012
520014
520014
520014
520013
520012
520011.5
520011
520000.5
520013
520002.5
519992
520004.5
520017
520019.5
520022
520021.5
520021
520023.5
520023
520012.5
520002
519998.5
519995
520000.5
519997
520002.5
520008
520020.5
520033
520035.5
520038
520041
520040
520043
520046
520045
520044
520047
520050
520052
520052
520051
520054
520053
520056
520055
520054
520053.5
520053
520042.5
520055
520044.5
520057
520059.5
520059
520061.5
520061
520050.5
520063
520052.5
520065
520054.5
520044
520056.5
520069
520071.5
520074
520077
520076
520075.5
520075
520064.5
520054
520066.5
520056
520068.5
520081
520083.5
520083
520085.5
520088
520087.5
520090
520089.5
520089
520091.5
520094
520093.5
520093
520082.5
520072
520068.5
520074
520086.5
520099
520101.5
520101
520090.5
520080
520076.5
520082
520078.5
520084
520096.5
520086
520082.5
520088
520100.5
520113
520115.5
520118
520117.5
520120
520119.5
520122
520125
520124
520123.5
520123
520125.5
520128
520127.5
520130
520133
520132
520135
520134
520137
520136
520135.5
520135
520124.5
520137
520139.5
520142
520141.5
520141
520130.5
520143
520132.5
520145
520147.5
520147
520136.5
520126
520138.5
520151
520153.5
520153
520142.5
520155
520157.5
520160
520159.5
520159
520148.5
520161
520150.5
520140
520152.5
520165
520154.5
520167
520169.5
520172
520175
520178
520180
520180
520179
520182
520181
520180
520179.5
520182
520181.5
520181
520183.5
520186
520185.5
520188
520191
520190
520189.5
520189
520191.5
520191
520180.5
520193
520182.5
520195
520184.5
520197
520186.5
520199
520201.5
520201
520203.5
520206
520205.5
520208
520207.5
520207
520196.5
520209
520198.5
520211
520200.5
520190
520202.5
520215
520217.5
520217
520206.5
520219
520221.5
520224
520223.5
520226
520225.5
520225
520227.5
520230
520233
520236
520238
520238
520237
520240
520242
520244
520244
520246
520246
520248
520248
520250
520250
520252
520253.5
520254
520254
520256
520256
520258
520258
520258
520257
520256
520255.5
520255
520257.5
520257
520259.5
520259
520248.5
520261
520250.5
520240
520252.5
520242
520254.5
520267
520269.5
520269
520271.5
520274
520273.5
520273
520275.5
520278
520277.5
520277
520266.5
520256
520268.5
520258
520270.5
520283
520285.5
520288
520287.5
520290
520293
520292
520295
520294
520293.5
520293
520295.5
520298
520301
520304
520303
520302
520305
520308
520307
520306
520309
520308
520311
520310
520313
520312
520311.5
520311
520300.5
520313
520302.5
520292
520288.5
520285
520290.5
520287
520292.5
520298
520294.5
520291
520289
520287
520291
520289
520293
520297
520295
520299
520304.5
520310
520306.5
520303
520308.5
520314
520310.5
520316
520312.5
520318
520314.5
520320
520332.5
520322
520334.5
520324
520336.5
520326
520322.5
520328
520324.5
520330
520326.5
520332
520328.5
520334
520346.5
520336
520348.5
520361
520363.5
520366
520369
520372
520374
520374
520373
520372
520371.5
520371
520373.5
520376
520375.5
520378
520381
520384
520383
520386
520388
520390
520390
520392
520393.5
520394
520395.5
520396
520397.5
520399
520401
520401
520401.5
520402
520403.5
520405
520405.5
520407
520409
520409
520411
520413
520413
520413
520415
520417
520417
520419
520421.5
520421
520421
520421
520423
520425
520427.5
520430
520429.5
520432
520434.5
520434
520436.5
520439
520442.5
520441
520440.5
520440
520439.5
520442
520441.5
520444
520443.5
520443
520443
520443
520443.5
520444
520445.5
520447
520447.5
520449
520449.5
520450
520450
520450
520452
520452
520451
520454
520453
520452
520455
520458
520457
520460
520462
520464
520465.5
520467
520469
520469
520471
520473
520473
520475
520475
520475
520475.5
520477
520479
520481
520483.5
520483
520483
520485
520487.5
520490
520492.5
520492
520491.5
520491
520493.5
520496
520495.5
520498
520500.5
520500
520499.5
520502
520504.5
520504
520503.5
520503
520503
520505
520507.5
520507
520507
520507
520507.5
520508
520509.5
520510
520510
520510
520509
520508
520511
520510
520509.5
520512
520511.5
520511
520513.5
520513
520502.5
520515
520504.5
520494
520490.5
520496
520508.5
520521
520510.5
520523
520525.5
520528
520531
520534
520533
520532
520531.5
520531
520520.5
520510
520522.5
520535
520537.5
520537
520539.5
520542
520545
520544
520547
520546
520545.5
520545
520547.5
520547
520549.5
520552
520551.5
520551
520540.5
520530
520526.5
520523
520528.5
520534
520546.5
520536
520548.5
520561
520550.5
520563
520552.5
520542
520554.5
520544
520556.5
520546
520558.5
520571
520560.5
520573
520575.5
520578
520577.5
520577
520566.5
520556
520568.5
520558
520570.5
520583
520572.5
520585
520574.5
520564
520560.5
520566
520562.5
520568
520580.5
520593
520582.5
520572
520568.5
520565
520563
520561
520558.5
520563
520560.5
520565
520562.5
520560
520564.5
520569
520566.5
520571
520568.5
520566
520565
520568
520567
520570
520569
520572
520571
520570
520573
520572
520575
520574
520572
520570
520574
520572
520576
520574
520574
520576
520580
520578
520578
520578
520580
520582
520582
520584
520588
520592
520590
520594
520592
520596
520594
520592
520596
520594
520594
520596
520596
520598
520602
520606
520609
520612
520611
520614
520618.5
520616
520620.5
520625
520622.5
520620
520624.5
520629
520633
520631
520628.5
520633
520637
520641
520646.5
520652
520664.5
520654
520650.5
520647
520652.5
520658
520654.5
520651
520656.5
520662
520658.5
520664
520660.5
520666
520678.5
520668
520664.5
520670
520682.5
520695
520684.5
520674
520670.5
520667
520672.5
520678
520690.5
520703
520705.5
520705
520707.5
520707
520696.5
520709
520698.5
520711
520700.5
520713
520702.5
520692
520688.5
520685
520683
520681
520685
520689
520694.5
520691
520689
520693
520691
520695
520700.5
520706
520702.5
520708
520720.5
520710
520706.5
520712
520708.5
520705
520703
520701
520705
520703
520700.5
520705
520702.5
520700
520699
520702
520706.5
520704
520708.5
520706
520705
520704
520707
520710
520714.5
520719
520716.5
520714
520718.5
520723
520727
520725
520729
520727
520731
520729
520726.5
520724
520728.5
520726
520725
520724
520722
520726
520724
520722
520722
520722
520724
520724
520722.5
520726
520724.5
520723
520726.5
520730
520728.5
520727
520730.5
520729
520732.5
520736
520734.5
520733
520730
520727
520724
520721
520721.5
520722
520721.5
520721
520723.5
520726
520727.5
520728
520727.5
520727
520729.5
520729
520731.5
520734
520735.5
520737
520737.5
520739
520744
520749
520746
520743
520743.5
520745
520750
520755
520760
520757
520754
520751
520756
520753
520758
520763
520768
520773
520776.5
520775
520772
520769
520774
520779
520776
520773
520770
520767
520767.5
520768
520767.5
520767
520766.5
520766
520761.5
520757
520757
520759
520765.5
520772
520774.5
520777
520776.5
520776
520771.5
520778
520780.5
520783
520782.5
520785
520784.5
520784
520786.5
520789
520791.5
520791
520793.5
520796
520795.5
520798
520799.5
520801
520806
520803
520803.5
520804
520805.5
520807
520812
520817
520822
520827
520830.5
520829
520826
520823
520828
520833
520836.5
520840
520842
520844
520844
520844
520846
520846
520844.5
520843
520846.5
520850
520848.5
520852
520850.5
520854
520852.5
520856
520858
520858
520860
520862
520862
520862
520860.5
520864
520866
520868
520868
520868
520866.5
520865
520868.5
520867
520870.5
520874
520872.5
520871
520874.5
520873
520876.5
520880
520882
520884
520884
520884
520882.5
520881
520884.5
520888
520886.5
520885
520882
520887
520884
520881
520878
520875
520875.5
520876
520875.5
520875
520874.5
520874
520869.5
520876
520878.5
520881
520883.5
520886
520887.5
520889
520889.5
520890
520891.5
520893
520893.5
520895
520895.5
520897
520902
520907
520904
520909
520906
520911
520908
520905
520905.5
520907
520912
520909
520914
520911
520911.5
520913
520918
520923
520920
520925
520930
520927
520932
520929
520926
520923
520928
520925
520930
520935
520932
520929
520929.5
520931
520931.5
520932
520931.5
520934
520935.5
520937
520937.5
520939
520944
520941
520941.5
520943
520943.5
520944
520945.5
520947
520952
520949
520949.5
520950
520951.5
520952
520953.5
520955
520955.5
520957
520962
520967
520972
520969
520974
520971
520968
520973
520978
520983
520980
520985
520988.5
520992
520994
520994
520992.5
520991
520988
520993
520996.5
520995
520992
520989
520994
520991
520988
520993
520990
520995
520992
520997
521002
521007
521004
521001
520998
521003
521008
521013
521010
521015
521012
521017
521020.5
521019
521016
521021
521018
521015
521020
521017
521022
521019
521016
521013
521018
521015
521015.5
521016
521015.5
521018
521019.5
521020
521019.5
521022
521023.5
521025
521030
521027
521027.5
521028
521027.5
521030
521029.5
521029
521031.5
521034
521035.5
521037
521042
521039
521044
521041
521041.5
521042
521041.5
521041
521043.5
521043
521045.5
521045
521044.5
521047
521049.5
521049
521048.5
521051
521053.5
521053
521055.5
521055
521054.5
521057
521056.5
521059
521058.5
521061
521063.5
521063
521065.5
521065
521064.5
521064
521059.5
521066
521061.5
521057
521063.5
521070
521072.5
521075
521077.5
521080
521079.5
521079
521081.5
521084
521083.5
521083
521085.5
521085
521087.5
521087
521086.5
521086
521081.5
521077
521083.5
521090
521092.5
521095
521094.5
521097
521099.5
521099
521098.5
521098
521093.5
521089
521095.5
521091
521097.5
521093
521099.5
521106
521101.5
521108
521110.5
521110
521112.5
521112
521114.5
521114
521116.5
521116
521111.5
521107
521113.5
521109
521109
521109
521111
521113
521113
521115
521121.5
521117
521123.5
521119
521119
521119
521121
521121
521118
521115
521112.5
521117
521122
521127
521129
521129
521131
521131
521133
521135
521135
521137
521143.5
521150
521152.5
521152
521154.5
521157
521156.5
521159
521161.5
521161
521163.5
521163
521165.5
521165
521167.5
521167
521166.5
521166
521168.5
521171
521173.5
521176
521175.5
521178
521177.5
521180
521179.5
521179
521178.5
521181
521180.5
521183
521185.5
521188
521187.5
521187
521186.5
521186
521181.5
521188
521190.5
521190
521192.5
521195
521197.5
521197
521196.5
521196
521198.5
521198
521200.5
521203
521205.5
521205
521207.5
521210
521211
521212
521213.5
521214
521215
521216
521217.5
521218
521219.5
521221
521221.5
521222
521223
521224
521225
521226
521227.5
521228
521229
521230
521231.5
521233
521238
521235
521235.5
521236
521237
521238
521237.5
521237
521239.5
521239
521238.5
521238
521233.5
521240
521235.5
521231
521231
521231
521228
521225
521230
521227
521232
521229
521226.5
521231
521236
521233
521238
521235
521240
521245
521242
521247
521244
521249
521246
521243
521248
521245
521242.5
521240
521244.5
521249
521254
521259
521261
521263
521269.5
521265
521265
521267
521273.5
521280
521282.5
521282
521284.5
521284
521286.5
521289
521288.5
521291
521290.5
521290
521285.5
521281
521287.5
521294
521289.5
521285
521291.5
521298
521293.5
521289
521295.5
521291
521297.5
521304
521299.5
521295
521301.5
521308
521303.5
521299
521305.5
521312
521314.5
521314
521309.5
521305
521311.5
521307
521313.5
521309
521309
521311
521317.5
521324
521319.5
521315
521315
521317
521323.5
521319
521319
521321
521321
521323
521329.5
521336
521338.5
521338
521340.5
521340
521342.5
521345
521347.5
521347
521346.5
521349
521351.5
521354
521355
521356
521357
521358
521359
521360
521359.5
521362
521361.5
521364
521363.5
521363
521365.5
521368
521367.5
521367
521366.5
521366
521368.5
521368
521363.5
521370
521372.5
521375
521374.5
521374
521376.5
521379
521378.5
521378
521380.5
521380
521375.5
521382
521377.5
521373
521379.5
521386
521388.5
521391
521393.5
521396
521395.5
521395
521397.5
521400
521401
521402
521403
521404
521405.5
521406
521407
521408
521409
521410
521411.5
521413
521418
521415
521415.5
521416
521417
521418
521419
521420
521421.5
521423
521423.5
521424
521425
521426
521427.5
521429
521429.5
521430
521431
521432
521433
521434
521435
521436
521435.5
521438
521437.5
521440
521441
521442
521441.5
521444
521443.5
521446
521447
521448
521449
521450
521451
521452
521453
521454
521455
521456
521457.5
521459
521459.5
521460
521461
521462
521463
521464
521465
521466
521465.5
521468
521469
521470
521471.5
521473
521478
521483
521488
521485
521490
521487
521484
521481
521481.5
521482
521483
521484
521485.5
521486
521487.5
521489
521494
521491
521496
521501
521498
521495
521500
521497
521497.5
521499
521504
521501
521506
521511
521516
521521
521518
521515
521520
521517
521522
521527
521524
521529
521526
521531
521528
521533
521536.5
521535
521532
521529
521534
521531
521536
521541
521538
521535
521540
521537
521534
521531
521531.5
521532
521533
521534
521535
521536
521537.5
521538
521539.5
521541
521546
521551
521556
521553
521550
521555
521560
521557
521554
521551
521556
521561
521558
521555
521560
521565
521570
521575
521578.5
521577
521580.5
521579
521576
521573
521578
521583
521580
521577
521574
521579
521584
521589
521592.5
521596
521598
521598
521600
521602
521602
521602
521604
521606
521610
521614
521612
521610
521610
521610
521608.5
521612
521610.5
521609
521606
521603
521600
521597
521602
521607
521612
521617
521620.5
521624
521622.5
521626
521624.5
521623
521620
521617
521614
521611
521611.5
521612
521613.5
521614
521615
521616
521617
521618
521619
521620
521621
521622
521623
521624
521623.5
521623
521622.5
521625
521627.5
521627
521626.5
521629
521628.5
521628
521630.5
521630
521632.5
521635
521637.5
521640
521639.5
521639
521641.5
521641
521640.5
521640
521642.5
521645
521644.5
521644
521646.5
521649
521648.5
521648
521643.5
521650
521645.5
521652
521647.5
521654
521649.5
521645
521645
521645
521642
521647
521649
521651
521657.5
521653
521653
521653
521650
521647
521652
521657
521654
521651
521656
521653
521658
521655
521660
521665
521667
521667
521669
521669
521671
521673
521673
521675
521681.5
521677
521683.5
521690
521692.5
521695
521697.5
521700
521701
521702
521701.5
521701
521700.5
521700
521695.5
521691
521691
521691
521688
521693
521690
521695
521697
521697
521699
521701
521707.5
521714
521709.5
521716
521711.5
521718
521713.5
521720
521715.5
521711
521717.5
521713
521713
521713
521710
521715
521717
521719
521725.5
521721
521727.5
521723
521729.5
521725
521731.5
521727
521727
521729
521735.5
521742
521737.5
521733
521733
521733
521730
521727
521732
521737
521734
521731
521736
521741
521738
521735
521740
521737
521734.5
521732
521731
521734
521738.5
521743
521748
521753
521750
521747
521744.5
521742
521741
521740
521743
521746
521750.5
521748
521752.5
521757
521754.5
521759
521764
521761
521766
521771
521773
521773
521775
521775
521772
521777
521774
521771
521768.5
521773
521778
521775
521772.5
521770
521774.5
521779
521776.5
521781
521778.5
521783
521788
521785
521790
521787
521792
521789
521794
521799
521801
521803
521803
521803
521800
521805
521807
521809
521815.5
521811
521811
521813
521813
521815
521815
521815
521812
521809
521814
521819
521816
521813
521810.5
521808
521807
521810
521809
521808
521802
521796
521793.5
521791
521795.5
521800
521808
521816
521819
521818
521812
521820
521823
521826
521830.5
521835
521832.5
521837
521842
521839
521836.5
521834
521838.5
521843
521840.5
521845
521850
521847
521844.5
521842
521846.5
521851
521856
521853
521850.5
521855
521860
521857
521854.5
521852
521856.5
521854
521853
521852
521846
521854
521848
521842
521839.5
521837
521841.5
521839
521843.5
521848
521845.5
521843
521847.5
521845
521842.5
521840
521840.5
521841
521842.5
521844
521844.5
521846
521846.5
521847
521842.5
521838
521837
521840
521846.5
521842
521841
521844
521843
521842
521840
521844
521847
521850
521856.5
521863
521858.5
521865
521860.5
521856
521855
521858
521857
521856
521854
521858
521861
521864
521863
521866
521872.5
521868
521874.5
521870
521876.5
521883
521884.5
521885
521886.5
521888
521888.5
521890
521894.5
521892
521896.5
521901
521905.5
521903
521900.5
521898
521902.5
521907
521911.5
521916
521913.5
521911
521915.5
521920
521917.5
521915
521912.5
521910
521910.5
521912
521912.5
521914
521914.5
521916
521920.5
521925
521929.5
521934
521942
521936
521933.5
521938
521935.5
521933
521930.5
521935
521932.5
521930
521930.5
521932
521936.5
521941
521938.5
521936
521940.5
521945
521949.5
521947
521951.5
521949
521946.5
521951
521955.5
521953
521950.5
521948
521948.5
521950
521954.5
521952
521956.5
521961
521965.5
521963
521967.5
521965
521962.5
521967
521971.5
521976
521984
521978
521986
521980
521977.5
521982
521990
521998
521992
521986
521994
521988
521996
522004
522007
522010
522014.5
522012
522016.5
522021
522018.5
522016
522015
522014
522008
522002
522010
522004
522001.5
522006
522014
522022
522025
522028
522032.5
522037
522034.5
522032
522031
522030
522024
522032
522026
522020
522017.5
522015
522019.5
522024
522021.5
522019
522016.5
522014
522018.5
522016
522016.5
522018
522022.5
522027
522031.5
522029
522026.5
522024
522024.5
522026
522026.5
522028
522028.5
522030
522030.5
522031
522026.5
522022
522028.5
522035
522030.5
522026
522025
522028
522027
522026
522029
522032
522031
522034
522033
522032
522035
522034
522032
522036
522034
522038
522041
522040
522038
522042
522045
522044
522042
522040
522037.5
522035
522039.5
522037
522029
522039
522043.5
522048
522045.5
522050
522054
522058
522061
522060
522063
522062
522065
522064
522062
522060
522057.5
522055
522047
522057
522049
522041
522039.5
522043
522041.5
522045
522055
522047
522045.5
522049
522047.5
522046
522049.5
522053
522063
522073
522077.5
522082
522086
522090
522093
522092
522090
522094
522092
522096
522094
522092
522096
522094
522098
522096
522093.5
522098
522095.5
522093
522085
522077
522075.5
522074
522062.5
522076
522064.5
522078
522066.5
522055
522055.5
522057
522057.5
522058
522058
522060
522060
522062
522062
522062
522063
522064
522065
522066
522068
522070
522071.5
522073
522086.5
522100
522103.5
522102
522090.5
522079
522092.5
522106
522094.5
522108
522111.5
522110
522113.5
522112
522100.5
522114
522117.5
522121
522119.5
522123
522121.5
522125
522135
522127
522137
522147
522151.5
522149
522153.5
522158
522155.5
522160
522164
522162
522159.5
522164
522168
522166
522163.5
522161
522153
522145
522143.5
522142
522145.5
522149
522159
522151
522161
522171
522163
522155
522153.5
522157
522155.5
522159
522169
522161
522171
522163
522173
522165
522175
522167
522177
522169
522179
522189
522181
522191
522183
522193
522197.5
522202
522206
522210
522208
522212
522210
522214
522217
522220
522219
522218
522216
522214
522211.5
522216
522220
522224
522222
522226
522229
522232
522231
522230
522233
522236
522235
522234
522232
522236
522239
522238
522236
522240
522238
522242
522240
522238
522235.5
522233
522225
522217
522215.5
522219
522217.5
522221
522231
522241
522233
522243
522235
522245
522249.5
522254
522258
522256
522253.5
522258
522255.5
522253
522245
522237
522235.5
522239
522249
522259
522251
522243
522253
522245
522255
522265
522257
522249
522247.5
522251
522249.5
522248
522251.5
522255
522265
522275
522267
522259
522257.5
522261
522259.5
522263
522273
522283
522287.5
522285
522289.5
522294
522298
522296
522300
522298
522302
522300
522304
522302
522306
522310
522308
522306
522310
522314
522317
522320
522326.5
522322
522321
522320
522323
522326
522332.5
522339
522340.5
522342
522346.5
522344
522344.5
522346
522350.5
522348
522348.5
522350
522350.5
522352
522352.5
522354
522358.5
522363
522360.5
522358
522358.5
522360
522364.5
522362
522366.5
522371
522368.5
522373
522370.5
522368
522368.5
522370
522374.5
522379
522383.5
522381
522378.5
522383
522380.5
522378
522378.5
522379
522380.5
522382
522382.5
522384
522384.5
522386
522386.5
522388
522392.5
522390
522390.5
522391
522392.5
522394
522398.5
522396
522396.5
522398
522402.5
522407
522404.5
522402
522402.5
522403
522398.5
522394
522393
522396
522395
522398
522397
522400
522406.5
522413
522408.5
522404
522410.5
522417
522412.5
522419
522414.5
522421
522416.5
522423
522418.5
522414
522420.5
522416
522422.5
522429
522430.5
522431
522426.5
522422
522428.5
522435
522430.5
522437
522438.5
522440
522440.5
522442
522446.5
522444
522444.5
522446
522450.5
522448
522448.5
522450
522450.5
522451
522446.5
522442
522441
522444
522443
522446
522445
522448
522454.5
522461
522456.5
522452
522451
522450
522448
522452
522455
522454
522457
522460
522459
522458
522456
522454
522458
522462
522465
522464
522467
522466
522469
522472
522471
522470
522468
522466
522463.5
522468
522465.5
522470
522467.5
522465
522469.5
522474
522478
522482
522485
522488
522494.5
522490
522489
522488
522486
522484
522481.5
522479
522483.5
522488
522492
522490
522487.5
522492
522489.5
522487
522491.5
522496
522493.5
522491
522483
522475
522485
522477
522487
522479
522489
522499
522503.5
522501
522493
522503
522495
522487
522485.5
522489
522487.5
522486
522474.5
522488
522476.5
522490
522478.5
522492
522495.5
522494
522482.5
522471
522471.5
522473
522473.5
522475
522475.5
522477
522490.5
522479
522479.5
522481
522481.5
522483
522496.5
522485
522485.5
522487
522500.5
522514
522517.5
522516
522519.5
522523
522533
522543
522547.5
522545
522549.5
522554
522551.5
522549
522553.5
522551
522543
522553
522557.5
522555
522559.5
522564
522561.5
522559
522551
522543
522541.5
522540
522528.5
522542
522530.5
522544
522532.5
522546
522549.5
522553
522563
522573
522577.5
522575
522579.5
522577
522569
522561
522571
522563
522561.5
522560
522548.5
522562
522550.5
522564
522567.5
522566
522569.5
522568
522571.5
522575
522573.5
522577
522587
522597
522601.5
522599
522603.5
522608
522605.5
522610
522614
522612
522616
522620
522618
522616
522613.5
522618
522622
522626
522629
522628
522626
522624
522628
522626
522630
522634
522632
522630
522634
522638
522641
522640
522638
522636
522633.5
522638
522642
522640
522644
522648
522651
522654
522660.5
522656
522655
522658
522657
522656
522659
522658
522656
522654
522658
522656
522653.5
522651
522655.5
522660
522664
522662
522666
522664
522668
522666
522663.5
522661
522653
522645
522643.5
522647
522645.5
522649
522659
522651
522661
522653
522663
522655
522653.5
522652
522640.5
522629
522642.5
522631
522631.5
522633
522646.5
522635
522648.5
522662
522665.5
522664
522652.5
522641
522641.5
522642
522642
522644
522644
522644
522645
522646
522647
522648
522650
522650
522652
522652
522653
522654
522655
522656
522653
522650
522655
522660
522657
522654
522647.5
522641
522640.5
522643
522651.5
522660
522665
522670
522671
522672
522669
522674
522675
522676
522677
522678
522675
522680
522677
522674
522679
522676
522669.5
522663
522662.5
522665
522664.5
522667
522675.5
522684
522689
522686
522679.5
522688
522681.5
522690
522683.5
522692
522685.5
522694
522687.5
522681
522680.5
522683
522682.5
522685
522684.5
522684
522686.5
522689
522697.5
522691
522699.5
522693
522701.5
522710
522715
522720
522717
522722
522723
522724
522726
522728
522729.5
522731
522744.5
522733
522746.5
522760
522763.5
522762
522765.5
522764
522752.5
522766
522754.5
522743
522756.5
522745
522758.5
522747
522760.5
522749
522749.5
522751
522764.5
522778
522781.5
522785
522783.5
522787
522785.5
522784
522772.5
522761
522774.5
522788
522776.5
522765
522778.5
522792
522795.5
522799
522809
522819
522811
522803
522801.5
522805
522815
522825
522829.5
522834
522838
522842
522845
522844
522842
522846
522844
522848
522846
522850
522853
522852
522855
522854
522852
522850
522854
522852
522849.5
522847
522851.5
522856
522853.5
522851
522855.5
522853
522857.5
522855
522859.5
522864
522868
522872
522870
522874
522872
522870
522867.5
522872
522876
522880
522878
522882
522885
522884
522887
522886
522889
522888
522891
522894
522900.5
522896
522902.5
522898
522897
522896
522899
522898
522896
522900
522903
522906
522905
522908
522914.5
522910
522916.5
522923
522924.5
522926
522930.5
522935
522932.5
522937
522934.5
522932
522932.5
522933
522934.5
522935
522930.5
522926
522925
522928
522934.5
522941
522936.5
522943
522938.5
522934
522940.5
522947
522942.5
522949
522950.5
522952
522956.5
522954
522958.5
522956
522956.5
522958
522958.5
522959
522954.5
522950
522956.5
522952
522951
522950
522953
522952
522955
522954
522952
522950
522947.5
522945
522949.5
522954
522951.5
522949
522941
522951
522955.5
522960
522964
522962
522959.5
522964
522968
522966
522963.5
522968
522965.5
522963
522955
522947
522945.5
522944
522947.5
522951
522949.5
522953
522951.5
522955
522953.5
522957
522967
522977
522981.5
522979
522971
522981
522985.5
522983
522987.5
522985
522977
522987
522991.5
522989
522993.5
522998
523002
523006
523004
523008
523006
523004
523008
523006
523010
523008
523005.5
523010
523007.5
523005
522997
523007
523011.5
523009
523001
522993
522991.5
522990
522993.5
522997
522995.5
522999
522997.5
523001
522999.5
522998
522986.5
523000
522988.5
523002
523005.5
523009
523019
523029
523033.5
523038
523042
523040
523037.5
523035
523039.5
523037
523029
523039
523043.5
523048
523045.5
523050
523047.5
523052
523056
523060
523063
523066
523072.5
523068
523067
523066
523069
523068
523066
523070
523073
523076
523082.5
523089
523090.5
523092
523092.5
523093
523088.5
523084
523083
523082
523085
523088
523087
523086
523084
523082
523086
523090
523088
523092
523090
523094
523097
523100
523106.5
523113
523114.5
523116
523116.5
523118
523122.5
523127
523124.5
523122
523126.5
523131
523128.5
523133
523130.5
523135
523139.5
523137
523134.5
523139
523143.5
523148
523156
523150
523158
523152
523160
523168
523162
523170
523164
523172
523175
523174
523177
523176
523170
523164
523172
523180
523183
523186
523185
523184
523178
523172
523169.5
523174
523182
523190
523193
523192
523186
523194
523188
523182
523179.5
523177
523181.5
523179
523176.5
523174
523178.5
523176
523176.5
523178
523182.5
523180
523184.5
523182
523186.5
523184
523184.5
523185
523186.5
523188
523192.5
523197
523194.5
523192
523196.5
523194
523198.5
523203
523200.5
523198
523202.5
523207
523204.5
523202
523206.5
523211
523215.5
523220
523217.5
523215
523219.5
523217
523221.5
523219
523216.5
523214
523218.5
523223
523227.5
523225
523229.5
523227
523231.5
523236
523233.5
523231
523228.5
523226
523226.5
523228
523228.5
523229
523224.5
523231
523232.5
523234
523238.5
523236
523240.5
523245
523242.5
523247
523244.5
523249
523246.5
523244
523244.5
523245
523246.5
523248
523248.5
523250
523254.5
523259
523256.5
523261
523258.5
523263
523260.5
523258
523262.5
523267
523271.5
523269
523266.5
523271
523275.5
523280
523277.5
523275
523279.5
523277
523274.5
523272
523276.5
523281
523285.5
523283
523287.5
523285
523282.5
523280
523284.5
523289
523293.5
523298
523306
523314
523317
523316
523319
523322
523321
523324
523328.5
523326
523325
523328
523327
523330
523334.5
523332
523336.5
523334
523333
523336
523335
523338
523342.5
523340
523339
523342
523341
523344
523343
523342
523336
523344
523347
523350
523354.5
523359
523356.5
523361
523358.5
523356
523360.5
523365
523362.5
523367
523372
523377
523374
523371
523376
523381
523378
523375
523380
523377
523374.5
523379
523376.5
523374
523373
523376
523375
523378
523377
523380
523384.5
523389
523386.5
523384
523383
523382
523376
523370
523378
523372
523380
523374
523382
523376
523384
523392
523395
523398
523402.5
523400
523399
523398
523392
523400
523403
523406
523405
523404
523407
523406
523400
523394
523391.5
523389
523386.5
523391
523388.5
523393
523390.5
523388
523392.5
523397
523401.5
523406
523403.5
523408
523416
523424
523418
523412
523420
523414
523411.5
523409
523413.5
523418
523415.5
523413
523417.5
523422
523430
523438
523432
523440
523443
523442
523445
523448
523452.5
523457
523462
523459
523464
523469
523466
523463
523460.5
523458
523462.5
523467
523472
523469
523474
523479
523476
523473
523478
523483
523485
523487
523493.5
523489
523489
523489
523491
523493
523499.5
523495
523501.5
523508
523510.5
523513
523512.5
523515
523517.5
523520
523519.5
523519
523521.5
523521
523520.5
523520
523522.5
523522
523517.5
523513
523513
523515
523515
523517
523517
523519
523525.5
523521
523527.5
523523
523529.5
523536
523531.5
523527
523533.5
523540
523542.5
523545
523547.5
523550
523551
523552
523553
523554
523555
523556
523555.5
523558
523557.5
523560
523559.5
523562
523563
523564
523563.5
523563
523565.5
523568
523569
523570
523571.5
523572
523573
523574
523575
523576
523577
523578
523579
523580
523581
523582
523583
523584
523585
523586
523587.5
523589
523589.5
523590
523591
523592
523593.5
523595
523595.5
523596
523597
523598
523597.5
523597
523596.5
523596
523591.5
523598
523593.5
523600
523595.5
523591
523591
523591
523588
523585
523590
523587
523592
523597
523594
523599
523596
523593
523598
523603
523600
523605
523607
523607
523604
523609
523606
523603
523608
523613
523615
523617
523623.5
523619
523619
523619
523621
523623
523629.5
523625
523631.5
523627
523633.5
523640
523642.5
523642
523637.5
523633
523639.5
523635
523641.5
523637
523643.5
523639
523639
523639
523641
523643
523649.5
523656
523658.5
523661
523660.5
523660
523662.5
523662
523664.5
523667
523669.5
523669
523671.5
523674
523673.5
523673
523672.5
523672
523667.5
523674
523676.5
523679
523681.5
523684
523683.5
523683
523682.5
523685
523687.5
523687
523689.5
523692
523693
523694
523695.5
523696
523697.5
523699
523699.5
523701
523701.5
523703
523703.5
523704
523705.5
523707
523712
523709
523714
523711
523711.5
523712
523713.5
523715
523715.5
523716
523717
523718
523719
523720
523721.5
523723
523723.5
523725
523730
523735
523740
523737
523742
523747
523750.5
523754
523752.5
523756
523758
523760
523764
523762
523762
523764
523764
523764
523762.5
523766
523768
523768
523770
523770
523768.5
523772
523774
523774
523776
523776
523774.5
523778
523776.5
523780
523778.5
523782
523784
523786
523786
523788
523788
523788
523790
523790
523792
523794
523794
523794
523792.5
523796
523794.5
523798
523800
523800
523802
523802
523800.5
523804
523806
523808
523812
523810
523814
523818
523816
523820
523823
523826
523825
523828
523827
523830
523834.5
523839
523836.5
523841
523838.5
523843
523840.5
523838
523842.5
523847
523844.5
523842
523841
523844
523848.5
523846
523845
523848
523847
523850
523854.5
523852
523851
523854
523858.5
523856
523855
523854
523852
523850
523850
523852
523856
523854
523854
523854
523856
523858
523862
523866
523869
523872
523876.5
523881
523878.5
523883
523887
523885
523882.5
523887
523884.5
523882
523881
523884
523888.5
523886
523885
523888
523887
523886
523889
523888
523891
523894
523893
523892
523890
523888
523888
523888
523890
523890
523892
523892
523890.5
523894
523896
523896
523894.5
523898
523896.5
523900
523898.5
523897
523900.5
523904
523906
523906
523904.5
523903
523906.5
523905
523908.5
523912
523914
523916
523916
523918
523918
523920
523924
523928
523926
523924
523924
523924
523922.5
523926
523924.5
523928
523926.5
523930
523928.5
523932
523934
523934
523932.5
523936
523934.5
523938
523936.5
523935
523932
523937
523940.5
523944
523942.5
523941
523944.5
523943
523940
523945
523942
523939
523944
523941
523938
523935
523940
523945
523950
523947
523944
523941
523941.5
523943
523948
523953
523950
523955
523960
523965
523962
523959
523964
523969
523966
523971
523968
523973
523970
523975
523978.5
523977
523974
523979
523976
523981
523978
523983
523980
523977
523982
523979
523984
523981
523986
523991
523994.5
523993
523996.5
524000
523998.5
523997
523994
523991
523996
523993
523990
523987
523987.5
523988
523989
523990
523991.5
523993
523998
524003
524000
523997
523997.5
523999
524004
524001
524001.5
524003
524008
524013
524010
524015
524012
524009
524009.5
524011
524011.5
524012
524013
524014
524015
524016
524017.5
524018
524019.5
524021
524021.5
524023
524023.5
524025
524030
524035
524032
524037
524042
524047
524050.5
524054
524052.5
524051
524048
524053
524050
524055
524052
524049
524046
524043
524048
524045
524050
524047
524047.5
524049
524049.5
524051
524051.5
524052
524053.5
524055
524060
524057
524062
524059
524064
524061
524066
524063
524068
524065
524065.5
524067
524067.5
524069
524074
524079
524076
524081
524078
524075
524075.5
524077
524082
524079
524084
524089
524094
524091
524096
524101
524098
524095
524100
524105
524108.5
524112
524110.5
524109
524106
524103
524100
524105
524102
524099
524099.5
524100
524101.5
524102
524103.5
524105
524110
524115
524120
524125
524128.5
524127
524130.5
524134
524136
524138
524138
524140
524140
524142
524146
524150
524148
524152
524155
524154
524157
524156
524159
524162
524166.5
524164
524168.5
524166
524170.5
524175
524179
524183
524181
524179
524176.5
524181
524185
524189
524187
524191
524189
524193
524198.5
524204
524216.5
524229
524218.5
524231
524233.5
524233
524235.5
524238
524241
524244
524243
524246
524245
524244
524243.5
524243
524232.5
524245
524234.5
524247
524249.5
524252
524251.5
524251
524240.5
524230
524242.5
524255
524244.5
524234
524230.5
524236
524232.5
524229
524227
524225
524222.5
524227
524224.5
524222
524226.5
524224
524228.5
524226
524230.5
524235
524232.5
524237
524241
524245
524243
524247
524245
524249
524254.5
524260
524272.5
524262
524258.5
524264
524276.5
524289
524278.5
524291
524293.5
524293
524282.5
524272
524268.5
524265
524263
524267
524272.5
524269
524274.5
524271
524269
524273
524271
524275
524273
524271
524268.5
524273
524270.5
524275
524279
524283
524281
524285
524283
524287
524285
524289
524294.5
524300
524312.5
524325
524314.5
524304
524300.5
524306
524318.5
524331
524333.5
524336
524339
524338
524337.5
524340
524343
524346
524345
524348
524350
524350
524352
524354
524354
524354
524356
524356
524358
524358
524360
524362
524362
524362
524361
524364
524363
524362
524365
524364
524367
524370
524372
524374
524375.5
524376
524377.5
524379
524381
524383
524385.5
524388
524390.5
524393
524396.5
524395
524394.5
524394
524396.5
524399
524398.5
524401
524400.5
524400
524399.5
524399
524401.5
524401
524403.5
524406
524405.5
524408
524407.5
524410
524409.5
524412
524414.5
524417
524420.5
524424
524425
524426
524427
524428
524433
524438
524440
524442
524448
524454
524458
524456
524452
524448
524454
524460
524464
524462
524466
524464
524460
524466
524470
524474
524482.5
524491
524484.5
524493
524486.5
524480
524478
524476
524480
524478
524474
524470
524476
524482
524478
524484
524480
524476
524482
524488
524492
524496
524504.5
524513
524515
524515
524517
524519
524526
524533
524542.5
524535
524544.5
524554
524560
524566
524562
524568
524569.5
524571
524571.5
524572
524573.5
524575
524575.5
524576
524577.5
524578
524574
524580
524581.5
524583
524588
524593
524596.5
524600
524598.5
524602
524608.5
524604
524610.5
524617
524624.5
524632
524626.5
524634
524636.5
524639
524645
524641
524647
524653
524657
524661
524662
524663
524661
524665
524663
524661
524657
524663
524659
524655
524661
524667
524671
524675
524673
524677
524675
524673
524669
524675
524679
524677
524681
524679
524683
524681
524677
524673
524672.5
524672
524674.5
524677
524676.5
524676
524670.5
524678
524672.5
524680
524674.5
524669
524676.5
524684
524678.5
524673
524680.5
524675
524682.5
524690
524692.5
524692
524694.5
524694
524688.5
524683
524678.5
524674
524680.5
524687
524694.5
524689
524684.5
524691
524698.5
524693
524700.5
524695
524702.5
524710
524712.5
524715
524714.5
524717
524723
524729
524725
524721
524720.5
524723
524729
524725
524731
524737
524733
524729
524728.5
524731
524730.5
524730
524724.5
524719
524726.5
524734
524736.5
524739
524738.5
524741
524740.5
524743
524742.5
524745
524744.5
524747
524753
524749
524748.5
524751
524757
524763
524767
524765
524761
524767
524771
524769
524765
524761
524760.5
524760
524762.5
524765
524764.5
524767
524773
524769
524775
524781
524777
524773
524772.5
524775
524781
524777
524783
524789
524793
524797
524795
524793
524797
524801
524799
524803
524801
524799
524795
524801
524805
524809
524810
524811
524812
524813
524811
524809
524805
524801
524807
524813
524809
524815
524819
524823
524821
524825
524823
524827
524828
524829
524832
524835
524838
524837
524836
524839
524842
524845
524844
524843
524842
524845
524848
524851
524859
524867
524861
524869
524863
524857
524856
524855
524854
524857
524856
524855
524858
524861
524860
524859
524860
524861
524864
524867
524870
524873
524881
524889
524904
524891
524906
524893
524908
524895
524889
524897
524912
524927
524939
524929
524916
524903
524918
524933
524920
524935
524947
524959
524969
524979
524992
525005
524994
524983
524975
524985
524977
524969
524979
524971
524961
524973
524963
524975
524985
524977
524987
524979
524969
524959
524946
524933
524927
524935
524950
524937
524931
524939
524954
524969
524981
524993
524983
524973
524960
524947
524941
524935
524943
524937
524945
524953
524947
524941
524940
524943
524942
524945
524953
524947
524955
524949
524957
524951
524950
524953
524961
524969
524963
524957
524965
524959
524958
524961
524969
524963
524962
524965
524973
524981
524975
524983
524977
524971
524970
524969
524968
524967
524970
524973
524972
524971
524974
524973
524974
524975
524976
524977
524978
524979
524980
524981
524982
524983
524984
524985
524986
524987
524985
524983
524979
524985
524989
524987
524991
524995
524996
524997
524995
524993
524989
524985
524991
524987
524993
524989
524995
524991
524997
524993
524992.5
524995
525001
524997
524996.5
524999
525005
525011
525007
525003
525009
525015
525011
525017
525021
525019
525015
525011
525010.5
525013
525012.5
525012
525006.5
525014
525008.5
525016
525010.5
525005
525012.5
525020
525014.5
525009
525016.5
525011
525018.5
525026
525028.5
525031
525030.5
525030
525024.5
525032
525026.5
525021
525028.5
525023
525018.5
525025
525032.5
525027
525022.5
525018
525024.5
525020
525018.5
525017
525020.5
525019
525022.5
525021
525018
525023
525026.5
525030
525028.5
525032
525030.5
525034
525040.5
525036
525034.5
525038
525044.5
525040
525038.5
525042
525040.5
525039
525036
525041
525038
525035
525030.5
525026
525018.5
525028
525034.5
525041
525036.5
525032
525038.5
525045
525050
525047
525042.5
525038
525030.5
525040
525032.5
525025
525020
525027
525036.5
525046
525052.5
525059
525064
525069
525072.5
525076
525082.5
525089
525084.5
525080
525078.5
525077
525074
525079
525076
525081
525078
525083
525080
525077
525072.5
525079
525084
525089
525086
525091
525094.5
525093
525090
525087
525092
525089
525094
525091
525096
525093
525098
525103
525100
525097
525092.5
525099
525094.5
525090
525082.5
525075
525070
525065
525072
525067
525067
525067
525060.5
525054
525062.5
525056
525064.5
525058
525056
525054
525058
525056
525060
525058
525054
525060
525056
525062
525058
525054
525060
525056
525056
525056
525053
525058
525060
525062
525062
525062
525059
525056
525061
525058
525059
525060
525061
525062
525060.5
525064
525065
525066
525067
525068
525069
525070
525068.5
525067
525066.5
525066
525065.5
525065
525065
525067
525067
525069
525069
525071
525071
525071
525073
525073
525075
525075
525077
525077
525079
525081
525083.5
525083
525085.5
525085
525085
525085
525087
525087
525089
525091
525091
525091
525091.5
525093
525093.5
525094
525094
525096
525096
525098
525098
525098
525097
525100
525099
525102
525104
525104
525106
525108
525108
525108
525107
525106
525105.5
525105
525107.5
525110
525113
525116
525115
525118
525120
525122
525122
525122
525121
525124
525126
525126
525125
525124
525123.5
525123
525125.5
525125
525114.5
525127
525116.5
525106
525118.5
525131
525120.5
525110
525122.5
525135
525124.5
525114
525110.5
525116
525112.5
525118
525130.5
525143
525132.5
525145
525134.5
525147
525149.5
525149
525138.5
525128
525140.5
525130
525126.5
525132
525144.5
525157
525146.5
525159
525161.5
525161
525163.5
525166
525169
525168
525167.5
525167
525169.5
525169
525171.5
525174
525173.5
525173
525175.5
525178
525177.5
525177
525166.5
525156
525168.5
525158
525154.5
525151
525156.5
525162
525174.5
525187
525176.5
525166
525162.5
525159
525157
525161
525159
525157
525154.5
525152
525151
525154
525158.5
525156
525155
525154
525157
525156
525159
525162
525166.5
525164
525168.5
525173
525177
525181
525186.5
525192
525188.5
525185
525190.5
525187
525185
525183
525187
525185
525189
525193
525198.5
525204
525216.5
525229
525218.5
525208
525220.5
525210
525206.5
525212
525208.5
525205
525210.5
525207
525205
525203
525207
525205
525209
525213
525218.5
525215
525213
525211
525215
525219
525217
525215
525212.5
525210
525214.5
525212
525211
525210
525208
525212
525210
525208
525212
525210
525210
525210
525212
525214
525214
525216
525220
525218
525222
525226
525224
525228
525226
525230
525233
525236
525235
525234
525237
525240
525244.5
525249
525253
525257
525262.5
525268
525280.5
525293
525282.5
525295
525297.5
525300
525303
525306
525308
525308
525307
525310
525312
525314
525314
525314
525313
525316
525315
525314
525317
525320
525319
525322
525324
525326
525326
525328
525329.5
525331
525333
525335
525337.5
525340
525339.5
525342
525344.5
525347
525346.5
525346
525345.5
525345
525345
525345
525345.5
525346
525346
525348
525348
525350
525350
525350
525352
525352
525351
525354
525356
525356
525355
525358
525357
525356
525359
525358
525357.5
525360
525359.5
525362
525361.5
525361
525350.5
525340
525352.5
525365
525354.5
525367
525356.5
525346
525342.5
525348
525344.5
525350
525346.5
525343
525341
525345
525350.5
525356
525352.5
525349
525354.5
525351
525349
525353
525358.5
525355
525353
525357
525355
525359
525357
525355
525359
525363
525368.5
525374
525386.5
525399
525388.5
525401
525390.5
525380
525392.5
525382
525394.5
525407
525409.5
525412
525415
525414
525413.5
525416
525419
525422
525421
525424
525423
525422
525425
525424
525427
525430
525432
525434
525435.5
525437
525437.5
525438
525439.5
525441
525443
525443
525443.5
525444
525445.5
525447
525449
525451
525451
525451
525451.5
525452
525452
525454
525454
525456
525457.5
525458
525459.5
525460
525460
525462
525462
525462
525464
525464
525463
525462
525465
525468
525467
525470
525472
525472
525474
525476
525477.5
525478
525479.5
525481
525481.5
525483
525483.5
525485
525487
525487
525489
525491
525491
525493
525493
525493
525495
525495
525495.5
525497
525497.5
525499
525501
525503
525503
525503
525505
525505
525505.5
525506
525506
525508
525508
525508
525510
525510
525512
525514
525514
525514
525516
525516
525518
525518
525520
525522
525522
525524
525524
525524
525526
525526
525528
525528
525530
525530
525529
525528
525527.5
525527
525529.5
525529
525518.5
525531
525533.5
525533
525535.5
525535
525537.5
525537
525539.5
525539
525528.5
525518
525514.5
525520
525516.5
525513
525511
525509
525513
525511
525515
525519
525524.5
525521
525526.5
525523
525521
525525
525530.5
525536
525548.5
525561
525550.5
525563
525565.5
525565
525554.5
525544
525540.5
525546
525542.5
525548
525544.5
525550
525546.5
525543
525548.5
525545
525550.5
525556
525568.5
525558
525554.5
525551
525549
525547
525551
525555
525553
525551
525555
525553
525550.5
525548
525547
525546
525549
525552
525556.5
525561
525565
525563
525560.5
525558
525562.5
525567
525571
525569
525566.5
525571
525575
525573
525570.5
525575
525572.5
525570
525574.5
525572
525576.5
525581
525585
525589
525594.5
525591
525596.5
525593
525591
525589
525593
525597
525602.5
525599
525597
525595
525592.5
525597
525601
525605
525610.5
525616
525628.5
525618
525614.5
525620
525616.5
525613
525618.5
525624
525620.5
525626
525622.5
525628
525640.5
525630
525626.5
525623
525621
525619
525616.5
525614
525613
525612
525610
525614
525612
525610
525614
525618
525616
525620
525623
525622
525625
525624
525622
525620
525624
525622
525626
525624
525624
525626
525626
525626
525624.5
525623
525626.5
525630
525632
525632
525634
525636
525636
525638
525642
525646
525649
525648
525651
525650
525653
525656
525660.5
525665
525662.5
525667
525671
525669
525666.5
525671
525675
525673
525677
525675
525679
525683
525681
525685
525683
525687
525685
525689
525694.5
525700
525696.5
525702
525714.5
525727
525729.5
525729
525731.5
525731
525720.5
525710
525722.5
525735
525724.5
525737
525726.5
525716
525712.5
525718
525730.5
525743
525745.5
525745
525734.5
525747
525736.5
525749
525738.5
525728
525740.5
525753
525755.5
525758
525757.5
525757
525759.5
525759
525748.5
525738
525734.5
525740
525752.5
525742
525738.5
525744
525740.5
525746
525742.5
525748
525744.5
525750
525762.5
525752
525748.5
525754
525766.5
525756
525768.5
525781
525783.5
525786
525785.5
525785
525787.5
525790
525793
525792
525791.5
525791
525780.5
525793
525795.5
525798
525797.5
525797
525799.5
525799
525801.5
525804
525807
525806
525809
525808
525811
525814
525813
525816
525815
525818
525817
525816
525819
525822
525824
525826
525826
525826
525828
525828
525827
525830
525832
525832
525834
525834
525836
525838
525838
525840
525841.5
525842
525843.5
525844
525844
525844
525846
525848
525849.5
525851
525853
525855
525857.5
525860
525859.5
525862
525864.5
525864
525866.5
525869
525872.5
525871
525874.5
525878
525879
525880
525881
525882
525883
525884
525882.5
525881
525880.5
525880
525879.5
525879
525881.5
525884
525886.5
525886
525885.5
525888
525887.5
525890
525889.5
525889
525889
525891
525891
525893
525895.5
525895
525897.5
525900
525899.5
525899
525899
525901
525903.5
525906
525905.5
525908
525907.5
525910
525909.5
525912
525911.5
525914
525916.5
525919
525918.5
525918
525917.5
525917
525917
525917
525917.5
525919
525919.5
525920
525920
525922
525922
525924
525924
525926
525927.5
525928
525928
525930
525931.5
525933
525933.5
525934
525935.5
525937
525939
525939
525939.5
525941
525941.5
525942
525943.5
525944
525945.5
525947
525949
525949
525951
525951
525953
525953
525955
525955
525955.5
525957
525957.5
525958
525958
525958
525960
525960
525959
525958
525957.5
525957
525959.5
525959
525948.5
525938
525950.5
525963
525965.5
525965
525967.5
525970
525969.5
525969
525971.5
525974
525977
525980
525982
525982
525984
525986
525986
525988
525989.5
525990
525990
525992
525993.5
525994
525994
525994
525993
525996
525998
526000
526001.5
526002
526002
526004
526005.5
526007
526009
526009
526009.5
526010
526010
526012
526013.5
526014
526015.5
526016
526016
526018
526018
526020
526020
526022
526022
526022
526021
526020
526019.5
526019
526021.5
526024
526027
526026
526029
526032
526031
526030
526029.5
526032
526031.5
526031
526020.5
526010
526022.5
526035
526037.5
526040
526043
526046
526048
526048
526047
526050
526049
526052
526054
526054
526056
526058
526059.5
526060
526061.5
526063
526063.5
526065
526067
526067
526067.5
526069
526071
526071
526073
526073
526073.5
526075
526077
526079
526081.5
526081
526081
526083
526085.5
526085
526085
526087
526089.5
526092
526094.5
526097
526096.5
526099
526098.5
526098
526100.5
526100
526102.5
526105
526104.5
526104
526106.5
526109
526112.5
526111
526114.5
526113
526112.5
526112
526114.5
526114
526113.5
526113
526113
526115
526115
526117
526119.5
526119
526119
526121
526123.5
526126
526125.5
526128
526130.5
526130
526132.5
526132
526134.5
526134
526136.5
526139
526138.5
526141
526140.5
526143
526146.5
526150
526148.5
526152
526150.5
526149
526148.5
526148
526150.5
526153
526156.5
526160
526158.5
526162
526160.5
526164
526162.5
526166
526164.5
526168
526166.5
526170
526168.5
526172
526170.5
526174
526172.5
526176
526177
526178
526179
526180
526185
526182
526183
526184
526185
526186
526187
526188
526193
526190
526195
526192
526193
526194
526192.5
526196
526197
526198
526196.5
526195
526198.5
526202
526200.5
526199
526198.5
526198
526197.5
526197
526197
526197
526197.5
526199
526199.5
526201
526203
526205
526207.5
526210
526212.5
526212
526211.5
526211
526213.5
526216
526218.5
526218
526217.5
526220
526219.5
526219
526219
526219
526221
526223
526225.5
526225
526225
526225
526225.5
526226
526227.5
526228
526228
526230
526231.5
526232
526232
526232
526231
526234
526233
526232
526231.5
526231
526220.5
526210
526206.5
526203
526208.5
526214
526210.5
526216
526228.5
526241
526243.5
526246
526245.5
526245
526247.5
526250
526253
526256
526258
526260
526261.5
526262
526262
526264
526264
526266
526267.5
526268
526269.5
526271
526273
526273
526273.5
526274
526274
526274
526273
526276
526275
526278
526277
526276
526279
526278
526281
526280
526283
526286
526288
526288
526287
526286
526285.5
526288
526287.5
526290
526289.5
526292
526291.5
526291
526293.5
526296
526295.5
526298
526301
526300
526299.5
526302
526301.5
526304
526303.5
526306
526305.5
526308
526311
526314
526316
526318
526319.5
526320
526320
526322
526323.5
526325
526325.5
526326
526327.5
526328
526328
526330
526331.5
526333
526333.5
526335
526335.5
526337
526339
526339
526339.5
526341
526341.5
526343
526345
526345
526345.5
526346
526347.5
526348
526349.5
526350
526350
526352
526353.5
526355
526355.5
526356
526357.5
526359
526361
526363
526363
526363
526363.5
526365
526365.5
526367
526367.5
526369
526371
526373
526373
526373
526373.5
526374
526375.5
526376
526376
526378
526378
526380
526380
526382
526382
526382
526381
526384
526383
526382
526381.5
526384
526383.5
526386
526385.5
526388
526391
526390
526393
526396
526398
526400
526400
526402
526403.5
526405
526405.5
526406
526407.5
526408
526409.5
526410
526411.5
526413
526415
526417
526419.5
526419
526421.5
526424
526423.5
526423
526423
526425
526427.5
526430
526432.5
526435
526438.5
526437
526436.5
526439
526438.5
526438
526437.5
526440
526442.5
526442
526444.5
526447
526446.5
526449
526452.5
526456
526454.5
526458
526459
526460
526458.5
526462
526463
526464
526465
526466
526467
526468
526473
526478
526480
526480
526482
526484
526484
526484
526481
526486
526488
526490
526490
526492
526498
526504
526508
526506
526502
526498
526504
526510
526506
526512
526508
526504
526510
526506
526506
526506
526503
526508
526505
526510
526512
526512
526509
526506
526511
526508
526509
526510
526511
526512
526517
526522
526519
526516
526517
526518
526523
526520
526525
526530
526527
526532
526529
526526
526531
526536
526533
526538
526535
526532
526533
526534
526532.5
526531
526534.5
526538
526536.5
526535
526534.5
526537
526536.5
526536
526538.5
526541
526544.5
526543
526546.5
526545
526544.5
526544
526543.5
526546
526548.5
526551
526550.5
526550
526549.5
526549
526551.5
526554
526553.5
526556
526555.5
526555
526555
526557
526559.5
526562
526564.5
526567
526570.5
526574
526575
526576
526581
526586
526583
526588
526585
526590
526587
526584
526585
526586
526587
526588
526589
526590
526591
526592
526593
526594
526592.5
526591
526594.5
526593
526596.5
526600
526601
526602
526603
526604
526605
526606
526604.5
526608
526606.5
526610
526608.5
526607
526610.5
526609
526608.5
526611
526614.5
526618
526619
526620
526618.5
526622
526620.5
526624
526625
526626
526631
526636
526638
526640
526640
526640
526642
526644
526650
526656
526660
526658
526654
526650
526650
526650
526652
526652
526649
526654
526651
526656
526653
526658
526655
526652
526657
526662
526664
526666
526666
526666
526668
526670
526670
526672
526678
526684
526688
526686
526682
526678
526684
526690
526686
526692
526696
526694
526690
526696
526700
526698
526694
526700
526704
526708
526706
526704
526708
526706
526702
526698
526704
526700
526700
526700
526697
526694
526699
526696
526701
526698
526703
526700
526705
526710
526707
526704
526709
526714
526711
526716
526718
526720
526720
526720
526722
526724
526724
526724
526726
526726
526723
526728
526725
526722
526727
526724
526725
526726
526727
526728
526729
526730
526735
526732
526733
526734
526732.5
526736
526734.5
526738
526736.5
526735
526734.5
526734
526736.5
526736
526738.5
526738
526737.5
526740
526742.5
526742
526744.5
526744
526746.5
526749
526752.5
526756
526754.5
526758
526756.5
526755
526754.5
526757
526760.5
526759
526758.5
526758
526757.5
526757
526759.5
526762
526764.5
526764
526763.5
526763
526763
526763
526763.5
526765
526765.5
526767
526769
526771
526773.5
526773
526773
526773
526775
526777
526777
526777
526779
526779
526779.5
526781
526781.5
526783
526785
526785
526787
526789
526791.5
526791
526791
526793
526795.5
526795
526797.5
526800
526802.5
526805
526808.5
526807
526810.5
526814
526812.5
526811
526810.5
526810
526812.5
526815
526818.5
526817
526816.5
526819
526822.5
526826
526827
526828
526826.5
526825
526824.5
526824
526823.5
526823
526823
526823
526825
526827
526827
526827
526829
526831
526833.5
526833
526835.5
526835
526835
526835
526837
526837
526837.5
526838
526838
526840
526840
526842
526842
526842
526844
526844
526843
526846
526848
526850
526850
526852
526853.5
526854
526855.5
526857
526859
526861
526863.5
526866
526868.5
526868
526867.5
526870
526869.5
526869
526869
526871
526871
526871
526871.5
526873
526875
526877
526879.5
526879
526879
526881
526881
526881
526883
526885
526885
526887
526889.5
526892
526891.5
526894
526893.5
526893
526895.5
526898
526897.5
526897
526897
526897
526897.5
526899
526901
526901
526903
526903
526905
526905
526905.5
526907
526909
526909
526909.5
526910
526911.5
526912
526912
526912
526911
526914
526916
526918
526919.5
526921
526923
526925
526927.5
526930
526932.5
526932
526934.5
526934
526936.5
526939
526942.5
526941
526944.5
526943
526946.5
526945
526944.5
526947
526946.5
526949
526952.5
526951
526954.5
526958
526956.5
526960
526961
526962
526960.5
526964
526965
526966
526971
526968
526973
526970
526975
526972
526973
526974
526972.5
526971
526974.5
526978
526979
526980
526981
526982
526980.5
526979
526982.5
526986
526984.5
526988
526989
526990
526991
526992
526993
526994
526999
527004
527001
526998
527003
527008
527010
527010
527012
527012
527014
527014
527011
527016
527013
527018
527015
527020
527022
527024
527024
527026
527032
527038
527042
527040
527036
527032
527038
527044
527040
527036
527036
527036
527033
527030
527031
527032
527033
527034
527035
527036
527041
527046
527048
527050
527050
527052
527058
527054
527060
527056
527062
527058
527064
527060
527066
527072
527068
527074
527078
527076
527072
527078
527082
527080
527076
527082
527078
527074
527070
527076
527072
527068
527074
527080
527086
527082
527088
527084
527080
527076
527082
527088
527084
527090
527096
527092
527088
527084
527085
527086
527084.5
527083
527082.5
527082
527084.5
527084
527086.5
527086
527088.5
527088
527087.5
527090
527092.5
527092
527094.5
527094
527093.5
527096
527098.5
527101
527100.5
527103
527102.5
527105
527108.5
527107
527106.5
527109
527112.5
527116
527117
527118
527116.5
527115
527118.5
527117
527120.5
527124
527125
527126
527124.5
527123
527122.5
527122
527124.5
527124
527123.5
527123
527123
527125
527125
527127
527127
527127
527129
527131
527133.5
527133
527135.5
527138
527140.5
527140
527139.5
527142
527144.5
527147
527150.5
527149
527152.5
527151
527154.5
527153
527156.5
527155
527158.5
527162
527160.5
527164
527165
527166
527167
527168
527174
527180
527186
527192
527196
527200
527208.5
527202
527210.5
527219
527212.5
527221
527214.5
527223
527216.5
527225
527218.5
527227
527229
527231
527238
527233
527233
527233
527235
527237
527244
527251
527260.5
527270
527276.5
527283
527288
527293
527290
527295
527292
527289
527294
527291
527286.5
527293
527288.5
527284
527290.5
527297
527302
527307
527310.5
527309
527306
527311
527308
527313
527316.5
527320
527318.5
527317
527320.5
527319
527322.5
527326
527332.5
527339
527346.5
527354
527356.5
527359
527365
527371
527375
527379
527377
527381
527382
527383
527384
527385
527388
527391
527394
527397
527405
527413
527407
527415
527409
527417
527432
527447
527434
527421
527436
527451
527463
527453
527440
527427
527442
527429
527423
527431
527425
527419
527427
527421
527429
527423
527422
527425
527433
527441
527435
527443
527437
527445
527460
527447
527462
527477
527464
527479
527466
527481
527493
527483
527470
527457
527451
527445
527453
527447
527446
527445
527448
527451
527450
527449
527452
527451
527454
527453
527452
527455
527458
527457
527456
527459
527462
527465
527464
527467
527475
527469
527468
527467
527466
527465
527466
527467
527468
527469
527470
527471
527472
527473
527474
527475
527473
527471
527467
527463
527462.5
527462
527464.5
527464
527458.5
527466
527460.5
527455
527450.5
527446
527452.5
527448
527446.5
527445
527442
527439
527444
527441
527446
527443
527438.5
527434
527440.5
527436
527442.5
527449
527444.5
527440
527446.5
527442
527448.5
527455
527450.5
527457
527452.5
527459
527464
527461
527456.5
527463
527458.5
527454
527446.5
527456
527462.5
527458
527450.5
527443
527452.5
527462
527468.5
527475
527480
527485
527488.5
527492
527490.5
527489
527486
527483
527478.5
527485
527480.5
527476
527482.5
527478
527470.5
527463
527458
527453
527453
527455
527455
527455
527457
527459
527459
527461
527468
527463
527470
527465
527472
527467
527467
527469
527469
527471
527478
527485
527480
527475
527482
527477
527484
527491
527486
527493
527488
527495
527504.5
527497
527506.5
527516
527508.5
527501
527510.5
527520
527526.5
527533
527528.5
527524
527516.5
527526
527518.5
527511
527506
527513
527522.5
527515
527510
527505
527505
527507
527514
527509
527509
527509
527502.5
527496
527504.5
527498
527506.5
527500
527498
527502
527510.5
527519
527521
527521
527514.5
527523
527516.5
527510
527508
527506
527510
527514
527522.5
527531
527524.5
527518
527516
527514
527518
527516
527512
527508
527514
527510
527516
527522
527526
527524
527528
527532
527530
527528
527524
527520
527526
527522
527518
527524
527530
527536
527540
527538
527534
527530
527536
527532
527528
527524
527525
527526
527527
527528
527529
527530
527531
527532
527533
527534
527532.5
527531
527530.5
527530
527532.5
527535
527534.5
527537
527536.5
527539
527542.5
527541
527540.5
527543
527542.5
527542
527544.5
527547
527546.5
527546
527548.5
527548
527547.5
527550
527552.5
527552
527554.5
527557
527556.5
527559
527558.5
527558
527557.5
527560
527562.5
527562
527564.5
527567
527570.5
527569
527568.5
527568
527570.5
527570
527572.5
527575
527578.5
527582
527583
527584
527585
527586
527584.5
527588
527586.5
527590
527591
527592
527593
527594
527600
527596
527597
527598
527596.5
527595
527598.5
527602
527603
527604
527605
527606
527607
527608
527606.5
527605
527604.5
527604
527606.5
527606
527608.5
527608
527610.5
527613
527612.5
527612
527611.5
527614
527613.5
527613
527615.5
527615
527615
527617
527619.5
527622
527621.5
527621
527623.5
527623
527623
527625
527625
527625
527625.5
527626
527627.5
527629
527631
527633
527633
527633
527635
527637
527639.5
527642
527641.5
527641
527641
527643
527643
527643
527645
527645
527647
527647
527647.5
527648
527648
527648
527647
527646
527649
527648
527651
527650
527653
527652
527651.5
527654
527653.5
527656
527655.5
527658
527661
527660
527659.5
527662
527665
527668
527670
527672
527673.5
527674
527675.5
527676
527676
527678
527678
527680
527681.5
527683
527685
527687
527687
527687
527689
527689
527691
527693
527695.5
527695
527697.5
527700
527702.5
527702
527704.5
527707
527710.5
527709
527708.5
527708
527707.5
527710
527712.5
527715
527718.5
527717
527720.5
527719
527718.5
527718
527717.5
527720
527722.5
527725
527728.5
527727
527730.5
527729
527728.5
527728
527730.5
527730
527729.5
527732
527731.5
527731
527733.5
527733
527735.5
527735
527735
527735
527735.5
527737
527737.5
527739
527739.5
527740
527740
527740
527742
527744
527745.5
527746
527746
527746
527748
527748
527750
527750
527752
527754
527754
527756
527757.5
527758
527759.5
527761
527763
527763
527765
527767
527769.5
527769
527769
527771
527771
527771
527771.5
527773
527775
527777
527779.5
527779
527779
527781
527783.5
527786
527788.5
527791
527790.5
527793
527796.5
527800
527798.5
527797
527800.5
527799
527798.5
527801
527800.5
527800
527802.5
527802
527804.5
527807
527810.5
527814
527812.5
527811
527810.5
527813
527816.5
527820
527818.5
527822
527820.5
527819
527818.5
527821
527820.5
527823
527826.5
527825
527828.5
527832
527830.5
527834
527835
527836
527842
527838
527839
527840
527841
527842
527843
527844
527845
527846
527847
527848
527849
527850
527851
527852
527853
527854
527855
527856
527857
527858
527864
527870
527866
527862
527868
527874
527880
527886
527882
527888
527884
527890
527886
527892
527888
527884
527880
527886
527882
527888
527884
527880
527881
527882
527880.5
527884
527885
527886
527887
527888
527889
527890
527896
527892
527893
527894
527900
527896
527902
527898
527904
527900
527906
527912
527908
527914
527910
527916
527922
527928
527932
527930
527934
527932
527936
527934
527938
527942
527940
527938
527942
527940
527936
527932
527928
527934
527940
527936
527932
527928
527934
527940
527946
527952
527948
527944
527950
527946
527942
527938
527944
527950
527956
527952
527958
527954
527950
527946
527947
527948
527949
527950
527956
527962
527958
527954
527955
527956
527957
527958
527959
527960
527961
527962
527960.5
527959
527958.5
527961
527964.5
527968
527969
527970
527968.5
527967
527970.5
527974
527972.5
527971
527970.5
527973
527976.5
527975
527978.5
527982
527983
527984
527990
527996
528002
527998
528004
528000
528006
528002
528008
528004
528010
528016
528020
528024
528032.5
528026
528024
528022
528026
528030
528038.5
528047
528049
528049
528042.5
528051
528053
528055
528062
528057
528064
528059
528059
528059
528061
528063
528063
528065
528072
528079
528088.5
528081
528076
528071
528071
528073
528080
528087
528096.5
528106
528098.5
528108
528114.5
528121
528126
528123
528118.5
528125
528120.5
528127
528122.5
528129
528124.5
528131
528136
528133
528138
528143
528146.5
528145
528142
528139
528134.5
528141
528136.5
528143
528138.5
528134
528126.5
528136
528142.5
528149
528144.5
528151
528146.5
528142
528134.5
528127
528136.5
528129
528138.5
528131
528126
528133
528128
528123
528130
528125
528125
528125
528127
528127
528129
528129
528131
528131
528124.5
528133
528135
528137
528144
528139
528146
528153
528148
528155
528164.5
528157
528152
528147
528154
528161
528170.5
528180
528186.5
528182
528188.5
528195
528200
528197
528202
528199
528204
528201
528206
528203
528208
528205
528210
528207
528202.5
528198
528190.5
528200
528206.5
528213
528208.5
528204
528196.5
528189
528198.5
528208
528200.5
528193
528202.5
528195
528190
528197
528206.5
528199
528208.5
528218
528224.5
528220
528226.5
528222
528214.5
528207
528216.5
528226
528232.5
528228
528234.5
528241
528236.5
528232
528224.5
528234
528226.5
528219
528228.5
528221
528216
528211
528211
528211
528204.5
528198
528206.5
528200
528208.5
528217
528219
528221
528221
528221
528214.5
528223
528225
528227
528227
528229
528229
528229
528222.5
528231
528224.5
528233
528226.5
528235
528228.5
528237
528239
528239
528241
528243
528250
528245
528245
528247
528247
528247
528240.5
528234
528242.5
528251
528244.5
528253
528246.5
528255
528248.5
528257
528259
528259
528261
528261
528254.5
528248
528246
528250
528248
528246
528242
528238
528234
528240
528246
528242
528238
528234
528235
528236
528237
528238
528239
528240
528238.5
528242
528243
528244
528245
528246
528247
528248
528249
528250
528251
528252
528253
528254
528260
528256
528262
528258
528264
528260
528261
528262
528268
528264
528270
528266
528272
528278
528274
528270
528271
528272
528270.5
528274
528275
528276
528277
528278
528284
528290
528296
528292
528288
528294
528290
528286
528292
528298
528304
528310
528314
528318
528316
528320
528318
528322
528320
528324
528322
528320
528324
528328
528326
528330
528338.5
528332
528330
528328
528332
528336
528334
528338
528346.5
528355
528357
528359
528359
528359
528361
528361
528354.5
528348
528346
528344
528340
528346
528350
528354
528352
528350
528346
528352
528356
528360
528358
528362
528370.5
528364
528372.5
528366
528364
528362
528366
528364
528360
528366
528362
528358
528364
528360
528356
528352
528353
528354
528352.5
528351
528354.5
528353
528356.5
528360
528358.5
528357
528356.5
528356
528358.5
528358
528360.5
528360
528362.5
528362
528361.5
528364
528366.5
528366
528368.5
528371
528374.5
528378
528376.5
528380
528381
528382
528388
528384
528385
528386
528392
528388
528394
528400
528396
528402
528398
528394
528395
528396
528397
528398
528399
528400
528401
528402
528408
528404
528405
528406
528412
528418
528414
528420
528426
528432
528436
528440
528448.5
528442
528450.5
528444
528442
528440
528436
528442
528438
528434
528430
528426
528432
528438
528444
528450
528454
528452
528456
528454
528450
528456
528460
528464
528472.5
528466
528474.5
528483
528485
528485
528478.5
528487
528489
528489
528491
528493
528493
528493
528486.5
528495
528488.5
528497
528490.5
528499
528492.5
528501
528503
528503
528505
528505
528507
528507
528500.5
528509
528502.5
528511
528504.5
528498
528506.5
528500
528498
528496
528500
528498
528502
528506
528504
528502
528498
528504
528500
528496
528502
528508
528504
528510
528514
528518
528526.5
528520
528518
528516
528520
528518
528522
528526
528534.5
528528
528536.5
528530
528538.5
528532
528540.5
528534
528542.5
528536
528534
528532
528536
528534
528530
528526
528532
528528
528524
528520
528521
528522
528523
528524
528522.5
528526
528524.5
528523
528526.5
528530
528528.5
528527
528530.5
528534
528535
528536
528537
528538
528536.5
528535
528534.5
528534
528533.5
528536
528538.5
528541
528540.5
528540
528539.5
528542
528544.5
528547
528546.5
528546
528545.5
528548
528547.5
528547
528547
528547
528549
528549
528551
528553
528553
528555
528557.5
528557
528559.5
528562
528561.5
528564
528563.5
528566
528568.5
528568
528570.5
528573
528576.5
528580
528578.5
528577
528580.5
528579
528578.5
528581
528580.5
528580
528582.5
528585
528584.5
528587
528590.5
528594
528592.5
528591
528590.5
528593
528592.5
528592
528591.5
528594
528596.5
528599
528598.5
528598
528600.5
528603
528602.5
528605
528608.5
528607
528610.5
528614
528612.5
528616
528617
528618
528619
528620
528618.5
528622
528620.5
528624
528622.5
528626
528624.5
528628
528626.5
528630
528631
528632
528633
528634
528640
528636
528637
528638
528639
528640
528646
528642
528648
528644
528645
528646
528644.5
528648
528649
528650
528651
528652
528653
528654
528660
528656
528662
528668
528664
528660
528661
528662
528668
528674
528670
528666
528672
528678
528684
528690
528694
528698
528706.5
528715
528717
528719
528726
528721
528728
528723
528723
528725
528732
528727
528734
528741
528736
528743
528752.5
528762
528768.5
528764
528756.5
528749
528758.5
528751
528760.5
528753
528748
528743
528743
528745
528745
528745
528738.5
528747
528749
528749
528751
528751
528744.5
528738
528736
528740
528748.5
528757
528750.5
528759
528761
528763
528770
528765
528772
528779
528774
528781
528790.5
528783
528778
528785
528794.5
528787
528782
528777
528777
528779
528786
528793
528802.5
528812
528804.5
528797
528806.5
528799
528808.5
528801
528810.5
528803
528812.5
528805
528800
528795
528795
528795
528797
528797
528799
528801
528801
528801
528794.5
528788
528796.5
528805
528798.5
528792
528800.5
528809
528802.5
528796
528804.5
528813
528806.5
528800
528808.5
528817
528819
528821
528821
528823
528830
528837
528846.5
528839
528848.5
528841
528836
528843
528852.5
528862
528868.5
528864
528856.5
528849
528844
528851
528846
528841
528841
528841
528834.5
528843
528845
528847
528847
528847
528840.5
528849
528842.5
528851
528853
528853
528855
528855
528857
528857
528850.5
528844
528852.5
528846
528854.5
528848
528846
528844
528848
528846
528842
528848
528852
528856
528864.5
528873
528866.5
528860
528858
528856
528852
528848
528854
528850
528856
528862
528866
528864
528860
528856
528862
528868
528872
528870
528874
528878
528876
528874
528878
528882
528880
528884
528892.5
528886
528884
528888
528886
528890
528888
528892
528900.5
528894
528902.5
528896
528904.5
528898
528896
528894
528890
528886
528892
528888
528894
528890
528886
528892
528888
528884
528890
528886
528887
528888
528889
528890
528891
528892
528893
528894
528900
528906
528902
528898
528899
528900
528898.5
528902
528903
528904
528905
528906
528907
528908
528906.5
528910
528911
528912
528913
528914
528912.5
528911
528914.5
528918
528916.5
528915
528914.5
528917
528916.5
528919
528918.5
528921
528920.5
528920
528919.5
528922
528921.5
528921
528921
528923
528923
528923
528923.5
528924
528924
528924
528926
528926
528928
528928
528930
528932
528933.5
528934
528935.5
528937
528937.5
528939
528939.5
528941
528941.5
528943
528945
528945
528945.5
528947
528949
528951
528951
528953
528955.5
528955
528955
528957
528957
528957
528959
528959
528959.5
528960
528960
528960
528959
528958
528961
528960
528959.5
528959
528948.5
528961
528963.5
528966
528969
528968
528971
528974
528973
528972
528975
528978
528977
528980
528982
528982
528984
528984
528986
528986
528988
528990
528991.5
528992
528993.5
528995
528997
528997
528999
529001
529003.5
529003
529003
529003
529003.5
529005
529005.5
529006
529006
529008
529008
529010
529011.5
529013
529013.5
529014
529015.5
529016
529017.5
529018
529018
529020
529021.5
529022
529022
529022
529021
529020
529019.5
529022
529021.5
529024
529027
529030
529032
529032
529034
529034
529036
529036
529038
529038
529037
529036
529035.5
529038
529041
529044
529046
529046
529045
529044
529047
529046
529049
529048
529047.5
529047
529036.5
529026
529022.5
529019
529017
529021
529019
529023
529028.5
529034
529046.5
529036
529032.5
529029
529034.5
529040
529052.5
529042
529038.5
529044
529056.5
529069
529058.5
529048
529044.5
529050
529046.5
529052
529048.5
529045
529043
529041
529045
529049
529054.5
529051
529049
529047
529044.5
529042
529046.5
529051
529055
529059
529057
529061
529059
529063
529061
529065
529070.5
529067
529065
529063
529067
529065
529069
529067
529064.5
529069
529066.5
529064
529068.5
529073
529070.5
529075
529072.5
529077
529074.5
529072
529071
529074
529078.5
529083
529087
529091
529096.5
529102
529114.5
529127
529116.5
529129
529118.5
529108
529104.5
529110
529106.5
529112
529124.5
529114
529126.5
529139
529128.5
529118
529130.5
529120
529116.5
529122
529134.5
529124
529120.5
529117
529115
529113
529110.5
529115
529119
529117
529114.5
529112
529116.5
529114
529118.5
529116
529120.5
529125
529122.5
529120
529119
529122
529121
529124
529128.5
529126
529130.5
529135
529139
529137
529134.5
529139
529143
529147
529145
529149
529147
529151
529156.5
529162
529174.5
529164
529176.5
529166
529162.5
529159
529157
529161
529159
529163
529168.5
529165
529170.5
529176
529188.5
529201
529190.5
529180
529192.5
529205
529194.5
529207
529196.5
529186
529198.5
529211
529200.5
529190
529202.5
529215
529204.5
529194
529206.5
529196
529192.5
529189
529187
529185
529182.5
529187
529191
529195
529193
529197
529202.5
529199
529197
529195
529199
529203
529201
529205
529210.5
529216
529212.5
529218
529214.5
529211
529216.5
529213
529218.5
529215
529213
529211
529208.5
529213
529217
529221
529219
529217
529214.5
529212
529216.5
529214
529213
529216
529215
529218
529217
529216
529219
529218
529221
529220
529218
529222
529220
529218
529222
529226
529229
529228
529231
529230
529228
529226
529230
529228
529232
529236
529239
529242
529241
529240
529243
529246
529250.5
529248
529252.5
529257
529261
529259
529263
529261
529258.5
529256
529255
529258
529262.5
529260
529259
529262
529261
529260
529258
529256
529256
529256
529254.5
529258
529260
529262
529266
529270
529273
529276
529275
529274
529277
529280
529279
529278
529276
529280
529283
529282
529280
529278
529282
529280
529284
529282
529286
529284
529284
529284
529286
529286
529284.5
529288
529290
529290
529288.5
529287
529290.5
529294
529296
529298
529298
529300
529304
529308
529306
529304
529304
529306
529310
529308
529308
529308
529306.5
529310
529312
529312
529310.5
529309
529312.5
529316
529314.5
529313
529310
529315
529318.5
529322
529320.5
529324
529326
529326
529328
529330
529330
529332
529332
529334
529338
529342
529340
529344
529342
529346
529349
529352
529351
529350
529348
529346
529346
529348
529352
529356
529354
529358
529356
529354
529358
529362
529365
529364
529362
529366
529369
529372
529376.5
529381
529385
529383
529380.5
529385
529382.5
529380
529379
529382
529386.5
529384
529388.5
529386
529385
529388
529387
529390
529389
529392
529396.5
529394
529398.5
529403
529400.5
529405
529409
529413
529418.5
529424
529420.5
529426
529422.5
529419
529417
529415
529412.5
529417
529421
529419
529423
529421
529425
529429
529434.5
529440
529436.5
529433
529438.5
529444
529440.5
529437
529435
529439
529437
529441
529446.5
529452
529464.5
529454
529466.5
529479
529481.5
529484
529487
529490
529489
529492
529494
529494
529493
529492
529491.5
529491
529480.5
529493
529495.5
529495
529497.5
529500
529499.5
529502
529501.5
529501
529503.5
529506
529505.5
529505
529494.5
529484
529480.5
529486
529498.5
529488
529500.5
529490
529486.5
529492
529504.5
529517
529519.5
529519
529521.5
529521
529523.5
529526
529525.5
529528
529531
529530
529529.5
529532
529535
529538
529540
529542
529542
529542
529541
529540
529539.5
529539
529528.5
529541
529543.5
529543
529545.5
529545
529534.5
529547
529549.5
529549
529538.5
529528
529524.5
529521
529519
529517
529521
529519
529523
529527
529532.5
529529
529534.5
529531
529529
529527
529531
529529
529526.5
529524
529523
529526
529525
529524
529527
529530
529534.5
529539
529543
529541
529538.5
529536
529540.5
529545
529542.5
529547
529544.5
529549
529546.5
529544
529543
529542
529540
529538
529538
529540
529544
529542
529542
529542
529540.5
529539
529536
529541
529538
529543
529540
529545
529542
529547
529550.5
529549
529552.5
529556
529558
529558
529556.5
529560
529558.5
529562
529560.5
529564
529566
529568
529572
529570
529570
529570
529572
529574
529574
529574
529576
529578
529582
529586
529584
529582
529582
529584
529588
529592
529595
529598
529597
529596
529594
529592
529596
529600
529603
529606
529610.5
529615
529619
529617
529614.5
529612
529616.5
529614
529618.5
529623
529620.5
529625
529629
529633
529638.5
529635
529633
529637
529635
529633
529630.5
529635
529632.5
529637
529634.5
529632
529636.5
529641
529645
529643
529640.5
529645
529642.5
529640
529639
529642
529646.5
529651
529655
529653
529657
529655
529659
529663
529661
529665
529670.5
529676
529688.5
529701
529690.5
529680
529692.5
529682
529694.5
529684
529696.5
529709
529698.5
529711
529713.5
529713
529702.5
529715
529704.5
529694
529706.5
529696
529692.5
529698
529694.5
529691
529689
529693
529691
529695
529700.5
529706
529702.5
529699
529697
529701
529706.5
529703
529708.5
529714
529726.5
529716
529728.5
529718
529730.5
529720
529716.5
529713
529711
529715
529713
529717
529722.5
529719
529724.5
529730
529726.5
529732
529728.5
529734
529746.5
529759
529761.5
529761
529763.5
529766
529769
529772
529771
529774
529773
529772
529771.5
529774
529777
529776
529779
529778
529777.5
529780
529779.5
529782
529781.5
529784
529783.5
529786
529785.5
529788
529791
529794
529796
529798
529798
529798
529800
529800
529799
529798
529801
529800
529803
529806
529805
529808
529807
529810
529809
529812
529814
529814
529813
529816
529815
529814
529813.5
529816
529819
529818
529817.5
529820
529823
529822
529825
529828
529830
529832
529832
529834
529835.5
529837
529839
529839
529841
529841
529843
529845
529845
529845
529845.5
529846
529847.5
529848
529848
529848
529847
529850
529852
529852
529851
529854
529853
529852
529851.5
529851
529853.5
529856
529859
529858
529857.5
529857
529859.5
529859
529861.5
529864
529867
529866
529869
529872
529874
529874
529873
529876
529875
529878
529877
529880
529882
529884
529884
529884
529883
529886
529888
529888
529890
529892
529893.5
529895
529897
529897
529899
529899
529901
529903
529903
529903
529905
529905
529907
529909
529909
529911
529913.5
529916
529918.5
529918
529920.5
529923
529926.5
529925
529924.5
529927
529926.5
529929
529928.5
529928
529927.5
529927
529927
529929
529929
529931
529933.5
529936
529935.5
529938
529937.5
529940
529939.5
529939
529939
529939
529941
529941
529943
529945
529945
529947
529947
529949
529949
529949
529949.5
529951
529953
529955
529955
529957
529959.5
529962
529964.5
529964
529966.5
529969
529968.5
529968
529967.5
529970
529972.5
529975
529974.5
529974
529976.5
529979
529982.5
529986
529984.5
529983
529982.5
529985
529988.5
529987
529990.5
529994
529995
529996
529994.5
529993
529996.5
530000
529998.5
529997
529996.5
529996
529995.5
529995
529997.5
530000
530002.5
530002
530004.5
530007
530006.5
530009
530012.5
530011
530014.5
530018
530016.5
530015
530018.5
530022
530020.5
530019
530022.5
530021
530020.5
530020
530022.5
530022
530021.5
530024
530026.5
530026
530025.5
530028
530030.5
530033
530032.5
530035
530034.5
530037
530040.5
530039
530042.5
530041
530044.5
530043
530046.5
530045
530048.5
530052
530050.5
530054
530055
530056
530062
530058
530059
530060
530066
530062
530063
530064
530065
530066
530064.5
530063
530066.5
530065
530064.5
530064
530066.5
530069
530068.5
530068
530067.5
530070
530069.5
530069
530069
530071
530073.5
530073
530073
530073
530075
530075
530075.5
530077
530079
530079
530081
530081
530083
530085
530085
530087
530087
530087
530087.5
530088
530089.5
530091
530093
530093
530093.5
530095
530095.5
530097
530099
530101
530101
530101
530103
530103
530103.5
530105
530105.5
530106
530106
530106
530105
530104
530107
530110
530109
530112
530114
530114
530116
530116
530118
530118
530120
530122
530123.5
530125
530125.5
530126
530126
530128
530128
530130
530130
530132
530132
530134
530134
530136
530136
530136
530138
530140
530141.5
530142
530143.5
530144
530145.5
530147
530149
530151
530153.5
530156
530158.5
530158
530160.5
530160
530159.5
530159
530159
530159
530159.5
530160
530161.5
530162
530163.5
530164
530165.5
530166
530167.5
530168
530168
530170
530170
530170
530169
530168
530171
530174
530173
530172
530171.5
530174
530177
530176
530175.5
530175
530164.5
530154
530150.5
530147
530152.5
530158
530154.5
530160
530172.5
530185
530187.5
530187
530176.5
530189
530191.5
530194
530197
530200
530199
530198
530197.5
530200
530199.5
530202
530205
530204
530207
530210
530212
530212
530214
530216
530216
530216
530218
530218
530217
530216
530215.5
530218
530217.5
530217
530206.5
530196
530208.5
530221
530223.5
530226
530229
530232
530231
530230
530233
530236
530235
530234
530233.5
530233
530235.5
530238
530237.5
530237
530226.5
530216
530228.5
530218
530214.5
530211
530209
530213
530218.5
530215
530220.5
530217
530222.5
530219
530217
530215
530219
530223
530228.5
530225
530230.5
530227
530232.5
530238
530250.5
530263
530265.5
530268
530267.5
530270
530269.5
530269
530258.5
530271
530260.5
530273
530262.5
530252
530248.5
530254
530250.5
530256
530268.5
530258
530270.5
530283
530285.5
530288
530291
530290
530289.5
530289
530278.5
530268
530264.5
530270
530282.5
530295
530284.5
530297
530286.5
530276
530272.5
530269
530274.5
530280
530292.5
530282
530278.5
530275
530273
530277
530275
530273
530270.5
530275
530272.5
530277
530274.5
530279
530283
530281
530278.5
530276
530280.5
530278
530282.5
530280
530284.5
530282
530281
530284
530288.5
530286
530285
530284
530287
530290
530294.5
530299
530303
530301
530305
530309
530307
530311
530316.5
530322
530318.5
530324
530336.5
530349
530351.5
530354
530357
530360
530359
530362
530364
530366
530367.5
530369
530369.5
530370
530371.5
530372
530373.5
530374
530375.5
530377
530379
530379
530379.5
530380
530381.5
530382
530383.5
530385
530385.5
530386
530386
530386
530388
530390
530390
530390
530389
530388
530387.5
530390
530389.5
530392
530391.5
530394
530397
530396
530395.5
530395
530384.5
530397
530386.5
530376
530372.5
530378
530374.5
530371
530376.5
530382
530378.5
530375
530380.5
530377
530382.5
530379
530377
530375
530379
530377
530374.5
530379
530383
530381
530385
530389
530387
530391
530389
530387
530384.5
530382
530386.5
530384
530388.5
530386
530385
530388
530392.5
530397
530394.5
530392
530391
530394
530393
530396
530395
530394
530397
530400
530404.5
530402
530406.5
530411
530408.5
530406
530410.5
530415
530419
530417
530414.5
530412
530416.5
530414
530418.5
530416
530415
530418
530422.5
530420
530419
530418
530421
530420
530423
530426
530430.5
530435
530432.5
530437
530434.5
530432
530431
530434
530438.5
530443
530440.5
530445
530442.5
530447
530451
530455
530453
530451
530448.5
530446
530445
530444
530442
530440
530440
530442
530442
530444
530448
530446
530450
530448
530448
530448
530446.5
530445
530442
530439
530444
530441
530438
530435
530440
530445
530442
530439
530439.5
530440
530441
530442
530443
530444
530445
530446
530447
530448
530449.5
530451
530456
530461
530458
530455
530455.5
530456
530457.5
530458
530459.5
530460
530461.5
530462
530463
530464
530465
530466
530465.5
530465
530464.5
530467
530466.5
530466
530461.5
530468
530463.5
530470
530472.5
530475
530474.5
530477
530479.5
530482
530481.5
530481
530483.5
530486
530487
530488
530489
530490
530491
530492
530491.5
530491
530490.5
530493
530495.5
530498
530499
530500
530501
530502
530503.5
530504
530505.5
530507
530512
530517
530514
530519
530516
530513
530518
530515
530520
530525
530522
530519
530524
530521
530521.5
530523
530523.5
530525
530530
530535
530540
530545
530542
530539
530544
530541
530538
530543
530548
530545
530542
530539
530539.5
530540
530541.5
530543
530543.5
530544
530545
530546
530545.5
530548
530547.5
530550
530551
530552
530553.5
530555
530560
530557
530557.5
530558
530559.5
530561
530561.5
530562
530563
530564
530565
530566
530567
530568
530569.5
530571
530576
530581
530586
530583
530580
530577
530577.5
530578
530579
530580
530581
530582
530583
530584
530585.5
530587
530592
530589
530594
530599
530596
530593
530593.5
530595
530600
530597
530597.5
530599
530604
530609
530614
530619
530622.5
530621
530618
530623
530626.5
530630
530632
530632
530634
530636
530640
530638
530638
530640
530640
530642
530642
530644
530648
530646
530650
530654
530657
530660
530659
530658
530661
530660
530663
530662
530660
530658
530658
530660
530664
530668
530671
530674
530678.5
530683
530680.5
530685
530689
530687
530691
530689
530693
530697
530702.5
530699
530697
530701
530699
530703
530701
530705
530710.5
530707
530705
530709
530714.5
530720
530732.5
530722
530718.5
530724
530720.5
530717
530722.5
530719
530724.5
530721
530726.5
530723
530728.5
530725
530730.5
530736
530748.5
530761
530763.5
530766
530765.5
530768
530767.5
530770
530773
530772
530771.5
530774
530777
530776
530775.5
530775
530777.5
530780
530783
530786
530785
530784
530787
530790
530792
530794
530795.5
530797
530799
530801
530801
530801
530801.5
530803
530803.5
530805
530805.5
530807
530807.5
530808
530808
530808
530807
530806
530805.5
530805
530807.5
530807
530796.5
530786
530798.5
530811
530813.5
530813
530815.5
530815
530817.5
530817
530819.5
530819
530821.5
530824
530827
530830
530832
530832
530834
530836
530837.5
530838
530838
530838
530840
530842
530843.5
530844
530844
530844
530846
530846
530848
530850
530851.5
530852
530853.5
530854
530854
530854
530856
530856
530855
530858
530857
530860
530862
530862
530861
530864
530866
530868
530868
530870
530870
530872
530872
530872
530874
530876
530876
530876
530875
530874
530873.5
530876
530879
530878
530881
530880
530883
530886
530888
530890
530890
530890
530889
530892
530891
530890
530893
530896
530898
530900
530901.5
530903
530903.5
530905
530905.5
530907
530907.5
530908
530909.5
530910
530910
530912
530912
530914
530915.5
530917
530917.5
530919
530919.5
530920
530921.5
530923
530923.5
530924
530925.5
530927
530929
530931
530931
530931
530933
530933
530935
530935
530935.5
530937
530937.5
530939
530939.5
530940
530941.5
530943
530945
530947
530949.5
530952
530951.5
530951
530953.5
530953
530953
530955
530957.5
530960
530962.5
530965
530968.5
530967
530966.5
530969
530972.5
530976
530974.5
530978
530979
530980
530986
530992
530988
530984
530990
530986
530987
530988
530989
530990
530996
530992
530998
531004
531010
531016
531012
531008
531014
531010
531016
531012
531018
531014
531010
531006
531012
531018
531024
531020
531016
531022
531018
531014
531020
531026
531022
531028
531034
531040
531036
531032
531028
531034
531030
531026
531027
531028
531029
531030
531036
531032
531033
531034
531032.5
531036
531034.5
531033
531036.5
531040
531041
531042
531040.5
531039
531038.5
531041
531044.5
531043
531046.5
531050
531051
531052
531050.5
531049
531048.5
531048
531047.5
531047
531049.5
531052
531054.5
531057
531056.5
531059
531062.5
531061
531064.5
531063
531066.5
531065
531068.5
531072
531070.5
531074
531072.5
531071
531070.5
531073
531076.5
531075
531074.5
531074
531076.5
531079
531078.5
531078
531080.5
531083
531082.5
531085
531088.5
531087
531086.5
531086
531088.5
531091
531094.5
531093
531092.5
531092
531094.5
531094
531096.5
531096
531095.5
531095
531097.5
531097
531099.5
531102
531101.5
531101
531101
531103
531103
531105
531105
531105
531107
531109
531109
531111
531111
531113
531113
531115
531115
531115
531117
531119
531121.5
531121
531123.5
531123
531125.5
531128
531130.5
531130
531129.5
531129
531131.5
531131
531131
531131
531131.5
531133
531133.5
531135
531135.5
531136
531136
531136
531135
531138
531137
531140
531142
531142
531141
531144
531146
531146
531145
531148
531150
531150
531149
531148
531147.5
531150
531153
531156
531158
531160
531160
531160
531162
531164
531165.5
531166
531167.5
531169
531169.5
531170
531171.5
531173
531173.5
531174
531175.5
531177
531179
531181
531181
531183
531183
531183
531183.5
531184
531184
531186
531186
531188
531189.5
531190
531190
531192
531193.5
531195
531197
531197
531199
531199
531201
531201
531203
531205
531207.5
531207
531209.5
531212
531214.5
531217
531216.5
531219
531218.5
531221
531224.5
531223
531222.5
531222
531224.5
531224
531223.5
531226
531225.5
531225
531225
531227
531227
531229
531229
531231
531231
531231
531233
531235
531235
531237
531237
531239
531241.5
531244
531243.5
531243
531245.5
531245
531247.5
531247
531249.5
531252
531254.5
531257
531256.5
531256
531255.5
531258
531260.5
531263
531266.5
531265
531264.5
531264
531266.5
531269
531268.5
531271
531274.5
531273
531272.5
531272
531274.5
531274
531276.5
531279
531278.5
531281
531280.5
531283
531286.5
531290
531288.5
531292
531290.5
531289
531288.5
531288
531287.5
531287
531289.5
531292
531294.5
531294
531296.5
531296
531295.5
531298
531300.5
531300
531299.5
531302
531301.5
531304
531306.5
531306
531305.5
531305
531305
531307
531307
531307
531309
531311
531311
531311
531311.5
531312
531313.5
531315
531317
531319
531319
531319
531319.5
531320
531320
531322
531323.5
531325
531325.5
531326
531327.5
531329
531329.5
531330
531331.5
531332
531333.5
531334
531334
531334
531336
531338
531339.5
531340
531341.5
531343
531345
531345
531347
531349
531349
531349
531349.5
531350
531350
531352
531353.5
531354
531354
531354
531353
531352
531355
531354
531353.5
531353
531342.5
531355
531344.5
531334
531346.5
531336
531332.5
531329
531334.5
531331
531336.5
531333
531338.5
531335
531333
531337
531335
531333
531337
531341
531339
531343
531348.5
531345
531343
531347
531345
531343
531347
531345
531342.5
531340
531339
531342
531346.5
531344
531343
531346
531345
531348
531347
531350
531354.5
531352
531356.5
531354
531358.5
531356
531355
531358
531357
531356
531354
531358
531356
531354
531358
531362
531360
531358
531358
531358
531360
531362
531366
531364
531364
531364
531366
531368
531368
531370
531374
531378
531376
531380
531383
531382
531380
531378
531378
531380
531380
531382
531382
531384
531384
531384
531382.5
531381
531384.5
531388
531386.5
531390
531388.5
531387
531384
531389
531392.5
531396
531394.5
531398
531396.5
531400
531398.5
531402
531400.5
531399
531402.5
531401
531398
531403
531406.5
531410
531412
531414
531418
531416
531416
531418
531418
531420
531424
531422
531426
531430
531428
531432
531435
531434
531437
531440
531444.5
531442
531441
531440
531438
531436
531436
531436
531434.5
531438
531440
531440
531442
531442
531444
531446
531450
531448
531452
531450
531454
531458
531456
531454
531454
531456
531456
531458
531458
531460
531460
531460
531458.5
531457
531454
531451
531456
531461
531458
531463
531460
531465
531462
531467
531464
531469
531466
531463
531460
531457
531462
531459
531459.5
531461
531461.5
531463
531463.5
531465
531470
531475
531472
531477
531482
531479
531476
531481
531478
531483
531488
531485
531490
531495
531492
531497
531494
531499
531502.5
531501
531504.5
531503
531506.5
531510
531508.5
531507
531510.5
531509
531506
531503
531500
531505
531502
531499
531504
531501
531501.5
531502
531503
531504
531503.5
531503
531502.5
531505
531504.5
531504
531499.5
531506
531508.5
531511
531513.5
531513
531512.5
531512
531514.5
531517
531519.5
531519
531521.5
531521
531523.5
531523
531522.5
531525
531524.5
531524
531519.5
531515
531515
531517
531523.5
531530
531525.5
531521
531521
531523
531529.5
531525
531531.5
531538
531540.5
531543
531545.5
531548
531549
531550
531549.5
531552
531551.5
531551
531550.5
531553
531555.5
531555
531554.5
531557
531559.5
531562
531563
531564
531565.5
531566
531567
531568
531569.5
531571
531576
531573
531578
531583
531588
531593
531590
531587
531592
531597
531600.5
531599
531596
531601
531598
531595
531592
531597
531594
531599
531596
531593
531598
531603
531608
531605
531610
531615
531618.5
531617
531614
531611
531616
531621
531624.5
531623
531626.5
531630
531632
531634
531634
531634
531632.5
531631
531628
531625
531622
531619
531619.5
531620
531621.5
531623
531623.5
531624
531625.5
531626
531627.5
531628
531629
531630
531631
531632
531631.5
531634
531633.5
531633
531635.5
531638
531639
531640
531641
531642
531643
531644
531645
531646
531647
531648
531649
531650
531651
531652
531653
531654
531655
531656
531657.5
531658
531659
531660
531661
531662
531663
531664
531663.5
531663
531662.5
531665
531664.5
531667
531666.5
531669
531668.5
531668
531670.5
531670
531665.5
531661
531667.5
531674
531676.5
531676
531671.5
531667
531673.5
531680
531675.5
531671
531677.5
531684
531686.5
531689
531691.5
531691
531693.5
531696
531695.5
531698
531699
531700
531701
531702
531703
531704
531705
531706
531707
531708
531709
531710
531711.5
531712
531713.5
531714
531715
531716
531717
531718
531719.5
531720
531721
531722
531723
531724
531725
531726
531725.5
531725
531724.5
531724
531719.5
531715
531721.5
531717
531723.5
531719
531719
531719
531721
531723
531729.5
531736
531731.5
531727
531727
531729
531735.5
531742
531737.5
531744
531739.5
531735
531735
531735
531737
531739
531745.5
531752
531747.5
531754
531749.5
531745
531751.5
531758
531760.5
531763
531765.5
531768
531769
531770
531771
531772
531771.5
531771
531773.5
531773
531775.5
531778
531777.5
531780
531781
531782
531783
531784
531783.5
531783
531782.5
531782
531777.5
531784
531786.5
531786
531788.5
531791
531793.5
531796
531797
531798
531799.5
531800
531801.5
531802
531803.5
531804
531805
531806
531805.5
531805
531804.5
531807
531809.5
531809
531811.5
531814
531815
531816
531817.5
531819
531824
531829
531826
531823
531823.5
531824
531825
531826
531825.5
531825
531827.5
531830
531829.5
531832
531833
531834
531833.5
531836
531835.5
531838
531839
531840
531841.5
531843
531843.5
531844
531845.5
531846
531847
531848
531849
531850
531849.5
531852
531851.5
531854
531855
531856
531857
531858
531859.5
531860
531861
531862
531861.5
531861
531863.5
531863
531862.5
531862
531864.5
531864
531866.5
531869
531871.5
531871
531873.5
531873
531875.5
531875
531877.5
531877
531876.5
531876
531871.5
531867
531867
531869
531875.5
531882
531884.5
531884
531879.5
531886
531888.5
531888
531890.5
531890
531885.5
531892
531894.5
531894
531896.5
531899
531901.5
531901
531903.5
531906
531907
531908
531909
531910
531911
531912
531913
531914
531915
531916
531915.5
531915
531914.5
531914
531909.5
531916
531918.5
531918
531920.5
531920
531915.5
531922
531917.5
531913
531919.5
531926
531928.5
531928
531923.5
531919
531919
531921
531927.5
531934
531936.5
531939
531941.5
531944
531945
531946
531945.5
531948
531949
531950
531951
531952
531953
531954
531953.5
531956
531957
531958
531959
531960
531961.5
531963
531968
531965
531965.5
531967
531967.5
531968
531969
531970
531971
531972
531973
531974
531975
531976
531975.5
531975
531977.5
531980
531979.5
531979
531981.5
531981
531980.5
531983
531982.5
531985
531984.5
531987
531989.5
531992
531991.5
531994
531995
531996
531997.5
531998
531999
532000
532001
532002
532003
532004
532005
532006
532005.5
532008
532009
532010
532009.5
532009
532011.5
532014
532015
532016
532017.5
532019
532019.5
532021
532021.5
532022
532023
532024
532025
532026
532027.5
532028
532029
532030
532029.5
532029
532031.5
532031
532030.5
532033
532032.5
532035
532037.5
532040
532041
532042
532043
532044
532045
532046
532047
532048
532047.5
532050
532049.5
532052
532051.5
532051
532050.5
532050
532052.5
532052
532047.5
532054
532049.5
532045
532045
532047
532047
532047
532049
532051
532057.5
532064
532066.5
532066
532068.5
532068
532070.5
532073
532075.5
532075
532077.5
532077
532076.5
532079
532078.5
532081
532080.5
532083
532085.5
532088
532089
532090
532089.5
532089
532091.5
532091
532093.5
532096
532095.5
532098
532099
532100
532101
532102
532101.5
532104
532103.5
532103
532105.5
532105
532104.5
532104
532106.5
532106
532101.5
532097
532103.5
532110
532112.5
532115
532114.5
532117
532116.5
532116
532111.5
532118
532120.5
532120
532115.5
532122
532117.5
532113
532113
532113
532110
532115
532117
532117
532119
532121
532121
532123
532123
532125
532131.5
532127
532127
532127
532124
532129
532126
532131
532128
532125
532130
532127
532124.5
532122
532126.5
532124
532128.5
532126
532130.5
532128
532132.5
532130
532134.5
532139
532144
532149
532146
532151
532148
532145
532142.5
532140
532144.5
532142
532141
532144
532148.5
532146
532145
532148
532147
532146
532149
532148
532142
532136
532144
532138
532135.5
532133
532137.5
532142
532150
532144
532152
532160
532154
532162
532165
532168
532172.5
532170
532174.5
532172
532171
532170
532173
532176
532175
532178
532182.5
532187
532184.5
532182
532181
532180
532183
532182
532185
532184
532178
532186
532189
532188
532191
532190
532184
532178
532186
532180
532188
532182
532190
532198
532201
532200
532194
532188
532185.5
532183
532180.5
532178
532178.5
532180
532184.5
532189
532193.5
532191
532195.5
532193
532190.5
532188
532188.5
532190
532190.5
532192
532196.5
532194
532198.5
532203
532200.5
532198
532202.5
532207
532204.5
532202
532202.5
532203
532198.5
532205
532206.5
532207
532202.5
532209
532204.5
532200
532206.5
532213
532208.5
532204
532210.5
532217
532212.5
532208
532214.5
532210
532216.5
532223
532218.5
532214
532220.5
532216
532222.5
532229
532224.5
532220
532226.5
532222
532221
532224
532230.5
532226
532232.5
532239
532240.5
532241
532242.5
532244
532248.5
532253
532250.5
532248
532252.5
532250
532254.5
532252
532256.5
532254
532258.5
532256
532260.5
532258
532258.5
532260
532264.5
532269
532266.5
532264
532268.5
532266
532266.5
532268
532268.5
532270
532270.5
532272
532276.5
532281
532285.5
532290
532287.5
532292
532300
532294
532291.5
532296
532304
532312
532315
532314
532308
532302
532310
532318
532312
532320
532323
532322
532325
532324
532327
532330
532334.5
532339
532344
532341
532338.5
532336
532340.5
532338
532337
532336
532330
532338
532332
532340
532334
532342
532345
532348
532352.5
532350
532354.5
532352
532356.5
532361
532366
532371
532368
532373
532370
532367
532364.5
532362
532366.5
532371
532368.5
532373
532378
532375
532372.5
532370
532374.5
532372
532376.5
532381
532378.5
532376
532375
532378
532382.5
532380
532384.5
532382
532386.5
532384
532388.5
532386
532385
532388
532392.5
532397
532394.5
532392
532396.5
532394
532398.5
532396
532395
532398
532402.5
532407
532404.5
532409
532406.5
532404
532403
532406
532410.5
532415
532420
532417
532422
532427
532429
532431
532431
532431
532428
532425
532422.5
532420
532424.5
532429
532434
532431
532436
532433
532438
532435
532432.5
532430
532434.5
532432
532436.5
532434
532433
532432
532435
532438
532437
532436
532430
532438
532441
532440
532434
532442
532445
532444
532438
532432
532429.5
532434
532442
532450
532444
532452
532455
532454
532457
532456
532450
532458
532461
532464
532463
532462
532465
532464
532458
532466
532469
532472
532471
532470
532473
532476
532480.5
532478
532482.5
532480
532484.5
532482
532481
532480
532483
532482
532476
532484
532478
532472
532469.5
532474
532482
532476
532484
532478
532486
532494
532497
532496
532490
532484
532481.5
532479
532483.5
532488
532485.5
532490
532498
532506
532500
532494
532502
532496
532493.5
532491
532488.5
532486
532486.5
532487
532488.5
532489
532490.5
532492
532496.5
532501
532505.5
532510
532518
532526
532529
532528
532522
532516
532524
532532
532535
532538
532542.5
532547
532544.5
532542
532541
532544
532548.5
532546
532550.5
532548
532552.5
532550
532554.5
532559
532556.5
532561
532558.5
532563
532560.5
532558
532557
532556
532559
532558
532561
532560
532554
532548
532545.5
532543
532547.5
532545
532542.5
532540
532544.5
532549
532553.5
532551
532555.5
532560
532568
532562
532559.5
532564
532561.5
532566
532563.5
532561
532565.5
532563
532560.5
532558
532562.5
532560
532564.5
532562
532562.5
532563
532558.5
532565
532560.5
532567
532568.5
532570
532574.5
532579
532583.5
532588
532585.5
532583
532580.5
532585
532589.5
532594
532602
532610
532613
532616
532615
532614
532608
532602
532599.5
532604
532601.5
532599
532603.5
532601
532598.5
532596
532596.5
532597
532592.5
532588
532594.5
532590
532596.5
532592
532598.5
532594
532600.5
532607
532608.5
532609
532610.5
532612
532616.5
532614
532614.5
532615
532616.5
532618
532618.5
532619
532620.5
532621
532616.5
532612
532618.5
532625
532626.5
532628
532628.5
532630
532634.5
532639
532643.5
532641
532638.5
532636
532640.5
532638
532638.5
532640
532640.5
532642
532646.5
532651
532655.5
532653
532650.5
532648
532652.5
532650
532650.5
532651
532646.5
532653
532654.5
532656
532656.5
532658
532662.5
532660
532660.5
532662
532662.5
532663
532664.5
532666
532666.5
532668
532672.5
532677
532681.5
532679
532683.5
532688
532685.5
532690
532687.5
532685
532689.5
532694
532691.5
532696
532704
532712
532706
532714
532717
532720
532724.5
532729
532734
532731
532728.5
532733
532738
532743
532740
532745
532742
532739
532736.5
532734
532733
532732
532735
532738
532742.5
532747
532752
532749
532746.5
532751
532756
532761
532763
532765
532771.5
532778
532773.5
532780
532782.5
532785
532787.5
532790
532789.5
532789
532788.5
532788
532790.5
532793
532792.5
532792
532787.5
532783
532783
532783
532785
532787
532793.5
532789
532795.5
532802
532797.5
532793
532793
532795
532801.5
532808
532803.5
532810
532805.5
532801
532801
532801
532798
532803
532805
532805
532802
532799
532796.5
532794
532793
532792
532795
532794
532788
532796
532790
532784
532792
532800
532803
532802
532796
532804
532807
532806
532809
532808
532802
532810
532813
532816
532815
532818
532817
532816
532810
532804
532801.5
532806
532803.5
532801
532805.5
532803
532807.5
532805
532809.5
532807
532811.5
532809
532813.5
532811
532815.5
532813
532810.5
532815
532812.5
532810
532814.5
532819
532823.5
532828
532825.5
532823
532820.5
532825
532822.5
532820
532824.5
532829
532826.5
532824
532828.5
532826
532826.5
532828
532832.5
532830
532834.5
532839
532836.5
532841
532838.5
532843
532840.5
532845
532842.5
532847
532851.5
532856
532864
532858
532855.5
532853
532857.5
532862
532870
532878
532872
532880
532883
532882
532876
532884
532878
532872
532869.5
532874
532871.5
532869
532866.5
532864
532868.5
532866
532870.5
532868
532868.5
532869
532864.5
532871
532872.5
532874
532878.5
532883
532880.5
532885
532889.5
532894
532902
532896
532893.5
532898
532906
532914
532908
532916
532910
532918
532912
532906
532903.5
532901
532898.5
532903
532907.5
532912
532920
532928
532931
532934
532938.5
532943
532940.5
532938
532937
532940
532944.5
532949
532946.5
532951
532948.5
532946
532950.5
532948
532952.5
532950
532954.5
532952
532951
532950
532953
532956
532960.5
532965
532962.5
532960
532964.5
532962
532961
532964
532968.5
532966
532970.5
532975
532972.5
532970
532969
532972
532971
532970
532973
532976
532975
532974
532968
532962
532970
532978
532972
532966
532963.5
532968
532976
532970
532967.5
532972
532980
532974
532971.5
532976
532973.5
532978
532986
532980
532988
532996
532999
532998
533001
533004
533008.5
533006
533010.5
533008
533007
533006
533009
533008
533002
532996
533004
532998
532995.5
533000
532997.5
532995
532992.5
532990
532994.5
532992
532992.5
532994
532998.5
532996
533000.5
532998
533002.5
533007
533004.5
533009
533006.5
533004
533004.5
533005
533000.5
533007
533002.5
533009
533004.5
533011
533012.5
533013
533014.5
533016
533016.5
533018
533018.5
533019
533014.5
533010
533009
533008
533006
533004
533008
533012
533015
533014
533017
533016
533014
533012
533016
533020
533023
533022
533020
533024
533022
533026
533029
533028
533031
533030
533033
533032
533030
533028
533032
533036
533039
533042
533048.5
533044
533043
533042
533040
533044
533047
533046
533049
533048
533051
533050
533053
533052
533055
533054
533052
533056
533059
533062
533068.5
533075
533076.5
533077
533078.5
533080
533084.5
533082
533086.5
533091
533088.5
533093
533097.5
533095
533099.5
533104
533101.5
533106
533114
533122
533116
533124
533118
533126
533129
533132
533131
533134
533138.5
533136
533135
533138
533142.5
533147
533152
533149
533146.5
533144
533148.5
533146
533150.5
533155
533160
533157
533162
533159
533164
533169
533171
533173
533173
533173
533175
533177
533177
533179
533179
533181
533181
533183
533189.5
533196
533191.5
533187
533187
533189
533195.5
533191
533197.5
533193
533193
533193
533195
533195
533192
533189
533194
533191
533188.5
533193
533198
533203
533205
533207
533207
533207
533209
533209
533211
533213
533219.5
533226
533228.5
533228
533223.5
533219
533225.5
533221
533227.5
533223
533223
533225
533225
533225
533222
533227
533229
533231
533237.5
533244
533239.5
533246
533241.5
533248
533243.5
533250
533245.5
533252
533254.5
533257
533256.5
533259
533261.5
533261
533260.5
533260
533262.5
533262
533264.5
533264
533266.5
533266
533261.5
533257
533263.5
533259
533259
533259
533256
533253
533250.5
533255
533260
533257
533262
533267
533269
533269
533266
533263
533268
533273
533270
533267
533264.5
533269
533274
533279
533281
533281
533283
533283
533280
533285
533287
533289
533289
533289
533286
533283
533280.5
533285
533282.5
533287
533292
533297
533299
533301
533307.5
533303
533309.5
533305
533305
533305
533307
533309
533315.5
533322
533324.5
533327
533329.5
533332
533333
533334
533333.5
533333
533332.5
533332
533327.5
533334
533329.5
533325
533331.5
533327
533333.5
533329
533335.5
533342
533337.5
533333
533333
533335
533341.5
533337
533343.5
533339
533339
533339
533336
533333
533338
533343
533340
533345
533347
533349
533349
533351
533351
533353
533353
533355
533361.5
533357
533363.5
533370
533372.5
533372
533374.5
533377
533379.5
533379
533381.5
533384
533385
533386
533385.5
533385
533384.5
533384
533386.5
533389
533391.5
533394
533395
533396
533397
533398
533399.5
533401
533406
533403
533408
533413
533410
533415
533412
533409
533414
533419
533416
533413
533418
533423
533428
533425
533422
533419
533424
533421
533421.5
533422
533423.5
533425
533425.5
533426
533427
533428
533427.5
533430
533429.5
533429
533428.5
533428
533430.5
533433
533435.5
533435
533434.5
533434
533436.5
533436
533438.5
533438
533440.5
533443
533445.5
533448
533449
533450
533449.5
533449
533451.5
533451
533450.5
533450
533452.5
533455
533454.5
533457
533456.5
533456
533458.5
533458
533460.5
533460
533462.5
533465
533467.5
533470
533471
533472
533473
533474
533473.5
533476
533475.5
533478
533477.5
533480
533481
533482
533483.5
533484
533485.5
533487
533492
533489
533494
533491
533491.5
533492
533493.5
533494
533495
533496
533497
533498
533497.5
533500
533499.5
533499
533501.5
533504
533503.5
533503
533502.5
533502
533504.5
533504
533506.5
533509
533508.5
533511
533513.5
533513
533515.5
533515
533514.5
533517
533516.5
533519
533518.5
533518
533520.5
533520
533515.5
533511
533517.5
533513
533519.5
533526
533521.5
533517
533523.5
533519
533525.5
533521
533527.5
533534
533529.5
533525
533525
533525
533522
533519
533516.5
533521
533518.5
533523
533520.5
533518
533517
533520
533519
533518
533512
533520
533523
533522
533525
533528
533532.5
533537
533534.5
533532
533531
533530
533524
533518
533515.5
533513
533510.5
533508
533508.5
533510
533514.5
533512
533512.5
533514
533514.5
533515
533516.5
533518
533518.5
533519
533520.5
533521
533522.5
533524
533528.5
533533
533537.5
533535
533539.5
533544
533541.5
533546
533543.5
533541
533545.5
533543
533540.5
533545
533542.5
533547
533551.5
533549
533553.5
533558
533566
533560
533568
533562
533570
533578
533572
533566
533574
533568
533565.5
533563
533560.5
533558
533562.5
533560
533564.5
533562
533562.5
533564
533568.5
533573
533577.5
533582
533590
533598
533592
533600
533594
533588
533596
533604
533598
533592
533589.5
533587
533584.5
533582
533582.5
533584
533584.5
533585
533580.5
533587
533582.5
533589
533590.5
533592
533592.5
533594
533594.5
533595
533596.5
533597
533598.5
533600
533600.5
533601
533602.5
533603
533604.5
533606
533606.5
533608
533612.5
533617
533621.5
533619
533616.5
533614
533614.5
533616
533620.5
533618
533618.5
533619
533614.5
533610
533609
533612
533618.5
533614
533620.5
533616
533615
533618
533617
533616
533619
533622
533621
533624
533630.5
533626
533632.5
533628
533634.5
533630
533629
533628
533631
533630
533633
533632
533635
533638
533644.5
533640
533639
533638
533641
533640
533643
533646
533645
533644
533642
533646
533644
533648
533651
533650
533653
533656
533662.5
533669
533670.5
533671
533672.5
533673
533674.5
533675
533670.5
533666
533672.5
533668
533667
533666
533669
533668
533666
533670
533673
533672
533675
533674
533672
533676
533679
533678
533676
533680
533678
533682
533685
533688
533687
533690
533689
533692
533698.5
533705
533706.5
533708
533708.5
533710
533714.5
533719
533723.5
533721
533718.5
533716
533716.5
533718
533722.5
533727
533731.5
533729
533726.5
533731
533728.5
533726
533730.5
533735
533739.5
533737
533741.5
533739
533743.5
533748
533745.5
533750
533758
533766
533760
533768
533762
533756
533764
533772
533766
533774
533777
533776
533779
533778
533781
533780
533774
533768
533776
533770
533767.5
533765
533762.5
533767
533764.5
533769
533773.5
533771
533768.5
533773
533770.5
533768
533772.5
533770
533770.5
533772
533772.5
533774
533774.5
533775
533770.5
533777
533772.5
533768
533767
533770
533769
533772
533778.5
533774
533773
533772
533770
533768
533765.5
533763
533767.5
533765
533769.5
533767
533771.5
533776
533773.5
533771
533775.5
533780
533777.5
533782
533786
533790
533788
533786
533790
533788
533792
533790
533787.5
533792
533789.5
533794
533791.5
533789
533793.5
533791
533783
533775
533773.5
533777
533787
533779
533789
533799
533791
533783
533781.5
533785
533795
533787
533785.5
533789
533799
533809
533801
533811
533803
533813
533805
533797
533795.5
533799
533797.5
533796
533799.5
533803
533813
533805
533815
533807
533805.5
533809
533819
533811
533809.5
533808
533796.5
533785
533798.5
533812
533815.5
533819
533817.5
533821
533819.5
533818
533806.5
533820
533808.5
533822
533825.5
533829
533827.5
533831
533829.5
533833
533843
533853
533857.5
533862
533866
533864
533868
533872
533870
533868
533872
533876
533879
533878
533881
533880
533883
533882
533880
533878
533882
533880
533877.5
533882
533886
533890
533893
533892
533890
533894
533897
533900
533899
533898
533901
533904
533910.5
533917
533918.5
533920
533920.5
533921
533916.5
533912
533918.5
533914
533913
533912
533910
533908
533912
533910
533914
533912
533916
533914
533911.5
533909
533901
533893
533903
533913
533917.5
533915
533919.5
533924
533921.5
533926
533930
533928
533925.5
533930
533927.5
533932
533936
533934
533931.5
533936
533940
533938
533942
533940
533937.5
533942
533939.5
533937
533929
533939
533943.5
533941
533945.5
533943
533947.5
533952
533956
533954
533951.5
533956
533960
533964
533962
533960
533957.5
533955
533959.5
533957
533961.5
533959
533951
533943
533953
533963
533955
533947
533957
533949
533959
533951
533949.5
533953
533963
533955
533965
533957
533967
533977
533981.5
533979
533971
533963
533973
533965
533975
533967
533965.5
533964
533967.5
533971
533969.5
533973
533983
533975
533985
533977
533987
533979
533977.5
533981
533979.5
533978
533966.5
533980
533983.5
533987
533997
534007
533999
534009
534013.5
534018
534015.5
534020
534024
534022
534026
534030
534033
534036
534035
534038
534044.5
534051
534052.5
534054
534054.5
534055
534050.5
534046
534052.5
534048
534054.5
534061
534056.5
534052
534051
534050
534048
534052
534055
534054
534057
534060
534066.5
534062
534068.5
534075
534070.5
534077
534072.5
534079
534080.5
534081
534082.5
534083
534084.5
534086
534090.5
534095
534092.5
534090
534094.5
534099
534096.5
534101
534098.5
534096
534100.5
534105
534109.5
534114
534111.5
534109
534106.5
534104
534108.5
534113
534117.5
534122
534130
534138
534141
534140
534134
534142
534145
534144
534147
534146
534149
534152
534156.5
534154
534153
534152
534155
534154
534148
534142
534150
534158
534161
534164
534163
534162
534156
534164
534158
534166
534160
534168
534162
534156
534153.5
534158
534166
534174
534177
534180
534184.5
534182
534181
534184
534188.5
534186
534190.5
534188
534187
534186
534189
534192
534191
534194
534198.5
534203
534208
534205
534202.5
534200
534199
534198
534201
534204
534203
534202
534205
534208
534207
534210
534209
534208
534211
534214
534218.5
534223
534220.5
534218
534217
534216
534219
534218
534212
534206
534214
534208
534216
534210
534207.5
534212
534209.5
534214
534211.5
534209
534206.5
534211
534208.5
534206
534210.5
534215
534219.5
534224
534232
534226
534223.5
534228
534225.5
534223
534220.5
534225
534222.5
534220
534224.5
534222
534226.5
534224
534228.5
534233
534237.5
534235
534239.5
534237
534234.5
534232
534236.5
534241
534238.5
534236
534240.5
534245
534249.5
534247
534244.5
534242
534246.5
534244
534244.5
534245
534246.5
534248
534252.5
534250
534254.5
534252
534256.5
534261
534258.5
534256
534256.5
534258
534262.5
534260
534260.5
534261
534262.5
534263
534258.5
534254
534260.5
534256
534262.5
534258
534257
534256
534254
534252
534256
534254
534258
534262
534260
534258
534255.5
534260
534264
534262
534259.5
534257
534261.5
534266
534270
534268
534272
534270
534274
534272
534276
534274
534271.5
534276
534280
534284
534282
534286
534284
534282
534286
534290
534288
534292
534295
534298
534304.5
534311
534312.5
534314
534318.5
534316
534316.5
534317
534312.5
534308
534314.5
534310
534309
534308
534306
534304
534301.5
534299
534291
534283
534281.5
534280
534283.5
534287
534285.5
534284
534272.5
534286
534274.5
534263
534263.5
534265
534265.5
534267
534267.5
534268
534269.5
534271
534271.5
534272
534272
534274
534274
534274
534275
534276
534278
534280
534280
534280
534281
534282
534283
534284
534285
534286
534287
534288
534290
534290
534291
534292
534293
534294
534295
534296
534297
534298
534299
534300
534301
534302
534304
534304
534305
534306
534307
534308
534310
534310
534311
534312
534313
534314
534316
534316
534318
534320
534320
534320
534322
534322
534323
534324
534325
534326
534323
534320
534325
534322
534327
534324
534329
534334
534335
534336
534337
534338
534339
534340
534341
534342
534343
534344
534345
534346
534347
534348
534350
534352
534353.5
534355
534368.5
534382
534370.5
534384
534387.5
534391
534389.5
534393
534391.5
534390
534378.5
534392
534395.5
534394
534397.5
534401
534411
534421
534413
534423
534415
534425
534429.5
534434
534431.5
534429
534421
534413
534423
534433
534437.5
534442
534439.5
534444
534441.5
534446
534443.5
534441
534445.5
534450
534447.5
534452
534449.5
534447
534439
534449
534453.5
534451
534443
534453
534457.5
534455
534447
534439
534437.5
534436
534424.5
534438
534426.5
534440
534443.5
534447
534457
534449
534459
534469
534473.5
534478
534482
534480
534477.5
534482
534486
534484
534481.5
534486
534483.5
534488
534485.5
534490
534494
534492
534489.5
534494
534491.5
534489
534493.5
534491
534495.5
534493
534485
534495
534487
534497
534501.5
534506
534510
534514
534512
534510
534514
534512
534509.5
534507
534499
534491
534501
534511
534503
534495
534493.5
534497
534495.5
534494
534482.5
534496
534484.5
534498
534486.5
534475
534488.5
534502
534490.5
534479
534479.5
534480
534480
534480
534482
534484
534484
534486
534487.5
534488
534488
534490
534491.5
534493
534493.5
534494
534494
534494
534495
534496
534497
534498
534499
534500
534501
534502
534503
534504
534505
534506
534503
534508
534509
534510
534512
534514
534514
534514
534516
534518
534518
534518
534520
534520
534521
534522
534523
534524
534525
534526
534527
534528
534529
534530
534532
534532
534533
534534
534531
534528
534533
534538
534535
534540
534541
534542
534544
534546
534547.5
534548
534548
534548
534549
534550
534551
534552
534553
534554
534556
534556
534557
534558
534560
534560
534562
534564
534565.5
534567
534567.5
534569
534569.5
534570
534571.5
534573
534573.5
534575
534588.5
534602
534605.5
534604
534592.5
534581
534594.5
534608
534596.5
534585
534585.5
534587
534600.5
534589
534602.5
534616
534619.5
534623
534621.5
534625
534635
534627
534625.5
534629
534627.5
534626
534629.5
534633
534631.5
534630
534618.5
534607
534607.5
534608
534609.5
534610
534610
534612
534613.5
534614
534614
534614
534616
534616
534618
534618
534619
534620
534621
534622
534623
534624
534625
534626
534628
534628
534629
534630
534632
534632
534634
534634
534635
534636
534638
534638
534639
534640
534641
534642
534644
534644
534645
534646
534647
534648
534645
534642
534647
534644
534649
534654
534651
534648
534641.5
534650
534643.5
534652
534657
534662
534659
534656
534661
534666
534667
534668
534669
534670
534667
534664
534657.5
534666
534659.5
534668
534661.5
534655
534654.5
534657
534656.5
534659
534658.5
534661
534660.5
534660
534662.5
534662
534657
534664
534659
534666
534661
534656
534656
534658
534658
534660
534667
534674
534676.5
534676
534671
534666
534673
534668
534675
534682
534677
534684
534686.5
534686
534688.5
534688
534683
534690
534685
534680
534687
534682
534682
534684
534691
534698
534700.5
534703
534702.5
534702
534697
534692
534699
534706
534708.5
534708
534710.5
534713
534712.5
534715
534723.5
534732
534725.5
534734
534727.5
534721
534729.5
534738
534731.5
534725
534733.5
534742
534747
534744
534749
534746
534739.5
534748
534753
534750
534755
534752
534745.5
534739
534738.5
534741
534740.5
534743
534751.5
534745
534753.5
534762
534755.5
534764
534769
534766
534759.5
534753
534752.5
534755
534754.5
534754
534749
534756
534751
534758
534753
534760
534755
534762
534764.5
534767
534775.5
534784
534789
534794
534795
534796
534793
534798
534795
534792
534785.5
534794
534787.5
534781
534789.5
534783
534791.5
534785
534784.5
534787
534795.5
534804
534797.5
534806
534799.5
534808
534813
534818
534819
534820
534822
534822
534823
534824
534825
534826
534827
534828
534829
534830
534831
534832
534833
534834
534835
534836
534833
534838
534839
534840
534841
534842
534844
534846
534847.5
534848
534848
534848
534850
534850
534852
534852
534853
534854
534855
534856
534858
534858
534860
534862
534862
534862
534863
534864
534866
534868
534868
534870
534871.5
534873
534873.5
534875
534875.5
534877
534890.5
534879
534892.5
534906
534894.5
534908
534896.5
534910
534913.5
534912
534900.5
534914
534902.5
534891
534891.5
534892
534892
534894
534895.5
534896
534896
534898
534898
534898
534900
534900
534901
534902
534903
534904
534905
534906
534907
534908
534909
534910
534907
534904
534909
534914
534915
534916
534913
534918
534915
534912
534917
534922
534919
534924
534925
534926
534927
534928
534929
534930
534932
534932
534934
534934
534936
534936
534937
534938
534939
534940
534941
534942
534944
534944
534946
534946
534947
534948
534949
534950
534947
534944
534949
534954
534955
534956
534957
534958
534960
534960
534961
534962
534963
534964
534965
534966
534963
534968
534965
534962
534967
534972
534969
534974
534971
534976
534977
534978
534980
534980
534981
534982
534983
534984
534985
534986
534988
534988
534989
534990
534991
534992
534993
534994
534991
534996
534993
534990
534983.5
534977
534985.5
534979
534978.5
534978
534973
534980
534975
534970
534977
534972
534972
534974
534974
534974
534976
534978
534985
534980
534980
534980
534982
534984
534991
534986
534993
534988
534988
534988
534981.5
534975
534974
534973
534976
534979
534978
534981
534989.5
534998
534991.5
535000
534993.5
535002
535004
535004
534997.5
534991
534999.5
535008
535001.5
535010
535012
535014
535021
535028
535030.5
535033
535041.5
535035
535043.5
535052
535045.5
535054
535047.5
535041
535049.5
535043
535051.5
535060
535053.5
535062
535055.5
535049
535048.5
535051
535050.5
535050
535052.5
535052
535047
535054
535049
535044
535044
535044
535037.5
535046
535048
535048
535041.5
535035
535034
535037
535036
535039
535038
535037
535035.5
535034
535032
535036
535034
535032
535036
535034
535038
535042
535045.5
535044
535042
535040
535038
535036
535040
535044
535048
535052
535055.5
535059
535057.5
535056
535059.5
535058
535061.5
535065
535063.5
535062
535065.5
535064
535062
535066
535069.5
535068
535066
535070
535068
535072
535075.5
535074
535072
535070
535068
535066
535061.5
535068
535072
535076
535080
535078
535076
535080
535078
535082
535080
535084
535082
535080
535075.5
535071
535063.5
535073
535079.5
535075
535067.5
535060
535059
535058
535059
535060
535063
535066
535075.5
535085
535077.5
535070
535069
535068
535071
535070
535071
535072
535073
535074
535072.5
535076
535074.5
535078
535076.5
535075
535076
535077
535078
535079
535069.5
535060
535071.5
535062
535073.5
535085
535086
535087
535088
535089
535090
535091
535092
535093
535096.5
535095
535098.5
535097
535100.5
535104
535105
535106
535104.5
535103
535104
535105
535106
535107
535108
535109
535099.5
535111
535112
535113
535114
535115
535118.5
535122
535123
535124
535122.5
535126
535124.5
535128
535129
535130
535128.5
535132
535130.5
535134
535132.5
535131
535134.5
535138
535139
535140
535141
535142
535143
535144
535147
535146
535147
535148
535151
535150
535153
535152
535155
535158
535157
535160
535159
535162
535171.5
535164
535163
535166
535175.5
535185
535177.5
535170
535169
535172
535171
535170
535171
535172
535170.5
535174
535172.5
535176
535177
535178
535179
535180
535178.5
535182
535183
535184
535187
535186
535187
535188
535191
535194
535193
535196
535195
535198
535207.5
535217
535223.5
535230
535234
535232
535227.5
535223
535229.5
535225
535217.5
535210
535219.5
535212
535221.5
535214
535223.5
535216
535215
535214
535217
535220
535219
535222
535231.5
535241
535247.5
535254
535249.5
535256
535251.5
535247
535239.5
535249
535255.5
535251
535257.5
535264
535259.5
535255
535261.5
535257
535249.5
535242
535251.5
535244
535243
535246
535245
535248
535247
535250
535249
535252
535261.5
535271
535263.5
535273
535265.5
535258
535267.5
535260
535259
535262
535271.5
535281
535287.5
535294
535298
535302
535300
535304
535302
535306
535310
535308
535312
535310
535308
535306
535301.5
535297
535303.5
535299
535291.5
535301
535307.5
535303
535309.5
535316
535311.5
535318
535322
535326
535324
535328
535332
535336
535339.5
535338
535336
535340
535343.5
535342
535340
535344
535347.5
535351
535349.5
535348
535351.5
535350
535353.5
535352
535350
535354
535357.5
535356
535359.5
535358
535361.5
535360
535358
535356
535354
535352
535356
535360
535358
535362
535366
535370
535373.5
535372
535375.5
535374
535372
535376
535374
535378
535381.5
535385
535388
535387
535390
535393
535401.5
535410
535403.5
535412
535414
535416
535423
535430
535425
535432
535427
535422
535429
535436
535438.5
535438
535440.5
535440
535435
535430
535430
535432
535432
535432
535425.5
535419
535427.5
535421
535420
535423
535431.5
535425
535424
535423
535421.5
535425
535428
535431
535430
535429
535432
535431
535434
535437
535445.5
535439
535438
535437
535435.5
535439
535437.5
535436
535434
535438
535441.5
535440
535438
535442
535440
535438
535442
535446
535444
535442
535446
535444
535448
535452
535455.5
535459
535457.5
535461
535464
535467
535466
535469
535477.5
535486
535488
535490
535497
535492
535499
535494
535494
535496
535496
535496
535489.5
535483
535482
535481
535479.5
535483
535486
535489
535497.5
535506
535499.5
535493
535501.5
535495
535494
535497
535505.5
535514
535507.5
535501
535509.5
535518
535511.5
535505
535504
535503
535501.5
535505
535503.5
535502
535500
535504
535507.5
535506
535509.5
535513
535511.5
535510
535508
535512
535515.5
535514
535517.5
535521
535519.5
535523
535526
535529
535528
535527
535530
535529
535532
535531
535534
535537
535536
535539
535547.5
535541
535540
535543
535542
535545
535544
535547
535555.5
535549
535548
535547
535550
535549
535547.5
535551
535549.5
535553
535556
535559
535558
535561
535560
535559
535557.5
535556
535559.5
535563
535566
535569
535568
535571
535570
535573
535572
535571
535574
535573
535571.5
535575
535578
535581
535580
535579
535577.5
535581
535579.5
535583
535586
535585
535588
535591
535590
535589
535587.5
535591
535589.5
535593
535596
535599
535598
535601
535600
535603
535602
535601
535604
535607
535615.5
535624
535617.5
535611
535619.5
535628
535621.5
535630
535623.5
535617
535616
535619
535618
535617
535615.5
535619
535617.5
535616
535614
535618
535621.5
535625
535628
535631
535630
535633
535632
535635
535634
535637
535645.5
535639
535638
535641
535640
535643
535651.5
535660
535662
535662
535655.5
535649
535657.5
535651
535650
535653
535652
535655
535663.5
535657
535656
535659
535658
535657
535655.5
535654
535657.5
535656
535659.5
535658
535656
535660
535663.5
535662
535665.5
535664
535662
535666
535664
535668
535666
535664
535668
535672
535670
535668
535666
535664
535659.5
535655
535647.5
535657
535649.5
535642
535641
535644
535653.5
535646
535655.5
535665
535657.5
535650
535649
535648
535649
535650
535648.5
535647
535648
535649
535650
535651
535641.5
535632
535628.5
535625
535630.5
535636
535647.5
535659
535660
535661
535664.5
535663
535666.5
535670
535671
535672
535675
535678
535687.5
535680
535679
535682
535691.5
535684
535683
535682
535683
535684
535682.5
535686
535684.5
535683
535686.5
535690
535691
535692
535690.5
535689
535690
535691
535692
535693
535694
535695
535696
535697
535687.5
535678
535689.5
535680
535676.5
535682
535678.5
535675
535674.5
535674
535676.5
535679
535684.5
535690
535686.5
535683
535682.5
535685
535684.5
535684
535686.5
535689
535694.5
535691
535696.5
535702
535698.5
535695
535700.5
535706
535702.5
535699
535704.5
535701
535700.5
535703
535708.5
535705
535704.5
535704
535704.5
535705
535702.5
535707
535708.5
535709
535710.5
535712
535712.5
535714
535714.5
535716
535716.5
535717
535714.5
535719
535720.5
535721
535722.5
535724
535724.5
535725
535726.5
535728
535728.5
535729
535726.5
535724
535723
535722
535725
535728
535732.5
535737
535738.5
535739
535740.5
535742
535742.5
535743
535744.5
535745
535746.5
535747
535744.5
535749
535750.5
535752
535752.5
535754
535756.5
535759
535758.5
535761
535766.5
535772
535768.5
535765
535770.5
535776
535772.5
535769
535768.5
535768
535768.5
535770
535772.5
535775
535780.5
535786
535797.5
535788
535784.5
535790
535786.5
535783
535788.5
535794
535805.5
535817
535818
535819
535822.5
535821
535822
535823
535813.5
535825
535815.5
535827
535817.5
535808
535804.5
535801
535806.5
535803
535802.5
535802
535804.5
535804
535804.5
535805
535806.5
535807
535804.5
535809
535806.5
535811
535808.5
535806
535810.5
535808
535807
535806
535800
535794
535802
535810
535804
535798
535806
535800
535798.5
535797
535793
535789
535779
535791
535781
535793
535783
535773
535785
535797
535787
535777
535766.5
535756
535748
535758
535750
535760
535752
535762
535754
535746
535756
535748
535758
535750
535760
535770
535762
535754
535754
535756
535756
535756
535758
535760
535760
535760
535751
535742
535753
535744
535743.5
535746
535757
535768
535759
535750
535761
535772
535774
535774
535765
535776
535778
535780
535780
535782
535792
535784
535794
535804
535796
535806
535818.5
535808
535820.5
535833
535822.5
535812
535824.5
535814
535826.5
535839
535828.5
535841
535853
535865
535871
535867
535873
535869
535875
535881
535884.5
535883
535886.5
535885
535881
535887
535883
535889
535885
535891
535887
535893
535896.5
535895
535891
535887
535877
535889
535895
535891
535897
535893
535899
535905
535908.5
535912
535920
535928
535922
535930
535933
535932
535935
535938
535937
535936
535939
535938
535941
535940
535943
535946
535950.5
535955
535956.5
535957
535958.5
535960
535962.5
535965
535970.5
535967
535966.5
535966
535968.5
535968
535968.5
535970
535972.5
535972
535972.5
535974
535976.5
535979
535984.5
535990
536001.5
536013
536014
536015
536018.5
536022
536023
536024
536027
536030
536029
536028
536029
536030
536033
536032
536035
536038
536037
536040
536039
536042
536051.5
536061
536053.5
536063
536055.5
536048
536047
536046
536047
536048
536046.5
536045
536048.5
536052
536053
536054
536055
536056
536059
536062
536071.5
536064
536073.5
536066
536075.5
536068
536067
536066
536069
536068
536069
536070
536071
536072
536070.5
536074
536072.5
536076
536077
536078
536079
536080
536078.5
536082
536083
536084
536085
536086
536084.5
536083
536086.5
536085
536086
536087
536090.5
536089
536092.5
536096
536097
536098
536101
536100
536101
536102
536103
536104
536107
536110
536119.5
536129
536135.5
536131
536123.5
536116
536115
536118
536127.5
536137
536129.5
536139
536131.5
536141
536133.5
536143
536135.5
536128
536127
536126
536127
536128
536126.5
536130
536131
536132
536133
536134
536135
536136
536134.5
536133
536134
536135
536136
536137
536140.5
536139
536140
536141
536131.5
536143
536133.5
536124
536135.5
536126
536137.5
536149
536139.5
536130
536141.5
536132
536128.5
536134
536130.5
536127
536132.5
536138
536149.5
536161
536162
536163
536164
536165
536166
536167
536170.5
536169
536172.5
536176
536177
536178
536176.5
536180
536181
536182
536180.5
536184
536182.5
536181
536184.5
536183
536186.5
536185
536188.5
536187
536188
536189
536179.5
536170
536166.5
536163
536162.5
536165
536170.5
536167
536166.5
536166
536166.5
536168
536170.5
536170
536172.5
536172
536174.5
536174
536176.5
536176
536176.5
536177
536174.5
536179
536176.5
536181
536182.5
536184
536186.5
536189
536188.5
536188
536188.5
536189
536186.5
536191
536192.5
536194
536194.5
536196
536198.5
536201
536206.5
536203
536208.5
536205
536204.5
536204
536204.5
536205
536206.5
536208
536208.5
536209
536206.5
536204
536208.5
536213
536214.5
536215
536216.5
536217
536214.5
536212
536211
536210
536213
536216
536220.5
536225
536222.5
536220
536219
536222
536221
536220
536214
536222
536225
536228
536227
536226
536229
536232
536231
536230
536233
536232
536226
536234
536228
536236
536239
536242
536241
536244
536248.5
536246
536250.5
536248
536247
536250
536254.5
536252
536251
536250
536253
536252
536246
536254
536248
536242
536240.5
536239
536242.5
536241
536244.5
536243
536246.5
536250
536248.5
536252
536260
536254
536262
536270
536264
536272
536275
536278
536282.5
536280
536279
536278
536281
536280
536283
536282
536276
536284
536278
536286
536280
536274
536272.5
536276
536274.5
536273
536276.5
536280
536288
536282
536280.5
536284
536292
536300
536294
536302
536296
536290
536298
536292
536290.5
536294
536302
536310
536304
536312
536306
536300
536308
536316
536319
536318
536321
536320
536314
536308
536316
536324
536318
536326
536320
536314
536312.5
536311
536307
536313
536316.5
536315
536318.5
536322
536320.5
536324
536322.5
536326
536334
536328
536336
536344
536338
536346
536349
536348
536342
536336
536334.5
536333
536329
536325
536315
536305
536317
536329
536319
536309
536298.5
536288
536300.5
536313
536302.5
536315
536327
536339
536329
536341
536347
536343
536349
536355
536358.5
536362
536360.5
536359
536362.5
536366
536364.5
536363
536366.5
536370
536368.5
536367
536363
536359
536365
536371
536367
536373
536369
536375
536371
536367
536373
536379
536375
536381
536377
536373
536379
536385
536388.5
536392
536390.5
536389
536385
536391
536387
536383
536389
536385
536391
536397
536400.5
536399
536402.5
536406
536414
536408
536416
536410
536408.5
536412
536410.5
536409
536405
536401
536407
536403
536409
536405
536411
536417
536413
536419
536415
536421
536417
536423
536419
536415
536405
536395
536384.5
536397
536409
536421
536411
536423
536429
536425
536415
536427
536417
536407
536396.5
536409
536398.5
536411
536400.5
536390
536402.5
536415
536404.5
536394
536406.5
536396
536388
536380
536380
536380
536382
536382
536384
536384
536373.5
536386
536375.5
536365
536359
536367
536379.5
536392
536381.5
536371
536383.5
536396
536398
536400
536410
536420
536412
536404
536404
536406
536406
536408
536408
536410
536410
536412
536412
536414
536424
536434
536446.5
536459
536448.5
536461
536473
536485
536475
536487
536477
536467
536456.5
536469
536458.5
536448
536460.5
536450
536442
536434
536434
536436
536436
536438
536438
536438
536440
536442
536442
536442
536431.5
536444
536446
536446
536448
536450
536460
536452
536462
536472
536484.5
536474
536466
536476
536488.5
536501
536490.5
536480
536472
536482
536474
536484
536496.5
536486
536498.5
536511
536500.5
536513
536525
536515
536504.5
536517
536506.5
536519
536508.5
536498
536510.5
536523
536512.5
536525
536514.5
536504
536496
536488
536498
536508
536500
536492
536502
536512
536504
536496
536506
536516
536508
536518
536530.5
536520
536532.5
536522
536514
536524
536536.5
536549
536561
536551
536540.5
536553
536542.5
536532
536524
536516
536516
536518
536528
536520
536520
536520
536522
536522
536511.5
536524
536526
536526
536515.5
536528
536530
536530
536519.5
536532
536534
536534
536523.5
536536
536538
536538
536527.5
536540
536542
536544
536554
536564
536556
536548
536558
536568
536580.5
536593
536582.5
536595
536607
536597
536586.5
536576
536588.5
536578
536570
536562
536562
536562
536564
536566
536576
536586
536578
536570
536580
536572
536572
536572
536574
536574
536563.5
536553
536565.5
536578
536580
536582
536582
536584
536584
536584
536573.5
536563
536575.5
536565
536577.5
536590
536592
536592
536581.5
536594
536596
536596
536585.5
536598
536600
536600
536589.5
536579
536573
536567
536566.5
536566
536568.5
536571
536570.5
536573
536572.5
536572
536574.5
536577
536585
536579
536578.5
536578
536576.5
536580
536582.5
536582
536580.5
536579
536582.5
536586
536584.5
536588
536590.5
536593
536601
536595
536603
536611
536623.5
536613
536625.5
536615
536627.5
536640
536642
536642
536631.5
536621
536633.5
536623
536617
536625
536637.5
536627
536639.5
536629
536623
536617
536625
536619
536627
536621
536620.5
536623
536622.5
536622
536624.5
536624
536622.5
536626
536628.5
536631
536630.5
536633
536641
536649
536661.5
536674
536663.5
536676
536665.5
536678
536680
536680
536669.5
536682
536684
536686
536686
536688
536688
536690
536700
536692
536702
536712
536724.5
536737
536726.5
536739
536728.5
536718
536730.5
536743
536755
536767
536773
536779
536782.5
536781
536784.5
536783
536779
536775
536765
536755
536767
536779
536785
536791
536787
536793
536796.5
536800
536798.5
536797
536793
536789
536795
536801
536797
536793
536783
536773
536762.5
536752
536744
536736
536746
536738
536748
536740
536740
536740
536729.5
536742
536731.5
536721
536733.5
536746
536748
536750
536750
536752
536752
536752
536754
536756
536756
536758
536768
536760
536760
536762
536772
536782
536774
536784
536796.5
536786
536798.5
536788
536780
536790
536782
536774
536784
536776
536776
536778
536778
536778
536767.5
536757
536751
536759
536753
536761
536755
536763
536757
536765
536777.5
536790
536792
536792
536794
536796
536806
536816
536808
536818
536830.5
536843
536855
536867
536857
536847
536836.5
536849
536838.5
536828
536840.5
536830
536842.5
536855
536844.5
536834
536846.5
536859
536848.5
536838
536850.5
536863
536875
536865
536854.5
536867
536879
536891
536881
536893
536883
536895
536885
536875
536864.5
536854
536846
536856
536868.5
536858
536870.5
536883
536872.5
536862
536854
536846
536856
536848
536858
536850
536860
536870
536862
536872
536884.5
536897
536886.5
536876
536868
536860
536870
536862
536872
536864
536874
536866
536866
536868
536868
536870
536880
536872
536872
536874
536874
536874
536876
536876
536865.5
536855
536867.5
536880
536882
536884
536894
536886
536896
536888
536888
536890
536900
536910
536902
536894
536894
536894
536896
536896
536885.5
536875
536887.5
536900
536902
536904
536914
536924
536936.5
536949
536961
536951
536963
536953
536965
536955
536944.5
536934
536926
536936
536928
536920
536930
536940
536932
536924
536924
536924
536913.5
536926
536915.5
536905
536899
536907
536919.5
536909
536903
536911
536923.5
536913
536907
536915
536927.5
536917
536929.5
536942
536944
536944
536933.5
536923
536917
536911
536910.5
536913
536912.5
536915
536914.5
536914
536912.5
536911
536914.5
536913
536916.5
536920
536922.5
536925
536933
536941
536935
536943
536937
536931
536930.5
536933
536932.5
536932
536930.5
536934
536936.5
536939
536938.5
536938
536936.5
536940
536942.5
536945
536953
536961
536973.5
536963
536975.5
536965
536959
536953
536952.5
536955
536963
536957
536956.5
536956
536958.5
536961
536969
536977
536989.5
536979
536973
536967
536975
536983
536995.5
537008
537010
537012
537022
537032
537024
537016
537026
537018
537028
537020
537030
537022
537022
537022
537011.5
537024
537013.5
537003
537015.5
537005
537017.5
537030
537019.5
537032
537021.5
537034
537023.5
537036
537025.5
537038
537040
537042
537052
537044
537054
537064
537076.5
537066
537058
537050
537050
537050
537052
537052
537054
537054
537056
537058
537068
537078
537090.5
537080
537072
537064
537064
537066
537066
537066
537068
537068
537070
537072
537082
537092
537084
537094
537086
537078
537088
537080
537080
537080
537069.5
537082
537084
537086
537096
537106
537098
537090
537090
537092
537092
537092
537081.5
537094
537096
537098
537098
537098
537087.5
537100
537089.5
537079
537091.5
537104
537093.5
537083
537095.5
537108
537097.5
537087
537099.5
537112
537114
537114
537116
537116
537105.5
537118
537120
537120
537122
537122
537124
537124
537126
537126
537128
537128
537130
537132
537142
537134
537134
537134
537123.5
537136
537125.5
537138
537127.5
537140
537129.5
537142
537144
537144
537146
537146
537148
537148
537137.5
537127
537139.5
537129
537141.5
537154
537143.5
537156
537158
537160
537160
537160
537149.5
537139
537133
537127
537126.5
537129
537137
537145
537157.5
537147
537159.5
537172
537174
537174
537176
537178
537188
537180
537190
537182
537192
537184
537194
537186
537186
537188
537198
537208
537220.5
537210
537222.5
537235
537247
537237
537226.5
537239
537251
537241
537230.5
537243
537255
537245
537234.5
537224
537236.5
537249
537238.5
537228
537240.5
537253
537265
537277
537267
537279
537285
537281
537287
537293
537289
537285
537275
537287
537277
537289
537295
537301
537304.5
537308
537306.5
537305
537301
537297
537303
537309
537305
537301
537291
537281
537293
537283
537272.5
537285
537274.5
537264
537256
537248
537248
537248
537237.5
537227
537239.5
537252
537241.5
537254
537256
537256
537258
537260
537260
537262
537262
537262
537264
537264
537253.5
537243
537237
537231
537230.5
537233
537241
537249
537243
537237
537245
537253
537247
537241
537240.5
537243
537242.5
537245
537253
537247
537246.5
537246
537244.5
537243
537246.5
537250
537248.5
537252
537254.5
537254
537252.5
537256
537254.5
537258
537260.5
537263
537262.5
537262
537260.5
537259
537259.5
537260
537261.5
537263
537266.5
537265
537268.5
537267
537270.5
537274
537272.5
537276
537274.5
537278
537276.5
537275
537278.5
537282
537280.5
537284
537286.5
537289
537288.5
537291
537290.5
537293
537292.5
537292
537290.5
537294
537296.5
537296
537294.5
537298
537296.5
537295
537295.5
537296
537297.5
537299
537299.5
537301
537304.5
537308
537306.5
537310
537312.5
537315
537314.5
537314
537312.5
537316
537314.5
537313
537313.5
537315
537315.5
537316
537317.5
537318
537311
537304
537304
537304
537301.5
537299
537303.5
537301
537299
537303
537307.5
537305
537303
537307
537305
537309
537307
537305
537303
537301
537305
537303
537298.5
537305
537300.5
537296
537297
537298
537299
537300
537300.5
537301
537301
537303
537304.5
537306
537306.5
537307
537307
537307
537309
537309
537311
537313
537313
537313
537311
537315
537313
537311
537315
537313
537304
537315
537319
537323
537321
537325
537327
537329
537330.5
537332
537333
537334
537335
537336
537337
537338
537339
537340
537346.5
537342
537348.5
537355
537359
537357
537361
537365
537363
537361
537365
537363
537367
537365
537360.5
537367
537371
537375
537373
537371
537375
537373
537377
537375
537379
537383
537387
537385
537383
537381
537376.5
537372
537373
537374
537375
537376
537382.5
537378
537384.5
537391
537395
537393
537388.5
537384
537385
537386
537387
537388
537389
537390
537391
537392
537393
537394
537400.5
537407
537402.5
537409
537404.5
537400
537401
537402
537402.5
537404
537405
537406
537406.5
537408
537409
537410
537410.5
537411
537412.5
537414
537414.5
537415
537416.5
537418
537419
537420
537421
537422
537423
537424
537425
537426
537427
537428
537429
537430
537436.5
537443
537447
537445
537440.5
537436
537437
537438
537439
537440
537446.5
537442
537443
537444
537450.5
537446
537452.5
537459
537463
537467
537465
537469
537473
537477
537475
537473
537477
537475
537479
537477
537475
537479
537483
537487
537491.5
537489
537487
537485
537489
537493
537491
537495
537493
537491
537489
537493
537497
537501
537505.5
537503
537501
537505
537503
537507
537511.5
537516
537518
537518
537520
537522
537531
537524
537533
537542
537535
537528
537528
537530
537530
537532
537532
537532
537534
537536
537536
537536
537538
537538
537540
537540
537537.5
537535
537539.5
537544
537541.5
537539
537543.5
537541
537545.5
537550
537547.5
537545
537549.5
537547
537551.5
537549
537553.5
537551
537555.5
537553
537557.5
537562
537564
537564
537561.5
537566
537563.5
537568
537565.5
537563
537561
537559
537563
537561
537565
537569
537567
537565
537563
537567
537565
537563
537558.5
537565
537560.5
537567
537571
537575
537579
537583
537581
537579
537577
537581
537579
537577
537572.5
537568
537569
537570
537576.5
537583
537578.5
537574
537580.5
537587
537582.5
537589
537584.5
537580
537581
537582
537583
537584
537590.5
537597
537601
537605
537603
537607
537605
537603
537607
537611
537609
537607
537602.5
537598
537599
537600
537601
537602
537608.5
537604
537605
537606
537607
537608
537609
537610
537611
537612
537618.5
537625
537629
537627
537622.5
537629
537633
537631
537626.5
537622
537628.5
537624
537625
537626
537627
537628
537629
537630
537631
537632
537633
537634
537635
537636
537637
537638
537644.5
537640
537646.5
537642
537643
537644
537645
537646
537652.5
537648
537649
537650
537650.5
537652
537652.5
537653
537654.5
537656
537657
537658
537659
537660
537666.5
537673
537668.5
537664
537670.5
537677
537672.5
537679
537674.5
537670
537671
537672
537673
537674
537674.5
537676
537677
537678
537679
537680
537681
537682
537688.5
537684
537685
537686
537687
537688
537689
537690
537691
537692
537693
537694
537695
537696
537696.5
537697
537697
537697
537699
537701
537702.5
537704
537704.5
537706
537706.5
537708
537708.5
537709
537709
537711
537712.5
537713
537713
537713
537711
537715
537713
537717
537715
537719
537721
537721
537719
537723
537725
537727
537728.5
537730
537730.5
537732
537732.5
537733
537734.5
537735
537735
537737
537737
537737
537735
537733
537737
537741
537743
537743
537741
537739
537730
537721
537732
537743
537734
537745
537749
537747
537738
537729
537740
537731
537728.5
537733
537730.5
537735
537746
537737
537748
537759
537750
537741
537752
537743
537740.5
537745
537742.5
537747
537758
537749
537746.5
537744
537748.5
537753
537764
537775
537779
537777
537781
537785
537787
537789
537790.5
537791
537791
537793
537794.5
537796
537797
537798
537799
537800
537806.5
537802
537803
537804
537804.5
537806
537806.5
537807
537808.5
537809
537809
537809
537807
537811
537813
537813
537815
537815
537817
537817
537815
537813
537817
537821
537823
537825
537825
537825
537823
537821
537812
537823
537814
537805
537816
537827
537831
537829
537820
537811
537808.5
537806
537805.5
537805
537807.5
537810
537814.5
537819
537830
537841
537845
537843
537834
537845
537836
537847
537838
537829
537826.5
537824
537828.5
537833
537830.5
537835
537846
537857
537861
537859
537850
537861
537865
537869
537867
537871
537869
537867
537858
537849
537846.5
537844
537843.5
537846
537850.5
537848
537852.5
537857
537868
537859
537856.5
537861
537858.5
537863
537874
537865
537862.5
537860
537859.5
537859
537861.5
537864
537868.5
537873
537884
537895
537899
537897
537888
537879
537890
537901
537892
537883
537880.5
537878
537882.5
537887
537898
537909
537900
537891
537888.5
537886
537885.5
537885
537887.5
537887
537889.5
537889
537885.5
537891
537887.5
537884
537889.5
537895
537897.5
537900
537899.5
537902
537901.5
537904
537908.5
537906
537905.5
537905
537901.5
537907
537909.5
537912
537911.5
537911
537907.5
537904
537901
537898
537903
537908
537913.5
537919
537921.5
537921
537917.5
537923
537925.5
537928
537932.5
537930
537929.5
537929
537925.5
537922
537919
537924
537929.5
537926
537923
537920
537917.5
537922
537927
537932
537929
537926
537923.5
537928
537933
537938
537943.5
537949
537951.5
537951
537953.5
537953
537949.5
537946
537951.5
537957
537953.5
537959
537961.5
537964
537963.5
537963
537965.5
537968
537967.5
537967
537963.5
537969
537965.5
537971
537967.5
537964
537969.5
537966
537963
537968
537973.5
537979
537981.5
537984
537983.5
537983
537979.5
537985
537981.5
537978
537983.5
537980
537985.5
537982
537979
537984
537981
537978
537983
537988
537985
537990
537987
537984
537989
537994
537991
537988
537985.5
537990
537987.5
537985
537981.5
537978
537976.5
537975
537972.5
537970
537970
537970
537967.5
537972
537969.5
537974
537971.5
537976
537973.5
537978
537975.5
537973
537977.5
537975
537979.5
537984
537981.5
537979
537983.5
537988
537990
537992
537996.5
537994
537998.5
538003
538000.5
538005
538002.5
538000
538000
538000
537997.5
537995
537992
537997
537994
537999
537996
538001
537998
537995
538000
538005
538002
538007
538004
538009
538013.5
538018
538020
538020
538017.5
538015
538019.5
538017
538014
538011
538016
538013
538018
538023
538020
538025
538022
538019
538016
538021
538018
538023
538028
538033
538030
538035
538039.5
538044
538046
538046
538048
538048
538050
538052
538056.5
538061
538058.5
538063
538066.5
538070
538075.5
538081
538085.5
538090
538095
538100
538105.5
538102
538107.5
538113
538115.5
538118
538117.5
538117
538119.5
538122
538121.5
538121
538123.5
538123
538119.5
538116
538113
538110
538115
538120
538117
538122
538127.5
538124
538121
538126
538131.5
538128
538133.5
538139
538135.5
538132
538129
538134
538131
538128
538125.5
538123
538127.5
538125
538121.5
538118
538116.5
538120
538125.5
538122
538120.5
538124
538122.5
538126
538131.5
538137
538141.5
538139
538135.5
538141
538137.5
538143
538147.5
538152
538157
538154
538151.5
538156
538161
538158
538155.5
538153
538157.5
538155
538151.5
538157
538161.5
538159
538163.5
538168
538165.5
538170
538175
538172
538177
538174
538179
538184
538181
538186
538183
538188
538185
538190
538195.5
538201
538197.5
538194
538191
538196
538193
538198
538195
538192
538189.5
538194
538199
538196
538193.5
538198
538195.5
538193
538197.5
538195
538191.5
538197
538193.5
538190
538188.5
538192
538197.5
538194
538199.5
538196
538194.5
538193
538196.5
538200
538198.5
538202
538200.5
538204
538209.5
538206
538211.5
538208
538206.5
538205
538208.5
538212
538210.5
538209
538212.5
538211
538208.5
538206
538210.5
538215
538212.5
538217
538220.5
538219
538222.5
538226
538231.5
538228
538233.5
538239
538243.5
538241
538245.5
538243
538239.5
538245
538241.5
538247
538243.5
538249
538245.5
538251
538247.5
538244
538242.5
538241
538244.5
538248
538246.5
538245
538248.5
538247
538250.5
538254
538259.5
538256
538261.5
538258
538256.5
538260
538265.5
538271
538267.5
538273
538277.5
538275
538279.5
538277
538273.5
538279
538283.5
538288
538285.5
538290
538295
538300
538297
538294
538291.5
538289
538285.5
538282
538287.5
538284
538282.5
538286
538291.5
538288
538293.5
538290
538295.5
538292
538297.5
538294
538299.5
538305
538301.5
538298
538296.5
538295
538292.5
538290
538290
538292
538296.5
538294
538294
538296
538300.5
538305
538308.5
538307
538304.5
538309
538306.5
538311
538308.5
538313
538316.5
538320
538318.5
538322
538320.5
538324
538329.5
538335
538331.5
538328
538326.5
538330
538328.5
538327
538324.5
538329
538332.5
538331
538334.5
538338
538343.5
538340
538345.5
538351
538355.5
538360
538357.5
538362
538367
538364
538369
538374
538371
538376
538381.5
538378
538375
538380
538377
538374
538371.5
538369
538373.5
538378
538383
538388
538393.5
538399
538395.5
538392
538389
538386
538383.5
538388
538393
538398
538395
538400
538397
538394
538399
538396
538393.5
538398
538395.5
538393
538397.5
538395
538391.5
538397
538393.5
538399
538395.5
538401
538397.5
538394
538399.5
538396
538401.5
538398
538403.5
538409
538413.5
538418
538415.5
538413
538417.5
538415
538411.5
538417
538421.5
538426
538423.5
538428
538425.5
538430
538435
538432
538437
538434
538431.5
538429
538433.5
538438
538435.5
538433
538437.5
538442
538439.5
538437
538441.5
538446
538451
538456
538461.5
538467
538469.5
538469
538471.5
538471
538467.5
538473
538469.5
538466
538471.5
538468
538465
538470
538467
538464
538461.5
538466
538463.5
538468
538473
538470
538475
538472
538477
538482
538487.5
538493
538489.5
538486
538491.5
538497
538499.5
538502
538501.5
538501
538503.5
538503
538505.5
538505
538507.5
538510
538514.5
538512
538511.5
538514
538513.5
538513
538509.5
538506
538503
538500
538497.5
538502
538507
538504
538501.5
538499
538495.5
538501
538497.5
538494
538492.5
538496
538501.5
538498
538503.5
538500
538505.5
538502
538507.5
538513
538509.5
538506
538504.5
538508
538506.5
538505
538502.5
538507
538510.5
538509
538512.5
538511
538508.5
538506
538510.5
538515
538518.5
538517
538520.5
538524
538529.5
538535
538539.5
538537
538541.5
538539
538535.5
538541
538545.5
538543
538547.5
538552
538557
538554
538559
538564
538561
538558
538563
538568
538573.5
538570
538567
538564
538569
538566
538563.5
538568
538565.5
538570
538567.5
538565
538569.5
538567
538571.5
538569
538565.5
538571
538575.5
538573
538577.5
538582
538587
538592
538597.5
538594
538591
538596
538601.5
538598
538603.5
538609
538605.5
538602
538607.5
538604
538601
538606
538611.5
538617
538619.5
538619
538621.5
538621
538623.5
538626
538630.5
538628
538627.5
538627
538623.5
538620
538617
538622
538619
538616
538621
538618
538623
538620
538617.5
538622
538619.5
538624
538621.5
538626
538623.5
538621
538617.5
538614
538612.5
538611
538608.5
538613
538616.5
538620
538625.5
538631
538635.5
538640
538637.5
538642
538639.5
538637
538633.5
538639
538635.5
538641
538637.5
538634
538632.5
538636
538641.5
538647
538651.5
538656
538653.5
538658
538663
538660
538665
538670
538675.5
538672
538677.5
538674
538671
538676
538681.5
538687
538683.5
538680
538685.5
538691
538693.5
538696
538695.5
538698
538702.5
538700
538704.5
538709
538720
538731
538735
538733
538737
538741
538743
538745
538746.5
538747
538748.5
538750
538751
538752
538752.5
538753
538753
538755
538756.5
538758
538759
538760
538761
538762
538768.5
538775
538779
538783
538787
538785
538789
538793
538791
538789
538787
538785
538789
538793
538791
538795
538799
538797
538795
538799
538797
538795
538799
538797
538801
538799
538794.5
538790
538796.5
538792
538798.5
538794
538795
538796
538796.5
538798
538799
538800
538801
538802
538808.5
538804
538805
538806
538812.5
538819
538814.5
538821
538825
538823
538818.5
538814
538815
538816
538816.5
538818
538818.5
538820
538820.5
538822
538823
538824
538830.5
538837
538841
538839
538834.5
538841
538836.5
538843
538838.5
538834
538840.5
538847
538842.5
538838
538844.5
538851
538855
538853
538848.5
538855
538850.5
538857
538861
538859
538854.5
538850
538856.5
538863
538858.5
538865
538869
538873
538877
538875
538873
538877
538875
538873
538868.5
538875
538870.5
538877
538872.5
538868
538869
538870
538871
538872
538873
538874
538875
538876
538876.5
538878
538878.5
538880
538881
538882
538883
538884
538885
538886
538887
538888
538888.5
538890
538891
538892
538893
538894
538895
538896
538896.5
538897
538897
538897
538895
538899
538901
538903
538903
538905
538906.5
538908
538908.5
538909
538910.5
538912
538913
538914
538915
538916
538917
538918
538918.5
538919
538919
538919
538917
538921
538923
538923
538925
538925
538927
538929
538930.5
538932
538933
538934
538934.5
538935
538935
538937
538937
538939
538939
538939
538941
538943
538943
538945
538945
538945
538947
538949
538950.5
538952
538953
538954
538955
538956
538957
538958
538964.5
538971
538966.5
538962
538963
538964
538964.5
538966
538967
538968
538968.5
538969
538969
538969
538971
538971
538969
538973
538971
538969
538960
538951
538948.5
538946
538945.5
538945
538947.5
538950
538954.5
538952
538951.5
538954
538953.5
538953
538955.5
538958
538957.5
538960
538964.5
538962
538966.5
538971
538982
538973
538984
538995
538986
538997
539001
539005
539007
539009
539009
539011
539012.5
539013
539013
539013
539011
539009
539000
538991
538988.5
538993
538990.5
538995
539006
538997
539008
538999
539010
539001
538998.5
538996
538995.5
538998
539002.5
539007
539004.5
539009
539020
539031
539022
539033
539037
539041
539043
539045
539045
539047
539048.5
539049
539049
539051
539051
539051
539049
539053
539051
539049
539040
539051
539042
539053
539044
539055
539046
539037
539034.5
539039
539050
539061
539052
539063
539067
539071
539069
539073
539075
539077
539077
539077
539075
539079
539077
539075
539066
539077
539068
539059
539070
539061
539072
539083
539087
539091
539089
539087
539078
539069
539080
539071
539068.5
539073
539084
539095
539099
539097
539088
539079
539076.5
539081
539078.5
539076
539080.5
539078
539077.5
539077
539079.5
539079
539081.5
539081
539083.5
539086
539085.5
539088
539087.5
539090
539094.5
539092
539091.5
539091
539093.5
539096
539095.5
539095
539097.5
539097
539099.5
539102
539101.5
539104
539108.5
539113
539110.5
539108
539112.5
539117
539128
539119
539130
539121
539132
539123
539134
539145
539136
539127
539124.5
539122
539121.5
539121
539123.5
539123
539125.5
539128
539127.5
539130
539129.5
539132
539131.5
539131
539133.5
539133
539135.5
539138
539137.5
539137
539139.5
539139
539141.5
539144
539143.5
539146
539150.5
539155
539152.5
539157
539154.5
539159
539156.5
539161
539172
539183
539187
539191
539193
539195
539196.5
539197
539198.5
539200
539201
539202
539203
539204
539205
539206
539206.5
539208
539208.5
539209
539209
539209
539207
539211
539213
539215
539215
539215
539213
539217
539215
539213
539204
539215
539206
539197
539208
539199
539196.5
539194
539198.5
539196
539195.5
539195
539197.5
539197
539193.5
539190
539195.5
539201
539203.5
539203
539199.5
539196
539201.5
539207
539203.5
539209
539211.5
539214
539218.5
539216
539215.5
539218
539222.5
539220
539224.5
539222
539226.5
539231
539228.5
539226
539230.5
539228
539232.5
539230
539234.5
539232
539236.5
539241
539252
539263
539267
539271
539269
539267
539271
539269
539260
539271
539275
539279
539281
539283
539284.5
539286
539287
539288
539289
539290
539291
539292
539292.5
539294
539294.5
539295
539295
539295
539297
539297
539299
539299
539297
539301
539299
539297
539301
539299
539303
539307
539305
539303
539294
539305
539309
539313
539311
539315
539317
539319
539320.5
539321
539322.5
539323
539323
539325
539325
539325
539327
539329
539330.5
539331
539332.5
539333
539333
539333
539331
539329
539320
539311
539308.5
539313
539324
539315
539326
539317
539314.5
539319
539330
539321
539332
539343
539347
539345
539349
539347
539351
539355
539353
539357
539359
539361
539362.5
539364
539365
539366
539367
539368
539374.5
539370
539371
539372
539373
539374
539374.5
539376
539377
539378
539379
539380
539381
539382
539388.5
539384
539385
539386
539387
539388
539394.5
539401
539396.5
539403
539398.5
539394
539400.5
539396
539397
539398
539399
539400
539401
539402
539403
539404
539410.5
539406
539407
539408
539409
539410
539416.5
539412
539413
539414
539415
539416
539416.5
539417
539418.5
539420
539420.5
539421
539422.5
539423
539424.5
539426
539426.5
539427
539428.5
539430
539431
539432
539433
539434
539434.5
539435
539436.5
539438
539439
539440
539441
539442
539443
539444
539450.5
539446
539452.5
539448
539454.5
539461
539456.5
539452
539453
539454
539460.5
539456
539457
539458
539464.5
539471
539466.5
539462
539468.5
539475
539470.5
539466
539467
539468
539469
539470
539476.5
539483
539478.5
539474
539475
539476
539476.5
539477
539478.5
539479
539479
539481
539482.5
539483
539484.5
539486
539487
539488
539488.5
539489
539490.5
539491
539491
539493
539493
539495
539496.5
539498
539498.5
539500
539500.5
539502
539502.5
539503
539504.5
539505
539506.5
539508
539508.5
539510
539510.5
539511
539512.5
539513
539513
539513
539515
539517
539517
539517
539515
539519
539517
539521
539523
539525
539525
539527
539527
539527
539529
539531
539531
539533
539534.5
539536
539537
539538
539538.5
539539
539539
539539
539537
539535
539539
539543
539541
539539
539543
539547
539545
539549
539551
539551
539549
539553
539555
539557
539557
539557
539555
539559
539557
539555
539546
539557
539561
539559
539563
539567
539569
539569
539567
539565
539556
539547
539544.5
539549
539560
539551
539548.5
539546
539550.5
539555
539566
539577
539568
539579
539583
539581
539572
539583
539574
539565
539562.5
539560
539564.5
539569
539566.5
539564
539563.5
539563
539559.5
539565
539561.5
539567
539563.5
539560
539565.5
539571
539573.5
539573
539569.5
539566
539563
539560
539557.5
539555
539559.5
539557
539561.5
539566
539563.5
539561
539557.5
539554
539552.5
539556
539554.5
539553
539556.5
539555
539552.5
539550
539550
539552
539552
539552
539554
539554
539551.5
539556
539553.5
539558
539560
539562
539562
539564
539568.5
539573
539576.5
539580
539578.5
539582
539580.5
539584
539582.5
539581
539584.5
539588
539593.5
539599
539595.5
539601
539605.5
539610
539615
539612
539609.5
539614
539611.5
539616
539621
539626
539631.5
539628
539625
539630
539635.5
539632
539629
539634
539639.5
539636
539641.5
539647
539643.5
539640
539645.5
539642
539639
539644
539641
539638
539635.5
539633
539629.5
539626
539631.5
539637
539641.5
539646
539643.5
539648
539653
539658
539655
539652
539657
539654
539659
539664
539661
539658
539655.5
539660
539657.5
539662
539659.5
539657
539661.5
539666
539663.5
539668
539673
539678
539675
539672
539677
539674
539671.5
539669
539673.5
539678
539683
539680
539685
539690
539695.5
539701
539703.5
539703
539699.5
539696
539693
539690
539695
539700
539705.5
539711
539713.5
539713
539709.5
539715
539717.5
539720
539719.5
539719
539715.5
539712
539717.5
539723
539719.5
539725
539727.5
539727
539729.5
539729
539725.5
539731
539733.5
539736
539735.5
539738
539737.5
539740
539739.5
539739
539735.5
539732
539737.5
539734
539739.5
539736
539741.5
539747
539743.5
539749
539751.5
539754
539753.5
539756
539760.5
539765
539776
539767
539778
539769
539780
539771
539782
539773
539770.5
539768
539772.5
539770
539769.5
539769
539765.5
539771
539767.5
539773
539775.5
539775
539777.5
539780
539784.5
539789
539800
539791
539788.5
539793
539804
539815
539819
539823
539821
539819
539810
539821
539825
539823
539814
539825
539816
539827
539818
539809
539806.5
539804
539803.5
539806
539805.5
539808
539812.5
539810
539814.5
539819
539830
539821
539818.5
539823
539834
539845
539849
539847
539851
539855
539857
539857
539859
539861
539861
539861
539863
539865
539865
539867
539868.5
539869
539870.5
539872
539872.5
539873
539874.5
539876
539876.5
539877
539878.5
539880
539880.5
539882
539883
539884
539885
539886
539887
539888
539894.5
539901
539896.5
539892
539893
539894
539895
539896
539896.5
539897
539897
539899
539899
539899
539901
539901
539903
539905
539905
539905
539903
539901
539905
539909
539911
539913
539913
539915
539916.5
539917
539918.5
539919
539920.5
539921
539921
539923
539923
539923
539925
539925
539923
539921
539912
539903
539900.5
539898
539897.5
539900
539899.5
539899
539895.5
539901
539897.5
539903
539899.5
539905
539901.5
539898
539895
539900
539905.5
539902
539907.5
539904
539909.5
539915
539911.5
539917
539913.5
539910
539907
539912
539909
539906
539911
539916
539913
539918
539923.5
539929
539931.5
539931
539933.5
539933
539929.5
539935
539931.5
539928
539925
539930
539935.5
539941
539943.5
539946
539950.5
539955
539952.5
539957
539968
539959
539956.5
539954
539958.5
539963
539974
539985
539989
539987
539978
539989
539980
539971
539982
539973
539970.5
539968
539972.5
539970
539974.5
539979
539976.5
539981
539978.5
539983
539994
539985
539996
540007
539998
540009
540013
540017
540015
540013
540004
540015
540006
539997
539994.5
539999
539996.5
540001
540012
540003
540000.5
540005
540016
540007
540018
540029
540020
540031
540022
540033
540024
540015
540026
540017
540014.5
540019
540016.5
540014
540013.5
540013
540015.5
540015
540017.5
540020
540019.5
540022
540021.5
540021
540017.5
540023
540025.5
540025
540021.5
540018
540015
540012
540009.5
540007
540011.5
540016
540013.5
540018
540023
540028
540033.5
540039
540035.5
540032
540037.5
540034
540039.5
540036
540033
540030
540027.5
540025
540021.5
540027
540023.5
540020
540025.5
540022
540027.5
540033
540029.5
540035
540031.5
540028
540033.5
540039
540043.5
540048
540053
540050
540047.5
540045
540041.5
540047
540051.5
540049
540053.5
540058
540055.5
540060
540065
540062
540059.5
540064
540069
540074
540071
540076
540081.5
540087
540083.5
540089
540091.5
540091
540087.5
540084
540081
540078
540083
540080
540085
540082
540087
540084
540089
540086
540091
540096
540101.5
540098
540103.5
540100
540097
540102
540107.5
540113
540115.5
540115
540117.5
540120
540119.5
540119
540121.5
540121
540123.5
540126
540125.5
540125
540127.5
540127
540129.5
540132
540131.5
540134
540138.5
540136
540140.5
540145
540156
540147
540158
540149
540146.5
540151
540148.5
540153
540150.5
540148
540147.5
540150
540149.5
540152
540156.5
540154
540158.5
540156
540155.5
540158
540157.5
540160
540159.5
540159
540155.5
540161
540163.5
540163
540165.5
540168
540167.5
540170
540174.5
540179
540176.5
540174
540178.5
540176
540180.5
540178
540177.5
540177
540173.5
540179
540181.5
540181
540177.5
540183
540179.5
540176
540181.5
540178
540183.5
540189
540191.5
540194
540193.5
540196
540195.5
540198
540202.5
540207
540204.5
540209
540220
540231
540222
540233
540224
540215
540226
540217
540214.5
540219
540230
540221
540218.5
540216
540215.5
540215
540211.5
540208
540213.5
540210
540207
540204
540209
540206
540211
540208
540205.5
540210
540215
540212
540209.5
540214
540219
540224
540221
540226
540231.5
540228
540233.5
540239
540241.5
540241
540243.5
540243
540239.5
540245
540241.5
540238
540243.5
540240
540237
540242
540239
540236
540233.5
540238
540235.5
540240
540245
540250
540255.5
540252
540257.5
540254
540259.5
540265
540267.5
540267
540269.5
540272
540276.5
540274
540278.5
540283
540280.5
540285
540282.5
540287
540284.5
540282
540281.5
540281
540277.5
540274
540271
540268
540273
540270
540275
540272
540277
540282
540279
540284
540289.5
540286
540291.5
540297
540293.5
540290
540287
540292
540297.5
540303
540305.5
540308
540307.5
540307
540309.5
540309
540311.5
540311
540307.5
540313
540315.5
540318
540322.5
540320
540324.5
540322
540321.5
540321
540323.5
540326
540330.5
540335
540346
540337
540334.5
540332
540331.5
540334
540338.5
540336
540340.5
540345
540356
540347
540358
540349
540360
540351
540348.5
540353
540364
540375
540366
540377
540368
540359
540356.5
540354
540353.5
540356
540355.5
540358
540357.5
540360
540359.5
540362
540366.5
540364
540368.5
540366
540365.5
540368
540372.5
540377
540388
540379
540376.5
540381
540392
540403
540394
540385
540396
540387
540384.5
540382
540381.5
540381
540383.5
540383
540379.5
540376
540381.5
540387
540389.5
540392
540391.5
540394
540393.5
540393
540389.5
540386
540383
540380
540385
540382
540379.5
540384
540381.5
540379
540375.5
540381
540385.5
540390
540395
540392
540397
540402
540407.5
540404
540409.5
540415
540417.5
540417
540419.5
540422
540426.5
540424
540423.5
540426
540425.5
540425
540421.5
540427
540429.5
540429
540425.5
540422
540427.5
540424
540421
540418
540415.5
540413
540417.5
540422
540419.5
540417
540413.5
540410
540415.5
540412
540410.5
540409
540406.5
540411
540408.5
540406
540406
540408
540412.5
540417
540420.5
540419
540422.5
540421
540418.5
540423
540426.5
540425
540422.5
540427
540424.5
540422
540426.5
540424
540428.5
540433
540430.5
540435
540432.5
540437
540440.5
540444
540442.5
540441
540438.5
540443
540440.5
540445
540448.5
540452
540450.5
540454
540452.5
540456
540461.5
540467
540471.5
540476
540481
540478
540483
540488
540493.5
540490
540495.5
540492
540489
540494
540491
540488
540493
540490
540495
540500
540497
540502
540499
540504
540501
540498
540503
540508
540513.5
540519
540515.5
540512
540509
540506
540511
540516
540513
540510
540507.5
540512
540517
540514
540511.5
540509
540505.5
540502
540507.5
540513
540517.5
540522
540519.5
540517
540513.5
540519
540523.5
540528
540525.5
540530
540535
540532
540529.5
540534
540531.5
540529
540533.5
540531
540535.5
540540
540537.5
540542
540539.5
540544
540541.5
540539
540535.5
540541
540545.5
540543
540547.5
540552
540549.5
540554
540559
540556
540561
540566
540571.5
540568
540573.5
540570
540567
540572
540577.5
540574
540579.5
540576
540581.5
540578
540575
540580
540577
540574
540579
540584
540581
540586
540583
540588
540593.5
540599
540595.5
540592
540589
540586
540591
540596
540601.5
540598
540603.5
540600
540605.5
540611
540613.5
540613
540615.5
540618
540617.5
540620
540624.5
540629
540626.5
540624
540623.5
540626
540630.5
540628
540632.5
540630
540634.5
540632
540631.5
540634
540633.5
540636
540640.5
540645
540642.5
540647
540658
540649
540660
540651
540648.5
540653
540664
540655
540666
540657
540668
540659
540670
540681
540685
540683
540674
540685
540676
540667
540678
540669
540680
540671
540668.5
540666
540665.5
540665
540661.5
540658
540655
540652
540657
540654
540651.5
540656
540661
540666
540671.5
540668
540665
540662
540667
540672
540677.5
540683
540685.5
540685
540687.5
540690
540689.5
540692
540696.5
540701
540698.5
540703
540714
540705
540702.5
540700
540699.5
540699
540695.5
540692
540697.5
540703
540699.5
540696
540701.5
540707
540703.5
540700
540697
540694
540699
540704
540701
540706
540711.5
540717
540713.5
540719
540721.5
540721
540723.5
540723
540719.5
540725
540721.5
540727
540723.5
540729
540731.5
540731
540727.5
540733
540735.5
540735
540737.5
540740
540739.5
540739
540741.5
540744
540748.5
540753
540764
540755
540766
540757
540754.5
540752
540756.5
540754
540758.5
540763
540774
540765
540762.5
540760
540764.5
540762
540761.5
540761
540763.5
540763
540759.5
540756
540761.5
540767
540769.5
540772
540771.5
540771
540773.5
540773
540769.5
540766
540763
540768
540765
540762
540767
540764
540769
540766
540771
540776
540781.5
540778
540783.5
540780
540785.5
540782
540779
540776
540781
540778
540775.5
540773
540769.5
540775
540779.5
540784
540781.5
540786
540791
540796
540793
540798
540795
540792
540789.5
540794
540799
540796
540801
540798
540803
540808
540805
540802
540807
540812
540809
540814
540811
540816
540813
540818
540815
540820
540817
540822
540819
540824
540821
540826
540823
540820
540817.5
540822
540819.5
540824
540829
540826
540823.5
540821
540817.5
540823
540827.5
540832
540829.5
540834
540839
540844
540841
540838
540843
540840
540845
540850
540847
540852
540849
540846
540843.5
540848
540853
540850
540855
540852
540857
540862
540859
540864
540861
540866
540863
540868
540865
540862
540859.5
540857
540861.5
540859
540855.5
540852
540850.5
540849
540846.5
540844
540848.5
540853
540856.5
540855
540852.5
540857
540854.5
540859
540862.5
540861
540864.5
540863
540866.5
540870
540868.5
540867
540870.5
540874
540879.5
540876
540881.5
540878
540883.5
540880
540885.5
540891
540887.5
540893
540897.5
540895
540891.5
540897
540901.5
540906
540911
540916
540913
540918
540923.5
540920
540917
540922
540919
540916
540921
540926
540923
540920
540917.5
540915
540911.5
540908
540906.5
540910
540908.5
540912
540910.5
540914
540912.5
540916
540921.5
540918
540916.5
540920
540925.5
540931
540927.5
540924
540929.5
540926
540924.5
540928
540926.5
540925
540922.5
540927
540930.5
540934
540939.5
540936
540934.5
540933
540936.5
540935
540932.5
540930
540934.5
540939
540942.5
540941
540944.5
540943
540946.5
540950
540955.5
540952
540950.5
540949
540946.5
540951
540954.5
540958
540956.5
540960
540958.5
540962
540967.5
540964
540962.5
540961
540964.5
540963
540966.5
540970
540968.5
540967
540964.5
540962
540962
540964
540964
540966
540970.5
540968
540968
540968
540970
540970
540967.5
540972
540974
540976
540976
540976
540978
540980
540980
540982
540986.5
540991
540994.5
540993
540996.5
541000
541005.5
541002
541000.5
541004
541009.5
541015
541011.5
541017
541021.5
541019
541015.5
541012
541010.5
541009
541012.5
541011
541014.5
541018
541016.5
541015
541018.5
541022
541020.5
541019
541016.5
541021
541024.5
541023
541020.5
541018
541022.5
541020
541020
541020
541022
541024
541024
541024
541021.5
541019
541023.5
541021
541021.5
541023
541027.5
541032
541034
541034
541036
541038
541038
541040
541040
541042
541046.5
541051
541054.5
541053
541050.5
541055
541058.5
541057
541054.5
541059
541062.5
541066
541064.5
541063
541060.5
541065
541068.5
541072
541070.5
541074
541072.5
541071
541068.5
541066
541066
541068
541068
541068
541065.5
541070
541067.5
541072
541069.5
541067
541067.5
541068
541065.5
541070
541071.5
541073
541077.5
541075
541079.5
541084
541081.5
541079
541083.5
541081
541081.5
541082
541079.5
541077
541081.5
541086
541083.5
541081
541078
541075
541080
541077
541076
541075
541078
541081
541086
541083
541088
541093
541097.5
541102
541103.5
541105
541109.5
541114
541111.5
541116
541118
541120
541124.5
541129
541132.5
541136
541141.5
541138
541143.5
541140
541138.5
541142
541140.5
541139
541142.5
541146
541151.5
541148
541146.5
541150
541148.5
541152
541150.5
541149
541146.5
541151
541148.5
541146
541150.5
541148
541152.5
541150
541154.5
541159
541156.5
541154
541154
541156
541160.5
541165
541162.5
541167
541164.5
541169
541166.5
541171
541174.5
541178
541176.5
541175
541178.5
541177
541180.5
541184
541189.5
541186
541191.5
541197
541193.5
541199
541203.5
541208
541205.5
541203
541207.5
541212
541217
541214
541211.5
541209
541205.5
541211
541207.5
541204
541209.5
541215
541211.5
541208
541206.5
541210
541208.5
541212
541210.5
541209
541212.5
541211
541208.5
541206
541210.5
541208
541212.5
541210
541214.5
541219
541222.5
541221
541224.5
541223
541226.5
541225
541222.5
541220
541220
541222
541226.5
541224
541228.5
541233
541236.5
541235
541232.5
541237
541234.5
541239
541236.5
541241
541238.5
541236
541236
541236
541238
541240
541244.5
541242
541246.5
541244
541248.5
541246
541250.5
541255
541252.5
541257
541254.5
541259
541256.5
541261
541258.5
541256
541260.5
541265
541268.5
541267
541270.5
541269
541266.5
541264
541264
541264
541261.5
541266
541263.5
541261
541261.5
541263
541263.5
541264
541261.5
541259
541263.5
541268
541269.5
541270
541267.5
541265
541269.5
541267
541271.5
541276
541273.5
541278
541279.5
541281
541281.5
541282
541279.5
541277
541274
541279
541276
541281
541285.5
541283
541287.5
541285
541289.5
541294
541291.5
541296
541293.5
541291
541288
541285
541284
541287
541286
541285
541288
541291
541290
541293
541298
541295
541300
541305
541309.5
541314
541315.5
541316
541317.5
541318
541315.5
541320
541321.5
541322
541319.5
541324
541325.5
541327
541327.5
541328
541325.5
541323
541327.5
541332
541333.5
541334
541331.5
541329
541326
541323
541322
541321
541320
541323
541322
541321
541313.5
541306
541315.5
541308
541317.5
541327
541319.5
541312
541312.5
541313
541313
541315
541316.5
541317
541318.5
541320
541329.5
541339
541331.5
541324
541333.5
541343
541346
541349
541348
541347
541339.5
541332
541341.5
541351
541343.5
541336
541345.5
541355
541358
541357
541360
541363
541362
541365
541368
541371
541376
541373
541378
541375
541380
541377
541376
541375
541378
541377
541376
541375
541378
541377
541369.5
541379
541382
541381
541384
541383
541375.5
541385
541388
541387
541379.5
541389
541381.5
541374
541374.5
541376
541385.5
541378
541378.5
541379
541380.5
541382
541391.5
541384
541384.5
541385
541385
541387
541388.5
541389
541390.5
541392
541392.5
541394
541394.5
541396
541405.5
541398
541398.5
541400
541409.5
541419
541422
541425
541428
541427
541426
541429
541428
541427
541419.5
541412
541421.5
541414
541414.5
541416
541425.5
541435
541427.5
541437
541440
541443
541446
541445
541448
541451
541450
541449
541448
541451
541450
541453
541456
541459
541458
541461
541460
541459
541458
541457
541449.5
541442
541451.5
541444
541453.5
541446
541446.5
541448
541448.5
541450
541450.5
541452
541461.5
541471
541463.5
541456
541456.5
541457
541457
541459
541460.5
541461
541461
541463
541464.5
541466
541466.5
541467
541467
541467
541464.5
541462
541456
541464
541458
541452
541452.5
541453
541452
541451
541451.5
541452
541449
541446
541451
541448
541453
541458
541459.5
541460
541461.5
541463
541466
541465
541465.5
541466
541463
541460
541456
541452
541449.5
541447
541430
541449
541453.5
541458
541464
541470
541466
541472
541468
541464
541470
541476
541472
541478
541474
541480
541476
541472
541478
541484
541480
541476
541482
541488
541484
541490
541486
541482
541479.5
541484
541481.5
541479
541462
541445
541445
541445
541440
541435
541435.5
541437
541444
541439
541439.5
541441
541448
541443
541450
541457
541459
541459
541454
541461
541463
541465
541465
541465
541460
541467
541462
541457
541457.5
541458
541451.5
541460
541453.5
541462
541455.5
541464
541465.5
541466
541459.5
541453
541448.5
541455
541450.5
541457
541465.5
541474
541467.5
541476
541477.5
541479
541486
541493
541488
541495
541490
541497
541499
541501
541501
541503
541503
541505
541524
541543
541547.5
541545
541549.5
541547
541530
541549
541553.5
541551
541534
541553
541557.5
541555
541538
541521
541521
541523
541523
541523
541518
541513
541520
541527
541522
541517
541524
541531
541533
541535
541535
541535
541537
541537
541532
541539
541541
541543
541543
541543
541538
541545
541540
541535
541542
541537
541537.5
541539
541539.5
541540
541533.5
541542
541543.5
541545
541552
541547
541554
541561
541556
541563
541565
541565
541567
541567
541562
541569
541564
541571
541566
541561
541561.5
541563
541570
541577
541572
541579
541581
541583
541602
541585
541604
541623
541627.5
541632
541629.5
541634
541631.5
541629
541612
541595
541614
541597
541616
541599
541618
541601
541601
541603
541622
541641
541645.5
541643
541647.5
541652
541658
541654
541660
541656
541662
541668
541664
541660
541666
541662
541659.5
541657
541661.5
541666
541663.5
541661
541644
541627
541627
541627
541622
541617
541624
541631
541626
541633
541635
541635
541630
541625
541625.5
541626
541619.5
541628
541629.5
541630
541623.5
541632
541633.5
541635
541635.5
541636
541637.5
541639
541646
541641
541648
541643
541643.5
541645
541645.5
541646
541639.5
541633
541628.5
541635
541630.5
541626
541632.5
541628
541627.5
541630
541636.5
541643
541651.5
541645
541653.5
541647
541642.5
541638
541644.5
541640
541646.5
541653
541648.5
541644
541650.5
541646
541645.5
541648
541654.5
541661
541656.5
541663
541671.5
541680
541673.5
541682
541683.5
541685
541692
541687
541687.5
541688
541681.5
541690
541691.5
541692
541693.5
541695
541702
541709
541711
541713
541732
541715
541734
541717
541717
541719
541738
541757
541761.5
541766
541772
541768
541774
541780
541785
541790
541787
541792
541793.5
541794
541795.5
541796
541793
541790
541795
541800
541797
541794
541790
541796
541792
541798
541794
541800
541805
541802
541807
541812
541813.5
541814
541815.5
541816
541813
541818
541819.5
541821
541821.5
541822
541819
541816
541821
541818
541823
541820
541825
541830
541831.5
541833
541836
541839
541838
541841
541840
541843
541844.5
541845
541844
541847
541848.5
541849
541850.5
541851
541850
541849
541849.5
541851
541854
541853
541853.5
541854
541851
541848
541844
541840
541846
541852
541857
541862
541863.5
541864
541861
541866
541867.5
541868
541869.5
541870
541867
541872
541869
541866
541862
541858
541855.5
541860
541866
541872
541877
541882
541883.5
541884
541885.5
541887
541887.5
541888
541889.5
541891
541894
541893
541893.5
541894
541891
541888
541884
541890
541886
541882
541879.5
541877
541860
541879
541883.5
541881
541885.5
541883
541866
541849
541868
541887
541891.5
541896
541902
541898
541904
541910
541906
541912
541917
541922
541919
541924
541921
541918
541914
541910
541916
541922
541918
541914
541920
541926
541931
541936
541933
541930
541926
541922
541928
541934
541939
541936
541932
541928
541925.5
541930
541927.5
541925
541908
541927
541910
541893
541912
541931
541935.5
541933
541937.5
541935
541918
541937
541941.5
541939
541922
541905
541905
541907
541926
541945
541928
541911
541930
541913
541913
541915
541915
541917
541917
541919
541938
541921
541921
541921
541916
541911
541911.5
541913
541920
541927
541929
541929
541924
541931
541933
541933
541935
541937
541956
541939
541939
541941
541941
541943
541943
541945
541945
541947
541966
541949
541949
541951
541970
541989
541993.5
541991
541974
541957
541976
541959
541978
541997
541980
541999
541982
541965
541984
541967
541986
542005
541988
542007
541990
542009
542013.5
542018
542015.5
542013
541996
542015
541998
542017
542021.5
542026
542023.5
542021
542025.5
542030
542036
542042
542038
542044
542040
542046
542042
542048
542053
542050
542046
542042
542048
542054
542059
542064
542065.5
542067
542067.5
542069
542069.5
542070
542067
542072
542069
542066
542071
542076
542073
542078
542075
542072
542068
542074
542070
542066
542072
542068
542074
542070
542076
542072
542078
542074
542071.5
542076
542082
542088
542093
542098
542099.5
542100
542097
542094
542090
542086
542083.5
542088
542085.5
542090
542087.5
542085
542068
542051
542051
542051
542053
542055
542074
542093
542076
542095
542078
542097
542080
542063
542082
542101
542105.5
542103
542107.5
542105
542109.5
542114
542111.5
542109
542113.5
542118
542124
542120
542126
542132
542137
542142
542139
542136
542132
542128
542125.5
542123
542106
542125
542129.5
542134
542140
542136
542142
542138
542135.5
542140
542146
542152
542148
542154
542159
542164
542165.5
542166
542167.5
542169
542172
542171
542171.5
542172
542169
542174
542171
542176
542173
542178
542175
542180
542181.5
542182
542183.5
542184
542181
542186
542183
542180
542185
542182
542187
542192
542189
542194
542195.5
542197
542200
542203
542204.5
542206
542214
542222
542226.5
542231
542233
542235
542235
542237
542238.5
542239
542239
542241
542242.5
542244
542253.5
542263
542255.5
542248
542257.5
542250
542250.5
542252
542252.5
542253
542253
542253
542255
542255
542257
542259
542260.5
542262
542271.5
542264
542264.5
542266
542266.5
542268
542277.5
542270
542279.5
542289
542281.5
542291
542294
542293
542296
542299
542298
542301
542304
542307
542306
542305
542304
542303
542306
542309
542312
542315
542320
542325
542329.5
542327
542331.5
542336
542333.5
542338
542335.5
542333
542330
542335
542332
542329
542328
542331
542330
542333
542338
542343
542340
542337
542342
542347
542344
542349
542346
542351
542355.5
542353
542350
542347
542346
542345
542348
542351
542350
542349
542352
542355
542354
542353
542352
542351
542343.5
542336
542345.5
542338
542338.5
542340
542349.5
542359
542362
542365
542364
542367
542370
542369
542368
542371
542370
542369
542361.5
542354
542354.5
542355
542356.5
542357
542358.5
542360
542369.5
542362
542362.5
542364
542364.5
542365
542365
542365
542362.5
542367
542369
542369
542366.5
542371
542373
542373
542370.5
542375
542377
542377
542374.5
542379
542376.5
542374
542378.5
542383
542380.5
542385
542382.5
542380
542384.5
542382
542376
542370
542370.5
542371
542370
542373
542374.5
542375
542374
542377
542376
542375
542378
542381
542380
542379
542382
542385
542384
542383
542386
542385
542385.5
542386
542383
542388
542385
542382
542378
542384
542389
542386
542382
542388
542384
542380
542386
542392
542397
542402
542399
542396
542392
542398
542403
542400
542396
542392
542389.5
542387
542370
542389
542393.5
542398
542404
542410
542406
542412
542408
542404
542401.5
542406
542403.5
542408
542405.5
542410
542416
542422
542427
542432
542429
542434
542431
542428
542424
542420
542417.5
542415
542419.5
542417
542400
542383
542402
542421
542404
542387
542406
542389
542389
542391
542391
542391
542386
542393
542388
542395
542397
542399
542418
542401
542420
542439
542443.5
542441
542445.5
542443
542447.5
542445
542428
542447
542451.5
542449
542453.5
542458
542455.5
542460
542466
542462
542459.5
542457
542440
542423
542442
542425
542444
542427
542446
542429
542448
542431
542431
542431
542433
542433
542428
542435
542430
542437
542439
542441
542441
542443
542462
542481
542464
542483
542466
542449
542468
542451
542451
542451
542453
542453
542448
542443
542450
542457
542459
542459
542461
542463
542463
542465
542484
542467
542467
542469
542469
542471
542490
542473
542473
542473
542475
542477
542496
542479
542479
542481
542481
542481
542483
542485
542504
542523
542527.5
542532
542538
542544
542549
542546
542542
542548
542553
542558
542555
542560
542561.5
542563
542563.5
542565
542565.5
542566
542563
542568
542565
542562
542558
542554
542560
542566
542571
542576
542573
542578
542579.5
542580
542577
542574
542579
542584
542581
542586
542587.5
542588
542585
542582
542587
542584
542589
542586
542591
542588
542584
542580
542586
542592
542588
542594
542599
542596
542592
542598
542603
542608
542609.5
542610
542607
542612
542609
542614
542611
542616
542613
542610
542615
542612
542617
542614
542619
542624
542621
542618
542614
542610
542607.5
542605
542609.5
542607
542590
542609
542592
542575
542575
542577
542596
542579
542579
542579
542581
542583
542602
542585
542604
542587
542587
542589
542589
542589
542591
542593
542593
542595
542595
542597
542597
542597
542599
542599
542594
542601
542596
542591
542591.5
542593
542593.5
542595
542595.5
542596
542597.5
542599
542599.5
542601
542601.5
542603
542610
542605
542612
542619
542621
542623
542642
542625
542644
542663
542667.5
542672
542678
542674
542671.5
542669
542673.5
542671
542675.5
542680
542677.5
542675
542679.5
542684
542681.5
542686
542692
542688
542694
542700
542705
542710
542707
542704
542700
542696
542693.5
542698
542704
542710
542706
542702
542708
542714
542719
542716
542712
542718
542714
542720
542716
542712
542718
542714
542720
542716
542722
542718
542724
542720
542726
542732
542728
542724
542730
542736
542741
542746
542747.5
542749
542749.5
542750
542747
542752
542749
542754
542751
542748
542753
542750
542755
542752
542748
542744
542741.5
542739
542743.5
542741
542724
542707
542707
542707
542702
542709
542711
542711
542713
542715
542734
542753
542757.5
542762
542759.5
542757
542740
542759
542742
542725
542725
542725
542720
542727
542722
542729
542731
542731
542726
542733
542735
542737
542737
542737
542739
542741
542741
542743
542762
542745
542745
542745
542740
542735
542742
542749
542744
542751
542746
542753
542755
542755
542750
542757
542752
542747
542747.5
542749
542756
542751
542758
542753
542753.5
542755
542755.5
542757
542764
542759
542766
542761
542768
542775
542770
542777
542779
542779
542781
542781
542776
542783
542778
542773
542780
542775
542775.5
542777
542784
542791
542793
542793
542795
542797
542797
542797
542792
542799
542794
542801
542796
542791
542798
542805
542800
542795
542795.5
542797
542804
542799
542806
542813
542808
542815
542810
542817
542819
542821
542821
542821
542823
542823
542818
542813
542820
542815
542815.5
542816
542809.5
542818
542819.5
542820
542821.5
542823
542830
542825
542825.5
542826
542819.5
542813
542821.5
542830
542823.5
542832
542833.5
542834
542835.5
542836
542829.5
542823
542831.5
542825
542820.5
542816
542822.5
542818
542824.5
542831
542826.5
542822
542828.5
542824
542830.5
542837
542845.5
542839
542847.5
542856
542857.5
542859
542859.5
542861
542868
542875
542870
542877
542879
542881
542881
542881
542876
542871
542878
542873
542880
542875
542882
542889
542884
542879
542879.5
542881
542881.5
542883
542883.5
542885
542892
542887
542887.5
542889
542889.5
542891
542898
542905
542900
542895
542902
542897
542904
542899
542899.5
542900
542893.5
542887
542895.5
542889
542884.5
542891
542899.5
542908
542901.5
542895
542903.5
542912
542913.5
542915
542915.5
542917
542917.5
542918
542911.5
542920
542921.5
542922
542915.5
542909
542917.5
542926
542919.5
542928
542921.5
542915
542923.5
542932
542925.5
542934
542935.5
542937
542937.5
542938
542931.5
542925
542920.5
542916
542922.5
542929
542924.5
542920
542919.5
542922
542928.5
542924
542923.5
542926
542932.5
542939
542947.5
542956
542949.5
542958
542959.5
542960
542961.5
542962
542963.5
542964
542957.5
542966
542967.5
542969
542969.5
542970
542971.5
542972
542973.5
542974
542967.5
542961
542956.5
542963
542971.5
542965
542960.5
542956
542962.5
542969
542964.5
542960
542966.5
542962
542961.5
542964
542963.5
542963
542957
542951
542949
542953
542951
542955
542963
542971
542973.5
542976
542975.5
542978
542977.5
542980
542979.5
542979
542973
542967
542975
542983
542985.5
542985
542987.5
542987
542981
542975
542973
542971
542975
542973
542972.5
542972
542974.5
542974
542967.5
542976
542969.5
542963
542961
542959
542959
542959
542959
542959
542961
542963
542963
542963
542963
542965
542965
542965
542967
542969
542969
542971
542973
542973
542973
542973
542972
542975
542974
542973
542973.5
542974
542975.5
542977
542980
542983
542982
542981
542984
542987
542989
542989
542991
542993
542995
542997
542999
543001
543001
543001
543001
543003
543005
543007
543007
543007
543007
543009
543011
543013
543017
543021
543019
543023
543021
543025
543033.5
543042
543035.5
543044
543037.5
543046
543048.5
543051
543055
543059
543067
543075
543069
543077
543071
543079
543081.5
543081
543075
543069
543067
543065
543069
543073
543071
543075
543083
543091
543085
543093
543095.5
543095
543097.5
543100
543106.5
543113
543108.5
543115
543110.5
543117
543125.5
543119
543127.5
543121
543116.5
543112
543118.5
543125
543120.5
543116
543122.5
543129
543137.5
543146
543139.5
543133
543128.5
543124
543123.5
543126
543125.5
543125
543127.5
543130
543136.5
543132
543138.5
543134
543140.5
543147
543155.5
543164
543165.5
543166
543167.5
543168
543169.5
543170
543163.5
543157
543165.5
543159
543154.5
543161
543156.5
543163
543158.5
543154
543153.5
543156
543155.5
543155
543149
543157
543159.5
543162
543161.5
543164
543163.5
543166
543172.5
543168
543167.5
543167
543161
543169
543163
543157
543165
543159
543167
543175
543177.5
543180
543179.5
543179
543173
543167
543175
543183
543185.5
543188
543194.5
543190
543196.5
543192
543191.5
543194
543200.5
543207
543202.5
543209
543217.5
543226
543227.5
543228
543229.5
543231
543231.5
543233
543240
543235
543235.5
543236
543237.5
543239
543239.5
543241
543248
543243
543250
543245
543245.5
543246
543239.5
543233
543228.5
543235
543243.5
543237
543245.5
543239
543247.5
543241
543236.5
543232
543238.5
543245
543240.5
543236
543235.5
543238
543244.5
543251
543246.5
543242
543241.5
543244
543250.5
543246
543245.5
543245
543247.5
543247
543241
543249
543251.5
543251
543253.5
543253
543247
543255
543257.5
543260
543259.5
543259
543261.5
543261
543255
543249
543257
543251
543249
543253
543251
543249
543248.5
543248
543241.5
543235
543243.5
543252
543254.5
543257
543256.5
543256
543258.5
543258
543260.5
543263
543262.5
543262
543255.5
543249
543247
543245
543249
543253
543261.5
543270
543272.5
543275
543279
543283
543281
543285
543293
543287
543285
543289
543297
543305
543307.5
543307
543301
543295
543303
543311
543305
543313
543315.5
543318
543317.5
543320
543326.5
543322
543328.5
543324
543330.5
543326
543332.5
543339
543334.5
543341
543349.5
543343
543351.5
543360
543353.5
543362
543363.5
543365
543372
543367
543367.5
543368
543369.5
543371
543371.5
543372
543373.5
543374
543367.5
543361
543369.5
543378
543379.5
543380
543381.5
543382
543383.5
543384
543385.5
543387
543394
543401
543396
543391
543391.5
543393
543400
543395
543395.5
543397
543404
543399
543406
543401
543408
543415
543417
543419
543419
543421
543421
543421
543423
543423
543418
543425
543420
543415
543422
543429
543424
543419
543419.5
543420
543421.5
543423
543423.5
543424
543417.5
543411
543406.5
543413
543421.5
543430
543423.5
543417
543425.5
543434
543427.5
543421
543416.5
543412
543418.5
543425
543420.5
543427
543435.5
543444
543445.5
543447
543454
543449
543449.5
543451
543458
543465
543460
543467
543469
543469
543464
543471
543466
543473
543475
543477
543496
543515
543498
543517
543500
543483
543483
543483
543478
543473
543473.5
543474
543467.5
543476
543469.5
543478
543479.5
543480
543473.5
543467
543462.5
543469
543477.5
543471
543479.5
543473
543481.5
543475
543483.5
543477
543485.5
543479
543474.5
543481
543476.5
543483
543478.5
543474
543480.5
543476
543482.5
543489
543497.5
543506
543499.5
543508
543501.5
543495
543490.5
543486
543485.5
543485
543487.5
543490
543489.5
543489
543483
543477
543485
543493
543487
543481
543489
543483
543481
543479
543483
543487
543485
543483
543482.5
543482
543475.5
543469
543467
543471
543469
543467
543467
543467
543469
543471
543471
543471
543471
543473
543475
543475
543475
543475
543475
543477
543477
543479
543481
543483
543483
543483
543485
543485
543485
543487
543487
543489
543491
543493
543495
543495
543497
543497
543499
543501
543505
543503
543507
543511
543519.5
543513
543521.5
543530
543532.5
543532
543525.5
543519
543527.5
543521
543529.5
543538
543531.5
543540
543542.5
543542
543544.5
543544
543537.5
543546
543548.5
543551
543550.5
543550
543543.5
543537
543545.5
543539
543547.5
543556
543558.5
543561
543560.5
543563
543562.5
543562
543564.5
543567
543566.5
543569
543573
543571
543575
543579
543577
543581
543589
543583
543581
543579
543578.5
543578
543571.5
543580
543582.5
543585
543589
543593
543591
543589
543588.5
543588
543590.5
543593
543592.5
543595
543599
543597
543601
543605
543603
543607
543605
543609
543617
543611
543619
543627
543629.5
543629
543623
543631
543625
543619
543627
543621
543629
543623
543631
543639
543633
543641
543643.5
543646
543652.5
543659
543667.5
543676
543677.5
543679
543679.5
543681
543681.5
543683
543683.5
543684
543685.5
543687
543694
543689
543689.5
543691
543698
543705
543700
543707
543702
543697
543697.5
543698
543691.5
543685
543680.5
543676
543675.5
543675
543669
543663
543671
543665
543673
543667
543665
543663
543667
543665
543664.5
543664
543657.5
543651
543659.5
543653
543651
543655
543663.5
543657
543655
543653
543653
543653
543653
543655
543655
543657
543659
543661
543665
543663
543667
543665
543665
543667
543667
543669
543669
543669
543669
543669
543669
543671
543671
543673
543673
543673
543672
543675
543677
543677
543679
543681
543683
543683
543683
543685
543687
543689
543691
543691
543691
543693
543695
543695
543695
543695
543695
543695
543694
543693
543696
543695
543698
543701
543700
543699
543699.5
543700
543699
543698
543697
543696
543691
543686
543683.5
543688
543695
543702
543705
543704
543699
543706
543709
543708
543703
543710
543713
543716
543719
543722
543721
543720
543723
543726
543727.5
543729
543729.5
543730
543729
543732
543733.5
543734
543733
543732
543735
543738
543737
543736
543739
543738
543741
543740
543743
543746
543747.5
543748
543749.5
543751
543751.5
543752
543753.5
543755
543755.5
543756
543755
543754
543753
543752
543747
543742
543739.5
543744
543741.5
543746
543753
543760
543755
543762
543757
543752
543759
543754
543751.5
543756
543763
543758
543755.5
543753
543757.5
543762
543759.5
543764
543771
543778
543781
543784
543787
543786
543789
543788
543787
543786
543789
543792
543795
543798
543797
543796
543799
543798
543797
543800
543799
543802
543801
543804
543807
543806
543805
543804
543799
543806
543801
543796
543803
543798
543805
543800
543807
543814
543809
543816
543811
543806
543813
543808
543815
543822
543825
543824
543827
543826
543829
543832
543835
543838
543837
543836
543835
543834
543837
543840
543843
543846
543847.5
543849
543852
543855
543857
543859
543861
543861
543863
543863
543863
543865
543865
543865
543864
543867
543869
543869
543871
543873
543875
543877
543877
543877
543877
543877
543876
543879
543881
543883
543883
543885
543887
543887
543889
543889
543889
543889
543888
543887
543887.5
543888
543887
543890
543891.5
543893
543893.5
543894
543893
543892
543891
543890
543893
543896
543899
543902
543901
543904
543905.5
543907
543910
543909
543909.5
543910
543909
543908
543911
543914
543915.5
543916
543917.5
543918
543919.5
543921
543924
543927
543926
543925
543925.5
543926
543925
543924
543923
543922
543917
543912
543919
543926
543921
543916
543913.5
543911
543908
543905
543910
543907
543912
543909
543914
543911
543916
543913
543909
543915
543911
543917
543913
543919
543924
543929
543926
543931
543928
543925
543930
543935
543932
543929
543925
543921
543920.5
543920
543922.5
543922
543919.5
543917
543921.5
543919
543923.5
543928
543930.5
543930
543932.5
543935
543941
543937
543936.5
543939
543938.5
543938
543940.5
543943
543942.5
543942
543944.5
543944
543946.5
543946
543943.5
543941
543935.5
543943
543947.5
543945
543939.5
543947
543951.5
543956
543953.5
543951
543955.5
543953
543957.5
543955
543949.5
543957
543951.5
543946
543943
543940
543945
543950
543957.5
543965
543959.5
543954
543951
543956
543953
543958
543955
543952
543952
543954
543959
543956
543961
543966
543963
543960
543960
543960
543962
543964
543964
543964
543964.5
543966
543968
543970
543975
543980
543977
543982
543979
543976
543976
543976
543978
543980
543980
543982
543987
543984
543989
543994
543991
543996
543993
543990
543990
543992
543992
543992
543992.5
543993
543986.5
543995
543988.5
543997
543990.5
543999
544000.5
544002
544004
544006
544006
544006
544008
544010
544010
544012
544017
544022
544029.5
544037
544031.5
544026
544023
544028
544025
544030
544037.5
544032
544039.5
544047
544041.5
544036
544043.5
544038
544035
544040
544047.5
544042
544039
544036
544041
544046
544043
544040
544045
544050
544057.5
544065
544069.5
544067
544061.5
544069
544063.5
544058
544055
544052
544052
544054
544054
544054
544056
544058
544063
544068
544075.5
544070
544067
544072
544079.5
544087
544091.5
544096
544093.5
544098
544095.5
544100
544102.5
544105
544111
544107
544113
544109
544115
544111
544110.5
544110
544107.5
544112
544109.5
544107
544101.5
544096
544103.5
544111
544115.5
544113
544107.5
544102
544099
544096
544101
544098
544103
544100
544105
544110
544107
544104
544104
544104
544104.5
544105
544098.5
544107
544108.5
544110
544110.5
544111
544104.5
544113
544114.5
544115
544116.5
544117
544110.5
544119
544112.5
544106
544103.5
544108
544116.5
544110
544107.5
544105
544103.5
544102
544105.5
544104
544107.5
544106
544109.5
544113
544111.5
544110
544110.5
544112
544115.5
544119
544123.5
544121
544119.5
544123
544121.5
544120
544120.5
544121
544122.5
544124
544127.5
544126
544126.5
544127
544128.5
544129
544130.5
544131
544132.5
544134
544134.5
544135
544136.5
544138
544141.5
544145
544149.5
544147
544145.5
544144
544144.5
544146
544146.5
544147
544146.5
544149
544148.5
544151
544150.5
544150
544152.5
544152
544150.5
544149
544147
544145
544145
544145
544147
544149
544153
544151
544151
544153
544157
544155
544159
544163
544166.5
544165
544163
544161
544165
544163
544163
544163
544160.5
544165
544167
544167
544164.5
544169
544166.5
544171
544173
544175
544179
544177
544181
544185
544183
544187
544185
544189
544187
544191
544194.5
544198
544196.5
544200
544198.5
544202
544204.5
544207
544208.5
544209
544208.5
544208
544210.5
544213
544214.5
544216
544216.5
544217
544218.5
544219
544218.5
544218
544216.5
544215
544213
544217
544215
544219
544217
544215
544219
544217
544217
544219
544219
544219
544216.5
544221
544218.5
544223
544225
544227
544227
544227
544229
544229
544231
544231
544228.5
544233
544235
544235
544237
544239
544239
544239
544241
544241
544238.5
544236
544240.5
544245
544242.5
544240
544237
544234
544239
544236
544232.5
544229
544228.5
544228
544227.5
544230
544232.5
544235
544240.5
544246
544242.5
544239
544238.5
544241
544240.5
544243
544242.5
544245
544244.5
544244
544246.5
544246
544248.5
544251
544250.5
544250
544249.5
544249
544251.5
544251
544249.5
544253
544255.5
544258
544260.5
544263
544268.5
544265
544270.5
544276
544281
544278
544283
544280
544276.5
544282
544278.5
544284
544289
544294
544298.5
544296
544300.5
544305
544307
544307
544304.5
544302
544299
544296
544301
544298
544294.5
544300
544296.5
544293
544292.5
544292
544291.5
544294
544296.5
544296
544298.5
544298
544300.5
544303
544302.5
544305
544310.5
544307
544306.5
544306
544305.5
544308
544307.5
544310
544312.5
544315
544320.5
544326
544331
544328
544333
544330
544335
544332
544328.5
544334
544339
544336
544332.5
544338
544343
544348
544352.5
544357
544354.5
544352
544356.5
544354
544351
544356
544353
544358
544362.5
544360
544364.5
544362
544366.5
544371
544373
544373
544370.5
544368
544372.5
544377
544379
544381
544381
544381
544383
544385
544385
544385
544387
544389
544389
544389
544391
544391
544393
544393
544395
544397
544401
544399
544403
544407
544405
544403
544403
544403
544400.5
544405
544402.5
544407
544409
544411
544415
544419
544422.5
544421
544419
544417
544417
544419
544423
544427
544430.5
544434
544436.5
544439
544438.5
544438
544440.5
544443
544444.5
544446
544446.5
544448
544448.5
544449
544450.5
544452
544452.5
544453
544452.5
544452
544454.5
544457
544458.5
544459
544458.5
544458
544460.5
544463
544462.5
544465
544464.5
544467
544466.5
544466
544464.5
544468
544466.5
544465
544468.5
544467
544465
544463
544467
544471
544469
544467
544471
544469
544469
544471
544475
544473
544473
544473
544475
544477
544481
544479
544483
544481
544481
544483
544483
544485
544489
544493
544491
544489
544493
544497
544500.5
544499
544502.5
544501
544504.5
544503
544501
544505
544503
544507
544510.5
544509
544512.5
544516
544518.5
544518
544516.5
544520
544518.5
544522
544520.5
544524
544522.5
544526
544524.5
544523
544521
544525
544523
544527
544530.5
544529
544527
544531
544534.5
544533
544536.5
544535
544538.5
544537
544540.5
544539
544537
544535
544539
544537
544541
544539
544543
544547
544545
544549
544547
544551
544554.5
544558
544560.5
544563
544562.5
544562
544564.5
544567
544566.5
544566
544564.5
544568
544570.5
544570
544568.5
544572
544574.5
544574
544576.5
544576
544574.5
544573
544576.5
544580
544582.5
544582
544584.5
544587
544588.5
544589
544588.5
544591
544592.5
544594
544597.5
544601
544605.5
544603
544601.5
544605
544603.5
544607
544605.5
544604
544604.5
544606
544609.5
544613
544617.5
544622
544630.5
544639
544632.5
544641
544634.5
544628
544636.5
544630
544638.5
544647
544648.5
544650
544650.5
544652
544652.5
544654
544656
544658
544663
544668
544675.5
544670
544667
544672
544679.5
544674
544681.5
544676
544683.5
544678
544675
544672
544672
544674
544674
544674
544676
544678
544678
544678
544680
544682
544682
544682
544684
544686
544691
544688
544693
544698
544705.5
544700
544707.5
544702
544709.5
544704
544711.5
544719
544713.5
544708
544705
544702
544702
544704
544704
544704
544706
544706
544706.5
544707
544700.5
544694
544691.5
544689
544687.5
544686
544686.5
544688
544691.5
544690
544693.5
544692
544692.5
544693
544694.5
544696
544699.5
544703
544707.5
544705
544703.5
544707
544711.5
544709
544707.5
544706
544706.5
544707
544708.5
544709
544710.5
544712
544712.5
544713
544714.5
544716
544716.5
544717
544716.5
544716
544714.5
544713
544711
544715
544713
544711
544711
544713
544713
544713
544710.5
544708
544712.5
544717
544714.5
544719
544716.5
544721
544718.5
544716
544713
544718
544715
544720
544717
544714
544719
544716
544712.5
544709
544708.5
544708
544710.5
544710
544712.5
544712
544711.5
544711
544713.5
544713
544715.5
544718
544720.5
544723
544728.5
544734
544739
544744
544748.5
544753
544750.5
544748
544745
544750
544754.5
544759
544756.5
544761
544758.5
544763
544760.5
544758
544755
544760
544757
544754
544759
544756
544752.5
544758
544754.5
544760
544756.5
544753
544752.5
544752
544754.5
544757
544756.5
544756
544758.5
544761
544760.5
544760
544759.5
544762
544764.5
544767
544766.5
544769
544768.5
544768
544767.5
544770
544769.5
544772
544774.5
544777
544776.5
544779
544778.5
544781
544786.5
544783
544788.5
544785
544790.5
544787
544786.5
544789
544788.5
544791
544790.5
544793
544798.5
544795
544794.5
544794
544796.5
544799
544804.5
544810
544815
544820
544824.5
544822
544819
544824
544828.5
544826
544823
544820
544825
544830
544834.5
544839
544841
544843
544843
544845
544845
544847
544851
544855
544853
544851
544855
544853
544853
544855
544855
544855
544852.5
544850
544854.5
544852
544856.5
544861
544858.5
544856
544853
544850
544846.5
544852
544857
544862
544866.5
544871
544873
544873
544870.5
544868
544865
544862
544858.5
544855
544854.5
544857
544856.5
544859
544858.5
544858
544860.5
544863
544862.5
544865
544864.5
544867
544872.5
544869
544874.5
544880
544885
544890
544887
544884
544889
544886
544891
544896
544900.5
544905
544902.5
544907
544909
544911
544915
544919
544922.5
544926
544924.5
544928
544926.5
544930
544932.5
544932
544934.5
544937
544938.5
544939
544940.5
544942
544942.5
544944
544947.5
544951
544949.5
544948
544951.5
544950
544953.5
544957
544961.5
544959
544957.5
544956
544959.5
544963
544961.5
544965
544969.5
544974
544971.5
544976
544984.5
544993
544994.5
544995
544988.5
544997
544990.5
544984
544981.5
544979
544983.5
544981
544979.5
544978
544981.5
544980
544983.5
544987
544991.5
544996
544993.5
544991
544989.5
544988
544991.5
544990
544993.5
544992
544995.5
544994
544997.5
545001
544999.5
545003
545007.5
545012
545009.5
545014
545011.5
545009
545013.5
545011
545009.5
545008
545011.5
545015
545019.5
545024
545021.5
545026
545034.5
545028
545036.5
545045
545038.5
545032
545029.5
545027
545025.5
545024
545024.5
545026
545026.5
545028
545031.5
545030
545033.5
545037
545035.5
545034
545037.5
545041
545045.5
545050
545047.5
545045
545049.5
545054
545051.5
545056
545053.5
545058
545055.5
545053
545057.5
545055
545059.5
545064
545061.5
545066
545074.5
545068
545076.5
545070
545078.5
545087
545080.5
545089
545082.5
545076
545084.5
545093
545086.5
545080
545077.5
545082
545090.5
545099
545100.5
545102
545104
545106
545111
545108
545108
545108
545108.5
545110
545112
545114
545114
545114
545114.5
545115
545108.5
545117
545110.5
545119
545112.5
545106
545114.5
545108
545105.5
545103
545107.5
545105
545103.5
545107
545111.5
545116
545124.5
545118
545126.5
545135
545136.5
545137
545130.5
545139
545132.5
545126
545134.5
545128
545136.5
545130
545138.5
545147
545148.5
545150
545150.5
545152
545154
545154
545156
545156
545158
545160
545160
545160
545162
545164
545169
545174
545181.5
545189
545193.5
545198
545200.5
545200
545197.5
545195
545199.5
545204
545201.5
545206
545208.5
545211
545217
545223
545219
545215
545221
545227
545232
545237
545241.5
545239
545236
545233
545238
545235
545231
545237
545233
545239
545235
545231
545230.5
545233
545232.5
545232
545229.5
545234
545236.5
545236
545233.5
545238
545235.5
545233
545237.5
545242
545244.5
545247
545246.5
545249
545255
545251
545257
545253
545252.5
545255
545261
545257
545256.5
545256
545258.5
545258
545255.5
545253
545257.5
545262
545264.5
545267
545266.5
545269
545268.5
545268
545270.5
545273
545279
545275
545281
545287
545292
545289
545285
545291
545287
545283
545289
545285
545291
545297
545302
545307
545304
545301
545297
545293
545292.5
545295
545294.5
545294
545291.5
545289
545283.5
545291
545295.5
545300
545302.5
545302
545304.5
545307
545313
545309
545315
545311
545310.5
545310
545312.5
545315
545321
545317
545323
545329
545334
545339
545343.5
545341
545345.5
545350
545357
545352
545359
545354
545361
545356
545363
545370
545373
545372
545367
545374
545377
545376
545371
545366
545363.5
545368
545365.5
545370
545367.5
545372
545369.5
545367
545371.5
545369
545366
545363
545368
545365
545370
545367
545363
545369
545365
545371
545367
545373
545369
545365
545371
545367
545366.5
545366
545363.5
545361
545365.5
545370
545367.5
545365
545359.5
545354
545351
545356
545363.5
545358
545365.5
545360
545357
545362
545359
545364
545361
545358
545358
545358
545358.5
545359
545352.5
545361
545362.5
545364
545364.5
545365
545358.5
545367
545360.5
545354
545351.5
545349
545347.5
545351
545355.5
545353
545351.5
545350
545353.5
545357
545355.5
545354
545354.5
545355
545356.5
545358
545361.5
545360
545363.5
545362
545362.5
545363
545364.5
545366
545369.5
545368
545371.5
545370
545370.5
545371
545370.5
545370
545368.5
545367
545370.5
545374
545372.5
545371
545374.5
545378
545380.5
545383
545384.5
545386
545386.5
545388
545388.5
545389
545388.5
545388
545390.5
545390
545388.5
545387
545390.5
545394
545392.5
545391
545394.5
545398
545396.5
545400
545398.5
545402
545400.5
545399
545397
545395
545399
545397
545401
545399
545403
545407
545405
545403
545403
545403
545400.5
545405
545407
545407
545409
545409
545406.5
545404
545401
545398
545394.5
545391
545396.5
545402
545407
545404
545400.5
545397
545396.5
545399
545398.5
545398
545397.5
545400
545399.5
545402
545401.5
545401
545403.5
545403
545405.5
545408
545410.5
545410
545409.5
545412
545411.5
545414
545413.5
545413
545415.5
545415
545413.5
545417
545415.5
545419
545417.5
545416
545412.5
545418
545421.5
545425
545427.5
545430
545432.5
545432
545434.5
545437
545442.5
545448
545453
545458
545462.5
545460
545457
545462
545459
545456
545461
545458
545454.5
545460
545456.5
545453
545452.5
545452
545451.5
545451
545449.5
545448
545451.5
545450
545453.5
545457
545459.5
545462
545464.5
545467
545472.5
545469
545468.5
545468
545467.5
545467
545465.5
545469
545471.5
545471
545473.5
545473
545471.5
545475
545477.5
545480
545479.5
545482
545484.5
545487
545486.5
545489
545488.5
545491
545496.5
545493
545498.5
545504
545500.5
545506
545511
545516
545520.5
545525
545522.5
545520
545517
545514
545519
545524
545528.5
545533
545530.5
545535
545532.5
545530
545527
545524
545520.5
545526
545531
545528
545533
545538
545535
545532
545528.5
545525
545530.5
545536
545541
545538
545543
545548
545552.5
545557
545554.5
545552
545549
545546
545551
545548
545553
545550
545546.5
545543
545548.5
545554
545559
545556
545561
545558
545554.5
545560
545556.5
545562
545567
545564
545569
545574
545571
545576
545580.5
545578
545582.5
545587
545584.5
545589
545591
545591
545588.5
545586
545590.5
545595
545592.5
545597
545594.5
545592
545589
545586
545591
545588
545584.5
545581
545586.5
545592
545588.5
545594
545599
545604
545608.5
545613
545615
545617
545617
545617
545614.5
545619
545616.5
545621
545623
545625
545625
545627
545627
545627
545629
545629
545626.5
545624
545628.5
545633
545635
545635
545632.5
545630
545627
545624
545629
545634
545638.5
545643
545645
545647
545647
545649
545653
545657
545660.5
545659
545657
545655
545659
545663
545666.5
545670
545672.5
545675
545674.5
545677
545676.5
545679
545680.5
545682
545685.5
545684
545684.5
545685
545684.5
545687
545688.5
545690
545690.5
545692
545692.5
545694
545697.5
545696
545699.5
545703
545701.5
545700
545703.5
545707
545705.5
545704
545704.5
545705
545704.5
545707
545708.5
545709
545708.5
545711
545712.5
545714
545714.5
545716
545716.5
545717
545716.5
545716
545718.5
545718
545720.5
545723
545722.5
545725
545726.5
545728
545728.5
545730
545733.5
545732
545735.5
545734
545734.5
545735
545736.5
545737
545736.5
545736
545738.5
545738
545736.5
545740
545742.5
545745
545746.5
545748
545751.5
545755
545759.5
545764
545761.5
545759
545763.5
545768
545765.5
545770
545778.5
545772
545780.5
545774
545782.5
545791
545784.5
545778
545775.5
545780
545777.5
545775
545779.5
545784
545781.5
545786
545794.5
545788
545796.5
545790
545787.5
545785
545789.5
545794
545802.5
545796
545793.5
545791
545795.5
545793
545791.5
545795
545799.5
545797
545795.5
545794
545794.5
545795
545796.5
545798
545801.5
545805
545803.5
545802
545802.5
545804
545804.5
545805
545804.5
545807
545806.5
545809
545808.5
545808
545810.5
545810
545808.5
545807
545810.5
545809
545812.5
545811
545809
545813
545811
545815
545818.5
545822
545820.5
545819
545822.5
545826
545828.5
545831
545830.5
545833
545832.5
545835
545834.5
545834
545832.5
545836
545834.5
545833
545831
545829
545833
545831
545831
545833
545837
545835
545839
545843
545841
545845
545848.5
545847
545845
545849
545852.5
545851
545854.5
545853
545856.5
545855
545853
545857
545855
545853
545857
545861
545864.5
545863
545861
545865
545868.5
545867
545870.5
545874
545876.5
545879
545878.5
545878
545876.5
545875
545873
545871
545871
545871
545868.5
545873
545870.5
545868
545872.5
545877
545879
545879
545876.5
545881
545878.5
545883
545885
545885
545882.5
545887
545889
545891
545895
545899
545902.5
545906
545908.5
545911
545910.5
545913
545912.5
545912
545914.5
545917
545918.5
545919
545918.5
545921
545922.5
545924
545927.5
545931
545929.5
545928
545931.5
545935
545939.5
545937
545941.5
545946
545954.5
545963
545964.5
545965
545966.5
545967
545960.5
545969
545962.5
545956
545953.5
545958
545955.5
545953
545951.5
545950
545950.5
545951
545952.5
545954
545957.5
545956
545959.5
545963
545961.5
545965
545969.5
545974
545982.5
545976
545984.5
545978
545975.5
545980
545977.5
545982
545990.5
545999
545992.5
546001
545994.5
546003
545996.5
545990
545998.5
545992
546000.5
546009
546002.5
545996
546004.5
545998
545995.5
545993
545991.5
545990
545990.5
545991
545990.5
545993
545992.5
545992
545994.5
545997
545996.5
545999
546000.5
546002
546002.5
546003
546002.5
546002
546000.5
546004
546002.5
546006
546004.5
546008
546006.5
546010
546012.5
546012
546014.5
546017
546018.5
546019
546020.5
546021
546022.5
546024
546027.5
546026
546026.5
546027
546026.5
546026
546024.5
546028
546030.5
546030
546028.5
546027
546025
546023
546027
546025
546025
546027
546031
546029
546033
546037
546035
546039
546042.5
546046
546048.5
546051
546050.5
546050
546052.5
546052
546054.5
546057
546056.5
546056
546058.5
546058
546056.5
546060
546058.5
546057
546055
546059
546057
546055
546059
546063
546066.5
546065
546063
546061
546061
546063
546067
546071
546074.5
546073
546076.5
546080
546078.5
546077
546080.5
546084
546082.5
546081
546084.5
546088
546090.5
546090
546088.5
546087
546090.5
546089
546092.5
546096
546098.5
546098
546100.5
546103
546104.5
546106
546106.5
546107
546106.5
546109
546108.5
546108
546110.5
546110
546108.5
546107
546105
546109
546107
546105
546105
546105
546107
546107
546104.5
546109
546106.5
546111
546108.5
546106
546103
546108
546112.5
546117
546119
546119
546121
546121
546123
546123
546120.5
546125
546127
546129
546133
546137
546135
546133
546137
546141
546144.5
546148
546150.5
546150
546148.5
546152
546150.5
546149
546152.5
546151
546154.5
546153
546151
546155
546158.5
546162
546160.5
546159
546162.5
546166
546168.5
546168
546170.5
546173
546172.5
546172
546174.5
546174
546172.5
546176
546174.5
546173
546171
546169
546169
546171
546171
546171
546168.5
546166
546170.5
546175
546177
546177
546179
546179
546176.5
546181
546178.5
546176
546173
546178
546182.5
546180
546177
546174
546179
546176
546172.5
546178
546183
546188
546192.5
546190
546194.5
546192
546189
546194
546198.5
546196
546200.5
546198
546202.5
546200
546204.5
546202
546199
546204
546208.5
546213
546215
546215
546217
546217
546219
546221
546221
546221
546218.5
546216
546220.5
546218
546215
546220
546224.5
546229
546231
546233
546237
546235
546239
546243
546241
546245
546243
546247
546245
546249
546247
546251
546249
546253
546256.5
546255
546258.5
546262
546260.5
546259
546262.5
546261
546259
546263
546261
546265
546268.5
546267
546270.5
546274
546276.5
546276
546274.5
546273
546276.5
546275
546273
546277
546275
546273
546273
546273
546275
546275
546272.5
546277
546274.5
546272
546276.5
546281
546283
546283
546285
546285
546287
546287
546284.5
546282
546286.5
546284
546281
546278
546274.5
546280
546276.5
546282
546287
546292
546296.5
546294
546291
546296
546293
546298
546295
546300
546297
546294
546290.5
546296
546292.5
546289
546294.5
546300
546305
546302
546298.5
546295
546294.5
546297
546296.5
546299
546298.5
546298
546297.5
546297
546299.5
546302
546301.5
546301
546303.5
546306
546308.5
546311
546316.5
546313
546312.5
546315
546320.5
546326
546322.5
546319
546318.5
546321
546326.5
546323
546328.5
546334
546339
546336
546332.5
546329
546328.5
546328
546327.5
546327
546329.5
546332
546334.5
546337
546336.5
546336
546335.5
546335
546333.5
546337
546339.5
546339
546341.5
546341
546339.5
546343
546341.5
546340
546343.5
546347
546345.5
546344
546340.5
546346
546342.5
546339
546344.5
546341
546341
546343
546343
546343
546345
546347
546347
546349
546354.5
546360
546356.5
546362
546365.5
546364
546367.5
546371
546373.5
546373
546371.5
546370
546373.5
546372
546368.5
546374
546370.5
546376
546372.5
546378
546381.5
546385
546383.5
546387
546385.5
546389
546387.5
546391
546389.5
546388
546384.5
546390
546393.5
546392
546388.5
546394
546397.5
546396
546399.5
546398
546394.5
546391
546396.5
546402
546398.5
546404
546400.5
546397
546397
546397
546399
546401
546406.5
546412
546408.5
546405
546410.5
546416
546419.5
546423
546421.5
546425
546427.5
546427
546425.5
546424
546420.5
546426
546422.5
546428
546431.5
546435
546437.5
546437
546439.5
546439
546441.5
546441
546439.5
546443
546441.5
546445
546443.5
546442
546438.5
546444
546447.5
546451
546453.5
546453
546455.5
546455
546453.5
546452
546448.5
546454
546450.5
546447
546447
546449
546449
546449
546451
546453
546453
546453
546451.5
546455
546453.5
546452
546455.5
546454
546445.5
546456
546459.5
546458
546449.5
546460
546463.5
546462
546453.5
546464
546455.5
546447
546457.5
546468
546459.5
546451
546461.5
546472
546463.5
546455
546453.5
546457
546455.5
546454
546448.5
546456
546459.5
546458
546452.5
546460
546463.5
546467
546465.5
546469
546479.5
546490
546481.5
546492
546495.5
546494
546497.5
546501
546503
546503
546501.5
546500
546491.5
546483
546493.5
546485
546495.5
546487
546485.5
546484
546478.5
546473
546480.5
546488
546491.5
546490
546484.5
546479
546479
546479
546481
546483
546483
546483
546482.5
546485
546487
546489
546489
546489
546491
546491
546493
546493
546492.5
546492
546492.5
546493
546494.5
546496
546498.5
546501
546500.5
546503
546502.5
546502
546504.5
546507
546506.5
546509
546511
546511
546510.5
546513
546515
546517
546524.5
546519
546526.5
546534
546528.5
546536
546539.5
546543
546541.5
546545
546543.5
546547
546545.5
546549
546547.5
546546
546540.5
546535
546542.5
546537
546544.5
546552
546555.5
546554
546548.5
546556
546550.5
546558
546552.5
546560
546563.5
546562
546556.5
546564
546567.5
546571
546581.5
546573
546571.5
546575
546573.5
546577
546575.5
546574
546568.5
546576
546579.5
546578
546581.5
546585
546595.5
546606
546597.5
546608
546611.5
546610
546601.5
546593
546591.5
546595
546605.5
546597
546607.5
546618
546609.5
546601
546611.5
546622
546613.5
546605
546603.5
546602
546596.5
546604
546598.5
546593
546593
546593
546595
546595
546594.5
546594
546594.5
546595
546590
546597
546592
546587
546594
546601
546596
546591
546590
546589
546589.5
546591
546591.5
546593
546596
546599
546598
546597
546597.5
546599
546602
546605
546604
546603
546606
546609
546608
546607
546607.5
546608
546609.5
546611
546611.5
546613
546616
546615
546615.5
546617
546620
546619
546619.5
546621
546624
546627
546626
546629
546636
546643
546638
546633
546640
546647
546648.5
546650
546650.5
546652
546654.5
546654
546656.5
546656
546656.5
546657
546658.5
546659
546654
546649
546648
546647
546650
546649
546652
546655
546654
546653
546653.5
546655
546655.5
546657
546660
546659
546659.5
546660
546657
546654
546659
546664
546665.5
546667
546670
546673
546672
546675
546682
546677
546676
546675
546675.5
546676
546677.5
546678
546675
546680
546677
546682
546683.5
546685
546685.5
546686
546687.5
546689
546689.5
546690
546687
546692
546693.5
546694
546695.5
546696
546697.5
546698
546699.5
546700
546697
546702
546703.5
546704
546701
546706
546703
546700
546700
546702
546702
546704
546704
546706
546706
546706
546708
546708
546710
546710
546707
546704
546709
546714
546711
546708
546713
546710
546715
546720
546717
546722
546719
546716
546715
546718
546717
546720
546725
546730
546732
546734
546734
546734
546736
546736
546738
546738
546735
546740
546737
546742
546739
546744
546741
546738
546737
546740
546739
546738
546741
546740
546743
546742
546745
546748
546747
546746
546745.5
546748
546747.5
546750
546749.5
546749
546751.5
546754
546757
546756
546759
546762
546761
546764
546763
546762
546761.5
546761
546760.5
546760
546762.5
546762
546760
546758
546762
546760
546760
546762
546762
546762
546764
546764
546761.5
546766
546768
546768
546770
546770
546772
546772
546769.5
546774
546776
546778
546778
546780
546780
546780
546782
546782
546784
546784
546786
546786
546783.5
546781
546779.5
546778
546781.5
546785
546789.5
546787
546785.5
546784
546787.5
546791
546795.5
546793
546791.5
546795
546793.5
546792
546795.5
546794
546797.5
546801
546799.5
546798
546798
546798
546800
546800
546802
546802
546802
546802
546804
546806
546808
546808
546810
546810
546810
546810
546812
546814
546814
546816
546816
546816
546816
546816
546818
546820
546822
546822
546824
546826
546826
546828
546828
546830
546830
546830
546830
546832
546834
546834
546836
546836
546838
546840
546842
546842
546842
546844
546844
546846
546846
546848
546848
546848
546850
546852
546854
546856
546859.5
546858
546858
546860
546860
546862
546862
546862
546864
546864
546866
546866
546866
546866
546868
546870
546870
546872
546874
546874
546876
546876
546878
546880
546880
546882
546882
546882
546882
546882
546884
546886
546888
546890
546893.5
546892
546892
546894
546897.5
546896
546896
546898
546901.5
546905
546909.5
546914
546916
546916
546918
546918
546920
546922
546922
546924
546924
546926
546930
546928
546932
546936
546934
546932
546932
546932
546929.5
546927
546925.5
546929
546927.5
546926
546929.5
546933
546931.5
546935
546933.5
546937
546941.5
546939
546943.5
546948
546950
546950
546952
546952
546954
546956
546956
546956
546953.5
546958
546960
546962
546966
546964
546968
546972
546970
546974
546976.5
546979
546978.5
546981
546980.5
546980
546978
546982
546980
546984
546986.5
546989
546991.5
546994
546993.5
546996
546999
546998
547001
547004
547009
547006
547011
547016
547018
547018
547020
547020
547022
547024
547029
547026
547026
547026
547023
547028
547025
547022
547021
547020
547019.5
547022
547021.5
547021
547023.5
547026
547029
547032
547031
547030
547029.5
547032
547031.5
547034
547033.5
547033
547035.5
547038
547041
547040
547039.5
547039
547041.5
547041
547040.5
547043
547042.5
547045
547044.5
547044
547042
547046
547044
547048
547046
547050
547048
547052
547050
547054
547052
547050
547054
547058
547056
547060
547062.5
547062
547064.5
547067
547069.5
547072
547071.5
547071
547073.5
547076
547075.5
547075
547074.5
547074
547072
547076
547074
547078
547076
547074
547074
547074
547071.5
547076
547073.5
547078
547080
547080
547082
547082
547079.5
547077
547075.5
547074
547074
547074
547074
547076
547076
547076
547078
547080
547080
547082
547082
547082
547082
547082
547082.5
547084
547084.5
547086
547088
547090
547092
547094
547094
547096
547098
547098
547100
547102
547105.5
547104
547107.5
547111
547115.5
547113
547117.5
547122
547119.5
547117
547121.5
547126
547123.5
547128
547125.5
547123
547121.5
547125
547129.5
547134
547136
547138
547142
547146
547144
547142
547142
547144
547144
547146
547146
547146
547143.5
547141
547139.5
547143
547141.5
547140
547143.5
547142
547145.5
547149
547147.5
547151
547155.5
547160
547157.5
547162
547164
547166
547170
547168
547172
547176
547174
547172
547176
547180
547178
547182
547184.5
547184
547186.5
547186
547188.5
547191
547190.5
547193
547195.5
547195
547197.5
547200
547199.5
547199
547201.5
547201
547200.5
547200
547202.5
547205
547204.5
547204
547206.5
547209
547208.5
547208
547206
547204
547208
547212
547214.5
547217
547216.5
547216
547218.5
547218
547220.5
547220
547218
547216
547220
547218
547218
547220
547220
547220
547217.5
547215
547213.5
547217
547215.5
547219
547217.5
547221
547219.5
547218
547218
547220
547220
547220
547222
547222
547224
547224
547226
547228
547231.5
547235
547239.5
547237
547235.5
547239
547237.5
547236
547236
547238
547241.5
547240
547240
547242
547245.5
547249
547253.5
547258
547255.5
547260
547257.5
547255
547259.5
547257
547261.5
547259
547263.5
547261
547259.5
547258
547258
547258
547258
547258
547258
547258
547258.5
547259
547260.5
547261
547260
547263
547262
547265
547266.5
547267
547266
547269
547268
547271
547272.5
547273
547272
547275
547274
547273
547276
547279
547280.5
547282
547284
547284
547284.5
547285
547284
547287
547288.5
547290
547292
547292
547292.5
547293
547294.5
547296
547296.5
547297
547296
547299
547300.5
547301
547300
547299
547297.5
547296
547294.5
547293
547289
547285
547291
547297
547300.5
547304
547302.5
547306
547309.5
547308
547306.5
547305
547301
547307
547310.5
547314
547312.5
547316
547314.5
547313
547309
547305
547311
547307
547313
547319
547322.5
547326
547329.5
547333
547336
547335
547333.5
547332
547335.5
547334
547337.5
547336
547334.5
547338
547336.5
547335
547338.5
547337
547333
547329
547330
547331
547337
547333
547334
547335
547336
547337
547333
547339
547335
547331
547331
547331
547333
547333
547335
547335
547337
547337
547335
547339
547337
547341
547339
547337
547341
547345
547343
547341
547335
547329
547337
547331
547339
547333
547341
547335
547343
547351
547355
547359
547361
547363
547363
547365
547371
547377
547373
547379
547380
547381
547377
547383
547379
547375
547375
547377
547383
547389
547385
547391
547387
547383
547389
547395
547396
547397
547398
547399
547405
547401
547402
547403
547404
547405
547406
547407
547403
547399
547399
547399
547397
547395
547399
547397
547391
547399
547393
547401
547405
547403
547397
547405
547399
547407
547411
547409
547403
547411
547415
547413
547407
547401
547409
547403
547401.5
547405
547413
547407
547415
547423
547427
547425
547429
547427
547431
547429
547423
547431
547435
547439
547441
547441
547439
547437
547431
547425
547433
547441
547445
547443
547447
547445
547439
547447
547451
547449
547453
547457
547455
547453
547457
547455
547449
547443
547451
547445
547443.5
547447
547455
547463
547457
547451
547449.5
547448
547446
547444
547440.5
547437
547436
547439
547438
547437
547440
547439
547442
547441
547436
547431
547438
547445
547440
547447
547442
547437
547444
547439
547429.5
547441
547431.5
547422
547433.5
547445
547435.5
547447
547454
547461
547456
547451
547458
547465
547460
547455
547462
547469
547472
547475
547480.5
547477
547482.5
547488
547484.5
547490
547486.5
547483
547488.5
547494
547490.5
547487
547492.5
547489
547494.5
547491
547490
547493
547492
547495
547494
547497
547502.5
547499
547498
547497
547500
547499
547502
547505
547504
547507
547506
547505
547500
547495
547485.5
547476
547476.5
547478
547478.5
547479
547480.5
547482
547493.5
547484
547484.5
547486
547497.5
547488
547488.5
547489
547490.5
547492
547503.5
547515
547505.5
547496
547496.5
547497
547498.5
547499
547500.5
547501
547502.5
547503
547497.5
547505
547499.5
547507
547508.5
547510
547521.5
547533
547523.5
547514
547514.5
547515
547516.5
547517
547518.5
547519
547513.5
547508
547515.5
547523
547524.5
547525
547519.5
547514
547512
547516
547523.5
547531
547525.5
547533
547534.5
547536
547536.5
547538
547538.5
547540
547551.5
547563
547570
547565
547572
547579
547582
547585
547590.5
547587
547586
547585
547580
547575
547582
547589
547584
547591
547594
547597
547596
547595
547590
547597
547592
547599
547594
547589
547579.5
547591
547598
547605
547600
547607
547602
547597
547587.5
547599
547606
547613
547608
547615
547618
547617
547612
547607
547597.5
547609
547616
547623
547626
547629
547628
547631
547636.5
547642
547646
547650
547648
547646
547650
547654
547657.5
547656
547654
547652
547656
547654
547650.5
547647
547646
547649
547654.5
547651
547656.5
547662
547658.5
547655
547660.5
547657
547662.5
547659
547664.5
547661
547666.5
547672
547668.5
547674
547678
547682
547680
547684
547682
547680
547684
547682
547686
547684
547680.5
547686
547690
547688
547692
547690
547694
547698
547701.5
547700
547703.5
547702
547700
547698
547702
547700
547704
547708
547706
547704
547708
547712
547715.5
547714
547712
547710
547714
547718
547721.5
547725
547723.5
547727
547725.5
547729
547727.5
547726
547729.5
547733
547741
547735
547743
547737
547735.5
547739
547747
547755
547749
547743
547741.5
547745
547743.5
547747
547755
547763
547767
547765
547759
547753
547751.5
547750
547748
547746
547742.5
547748
547744.5
547750
547754
547752
547748.5
547745
547744
547743
547746
547745
547740
547735
547742
547737
547744
547751
547754
547753
547748
547743
547750
547745
547735.5
547747
547754
547749
547739.5
547730
547730.5
547732
547743.5
547734
547734.5
547736
547747.5
547759
547766
547773
547776
547775
547778
547781
547780
547779
547782
547785
547790.5
547787
547792.5
547798
547794.5
547791
547796.5
547793
547792
547791
547794
547797
547796
547799
547804.5
547810
547814
547812
547816
547814
547810.5
547807
547812.5
547818
547814.5
547811
547816.5
547822
547826
547830
547828
547826
547822.5
547819
547818
547821
547820
547823
547822
547825
547830.5
547836
547832.5
547838
547842
547846
547844
547842
547846
547844
547848
547846
547850
547848
547852
547850
547846.5
547843
547848.5
547845
547850.5
547847
547846
547845
547848
547851
547850
547849
547852
547855
547860.5
547857
547862.5
547859
547864.5
547870
547866.5
547872
547868.5
547874
547878
547882
547880
547884
547882
547886
547884
547888
547886
547884
547880.5
547886
547882.5
547879
547878
547881
547880
547879
547882
547881
547884
547887
547886
547889
547894.5
547900
547904
547908
547906
547910
547908
547906
547910
547914
547917.5
547921
547929
547923
547931
547925
547933
547941
547945
547943
547947
547951
547949
547953
547951
547955
547957
547957
547959
547959
547961
547963
547963
547965
547971
547967
547973
547969
547969
547971
547977
547973
547979
547985
547981
547987
547983
547979
547985
547981
547981
547983
547983
547985
547985
547987
547993
547999
548005
548001
548007
548013
548016.5
548020
548018.5
548022
548025.5
548029
548027.5
548026
548029.5
548028
548026.5
548030
548028.5
548032
548035.5
548034
548037.5
548041
548039.5
548043
548041.5
548045
548048
548051
548052.5
548054
548056
548056
548058
548058
548060
548060
548062
548062
548064
548064
548066
548068
548068
548068
548070
548072
548072
548074
548074
548076
548076
548076
548076.5
548077
548078.5
548079
548080.5
548081
548082.5
548084
548084.5
548086
548086.5
548087
548088.5
548089
548088
548091
548090
548089
548092
548091
548094
548093
548091.5
548095
548093.5
548097
548100
548099
548097.5
548096
548099.5
548098
548101.5
548100
548103.5
548102
548105.5
548109
548107.5
548111
548109.5
548113
548111.5
548110
548113.5
548112
548115.5
548114
548112.5
548116
548119.5
548123
548126
548129
548130.5
548131
548130
548129
548132
548131
548129.5
548128
548126.5
548130
548133.5
548132
548130.5
548134
548137.5
548136
548134.5
548138
548136.5
548140
548138.5
548142
548140.5
548144
548142.5
548141
548144.5
548148
548146.5
548145
548148.5
548147
548143
548149
548152.5
548156
548154.5
548158
548156.5
548155
548151
548157
548160.5
548164
548167.5
548166
548169.5
548168
548171.5
548175
548178
548181
548182.5
548183
548182
548181
548179.5
548178
548176.5
548175
548171
548177
548173
548179
548175
548171
548177
548183
548186.5
548190
548188.5
548187
548190.5
548189
548185
548181
548177
548173
548173
548173
548175
548175
548177
548177
548179
548179
548181
548183
548189
548195
548191
548187
548187
548187
548185
548183
548177
548185
548179
548173
548171.5
548170
548168
548172
548175.5
548179
548177.5
548176
548174
548178
548176
548180
548178
548182
548185.5
548184
548182
548186
548189.5
548188
548186
548184
548188
548186
548182.5
548179
548178
548181
548186.5
548192
548188.5
548185
548190.5
548196
548192.5
548189
548194.5
548191
548196.5
548202
548206
548210
548213.5
548212
548210
548214
548212
548210
548206.5
548212
548216
548220
548218
548222
548225.5
548229
548237
548231
548239
548247
548251
548249
548253
548251
548245
548253
548247
548241
548239.5
548238
548236
548234
548230.5
548236
548240
548238
548242
548246
548249.5
548248
548246
548250
548253.5
548257
548255.5
548254
548252
548256
548254
548258
548256
548260
548258
548256
548252.5
548249
548248
548247
548250
548253
548252
548255
548254
548257
548256
548259
548258
548257
548260
548263
548262
548265
548270.5
548267
548272.5
548269
548274.5
548280
548276.5
548273
548272
548275
548280.5
548286
548282.5
548288
548284.5
548290
548294
548292
548288.5
548294
548298
548296
548300
548304
548302
548306
548309.5
548308
548306
548310
548308
548306
548310
548308
548304.5
548310
548314
548318
548321.5
548325
548323.5
548327
548325.5
548329
548337
548345
548349
548347
548351
548355
548357
548357
548355
548353
548357
548355
548349
548343
548341.5
548345
548353
548361
548355
548349
548357
548365
548359
548353
548351.5
548350
548348
548346
548342.5
548348
548344.5
548341
548346.5
548343
548348.5
548345
548344
548347
548352.5
548358
548354.5
548360
548356.5
548353
548358.5
548355
548360.5
548357
548362.5
548359
548364.5
548370
548374
548372
548368.5
548374
548378
548382
548380
548378
548374.5
548380
548384
548382
548378.5
548375
548380.5
548386
548390
548394
548392
548396
548399.5
548398
548396
548400
548403.5
548407
548405.5
548404
548402
548400
548396.5
548393
548392
548391
548386
548393
548388
548383
548390
548397
548392
548387
548377.5
548389
548396
548391
548398
548393
548383.5
548395
548385.5
548376
548376.5
548378
548378.5
548380
548380.5
548382
548393.5
548384
548395.5
548386
548386.5
548388
548399.5
548411
548401.5
548413
548420
548415
548405.5
548417
548407.5
548398
548398.5
548400
548400.5
548402
548413.5
548425
548415.5
548427
548417.5
548408
548408.5
548409
548410.5
548412
548412.5
548414
548425.5
548416
548427.5
548418
548418.5
548419
548420.5
548422
548422.5
548424
548424.5
548426
548437.5
548449
548456
548451
548458
548465
548468
548467
548462
548469
548464
548459
548449.5
548461
548468
548475
548478
548481
548480
548479
548474
548481
548484
548487
548486
548489
548494.5
548500
548496.5
548502
548506
548504
548508
548506
548502.5
548508
548504.5
548510
548514
548518
548521.5
548525
548533
548527
548535
548543
548537
548531
548539
548547
548541
548535
548543
548537
548535.5
548539
548537.5
548541
548549
548543
548541.5
548545
548553
548561
548555
548549
548547.5
548546
548549.5
548548
548546
548550
548548
548546
548542.5
548539
548538
548537
548532
548539
548542
548541
548536
548531
548521.5
548512
548523.5
548514
548525.5
548537
548527.5
548518
548529.5
548520
548520.5
548522
548522.5
548523
548517.5
548525
548519.5
548527
548528.5
548529
548530.5
548532
548532.5
548534
548534.5
548536
548536.5
548537
548538.5
548539
548533.5
548541
548542.5
548544
548544.5
548545
548546.5
548547
548541.5
548549
548543.5
548551
548545.5
548540
548538
548542
548540
548544
548542
548540
548544
548548
548546
548544
548548
548552
548559.5
548567
548568.5
548569
548563.5
548571
548572.5
548573
548574.5
548575
548569.5
548564
548562
548566
548564
548568
548575.5
548570
548577.5
548572
548579.5
548587
548588.5
548589
548590.5
548592
548592.5
548593
548587.5
548595
548589.5
548584
548582
548586
548584
548588
548586
548590
548597.5
548592
548599.5
548607
548601.5
548609
548610.5
548612
548623.5
548635
548625.5
548616
548616.5
548617
548611.5
548619
548613.5
548608
548606
548610
548608
548606
548610
548614
548621.5
548616
548614
548618
548625.5
548633
548627.5
548622
548629.5
548637
548638.5
548639
548633.5
548628
548626
548630
548628
548632
548630
548634
548641.5
548636
548643.5
548651
548652.5
548654
548665.5
548656
548667.5
548679
548669.5
548681
548688
548683
548690
548697
548700
548699
548702
548701
548704
548703
548706
548709
548714.5
548711
548710
548709
548704
548699
548689.5
548680
548680.5
548681
548675.5
548683
548684.5
548686
548686.5
548687
548688.5
548690
548690.5
548691
548685.5
548680
548687.5
548682
548689.5
548697
548691.5
548699
548700.5
548701
548702.5
548703
548704.5
548705
548706.5
548707
548701.5
548709
548710.5
548711
548705.5
548700
548698
548696
548685.5
548698
548687.5
548677
548689.5
548702
548691.5
548681
548693.5
548706
548695.5
548708
548697.5
548710
548714
548718
548716
548714
548703.5
548693
548705.5
548695
548707.5
548720
548724
548722
548726
548724
548713.5
548726
548730
548734
548741.5
548736
548734
548738
548745.5
548753
548747.5
548755
548756.5
548757
548758.5
548760
548771.5
548762
548762.5
548763
548764.5
548766
548766.5
548767
548768.5
548769
548763.5
548771
548765.5
548760
548758
548756
548760
548764
548771.5
548766
548773.5
548768
548775.5
548770
548768
548772
548779.5
548774
548772
548770
548759.5
548772
548776
548780
548778
548776
548780
548778
548767.5
548780
548784
548788
548795.5
548790
548788
548786
548790
548794
548801.5
548796
548794
548798
548805.5
548800
548798
548802
548800
548804
548802
548806
548813.5
548821
548815.5
548823
548824.5
548826
548826.5
548827
548828.5
548830
548841.5
548832
548843.5
548834
548845.5
548836
548836.5
548838
548838.5
548840
548840.5
548842
548853.5
548865
548872
548879
548874
548869
548876
548883
548886
548889
548894.5
548891
548890
548893
548892
548895
548894
548893
548888
548883
548890
548885
548875.5
548887
548894
548901
548904
548907
548912.5
548918
548922
548926
548929.5
548933
548931.5
548930
548928
548926
548930
548934
548932
548930
548934
548932
548928.5
548934
548930.5
548936
548932.5
548929
548928
548931
548936.5
548942
548938.5
548944
548948
548952
548950
548948
548944.5
548941
548940
548939
548942
548945
548950.5
548956
548952.5
548958
548962
548966
548964
548962
548966
548970
548968
548966
548962.5
548968
548972
548976
548974
548978
548981.5
548980
548978
548982
548980
548984
548982
548986
548984
548982
548978.5
548975
548974
548977
548982.5
548988
548992
548996
548994
548998
548996
548994
548990.5
548987
548992.5
548998
549002
549006
549004
549008
549006
549010
549008
549012
549010
549008
549004.5
549010
549014
549018
549016
549014
549018
549016
549020
549024
549022
549020
549024
549028
549026
549030
549028
549026
549022.5
549019
549024.5
549030
549034
549032
549028.5
549034
549030.5
549027
549032.5
549029
549034.5
549031
549030
549033
549032
549035
549040.5
549037
549036
549035
549038
549037
549032
549039
549042
549045
549050.5
549056
549052.5
549049
549048
549047
549042
549049
549044
549039
549046
549053
549056
549055
549050
549045
549052
549059
549062
549065
549064
549063
549058
549065
549060
549055
549045.5
549057
549064
549071
549074
549073
549068
549075
549070
549065
549055.5
549046
549057.5
549048
549048.5
549049
549043.5
549038
549036
549034
549023.5
549013
549025.5
549015
549027.5
549040
549029.5
549019
549031.5
549044
549048
549052
549050
549054
549061.5
549056
549063.5
549071
549065.5
549060
549058
549062
549069.5
549077
549078.5
549079
549080.5
549082
549082.5
549084
549095.5
549086
549086.5
549087
549081.5
549076
549074
549072
549061.5
549074
549063.5
549076
549080
549078
549082
549080
549084
549082
549071.5
549084
549073.5
549086
549075.5
549088
549077.5
549067
549064
549061
549066
549071
549068
549065
549070
549075
549087.5
549077
549089.5
549102
549091.5
549081
549093.5
549106
549110
549114
549121.5
549116
549114
549118
549116
549120
549127.5
549135
549129.5
549124
549122
549126
549133.5
549128
549126
549130
549137.5
549132
549139.5
549147
549141.5
549149
549150.5
549152
549163.5
549154
549165.5
549156
549167.5
549158
549158.5
549159
549153.5
549161
549155.5
549150
549148
549152
549150
549154
549152
549156
549163.5
549158
549156
549160
549158
549162
549169.5
549164
549162
549166
549173.5
549168
549166
549164
549168
549172
549179.5
549187
549188.5
549190
549190.5
549192
549192.5
549194
549194.5
549196
549207.5
549198
549198.5
549199
549193.5
549201
549195.5
549203
549204.5
549205
549206.5
549208
549219.5
549210
549221.5
549212
549212.5
549214
549214.5
549216
549227.5
549239
549229.5
549220
549220.5
549221
549215.5
549210
549208
549212
549219.5
549214
549212
549210
549199.5
549189
549201.5
549191
549188
549193
549190
549187
549180.5
549189
549194
549199
549211.5
549201
549198
549195
549188.5
549182
549175.5
549169
549162.5
549156
549164.5
549173
549166.5
549175
549168.5
549177
549170.5
549179
549172.5
549181
549189.5
549183
549176.5
549185
549178.5
549172
549169.5
549167
549171.5
549169
549173.5
549178
549186.5
549180
549188.5
549182
549179.5
549177
549181.5
549186
549194.5
549188
549185.5
549190
549187.5
549185
549189.5
549187
549187
549189
549189
549191
549191
549193
549197.5
549202
549210.5
549204
549212.5
549206
549203.5
549201
549205.5
549203
549207.5
549212
549209.5
549207
549207
549207
549209
549209
549211
549213
549213
549215
549215
549215
549217
549219
549223.5
549228
549225.5
549230
549238.5
549232
549229.5
549234
549242.5
549236
549244.5
549253
549261.5
549270
549278.5
549272
549280.5
549274
549267.5
549276
549284.5
549278
549271.5
549280
549288.5
549297
549302
549299
549292.5
549301
549294.5
549303
549308
549313
549325.5
549338
549327.5
549340
549344
549342
549331.5
549321
549318
549315
549308.5
549317
549310.5
549304
549312.5
549306
549314.5
549323
549316.5
549310
549303.5
549312
549320.5
549314
549307.5
549316
549309.5
549303
549296.5
549290
549287.5
549285
549285
549285
549287
549289
549289
549289
549287.5
549286
549280.5
549275
549264
549277
549284.5
549279
549286.5
549294
549297.5
549301
549299.5
549303
549305
549305
549307
549309
549309
549309
549311
549313
549313
549315
549319.5
549324
549321.5
549319
549323.5
549328
549325.5
549323
549323
549323
549321.5
549320
549323.5
549327
549325.5
549324
549318.5
549313
549302
549315
549322.5
549330
549324.5
549332
549335.5
549334
549337.5
549336
549339.5
549343
549341.5
549340
549334.5
549342
549345.5
549349
549347.5
549346
549349.5
549353
549355
549355
549357
549357
549359
549359
549357.5
549361
549359.5
549358
549361.5
549360
549354.5
549362
549356.5
549364
549358.5
549353
549342
549355
549344
549333
549346
549335
549348
549337
549350
549363
549352
549341
549354
549367
549374.5
549369
549376.5
549384
549378.5
549373
549380.5
549388
549391.5
549395
549397
549399
549403.5
549401
549405.5
549403
549407.5
549412
549409.5
549407
549407
549407
549409
549411
549415.5
549413
549413
549415
549415
549415
549413.5
549417
549419
549421
549421
549421
549423
549425
549425
549427
549427
549429
549429
549431
549435.5
549440
549437.5
549442
549439.5
549444
549441.5
549439
549439
549441
549441
549441
549443
549443
549445
549445
549443.5
549447
549445.5
549444
549438.5
549433
549422
549411
549424
549413
549414
549415
549428
549441
549448.5
549443
549432
549445
549452.5
549447
549454.5
549449
549456.5
549464
549458.5
549466
549469.5
549468
549462.5
549457
549446
549435
549448
549437
549450
549439
549452
549465
549472.5
549480
549474.5
549469
549458
549447
549448
549449
549462
549451
549464
549453
549454
549455
549468
549481
549488.5
549483
549472
549461
549462
549463
549456.5
549465
549458.5
549452
549450
549448
549452
549456
549464.5
549458
549456
549460
549458
549462
549470.5
549479
549472.5
549481
549474.5
549468
549466
549464
549468
549466
549467
549468
549469
549470
549471
549472
549476
549480
549488.5
549482
549480
549478
549479
549480
549481
549482
549486
549490
549488
549486
549487
549488
549489
549490
549494
549498
549496
549494
549498
549502
549510.5
549519
549520
549521
549514.5
549523
549516.5
549510
549508
549512
549510
549514
549512
549510
549511
549512
549509
549514
549511
549516
549513
549510
549515
549512
549506.5
549514
549508.5
549503
549498
549505
549512.5
549520
549525
549522
549527
549532
549529
549534
549531
549528
549533
549530
549535
549532
549537
549534
549528.5
549523
549530.5
549525
549532.5
549540
549545
549542
549547
549552
549553
549554
549555
549556
549553
549550
549555
549552
549557
549554
549548.5
549543
549550.5
549558
549552.5
549547
549542
549549
549544
549551
549546
549541
549548
549555
549550
549545
549539.5
549547
549541.5
549549
549556
549551
549558
549553
549547.5
549542
549549.5
549544
549544.5
549545
549546.5
549548
549555.5
549550
549557.5
549565
549559.5
549554
549554.5
549555
549554
549553
549552.5
549555
549554.5
549554
549556.5
549559
549562
549561
549560.5
549563
549566
549565
549568
549567
549570
549573
549574.5
549576
549583.5
549591
549585.5
549593
549587.5
549582
549582.5
549583
549582
549585
549584
549583
549582.5
549582
549582.5
549583
549583
549585
549585
549585
549575.5
549566
549565
549564
549567
549566
549556.5
549547
549540
549549
549542
549535
549531
549527
549526.5
549526
549528.5
549531
549530.5
549533
549532.5
549535
549534.5
549534
549536.5
549539
549538.5
549541
549547
549543
549542.5
549545
549551
549557
549553
549549
549555
549551
549550.5
549553
549559
549555
549561
549557
549563
549569
549578
549587
549580
549589
549600.5
549591
549584
549577
549573
549579
549588
549597
549590
549583
549592
549601
549612.5
549624
549614.5
549626
549629
549628
549618.5
549609
549602
549595
549604
549613
549624.5
549615
549626.5
549617
549628.5
549619
549630.5
549642
549645
549644
549634.5
549625
549618
549627
549638.5
549629
549622
549631
549642.5
549633
549644.5
549656
549646.5
549658
549648.5
549639
549650.5
549641
549652.5
549664
549667
549666
549669
549668
549658.5
549649
549642
549635
549631
549627
549633
549629
549628.5
549631
549637
549633
549639
549635
549641
549637
549643
549649
549645
549641
549647
549653
549649
549655
549651
549657
549653
549659
549655
549651
549650.5
549650
549651
549652
549653
549654
549654
549654
549648.5
549656
549658
549658
549660
549662
549662
549662
549664
549666
549666
549666
549668
549668
549670
549670
549672
549672
549674
549674
549676
549678
549678
549678
549672.5
549667
549674.5
549682
549684
549684
549686
549686
549680.5
549688
549690
549692
549693
549694
549695
549696
549696
549698
549699
549700
549701
549702
549702
549702
549696.5
549704
549698.5
549706
549708
549710
549710
549710
549704.5
549712
549706.5
549714
549716
549718
549718
549720
549720
549720
549714.5
549722
549724
549726
549726
549726
549720.5
549728
549730
549732
549732
549734
549735
549736
549738.5
549741
549747
549753
549749
549755
549751
549757
549766
549759
549768
549761
549770
549763
549759
549765
549761
549757
549756.5
549756
549758.5
549758
549760.5
549760
549761
549762
549764.5
549764
549765
549766
549766
549766
549768
549768
549762.5
549757
549764.5
549772
549774
549776
549776
549776
549778
549778
549780
549782
549782
549782
549776.5
549771
549769
549773
549780.5
549788
549790
549790
549792
549792
549794
549796
549796
549796
549790.5
549785
549783
549781
549785
549789
549787
549791
549789
549787
549791
549795
549802.5
549810
549804.5
549799
549797
549795
549787.5
549797
549801
549805
549812.5
549820
549814.5
549822
549816.5
549811
549809
549813
549820.5
549815
549822.5
549817
549824.5
549819
549826.5
549834
549836
549836
549830.5
549838
549832.5
549840
549842
549844
549844
549846
549846
549848
549849
549850
549850
549852
549853
549854
549855
549856
549857
549858
549860.5
549863
549862.5
549865
549871
549867
549873
549879
549888
549897
549890
549883
549879
549875
549881
549877
549876.5
549876
549878.5
549878
549880.5
549883
549882.5
549885
549884.5
549884
549885
549886
549886
549888
549889
549890
549891
549892
549892
549894
549894
549896
549897
549898
549899
549900
549900
549902
549902
549902
549904
549906
549906
549906
549908
549908
549902.5
549897
549895
549893
549885.5
549878
549879
549880
549877.5
549882
549879.5
549884
549881.5
549886
549883.5
549888
549885.5
549890
549891
549892
549889.5
549887
549885
549883
549882
549885
549889
549893
549897.5
549895
549893
549891
549895
549899
549903.5
549901
549899
549897
549896
549899
549898
549897
549895
549893
549894
549895
549899
549897
549901
549905
549903
549907
549910
549909
549907
549905
549906
549907
549908
549909
549910
549911
549909.5
549913
549911.5
549910
549910.5
549911
549912.5
549914
549917.5
549921
549919.5
549918
549918.5
549920
549923.5
549922
549922.5
549923
549922
549921
549924
549927
549926
549925
549928
549927
549926
549929
549928
549927
549930
549929
549928
549927
549927
549929
549929
549929
549931
549933
549936
549935
549938
549941
549940
549939
549939
549939
549941
549943
549943
549945
549948
549947
549947
549947
549949
549951
549951
549953
549953
549955
549958
549961
549960
549959
549962
549965
549968
549967
549970
549969
549968
549971
549974
549973
549976
549979
549982
549981
549980
549983
549986
549989
549988
549987
549990
549993
549994.5
549995
549994
549997
549996
549999
550000.5
550001
550000
550003
550002
550001
550000
550003
550006
550005
550004
550007
550006
550009
550008
550007
550010
550009
550008
550007
550007
550009
550009
550009
550011
550011
550009.5
550013
550015
550017
550020
550019
550022
550025
550028
550027
550030
550029
550032
550031
550030
550033
550036
550035
550038
550037
550040
550039
550042
550041
550044
550047
550046
550045
550044
550047
550050
550053
550056
550059
550060.5
550061
550062.5
550064
550064.5
550065
550066.5
550068
550071.5
550070
550070.5
550071
550070
550069
550072
550075
550074
550073
550072
550075
550074
550073
550076
550075
550074
550073
550073
550073
550075
550077
550077
550079
550082
550081
550084
550083
550083
550085
550085
550085
550083.5
550082
550080
550084
550087.5
550091
550089.5
550088
550091.5
550090
550093.5
550092
550090
550088
550092
550096
550099.5
550098
550096
550094
550098
550102
550105.5
550104
550107.5
550111
550109.5
550113
550111.5
550115
550117
550117
550115.5
550119
550117.5
550116
550114
550112
550116
550120
550118
550122
550120
550124
550122
550126
550129.5
550128
550131.5
550130
550128
550132
550135.5
550134
550132
550136
550134
550138
550136
550140
550138
550136
550140
550144
550142
550140
550144
550142
550142.5
550144
550144.5
550146
550150
550154
550152
550150
550154
550158
550161.5
550165
550167
550169
550172
550171
550171
550173
550173
550175
550175
550175
550177
550179
550179
550181
550181
550183
550186
550185
550188
550191
550190
550193
550192
550195
550194
550193
550196
550199
550202
550205
550208
550211
550210
550209
550208
550211
550210
550209
550212
550215
550218
550217
550216
550215
550214
550217
550216
550219
550218
550221
550220
550223
550226
550225
550228
550231
550230
550229
550232
550231
550230
550229
550229
550231
550231
550233
550233
550233
550231.5
550230
550228
550232
550235.5
550239
550237.5
550241
550243
550243
550241.5
550245
550243.5
550242
550240
550238
550242
550240
550240.5
550242
550242.5
550244
550248
550252
550250
550254
550252
550256
550254
550252
550252.5
550253
550247.5
550255
550249.5
550244
550244
550246
550246
550246
550248
550248
550249
550250
550251
550252
550248
550254
550255
550256
550252
550248
550254
550250
550256
550262
550258
550264
550260
550266
550267
550268
550270
550270
550272
550272
550274
550274
550276
550278
550278
550280
550287.5
550282
550282
550282
550284
550286
550286
550288
550295.5
550303
550304.5
550306
550306.5
550307
550301.5
550309
550303.5
550298
550305.5
550313
550307.5
550315
550316.5
550318
550322
550320
550324
550322
550326
550324
550328
550326
550330
550334
550337.5
550336
550339.5
550343
550345
550345
550343.5
550342
550345.5
550344
550342
550340
550344
550348
550351.5
550355
550353.5
550357
550355.5
550359
550357.5
550361
550363
550365
550365
550365
550363.5
550362
550360
550358
550358.5
550360
550360.5
550362
550362.5
550364
550368
550372
550370
550368
550372
550370
550370.5
550371
550365.5
550360
550367.5
550362
550369.5
550364
550364
550366
550366
550366
550367
550368
550364
550360
550366
550372
550373
550374
550370
550376
550372
550368
550366.5
550370
550376
550382
550378
550374
550372.5
550376
550382
550388
550389
550390
550386
550382
550388
550394
550395
550396
550392
550388
550394
550400
550396
550392
550398
550404
550400
550406
550407
550408
550409
550410
550411
550412
550414
550414
550415
550416
550418
550420
550420
550422
550422
550424
550424
550424
550425
550426
550427
550428
550424
550420
550418.5
550422
550420.5
550419
550415
550411
550417
550423
550419
550415
550421
550417
550423
550429
550425
550421
550415.5
550423
550429
550435
550438.5
550437
550433
550439
550435
550441
550444.5
550448
550446.5
550450
550448.5
550447
550443
550449
550452.5
550451
550447
550443
550449
550455
550451
550457
550460.5
550459
550462.5
550466
550464.5
550463
550466.5
550470
550476
550482
550483
550484
550485
550486
550487
550488
550489
550490
550486
550482
550480.5
550484
550490
550486
550484.5
550483
550479
550485
550481
550477
550483
550479
550473.5
550468
550465
550462
550453
550464
550455
550446
550457
550448
550449
550450
550447
550444
550445
550446
550451
550448
550449
550450
550448
550446
550450
550448
550452
550456
550454
550452
550456
550454
550458
550462
550463
550464
550469
550474
550471
550476
550477
550478
550489
550500
550491
550502
550493
550484
550485
550486
550487
550488
550489
550490
550491
550492
550493
550494
550505
550496
550507
550518
550509
550500
550511
550522
550513
550504
550505
550506
550507
550508
550509
550510
550511
550512
550509
550514
550515
550516
550517
550518
550519
550520
550517
550522
550523
550524
550525
550526
550537
550548
550539
550530
550541
550552
550557
550562
550559
550564
550561
550558
550549
550540
550551
550562
550567
550564
550555
550566
550571
550576
550583.5
550578
550585.5
550580
550577
550582
550589.5
550584
550591.5
550586
550583
550588
550595.5
550590
550597.5
550605
550599.5
550594
550591
550588
550593
550598
550595
550600
550607.5
550602
550609.5
550604
550601
550606
550603
550608
550615.5
550610
550617.5
550612
550619.5
550627
550633
550629
550623.5
550618
550615
550612
550603
550594
550595
550596
550597
550598
550599
550600
550597
550602
550603
550604
550605
550606
550607
550608
550619
550610
550611
550612
550613
550614
550611
550616
550613
550618
550615
550620
550617
550614
550615
550616
550617
550618
550619
550620
550618
550622
550623
550624
550622
550620
550624
550628
550626
550630
550631
550632
550633
550634
550632
550630
550634
550638
550636
550634
550633
550632
550635
550634
550637
550636
550636.5
550637
550638.5
550640
550643
550646
550645
550644
550644.5
550646
550646.5
550648
550651
550650
550650.5
550652
550655
550654
550654.5
550655
550656.5
550658
550658.5
550659
550655.5
550652
550652.5
550653
550654.5
550656
550661.5
550658
550663.5
550660
550665.5
550662
550662.5
550664
550664.5
550666
550671.5
550668
550668.5
550669
550669
550669
550668
550667
550670
550669
550666
550671
550674
550673
550676
550679
550678
550677
550674
550671
550676
550681
550678
550675
550675
550675
550677
550677
550679
550681
550686
550683
550688
550693
550696
550695
550692
550697
550700
550703
550705
550707
550707
550707
550706
550705
550702
550699
550704
550701
550706
550703
550703
550705
550705
550707
550707
550707
550709
550711
550716
550721
550718
550715
550715
550715
550714.5
550717
550716.5
550719
550721
550723
550723
550723
550722.5
550725
550724.5
550724
550724.5
550726
550728.5
550728
550730.5
550733
550735
550737
550742
550747
550744
550741
550746
550743
550743
550745
550745
550747
550752
550749
550749
550751
550751
550753
550753
550753
550752.5
550752
550752.5
550754
550756.5
550756
550756.5
550757
550754
550751
550751.5
550753
550753.5
550755
550755.5
550756
550754.5
550758
550756.5
550760
550758.5
550762
550760.5
550764
550762.5
550761
550754.5
550748
550756.5
550765
550758.5
550752
550753
550754
550753.5
550756
550757
550758
550759
550760
550759.5
550759
550758.5
550758
550757
550756
550755
550758
550757
550760
550759
550758
550761
550764
550763
550766
550769
550772
550774.5
550774
550776.5
550776
550778.5
550781
550780.5
550780
550779
550782
550781
550784
550783
550786
550788.5
550788
550787
550786
550789
550792
550794.5
550794
550793
550792
550791
550790
550793
550792
550795
550794
550780
550766
550782
550798
550801
550804
550807
550806
550809
550812
550814.5
550814
550816.5
550816
550818.5
550821
550820.5
550820
550819
550818
550817
550816
550802
550818
550821
550824
550827
550826
550825
550824
550827
550826
550829
550828
550831
550834
550837
550836
550835
550834
550837
550836
550839
550842
550845
550844
550843
550842
550828
550844
550830
550846
550849
550848
550851
550850
550853
550852
550838
550824
550814.5
550826
550816.5
550807
550799.5
550792
550792.5
550794
550803.5
550796
550805.5
550815
550826.5
550838
550854
550870
550856
550842
550832.5
550823
550834.5
550825
550836.5
550848
550838.5
550850
550840.5
550831
550823.5
550816
550825.5
550818
550827.5
550820
550820.5
550821
550822.5
550824
550833.5
550826
550835.5
550845
550837.5
550847
550858.5
550849
550841.5
550834
550834.5
550835
550828.5
550822
550830.5
550824
550832.5
550826
550834.5
550828
550836.5
550830
550838.5
550847
550848.5
550850
550850.5
550851
550852.5
550854
550854.5
550856
550865.5
550858
550867.5
550860
550860.5
550861
550854.5
550863
550864.5
550866
550875.5
550885
550877.5
550870
550870.5
550872
550872.5
550873
550866.5
550860
550868.5
550862
550862
550862
550864
550866
550874.5
550868
550868
550868
550870
550872
550872
550874
550874
550874
550876
550876
550877
550878
550879
550880
550882
550884
550892.5
550901
550894.5
550903
550904.5
550905
550906.5
550908
550908.5
550910
550910.5
550912
550921.5
550931
550942.5
550954
550970
550986
550989
550992
550995
550994
550997
551000
550999
551002
551001
551000
551003
551002
551005
551004
551007
551006
551005
551008
551011
551010
551009
551008
551011
551014
551013
551016
551015
551014
551017
551020
551019
551018
551004
550990
551006
551022
551008
551024
551010
550996
550986.5
550977
550969.5
550962
550962.5
550963
550964.5
550965
550958.5
550967
550968.5
550970
550979.5
550989
550981.5
550991
550983.5
550976
550985.5
550978
550987.5
550997
550989.5
550999
551010.5
551001
551012.5
551003
550995.5
551005
551016.5
551028
551018.5
551009
551001.5
550994
551003.5
551013
551005.5
550998
550998.5
550999
551000.5
551002
551002.5
551004
551013.5
551006
551015.5
551008
551008.5
551009
551002.5
551011
551004.5
550998
550998
551000
551008.5
551002
551002
551004
551004
551006
551006
551006
551007
551008
551009
551010
551011
551012
551013
551014
551015
551016
551018
551018
551019
551020
551022
551022
551024
551024
551026
551026
551027
551028
551029
551030
551031
551032
551033
551034
551035
551036
551037
551038
551039
551040
551041
551042
551044
551044
551045
551046
551048
551048
551050
551052
551060.5
551054
551054
551054
551055
551056
551057
551058
551059
551060
551062
551062
551064
551066
551074.5
551068
551076.5
551070
551078.5
551072
551080.5
551074
551082.5
551091
551092.5
551093
551094.5
551095
551088.5
551082
551090.5
551099
551092.5
551101
551094.5
551103
551096.5
551105
551106.5
551108
551117.5
551110
551119.5
551112
551121.5
551131
551123.5
551133
551144.5
551156
551146.5
551158
551148.5
551139
551131.5
551141
551133.5
551126
551135.5
551128
551137.5
551130
551139.5
551149
551160.5
551151
551143.5
551136
551136.5
551137
551130.5
551124
551124
551126
551126
551128
551128
551130
551138.5
551132
551132
551132
551134
551134
551136
551136
551137
551138
551139
551140
551141
551142
551143
551144
551145
551146
551147
551148
551149
551150
551149.5
551149
551144
551151
551146
551153
551148
551143
551150
551145
551138.5
551147
551140.5
551134
551142.5
551136
551144.5
551153
551160
551167
551169.5
551172
551173
551174
551175
551176
551177
551178
551177.5
551180
551181
551182
551183
551184
551185
551186
551187
551188
551189
551190
551189.5
551192
551191.5
551191
551186
551193
551195.5
551198
551197.5
551200
551199.5
551202
551203
551204
551203.5
551206
551205.5
551208
551207.5
551210
551209.5
551212
551211.5
551214
551215
551216
551217
551218
551219
551220
551219.5
551222
551221.5
551221
551216
551223
551225.5
551225
551227.5
551227
551229.5
551232
551233
551234
551235
551236
551237
551238
551237.5
551240
551241
551242
551243
551244
551243.5
551246
551247
551248
551249
551250
551251
551252
551251.5
551251
551246
551241
551234.5
551243
551236.5
551230
551224
551232
551240.5
551234
551228
551222
551230
551238
551232
551240
551248.5
551242
551236
551244
551252.5
551246
551240
551234
551242
551250
551258.5
551267
551274
551269
551262.5
551256
551250
551258
551252
551260
551254
551262
551270.5
551279
551272.5
551266
551260
551268
551262
551270
551278.5
551272
551280.5
551289
551296
551303
551298
551305
551307.5
551307
551309.5
551309
551304
551311
551313.5
551316
551317
551318
551319
551320
551321
551322
551323
551324
551325
551326
551327
551328
551330
551332
551340.5
551334
551342.5
551336
551336
551336
551337
551338
551339
551340
551341
551342
551343
551344
551345
551346
551347
551348
551349
551350
551351
551352
551351.5
551351
551346
551341
551348
551343
551336.5
551345
551352
551359
551361.5
551361
551363.5
551366
551365.5
551365
551360
551367
551362
551357
551364
551359
551366
551373
551368
551363
551356.5
551365
551358.5
551352
551346
551340
551324
551308
551304.5
551301
551301.5
551303
551303.5
551304
551301
551306
551303
551308
551305
551302
551307
551312
551313.5
551315
551320.5
551317
551317.5
551318
551319.5
551321
551326.5
551332
551350
551334
551330.5
551327
551327.5
551329
551329.5
551330
551327
551324
551314
551326
551316
551306
551300.5
551295
551302.5
551297
551288.5
551280
551290.5
551301
551308.5
551303
551294.5
551305
551296.5
551288
551298.5
551309
551300.5
551311
551318.5
551313
551320.5
551315
551306.5
551298
551308.5
551319
551310.5
551302
551302.5
551304
551314.5
551306
551316.5
551308
551318.5
551329
551336.5
551331
551322.5
551314
551314.5
551315
551316.5
551317
551318.5
551319
551319
551319
551318
551321
551320
551323
551325
551325
551327
551327
551326
551325
551322.5
551327
551324.5
551329
551332
551331
551328.5
551333
551330.5
551328
551324.5
551330
551326.5
551323
551328.5
551325
551330.5
551327
551323
551329
551325
551331
551327
551333
551329
551325
551316.5
551327
551318.5
551310
551320.5
551312
551306.5
551314
551308.5
551303
551310.5
551305
551305
551307
551314.5
551309
551316.5
551324
551318.5
551313
551313
551315
551322.5
551317
551324.5
551332
551342.5
551334
551328.5
551323
551323
551325
551332.5
551340
551350.5
551361
551367
551363
551354.5
551346
551356.5
551367
551373
551369
551360.5
551371
551377
551373
551364.5
551356
551350.5
551358
551352.5
551347
551347
551347
551349
551349
551350
551351
551353
551353
551355
551355
551357
551359
551359
551361
551368.5
551376
551370.5
551365
551372.5
551380
551390.5
551382
551376.5
551371
551378.5
551386
551380.5
551375
551382.5
551377
551384.5
551392
551402.5
551394
551404.5
551415
551421
551427
551432.5
551429
551425
551421
551412.5
551423
551414.5
551406
551416.5
551408
551402.5
551397
551404.5
551399
551399
551401
551408.5
551403
551403
551403
551405
551405
551407
551409
551409
551411
551418.5
551426
551436.5
551428
551438.5
551430
551440.5
551432
551426.5
551434
551428.5
551423
551423
551423
551425
551427
551434.5
551429
551436.5
551444
551454.5
551446
551440.5
551435
551442.5
551437
551437
551439
551439
551439
551441
551441
551443
551445
551445
551445
551446
551447
551446
551449
551448
551447
551450
551449
551450
551451
551452
551453
551456
551459
551460
551461
551460
551463
551464
551465
551466
551467
551468
551469
551471
551473
551480.5
551488
551482.5
551477
551477
551477
551478
551479
551478
551481
551480
551483
551484
551485
551484
551483
551484
551485
551486
551487
551490
551489
551492
551495
551496
551497
551498
551499
551500
551501
551502
551503
551505
551505
551507
551507
551509
551509
551511
551513
551520.5
551515
551522.5
551530
551540.5
551532
551542.5
551534
551528.5
551523
551530.5
551525
551532.5
551540
551534.5
551529
551536.5
551544
551538.5
551533
551533
551533
551534
551535
551536
551537
551536
551539
551538
551541
551540
551543
551542
551541
551542
551543
551544
551545
551546
551547
551550
551549
551550
551551
551554
551553
551556
551555
551558
551557
551558
551559
551560
551561
551564
551567
551566
551565
551568
551571
551572
551573
551575
551575
551576
551577
551578
551579
551580
551581
551582
551583
551585
551585
551587
551587
551589
551589
551591
551591
551593
551595
551602.5
551610
551620.5
551631
551637
551643
551648.5
551645
551641
551637
551643
551639
551630.5
551641
551647
551653
551658.5
551655
551660.5
551657
551653
551649
551655
551661
551666.5
551663
551668.5
551665
551661
551667
551672.5
551678
551674.5
551680
551676.5
551682
551678.5
551684
551688.5
551693
551690.5
551688
551692.5
551697
551700
551699
551696.5
551701
551698.5
551703
551706
551709
551711
551713
551714.5
551716
551726.5
551737
551728.5
551739
551746.5
551754
551748.5
551756
551768
551758
551770
551782
551772
551762
551774
551764
551776
551766
551760.5
551768
551762.5
551757
551748.5
551759
551750.5
551742
551752.5
551744
551744.5
551745
551746.5
551747
551747
551749
551749
551751
551751
551751
551750
551749
551752
551755
551757
551759
551760.5
551761
551762.5
551764
551774.5
551785
551776.5
551768
551768.5
551770
551780.5
551772
551782.5
551774
551774.5
551775
551776.5
551777
551778.5
551780
551790.5
551801
551808.5
551803
551794.5
551805
551796.5
551788
551788.5
551789
551789
551789
551791
551791
551793
551793
551792
551795
551797
551799
551799
551799
551798
551801
551800
551803
551805
551807
551808.5
551810
551820.5
551831
551822.5
551814
551824.5
551816
551826.5
551837
551844.5
551852
551864
551854
551848.5
551856
551868
551880
551885
551890
551887
551892
551893.5
551894
551891
551888
551893
551890
551895
551900
551897
551902
551899
551904
551901
551898
551903
551908
551905
551902
551892
551882
551876.5
551871
551878.5
551873
551864.5
551875
551866.5
551877
551884.5
551879
551886.5
551881
551872.5
551883
551874.5
551885
551892.5
551887
551878.5
551870
551880.5
551891
551898.5
551906
551918
551930
551920
551932
551922
551934
551939
551944
551945.5
551947
551952.5
551949
551949.5
551950
551947
551944
551934
551946
551936
551926
551920.5
551928
551922.5
551917
551908.5
551919
551926.5
551934
551928.5
551923
551930.5
551938
551950
551940
551934.5
551929
551920.5
551931
551922.5
551933
551924.5
551916
551926.5
551918
551928.5
551939
551946.5
551954
551948.5
551956
551968
551958
551970
551960
551972
551984
551974
551986
551991
551996
551993
551990
551995
551992
551997
551994
551984
551974
551986
551998
552003
552000
551990
551980
551974.5
551969
551960.5
551952
551952.5
551954
551954.5
551955
551956.5
551957
551958.5
551960
551960.5
551961
551961
551963
551964.5
551965
551966.5
551967
551967
551967
551969
551971
551971
551971
551970
551973
551972
551971
551974
551977
551979
551979
551978
551981
551980
551983
551982
551981
551984
551987
551989
551991
551992.5
551993
551993
551993
551992
551991
551988.5
551986
551990.5
551995
551992.5
551997
551994.5
551992
551996.5
552001
551998.5
551996
552000.5
552005
552008
552007
552004.5
552009
552012
552011
552008.5
552006
552010.5
552015
552018
552021
552020
552023
552025
552027
552028.5
552030
552040.5
552051
552042.5
552034
552034.5
552035
552036.5
552037
552037
552039
552040.5
552041
552042.5
552044
552054.5
552046
552046.5
552048
552048.5
552050
552050.5
552052
552062.5
552073
552064.5
552075
552066.5
552077
552084.5
552079
552070.5
552062
552062.5
552063
552064.5
552065
552066.5
552068
552078.5
552070
552070.5
552072
552082.5
552074
552084.5
552076
552086.5
552097
552104.5
552112
552106.5
552101
552108.5
552116
552110.5
552105
552112.5
552107
552098.5
552109
552100.5
552111
552118.5
552126
552138
552128
552140
552152
552157
552162
552163.5
552165
552170.5
552176
552172.5
552169
552174.5
552180
552198
552182
552178.5
552184
552202
552186
552182.5
552179
552179.5
552181
552186.5
552183
552188.5
552194
552212
552196
552192.5
552198
552194.5
552200
552196.5
552202
552220
552204
552200.5
552206
552224
552242
552250
552258
552252
552246
552254
552248
552232
552250
552258
552252
552260
552268
552262
552256
552264
552258
552266
552274
552282.5
552291
552284.5
552278
552272
552266
552274
552268
552252
552236
552232.5
552238
552234.5
552240
552236.5
552242
552260
552244
552240.5
552246
552264
552248
552244.5
552250
552246.5
552243
552248.5
552254
552272
552256
552252.5
552258
552276
552260
552278
552262
552280
552264
552282
552266
552262.5
552259
552264.5
552270
552288
552306
552314
552308
552292
552276
552294
552312
552320
552328
552336.5
552345
552352
552359
552354
552349
552342.5
552336
552344.5
552338
552346.5
552355
552348.5
552357
552364
552371
552366
552361
552368
552363
552370
552365
552358.5
552352
552346
552354
552348
552342
552350
552344
552328
552312
552308.5
552305
552305.5
552307
552307.5
552308
552309.5
552310
552307
552312
552313.5
552314
552311
552316
552317.5
552318
552315
552312
552302
552292
552304
552294
552306
552318
552323
552320
552325
552322
552312
552324
552329
552334
552335.5
552336
552337.5
552338
552335
552332
552322
552334
552339
552336
552326
552316
552310.5
552305
552312.5
552320
552314.5
552309
552300.5
552311
552318.5
552313
552320.5
552315
552322.5
552317
552324.5
552319
552310.5
552321
552312.5
552304
552314.5
552325
552316.5
552327
552318.5
552310
552320.5
552331
552322.5
552314
552314.5
552315
552316.5
552317
552318.5
552319
552319
552319
552318
552321
552323
552323
552322
552325
552324
552323
552326
552329
552328
552327
552324.5
552329
552326.5
552331
552328.5
552326
552322.5
552319
552315
552311
552317
552323
552328.5
552325
552330.5
552336
552340.5
552338
552334.5
552340
552336.5
552342
552346.5
552351
552348.5
552353
552356
552359
552358
552361
552360
552359
552362
552361
552358.5
552363
552360.5
552365
552362.5
552360
552364.5
552362
552358.5
552355
552351
552347
552353
552349
552340.5
552351
552357
552363
552368.5
552374
552378.5
552376
552380.5
552385
552382.5
552380
552376.5
552373
552369
552375
552371
552377
552373
552379
552384.5
552381
552377
552383
552388.5
552394
552390.5
552387
552383
552379
552370.5
552381
552372.5
552383
552374.5
552366
552360.5
552355
552362.5
552370
552364.5
552359
552366.5
552374
552368.5
552363
552370.5
552378
552388.5
552380
552390.5
552382
552376.5
552371
552378.5
552386
552380.5
552388
552398.5
552409
552400.5
552392
552402.5
552413
552404.5
552396
552406.5
552398
552408.5
552419
552425
552421
552412.5
552423
552414.5
552425
552416.5
552408
552402.5
552410
552420.5
552412
552406.5
552414
552424.5
552416
552410.5
552418
552412.5
552407
552407
552409
552409
552409
552410
552411
552412
552413
552412
552411
552414
552413
552414
552415
552416
552417
552414.5
552412
552416.5
552421
552418.5
552423
552420.5
552418
552417.5
552420
552419.5
552422
552426.5
552424
552423.5
552423
552421.5
552425
552423.5
552422
552425.5
552424
552427.5
552426
552426
552428
552428
552428
552430
552432
552432
552432
552430
552434
552432
552430
552430.5
552432
552436
552434
552434.5
552435
552436.5
552438
552442
552440
552440.5
552441
552442.5
552444
552448
552452
552450
552448
552448.5
552449
552442
552451
552452.5
552453
552454.5
552456
552460
552464
552466
552466
552468
552470
552473.5
552472
552472
552474
552477.5
552481
552483.5
552486
552485.5
552488
552492.5
552490
552494.5
552499
552500
552501
552504
552503
552504
552505
552506
552507
552508
552509
552510
552511
552514
552517
552518
552519
552518
552521
552520
552523
552524
552525
552526
552527
552528
552529
552531
552533
552533
552535
552535
552535
552537
552539
552539
552541
552541
552543
552543
552543
552545
552547
552554.5
552562
552572.5
552564
552558.5
552566
552576.5
552568
552578.5
552570
552564.5
552559
552559
552559
552561
552561
552563
552563
552564
552565
552564
552567
552568
552569
552568
552567
552570
552573
552574
552575
552576
552577
552578
552579
552581
552581
552583
552583
552584
552585
552586
552587
552588
552589
552591
552591
552592
552593
552592
552591
552592
552593
552594
552595
552596
552597
552600
552599
552602
552605
552604
552603
552604
552605
552606
552607
552608
552609
552610
552611
552612
552613
552610.5
552608
552612.5
552617
552614.5
552619
552620
552621
552622
552623
552624
552625
552626
552627
552628
552629
552630
552631
552632
552633
552634
552635
552638
552637
552640
552639
552642
552641
552642
552643
552644
552645
552646
552647
552648
552649
552652
552651
552652
552653
552654
552655
552658
552661
552660
552659
552660
552661
552658.5
552663
552660.5
552665
552662.5
552660
552659.5
552659
552657.5
552661
552663.5
552666
552670.5
552675
552672.5
552670
552669.5
552672
552676.5
552674
552678.5
552683
552680.5
552678
552677.5
552680
552684.5
552682
552686.5
552684
552688.5
552686
552685.5
552688
552692.5
552690
552694.5
552692
552691.5
552694
552693.5
552693
552691.5
552690
552693.5
552692
552695.5
552694
552697.5
552701
552703.5
552703
552701.5
552700
552700
552700
552698
552696
552700
552704
552706
552708
552708
552708
552710
552712
552715.5
552714
552717.5
552721
552719.5
552718
552718
552720
552723.5
552727
552725.5
552724
552727.5
552731
552733.5
552733
552735.5
552738
552742.5
552740
552744.5
552749
552746.5
552744
552748.5
552753
552754
552755
552756
552757
552760
552763
552764
552765
552766
552767
552768
552769
552771
552773
552773
552773
552774
552775
552776
552777
552778
552779
552778
552777
552778
552779
552780
552781
552782
552783
552786
552785
552786
552787
552788
552789
552790
552791
552792
552793
552790.5
552795
552792.5
552790
552794.5
552799
552796.5
552801
552802
552803
552806
552809
552808
552807
552810
552809
552812
552815
552814
552813
552816
552815
552818
552817
552818
552819
552820
552821
552822
552823
552824
552825
552826
552827
552828
552829
552830
552831
552834
552837
552838
552839
552840
552841
552842
552843
552844
552845
552847
552847
552848
552849
552851
552853
552853
552853
552854
552855
552856
552857
552856
552855
552858
552861
552862
552863
552865
552865
552866
552867
552868
552869
552870
552871
552872
552873
552875
552877
552877
552877
552879
552881
552881
552883
552883
552883
552885
552887
552894.5
552902
552896.5
552891
552891
552891
552892
552893
552895
552897
552897
552897
552899
552899
552900
552901
552900
552903
552902
552901
552904
552907
552906
552905
552908
552911
552910
552909
552910
552911
552912
552913
552914
552915
552916
552917
552918
552919
552920
552921
552922
552923
552920.5
552925
552922.5
552927
552928
552929
552930
552931
552928.5
552926
552930.5
552928
552932.5
552937
552938
552939
552936.5
552941
552942
552943
552944
552945
552946
552947
552948
552949
552952
552955
552956
552957
552956
552959
552958
552961
552960
552963
552962
552965
552966
552967
552968
552969
552971
552973
552973
552973
552974
552975
552977
552977
552979
552979
552980
552981
552980
552983
552984
552985
552986
552987
552988
552989
552991
552991
552992
552993
552995
552997
553004.5
552999
553006.5
553014
553008.5
553016
553026.5
553037
553028.5
553020
553014.5
553009
553016.5
553024
553034.5
553026
553020.5
553015
553015
553017
553024.5
553032
553042.5
553053
553059
553065
553061
553057
553048.5
553059
553050.5
553061
553052.5
553044
553038.5
553033
553040.5
553035
553042.5
553037
553037
553037
553038
553039
553041
553041
553042
553043
553042
553045
553044
553047
553048
553049
553048
553051
553052
553053
553054
553055
553056
553057
553056
553055
553058
553061
553062
553063
553065
553067
553067
553069
553076.5
553084
553078.5
553073
553080.5
553075
553075
553075
553077
553077
553078
553079
553078
553081
553082
553083
553084
553085
553084
553087
553088
553089
553088
553091
553092
553093
553094
553095
553094
553093
553096
553099
553098
553097
553100
553103
553102
553101
553102
553103
553104
553105
553108
553111
553110
553113
553112
553115
553114
553113
553116
553115
553118
553117
553120
553119
553120
553121
553122
553123
553120.5
553118
553122.5
553120
553119.5
553122
553126.5
553131
553128.5
553126
553130.5
553128
553132.5
553137
553134.5
553132
553136.5
553141
553142
553143
553140.5
553145
553142.5
553147
553148
553149
553146.5
553151
553152
553153
553154
553155
553156
553157
553154.5
553159
553156.5
553154
553153.5
553156
553155.5
553155
553153.5
553152
553155.5
553159
553161.5
553161
553163.5
553163
553161.5
553165
553163.5
553167
553165.5
553164
553167.5
553171
553173.5
553173
553171.5
553175
553177.5
553177
553175.5
553179
553181.5
553184
553188.5
553186
553190.5
553195
553192.5
553197
553198
553199
553202
553201
553204
553203
553204
553205
553206
553207
553208
553209
553210
553211
553208.5
553213
553214
553215
553218
553221
553220
553219
553220
553221
553222
553223
553224
553225
553226
553227
553224.5
553229
553226.5
553224
553228.5
553226
553230.5
553235
553236
553237
553240
553243
553244
553245
553246
553247
553246
553249
553248
553251
553252
553253
553252
553255
553254
553257
553256
553255
553258
553261
553260
553259
553262
553261
553264
553267
553266
553269
553268
553271
553270
553269
553270
553271
553272
553273
553270.5
553268
553272.5
553270
553269.5
553272
553276.5
553281
553278.5
553276
553275.5
553275
553273.5
553277
553279.5
553279
553281.5
553281
553279.5
553278
553278
553278
553276
553274
553274.5
553275
553276.5
553277
553270
553263
553263.5
553264
553265.5
553267
553276
553285
553286.5
553287
553280
553273
553282
553291
553292.5
553294
553294.5
553296
553296.5
553297
553298.5
553299
553292
553285
553294
553287
553287.5
553288
553289.5
553291
553300
553293
553302
553295
553304
553297
553306
553299
553308
553301
553310
553319
553320.5
553322
553326
553324
553324.5
553325
553326.5
553327
553328.5
553329
553322
553331
553332.5
553334
553334.5
553336
553336.5
553337
553338.5
553339
553340.5
553341
553334
553327
553336
553329
553329.5
553331
553331.5
553333
553342
553351
553344
553353
553354.5
553356
553360
553358
553362
553366
553368
553370
553373.5
553372
553375.5
553379
553377.5
553376
553379.5
553383
553381.5
553385
553387.5
553390
553389.5
553389
553387.5
553386
553386
553386
553388
553388
553390
553390
553392
553394
553394
553394
553396
553398
553398
553398
553400
553402
553402
553404
553404
553404
553406
553408
553411.5
553410
553410
553410
553408
553406
553406.5
553408
553408.5
553410
553414
553418
553420
553422
553425.5
553429
553431.5
553431
553433.5
553433
553435.5
553438
553437.5
553437
553439.5
553439
553437.5
553441
553439.5
553438
553438
553440
553440
553440
553438
553436
553440
553444
553442
553446
553448
553448
553450
553452
553455.5
553454
553454
553454
553452
553456
553454
553452
553456
553454
553458
553462
553464
553466
553466
553468
553471.5
553475
553477.5
553477
553479.5
553482
553486.5
553484
553483.5
553483
553481.5
553485
553487.5
553487
553489.5
553489
553487.5
553491
553489.5
553493
553491.5
553495
553493.5
553497
553495.5
553494
553497.5
553501
553503.5
553503
553501.5
553500
553503.5
553502
553505.5
553509
553511.5
553514
553518.5
553516
553515.5
553515
553517.5
553517
553519.5
553519
553517.5
553521
553523.5
553523
553521.5
553520
553523.5
553522
553522
553524
553527.5
553526
553526
553526
553524
553522
553522.5
553523
553516
553509
553509.5
553510
553511.5
553512
553513.5
553515
553515.5
553517
553517.5
553519
553519.5
553520
553519.5
553522
553521.5
553521
553518
553515
553520
553525
553522
553519
553519
553521
553526
553523
553528
553525
553525
553525
553527
553529
553529
553531
553531
553533
553533
553533
553535
553537
553537
553537
553535.5
553534
553537.5
553536
553537
553538
553539
553540
553543.5
553547
553545.5
553544
553545
553546
553543.5
553541
553541
553541
553543
553543
553543.5
553544
553545.5
553546
553546.5
553547
553546
553545
553543
553547
553545
553543
553547
553545
553542
553547
553544
553549
553546
553543
553537.5
553545
553539.5
553547
553552
553549
553554
553559
553563
553567
553570
553569
553567
553571
553569
553573
553576
553579
553578
553581
553580
553579
553582
553581
553584
553583
553586
553585
553588
553591
553592.5
553594
553595.5
553597
553599
553599
553601
553601
553601.5
553602
553602.5
553604
553604.5
553605
553604
553603
553606
553605
553608
553607
553605
553603
553600
553605
553602
553607
553604
553601
553595.5
553603
553597.5
553605
553610
553615
553619
553617
553614
553619
553623
553621
553618
553623
553620
553617
553611.5
553606
553613.5
553621
553615.5
553610
553609
553608
553611
553610
553613
553616
553623.5
553631
553625.5
553620
553627.5
553622
553621
553620
553615
553610
553606.5
553603
553608.5
553614
553610.5
553616
553612.5
553609
553601
553593
553603
553613
553605
553597
553597
553599
553599
553599
553601
553603
553603
553603
553597.5
553592
553590.5
553594
553592.5
553591
553584.5
553593
553596.5
553600
553598.5
553597
553590.5
553599
553592.5
553601
553604.5
553608
553615.5
553610
553608.5
553607
553600.5
553594
553594.5
553595
553596.5
553597
553592
553587
553587.5
553589
553589.5
553591
553591.5
553592
553588
553594
553595.5
553597
553597.5
553598
553594
553600
553601.5
553603
553603.5
553605
553612
553607
553607.5
553609
553609.5
553610
553606
553602
553602.5
553603
553598.5
553605
553600.5
553607
553602.5
553609
553610.5
553612
553612.5
553614
553614.5
553615
553610.5
553617
553612.5
553619
553620.5
553622
553628
553624
553630
553626
553632
553638
553639.5
553640
553636
553632
553632.5
553634
553634.5
553636
553636.5
553637
553638.5
553639
553634.5
553630
553636.5
553632
553630.5
553629
553632.5
553631
553634.5
553633
553632
553631
553634
553637
553636
553635
553635.5
553637
553640
553639
553639.5
553641
553644
553647
553646
553649
553648
553651
553650
553653
553656.5
553655
553658.5
553662
553668.5
553664
553662.5
553661
553664.5
553663
553666.5
553665
553664
553663
553663.5
553664
553660.5
553666
553662.5
553659
553656.5
553654
553643
553656
553645
553658
553662.5
553660
553649
553662
553651
553640
553653
553642
553655
553644
553641
553638
553637.5
553640
553639.5
553642
553641.5
553641
553643.5
553646
553645.5
553645
553643
553641
553639.5
553643
553647
553651
553653.5
553653
553651
553649
553653
553651
553655
553653
553657
553655
553653.5
553657
553655.5
553659
553657.5
553656
553651.5
553658
553653.5
553660
553655.5
553651
553657.5
553664
553667.5
553671
553669.5
553668
553671.5
553670
553673.5
553677
553681
553679
553683
553687
553689.5
553689
553691.5
553694
553693.5
553693
553695.5
553695
553693
553691
553689.5
553688
553683.5
553679
553679
553679
553680
553681
553683
553683
553685
553685
553687
553689
553695.5
553702
553705.5
553704
553699.5
553706
553709.5
553708
553711.5
553710
553713.5
553717
553715.5
553714
553709.5
553716
553711.5
553718
553713.5
553709
553709
553709
553711
553711
553712
553713
553714
553715
553716
553717
553718
553719
553721
553723
553723
553725
553725
553727
553727
553729
553735.5
553731
553737.5
553744
553747.5
553746
553741.5
553737
553737
553737
553739
553739
553740
553741
553737.5
553734
553739.5
553745
553741.5
553747
553743.5
553740
553745.5
553742
553728
553714
553714.5
553715
553712
553709
553714
553711
553716
553721
553722.5
553724
553724.5
553726
553726.5
553727
553724
553729
553730.5
553731
553732.5
553733
553734.5
553736
553752
553768
553773.5
553779
553780
553781
553782
553783
553779.5
553785
553781.5
553787
553783.5
553789
553785.5
553791
553787.5
553793
553794
553795
553791.5
553797
553798
553799
553795.5
553801
553797.5
553803
553804
553805
553801.5
553798
553784
553770
553770.5
553771
553772.5
553773
553774.5
553775
553776.5
553778
553794
553810
553796
553812
553817.5
553814
553819.5
553825
553826
553827
553828
553829
553831
553833
553833
553833
553834
553835
553837
553837
553839
553839
553840
553841
553843
553843
553844
553845
553841.5
553838
553843.5
553849
553850
553851
553853
553853
553854
553855
553857
553859
553859
553861
553861
553863
553863
553865
553865
553867
553867
553869
553869
553869
553871
553873
553873
553873
553875
553877
553883.5
553879
553885.5
553881
553887.5
553894
553889.5
553885
553885
553887
553887
553887
553888
553889
553891
553891
553892
553893
553889.5
553895
553896
553897
553898
553899
553900
553901
553903
553903
553905
553905
553907
553907
553909
553909
553910
553911
553907.5
553913
553914
553915
553911.5
553908
553913.5
553910
553915.5
553921
553922
553923
553925
553925
553927
553927
553928
553929
553930
553931
553927.5
553924
553929.5
553935
553931.5
553928
553914
553900
553916
553932
553937.5
553934
553920
553936
553922
553908
553908.5
553910
553910.5
553911
553908
553913
553910
553907
553912
553917
553918.5
553919
553920.5
553921
553922.5
553923
553920
553917
553922
553927
553928.5
553929
553926
553923
553928
553933
553930
553935
553932
553929
553927
553931
553929
553927
553918.5
553929
553933
553937
553942
553947
553944
553949
553946
553951
553948
553953
553950
553955
553956.5
553958
553974
553960
553976
553992
553978
553994
553999.5
553996
553982
553968
553984
553970
553986
553972
553972.5
553973
553970
553967
553972
553969
553967
553971
553969
553967
553971
553975
553973
553971
553975
553979
553984
553989
553986
553983
553981
553985
553990
553995
553996.5
553997
553998.5
553999
554000.5
554001
554002.5
554003
554000
553997
553995
553993
553997
554001
554006
554003
554008
554005
554003
554001
554005
554009
554007
554011
554009
554013
554011
554015
554013
554011
554002.5
553994
553987
553996
554006.5
554017
554021
554019
554023
554021
554025
554023
554027
554025
554029
554027
554031
554029
554020.5
554031
554022.5
554033
554024.5
554016
554026.5
554037
554028.5
554039
554043
554041
554032.5
554043
554047
554045
554049
554047
554038.5
554030
554040.5
554051
554042.5
554053
554044.5
554036
554029
554038
554048.5
554040
554050.5
554061
554052.5
554044
554037
554030
554039
554032
554041
554034
554033.5
554036
554035.5
554038
554037.5
554037
554039.5
554042
554051
554060
554053
554062
554055
554048
554057
554050
554059
554068
554061
554054
554053.5
554056
554065
554074
554084.5
554095
554086.5
554097
554088.5
554099
554103
554101
554105
554109
554107
554111
554109
554107
554098.5
554109
554100.5
554111
554115
554113
554104.5
554115
554119
554117
554108.5
554119
554123
554127
554132
554129
554127
554125
554129
554133
554131
554135
554140
554145
554146.5
554147
554144
554141
554139
554143
554148
554153
554154.5
554156
554156.5
554158
554174
554160
554160.5
554162
554162.5
554163
554160
554165
554162
554159
554157
554155
554159
554157
554148.5
554140
554150.5
554142
554152.5
554163
554167
554171
554176
554181
554178
554183
554184.5
554185
554186.5
554188
554204
554220
554225.5
554231
554232
554233
554235
554237
554243.5
554239
554245.5
554252
554247.5
554254
554249.5
554245
554245
554245
554247
554249
554255.5
554251
554257.5
554264
554267.5
554271
554269.5
554268
554271.5
554275
554273.5
554272
554267.5
554263
554263
554263
554265
554265
554267
554269
554275.5
554282
554285.5
554289
554293
554297
554299.5
554299
554297
554295
554293.5
554297
554295.5
554299
554303
554301
554305
554309
554307
554305
554309
554313
554311
554309
554313
554311
554309.5
554308
554311.5
554310
554313.5
554312
554315.5
554319
554323
554321
554319.5
554318
554313.5
554309
554309
554311
554311
554313
554313
554313
554314
554315
554316
554317
554318
554319
554320
554321
554323
554325
554325
554325
554326
554327
554323.5
554329
554330
554331
554332
554333
554334
554335
554331.5
554328
554314
554330
554335.5
554332
554318
554334
554339.5
554336
554341.5
554347
554343.5
554349
554350
554351
554347.5
554344
554330
554346
554351.5
554348
554353.5
554350
554355.5
554352
554338
554324
554340
554356
554361.5
554358
554344
554330
554330.5
554332
554348
554334
554350
554336
554336.5
554337
554334
554331
554336
554333
554338
554343
554344.5
554345
554342
554339
554337
554341
554346
554343
554348
554353
554354.5
554356
554372
554358
554358.5
554360
554360.5
554361
554362.5
554364
554364.5
554366
554382
554398
554403.5
554409
554410
554411
554412
554413
554414
554415
554416
554417
554418
554419
554415.5
554421
554422
554423
554424
554425
554426
554427
554428
554429
554425.5
554422
554408
554424
554429.5
554426
554412
554428
554433.5
554430
554435.5
554432
554418
554434
554420
554436
554441.5
554438
554443.5
554440
554445.5
554451
554447.5
554444
554449.5
554446
554451.5
554448
554453.5
554459
554455.5
554461
554457.5
554454
554459.5
554465
554466
554467
554469
554469
554470
554471
554472
554473
554475
554475
554477
554479
554485.5
554481
554481
554481
554482
554483
554485
554487
554487
554489
554489
554491
554497.5
554493
554499.5
554506
554501.5
554508
554511.5
554510
554505.5
554512
554515.5
554519
554517.5
554521
554525
554523
554521.5
554520
554515.5
554522
554517.5
554524
554519.5
554515
554515
554515
554517
554519
554519
554519
554521
554523
554529.5
554525
554531.5
554538
554541.5
554540
554543.5
554542
554545.5
554549
554553
554557
554559.5
554562
554561.5
554561
554559
554557
554555.5
554559
554557.5
554556
554551.5
554558
554561.5
554560
554563.5
554567
554571
554575
554573
554571
554569.5
554568
554571.5
554575
554573.5
554572
554567.5
554574
554577.5
554576
554579.5
554578
554573.5
554569
554569
554571
554571
554571
554573
554575
554581.5
554588
554591.5
554590
554585.5
554592
554587.5
554583
554589.5
554596
554599.5
554598
554593.5
554600
554603.5
554602
554605.5
554604
554599.5
554595
554595
554595
554597
554597
554599
554599
554600
554601
554602
554603
554604
554605
554607
554607
554609
554611
554611
554611
554612
554613
554614
554615
554616
554617
554618
554619
554620
554621
554622
554623
554624
554625
554626
554627
554628
554629
554630
554631
554632
554633
554634
554635
554631.5
554628
554633.5
554639
554635.5
554641
554637.5
554634
554620
554606
554622
554638
554624
554610
554610.5
554612
554628
554614
554614.5
554615
554612
554617
554618.5
554620
554620.5
554621
554618
554615
554620
554625
554626.5
554627
554624
554621
554626
554631
554628
554625
554623
554621
554625
554623
554614.5
554606
554599
554608
554618.5
554610
554620.5
554631
554635
554639
554637
554641
554646
554651
554648
554645
554650
554655
554652
554657
554654
554659
554656
554653
554651
554655
554660
554665
554666.5
554667
554668.5
554669
554666
554663
554661
554659
554650.5
554661
554665
554669
554674
554679
554676
554681
554678
554683
554680
554685
554686.5
554688
554688.5
554690
554706
554692
554708
554724
554710
554696
554712
554698
554698.5
554700
554716
554702
554702.5
554704
554720
554736
554741.5
554747
554743.5
554740
554745.5
554742
554728
554744
554730
554716
554716.5
554718
554718.5
554719
554716
554721
554722.5
554723
554724.5
554726
554726.5
554728
554728.5
554730
554730.5
554732
554732.5
554734
554734.5
554735
554732
554737
554738.5
554740
554756
554772
554777.5
554774
554760
554776
554762
554748
554764
554750
554766
554782
554768
554754
554754.5
554755
554752
554749
554747
554751
554756
554753
554751
554749
554753
554751
554742.5
554734
554744.5
554736
554729
554722
554731
554740
554750.5
554742
554735
554744
554737
554746
554756.5
554748
554741
554734
554733.5
554733
554735.5
554738
554737.5
554740
554739.5
554739
554740
554741
554742
554743
554744
554745
554746
554747
554748
554749
554749.5
554751
554751.5
554752
554753.5
554755
554756
554757
554758
554759
554760
554761
554763.5
554763
554765.5
554768
554767.5
554767
554768
554769
554771.5
554774
554773.5
554776
554775.5
554775
554777.5
554780
554779.5
554782
554791
554784
554783.5
554786
554785.5
554785
554786
554787
554788
554789
554791.5
554791
554792
554793
554794
554795
554795.5
554797
554798
554799
554800
554801
554802
554803
554805.5
554805
554806
554807
554808
554809
554810
554811
554812
554813
554814
554815
554816
554817
554817.5
554819
554819.5
554820
554817.5
554822
554823.5
554824
554821.5
554819
554819
554821
554825.5
554823
554823
554825
554825
554827
554831.5
554829
554829
554831
554831
554831
554824
554817
554818
554819
554828
554821
554830
554839
554832
554825
554834
554827
554836
554845
554838
554831
554840
554833
554834
554835
554836
554837
554838
554839
554840
554841
554842
554843
554840.5
554838
554839
554840
554844.5
554849
554850
554851
554852
554853
554850.5
554848
554852.5
554850
554851
554852
554852
554852
554847
554842
554842
554842
554841
554844
554846
554846
554845
554848
554847
554850
554849
554848
554851
554850
554840.5
554831
554842.5
554854
554844.5
554856
554846.5
554837
554837.5
554839
554839.5
554841
554852.5
554843
554843.5
554845
554845.5
554846
554847.5
554848
554845.5
554850
554847.5
554845
554844
554847
554846
554845
554839.5
554847
554850
554849
554852
554855
554854
554853
554847.5
554855
554849.5
554844
554851.5
554859
554862
554861
554864
554863
554866
554865
554859.5
554854
554851
554856
554853
554850
554849.5
554849
554849
554849
554841.5
554834
554833.5
554836
554835.5
554835
554832
554829
554826.5
554824
554824
554826
554826
554828
554832.5
554837
554842
554839
554844
554849
554851.5
554854
554853.5
554853
554850
554847
554844.5
554849
554846.5
554844
554844
554846
554846
554848
554848
554848
554850
554852
554856.5
554854
554858.5
554863
554860.5
554865
554870
554867
554872
554877
554879.5
554879
554876
554873
554878
554883
554880
554885
554887.5
554890
554889.5
554889
554886
554883
554888
554885
554882.5
554887
554892
554889
554894
554899
554896
554901
554898
554903
554905.5
554908
554907.5
554910
554919.5
554929
554931
554933
554935.5
554938
554943
554948
554955.5
554950
554957.5
554965
554959.5
554967
554970
554969
554963.5
554958
554965.5
554960
554957
554962
554969.5
554977
554980
554983
554982
554985
554989.5
554987
554991.5
554989
554988
554987
554981.5
554976
554983.5
554978
554975
554972
554971.5
554974
554979
554976
554975.5
554978
554983
554980
554979.5
554979
554981.5
554984
554983.5
554983
554985.5
554985
554985
554985
554987
554987
554979.5
554972
554981.5
554991
554983.5
554993
554995
554997
554997
554999
555001.5
555001
555001
555003
555005.5
555005
555005
555005
554997.5
555007
554999.5
555009
555001.5
554994
555003.5
554996
554995.5
554998
554997.5
555000
555009.5
555002
555011.5
555021
555013.5
555023
555015.5
555008
555007.5
555007
555009.5
555009
555011.5
555011
555008
555005
555010
555015
555017.5
555017
555019.5
555019
555016
555013
555010.5
555015
555012.5
555010
555010
555012
555016.5
555014
555018.5
555016
555016
555016
555012.5
555009
555014.5
555020
555016.5
555022
555024
555024
555020.5
555026
555028
555030
555030
555032
555032
555032
555028.5
555025
555030.5
555027
555028
555029
555030
555031
555030
555029
555032
555035
555034
555033
555032
555035
555034
555033
555036
555039
555038
555041
555044
555043
555042
555041
555037.5
555043
555039.5
555045
555048
555047
555043.5
555040
555040.5
555041
555038
555043
555040
555037
555037
555039
555039
555041
555041
555043
555043
555045
555050
555047
555047
555047
555049
555051
555056
555053
555058
555055
555060
555065
555062
555059
555059
555059
555058.5
555061
555060.5
555063
555062.5
555065
555064.5
555064
555061.5
555059
555063.5
555061
555065.5
555070
555072.5
555075
555074.5
555074
555071.5
555076
555078.5
555081
555083
555083
555082.5
555082
555084.5
555087
555086.5
555086
555083.5
555088
555090.5
555093
555095
555097
555097
555097
555096.5
555096
555093.5
555098
555095.5
555100
555102.5
555105
555104.5
555104
555106.5
555109
555108.5
555108
555110.5
555113
555112.5
555112
555114.5
555114
555111.5
555109
555107
555111
555115.5
555113
555111
555109
555105.5
555102
555101.5
555101
555103.5
555103
555105.5
555105
555101
555107
555103
555109
555111.5
555114
555119.5
555116
555115.5
555115
555117.5
555120
555119.5
555122
555127.5
555124
555129.5
555126
555125.5
555125
555127.5
555127
555123
555119
555125
555121
555127
555123
555129
555135
555131
555137
555133
555139
555135
555131
555137
555143
555139
555135
555141
555137
555137.5
555139
555145
555141
555147
555143
555143.5
555144
555145
555146
555146.5
555147
555148.5
555149
555150.5
555151
555151
555153
555153
555155
555156.5
555157
555157
555157
555159
555161
555162.5
555163
555164.5
555166
555167
555168
555168.5
555170
555170.5
555171
555171
555171
555173
555173
555173.5
555175
555177
555177
555177.5
555178
555172.5
555180
555181.5
555182
555183.5
555184
555185.5
555186
555180.5
555188
555182.5
555177
555184.5
555179
555178.5
555178
555176.5
555180
555182.5
555185
555184.5
555187
555186.5
555186
555184.5
555183
555182.5
555185
555188.5
555187
555186.5
555186
555188.5
555188
555189
555190
555191
555192
555191.5
555191
555193.5
555196
555197
555198
555197.5
555200
555199.5
555202
555203
555204
555203.5
555206
555207
555208
555209
555210
555211
555212
555213
555214
555213.5
555216
555215.5
555215
555210
555205
555204
555203
555206
555209
555208
555207
555190
555209
555212
555215
555214
555217
555224
555231
555233.5
555236
555235.5
555235
555230
555237
555232
555227
555226
555229
555236
555243
555245.5
555245
555247.5
555247
555249.5
555252
555253
555254
555255
555256
555255.5
555258
555259
555260
555261
555262
555263
555264
555265
555266
555268.5
555268
555269
555270
555269.5
555272
555273
555274
555275
555276
555275.5
555278
555279
555280
555279.5
555282
555283
555284
555285
555286
555285.5
555288
555289
555290
555292.5
555295
555298.5
555297
555296.5
555296
555297
555298
555299
555300
555301
555302
555301.5
555301
555296
555303
555298
555293
555300
555295
555302
555297
555296
555299
555306
555313
555308
555315
555310
555317
555312
555307
555306
555309
555308
555311
555310
555309
555292
555311
555294
555313
555296
555315
555298
555317
555300
555283
555302
555285
555304
555323
555306
555325
555328
555327
555310
555293
555312
555331
555334
555333
555336
555335
555338
555341
555340
555343
555342
555345
555344
555343
555346
555345
555328
555311
555311
555311
555313
555313
555315
555315
555317
555319
555338
555357
555340
555359
555342
555325
555344
555363
555366
555365
555348
555331
555331
555333
555333
555333
555333.5
555334
555335.5
555336
555337.5
555338
555338
555340
555341.5
555342
555343.5
555344
555344
555344
555341
555346
555348
555348
555350
555350
555347
555344
555349
555346
555340
555348
555353
555358
555355
555352
555346
555340
555348
555342
555342
555342
555342.5
555343
555344.5
555345
555345.5
555347
555347.5
555348
555345
555342
555341
555340
555343
555342
555341.5
555344
555347
555346
555345.5
555345
555329.5
555314
555331.5
555316
555316.5
555317
555318.5
555320
555320.5
555321
555305
555323
555324.5
555325
555326.5
555327
555328.5
555329
555330.5
555332
555332.5
555334
555334.5
555336
555336.5
555338
555338.5
555340
555357.5
555375
555377.5
555377
555361.5
555379
555381.5
555381
555383.5
555386
555385.5
555385
555387.5
555390
555393
555392
555391.5
555391
555393.5
555393
555377.5
555362
555362.5
555364
555364.5
555365
555349
555367
555351
555335
555353
555337
555330
555323
555320
555317
555318
555319
555319.5
555321
555322
555323
555323.5
555324
555325.5
555327
555327.5
555328
555329.5
555331
555331.5
555333
555333.5
555334
555335.5
555336
555335.5
555335
555335
555337
555339.5
555339
555341.5
555341
555341
555341
555341
555343
555343
555343
555345
555345
555344.5
555347
555349
555351
555353
555353
555355
555355
555355
555355
555354.5
555354
555352.5
555356
555358.5
555361
555360.5
555363
555365
555365
555367
555369
555371
555373
555373
555375
555375
555375
555377
555379
555379
555381
555381
555383
555383
555383
555385
555387
555389.5
555389
555391.5
555394
555393.5
555393
555393
555393
555393
555393
555392.5
555395
555394.5
555397
555396.5
555396
555394.5
555398
555400.5
555403
555402.5
555402
555400.5
555404
555406.5
555406
555404.5
555403
555406.5
555410
555408.5
555412
555410.5
555409
555412.5
555416
555414.5
555418
555420.5
555420
555422.5
555425
555427
555429
555431
555431
555431
555433
555435
555435
555435
555435
555437
555439
555439
555439
555441
555441
555440.5
555440
555438.5
555437
555433
555439
555442.5
555446
555448.5
555451
555450.5
555453
555452.5
555455
555454.5
555454
555456.5
555459
555461
555463
555465
555465
555465
555467
555467
555467
555466.5
555466
555464.5
555463
555466.5
555470
555472.5
555472
555470.5
555469
555472.5
555471
555474.5
555473
555476.5
555480
555482.5
555485
555484.5
555487
555489
555491
555491
555493
555495
555495
555497
555497
555499
555501
555501
555503
555505.5
555505
555505
555507
555507
555507
555507
555507
555506.5
555506
555508.5
555508
555510.5
555510
555512.5
555515
555514.5
555514
555516.5
555516
555514.5
555513
555509
555515
555511
555507
555513
555519
555515
555521
555524.5
555523
555519
555515
555511
555507
555513
555509
555509.5
555510
555511.5
555512
555513.5
555514
555513
555512
555515
555518
555519.5
555521
555527
555523
555529
555525
555525.5
555526
555527.5
555529
555529.5
555530
555531.5
555533
555533.5
555535
555535.5
555536
555535
555538
555537
555536
555539
555542
555541
555540
555541
555542
555543
555544
555545
555546
555547
555548
555549
555550
555551
555552
555553
555554
555557
555560
555559
555562
555561
555560
555563
555562
555563
555564
555558.5
555566
555560.5
555568
555562.5
555557
555557
555559
555566.5
555574
555568.5
555563
555570.5
555578
555579
555580
555583
555586
555585
555588
555587
555590
555589
555588
555589
555590
555593
555596
555595
555598
555597
555596
555597
555598
555599
555600
555594.5
555602
555603
555604
555598.5
555606
555600.5
555595
555595
555595
555597
555599
555606.5
555614
555608.5
555603
555603
555603
555599
555595
555601
555607
555603
555599
555597.5
555601
555607
555603
555601.5
555600
555603.5
555602
555603
555604
555605
555606
555607
555608
555611.5
555610
555613.5
555612
555613
555614
555615
555616
555619.5
555623
555621.5
555620
555621
555622
555616.5
555624
555625
555626
555620.5
555615
555622.5
555630
555624.5
555632
555626.5
555621
555628.5
555636
555630.5
555638
555632.5
555640
555634.5
555629
555636.5
555644
555638.5
555633
555630.5
555628
555632.5
555630
555629.5
555632
555631.5
555634
555638.5
555643
555650.5
555645
555642.5
555640
555639.5
555642
555646.5
555644
555643.5
555643
555645.5
555645
555637
555629
555639
555649
555651.5
555651
555653.5
555656
555655.5
555658
555657.5
555657
555649
555641
555642
555643
555644
555645
555646
555647
555648
555649
555659
555651
555652
555653
555663
555655
555656
555657
555667
555677
555679.5
555682
555681.5
555684
555688.5
555686
555685.5
555685
555687.5
555690
555689.5
555689
555691.5
555691
555683
555693
555695.5
555695
555687
555697
555699.5
555702
555706.5
555711
555708.5
555706
555710.5
555715
555722.5
555717
555724.5
555732
555726.5
555721
555718.5
555716
555720.5
555725
555722.5
555727
555724.5
555729
555726.5
555731
555728.5
555733
555730.5
555728
555732.5
555737
555734.5
555732
555731.5
555734
555733.5
555733
555735.5
555735
555727
555737
555739.5
555742
555746.5
555751
555748.5
555753
555760.5
555755
555762.5
555770
555764.5
555772
555773
555774
555777.5
555781
555779.5
555783
555781.5
555785
555791
555797
555793
555799
555801
555803
555803
555805
555805
555807
555807
555809
555809
555809
555811
555813
555820.5
555815
555815
555817
555824.5
555819
555819
555819
555821
555821
555823
555823
555825
555825
555821
555817
555823
555829
555831
555831
555833
555833
555835
555837
555844.5
555839
555839
555839
555841
555841
555837
555833
555839
555835
555833.5
555837
555835.5
555834
555835
555836
555839.5
555838
555841.5
555845
555851
555847
555853
555849
555855
555851
555849.5
555848
555851.5
555855
555861
555857
555855.5
555854
555857.5
555861
555867
555873
555875
555875
555877
555877
555873
555869
555867.5
555866
555867
555868
555869
555870
555871
555872
555873
555874
555875
555876
555877
555878
555879
555880
555881
555882
555876.5
555884
555885
555886
555887
555888
555889
555890
555891
555892
555893
555894
555897.5
555896
555897
555898
555899
555900
555894.5
555902
555896.5
555891
555888.5
555886
555885.5
555888
555887.5
555890
555889.5
555892
555891.5
555891
555893.5
555893
555895.5
555895
555887
555879
555880
555881
555881.5
555883
555884
555885
555885.5
555886
555887
555888
555889
555890
555891.5
555892
555893.5
555894
555895.5
555897
555897.5
555898
555899
555900
555895
555890
555897
555904
555899
555906
555907
555908
555909
555910
555911
555912
555913
555914
555915
555916
555911
555906
555903
555900
555905
555910
555917
555912
555909
555914
555921
555928
555923
555930
555931
555932
555927
555934
555929
555936
555931
555938
555933
555940
555941
555942
555937
555932
555929
555926
555931
555936
555933
555938
555935
555932
555937
555942
555949
555944
555941
555946
555953
555948
555945
555942
555947
555944
555944.5
555945
555945
555947
555947
555947
555946.5
555946
555945.5
555948
555947.5
555947
555949.5
555952
555951.5
555954
555956.5
555956
555955.5
555958
555960.5
555960
555962.5
555965
555964.5
555964
555963.5
555966
555965.5
555965
555966
555967
555968
555969
555970
555971
555969
555973
555971
555969
555958
555947
555943.5
555940
555945.5
555942
555947.5
555953
555966
555955
555968
555981
555970
555983
555972
555985
555989
555993
555991
555995
555996
555997
555998
555999
555997
555995
555999
556003
556001
556005
556003
556001
555990
556003
556007
556011
556009
556013
556011
556015
556013
556011
556015
556019
556017
556021
556022
556023
556024
556025
556027.5
556030
556029.5
556029
556030
556031
556032
556033
556034
556035
556036
556037
556038
556039
556041.5
556044
556046.5
556049
556048.5
556051
556053
556055
556056.5
556058
556063
556068
556065
556070
556077
556072
556079
556086
556081
556088
556083
556078
556085
556092
556093
556094
556095
556096
556097
556098
556093
556100
556095
556090
556097
556104
556099
556106
556101
556108
556103
556098
556095
556092
556092.5
556093
556094.5
556095
556095
556095
556094.5
556094
556096.5
556096
556095.5
556095
556097.5
556097
556099.5
556102
556101.5
556101
556103.5
556103
556104
556105
556106
556107
556105
556103
556107
556105
556109
556107
556096
556085
556098
556111
556115
556119
556117
556121
556122
556123
556124
556125
556126
556127
556128
556129
556127
556125
556114
556127
556116
556105
556101.5
556107
556120
556109
556105.5
556111
556124
556137
556126
556139
556143
556147
556148
556149
556147
556145
556134
556123
556119.5
556125
556138
556151
556155
556159
556157
556161
556162
556163
556164
556165
556163
556161
556150
556139
556135.5
556141
556154
556167
556171
556169
556173
556171
556175
556173
556162
556151
556164
556177
556181
556185
556183
556187
556185
556183
556172
556161
556174
556163
556159.5
556165
556178
556167
556163.5
556160
556165.5
556162
556162.5
556163
556164.5
556165
556166.5
556168
556168.5
556170
556170.5
556171
556172.5
556174
556179.5
556185
556198
556211
556215
556219
556217
556215
556219
556217
556221
556219
556208
556221
556225
556229
556230
556231
556232
556233
556234
556235
556236
556237
556238
556239
556237
556235
556224
556213
556209.5
556215
556228
556217
556213.5
556219
556215.5
556221
556234
556247
556236
556249
556253
556251
556240
556253
556242
556255
556244
556233
556246
556235
556248
556237
556233.5
556239
556252
556265
556269
556267
556271
556275
556273
556277
556278
556279
556280
556281
556282
556283
556281
556279
556268
556257
556253.5
556250
556255.5
556261
556257.5
556263
556259.5
556256
556261.5
556267
556263.5
556260
556260.5
556262
556267.5
556264
556264.5
556265
556266.5
556268
556273.5
556279
556275.5
556281
556294
556307
556296
556309
556298
556311
556300
556289
556285.5
556291
556304
556293
556306
556319
556323
556321
556325
556323
556312
556301
556314
556327
556331
556329
556333
556337
556338
556339
556337
556341
556342
556343
556344
556345
556346
556347
556348
556349
556350
556351
556352
556353
556354
556355
556356
556357
556358
556359
556360
556361
556362
556363
556364
556365
556363
556361
556365
556363
556367
556371
556369
556373
556371
556375
556376
556377
556375
556373
556377
556381
556382
556383
556384
556385
556387.5
556387
556389.5
556392
556391.5
556394
556396.5
556399
556401
556403
556404.5
556405
556405
556407
556408.5
556409
556410.5
556412
556412.5
556414
556414.5
556416
556416.5
556418
556423
556420
556420.5
556422
556427
556432
556439
556446
556447
556448
556449
556450
556445
556452
556447
556454
556449
556456
556457
556458
556459.5
556461
556462
556463
556463.5
556465
556465.5
556467
556468
556469
556469.5
556470
556471.5
556472
556473
556474
556475.5
556476
556477.5
556479
556480
556481
556491
556483
556484
556485
556485.5
556486
556487
556488
556489.5
556491
556491.5
556492
556493.5
556495
556496
556497
556498
556499
556500
556501
556502
556503
556504
556505
556506
556507
556508
556509
556510
556511
556521
556531
556523
556515
556516
556517
556518
556519
556520
556521
556522
556523
556523.5
556524
556525.5
556527
556528
556529
556529.5
556530
556531.5
556532
556533
556534
556535
556536
556537.5
556538
556539
556540
556535
556542
556543
556544
556545.5
556547
556547.5
556548
556549.5
556550
556551.5
556553
556554
556555
556556
556557
556558
556559
556560
556561
556562
556563
556564
556565
556566
556567
556568
556569
556570
556571
556572
556573
556574
556575
556576
556577
556587
556597
556599.5
556602
556606.5
556611
556618.5
556613
556610.5
556608
556607.5
556610
556609.5
556609
556611.5
556614
556613.5
556616
556620.5
556618
556622.5
556620
556619.5
556619
556611
556603
556604
556605
556605.5
556607
556607.5
556609
556610
556611
556612
556613
556623
556633
556635.5
556638
556642.5
556640
556639.5
556642
556641.5
556641
556633
556625
556635
556645
556637
556629
556630
556631
556632
556633
556634
556635
556636
556637
556647
556657
556649
556641
556642
556643
556643.5
556644
556645.5
556647
556647.5
556648
556649
556650
556645
556652
556653
556654
556655.5
556657
556658
556659
556659.5
556660
556661.5
556662
556663
556664
556665.5
556667
556668
556669
556669.5
556671
556671.5
556673
556673.5
556675
556676
556677
556678
556679
556680
556681
556681.5
556683
556684
556685
556686
556687
556688
556689
556689.5
556690
556691
556692
556693
556694
556689
556684
556691
556698
556699
556700
556701
556702
556697
556704
556705
556706
556701
556708
556709
556710
556711
556712
556707
556714
556715
556716
556717
556718
556719
556720
556721
556722
556717
556712
556719
556714
556721
556716
556713
556718
556725
556732
556733
556734
556729
556736
556737
556738
556733
556740
556735
556742
556737
556744
556745
556746
556747
556748
556749
556750
556751.5
556753
556753.5
556754
556755.5
556756
556757.5
556758
556759
556760
556755
556762
556763
556764
556759
556754
556761
556756
556753
556758
556765
556772
556773
556774
556775
556776
556777
556778
556779.5
556781
556781.5
556782
556783
556784
556785
556786
556781
556776
556773
556778
556775
556772
556772.5
556774
556779
556784
556781
556778
556783
556780
556785
556782
556787
556784
556789
556786
556786.5
556788
556788.5
556790
556795
556800
556797
556794
556799
556796
556801
556806
556813
556808
556805
556802
556807
556812
556819
556826
556821
556828
556829
556830
556831
556832
556827
556834
556829
556836
556837
556838
556833
556828
556825
556830
556827
556832
556839
556834
556831
556828
556828.5
556830
556830.5
556831
556831
556833
556833
556833
556835
556837
556837
556839
556840.5
556841
556841
556843
556843
556845
556845
556845
556844.5
556844
556843.5
556846
556845.5
556848
556847.5
556847
556849.5
556852
556854.5
556857
556859
556861
556861
556863
556863
556863
556862.5
556865
556867
556869
556870.5
556871
556871
556873
556874.5
556875
556876.5
556877
556877
556877
556876.5
556876
556878.5
556878
556880.5
556880
556879.5
556882
556884.5
556884
556886.5
556886
556888.5
556891
556890.5
556893
556895
556895
556894.5
556897
556896.5
556899
556898.5
556898
556897.5
556897
556899.5
556902
556904.5
556904
556903.5
556906
556905.5
556905
556906
556907
556908
556909
556910
556911
556912
556913
556914
556915
556916
556917
556918
556919
556920
556921
556922
556923
556924
556925
556926
556927
556928
556929
556930
556931
556932
556933
556931
556935
556936
556937
556938
556939
556940
556941
556939
556937
556926
556915
556928
556941
556945
556943
556932
556921
556934
556947
556936
556925
556938
556951
556955
556959
556960
556961
556962
556963
556964
556965
556967.5
556967
556968
556969
556970
556971
556969
556973
556971
556975
556973
556971
556960
556973
556962
556951
556964
556977
556981
556979
556983
556987
556988
556989
556990
556991
556992
556993
556994
556995
556997.5
557000
557002.5
557002
557004.5
557007
557009
557009
557008.5
557008
557007.5
557010
557012.5
557012
557011.5
557011
557012
557013
557015.5
557015
557016
557017
557018
557019
557020
557021
557022
557023
557024
557025
557026
557027
557028
557029
557030
557031
557032
557033
557034
557035
557036
557037
557038
557039
557037
557041
557039
557037
557041
557039
557043
557047
557045
557049
557050
557051
557052
557053
557054
557055
557057.5
557060
557062.5
557065
557064.5
557067
557066.5
557069
557071
557073
557073
557073
557072.5
557072
557074.5
557074
557076.5
557079
557078.5
557078
557077.5
557080
557082.5
557082
557081.5
557081
557082
557083
557085.5
557088
557087.5
557090
557092.5
557095
557094.5
557097
557096.5
557096
557095.5
557095
557097.5
557100
557099.5
557099
557100
557101
557102
557103
557104
557105
557103
557101
557090
557103
557107
557105
557109
557107
557111
557115
557116
557117
557118
557119
557120
557121
557119
557117
557121
557125
557123
557121
557125
557123
557112
557101
557097.5
557103
557099.5
557105
557101.5
557107
557103.5
557100
557100.5
557101
557101
557101
557100.5
557103
557105
557105
557107
557109
557110.5
557111
557111
557113
557114.5
557116
557121.5
557127
557140
557129
557142
557131
557127.5
557124
557129.5
557126
557126.5
557128
557133.5
557130
557130.5
557131
557131
557131
557130.5
557133
557132.5
557135
557137
557137
557136.5
557136
557136
557136
557138
557140
557142.5
557145
557147
557149
557149
557151
557151
557153
557153
557153
557152.5
557152
557154.5
557154
557154
557154
557156
557158
557158
557158
557160
557160
557162
557162
557164
557164
557166
557166
557168
557170
557170
557172
557174.5
557174
557174
557176
557176
557178
557180.5
557183
557182.5
557182
557184.5
557184
557186.5
557186
557186
557188
557188
557188
557190
557190
557192
557194
557196.5
557196
557196
557196
557196.5
557198
557200
557200
557200.5
557202
557202.5
557204
557206
557206
557206.5
557207
557208
557209
557210
557211
557212
557213
557214
557215
557216
557217
557218
557219
557214
557209
557216
557223
557218
557213
557209
557205
557211
557217
557213
557209
557200.5
557211
557217
557213
557204.5
557215
557206.5
557198
557208.5
557200
557197.5
557195
557199.5
557204
557201.5
557199
557189
557179
557170.5
557181
557172.5
557183
557174.5
557166
557161.5
557157
557163.5
557159
557158
557157
557153.5
557159
557155.5
557161
557157.5
557154
557154
557156
557156
557158
557158
557160
557160
557160
557161
557162
557160
557158
557162
557160
557164
557162
557163
557164
557165
557166
557157.5
557168
557159.5
557170
557161.5
557172
557163.5
557155
557165.5
557176
557167.5
557159
557158.5
557161
557160.5
557163
557162.5
557165
557175.5
557167
557166.5
557169
557179.5
557171
557181.5
557192
557193
557194
557185.5
557177
557176.5
557179
557178.5
557181
557180.5
557180
557182.5
557185
557195.5
557206
557207
557208
557199.5
557210
557211
557212
557213
557214
557215
557216
557217
557218
557222
557226
557227
557228
557229
557230
557231
557232
557230
557234
557235
557236
557237
557238
557236
557234
557238
557236
557237
557238
557239
557240
557244
557248
557249
557250
557251
557252
557254
557254
557256
557256
557258
557258
557259
557260
557261
557262
557260
557258
557259
557260
557261
557262
557266
557270
557271
557272
557273
557274
557275
557276
557274
557272
557273
557274
557275
557276
557280
557284
557282
557280
557284
557282
557283
557284
557285
557286
557287
557288
557289
557290
557281.5
557292
557293
557294
557285.5
557277
557276.5
557279
557289.5
557281
557280.5
557280
557271.5
557263
557273.5
557265
557275.5
557267
557277.5
557288
557279.5
557290
557292.5
557295
557305.5
557316
557317
557318
557319
557320
557321
557322
557323
557324
557315.5
557307
557306.5
557306
557297.5
557308
557310.5
557313
557312.5
557312
557303.5
557295
557295.5
557297
557297.5
557298
557299
557300
557301.5
557303
557303.5
557304
557305.5
557306
557307.5
557308
557309
557310
557310.5
557312
557313
557314
557315.5
557316
557317.5
557318
557319
557320
557321.5
557323
557333.5
557325
557335.5
557327
557327.5
557328
557329
557330
557331
557332
557333
557334
557335.5
557337
557337.5
557339
557349.5
557360
557362.5
557362
557353.5
557345
557345.5
557347
557347.5
557348
557349
557350
557350.5
557351
557352.5
557353
557354.5
557356
557357
557358
557359
557360
557361
557362
557363
557364
557365
557366
557367
557368
557369
557370
557371.5
557373
557373.5
557374
557375.5
557376
557377
557378
557379.5
557380
557381
557382
557383.5
557385
557385.5
557387
557387.5
557388
557389
557390
557391
557392
557393
557394
557395
557396
557397.5
557399
557409.5
557420
557411.5
557403
557403.5
557404
557405.5
557407
557407.5
557408
557409
557410
557411
557412
557412.5
557413
557412
557415
557416.5
557417
557416
557419
557420.5
557421
557420
557423
557422
557421
557424
557427
557426
557429
557430.5
557432
557433
557434
557435
557436
557437
557438
557439
557440
557441
557442
557443
557444
557444.5
557446
557446.5
557447
557446
557449
557450.5
557452
557453
557454
557455.5
557456
557457.5
557458
557459
557460
557461
557462
557463
557464
557465
557466
557467
557468
557469
557470
557471.5
557472
557473.5
557475
557485.5
557477
557477.5
557479
557479.5
557481
557491.5
557502
557493.5
557485
557495.5
557506
557497.5
557508
557499.5
557491
557491.5
557492
557493
557494
557495.5
557497
557507.5
557499
557499.5
557500
557501
557502
557503.5
557505
557505.5
557506
557507
557508
557508.5
557510
557510.5
557512
557513
557514
557515.5
557516
557517
557518
557519.5
557520
557521.5
557522
557523
557524
557525.5
557526
557527.5
557528
557529
557530
557531
557532
557533
557534
557535.5
557536
557537.5
557539
557549.5
557541
557551.5
557562
557564.5
557564
557566.5
557569
557568.5
557568
557570.5
557570
557572.5
557575
557585.5
557577
557576.5
557579
557578.5
557578
557580.5
557580
557571.5
557582
557573.5
557584
557586.5
557586
557588.5
557591
557601.5
557593
557592.5
557592
557594.5
557597
557607.5
557618
557609.5
557601
557611.5
557603
557613.5
557605
557615.5
557607
557606.5
557609
557619.5
557611
557621.5
557632
557623.5
557615
557625.5
557617
557627.5
557619
557629.5
557621
557631.5
557623
557633.5
557625
557624.5
557624
557615.5
557607
557617.5
557609
557619.5
557630
557632.5
557632
557623.5
557634
557636.5
557636
557638.5
557638
557640.5
557643
557642.5
557645
557655.5
557666
557667
557668
557669
557670
557671
557672
557673
557674
557678
557682
557680
557678
557679
557680
557671.5
557682
557673.5
557665
557675.5
557686
557687
557688
557692
557696
557694
557692
557693
557694
557685.5
557677
557676.5
557676
557678.5
557678
557680.5
557683
557693.5
557685
557695.5
557687
557686.5
557686
557688.5
557691
557701.5
557693
557692.5
557692
557694.5
557694
557685.5
557696
557698.5
557701
557711.5
557722
557713.5
557724
557715.5
557726
557727
557728
557729
557730
557721.5
557713
557712.5
557712
557714.5
557717
557716.5
557719
557729.5
557740
557731.5
557723
557733.5
557725
557724.5
557727
557726.5
557726
557728.5
557731
557741.5
557733
557732.5
557732
557734.5
557734
557725.5
557736
557738.5
557741
557740.5
557743
557753.5
557745
557755.5
557747
557746.5
557749
557748.5
557748
557750.5
557750
557752.5
557752
557754.5
557757
557767.5
557778
557779
557780
557781
557782
557773.5
557765
557775.5
557786
557777.5
557788
557779.5
557771
557770.5
557773
557783.5
557794
557785.5
557796
557797
557798
557799
557800
557801
557802
557803
557804
557795.5
557787
557786.5
557786
557788.5
557788
557790.5
557793
557803.5
557814
557815
557816
557820
557824
557822
557820
557821
557822
557813.5
557805
557804.5
557807
557817.5
557828
557819.5
557830
557831
557832
557833
557834
557825.5
557817
557827.5
557819
557818.5
557821
557831.5
557823
557833.5
557844
557845
557846
557837.5
557829
557839.5
557850
557851
557852
557853
557854
557855
557856
557847.5
557839
557838.5
557838
557840.5
557843
557842.5
557842
557844.5
557847
557857.5
557849
557848.5
557848
557850.5
557850
557852.5
557855
557854.5
557854
557845.5
557856
557847.5
557839
557839.5
557840
557841
557842
557843
557844
557844.5
557846
557846.5
557848
557848.5
557849
557850.5
557852
557853
557854
557855
557856
557857.5
557858
557859.5
557861
557871.5
557863
557863.5
557864
557865
557866
557867.5
557869
557869.5
557870
557871.5
557872
557873.5
557874
557875
557876
557876.5
557878
557879
557880
557881
557882
557882.5
557884
557884.5
557885
557886.5
557888
557888.5
557890
557890.5
557892
557892.5
557894
557895
557896
557897
557898
557899
557900
557901
557902
557902.5
557903
557904.5
557905
557906.5
557907
557908.5
557910
557911
557912
557913
557914
557914.5
557915
557916.5
557918
557918.5
557919
557920.5
557921
557922.5
557923
557924.5
557925
557926.5
557927
557926
557929
557928
557931
557932.5
557934
557935
557936
557936.5
557937
557938.5
557939
557940.5
557942
557942.5
557944
557944.5
557945
557944
557947
557948.5
557950
557950.5
557952
557953
557954
557955.5
557956
557957.5
557959
557959.5
557961
557961.5
557963
557963.5
557964
557965
557966
557967
557968
557969
557970
557971
557972
557973
557974
557974.5
557975
557976.5
557978
557978.5
557979
557978
557981
557982.5
557983
557982
557981
557984
557987
557988.5
557989
557990.5
557991
557990
557989
557992
557995
557996.5
557997
557996
557999
558000.5
558001
558002.5
558003
558004.5
558005
558004
558007
558008.5
558009
558010.5
558011
558012.5
558014
558015
558016
558017
558018
558019
558020
558021
558022
558023
558024
558025
558026
558027
558028
558029
558030
558030.5
558031
558030
558029
558030
558031
558032
558033
558034
558035
558038
558037
558038
558039
558040
558041
558038.5
558036
558036.5
558037
558038.5
558040
558044.5
558042
558046.5
558051
558048.5
558046
558050.5
558055
558056
558057
558054.5
558059
558060
558061
558062
558063
558064
558065
558066
558067
558068
558069
558066.5
558071
558072
558073
558076
558075
558076
558077
558078
558079
558082
558081
558082
558083
558086
558085
558088
558087
558090
558093
558094.5
558096
558096.5
558098
558099
558100
558100.5
558101
558100
558099
558102
558105
558106.5
558108
558109
558110
558111
558112
558112.5
558114
558115
558116
558117.5
558118
558119
558120
558121
558122
558122.5
558124
558125
558126
558127
558128
558129.5
558130
558131.5
558133
558133.5
558134
558135.5
558136
558137
558138
558138.5
558139
558138
558137
558140
558139
558142
558141
558142
558143
558144
558145
558142.5
558140
558140.5
558141
558142.5
558144
558148.5
558146
558150.5
558155
558156
558157
558160
558163
558164.5
558165
558166.5
558167
558166
558169
558168
558171
558170
558173
558174.5
558176
558177
558178
558179.5
558180
558181.5
558183
558193.5
558185
558195.5
558187
558187.5
558189
558199.5
558191
558191.5
558192
558193.5
558195
558195.5
558196
558197.5
558198
558199
558200
558201.5
558203
558203.5
558204
558205
558206
558207.5
558209
558219.5
558230
558221.5
558213
558213.5
558215
558225.5
558236
558227.5
558219
558219.5
558221
558231.5
558223
558233.5
558244
558246.5
558246
558248.5
558251
558250.5
558250
558241.5
558233
558233.5
558234
558235.5
558236
558237.5
558239
558249.5
558241
558241.5
558242
558243.5
558244
558245.5
558247
558247.5
558249
558259.5
558251
558261.5
558253
558253.5
558255
558255.5
558256
558257.5
558258
558259.5
558260
558261.5
558263
558263.5
558264
558265
558266
558267
558268
558269
558270
558271.5
558273
558283.5
558294
558285.5
558296
558287.5
558298
558300.5
558300
558302.5
558302
558293.5
558304
558295.5
558287
558287.5
558288
558289.5
558290
558291
558292
558293
558294
558295
558296
558296.5
558297
558298.5
558300
558300.5
558301
558302.5
558304
558304.5
558306
558307
558308
558309
558310
558311
558312
558313
558314
558315.5
558316
558317
558318
558319
558320
558321.5
558322
558323
558324
558325
558326
558327
558328
558329
558330
558331.5
558332
558333
558334
558335
558336
558336.5
558338
558338.5
558339
558338
558341
558342.5
558343
558344.5
558345
558344
558343
558344
558345
558346
558347
558350
558353
558354.5
558356
558357
558358
558359.5
558360
558361
558362
558363
558364
558364.5
558366
558366.5
558368
558368.5
558370
558370.5
558371
558372.5
558374
558375
558376
558376.5
558377
558378.5
558379
558378
558377
558378
558379
558376.5
558374
558374.5
558375
558366.5
558358
558368.5
558379
558370.5
558362
558360.5
558364
558362.5
558366
558364.5
558363
558364
558365
558366
558367
558360
558369
558370
558371
558372
558373
558374
558375
558368
558361
558360.5
558360
558362.5
558362
558362
558362
558355.5
558364
558357.5
558351
558359.5
558368
558370
558372
558372
558374
558374
558376
558376
558376
558378
558378
558371.5
558365
558362
558359
558364
558369
558377.5
558371
558379.5
558373
558370
558367
558372
558377
558385.5
558394
558387.5
558396
558389.5
558383
558391.5
558400
558393.5
558387
558384
558381
558380
558383
558382
558385
558390
558387
558392
558397
558394
558391
558396
558401
558409.5
558418
558411.5
558405
558402
558407
558404
558401
558400
558403
558402
558401
558404
558403
558406
558405
558408
558407
558410
558409
558412
558411
558411
558411
558410
558409
558412
558411
558411
558411
558413
558413
558413
558413
558415
558417
558417
558417
558418
558419
558420
558421
558423
558423
558424
558425
558426
558427
558428
558429
558428.5
558431
558432
558433
558434
558435
558437
558437
558439
558441
558441
558443
558443
558445
558447
558449
558452
558451
558451
558453
558456
558455
558458
558457
558457
558457
558457
558459
558459
558461
558461
558463
558465
558465
558465
558467
558469
558469
558469
558471
558473
558473
558473
558473
558474
558475
558477
558479
558479
558479
558480
558481
558480.5
558483
558482.5
558485
558484.5
558487
558488
558489
558488.5
558488
558481
558474
558467.5
558476
558469.5
558463
558471.5
558465
558461.5
558458
558459
558460
558459.5
558459
558459
558461
558463.5
558466
558467
558468
558467.5
558470
558469.5
558472
558473
558474
558479.5
558476
558477
558478
558479
558480
558479.5
558482
558481.5
558484
558485
558486
558485.5
558488
558487.5
558490
558491
558492
558493
558494
558493.5
558496
558497
558498
558497.5
558500
558501
558502
558501.5
558504
558505
558506
558507
558508
558513.5
558510
558515.5
558521
558529.5
558523
558531.5
558525
558521.5
558518
558519
558520
558519.5
558519
558519
558521
558521
558523
558523
558525
558527.5
558527
558527
558527
558527.5
558529
558531
558533
558535.5
558535
558535
558537
558539.5
558542
558543
558544
558549.5
558546
558547
558548
558553.5
558559
558567.5
558576
558585
558578
558571.5
558580
558589
558598
558591
558600
558593
558586
558579.5
558588
558581.5
558575
558583.5
558577
558585.5
558594
558587.5
558596
558589.5
558598
558591.5
558585
558593.5
558587
558595.5
558589
558597.5
558606
558599.5
558593
558601.5
558610
558603.5
558612
558605.5
558599
558595.5
558592
558597.5
558603
558599.5
558605
558601.5
558607
558603.5
558609
558617.5
558626
558635
558644
558637
558646
558639
558632
558625.5
558634
558627.5
558621
558617.5
558623
558631.5
558640
558633.5
558642
558635.5
558629
558625.5
558622
558627.5
558624
558629.5
558635
558631.5
558628
558633.5
558630
558635.5
558632
558637.5
558634
558639.5
558645
558653.5
558662
558671
558680
558682.5
558685
558684.5
558684
558677
558686
558688.5
558691
558692
558693
558692.5
558692
558694.5
558694
558687
558696
558689
558682
558691
558684
558693
558686
558695
558704
558697
558690
558699
558692
558685.5
558694
558687.5
558681
558689.5
558683
558679.5
558685
558681.5
558678
558683.5
558689
558697.5
558691
558699.5
558708
558717
558710
558703.5
558697
558693.5
558690
558695.5
558692
558697.5
558694
558699.5
558705
558701.5
558698
558703.5
558700
558701
558702
558703
558704
558703.5
558703
558703
558703
558705
558705
558705.5
558706
558705
558704
558707
558710
558709
558708
558711
558710
558707
558704
558709
558706
558700.5
558708
558713
558718
558715
558712
558706.5
558714
558708.5
558703
558710.5
558718
558712.5
558707
558707.5
558709
558716.5
558711
558711.5
558713
558713.5
558715
558715.5
558716
558717.5
558718
558719.5
558721
558728.5
558723
558723.5
558725
558725.5
558726
558727.5
558729
558736.5
558744
558749
558746
558740.5
558735
558742.5
558737
558744.5
558752
558746.5
558754
558748.5
558743
558743.5
558744
558745.5
558747
558754.5
558749
558749.5
558751
558751.5
558752
558753.5
558754
558747.5
558741
558749.5
558743
558751.5
558760
558753.5
558762
558763.5
558765
558772.5
558780
558785
558782
558776.5
558784
558789
558786
558780.5
558775
558782.5
558777
558777.5
558779
558786.5
558794
558799
558804
558807
558806
558809
558812
558813.5
558814
558815.5
558817
558817.5
558819
558821
558821
558821.5
558822
558823.5
558825
558825.5
558827
558829
558831
558831
558831
558833
558835
558835
558835
558837
558839
558839
558841
558841
558843
558843
558843
558843.5
558844
558843
558846
558847.5
558848
558849.5
558851
558853
558855
558855
558855
558855.5
558856
558855
558854
558851
558848
558853
558850
558855
558860
558863
558862
558859
558864
558861
558858
558852.5
558847
558847.5
558848
558841.5
558835
558843.5
558852
558845.5
558839
558847.5
558856
558849.5
558858
558859.5
558861
558861.5
558862
558863.5
558864
558865.5
558866
558859.5
558853
558850
558847
558843.5
558849
558854
558851
558856
558861
558858
558863
558871.5
558865
558873.5
558867
558875.5
558884
558885.5
558886
558887.5
558889
558896.5
558891
558898.5
558906
558900.5
558895
558902.5
558897
558897.5
558899
558906.5
558901
558908.5
558916
558910.5
558905
558912.5
558907
558914.5
558909
558909.5
558911
558918.5
558926
558931
558936
558933
558938
558935
558932
558937
558942
558939
558936
558941
558938
558943
558940
558934.5
558929
558929.5
558930
558923.5
558917
558914
558919
558916
558913
558909.5
558915
558911.5
558908
558913.5
558919
558915.5
558921
558917.5
558923
558919.5
558925
558930
558935
558943.5
558937
558934
558931
558927.5
558933
558929.5
558926
558931.5
558937
558933.5
558930
558935.5
558932
558937.5
558934
558932
558930
558934
558938
558943.5
558940
558945.5
558942
558940
558944
558949.5
558946
558951.5
558957
558953.5
558959
558955.5
558961
558957.5
558954
558952
558950
558954
558958
558956
558960
558958
558956
558960
558964
558962
558966
558971.5
558968
558973.5
558970
558968
558972
558970
558974
558972
558976
558974
558972
558976
558980
558978
558982
558980
558984
558982
558980
558984
558988
558993.5
558990
558995.5
558992
558990
558988
558981
558990
558983
558976
558970
558964
558963.5
558963
558963.5
558964
558960.5
558966
558967.5
558969
558971.5
558974
558973.5
558973
558973.5
558974
558975.5
558976
558972.5
558978
558974.5
558971
558972
558973
558974
558975
558976
558977
558978
558979
558984.5
558990
558986.5
558992
558993.5
558995
558997.5
559000
558999.5
558999
558999.5
559001
559003.5
559003
559005.5
559008
559016
559010
559018
559012
559020
559028
559037
559046
559039
559032
559026
559034
559043
559036
559030
559038
559047
559056
559049
559042
559036
559030
559029.5
559029
559031.5
559031
559031.5
559033
559035.5
559038
559046
559054
559063
559056
559065
559074
559067
559076
559080
559084
559089.5
559086
559084
559082
559075
559068
559077
559070
559064
559072
559066
559074
559083
559092
559085
559078
559087
559096
559100
559098
559091
559100
559104
559102
559106
559110
559108
559106
559099
559108
559101
559094
559088
559096
559090
559098
559092
559100
559109
559102
559096
559090
559098
559106
559100
559108
559102
559110
559104
559112
559121
559114
559123
559116
559110
559104
559112
559120
559114
559122
559131
559124
559133
559142
559135
559128
559122
559116
559115.5
559118
559117.5
559117
559117.5
559119
559121.5
559124
559123.5
559126
559125.5
559125
559125.5
559126
559127.5
559128
559124.5
559130
559131.5
559133
559135.5
559138
559137.5
559137
559139.5
559139
559141.5
559144
559152
559160
559154
559148
559156
559164
559173
559182
559186
559184
559188
559186
559179
559172
559166
559174
559168
559176
559170
559178
559187
559196
559200
559198
559191
559184
559178
559172
559180
559174
559173.5
559173
559173.5
559175
559177.5
559177
559179.5
559182
559190
559184
559183.5
559183
559185.5
559188
559187.5
559190
559198
559192
559200
559208
559202
559210
559219
559212
559221
559214
559223
559216
559210
559218
559212
559220
559229
559238
559242
559240
559244
559248
559253.5
559250
559255.5
559261
559266
559263
559268
559265
559261.5
559258
559263.5
559260
559258
559262
559260
559264
559262
559266
559264
559262
559255
559248
559242
559236
559244
559252
559246
559240
559239.5
559242
559241.5
559241
559241.5
559243
559245.5
559245
559247.5
559250
559249.5
559249
559251.5
559251
559251.5
559253
559253.5
559254
559255.5
559257
559259.5
559259
559261.5
559261
559263.5
559266
559274
559282
559276
559270
559278
559286
559295
559288
559297
559290
559284
559292
559286
559294
559288
559296
559305
559298
559307
559316
559309
559318
559322
559320
559324
559328
559333.5
559330
559328
559326
559319
559328
559332
559330
559323
559332
559336
559340
559345.5
559342
559340
559338
559342
559346
559344
559342
559346
559350
559348
559346
559350
559354
559352
559356
559361.5
559367
559372
559369
559365.5
559371
559367.5
559364
559369.5
559366
559364
559368
559366
559370
559375.5
559381
559377.5
559374
559379.5
559385
559381.5
559387
559383.5
559389
559385.5
559391
559387.5
559384
559389.5
559395
559400
559397
559402
559399
559404
559409
559406
559411
559419.5
559413
559410
559415
559423.5
559432
559433.5
559434
559427.5
559421
559429.5
559438
559439.5
559440
559433.5
559427
559435.5
559429
559426
559431
559439.5
559433
559441.5
559450
559443.5
559437
559434
559439
559436
559433
559438
559443
559440
559445
559442
559447
559444
559449
559457.5
559451
559448
559445
559450
559455
559463.5
559472
559465.5
559459
559456
559461
559458
559463
559460
559457
559462
559459
559455.5
559452
559450
559454
559452
559450
559443
559436
559430
559424
559432
559426
559434
559428
559436
559430
559429.5
559429
559429.5
559430
559431.5
559433
559435.5
559438
559446
559440
559448
559442
559450
559444
559452
559460
559469
559478
559471
559464
559473
559466
559460
559468
559477
559470
559464
559472
559481
559474
559468
559476
559470
559464
559463.5
559466
559474
559468
559476
559470
559469.5
559472
559471.5
559474
559482
559490
559484
559492
559501
559494
559503
559512
559505
559498
559492
559500
559509
559502
559496
559504
559513
559506
559500
559508
559502
559496
559504
559512
559521
559514
559523
559516
559525
559518
559527
559520
559529
559522
559516
559524
559518
559512
559511.5
559511
559511.5
559513
559515.5
559518
559526
559520
559519.5
559522
559521.5
559521
559521.5
559522
559518.5
559524
559525.5
559526
559527.5
559529
559531.5
559534
559542
559550
559544
559538
559546
559554
559548
559556
559565
559558
559552
559546
559545.5
559548
559547.5
559550
559549.5
559549
559551.5
559551
559553.5
559553
559553.5
559554
559555.5
559556
559552.5
559558
559559.5
559561
559561.5
559563
559563.5
559564
559560.5
559557
559558
559559
559558.5
559561
559562
559563
559564
559565
559566
559567
559568
559569
559570
559571
559572
559573
559574
559575
559576
559577
559578
559579
559580
559581
559582
559583
559584
559585
559584.5
559587
559588
559589
559588.5
559588
559588.5
559589
559583.5
559578
559585.5
559580
559579
559582
559589.5
559597
559591.5
559586
559585
559584
559584.5
559586
559586.5
559587
559588.5
559590
559590.5
559592
559595
559598
559597
559596
559596.5
559598
559598.5
559599
559599
559601
559601
559603
559603
559605
559605
559605
559607
559607
559609
559609
559609
559609
559609.5
559611
559611.5
559612
559613.5
559614
559614.5
559615
559615.5
559616
559617.5
559618
559619.5
559620
559620.5
559622
559623.5
559625
559625.5
559627
559627.5
559629
559629.5
559631
559632.5
559634
559635.5
559637
559637.5
559638
559638.5
559639
559640.5
559641
559641.5
559643
559643.5
559644
559645.5
559646
559647.5
559649
559649.5
559650
559650.5
559651
559651
559651
559651.5
559652
559653
559654
559655
559656
559657
559658
559659.5
559661
559663
559663
559663.5
559664
559665.5
559667
559669
559669
559669.5
559670
559671.5
559673
559673.5
559675
559675.5
559677
559677.5
559678
559679.5
559681
559683
559683
559685
559687
559688.5
559690
559690.5
559691
559691
559693
559694.5
559696
559697.5
559699
559699.5
559701
559702.5
559704
559704.5
559705
559705.5
559707
559707.5
559709
559709.5
559711
559712.5
559713
559714.5
559715
559715.5
559716
559717.5
559719
559720.5
559722
559723.5
559725
559727
559729
559731
559731
559733
559733
559735
559737
559737
559739
559739
559741
559741
559743
559744.5
559745
559745
559745
559745
559747
559747
559747
559749
559751
559751
559751
559753
559755
559757
559759
559759
559759
559761
559761
559763
559765
559765
559767
559768.5
559770
559770.5
559771
559771
559771
559771
559773
559773
559773
559773.5
559774
559774.5
559776
559776.5
559777
559777.5
559778
559779.5
559780
559780.5
559782
559782.5
559783
559784.5
559786
559787.5
559789
559789.5
559790
559790.5
559792
559792.5
559794
559794.5
559796
559797.5
559799
559800.5
559802
559803.5
559805
559807
559809
559809
559809
559809.5
559810
559810.5
559811
559811.5
559813
559813.5
559814
559815.5
559817
559817.5
559818
559818.5
559820
559820.5
559822
559823.5
559825
559825.5
559826
559826.5
559827
559828.5
559830
559830.5
559832
559833.5
559835
559835.5
559837
559838.5
559840
559841.5
559842
559843.5
559844
559844.5
559846
559846.5
559848
559848.5
559849
559850.5
559852
559852.5
559854
559855.5
559857
559859
559861
559861
559863
559863
559863
559863.5
559864
559864.5
559865
559866.5
559867
559867.5
559868
559869.5
559871
559871.5
559873
559874.5
559876
559876.5
559877
559878.5
559880
559880.5
559882
559882.5
559884
559884.5
559886
559887.5
559889
559889.5
559891
559891.5
559893
559893.5
559895
559897
559897
559897.5
559899
559901
559901
559903
559905
559907
559909
559909
559911
559912.5
559913
559914.5
559916
559919
559918
559921
559924
559931.5
559939
559933.5
559928
559935.5
559930
559937.5
559932
559939.5
559934
559933
559932
559935
559938
559937
559940
559947.5
559942
559941
559940
559940.5
559941
559941
559943
559943
559945
559946.5
559947
559948.5
559949
559950.5
559951
559952.5
559953
559954.5
559955
559955
559957
559958.5
559959
559960.5
559961
559962.5
559963
559964.5
559965
559966.5
559967
559967
559967
559969
559971
559971
559971
559971
559971
559971.5
559973
559975
559975
559977
559977
559979
559979
559981
559981
559983
559985
559985
559985
559987
559989
559989
559989
559989.5
559990
559990.5
559992
559993.5
559994
559994.5
559996
559997.5
559999
560001
560001
560003
560005
560007
560007
560007
560007
560007.5
560009
560011
560011
560013
560013
560015
560015
560015.5
560016
560016.5
560018
560018.5
560019
560019.5
560021
560022.5
560023
560024.5
560025
560025.5
560026
560026.5
560027
560028.5
560030
560030.5
560031
560032.5
560034
560034.5
560036
560036.5
560037
560037
560037
560037.5
560039
560041
560041
560043
560045
560046.5
560048
560049.5
560051
560051.5
560053
560053.5
560054
560055.5
560056
560056.5
560057
560057
560057
560059
560059
560059.5
560060
560061.5
560063
560063.5
560064
560065
560066
560067
560068
560069
560070
560071
560072
560073
560074
560069.5
560065
560064.5
560067
560066.5
560066
560065.5
560068
560067.5
560070
560069.5
560072
560071.5
560074
560073.5
560073
560073.5
560075
560077.5
560080
560082.5
560082
560081.5
560081
560083.5
560083
560083.5
560085
560085.5
560086
560087.5
560088
560087.5
560087
560085.5
560089
560091.5
560091
560089.5
560088
560086
560084
560084.5
560085
560085
560087
560087
560089
560089
560089
560078.5
560091
560080.5
560093
560095
560097
560097
560097
560086.5
560076
560070
560078
560090.5
560103
560105
560105
560107
560109
560110.5
560112
560112.5
560113
560113
560115
560116.5
560117
560117
560119
560120.5
560122
560122.5
560124
560124.5
560126
560130
560134
560132
560130
560130.5
560131
560132.5
560133
560133
560133
560122.5
560112
560124.5
560114
560126.5
560116
560128.5
560141
560143
560145
560145
560147
560147
560149
560150.5
560151
560152.5
560154
560158
560156
560160
560158
560162
560166
560164
560168
560166
560170
560168
560172
560170
560168
560172
560170
560170.5
560171
560172.5
560173
560174.5
560176
560180
560178
560178.5
560180
560184
560182
560186
560190
560188
560186
560186.5
560188
560188.5
560190
560194
560192
560196
560194
560194.5
560195
560196.5
560198
560198.5
560199
560200.5
560201
560202.5
560204
560208
560212
560210
560214
560212
560216
560214
560218
560221.5
560225
560223.5
560222
560225.5
560224
560227.5
560226
560224
560222
560222.5
560224
560228
560232
560230
560228
560228.5
560229
560229
560231
560232.5
560233
560233
560233
560235
560237
560237
560239
560239
560241
560241
560241
560243
560245
560245
560245
560234.5
560247
560249
560251
560251
560253
560253
560253
560255
560257
560258.5
560259
560259
560261
560261
560263
560263
560263
560265
560267
560268.5
560269
560269
560271
560272.5
560274
560274.5
560275
560276.5
560277
560277
560277
560266.5
560279
560268.5
560258
560270.5
560283
560272.5
560262
560256
560264
560258
560252
560260
560254
560253
560256
560255
560254
560255
560256
560259
560262
560270
560264
560263
560266
560274
560268
560276
560284
560278
560286
560280
560274
560273
560276
560284
560292
560304.5
560294
560306.5
560296
560290
560284
560283
560286
560294
560302
560296
560304
560316.5
560306
560318.5
560308
560320.5
560333
560335
560337
560337
560339
560339
560341
560341
560341
560330.5
560320
560314
560308
560307
560310
560318
560312
560320
560328
560322
560330
560342.5
560355
560357
560359
560359
560361
560361
560363
560364.5
560365
560366.5
560368
560372
560370
560374
560378
560381.5
560385
560387.5
560390
560391.5
560392
560391.5
560391
560389.5
560388
560391.5
560390
560388
560386
560386.5
560387
560388.5
560390
560390.5
560391
560392.5
560394
560394.5
560395
560396.5
560398
560398.5
560400
560404
560408
560411.5
560415
560413.5
560417
560419.5
560419
560421.5
560421
560419.5
560418
560421.5
560420
560423.5
560422
560420
560424
560422
560426
560424
560422
560422.5
560423
560423
560423
560412.5
560425
560414.5
560427
560416.5
560406
560400
560408
560420.5
560433
560422.5
560412
560406
560400
560399
560402
560410
560418
560412
560406
560405
560408
560416
560410
560418
560426
560420
560428
560422
560416
560415
560418
560417
560420
560428
560436
560430
560424
560432
560426
560425
560428
560436
560430
560429
560432
560440
560448
560460.5
560473
560462.5
560452
560446
560454
560466.5
560456
560450
560444
560452
560460
560454
560462
560474.5
560487
560489
560489
560478.5
560491
560480.5
560470
560464
560472
560466
560460
560459
560462
560461
560464
560463
560462
560463
560464
560465
560466
560467
560468
560467.5
560470
560469.5
560469
560471.5
560474
560473.5
560473
560475.5
560478
560479
560480
560483
560482
560483
560484
560485
560486
560489
560488
560491
560490
560493
560496
560504
560512
560524.5
560537
560539
560539
560528.5
560541
560530.5
560520
560532.5
560545
560547
560547
560549
560549
560551
560553
560554.5
560555
560556.5
560558
560558.5
560559
560559
560559
560548.5
560538
560532
560526
560525
560524
560525
560526
560525.5
560525
560519
560513
560513
560513
560515
560515
560517
560519
560519
560521
560521
560521
560523
560523
560513.5
560504
560515.5
560506
560505
560508
560507
560506
560503.5
560501
560505.5
560510
560513
560512
560509.5
560507
560507
560507
560504.5
560509
560506.5
560511
560513
560513
560510.5
560515
560512.5
560517
560519
560519
560516.5
560514
560509
560516
560511
560518
560513
560520
560515
560522
560517
560524
560528.5
560533
560535
560535
560537
560539
560543.5
560548
560545.5
560550
560547.5
560552
560549.5
560554
560551.5
560549
560553.5
560551
560555.5
560560
560557.5
560562
560559.5
560564
560561.5
560566
560563.5
560561
560561
560561
560563
560565
560569.5
560574
560571.5
560569
560573.5
560578
560575.5
560580
560583
560586
560585
560584
560587
560586
560589
560588
560585.5
560583
560583
560585
560589.5
560594
560597
560600
560611.5
560602
560601
560600
560603
560602
560599.5
560604
560607
560606
560609
560608
560611
560614
560625.5
560637
560639
560641
560649
560657
560659.5
560662
560663
560664
560665
560666
560667
560668
560669
560670
560671
560672
560673
560674
560673.5
560676
560677
560678
560681
560684
560683
560682
560685
560688
560696
560690
560689
560692
560700
560708
560702
560710
560704
560712
560724.5
560737
560739
560741
560742.5
560743
560743
560743
560745
560747
560747
560749
560749
560749
560751
560751
560740.5
560730
560724
560732
560726
560720
560719
560718
560721
560720
560721
560722
560721.5
560721
560715
560723
560717
560711
560719
560713
560713
560713
560703.5
560694
560705.5
560717
560719
560721
560721
560723
560731
560739
560741.5
560744
560745
560746
560747
560748
560749
560750
560753
560752
560755
560754
560757
560760
560768
560762
560770
560764
560772
560780
560792.5
560805
560807
560807
560809
560811
560811
560811
560800.5
560813
560802.5
560792
560804.5
560794
560806.5
560819
560808.5
560821
560823
560823
560825
560825
560827
560827
560816.5
560829
560818.5
560831
560820.5
560810
560804
560798
560806
560814
560826.5
560816
560828.5
560818
560812
560820
560814
560822
560816
560810
560809
560812
560820
560828
560840.5
560853
560842.5
560855
560844.5
560834
560828
560836
560848.5
560838
560832
560826
560825
560828
560836
560830
560829
560828
560829
560830
560833
560832
560833
560834
560837
560840
560848
560842
560850
560858
560870.5
560860
560854
560862
560856
560864
560858
560866
560878.5
560868
560862
560856
560855
560854
560857
560860
560868
560862
560861
560860
560861
560862
560861.5
560864
560863.5
560863
560865.5
560868
560867.5
560867
560861
560855
560855
560857
560857
560859
560859
560859
560861
560861
560863
560863
560865
560867
560867
560867
560869
560869
560871
560873
560881
560889
560891.5
560891
560885
560879
560887
560881
560889
560897
560899.5
560902
560901.5
560904
560905
560906
560907
560908
560909
560910
560913
560912
560915
560914
560917
560916
560919
560918
560921
560924
560923
560926
560934
560928
560927
560930
560929
560928
560931
560934
560942
560950
560944
560952
560946
560940
560948
560956
560950
560958
560970.5
560960
560972.5
560985
560987
560987
560989
560989
560978.5
560991
560993
560993
560995
560995
560997
560997
560986.5
560999
561001
561003
561003
561003
560992.5
560982
560976
560970
560969
560972
560971
560974
560973
560972
560975
560978
560986
560980
560988
560996
561008.5
560998
561010.5
561000
561012.5
561025
561027
561029
561030.5
561032
561032.5
561034
561038
561042
561045.5
561044
561042
561046
561049.5
561053
561055.5
561055
561053.5
561057
561055.5
561054
561052
561056
561059.5
561063
561061.5
561065
561067.5
561067
561069.5
561072
561073.5
561075
561077.5
561080
561082.5
561085
561084.5
561087
561086.5
561089
561095.5
561091
561097.5
561093
561092.5
561095
561094.5
561097
561103.5
561110
561105.5
561101
561100.5
561100
561099.5
561102
561101.5
561101
561101.5
561103
561103.5
561105
561105.5
561107
561107.5
561109
561109.5
561110
561111.5
561112
561113.5
561114
561115.5
561116
561117.5
561118
561117.5
561120
561121.5
561123
561123.5
561124
561123.5
561126
561127.5
561128
561127.5
561127
561125.5
561129
561131.5
561131
561133.5
561136
561135.5
561138
561137.5
561137
561139.5
561139
561137.5
561141
561143.5
561143
561145.5
561145
561147.5
561147
561149.5
561152
561151.5
561154
561155.5
561157
561157.5
561159
561159.5
561160
561161.5
561162
561163.5
561164
561165.5
561167
561169.5
561172
561171.5
561171
561171.5
561172
561173.5
561175
561177.5
561177
561177.5
561178
561179.5
561181
561183.5
561186
561188.5
561188
561187.5
561187
561187.5
561188
561187.5
561187
561185.5
561184
561187.5
561191
561193.5
561196
561195.5
561195
561193.5
561192
561190
561188
561192
561196
561199.5
561203
561201.5
561205
561203.5
561202
561205.5
561209
561207.5
561211
561209.5
561208
561206
561210
561208
561212
561210
561214
561217.5
561221
561223.5
561226
561225.5
561228
561227.5
561227
561229.5
561229
561231.5
561231
561229.5
561233
561231.5
561235
561237.5
561237
561239.5
561242
561243.5
561245
561245.5
561246
561247.5
561248
561249.5
561251
561251.5
561253
561253.5
561254
561253.5
561253
561251.5
561255
561257.5
561260
561261.5
561263
561265.5
561265
561267.5
561267
561269.5
561269
561269.5
561270
561269.5
561269
561267.5
561266
561264
561268
561271.5
561270
561268
561272
561275.5
561279
561281.5
561281
561279.5
561278
561276
561280
561283.5
561282
561280
561278
561278.5
561280
561284
561288
561286
561284
561284.5
561286
561290
561294
561297.5
561301
561303.5
561303
561301.5
561305
561307.5
561307
561309.5
561309
561307.5
561306
561304
561308
561306
561304
561308
561306
561310
561308
561312
561310
561314
561318
561321.5
561320
561323.5
561322
561325.5
561329
561327.5
561331
561333.5
561333
561335.5
561335
561337.5
561337
561339.5
561342
561343.5
561345
561345.5
561347
561347.5
561349
561351.5
561354
561356.5
561359
561358.5
561361
561360.5
561363
561362.5
561362
561361.5
561361
561363.5
561363
561363.5
561364
561363.5
561366
561365.5
561365
561367.5
561370
561369.5
561372
561371.5
561371
561369.5
561373
561371.5
561370
561368
561366
561366.5
561368
561372
561376
561374
561378
561381.5
561380
561383.5
561382
561385.5
561389
561391.5
561394
561393.5
561396
561397.5
561398
561397.5
561400
561401.5
561402
561401.5
561404
561405.5
561406
561405.5
561405
561407.5
561410
561411.5
561412
561411.5
561414
561413.5
561416
561415.5
561415
561413.5
561412
561415.5
561419
561421.5
561421
561419.5
561418
561421.5
561425
561427.5
561427
561425.5
561429
561427.5
561431
561429.5
561433
561435.5
561435
561433.5
561432
561435.5
561439
561441.5
561441
561443.5
561446
561445.5
561445
561443.5
561447
561445.5
561444
561447.5
561446
561444
561442
561446
561450
561453.5
561452
561450
561448
561452
561456
561459.5
561463
561461.5
561460
561463.5
561467
561465.5
561464
561467.5
561466
561464
561462
561462.5
561464
561468
561472
561470
561468
561468.5
561470
561474
561478
561476
561480
561483.5
561487
561489.5
561492
561491.5
561491
561489.5
561488
561491.5
561490
561493.5
561497
561499.5
561499
561501.5
561501
561503.5
561503
561501.5
561500
561503.5
561502
561505.5
561509
561511.5
561514
561515.5
561516
561517.5
561519
561519.5
561521
561521.5
561522
561523.5
561525
561525.5
561526
561527.5
561529
561531.5
561531
561533.5
561533
561533.5
561534
561535.5
561536
561535.5
561538
561537.5
561537
561535.5
561539
561537.5
561536
561539.5
561543
561541.5
561540
561538
561536
561536.5
561538
561542
561540
561544
561548
561546
561544
561548
561546
561546.5
561547
561548.5
561549
561550.5
561552
561552.5
561553
561554.5
561556
561556.5
561558
561562
561560
561564
561562
561562.5
561563
561563
561563
561552.5
561542
561536
561544
561556.5
561546
561558.5
561571
561560.5
561550
561544
561538
561546
561554
561548
561556
561550
561544
561552
561560
561572.5
561585
561587
561587
561589
561589
561578.5
561591
561593
561593
561582.5
561595
561584.5
561574
561568
561576
561570
561578
561590.5
561580
561592.5
561582
561576
561570
561578
561586
561598.5
561588
561582
561576
561575
561578
561586
561580
561579
561578
561579
561580
561581
561582
561581.5
561581
561575
561583
561585.5
561585
561587.5
561587
561589.5
561592
561593
561594
561597
561596
561599
561598
561599
561600
561601
561602
561603
561604
561603.5
561603
561605.5
561608
561607.5
561607
561609.5
561609
561603
561597
561597
561599
561607
561601
561601
561601
561603
561603
561593.5
561605
561607
561607
561597.5
561609
561599.5
561590
561589
561592
561591
561590
561587.5
561585
561589.5
561587
561591.5
561589
561589
561591
561595.5
561600
561597.5
561595
561599.5
561604
561601.5
561606
561609
561608
561611
561614
561625.5
561637
561627.5
561639
561641
561643
561651
561645
561645
561645
561647
561647
561649
561651
561659
561653
561653
561655
561655
561655
561645.5
561657
561647.5
561659
561649.5
561640
561651.5
561663
561665
561667
561675
561669
561669
561669
561659.5
561671
561661.5
561652
561663.5
561675
561677
561679
561687
561695
561689
561697
561691
561685
561693
561687
561695
561689
561697
561705
561707.5
561707
561709.5
561709
561703
561697
561697
561699
561707
561715
561709
561703
561703
561703
561705
561705
561695.5
561686
561685
561688
561687
561690
561689
561692
561691
561690
561687.5
561685
561689.5
561687
561687
561687
561684.5
561682
561677
561672
561664.5
561657
561650.5
561644
561644
561646
561654.5
561648
561648
561648
561647
561650
561649
561648
561646.5
561650
561648.5
561652
561655
561658
561657
561660
561662
561664
561672.5
561681
561690.5
561700
561692.5
561685
561694.5
561704
561711
561706
561713
561720
561724.5
561729
561731
561733
561733
561733
561730.5
561735
561737
561739
561743.5
561741
561741
561743
561743
561745
561745
561747
561751.5
561756
561753.5
561758
561755.5
561760
561757.5
561762
561759.5
561764
561761.5
561759
561759
561759
561761
561761
561758.5
561756
561760.5
561758
561762.5
561760
561764.5
561762
561766.5
561771
561768.5
561766
561770.5
561775
561777
561779
561779
561779
561781
561783
561787.5
561792
561795
561794
561791.5
561796
561799
561798
561795.5
561793
561793
561795
561795
561797
561801.5
561799
561803.5
561801
561801
561801
561798.5
561796
561791
561786
561793
561788
561780.5
561790
561782.5
561792
561784.5
561794
561786.5
561796
561803
561810
561805
561800
561792.5
561785
561778.5
561787
561796.5
561806
561813
561820
561815
561822
561817
561824
561828.5
561826
561830.5
561835
561832.5
561837
561834.5
561832
561836.5
561841
561838.5
561843
561845
561847
561847
561849
561853.5
561858
561861
561860
561863
561862
561859.5
561864
561861.5
561866
561863.5
561861
561865.5
561870
561867.5
561872
561869.5
561867
561867
561869
561869
561871
561875.5
561880
561877.5
561875
561875
561877
561877
561879
561879
561879
561881
561883
561883
561883
561880.5
561878
561873
561880
561875
561882
561877
561872
561864.5
561874
561881
561888
561883
561878
561885
561892
561896.5
561894
561889
561896
561891
561886
561893
561888
561895
561902
561897
561892
561899
561906
561901
561908
561912.5
561917
561914.5
561919
561921
561921
561918.5
561923
561925
561925
561927
561927
561924.5
561922
561926.5
561931
561933
561933
561930.5
561928
561932.5
561937
561939
561939
561936.5
561941
561943
561945
561945
561945
561942.5
561940
561944.5
561942
561937
561932
561924.5
561934
561941
561948
561943
561950
561954.5
561952
561956.5
561961
561963
561963
561960.5
561965
561962.5
561967
561969
561969
561971
561973
561973
561975
561975
561977
561977
561979
561983.5
561988
561991
561994
561993
561996
562007.5
562019
562009.5
562000
561999
562002
562013.5
562004
562015.5
562006
562017.5
562008
562007
562006
562009
562008
562011
562010
562013
562012
562009.5
562014
562017
562016
562013.5
562018
562015.5
562020
562023
562022
562025
562028
562039.5
562051
562041.5
562053
562043.5
562055
562045.5
562057
562059
562061
562069
562077
562071
562079
562073
562081
562075
562069
562077
562085
562079
562073
562073
562075
562075
562075
562065.5
562077
562079
562079
562081
562083
562091
562085
562093
562101
562103.5
562106
562107
562108
562109
562110
562113
562116
562115
562118
562117
562116
562119
562122
562130
562138
562132
562140
562152.5
562165
562154.5
562167
562156.5
562146
562158.5
562171
562160.5
562150
562144
562152
562146
562140
562148
562142
562150
562158
562152
562146
562154
562162
562174.5
562164
562176.5
562166
562178.5
562191
562193
562193
562182.5
562172
562184.5
562174
562168
562162
562161
562164
562172
562166
562174
562182
562176
562170
562178
562172
562171
562174
562182
562176
562175
562174
562177
562180
562179
562178
562181
562180
562181
562182
562185
562184
562185
562186
562187
562188
562189
562190
562191
562192
562193
562194
562193.5
562196
562197
562198
562199
562200
562199.5
562199
562193
562187
562195
562203
562205.5
562205
562199
562207
562209.5
562209
562203
562211
562205
562213
562215.5
562218
562217.5
562220
562221
562222
562221.5
562221
562223.5
562226
562225.5
562228
562229
562230
562229.5
562229
562223
562231
562225
562233
562235.5
562235
562237.5
562240
562241
562242
562243
562244
562247
562246
562249
562248
562251
562254
562253
562256
562255
562254
562257
562260
562259
562258
562261
562260
562263
562266
562274
562282
562294.5
562284
562296.5
562286
562280
562274
562273
562272
562273
562274
562275
562276
562279
562282
562290
562298
562310.5
562323
562325
562325
562327
562327
562316.5
562329
562318.5
562331
562333
562335
562336.5
562337
562337
562339
562339
562341
562342.5
562344
562344.5
562345
562345
562347
562348.5
562349
562350.5
562351
562352.5
562353
562354.5
562356
562360
562364
562367.5
562371
562369.5
562373
562371.5
562370
562373.5
562377
562375.5
562379
562377.5
562381
562383.5
562386
562387.5
562388
562389.5
562390
562389.5
562392
562393.5
562395
562397.5
562397
562397.5
562398
562399.5
562401
562401.5
562403
562403.5
562404
562405.5
562406
562407.5
562409
562411.5
562411
562411.5
562412
562411.5
562411
562413.5
562413
562415.5
562415
562413.5
562417
562415.5
562419
562417.5
562416
562419.5
562423
562425.5
562428
562427.5
562427
562425.5
562424
562427.5
562426
562429.5
562433
562435.5
562435
562433.5
562432
562430
562434
562437.5
562436
562439.5
562438
562436
562434
562438
562436
562436.5
562437
562438.5
562440
562440.5
562442
562442.5
562444
562444.5
562445
562446.5
562448
562452
562456
562454
562452
562452.5
562453
562453
562455
562456.5
562458
562458.5
562460
562460.5
562461
562461
562461
562450.5
562440
562452.5
562442
562436
562430
562438
562446
562440
562448
562442
562436
562444
562438
562437
562436
562437
562438
562441
562444
562452
562460
562454
562448
562447
562450
562449
562448
562451
562454
562453
562456
562455
562458
562457
562456
562457
562458
562461
562460
562463
562466
562465
562468
562476
562484
562478
562486
562498.5
562511
562500.5
562513
562515
562517
562518.5
562519
562520.5
562522
562522.5
562524
562524.5
562525
562525
562525
562514.5
562504
562498
562506
562500
562494
562502
562510
562522.5
562535
562537
562539
562540.5
562542
562546
562544
562544.5
562546
562550
562548
562548.5
562549
562550.5
562552
562556
562560
562563.5
562567
562565.5
562564
562567.5
562566
562564
562562
562566
562570
562568
562566
562570
562574
562572
562570
562574
562578
562581.5
562580
562583.5
562587
562585.5
562584
562587.5
562586
562589.5
562593
562595.5
562595
562593.5
562592
562595.5
562594
562592
562590
562590.5
562592
562592.5
562593
562594.5
562596
562600
562598
562602
562606
562604
562602
562606
562610
562608
562606
562606.5
562607
562607
562607
562609
562609
562611
562613
562613
562615
562615
562617
562617
562617
562619
562619
562608.5
562598
562610.5
562600
562594
562602
562596
562604
562598
562592
562600
562608
562620.5
562633
562622.5
562635
562624.5
562614
562608
562616
562628.5
562618
562630.5
562643
562632.5
562622
562616
562610
562618
562626
562620
562614
562622
562616
562615
562614
562615
562616
562615.5
562618
562617.5
562617
562611
562619
562621.5
562624
562623.5
562623
562625.5
562628
562627.5
562627
562621
562615
562623
562617
562625
562633
562635.5
562638
562639
562640
562641
562642
562641.5
562644
562645
562646
562647
562648
562651
562654
562662
562656
562655
562654
562657
562660
562668
562662
562661
562664
562663
562666
562665
562664
562665
562666
562665.5
562665
562667.5
562667
562661
562655
562663
562657
562657
562659
562667
562661
562669
562677
562679.5
562682
562683
562684
562685
562686
562685.5
562685
562687.5
562690
562689.5
562689
562691.5
562691
562693.5
562693
562687
562695
562689
562683
562683
562683
562685
562687
562695
562703
562705.5
562705
562699
562693
562701
562695
562695
562697
562697
562697
562699
562701
562709
562703
562711
562719
562713
562707
562715
562723
562717
562725
562719
562727
562729.5
562732
562731.5
562731
562725
562719
562719
562721
562721
562723
562731
562725
562733
562727
562727
562729
562737
562731
562731
562731
562721.5
562712
562711
562710
562713
562716
562715
562714
562717
562720
562719
562722
562721
562720
562717.5
562722
562725
562728
562727
562730
562741.5
562732
562743.5
562734
562733
562732
562735
562738
562737
562736
562733.5
562738
562735.5
562740
562743
562742
562745
562744
562747
562746
562743.5
562741
562745.5
562743
562743
562745
562749.5
562747
562747
562749
562749
562751
562751
562753
562757.5
562762
562765
562764
562761.5
562759
562759
562761
562761
562761
562758.5
562763
562760.5
562765
562762.5
562760
562764.5
562769
562766.5
562764
562768.5
562773
562770.5
562768
562772.5
562777
562779
562781
562785.5
562790
562787.5
562785
562785
562787
562787
562789
562789
562789
562786.5
562791
562793
562793
562795
562797
562797
562799
562803.5
562801
562801
562801
562803
562805
562805
562805
562807
562809
562809
562811
562815.5
562820
562817.5
562822
562819.5
562817
562821.5
562819
562819
562821
562821
562823
562827.5
562832
562835
562834
562831.5
562836
562839
562838
562841
562844
562855.5
562867
562869
562871
562879
562887
562881
562889
562883
562877
562885
562879
562879
562879
562881
562883
562891
562899
562901.5
562904
562903.5
562906
562907
562908
562907.5
562907
562901
562909
562911.5
562911
562905
562913
562907
562901
562909
562903
562903
562905
562913
562921
562915
562909
562917
562925
562919
562927
562921
562915
562915
562915
562905.5
562896
562895
562894
562891.5
562889
562893.5
562898
562901
562900
562897.5
562895
562899.5
562904
562901.5
562899
562899
562901
562901
562903
562907.5
562912
562909.5
562907
562907
562909
562909
562911
562911
562911
562908.5
562913
562915
562915
562917
562919
562923.5
562928
562931
562930
562933
562932
562929.5
562927
562927
562929
562929
562929
562931
562931
562933
562933
562930.5
562935
562937
562937
562934.5
562939
562936.5
562941
562938.5
562936
562940.5
562938
562942.5
562940
562944.5
562942
562946.5
562951
562948.5
562953
562950.5
562948
562943
562950
562945
562952
562947
562954
562949
562944
562951
562946
562953
562948
562955
562950
562942.5
562952
562944.5
562954
562961
562956
562948.5
562941
562934.5
562928
562936.5
562945
562954.5
562947
562956.5
562949
562958.5
562968
562975
562982
562986.5
562984
562988.5
562986
562981
562988
562983
562990
562994.5
562999
563001
563003
563007.5
563012
563015
563018
563029.5
563041
563043
563043
563045
563047
563047
563049
563049
563049
563051
563053
563061
563055
563063
563057
563065
563059
563059
563061
563061
563063
563063
563063
563053.5
563044
563055.5
563046
563045
563048
563059.5
563071
563061.5
563052
563063.5
563054
563053
563052
563049.5
563054
563051.5
563056
563053.5
563058
563061
563060
563057.5
563055
563055
563055
563057
563059
563059
563061
563061
563063
563067.5
563065
563069.5
563074
563071.5
563069
563073.5
563078
563075.5
563073
563077.5
563075
563079.5
563077
563077
563077
563074.5
563072
563076.5
563081
563083
563083
563085
563085
563087
563087
563084.5
563089
563086.5
563084
563088.5
563086
563090.5
563095
563092.5
563090
563085
563080
563087
563082
563074.5
563084
563091
563086
563078.5
563088
563080.5
563090
563082.5
563075
563084.5
563077
563070.5
563064
563064
563064
563063
563066
563068
563068
563067
563066
563069
563068
563066.5
563070
563068.5
563067
563070.5
563069
563069
563071
563074.5
563073
563076.5
563080
563078.5
563077
563080.5
563084
563087
563086
563084.5
563083
563083
563083
563080
563077
563082
563087
563084
563089
563086
563083
563088
563093
563095
563095
563097
563099
563102.5
563101
563101
563101
563098
563095
563094.5
563097
563096.5
563096
563095.5
563095
563097.5
563097
563099.5
563102
563104.5
563107
563112
563117
563119
563121
563121
563123
563126.5
563130
563128.5
563132
563130.5
563129
563132.5
563131
563131
563131
563128
563133
563135
563137
563137
563137
563139
563141
563141
563143
563143
563143
563145
563147
563147
563149
563149
563151
563151
563153
563153
563153
563150
563147
563152
563149
563148.5
563148
563150.5
563153
563158
563155
563154.5
563157
563156.5
563156
563155.5
563155
563157.5
563160
563159.5
563159
563161.5
563164
563166.5
563169
563168.5
563168
563170.5
563173
563178
563183
563180
563177
563182
563187
563184
563181
563180.5
563183
563188
563185
563184.5
563187
563186.5
563189
563194
563191
563196
563193
563192.5
563192
563191.5
563191
563191.5
563192
563193.5
563195
563197.5
563197
563199.5
563199
563199.5
563200
563201.5
563203
563203.5
563204
563203
563206
563207.5
563209
563209.5
563210
563209
563208
563211
563214
563213
563212
563215
563214
563213
563212
563215
563214
563217
563216
563216
563216
563217
563218
563220
563220
563221
563222
563223
563224
563213.5
563226
563215.5
563228
563217.5
563207
563219.5
563209
563221.5
563234
563235
563236
563237
563238
563239
563240
563242
563244
563244
563246
563246
563246
563248
563250
563250
563252
563255
563254
563257
563260
563259
563262
563265
563264
563263
563266
563269
563268
563267
563266
563266
563268
563268
563268
563270
563270
563271
563272
563273
563274
563275
563276
563278
563278
563279
563280
563282
563284
563284
563284
563286
563286
563288
563288
563289
563290
563292
563294
563297
563296
563299
563298
563298
563298
563300
563302
563302
563304
563307
563310
563309
563308
563311
563314
563313
563316
563319
563322
563323.5
563324
563323
563326
563327.5
563328
563329.5
563331
563333.5
563336
563335.5
563335
563337.5
563340
563339.5
563342
563344.5
563347
563352
563349
563348.5
563351
563350.5
563350
563349.5
563352
563354.5
563354
563356.5
563356
563355.5
563358
563357.5
563360
563362.5
563362
563361.5
563361
563363.5
563366
563368.5
563371
563370.5
563370
563372.5
563375
563380
563385
563382
563387
563384
563381
563386
563391
563393
563395
563398.5
563402
563400.5
563399
563402.5
563406
563404.5
563408
563406.5
563405
563405
563405
563407
563407
563409
563411
563411
563413
563416.5
563415
563418.5
563417
563417
563417
563414
563411
563410.5
563413
563418
563415
563414.5
563417
563422
563419
563424
563429
563431
563433
563436.5
563440
563443
563446
563445
563444
563442.5
563441
563444.5
563448
563446.5
563445
563445
563445
563447
563447
563449
563451
563454.5
563453
563453
563453
563450
563455
563452
563457
563459
563459
563456
563461
563463
563463
563465
563465
563462
563459
563458.5
563458
563460.5
563460
563462.5
563462
563461.5
563464
563463.5
563466
563468.5
563468
563470.5
563470
563472.5
563475
563480
563485
563482
563479
563478.5
563481
563480.5
563483
563488
563493
563495
563495
563497
563497
563499
563501
563501
563501
563503
563505
563505
563507
563510.5
563509
563512.5
563511
563514.5
563518
563516.5
563515
563515
563517
563517
563519
563522.5
563521
563524.5
563523
563523
563523
563525
563525
563527
563527
563529
563531
563534.5
563538
563541
563544
563546
563548
563548
563548
563547
563550
563549
563548
563546.5
563545
563548.5
563547
563547
563549
563549
563549
563551
563553
563553
563555
563555
563557
563560.5
563559
563559
563561
563561
563561
563563
563565
563565
563567
563570.5
563569
563572.5
563571
563571
563573
563573
563573
563570
563567
563566.5
563569
563574
563579
563581
563583
563586.5
563585
563585
563587
563590.5
563589
563589
563591
563594.5
563593
563596.5
563595
563598.5
563602
563605
563604
563607
563610
563612
563612
563614
563616
563624.5
563633
563642.5
563635
563628.5
563622
563622
563624
563632.5
563641
563634.5
563628
563628
563628
563627
563626
563624.5
563623
563623
563625
563628.5
563632
563635
563638
563640
563640
563642
563644
563644
563644
563643
563642
563640.5
563644
563642.5
563641
563644.5
563643
563643
563643
563640
563637
563636.5
563639
563638.5
563641
563640.5
563643
563648
563645
563650
563655
563657
563659
563662.5
563661
563664.5
563668
563666.5
563670
563668.5
563667
563670.5
563669
563672.5
563676
563679
563682
563684
563684
563686
563686
563685
563688
563687
563690
563692
563692
563691
563694
563693
563696
563698
563700
563708.5
563702
563702
563702
563701
563704
563703
563706
563705
563708
563707
563710
563712
563714
563722.5
563716
563716
563716
563715
563714
563712.5
563711
563714.5
563718
563716.5
563715
563715
563715
563712
563709
563708.5
563711
563710.5
563713
563718
563715
563714.5
563714
563716.5
563716
563715.5
563715
563715.5
563717
563719.5
563722
563721.5
563724
563723.5
563726
563728.5
563731
563730.5
563733
563738
563735
563734.5
563734
563736.5
563736
563738.5
563741
563746
563751
563753
563753
563755
563755
563752
563749
563754
563759
563761
563761
563763
563763
563765
563767
563770.5
563769
563769
563769
563766
563763
563762.5
563765
563764.5
563764
563763.5
563763
563765.5
563765
563765.5
563767
563769.5
563769
563769.5
563770
563769
563772
563773.5
563774
563775.5
563777
563779.5
563782
563784.5
563784
563783.5
563786
563788.5
563791
563790.5
563793
563792.5
563792
563794.5
563794
563796.5
563799
563804
563809
563811
563813
563813
563815
563818.5
563822
563820.5
563819
563822.5
563821
563821
563821
563818
563823
563820
563817
563816.5
563819
563818.5
563818
563820.5
563823
563822.5
563825
563824.5
563827
563826.5
563826
563825.5
563825
563825.5
563826
563827.5
563829
563829.5
563831
563831.5
563832
563831
563834
563833
563832
563831
563834
563833
563832
563832
563834
563837
563840
563839
563838
563841
563844
563843
563846
563849
563852
563851
563850
563849
563852
563851
563850
563853
563856
563855
563854
563854
563856
563856
563856
563857
563858
563859
563860
563861
563862
563851.5
563864
563865
563866
563868
563868
563870
563870
563872
563872
563873
563874
563876
563876
563877
563878
563879
563880
563881
563882
563871.5
563861
563873.5
563863
563875.5
563865
563877.5
563867
563865
563863
563867
563871
563883.5
563896
563897
563898
563887.5
563877
563889.5
563879
563891.5
563881
563879
563883
563895.5
563885
563883
563881
563885
563889
563887
563885
563889
563893
563905.5
563895
563907.5
563897
563895
563899
563897
563895
563899
563903
563901
563905
563917.5
563907
563919.5
563909
563921.5
563911
563909
563907
563911
563909
563900.5
563892
563902.5
563894
563892
563890
563894
563898
563908.5
563900
563898
563902
563912.5
563904
563902
563906
563916.5
563927
563918.5
563929
563920.5
563931
563935
563939
563951.5
563964
563965
563966
563967
563968
563957.5
563947
563945
563949
563961.5
563951
563949
563947
563938.5
563930
563928
563932
563942.5
563934
563932
563936
563946.5
563938
563948.5
563959
563963
563967
563965
563963
563954.5
563965
563969
563967
563958.5
563969
563960.5
563971
563962.5
563973
563964.5
563975
563979
563977
563981
563979
563983
563981
563985
563983
563974.5
563966
563964
563962
563966
563970
563968
563972
563982.5
563974
563972
563970
563964
563958
563957.5
563957
563959.5
563959
563961.5
563964
563972
563966
563965.5
563968
563976
563970
563978
563972
563971.5
563974
563973.5
563976
563975.5
563975
563974.5
563977
563976.5
563979
563981.5
563984
563983.5
563983
563985.5
563985
563987.5
563987
563986.5
563986
563988.5
563991
563990.5
563990
563984.5
563979
563986.5
563994
563988.5
563983
563977.5
563985
563992.5
563987
563994.5
563989
563996.5
563991
563998.5
563993
564000.5
563995
563989.5
563997
563991.5
563999
563993.5
564001
564008.5
564016
564018.5
564021
564023.5
564023
564025.5
564025
564024.5
564024
564018.5
564013
564020.5
564015
564009.5
564004
564004
564006
564006
564008
564015.5
564010
564017.5
564025
564019.5
564027
564034.5
564042
564044.5
564047
564046.5
564049
564048.5
564051
564050.5
564050
564052.5
564055
564057.5
564057
564059.5
564062
564070
564078
564072
564080
564074
564082
564086
564090
564088
564092
564090
564094
564104.5
564096
564106.5
564098
564096
564094
564088
564082
564081.5
564084
564083.5
564083
564082.5
564082
564084.5
564087
564086.5
564086
564088.5
564091
564090.5
564093
564092.5
564095
564097.5
564097
564096.5
564099
564101.5
564104
564112
564120
564114
564108
564107.5
564107
564106.5
564106
564100.5
564108
564102.5
564097
564091.5
564099
564093.5
564088
564095.5
564090
564090
564090
564089
564092
564094
564094
564093
564092
564082
564094
564097
564100
564099
564098
564088
564100
564103
564102
564092
564082
564094
564084
564081.5
564079
564076.5
564081
564085.5
564090
564087.5
564085
564089.5
564087
564084.5
564089
564093.5
564091
564088.5
564086
564085
564088
564092.5
564097
564094.5
564092
564096.5
564101
564105.5
564103
564100.5
564105
564109.5
564107
564111.5
564109
564113.5
564118
564130
564142
564145
564144
564134
564124
564121.5
564119
564116.5
564114
564118.5
564123
564120.5
564118
564122.5
564127
564131.5
564129
564126.5
564131
564128.5
564133
564130.5
564135
564139.5
564137
564134.5
564132
564131
564130
564133
564132
564135
564134
564137
564140
564144.5
564142
564141
564144
564148.5
564146
564145
564144
564142.5
564146
564144.5
564148
564151
564154
564158.5
564163
564167.5
564165
564169.5
564167
564164.5
564162
564166.5
564164
564163
564166
564165
564164
564167
564170
564174.5
564179
564183.5
564188
564200
564212
564202
564214
564204
564216
564206
564218
564208
564198
564195.5
564193
564190.5
564195
564199.5
564197
564194.5
564199
564203.5
564201
564198.5
564196
564200.5
564198
564202.5
564207
564204.5
564202
564201
564204
564208.5
564206
564205
564204
564207
564206
564204.5
564208
564211
564210
564208.5
564212
564215
564214
564212.5
564211
564214.5
564218
564216.5
564215
564218.5
564217
564220.5
564219
564211.5
564221
564213.5
564206
564206.5
564207
564207.5
564209
564209.5
564210
564211.5
564213
564213.5
564214
564213
564216
564215
564214
564217
564220
564219
564218
564221
564220
564223
564222
564225
564224
564222
564220
564224
564222
564226
564230
564228
564226
564223.5
564221
564217.5
564223
564227.5
564225
564221.5
564218
564223.5
564229
564225.5
564222
564217
564212
564219
564214
564221
564216
564216
564216
564218
564218
564217
564220
564222
564222
564221
564220
564223
564222
564225
564224
564224
564224
564223.5
564223
564225.5
564228
564230
564232
564235
564238
564237
564236
564236
564238
564238
564238
564237.5
564240
564239.5
564242
564241.5
564241
564243.5
564246
564248
564250
564250
564252
564255
564254
564257
564256
564259
564258
564258
564258
564257.5
564260
564259.5
564262
564261.5
564264
564266
564268
564268
564268
564267.5
564270
564272
564272
564274
564276
564279
564282
564284
564286
564286
564286
564288
564290
564297
564304
564299
564294
564294
564294
564293
564292
564292
564294
564294
564294
564293.5
564293
564295.5
564295
564295.5
564297
564299.5
564302
564304
564306
564309
564312
564314
564316
564323
564318
564318
564318
564317
564320
564319
564318
564321
564320
564320
564322
564322
564322
564321.5
564324
564326
564328
564328
564328
564327.5
564330
564329.5
564332
564331.5
564334
564333.5
564333
564333.5
564334
564333
564332
564335
564338
564337
564336
564335
564338
564341
564344
564345.5
564347
564349.5
564352
564354
564356
564359
564358
564358
564360
564363
564362
564362
564362
564364
564366
564369
564372
564374
564374
564376
564376
564375
564374
564374
564376
564379
564378
564381
564384
564383
564382
564382
564384
564384
564384
564386
564388
564388
564390
564393
564392
564392
564394
564397
564396
564399
564398
564401
564400
564400
564402
564402
564404
564407
564406
564409
564412
564411
564414
564413
564412
564415
564414
564417
564420
564419
564422
564424
564424
564423
564426
564425
564424
564427
564426
564426
564428
564431
564434
564436
564438
564445
564452
564447
564454
564459.5
564465
564469.5
564474
564471.5
564469
564473.5
564478
564482
564486
564489
564488
564486
564490
564493
564496
564495
564494
564497
564500
564499
564498
564501
564504
564505.5
564507
564508.5
564509
564509.5
564511
564512.5
564514
564523.5
564533
564536.5
564535
564538.5
564542
564540.5
564539
564531.5
564541
564533.5
564543
564546.5
564550
564553
564556
564555
564554
564552.5
564556
564559
564562
564561
564564
564563
564566
564565
564568
564567
564570
564569
564572
564576.5
564574
564578.5
564576
564575
564578
564582.5
564587
564591.5
564596
564608
564598
564610
564622
564612
564602
564599.5
564604
564616
564606
564603.5
564608
564620
564632
564635
564638
564640
564640
564639
564642
564644
564646
564653.5
564648
564648
564650
564657.5
564652
564652
564654
564661.5
564669
564676.5
564684
564686.5
564689
564691.5
564694
564693.5
564693
564695.5
564695
564694.5
564694
564696.5
564699
564701.5
564701
564700.5
564700
564694.5
564702
564696.5
564704
564706.5
564706
564708.5
564708
564702.5
564697
564691.5
564699
564706.5
564701
564695.5
564690
564697.5
564692
564692
564692
564694
564696
564696
564696
564698
564698
564697
564700
564702
564704
564704
564706
564713.5
564708
564708
564710
564710
564710
564712
564712
564711
564714
564713
564712
564702
564692
564689.5
564694
564691.5
564689
564686.5
564684
564688.5
564686
564690.5
564695
564699.5
564704
564701.5
564706
564718
564708
564705.5
564710
564722
564734
564724
564714
564711.5
564716
564713.5
564718
564715.5
564713
564717.5
564722
564719.5
564717
564721.5
564719
564716.5
564714
564713
564712
564715
564718
564717
564716
564719
564722
564726.5
564731
564735.5
564740
564752
564764
564754
564744
564756
564768
564758
564748
564760
564772
564775
564778
564777
564776
564766
564756
564768
564758
564755.5
564753
564750.5
564755
564752.5
564757
564761.5
564759
564756.5
564761
564758.5
564756
564755
564754
564757
564760
564764.5
564762
564766.5
564764
564763
564766
564770.5
564768
564767
564770
564774.5
564772
564776.5
564781
564785.5
564790
564802
564814
564817
564820
564822
564824
564831.5
564826
564833.5
564841
564835.5
564830
564830
564832
564832
564834
564841.5
564849
564843.5
564851
564845.5
564853
564860.5
564868
564870.5
564870
564864.5
564859
564866.5
564861
564855.5
564863
564870.5
564878
564872.5
564867
564874.5
564869
564863.5
564858
564865.5
564873
564880.5
564888
564882.5
564890
564884.5
564879
564886.5
564894
564896.5
564899
564901.5
564901
564900.5
564900
564902.5
564902
564896.5
564904
564898.5
564906
564900.5
564908
564910.5
564913
564915.5
564918
564917.5
564920
564928
564922
564921.5
564924
564932
564940
564944
564942
564936
564944
564948
564952
564962.5
564954
564964.5
564956
564966.5
564977
564981
564979
564970.5
564962
564972.5
564983
564987
564991
564989
564993
565005.5
564995
564993
564991
564982.5
564974
564984.5
564976
564986.5
564997
564988.5
564980
564978
564982
564980
564978
564972
564980
564974
564982
564986
564984
564978
564986
564990
564994
565004.5
564996
565006.5
564998
564996
564994
564998
565002
565000
564998
564992
565000
565004
565008
565006
565004
564998
565006
565000
564994
564993.5
564993
564992.5
564992
564994.5
564994
564996.5
564996
564998.5
565001
565000.5
565003
565005.5
565008
565016
565024
565018
565012
565020
565014
565013.5
565016
565015.5
565015
565017.5
565017
565019.5
565019
565021.5
565021
565020.5
565023
565025.5
565025
565024.5
565027
565029.5
565032
565040
565048
565042
565036
565044
565038
565046
565054
565058
565062
565072.5
565064
565062
565066
565076.5
565068
565066
565070
565080.5
565091
565095
565093
565084.5
565095
565099
565103
565115.5
565105
565117.5
565130
565131
565132
565134
565136
565139
565138
565141
565144
565147
565150
565149
565152
565153.5
565155
565157.5
565157
565159.5
565162
565161.5
565164
565166.5
565166
565168.5
565171
565170.5
565173
565172.5
565172
565174.5
565174
565176.5
565179
565184
565181
565186
565183
565182.5
565182
565181.5
565184
565183.5
565183
565185.5
565188
565187.5
565187
565187.5
565188
565189.5
565190
565191.5
565192
565191
565194
565193
565196
565195
565194
565193
565192
565195
565198
565197
565196
565199
565202
565205
565204
565207
565206
565205
565204
565204
565206
565206
565206
565207
565208
565197.5
565210
565199.5
565189
565187
565191
565203.5
565216
565205.5
565218
565219
565220
565209.5
565199
565197
565201
565213.5
565226
565215.5
565228
565229
565230
565231
565232
565234
565236
565239
565242
565245
565244
565243
565246
565245
565248
565247
565250
565249
565248
565251
565250
565253
565256
565259
565262
565261
565264
565265.5
565266
565265
565268
565269.5
565270
565269
565272
565271
565274
565275.5
565277
565279.5
565282
565284.5
565284
565286.5
565286
565288.5
565288
565287.5
565290
565292.5
565292
565291.5
565291
565291.5
565293
565295.5
565295
565297.5
565297
565297.5
565299
565299.5
565301
565303.5
565306
565308.5
565308
565310.5
565310
565309.5
565309
565309.5
565310
565311.5
565312
565313.5
565315
565317.5
565320
565319.5
565322
565321.5
565321
565321.5
565323
565323.5
565325
565325.5
565327
565329.5
565329
565331.5
565334
565336.5
565339
565338.5
565338
565337.5
565340
565342.5
565345
565344.5
565347
565346.5
565346
565345.5
565345
565345.5
565347
565349.5
565349
565349.5
565351
565351.5
565353
565355.5
565358
565357.5
565360
565362.5
565362
565361.5
565361
565363.5
565366
565368.5
565371
565370.5
565373
565372.5
565375
565374.5
565377
565382
565387
565384
565381
565380.5
565383
565388
565393
565390
565387
565392
565397
565399
565399
565401
565401
565403
565403
565405
565407
565410.5
565409
565409
565409
565406
565411
565413
565413
565410
565407
565412
565409
565408.5
565411
565410.5
565410
565412.5
565412
565414.5
565414
565416.5
565419
565424
565429
565431
565431
565433
565435
565438.5
565442
565440.5
565444
565447
565450
565449
565452
565451
565454
565453
565452
565455
565454
565457
565456
565454.5
565453
565453
565455
565455
565457
565457
565457
565459
565459
565461
565461
565458
565463
565465
565467
565470.5
565474
565472.5
565471
565474.5
565473
565476.5
565475
565478.5
565482
565485
565488
565487
565486
565484.5
565488
565491
565490
565493
565492
565495
565498
565500
565500
565499
565502
565501
565500
565498.5
565502
565505
565504
565507
565506
565509
565508
565511
565510
565508.5
565512
565515
565518
565520
565522
565522
565522
565524
565526
565526
565526
565525
565524
565522.5
565526
565529
565532
565531
565530
565533
565532
565535
565538
565540
565540
565539
565538
565536.5
565535
565535
565535
565537
565539
565539
565539
565536
565533
565532.5
565532
565531.5
565531
565531.5
565532
565533.5
565535
565537.5
565540
565539.5
565539
565541.5
565541
565543.5
565543
565545.5
565545
565545.5
565546
565545
565548
565549.5
565551
565553.5
565556
565558.5
565558
565560.5
565560
565562.5
565562
565561.5
565561
565561.5
565562
565563.5
565564
565565.5
565567
565567.5
565568
565569.5
565570
565569
565568
565567
565570
565569
565568
565571
565574
565577
565576
565575
565574
565574
565574
565575
565576
565577
565578
565579
565580
565582
565582
565583
565584
565585
565586
565587
565588
565590
565590
565591
565592
565593
565594
565583.5
565573
565571
565575
565587.5
565577
565589.5
565602
565591.5
565604
565593.5
565606
565607
565608
565609
565610
565611
565612
565614
565616
565619
565618
565621
565624
565627
565626
565625
565628
565631
565634
565633
565632
565635
565638
565637
565636
565639
565638
565637
565640
565643
565642
565641
565644
565643
565646
565649
565648
565647
565646
565649
565652
565655
565654
565653
565652
565655
565654
565657
565660
565663
565666
565667.5
565669
565669.5
565670
565671.5
565673
565673.5
565675
565677.5
565680
565679.5
565682
565681.5
565681
565683.5
565683
565685.5
565685
565685.5
565686
565687.5
565688
565687
565686
565685
565684
565684
565686
565686
565688
565688
565688
565690
565692
565692
565694
565694
565694
565695
565696
565697
565698
565687.5
565677
565689.5
565679
565691.5
565704
565693.5
565683
565695.5
565685
565697.5
565687
565685
565683
565687
565685
565676.5
565668
565678.5
565689
565693
565697
565709.5
565722
565723
565724
565725
565726
565728
565730
565733
565732
565735
565734
565734
565734
565735
565736
565738
565738
565739
565740
565741
565742
565744
565746
565746
565748
565751
565754
565757
565756
565755
565758
565757
565756
565756
565758
565761
565764
565767
565766
565769
565768
565767
565766
565769
565768
565768
565768
565769
565770
565759.5
565772
565761.5
565774
565775
565776
565777
565778
565767.5
565757
565755
565759
565771.5
565761
565773.5
565763
565775.5
565788
565777.5
565767
565779.5
565769
565781.5
565794
565783.5
565796
565797
565798
565799
565800
565802
565804
565807
565806
565806
565806
565808
565808
565810
565812
565815
565818
565817
565820
565823
565826
565827.5
565829
565829.5
565831
565833.5
565833
565833.5
565835
565835.5
565836
565835
565834
565837
565840
565841.5
565843
565843.5
565845
565845.5
565847
565849.5
565849
565851.5
565851
565851.5
565853
565853.5
565854
565855.5
565856
565857.5
565859
565861.5
565861
565861.5
565862
565863.5
565865
565867.5
565867
565867.5
565868
565869.5
565870
565869
565872
565871
565870
565869
565868
565868
565870
565870
565870
565871
565872
565874
565876
565876
565876
565878
565878
565879
565880
565881
565882
565883
565884
565885
565886
565888
565890
565893
565892
565895
565898
565897
565896
565896
565898
565901
565900
565900
565902
565902
565902
565903
565904
565905
565906
565907
565908
565909
565910
565912
565912
565914
565914
565915
565916
565917
565918
565907.5
565897
565909.5
565922
565923
565924
565913.5
565903
565901
565905
565917.5
565907
565919.5
565909
565921.5
565934
565923.5
565936
565925.5
565938
565927.5
565917
565929.5
565919
565931.5
565921
565933.5
565923
565935.5
565948
565949
565950
565951
565952
565941.5
565954
565943.5
565933
565931
565929
565920.5
565912
565910
565914
565924.5
565935
565926.5
565918
565916
565914
565908
565916
565910
565904
565903.5
565903
565905.5
565908
565916
565910
565909.5
565909
565908.5
565908
565902.5
565910
565904.5
565912
565914.5
565914
565916.5
565916
565910.5
565905
565899.5
565894
565901.5
565896
565896
565896
565895
565898
565900
565902
565909.5
565904
565911.5
565906
565913.5
565921
565928.5
565923
565917.5
565912
565919.5
565927
565934.5
565942
565944.5
565947
565946.5
565946
565948.5
565948
565950.5
565950
565944.5
565939
565946.5
565954
565956.5
565956
565950.5
565945
565952.5
565947
565954.5
565949
565956.5
565951
565945.5
565940
565940
565942
565942
565944
565944
565946
565953.5
565961
565968.5
565963
565970.5
565978
565980.5
565980
565982.5
565985
565987.5
565990
565998
565992
565991.5
565994
565993.5
565996
566004
566012
566006
566000
566008
566016
566020
566024
566034.5
566026
566024
566022
566016
566024
566018
566012
566011.5
566014
566022
566016
566024
566018
566026
566034
566028
566022
566030
566024
566023.5
566026
566034
566042
566036
566044
566038
566032
566031.5
566031
566030.5
566030
566032.5
566035
566034.5
566034
566036.5
566039
566041.5
566044
566052
566060
566054
566062
566066
566064
566068
566066
566070
566074
566084.5
566095
566099
566097
566101
566105
566117.5
566107
566105
566109
566121.5
566134
566123.5
566113
566111
566115
566127.5
566140
566141
566142
566144
566144
566145
566146
566148
566150
566153
566152
566155
566158
566161
566164
566165.5
566167
566169.5
566169
566171.5
566174
566176.5
566179
566184
566189
566191
566193
566196.5
566195
566198.5
566202
566205
566204
566207
566210
566212
566214
566222.5
566231
566224.5
566233
566226.5
566220
566220
566222
566230.5
566239
566232.5
566226
566234.5
566243
566236.5
566230
566230
566232
566240.5
566234
566234
566236
566244.5
566253
566246.5
566255
566248.5
566242
566242
566244
566252.5
566246
566246
566246
566248
566250
566250
566250
566249
566252
566254
566254
566256
566256
566255
566254
566252.5
566251
566251
566251
566253
566255
566255
566257
566260.5
566264
566267
566266
566264.5
566268
566266.5
566270
566273
566272
566275
566274
566277
566276
566279
566282
566281
566280
566278.5
566277
566277
566277
566274
566271
566270.5
566273
566272.5
566272
566274.5
566277
566282
566279
566278.5
566281
566286
566283
566282.5
566282
566281.5
566284
566286.5
566286
566288.5
566288
566290.5
566290
566292.5
566292
566291.5
566291
566293.5
566296
566295.5
566295
566297.5
566297
566299.5
566299
566299.5
566301
566301.5
566303
566303.5
566304
566303
566302
566305
566308
566307
566306
566309
566308
566307
566306
566306
566306
566307
566308
566309
566310
566299.5
566312
566313
566314
566303.5
566316
566305.5
566318
566307.5
566297
566309.5
566299
566297
566295
566286.5
566278
566276
566274
566278
566282
566280
566278
566282
566280
566274
566282
566286
566290
566300.5
566292
566302.5
566313
566304.5
566296
566294
566298
566308.5
566319
566310.5
566302
566312.5
566304
566314.5
566306
566304
566308
566306
566310
566308
566306
566310
566308
566312
566310
566314
566318
566328.5
566320
566318
566316
566310
566304
566312
566306
566305.5
566308
566316
566324
566328
566326
566330
566328
566322
566330
566334
566338
566336
566340
566350.5
566361
566352.5
566344
566354.5
566365
566369
566373
566371
566375
566387.5
566400
566389.5
566402
566391.5
566381
566393.5
566383
566381
566379
566370.5
566381
566385
566389
566401.5
566391
566403.5
566393
566405.5
566395
566407.5
566397
566395
566399
566397
566395
566386.5
566378
566376
566380
566378
566376
566380
566378
566372
566366
566374
566382
566376
566370
566369.5
566369
566368.5
566371
566370.5
566373
566375.5
566375
566377.5
566377
566379.5
566379
566378.5
566378
566380.5
566383
566382.5
566382
566384.5
566387
566389.5
566389
566391.5
566394
566393.5
566393
566395.5
566398
566406
566400
566399.5
566402
566401.5
566404
566412
566420
566424
566422
566416
566410
566418
566412
566411.5
566411
566413.5
566416
566424
566432
566426
566434
566438
566436
566440
566438
566442
566446
566456.5
566467
566471
566475
566473
566477
566475
566479
566491.5
566504
566505
566506
566508
566508
566510
566510
566511
566512
566501.5
566514
566503.5
566493
566505.5
566518
566519
566520
566522
566522
566523
566524
566513.5
566526
566515.5
566528
566529
566530
566519.5
566532
566533
566534
566523.5
566513
566511
566509
566500.5
566511
566515
566519
566517
566515
566506.5
566517
566521
566519
566523
566527
566539.5
566552
566541.5
566531
566529
566533
566545.5
566535
566547.5
566537
566549.5
566539
566537
566535
566539
566537
566528.5
566539
566543
566541
566545
566549
566547
566551
566563.5
566553
566551
566555
566553
566557
566555
566553
566557
566555
566559
566557
566548.5
566559
566563
566567
566565
566563
566554.5
566565
566556.5
566567
566558.5
566550
566548
566546
566550
566554
566552
566550
566544
566552
566556
566554
566548
566556
566560
566564
566574.5
566585
566589
566593
566591
566589
566593
566591
566582.5
566593
566584.5
566595
566599
566603
566615.5
566605
566603
566607
566605
566603
566607
566611
566623.5
566636
566637
566638
566627.5
566640
566629.5
566642
566643
566644
566645
566646
566648
566650
566650
566652
566652
566652
566653
566654
566656
566656
566658
566658
566659
566660
566662
566664
566667
566670
566673
566672
566675
566674
566677
566676
566679
566682
566681
566684
566683
566682
566681
566684
566687
566690
566691.5
566693
566693.5
566694
566695.5
566697
566699.5
566699
566701.5
566701
566703.5
566703
566705.5
566708
566710.5
566710
566712.5
566715
566714.5
566717
566722
566719
566718.5
566718
566720.5
566720
566722.5
566725
566730
566727
566732
566737
566739
566741
566744.5
566743
566743
566745
566745
566745
566742
566747
566749
566749
566751
566751
566748
566753
566750
566747
566746.5
566749
566748.5
566751
566756
566761
566763
566765
566768.5
566772
566775
566774
566772.5
566771
566771
566773
566773
566775
566778.5
566777
566780.5
566779
566779
566781
566784.5
566788
566786.5
566785
566785
566785
566787
566789
566789
566791
566794.5
566798
566796.5
566795
566798.5
566802
566805
566808
566810
566812
566812
566814
566822.5
566831
566824.5
566818
566818
566820
566828.5
566837
566846.5
566856
566848.5
566858
566865
566872
566876.5
566874
566869
566864
566856.5
566849
566858.5
566868
566875
566870
566877
566884
566888.5
566893
566890.5
566895
566892.5
566897
566899
566899
566901
566901
566898.5
566896
566891
566898
566893
566888
566880.5
566873
566882.5
566892
566899
566906
566901
566908
566903
566898
566890.5
566883
566892.5
566902
566909
566916
566920.5
566925
566927
566929
566929
566929
566926.5
566924
566919
566914
566906.5
566916
566908.5
566901
566894.5
566888
566888
566888
566887
566890
566889
566888
566891
566890
566888.5
566887
566890.5
566889
566889
566891
566894.5
566893
566896.5
566895
566895
566895
566897
566899
566899
566901
566901
566903
566903
566905
566908.5
566907
566907
566909
566912.5
566916
566914.5
566918
566916.5
566915
566915
566915
566912
566909
566914
566919
566921
566923
566926.5
566925
566925
566925
566927
566927
566924
566929
566931
566933
566933
566933
566930
566935
566932
566929
566928.5
566931
566930.5
566933
566932.5
566935
566934.5
566937
566942
566939
566938.5
566941
566946
566943
566942.5
566945
566950
566955
566957
566959
566959
566961
566961
566963
566963
566963
566965
566965
566967
566967
566969
566969
566971
566973
566976.5
566975
566978.5
566982
566985
566988
566987
566986
566984.5
566983
566983
566985
566985
566985
566987
566989
566992.5
566996
566999
566998
566996.5
566995
566998.5
567002
567005
567008
567010
567010
567009
567012
567014
567014
567013
567012
567010.5
567009
567009
567011
567014.5
567013
567013
567015
567018.5
567022
567025
567024
567027
567030
567032
567034
567034
567034
567033
567032
567035
567038
567040
567040
567042
567042
567041
567044
567046
567046
567045
567048
567047
567046
567044.5
567048
567051
567050
567048.5
567047
567047
567049
567052.5
567056
567054.5
567058
567056.5
567055
567055
567055
567057
567057
567054
567059
567061
567061
567063
567063
567065
567067
567067
567067
567069
567071
567071
567071
567073
567075
567075
567077
567080.5
567084
567082.5
567081
567084.5
567088
567091
567094
567093
567092
567090.5
567094
567097
567100
567102
567102
567104
567106
567106
567106
567108
567108
567110
567112
567120.5
567114
567122.5
567116
567116
567116
567115
567114
567112.5
567111
567111
567113
567116.5
567115
567118.5
567117
567117
567119
567122.5
567121
567121
567123
567126.5
567130
567128.5
567132
567135
567134
567137
567140
567142
567144
567144
567146
567146
567148
567156.5
567165
567174.5
567167
567160.5
567169
567162.5
567171
567180.5
567190
567182.5
567192
567184.5
567194
567201
567196
567203
567198
567205
567200
567192.5
567202
567209
567216
567220.5
567218
567222.5
567227
567224.5
567222
567217
567224
567228.5
567226
567221
567216
567208.5
567218
567225
567220
567227
567234
567238.5
567243
567245
567245
567247
567247
567249
567249
567251
567251
567248.5
567253
567250.5
567255
567252.5
567250
567245
567240
567232.5
567242
567234.5
567227
567236.5
567229
567238.5
567248
567240.5
567233
567226.5
567235
567228.5
567222
567222
567222
567221
567220
567218.5
567217
567217
567217
567214
567219
567216
567221
567218
567215
567214.5
567217
567222
567219
567224
567229
567231
567233
567233
567233
567235
567237
567240.5
567244
567247
567250
567249
567252
567254
567254
567256
567258
567258
567260
567260
567260
567259
567258
567261
567260
567263
567262
567260.5
567264
567267
567270
567272
567272
567274
567276
567276
567278
567286.5
567280
567288.5
567282
567290.5
567284
567284
567284
567286
567286
567288
567288
567290
567292
567300.5
567294
567294
567296
567296
567298
567306.5
567315
567308.5
567302
567310.5
567319
567312.5
567306
567314.5
567323
567316.5
567310
567310
567310
567309
567308
567306.5
567310
567308.5
567307
567310.5
567314
567317
567320
567322
567324
567332.5
567341
567334.5
567343
567336.5
567345
567338.5
567347
567356.5
567349
567358.5
567368
567375
567382
567377
567372
567379
567386
567381
567388
567383
567390
567385
567392
567396.5
567401
567398.5
567403
567405
567405
567407
567407
567404.5
567402
567406.5
567404
567399
567406
567410.5
567415
567417
567417
567414.5
567412
567407
567414
567418.5
567423
567425
567427
567427
567427
567424.5
567422
567426.5
567431
567428.5
567426
567430.5
567435
567432.5
567430
567425
567432
567427
567422
567414.5
567424
567416.5
567426
567433
567428
567420.5
567430
567422.5
567415
567424.5
567417
567426.5
567419
567412.5
567421
567414.5
567408
567408
567410
567410
567410
567412
567414
567422.5
567416
567424.5
567418
567426.5
567435
567444.5
567454
567446.5
567439
567448.5
567458
567465
567472
567467
567462
567454.5
567464
567471
567466
567458.5
567468
567460.5
567453
567462.5
567472
567464.5
567457
567466.5
567476
567468.5
567461
567454.5
567448
567456.5
567450
567450
567450
567449
567452
567451
567450
567448.5
567447
567447
567447
567444
567449
567451
567451
567453
567455
567458.5
567462
567460.5
567459
567459
567459
567456
567461
567458
567455
567454.5
567457
567462
567459
567464
567469
567471
567473
567473
567473
567470
567475
567472
567469
567468.5
567468
567470.5
567470
567472.5
567475
567480
567477
567476.5
567479
567478.5
567481
567480.5
567483
567488
567493
567490
567487
567486.5
567489
567494
567491
567496
567501
567503
567503
567505
567507
567507
567507
567509
567511
567514.5
567518
567516.5
567520
567518.5
567522
567525
567524
567527
567526
567529
567532
567534
567536
567536
567536
567535
567538
567540
567542
567550.5
567544
567552.5
567546
567554.5
567563
567572.5
567565
567574.5
567584
567591
567598
567602.5
567607
567604.5
567602
567606.5
567611
567608.5
567613
567610.5
567608
567603
567598
567590.5
567600
567607
567614
567609
567616
567611
567606
567613
567620
567615
567610
567617
567612
567619
567626
567630.5
567628
567623
567630
567625
567632
567627
567622
567629
567624
567616.5
567609
567602.5
567596
567604.5
567598
567606.5
567615
567624.5
567634
567626.5
567619
567612.5
567621
567630.5
567623
567632.5
567625
567634.5
567627
567636.5
567629
567638.5
567648
567640.5
567650
567657
567652
567644.5
567654
567646.5
567639
567648.5
567641
567650.5
567660
567652.5
567662
567654.5
567664
567656.5
567649
567642.5
567636
567636
567636
567635
567638
567640
567642
567650.5
567659
567652.5
567661
567654.5
567663
567656.5
567665
567674.5
567684
567691
567698
567693
567700
567695
567702
567706.5
567711
567708.5
567706
567701
567696
567703
567710
567705
567700
567692.5
567702
567709
567704
567696.5
567706
567698.5
567691
567684.5
567678
567678
567680
567688.5
567682
567682
567684
567684
567684
567683
567682
567680.5
567679
567679
567679
567676
567673
567672.5
567675
567680
567677
567676.5
567676
567675.5
567675
567675.5
567677
567677.5
567678
567679.5
567680
567681.5
567682
567681
567680
567683
567682
567681
567684
567687
567686
567689
567688
567691
567690
567689
567692
567695
567698
567697
567700
567701.5
567703
567703.5
567705
567705.5
567707
567707.5
567708
567709.5
567710
567709
567708
567711
567714
567715.5
567717
567719.5
567719
567721.5
567724
567723.5
567726
567725.5
567728
567730.5
567733
567738
567743
567740
567745
567742
567739
567738.5
567741
567740.5
567743
567748
567753
567750
567747
567752
567757
567759
567761
567761
567761
567763
567763
567765
567767
567767
567769
567772.5
567776
567779
567782
567784
567784
567783
567786
567788
567788
567787
567786
567784.5
567788
567786.5
567790
567793
567792
567790.5
567794
567792.5
567791
567794.5
567798
567801
567800
567798.5
567802
567805
567804
567807
567806
567804.5
567803
567806.5
567805
567805
567805
567807
567807
567804
567809
567811
567813
567813
567813
567810
567807
567806.5
567806
567805.5
567808
567810.5
567810
567812.5
567815
567814.5
567817
567822
567819
567818.5
567818
567817.5
567820
567822.5
567825
567824.5
567827
567832
567837
567834
567831
567830.5
567830
567832.5
567835
567834.5
567834
567836.5
567836
567838.5
567841
567846
567851
567848
567845
567844.5
567847
567852
567849
567848.5
567851
567856
567853
567858
567855
567854.5
567854
567853.5
567856
567858.5
567858
567857.5
567860
567862.5
567862
567861.5
567864
567863.5
567863
567865.5
567868
567870.5
567870
567869.5
567869
567871.5
567871
567871.5
567872
567873.5
567874
567875.5
567876
567877.5
567878
567877
567880
567879
567878
567881
567880
567879
567882
567881
567884
567887
567886
567889
567888
567891
567890
567893
567896
567895
567894
567897
567900
567899
567898
567897
567900
567903
567902
567901
567900
567900
567902
567905
567904
567907
567910
567913
567912
567911
567910
567910
567910
567911
567912
567913
567914
567903.5
567893
567891
567889
567880.5
567891
567895
567899
567897
567901
567899
567903
567915.5
567905
567903
567901
567892.5
567903
567894.5
567905
567896.5
567907
567898.5
567890
567900.5
567892
567890
567888
567882
567876
567875.5
567878
567886
567880
567879.5
567882
567890
567898
567902
567906
567916.5
567927
567931
567935
567933
567931
567935
567933
567937
567941
567953.5
567966
567967
567968
567957.5
567947
567945
567943
567934.5
567926
567936.5
567947
567951
567949
567953
567957
567955
567953
567957
567961
567973.5
567963
567961
567965
567977.5
567990
567991
567992
567993
567994
567995
567996
567997
567998
567999
568000
568002
568004
568004
568004
568005
568006
567995.5
568008
567997.5
568010
568011
568012
568014
568016
568016
568016
568017
568018
568019
568020
568021
568022
568024
568024
568025
568026
568015.5
568028
568017.5
568007
568005
568009
568007
568011
568023.5
568036
568037
568038
568039
568040
568042
568042
568043
568044
568046
568048
568048
568050
568050
568050
568052
568054
568054
568054
568056
568056
568058
568060
568063
568066
568069
568072
568071
568070
568069
568068
568071
568070
568070
568072
568075
568078
568077
568080
568079
568078
568078
568078
568080
568082
568082
568084
568087
568086
568086
568086
568088
568090
568093
568096
568099
568102
568103.5
568105
568107.5
568110
568109.5
568112
568111.5
568114
568113.5
568113
568113.5
568114
568115.5
568117
568119.5
568122
568124.5
568124
568123.5
568123
568125.5
568128
568127.5
568127
568129.5
568129
568129.5
568131
568131.5
568133
568135.5
568138
568140.5
568143
568142.5
568145
568150
568147
568146.5
568146
568148.5
568148
568147.5
568150
568149.5
568149
568149.5
568150
568151.5
568153
568155.5
568158
568160.5
568160
568162.5
568165
568164.5
568167
568172
568169
568174
568179
568176
568181
568183
568183
568180
568177
568176.5
568179
568184
568181
568180.5
568180
568182.5
568185
568184.5
568184
568183.5
568183
568185.5
568185
568187.5
568187
568187.5
568189
568191.5
568194
568196.5
568199
568204
568201
568206
568211
568208
568205
568204.5
568207
568212
568209
568208.5
568211
568216
568221
568218
568223
568220
568225
568222
568227
568224
568221
568220.5
568220
568219.5
568222
568224.5
568227
568226.5
568229
568234
568231
568230.5
568230
568229.5
568232
568234.5
568234
568233.5
568236
568235.5
568238
568237.5
568237
568237.5
568238
568237
568240
568239
568238
568241
568244
568243
568242
568245
568244
568243
568246
568249
568252
568251
568254
568255.5
568256
568255
568258
568259.5
568261
568261.5
568262
568261
568260
568259
568262
568261
568264
568267
568266
568265
568264
568264
568264
568266
568268
568268
568270
568270
568270
568272
568272
568274
568276
568276
568276
568277
568278
568280
568282
568285
568284
568284
568284
568286
568286
568287
568288
568289
568290
568292
568292
568294
568296
568299
568302
568301
568300
568300
568300
568301
568302
568304
568306
568309
568312
568315
568314
568313
568312
568315
568318
568317
568316
568316
568316
568317
568318
568307.5
568320
568309.5
568322
568323
568324
568325
568326
568315.5
568305
568317.5
568330
568331
568332
568333
568334
568335
568336
568337
568338
568340
568342
568345
568344
568344
568344
568345
568346
568347
568348
568349
568350
568351
568352
568341.5
568331
568343.5
568333
568345.5
568358
568347.5
568360
568349.5
568339
568351.5
568364
568353.5
568366
568355.5
568368
568357.5
568370
568371
568372
568373
568374
568375
568376
568378
568380
568383
568386
568389
568392
568393.5
568394
568393
568392
568395
568398
568399.5
568400
568401.5
568402
568401
568400
568403
568406
568407.5
568409
568409.5
568410
568411.5
568413
568413.5
568414
568415.5
568417
568417.5
568419
568419.5
568420
568419
568422
568423.5
568425
568427.5
568427
568429.5
568429
568431.5
568431
568433.5
568436
568438.5
568441
568446
568451
568453
568453
568455
568455
568452
568457
568459
568459
568456
568453
568458
568463
568460
568465
568462
568459
568458.5
568461
568466
568471
568473
568475
568475
568477
568477
568477
568474
568471
568470.5
568473
568472.5
568475
568474.5
568474
568476.5
568476
568475.5
568475
568477.5
568477
568477.5
568479
568479.5
568480
568481.5
568483
568485.5
568488
568490.5
568493
568498
568495
568500
568505
568502
568499
568498.5
568498
568500.5
568503
568508
568513
568515
568515
568517
568517
568519
568521
568524.5
568528
568531
568530
568528.5
568527
568530.5
568534
568537
568536
568539
568538
568541
568544
568546
568546
568548
568548
568547
568550
568552
568554
568554
568554
568553
568552
568555
568554
568552.5
568556
568559
568562
568561
568564
568566
568566
568565
568564
568567
568566
568569
568568
568571
568570
568573
568576
568578
568580
568588.5
568597
568590.5
568599
568592.5
568601
568594.5
568603
568596.5
568590
568590
568592
568592
568592
568591
568590
568588.5
568592
568590.5
568589
568589
568591
568591
568593
568596.5
568600
568598.5
568597
568600.5
568599
568599
568599
568601
568601
568603
568603
568600
568605
568607
568609
568612.5
568611
568614.5
568613
568616.5
568615
568615
568615
568617
568617
568619
568619
568616
568613
568618
568623
568625
568625
568627
568627
568624
568629
568626
568631
568628
568625
568630
568627
568626.5
568629
568634
568639
568641
568643
568643
568645
568645
568647
568647
568647
568644
568641
568640.5
568640
568639.5
568639
568641.5
568644
568643.5
568643
568643.5
568645
568647.5
568647
568647.5
568648
568649.5
568650
568649
568652
568651
568654
568655.5
568656
568657.5
568659
568659.5
568661
568661.5
568662
568663.5
568664
568663
568662
568661
568664
568663
568666
568665
568664
568664
568666
568669
568672
568671
568670
568673
568672
568675
568678
568681
568680
568679
568678
568678
568680
568683
568682
568685
568688
568687
568686
568686
568688
568688
568688
568690
568692
568692
568692
568693
568694
568695
568696
568685.5
568675
568687.5
568677
568689.5
568702
568691.5
568681
568693.5
568683
568695.5
568685
568683
568687
568685
568689
568687
568691
568689
568687
568678.5
568689
568680.5
568672
568670
568674
568684.5
568695
568699
568697
568701
568699
568703
568707
568719.5
568732
568721.5
568711
568723.5
568713
568725.5
568715
568727.5
568717
568715
568719
568717
568721
568733.5
568723
568721
568725
568723
568721
568725
568723
568714.5
568725
568729
568733
568745.5
568735
568747.5
568760
568761
568762
568764
568766
568769
568772
568775
568774
568777
568776
568775
568778
568781
568784
568785.5
568787
568787.5
568788
568787
568786
568785
568788
568791
568794
568793
568796
568797.5
568798
568799.5
568801
568803.5
568806
568805.5
568808
568807.5
568810
568812.5
568812
568814.5
568814
568813.5
568813
568815.5
568815
568817.5
568817
568817.5
568819
568819.5
568820
568821.5
568823
568825.5
568828
568830.5
568833
568838
568835
568840
568845
568842
568847
568849
568851
568854.5
568858
568861
568860
568858.5
568862
568865
568864
568862.5
568866
568869
568872
568874
568874
568876
568876
568875
568874
568877
568880
568882
568884
568884
568886
568894.5
568903
568912.5
568922
568914.5
568907
568916.5
568926
568918.5
568928
568935
568930
568922.5
568915
568908.5
568902
568902
568904
568912.5
568921
568914.5
568908
568908
568908
568907
568910
568912
568912
568914
568916
568924.5
568933
568926.5
568920
568920
568922
568930.5
568939
568932.5
568926
568926
568926
568925
568924
568922.5
568921
568921
568921
568918
568923
568920
568917
568916.5
568919
568918.5
568921
568920.5
568923
568922.5
568922
568921.5
568921
568921.5
568922
568923.5
568925
568927.5
568930
568932.5
568935
568934.5
568934
568936.5
568939
568944
568941
568946
568943
568948
568953
568950
568947
568946.5
568949
568954
568959
568956
568961
568963
568965
568968.5
568972
568975
568974
568977
568980
568982
568982
568981
568984
568983
568982
568985
568984
568987
568986
568989
568992
568991
568990
568988.5
568987
568990.5
568994
568997
569000
568999
569002
569001
569000
568998.5
568997
569000.5
569004
569007
569010
569012
569014
569022.5
569031
569040.5
569033
569042.5
569052
569059
569054
569046.5
569039
569032.5
569041
569034.5
569028
569036.5
569030
569030
569030
569032
569034
569034
569036
569036
569038
569046.5
569055
569048.5
569042
569042
569042
569044
569044
569046
569046
569048
569048
569047
569050
569049
569052
569051
569054
569056
569058
569058
569060
569060
569060
569062
569064
569072.5
569081
569090.5
569083
569092.5
569085
569094.5
569087
569080.5
569089
569098.5
569091
569100.5
569093
569102.5
569112
569104.5
569114
569106.5
569116
569123
569130
569125
569132
569127
569134
569138.5
569143
569140.5
569138
569133
569128
569135
569130
569137
569144
569148.5
569146
569150.5
569155
569152.5
569150
569145
569152
569156.5
569154
569158.5
569163
569160.5
569158
569153
569160
569164.5
569162
569166.5
569164
569159
569154
569146.5
569156
569163
569158
569150.5
569160
569152.5
569162
569169
569164
569156.5
569166
569158.5
569151
569160.5
569153
569146.5
569140
569140
569140
569139
569138
569141
569144
569143
569142
569140.5
569139
569142.5
569146
569149
569148
569146.5
569150
569153
569156
569158
569158
569160
569160
569162
569162
569164
569166
569174.5
569168
569176.5
569170
569170
569170
569172
569174
569182.5
569191
569184.5
569193
569202.5
569195
569204.5
569197
569206.5
569216
569223
569218
569225
569232
569236.5
569241
569243
569245
569245
569245
569247
569249
569253.5
569258
569255.5
569260
569263
569266
569277.5
569268
569279.5
569291
569293
569293
569295
569297
569305
569299
569307
569301
569309
569303
569311
569319
569321.5
569321
569323.5
569326
569325.5
569328
569327.5
569327
569329.5
569332
569335
569338
569346
569340
569348
569356
569350
569358
569370.5
569383
569385
569387
569387
569387
569389
569389
569378.5
569368
569362
569356
569364
569358
569366
569360
569368
569362
569361
569364
569372
569380
569374
569368
569367
569366
569365.5
569365
569367.5
569367
569361
569369
569363
569357
569357
569357
569347.5
569359
569361
569361
569363
569363
569353.5
569365
569367
569369
569369
569369
569371
569371
569361.5
569352
569351
569350
569353
569352
569355
569358
569369.5
569360
569371.5
569383
569373.5
569364
569375.5
569366
569377.5
569368
569367
569370
569369
569372
569371
569370
569373
569376
569387.5
569399
569401
569403
569403
569403
569405
569407
569415
569409
569417
569425
569419
569427
569429.5
569429
569431.5
569431
569433.5
569433
569427
569421
569421
569421
569411.5
569402
569401
569400
569397.5
569395
569399.5
569404
569401.5
569399
569403.5
569401
569401
569401
569403
569403
569400.5
569405
569402.5
569400
569404.5
569402
569397
569392
569399
569406
569410.5
569408
569412.5
569417
569414.5
569419
569416.5
569421
569418.5
569416
569420.5
569425
569427
569429
569429
569429
569426.5
569424
569428.5
569433
569435
569435
569432.5
569430
569425
569432
569427
569434
569429
569424
569416.5
569426
569433
569440
569435
569442
569446.5
569444
569448.5
569453
569455
569457
569457
569457
569459
569459
569456.5
569461
569463
569463
569460.5
569458
569462.5
569460
569464.5
569462
569457
569452
569444.5
569454
569446.5
569439
569448.5
569458
569465
569460
569467
569474
569478.5
569483
569480.5
569478
569482.5
569487
569489
569489
569486.5
569484
569479
569474
569466.5
569476
569483
569478
569485
569492
569496.5
569501
569498.5
569503
569505
569507
569507
569509
569509
569509
569506.5
569504
569499
569506
569510.5
569508
569503
569510
569514.5
569519
569516.5
569521
569523
569523
569520.5
569525
569522.5
569527
569524.5
569529
569526.5
569531
569533
569535
569539.5
569537
569541.5
569539
569539
569539
569541
569543
569547.5
569552
569549.5
569554
569551.5
569549
569553.5
569551
569555.5
569553
569557.5
569555
569559.5
569557
569561.5
569566
569563.5
569568
569565.5
569570
569573
569576
569587.5
569578
569577
569576
569573.5
569578
569575.5
569580
569577.5
569582
569579.5
569577
569581.5
569586
569589
569588
569591
569590
569593
569596
569595
569598
569609.5
569621
569623
569625
569625
569627
569627
569627
569629
569629
569619.5
569610
569621.5
569612
569611
569610
569607.5
569605
569605
569607
569607
569607
569604.5
569602
569606.5
569611
569613
569613
569610.5
569608
569612.5
569610
569605
569612
569616.5
569621
569623
569625
569629.5
569634
569637
569636
569639
569642
569653.5
569665
569667
569669
569677
569685
569679
569673
569681
569675
569675
569675
569677
569677
569667.5
569658
569669.5
569681
569683
569685
569693
569687
569687
569689
569697
569705
569699
569693
569693
569693
569695
569695
569685.5
569697
569687.5
569699
569689.5
569680
569691.5
569682
569681
569684
569695.5
569707
569709
569709
569699.5
569690
569701.5
569713
569703.5
569694
569693
569696
569695
569694
569697
569700
569699
569698
569701
569700
569697.5
569695
569699.5
569697
569697
569697
569699
569699
569701
569701
569703
569705
569705
569707
569711.5
569716
569719
569718
569721
569720
569717.5
569722
569719.5
569717
569717
569717
569714.5
569712
569716.5
569721
569718.5
569723
569725
569727
569727
569727
569724.5
569722
569726.5
569724
569728.5
569733
569735
569737
569737
569739
569739
569739
569741
569741
569743
569743
569740.5
569738
569733
569728
569720.5
569730
569737
569732
569739
569746
569741
569736
569728.5
569721
569714.5
569723
569732.5
569742
569749
569756
569751
569746
569753
569760
569755
569750
569757
569764
569759
569754
569746.5
569739
569732.5
569741
569750.5
569760
569752.5
569745
569754.5
569747
569756.5
569766
569773
569768
569775
569782
569777
569772
569764.5
569757
569766.5
569759
569752.5
569761
569770.5
569763
569772.5
569765
569774.5
569784
569776.5
569786
569778.5
569788
569795
569790
569782.5
569792
569784.5
569777
569770.5
569764
569772.5
569766
569774.5
569768
569768
569770
569778.5
569772
569772
569772
569774
569774
569773
569772
569775
569778
569780
569782
569782
569782
569784
569786
569794.5
569788
569788
569790
569798.5
569792
569800.5
569809
569802.5
569811
569804.5
569813
569822.5
569832
569839
569846
569841
569848
569852.5
569857
569854.5
569859
569856.5
569861
569858.5
569863
569860.5
569865
569867
569867
569864.5
569862
569857
569864
569859
569854
569861
569868
569863
569870
569865
569860
569867
569862
569869
569864
569856.5
569866
569873
569868
569860.5
569853
569862.5
569872
569864.5
569857
569850.5
569859
569868.5
569861
569870.5
569863
569872.5
569882
569874.5
569867
569876.5
569886
569878.5
569888
569880.5
569873
569866.5
569860
569860
569860
569862
569864
569872.5
569881
569874.5
569883
569892.5
569885
569878.5
569887
569896.5
569906
569913
569908
569900.5
569893
569886.5
569880
569888.5
569897
569890.5
569884
569884
569884
569886
569886
569888
569888
569890
569890
569892
569894
569894
569896
569904.5
569913
569906.5
569900
569900
569902
569910.5
569904
569904
569906
569914.5
569908
569916.5
569910
569918.5
569927
569936.5
569946
569953
569948
569940.5
569950
569942.5
569952
569944.5
569954
569946.5
569956
569963
569958
569965
569960
569952.5
569945
569954.5
569964
569971
569978
569973
569968
569975
569982
569977
569972
569964.5
569957
569950.5
569944
569952.5
569961
569970.5
569963
569956.5
569965
569958.5
569967
569976.5
569986
569993
569988
569995
569990
569997
569992
569999
570006
570001
569996
569988.5
569998
569990.5
569983
569976.5
569970
569978.5
569987
569980.5
569989
569998.5
569991
569984.5
569978
569986.5
569980
569980
569982
569982
569982
569984
569986
569986
569986
569988
569990
569990
569990
569989
569992
569991
569994
569996
569996
569998
570000
570008.5
570017
570010.5
570004
570004
570004
570006
570008
570008
570008
570010
570012
570020.5
570029
570022.5
570031
570024.5
570033
570042.5
570052
570044.5
570037
570030.5
570024
570024
570024
570026
570026
570028
570028
570027
570026
570024.5
570028
570026.5
570025
570025
570027
570027
570029
570032.5
570036
570034.5
570033
570033
570033
570030
570035
570032
570029
570028.5
570028
570027.5
570030
570032.5
570032
570031.5
570034
570036.5
570036
570035.5
570035
570035.5
570036
570037.5
570039
570039.5
570041
570041.5
570043
570045.5
570048
570050.5
570050
570049.5
570049
570049.5
570051
570051.5
570052
570053.5
570055
570057.5
570060
570062.5
570065
570064.5
570067
570066.5
570069
570074
570071
570070.5
570070
570072.5
570072
570074.5
570074
570076.5
570076
570078.5
570081
570086
570091
570088
570085
570090
570087
570086.5
570086
570088.5
570091
570090.5
570090
570092.5
570095
570094.5
570097
570102
570099
570104
570109
570106
570103
570108
570113
570115
570117
570117
570117
570114
570111
570116
570113
570112.5
570115
570114.5
570117
570122
570127
570124
570121
570120.5
570123
570128
570125
570130
570135
570137
570139
570142.5
570141
570141
570143
570146.5
570145
570145
570147
570150.5
570154
570157
570160
570162
570164
570164
570166
570174.5
570183
570192.5
570185
570194.5
570204
570196.5
570206
570198.5
570191
570184.5
570178
570178
570178
570177
570180
570182
570182
570184
570184
570186
570186
570188
570190
570198.5
570192
570200.5
570209
570202.5
570211
570204.5
570198
570206.5
570215
570224.5
570217
570210.5
570219
570228.5
570221
570230.5
570223
570216.5
570210
570218.5
570227
570236.5
570229
570222.5
570231
570240.5
570233
570226.5
570220
570228.5
570222
570230.5
570224
570224
570224
570226
570228
570236.5
570230
570238.5
570247
570256.5
570249
570258.5
570268
570275
570282
570277
570272
570264.5
570274
570266.5
570276
570268.5
570278
570270.5
570280
570272.5
570282
570274.5
570267
570260.5
570254
570254
570256
570256
570258
570258
570258
570257
570260
570259
570258
570256.5
570255
570255
570257
570257
570259
570259
570259
570256
570261
570263
570263
570260
570265
570267
570267
570269
570269
570266
570271
570268
570265
570270
570267
570272
570269
570268.5
570271
570276
570281
570278
570275
570274.5
570274
570273.5
570276
570275.5
570275
570277.5
570280
570279.5
570279
570279.5
570280
570281.5
570282
570281
570284
570285.5
570287
570287.5
570289
570291.5
570291
570293.5
570293
570293.5
570295
570295.5
570297
570297.5
570299
570301.5
570304
570303.5
570303
570305.5
570308
570310.5
570313
570318
570315
570314.5
570317
570322
570327
570324
570321
570326
570323
570328
570333
570330
570327
570326.5
570326
570328.5
570331
570336
570341
570338
570335
570334.5
570337
570336.5
570339
570344
570341
570340.5
570340
570339.5
570339
570339.5
570341
570341.5
570343
570343.5
570345
570345.5
570346
570347.5
570348
570347
570350
570349
570352
570353.5
570354
570353
570352
570351
570350
570353
570352
570355
570358
570357
570356
570359
570358
570358
570360
570363
570362
570362
570362
570363
570364
570366
570366
570368
570368
570370
570372
570372
570372
570373
570374
570363.5
570353
570365.5
570355
570367.5
570380
570381
570382
570383
570384
570385
570386
570387
570388
570377.5
570390
570391
570392
570393
570394
570395
570396
570385.5
570375
570387.5
570400
570401
570402
570391.5
570404
570405
570406
570407
570408
570397.5
570410
570411
570412
570413
570414
570403.5
570416
570417
570418
570407.5
570420
570409.5
570399
570397
570395
570386.5
570397
570388.5
570399
570390.5
570382
570380
570378
570382
570380
570375
570382
570386
570384
570388
570386
570390
570388
570392
570390
570385
570392
570387
570394
570389
570384
570384
570384
570386
570388
570388
570388
570390
570390
570392
570392
570394
570396
570403
570398
570405
570400
570400
570402
570409
570404
570404
570406
570413
570420
570415
570410
570410
570412
570412
570414
570421
570428
570432
570430
570434
570432
570427
570434
570438
570442
570440
570444
570454.5
570446
570456.5
570448
570446
570450
570460.5
570471
570462.5
570454
570464.5
570475
570479
570483
570481
570479
570483
570487
570499.5
570512
570513
570514
570516
570516
570518
570518
570519
570520
570522
570524
570527
570526
570526
570528
570531
570530
570533
570532
570532
570532
570533
570534
570523.5
570513
570525.5
570538
570539
570540
570529.5
570519
570517
570521
570519
570517
570508.5
570519
570523
570521
570512.5
570523
570514.5
570525
570529
570533
570531
570529
570520.5
570531
570522.5
570533
570537
570535
570539
570543
570555.5
570568
570569
570570
570559.5
570572
570561.5
570551
570549
570547
570551
570549
570553
570557
570569.5
570582
570583
570584
570585
570586
570588
570590
570590
570592
570592
570594
570597
570600
570599
570598
570601
570600
570603
570602
570605
570604
570604
570606
570606
570608
570611
570610
570613
570616
570615
570614
570617
570616
570619
570622
570621
570624
570623
570622
570625
570624
570624
570626
570626
570628
570628
570628
570630
570632
570632
570634
570637
570640
570639
570638
570641
570644
570647
570646
570649
570648
570647
570650
570653
570652
570655
570654
570653
570656
570655
570654
570654
570656
570659
570658
570661
570660
570663
570666
570669
570668
570671
570670
570673
570676
570677.5
570678
570677
570676
570675
570678
570677
570676
570676
570676
570678
570678
570679
570680
570669.5
570659
570657
570661
570673.5
570663
570675.5
570665
570677.5
570667
570679.5
570692
570693
570694
570695
570696
570685.5
570698
570687.5
570700
570701
570702
570703
570704
570705
570706
570707
570708
570709
570710
570712
570712
570713
570714
570715
570716
570717
570718
570719
570720
570721
570722
570723
570724
570713.5
570726
570715.5
570728
570729
570730
570731
570732
570721.5
570711
570709
570713
570725.5
570715
570713
570717
570729.5
570742
570731.5
570721
570719
570723
570735.5
570725
570723
570721
570725
570729
570741.5
570754
570755
570756
570757
570758
570759
570760
570762
570764
570767
570770
570769
570768
570771
570770
570770
570770
570772
570774
570777
570780
570783
570782
570785
570784
570787
570790
570789
570792
570793.5
570795
570797.5
570797
570799.5
570799
570801.5
570804
570803.5
570803
570803.5
570804
570803
570806
570805
570804
570803
570806
570805
570808
570807
570806
570806
570808
570808
570810
570813
570816
570819
570822
570823.5
570824
570825.5
570827
570827.5
570828
570829.5
570831
570833.5
570836
570835.5
570838
570837.5
570837
570837.5
570839
570839.5
570841
570843.5
570843
570845.5
570845
570847.5
570850
570849.5
570852
570851.5
570854
570853.5
570853
570853.5
570854
570853
570852
570855
570854
570857
570856
570855
570854
570854
570854
570855
570856
570857
570858
570859
570860
570862
570864
570864
570866
570869
570868
570871
570870
570873
570872
570872
570874
570874
570874
570875
570876
570878
570880
570880
570880
570881
570882
570883
570884
570886
570886
570888
570890
570890
570892
570892
570894
570894
570894
570895
570896
570897
570898
570899
570900
570901
570902
570904
570904
570906
570906
570908
570910
570910
570910
570911
570912
570914
570916
570916
570916
570918
570918
570920
570920
570921
570922
570911.5
570924
570913.5
570903
570915.5
570905
570917.5
570930
570931
570932
570934
570936
570936
570936
570937
570938
570939
570940
570929.5
570942
570943
570944
570945
570946
570948
570948
570950
570950
570952
570954
570954
570954
570956
570958
570961
570964
570963
570966
570965
570964
570967
570970
570969
570972
570971
570974
570977
570980
570979
570982
570981
570984
570985.5
570986
570985
570988
570989.5
570991
570991.5
570992
570993.5
570995
570997.5
571000
570999.5
570999
570999.5
571000
571001.5
571003
571005.5
571008
571010.5
571013
571012.5
571012
571014.5
571014
571013.5
571016
571018.5
571018
571020.5
571020
571022.5
571022
571024.5
571024
571023.5
571023
571025.5
571028
571027.5
571030
571029.5
571029
571029.5
571030
571029
571028
571031
571030
571033
571036
571035
571034
571037
571036
571035
571038
571041
571044
571043
571042
571041
571040
571040
571042
571042
571044
571047
571050
571049
571048
571048
571050
571053
571056
571059
571058
571057
571056
571059
571062
571061
571060
571060
571062
571062
571062
571064
571064
571066
571068
571071
571074
571077
571076
571075
571074
571077
571080
571079
571082
571081
571084
571087
571090
571091.5
571093
571093.5
571094
571093
571096
571097.5
571099
571101.5
571104
571106.5
571109
571114
571119
571116
571113
571118
571115
571114.5
571114
571113.5
571113
571113.5
571115
571117.5
571117
571119.5
571122
571121.5
571124
571123.5
571126
571128.5
571131
571130.5
571133
571138
571143
571145
571147
571147
571149
571152.5
571151
571151
571153
571153
571153
571155
571157
571157
571157
571159
571159
571161
571163
571166.5
571170
571173
571172
571170.5
571169
571169
571171
571171
571173
571173
571175
571178.5
571177
571177
571179
571179
571179
571181
571183
571186.5
571185
571188.5
571192
571195
571194
571192.5
571196
571199
571202
571201
571200
571198.5
571202
571205
571204
571202.5
571206
571209
571212
571214
571216
571224.5
571218
571218
571220
571228.5
571222
571230.5
571239
571232.5
571226
571234.5
571228
571228
571230
571230
571232
571232
571232
571231
571230
571233
571236
571235
571234
571237
571236
571239
571242
571244
571244
571243
571242
571240.5
571239
571239
571241
571244.5
571248
571246.5
571250
571248.5
571247
571247
571247
571244
571249
571246
571243
571248
571245
571244.5
571247
571252
571249
571254
571251
571256
571253
571258
571263
571260
571265
571267
571267
571264
571269
571271
571273
571273
571275
571278.5
571277
571277
571279
571279
571279
571281
571281
571278
571283
571285
571287
571287
571289
571292.5
571291
571291
571293
571296.5
571300
571303
571302
571305
571308
571310
571310
571312
571312
571311
571310
571313
571312
571310.5
571309
571312.5
571316
571314.5
571313
571316.5
571320
571323
571326
571328
571330
571330
571332
571340.5
571334
571342.5
571351
571360.5
571353
571362.5
571372
571379
571374
571381
571376
571383
571378
571385
571392
571387
571394
571398.5
571403
571400.5
571398
571393
571388
571380.5
571390
571397
571392
571384.5
571394
571401
571396
571388.5
571381
571374.5
571368
571368
571370
571370
571372
571372
571372
571374
571376
571376
571376
571375
571378
571380
571380
571382
571382
571384
571384
571386
571386
571385
571384
571382.5
571386
571384.5
571388
571386.5
571385
571385
571387
571390.5
571394
571392.5
571391
571391
571393
571393
571393
571390
571395
571392
571389
571394
571391
571396
571401
571398
571395
571400
571397
571402
571399
571404
571401
571406
571411
571408
571413
571410
571407
571406.5
571406
571405.5
571408
571410.5
571413
571412.5
571415
571414.5
571414
571416.5
571416
571415.5
571415
571417.5
571417
571419.5
571422
571424.5
571424
571426.5
571426
571428.5
571428
571427.5
571430
571429.5
571429
571429.5
571431
571433.5
571433
571433.5
571435
571437.5
571440
571442.5
571442
571444.5
571444
571443.5
571446
571448.5
571451
571450.5
571450
571452.5
571452
571454.5
571454
571456.5
571456
571458.5
571458
571460.5
571460
571459.5
571459
571461.5
571461
571461.5
571463
571465.5
571468
571467.5
571467
571469.5
571469
571471.5
571474
571473.5
571473
571473.5
571475
571475.5
571476
571475
571474
571473
571476
571475
571478
571477
571480
571479
571482
571485
571484
571483
571486
571485
571488
571491
571494
571495.5
571496
571495
571498
571499.5
571501
571501.5
571503
571503.5
571505
571507.5
571507
571509.5
571509
571511.5
571511
571513.5
571513
571515.5
571515
571517.5
571520
571522.5
571525
571524.5
571527
571532
571537
571534
571539
571536
571533
571538
571543
571540
571545
571542
571547
571549
571549
571551
571553
571553
571555
571555
571557
571557
571557
571559
571561
571561
571561
571563
571563
571565
571565
571562
571559
571558.5
571558
571557.5
571560
571562.5
571562
571564.5
571567
571572
571577
571579
571581
571581
571583
571583
571585
571585
571587
571587
571587
571584
571589
571586
571591
571588
571585
571584.5
571587
571586.5
571589
571588.5
571591
571590.5
571593
571592.5
571592
571591.5
571594
571596.5
571596
571595.5
571595
571595.5
571596
571595
571598
571599.5
571601
571603.5
571603
571603.5
571605
571607.5
571607
571607.5
571608
571609.5
571610
571611.5
571613
571613.5
571614
571615.5
571617
571619.5
571619
571619.5
571620
571621.5
571622
571621
571624
571623
571626
571627.5
571628
571629.5
571630
571629
571632
571633.5
571634
571635.5
571636
571635
571634
571633
571632
571635
571638
571637
571640
571639
571638
571641
571640
571640
571640
571642
571642
571643
571644
571633.5
571646
571635.5
571625
571623
571621
571612.5
571623
571614.5
571606
571604
571608
571618.5
571629
571633
571637
571635
571639
571637
571635
571626.5
571618
571616
571614
571609
571616
571611
571618
571622
571620
571624
571628
571626
571630
571628
571632
571642.5
571653
571644.5
571636
571634
571632
571627
571622
571629
571624
571624
571624
571626
571626
571625.5
571628
571627.5
571630
571629.5
571629
571631.5
571631
571633.5
571633
571632.5
571635
571634.5
571634
571636.5
571636
571638.5
571638
571640.5
571640
571628
571642
571630
571618
571632
571646
571648.5
571648
571650.5
571653
571655.5
571655
571657.5
571660
571659.5
571662
571661.5
571664
571663.5
571663
571665.5
571668
571670
571670
571669.5
571669
571671.5
571671
571670.5
571670
571672.5
571675
571677.5
571680
571679.5
571679
571678.5
571678
571680.5
571683
571685.5
571688
571687.5
571687
571686.5
571686
571688.5
571691
571693.5
571693
571692.5
571692
571680
571694
571696.5
571696
571684
571672
571686
571700
571702.5
571705
571707.5
571707
571706.5
571709
571708.5
571711
571713.5
571713
571712.5
571715
571714.5
571714
571716.5
571719
571718.5
571721
571723.5
571723
571725.5
571725
571727.5
571730
571732
571732
571734
571734
571736
571738
571738
571740
571740
571742
571742
571742
571741.5
571741
571740.5
571743
571745.5
571748
571750
571750
571749.5
571749
571748.5
571748
571750.5
571750
571738
571752
571740
571728
571742
571730
571730
571732
571732
571734
571734
571736
571750
571738
571752
571740
571740
571740
571739
571738
571741
571744
571743
571746
571745
571744
571734
571746
571749
571748
571738
571750
571753
571756
571758
571760
571758
571762
571760
571764
571778
571792
571794.5
571794
571782
571796
571798.5
571801
571803.5
571806
571808
571808
571810
571812
571812
571814
571821
571828
571832
571830
571825
571832
571836
571834
571829
571836
571831
571838
571833
571828
571835
571830
571837
571844
571848
571846
571841
571848
571852
571856
571866.5
571877
571868.5
571860
571858
571862
571860
571858
571862
571866
571876.5
571887
571891
571895
571907.5
571920
571909.5
571922
571911.5
571901
571913.5
571926
571927
571928
571929
571930
571931
571932
571933
571934
571923.5
571913
571925.5
571915
571913
571911
571915
571913
571917
571921
571919
571923
571921
571925
571937.5
571927
571939.5
571952
571953
571954
571955
571956
571957
571958
571960
571962
571965
571964
571967
571970
571969
571968
571971
571974
571973
571976
571979
571982
571981
571984
571983
571982
571981
571980
571980
571982
571985
571984
571984
571986
571989
571988
571988
571990
571993
571996
571999
572002
572003.5
572005
572007.5
572010
572012.5
572015
572014.5
572017
572022
572027
572029
572031
572034.5
572033
572036.5
572035
572035
572035
572032
572029
572034
572039
572036
572041
572038
572035
572040
572037
572036.5
572039
572038.5
572038
572040.5
572040
572039.5
572042
572041.5
572041
572041.5
572043
572045.5
572045
572047.5
572050
572049.5
572052
572054.5
572057
572056.5
572056
572058.5
572061
572066
572071
572073
572073
572070
572075
572077
572079
572079
572079
572081
572083
572086.5
572085
572085
572085
572087
572089
572092.5
572096
572094.5
572093
572093
572093
572090
572087
572086.5
572089
572094
572091
572090.5
572090
572092.5
572095
572100
572097
572102
572107
572104
572109
572106
572103
572108
572105
572104.5
572107
572112
572109
572114
572111
572116
572113
572118
572123
572125
572127
572130.5
572129
572132.5
572131
572134.5
572138
572141
572140
572138.5
572137
572140.5
572144
572147
572146
572149
572152
572151
572150
572153
572152
572155
572154
572157
572156
572154.5
572153
572153
572153
572150
572147
572152
572149
572154
572151
572150.5
572153
572158
572163
572160
572157
572156.5
572156
572158.5
572161
572166
572163
572168
572173
572175
572175
572172
572177
572174
572179
572181
572183
572186.5
572185
572185
572187
572187
572187
572184
572181
572186
572183
572188
572185
572190
572195
572192
572189
572194
572199
572201
572203
572206.5
572210
572213
572212
572210.5
572214
572212.5
572211
572211
572213
572213
572215
572215
572215
572217
572219
572219
572221
572221
572223
572226.5
572230
572228.5
572232
572230.5
572234
572237
572240
572239
572238
572236.5
572235
572238.5
572242
572245
572244
572247
572246
572244.5
572248
572246.5
572250
572248.5
572247
572247
572247
572244
572241
572240.5
572243
572248
572245
572250
572247
572246.5
572246
572245.5
572245
572245.5
572246
572247.5
572249
572249.5
572250
572249
572252
572251
572250
572249
572248
572251
572254
572253
572256
572255
572254
572257
572256
572259
572262
572265
572264
572263
572266
572265
572268
572267
572266
572266
572266
572268
572270
572273
572272
572275
572278
572277
572276
572279
572282
572281
572280
572280
572282
572285
572284
572284
572284
572285
572286
572288
572290
572290
572290
572292
572294
572294
572294
572296
572298
572298
572298
572300
572302
572302
572302
572303
572304
572293.5
572283
572281
572279
572283
572287
572299.5
572289
572301.5
572314
572303.5
572316
572317
572318
572319
572320
572321
572322
572323
572324
572325
572326
572328
572330
572333
572332
572332
572332
572334
572334
572335
572336
572325.5
572315
572313
572311
572302.5
572294
572304.5
572315
572306.5
572298
572296
572294
572289
572296
572291
572298
572293
572300
572295
572302
572297
572304
572308
572312
572322.5
572314
572312
572316
572326.5
572337
572328.5
572339
572343
572341
572345
572343
572347
572351
572363.5
572353
572351
572355
572353
572351
572355
572353
572344.5
572336
572334
572332
572336
572334
572329
572324
572324
572324
572326
572328
572328
572328
572330
572332
572339
572346
572341
572336
572336
572338
572338
572338
572337.5
572340
572342
572344
572351
572346
572346
572346
572348
572350
572350
572350
572349.5
572352
572351.5
572354
572356
572358
572365
572360
572360
572360
572362
572362
572364
572364
572363.5
572363
572362.5
572362
572364.5
572364
572366.5
572369
572371.5
572371
572373.5
572373
572375.5
572375
572374.5
572377
572376.5
572379
572381.5
572384
572386
572388
572395
572402
572406
572404
572408
572406
572401
572408
572403
572398
572405
572400
572407
572402
572409
572416
572420
572418
572413
572408
572408
572408
572407.5
572410
572409.5
572409
572408.5
572408
572396
572384
572382
572380
572384
572382
572386
572384
572388
572386
572376
572366
572360
572354
572353
572356
572355
572354
572357
572356
572359
572358
572356.5
572355
572358.5
572362
572365
572368
572367
572370
572378
572372
572371
572370
572373
572372
572375
572374
572372.5
572376
572379
572378
572381
572384
572392
572400
572394
572402
572414
572404
572416
572428
572432
572436
572434
572432
572436
572440
572454
572468
572456
572470
572472.5
572472
572474.5
572477
572476.5
572476
572478.5
572481
572480.5
572480
572468
572482
572470
572458
572456
572454
572458
572462
572476
572490
572492.5
572492
572480
572468
572482
572470
572484
572498
572486
572474
572472
572476
572474
572478
572492
572506
572494
572482
572480
572484
572498
572486
572500
572488
572486
572490
572488
572486
572490
572494
572508
572522
572524.5
572527
572526.5
572526
572528.5
572531
572533.5
572533
572535.5
572535
572534.5
572537
572536.5
572539
572541.5
572541
572543.5
572543
572545.5
572548
572547.5
572550
572552
572552
572554
572554
572553.5
572556
572555.5
572558
572560
572560
572562
572562
572564
572564
572566
572566
572565.5
572565
572567.5
572570
572572
572574
572574
572576
572583
572578
572585
572592
572596
572594
572598
572596
572600
572604
572602
572606
572616.5
572627
572618.5
572610
572608
572606
572601
572596
572603
572598
572598
572598
572597.5
572597
572599.5
572602
572601.5
572601
572603.5
572606
572605.5
572608
572607.5
572610
572609.5
572609
572608.5
572608
572596
572610
572612.5
572615
572617.5
572620
572622
572624
572624
572626
572626
572628
572628
572630
572630
572630
572629.5
572632
572634
572636
572643
572638
572645
572640
572647
572654
572649
572644
572644
572646
572653
572648
572655
572662
572666
572664
572659
572666
572670
572668
572672
572670
572665
572672
572676
572680
572678
572676
572671
572666
572673
572668
572668
572670
572677
572672
572679
572674
572674
572676
572676
572678
572678
572678
572680
572682
572682
572682
572684
572684
572683.5
572683
572685.5
572688
572687.5
572690
572689.5
572689
572691.5
572694
572693.5
572696
572695.5
572698
572697.5
572697
572699.5
572702
572704
572704
572703.5
572703
572705.5
572708
572707.5
572707
572709.5
572712
572714
572716
572723
572718
572725
572732
572727
572734
572738
572742
572740
572744
572754.5
572746
572756.5
572748
572746
572744
572748
572746
572750
572754
572764.5
572775
572766.5
572777
572768.5
572760
572770.5
572762
572760
572758
572753
572748
572748
572750
572750
572750
572752
572752
572751.5
572751
572753.5
572753
572755.5
572755
572754.5
572757
572759.5
572759
572761.5
572764
572766
572768
572775
572770
572777
572772
572779
572786
572781
572788
572792
572796
572794
572798
572796
572794
572798
572802
572815.5
572829
572817.5
572831
572843.5
572833
572845.5
572835
572847.5
572860
572861
572862
572864
572866
572866
572866
572867
572868
572857.5
572870
572859.5
572849
572837.5
572826
572839.5
572853
572841.5
572855
572867.5
572880
572881
572882
572883
572884
572886
572886
572888
572890
572890
572892
572892
572892
572894
572896
572896
572898
572898
572900
572903
572902
572905
572908
572907
572906
572906
572908
572908
572910
572910
572912
572912
572912
572914
572916
572916
572918
572921
572920
572923
572922
572925
572928
572927
572926
572926
572926
572928
572930
572930
572930
572931
572932
572921.5
572911
572923.5
572936
572937
572938
572939
572940
572941
572942
572944
572946
572946
572946
572948
572950
572953
572952
572952
572952
572953
572954
572955
572956
572945.5
572935
572923.5
572912
572925.5
572939
572927.5
572941
572929.5
572918
572931.5
572945
572957.5
572970
572959.5
572949
572961.5
572974
572963.5
572953
572941.5
572955
572943.5
572957
572969.5
572959
572971.5
572961
572949.5
572938
572951.5
572965
572953.5
572942
572940
572938
572933
572928
572928
572930
572937
572932
572939
572934
572934
572934
572933.5
572933
572935.5
572935
572937.5
572940
572942
572944
572951
572946
572953
572960
572955
572950
572950
572950
572949.5
572952
572951.5
572951
572953.5
572953
572952.5
572952
572954.5
572957
572959.5
572959
572958.5
572958
572946
572960
572948
572936
572934
572932
572936
572934
572924
572936
572926
572916
572910
572904
572912
572906
572905
572908
572916
572910
572918
572912
572911
572914
572922
572930
572924
572932
572926
572920
572919
572918
572916.5
572920
572923
572922
572925
572928
572927
572926
572929
572928
572931
572930
572933
572936
572935
572938
572937
572936
572934.5
572938
572936.5
572935
572938.5
572937
572929.5
572939
572931.5
572941
572933.5
572926
572935.5
572928
572937.5
572930
572930.5
572932
572941.5
572934
572934.5
572935
572936.5
572937
572938.5
572940
572949.5
572942
572951.5
572961
572964.5
572963
572966.5
572965
572968.5
572967
572959.5
572952
572961.5
572971
572963.5
572973
572965.5
572975
572978.5
572982
572985
572984
572987
572990
572998
572992
572991
572994
572993
572996
573004
573012
573006
573000
573008
573016
573028
573018
573030
573020
573032
573022
573016
573010
573018
573012
573011
573014
573013
573012
573010.5
573009
573001.5
573011
573014.5
573018
573021
573020
573018.5
573017
573009.5
573019
573022.5
573026
573024.5
573028
573031
573034
573042
573050
573062
573052
573064
573054
573048
573042
573050
573058
573052
573060
573054
573062
573056
573050
573049
573052
573051
573050
573048.5
573047
573039.5
573032
573032.5
573033
573034.5
573035
573035.5
573037
573037.5
573039
573040.5
573042
573051.5
573044
573053.5
573063
573055.5
573065
573057.5
573050
573050.5
573052
573052.5
573053
573053.5
573054
573055.5
573056
573055
573058
573059.5
573061
573061.5
573062
573061
573064
573063
573066
573067.5
573068
573067
573066
573064
573068
573071
573074
573075.5
573077
573077.5
573078
573077
573080
573079
573082
573081
573080
573078
573076
573080
573084
573087
573090
573089
573092
573091
573090
573093
573096
573095
573098
573097
573100
573101.5
573103
573104.5
573105
573106.5
573107
573107.5
573108
573107
573110
573111.5
573113
573113.5
573115
573115.5
573116
573115
573118
573119.5
573120
573119
573118
573116
573114
573118
573116
573113.5
573118
573115.5
573113
573117.5
573122
573119.5
573117
573121.5
573119
573123.5
573128
573132
573130
573127.5
573125
573121.5
573127
573131.5
573129
573125.5
573122
573127.5
573133
573137.5
573142
573146
573150
573153
573152
573150
573148
573145.5
573150
573147.5
573152
573149.5
573147
573143.5
573149
573153.5
573151
573155.5
573160
573164
573168
573171
573170
573168
573172
573170
573174
573172
573170
573167.5
573165
573169.5
573174
573171.5
573169
573165.5
573171
573167.5
573173
573169.5
573175
573179.5
573177
573173.5
573170
573175.5
573181
573177.5
573174
573169
573176
573181.5
573178
573173
573180
573185.5
573191
573187.5
573193
573189.5
573186
573191.5
573197
573193.5
573190
573185
573180
573187
573194
573189
573196
573201.5
573207
573203.5
573209
573213.5
573211
573215.5
573220
573217.5
573215
573219.5
573217
573221.5
573219
573215.5
573212
573207
573214
573219.5
573225
573221.5
573227
573223.5
573229
573225.5
573222
573227.5
573233
573229.5
573235
573231.5
573237
573241.5
573246
573250
573254
573257
573256
573254
573258
573256
573254
573258
573256
573260
573264
573262
573260
573257.5
573255
573259.5
573257
573253.5
573250
573245
573240
573240
573242
573242
573242
573241
573244
573243
573242
573242
573242
573244
573246
573246
573246
573245.5
573245
573247.5
573250
573249.5
573252
573251.5
573251
573251.5
573253
573255.5
573255
573257.5
573260
573262
573264
573264
573266
573266
573266
573265.5
573268
573270
573272
573272
573274
573274
573276
573276
573276
573275.5
573278
573280
573280
573279.5
573279
573279.5
573280
573279
573278
573281
573280
573279
573282
573285
573284
573283
573286
573289
573292
573293.5
573295
573297.5
573300
573299.5
573302
573304
573304
573306
573306
573305.5
573305
573305.5
573306
573305
573304
573303
573306
573309
573312
573313.5
573315
573317.5
573317
573317.5
573319
573319.5
573321
573321.5
573322
573321
573320
573323
573326
573325
573324
573327
573326
573329
573332
573333.5
573334
573333
573332
573335
573338
573339.5
573341
573343.5
573346
573348
573348
573350
573352
573352
573352
573351.5
573354
573356
573356
573355.5
573358
573360
573362
573362
573364
573364
573366
573366
573368
573368
573370
573370
573372
573372
573372
573374
573374
573376
573378
573378
573380
573383
573382
573382
573382
573384
573386
573386
573386
573385.5
573385
573387.5
573390
573389.5
573392
573391.5
573394
573393.5
573393
573395.5
573395
573395.5
573396
573395
573394
573397
573400
573399
573398
573401
573400
573403
573406
573405
573404
573403
573406
573409
573408
573407
573410
573409
573412
573411
573410
573413
573412
573415
573418
573417
573420
573419
573422
573421
573424
573427
573430
573431.5
573433
573435.5
573435
573437.5
573440
573439.5
573442
573441.5
573441
573441.5
573443
573445.5
573445
573445.5
573447
573447.5
573448
573447
573450
573451.5
573453
573453.5
573454
573453
573452
573451
573454
573457
573456
573459
573458
573461
573460
573459
573458
573457
573456
573459
573462
573465
573464
573463
573462
573452.5
573443
573434.5
573426
573422.5
573428
573424.5
573421
573420.5
573420
573422.5
573422
573422.5
573423
573417.5
573425
573419.5
573427
573428.5
573430
573432.5
573432
573432.5
573434
573434.5
573436
573438.5
573438
573438.5
573440
573442.5
573445
573450.5
573447
573452.5
573458
573454.5
573460
573456.5
573453
573452.5
573455
573454.5
573457
573462.5
573468
573464.5
573461
573466.5
573472
573482.5
573474
573470.5
573476
573472.5
573469
573474.5
573471
573470.5
573470
573470.5
573471
573465.5
573460
573467.5
573462
573469.5
573464
573461.5
573466
573473.5
573481
573475.5
573470
573477.5
573472
573469.5
573467
573468
573469
573468.5
573471
573472
573473
573472.5
573472
573472
573474
573476.5
573479
573480
573481
573480.5
573483
573484
573485
573489.5
573494
573501.5
573496
573503.5
573511
573505.5
573500
573507.5
573502
573509.5
573504
573511.5
573506
573513.5
573508
573515.5
573510
573517.5
573512
573509.5
573507
573511.5
573516
573523.5
573531
573532.5
573533
573527.5
573535
573536.5
573537
573538.5
573539
573540.5
573542
573544.5
573544
573544.5
573545
573546.5
573548
573550.5
573550
573550.5
573551
573552.5
573553
573547.5
573542
573539.5
573537
573538
573539
573540
573541
573545.5
573550
573557.5
573565
573559.5
573554
573561.5
573556
573563.5
573558
573565.5
573560
573567.5
573562
573559.5
573557
573558
573559
573563.5
573561
573565.5
573570
573577.5
573572
573579.5
573587
573588.5
573589
573583.5
573591
573585.5
573580
573587.5
573582
573579.5
573584
573581.5
573586
573583.5
573588
573595.5
573603
573604.5
573606
573608.5
573608
573608.5
573609
573610.5
573611
573612.5
573614
573616.5
573619
573624.5
573630
573640.5
573651
573642.5
573634
573630.5
573627
573626.5
573626
573626.5
573627
573621.5
573629
573630.5
573631
573632.5
573634
573634.5
573636
573636.5
573637
573631.5
573639
573640.5
573642
573642.5
573644
573644.5
573645
573646.5
573648
573648.5
573650
573652.5
573652
573654.5
573654
573654.5
573656
573658.5
573661
573660.5
573663
573662.5
573662
573662.5
573663
573657.5
573665
573666.5
573668
573670.5
573673
573678.5
573684
573694.5
573686
573682.5
573688
573684.5
573681
573680.5
573683
573688.5
573694
573690.5
573687
573692.5
573689
573688.5
573688
573688.5
573690
573692.5
573692
573692.5
573693
573694.5
573695
573689.5
573697
573698.5
573700
573702.5
573705
573710.5
573707
573712.5
573718
573714.5
573720
573730.5
573722
573732.5
573724
573720.5
573717
573722.5
573719
573718.5
573721
573726.5
573732
573742.5
573734
573730.5
573727
573732.5
573729
573728.5
573731
573736.5
573742
573752.5
573744
573740.5
573737
573742.5
573748
573758.5
573769
573760.5
573752
573762.5
573754
573764.5
573775
573786.5
573777
573768.5
573760
573756.5
573753
573752.5
573755
573760.5
573757
573756.5
573756
573758.5
573761
573760.5
573763
573768.5
573774
573784.5
573776
573786.5
573797
573788.5
573780
573790.5
573782
573778.5
573775
573774.5
573777
573782.5
573788
573784.5
573790
573786.5
573792
573788.5
573794
573790.5
573787
573786.5
573786
573788.5
573788
573788.5
573790
573790.5
573791
573792.5
573793
573794.5
573795
573796.5
573797
573791.5
573799
573793.5
573788
573795.5
573790
573787.5
573792
573789.5
573794
573791.5
573789
573790
573791
573792
573793
573794
573795
573796
573797
573796.5
573799
573798.5
573798
573800.5
573803
573804
573805
573804.5
573804
573804
573804
573806
573808
573810.5
573810
573810
573812
573812
573812
573809.5
573807
573811.5
573816
573818
573820
573822.5
573822
573822
573824
573824
573824
573821.5
573819
573823.5
573828
573825.5
573823
573827.5
573825
573825
573825
573827
573827
573829
573829
573829
573831
573833
573833
573835
573835
573835
573835
573837
573839
573839
573841
573841
573843
573843
573843
573843.5
573845
573845.5
573846
573847.5
573848
573847
573850
573851.5
573853
573853.5
573854
573853
573852
573852.5
573854
573854.5
573856
573856.5
573857
573858.5
573859
573860
573861
573862
573863
573863.5
573865
573865.5
573867
573867.5
573868
573868
573870
573871.5
573873
573874
573875
573876
573877
573878
573879
573880.5
573882
573885
573884
573884.5
573886
573889
573892
573893.5
573894
573893
573892
573895
573894
573897
573896
573899
573902
573901
573904
573903
573902
573905
573908
573907
573910
573911.5
573913
573915
573915
573917
573919
573919
573919
573919.5
573921
573921.5
573922
573923.5
573924
573925.5
573926
573925
573924
573927
573930
573929
573932
573933.5
573935
573935.5
573936
573935
573938
573937
573940
573939
573942
573941
573944
573943
573942
573942.5
573944
573947
573946
573949
573952
573951
573950
573953
573956
573955
573954
573954.5
573955
573956
573957
573958.5
573960
573960.5
573962
573962.5
573963
573964
573965
573966.5
573968
573968.5
573969
573970.5
573971
573972.5
573974
573977
573980
573979
573978
573978.5
573979
573980
573981
573982
573983
573984.5
573985
573986.5
573987
573988.5
573990
573990.5
573992
573992.5
573994
573997
573996
573996.5
573997
573998
573999
574000
574001
574001.5
574003
574004
574005
574006.5
574008
574011
574014
574015.5
574017
574019
574021
574023
574025
574029.5
574027
574027
574029
574033.5
574031
574031
574031
574031
574033
574035
574037
574041.5
574046
574048
574048
574050
574052
574054.5
574057
574058
574059
574058.5
574058
574060.5
574060
574062.5
574065
574066
574067
574068
574069
574073.5
574078
574085.5
574080
574087.5
574082
574089.5
574084
574081.5
574086
574093.5
574101
574095.5
574090
574087.5
574092
574099.5
574094
574091.5
574096
574093.5
574098
574095.5
574100
574097.5
574102
574109.5
574104
574111.5
574106
574103.5
574101
574102
574103
574104
574105
574104.5
574107
574106.5
574106
574106
574106
574103.5
574108
574110
574112
574112
574114
574114
574116
574118.5
574118
574120.5
574120
574122.5
574122
574124.5
574127
574126.5
574129
574130
574131
574132
574133
574134
574135
574136
574137
574136.5
574136
574138.5
574138
574138
574138
574140
574140
574137.5
574135
574135
574137
574137
574139
574139
574139
574141
574141
574141
574143
574145
574147
574151.5
574156
574153.5
574151
574151
574151
574153
574153
574155
574155
574155
574157
574157
574157
574157.5
574158
574157
574160
574161.5
574162
574161
574164
574163
574166
574167.5
574169
574169.5
574170
574169
574168
574168.5
574169
574170
574171
574172
574173
574174
574175
574175.5
574176
574177.5
574179
574179.5
574181
574181.5
574182
574182
574182
574184
574186
574187.5
574189
574189.5
574191
574191.5
574192
574192
574192
574189
574194
574191
574196
574193
574190
574188.5
574192
574190.5
574194
574199
574196
574194.5
574198
574196.5
574200
574205
574202
574200.5
574199
574196
574193
574198
574203
574206.5
574210
574215
574212
574210.5
574214
574212.5
574211
574214.5
574218
574216.5
574220
574225
574230
574227
574224
574222.5
574226
574231
574236
574238
574240
574241.5
574242
574242
574242
574239
574244
574241
574238
574243
574248
574250
574252
574252
574254
574254
574254
574251
574256
574258
574260
574261.5
574263
574264
574265
574265.5
574267
574268
574269
574270
574271
574272
574273
574274
574275
574275.5
574276
574276
574276
574273
574270
574268.5
574272
574277
574274
574279
574276
574281
574278
574276.5
574280
574278.5
574282
574280.5
574284
574282.5
574286
574284.5
574288
574286.5
574285
574288.5
574287
574284
574289
574292.5
574296
574294.5
574293
574296.5
574295
574292
574297
574300.5
574304
574302.5
574301
574304.5
574308
574313
574318
574320
574320
574322
574322
574319
574324
574321
574326
574323
574328
574330
574330
574327
574324
574322.5
574321
574324.5
574323
574320
574317
574314.5
574312
574309.5
574307
574306
574309
574308
574307
574310
574309
574303.5
574311
574305.5
574300
574307.5
574302
574300
574304
574302
574300
574300.5
574302
574302.5
574303
574301
574299
574298.5
574298
574292
574286
574274.5
574263
574262.5
574262
574262.5
574263
574264.5
574266
574266.5
574268
574270.5
574273
574286.5
574275
574288.5
574277
574290.5
574304
574292.5
574306
574294.5
574308
574296.5
574310
574298.5
574312
574300.5
574314
574322
574316
574324
574332
574334.5
574334
574336.5
574336
574338.5
574341
574340.5
574340
574334
574342
574336
574344
574346.5
574346
574340
574348
574350.5
574353
574357
574355
574359
574363
574364.5
574366
574370
574374
574372
574370
574374
574378
574376
574380
574387.5
574382
574389.5
574384
574391.5
574399
574402
574405
574409.5
574407
574406
574409
574408
574411
574415.5
574420
574424.5
574422
574426.5
574424
574421.5
574419
574423.5
574428
574432.5
574430
574427.5
574425
574429.5
574427
574426
574429
574433.5
574431
574435.5
574433
574437.5
574442
574439.5
574444
574441.5
574439
574443.5
574448
574445.5
574450
574454.5
574452
574449.5
574447
574446
574445
574439.5
574447
574450
574449
574443.5
574438
574436
574434
574434.5
574436
574436.5
574437
574435
574433
574432.5
574435
574434.5
574437
574436.5
574439
574438.5
574441
574445
574449
574447
574445
574449
574453
574451
574455
574453
574457
574458.5
574459
574457
574461
574459
574463
574461
574459
574458.5
574458
574452
574460
574462.5
574462
574456
574450
574438.5
574427
574426.5
574426
574426.5
574427
574428.5
574430
574432.5
574435
574434.5
574434
574436.5
574436
574436.5
574437
574438.5
574440
574442.5
574445
574458.5
574447
574446.5
574446
574446.5
574448
574450.5
574453
574452.5
574455
574468.5
574457
574470.5
574459
574472.5
574461
574474.5
574463
574462.5
574462
574462.5
574463
574464.5
574466
574468.5
574468
574470.5
574470
574470.5
574471
574471
574471
574473
574475
574475
574477
574477
574477
574479
574481
574481
574481
574475.5
574483
574485
574485
574479.5
574474
574474.5
574476
574476.5
574478
574478.5
574479
574478
574477
574469.5
574479
574482
574481
574473.5
574466
574475.5
574468
574464.5
574461
574459
574463
574468.5
574474
574483.5
574493
574496
574499
574500.5
574501
574502.5
574503
574502
574505
574506.5
574507
574506
574505
574497.5
574507
574499.5
574492
574488.5
574485
574490.5
574487
574485
574489
574494.5
574491
574489
574487
574481.5
574489
574493
574491
574485.5
574480
574479
574482
574481
574484
574483
574486
574485
574488
574487
574490
574489
574488
574488
574488
574487
574490
574489
574488
574491
574494
574493
574496
574495
574498
574497
574496
574499
574498
574501
574500
574498
574496
574500
574504
574507
574506
574509
574512
574511
574510
574513
574512
574510
574508
574512
574510
574509
574508
574496
574510
574498
574486
574500
574514
574517
574520
574524
574528
574526
574524
574528
574532
574530
574534
574532
574536
574534
574538
574536
574540
574538
574536
574535
574538
574542
574540
574539
574542
574541
574544
574543
574546
574545
574548
574547
574550
574549
574552
574551
574554
574558
574556
574555
574554
574542
574530
574544
574532
574522
574512
574524
574514
574511
574516
574528
574540
574530
574542
574556
574544
574534
574546
574536
574548
574538
574550
574564
574578
574566
574580
574583
574586
574585
574588
574592
574596
574599
574598
574601
574604
574606
574606
574605
574608
574610
574610
574609
574608
574611
574610
574608
574612
574610
574614
574617
574616
574614
574618
574616
574620
574623
574622
574620
574618
574622
574626
574629
574628
574626
574624
574628
574626
574625
574624
574612
574626
574614
574628
574616
574630
574618
574606
574596
574608
574598
574588
574585
574590
574587
574592
574589
574594
574591
574588
574586
574590
574595
574592
574597
574594
574599
574604
574601
574598
574603
574600
574598
574596
574600
574604
574609
574606
574604
574602
574595
574604
574597
574590
574588.5
574587
574585.5
574584
574587.5
574591
574589.5
574588
574588
574590
574590
574592
574592
574592
574589
574594
574591
574596
574598
574598
574595
574600
574597
574602
574599
574596
574594.5
574593
574596.5
574600
574598.5
574602
574600.5
574604
574609
574606
574604.5
574603
574600
574597
574597.5
574599
574599.5
574600
574601.5
574602
574603.5
574604
574605.5
574606
574607.5
574609
574614
574611
574611.5
574612
574613.5
574615
574620
574625
574628.5
574632
574637
574634
574632.5
574631
574628
574633
574630
574635
574638.5
574642
574640.5
574644
574649
574654
574656
574658
574658
574658
574655
574652
574650.5
574654
574659
574656
574654.5
574653
574656.5
574655
574658.5
574657
574654
574659
574656
574661
574664.5
574668
574673
574670
574668.5
574672
574670.5
574669
574666
574663
574663.5
574665
574665.5
574667
574667.5
574669
574674
574671
574671.5
574672
574673.5
574675
574675.5
574677
574682
574687
574684
574681
574681.5
574683
574683.5
574684
574685.5
574687
574692
574697
574700.5
574704
574702.5
574706
574704.5
574708
574706.5
574710
574708.5
574712
574710.5
574714
574719
574716
574721
574726
574728
574728
574725
574722
574727
574732
574734
574734
574731
574736
574733
574738
574735
574732
574737
574742
574744
574746
574746
574748
574751.5
574755
574753.5
574757
574755.5
574754
574757.5
574756
574759.5
574758
574758
574758
574755
574752
574750.5
574754
574752.5
574751
574754.5
574753
574750
574747
574752
574757
574760.5
574759
574756
574761
574764.5
574768
574773
574770
574775
574780
574777
574782
574779
574784
574786
574786
574783
574788
574790
574790
574787
574784
574789
574786
574791
574788
574786.5
574790
574788.5
574792
574797
574794
574792.5
574791
574788
574785
574785.5
574786
574787.5
574788
574789.5
574790
574788.5
574787
574783.5
574780
574776
574772
574764.5
574774
574780
574786
574791.5
574788
574784
574790
574786
574792
574797.5
574794
574790
574796
574792
574798
574794
574800
574796
574802
574798
574804
574800
574806
574811.5
574817
574813.5
574810
574806
574802
574794.5
574787
574796.5
574806
574798.5
574808
574814
574820
574825.5
574822
574818
574824
574829.5
574835
574831.5
574828
574824
574830
574826
574832
574837.5
574843
574846.5
574845
574848.5
574852
574853.5
574855
574860
574865
574868.5
574872
574870.5
574874
574879
574876
574874.5
574878
574883
574880
574885
574882
574887
574892
574894
574894
574891
574888
574893
574890
574895
574900
574897
574894
574892.5
574891
574894.5
574893
574896.5
574895
574892
574889
574889.5
574890
574891.5
574892
574893.5
574895
574895.5
574896
574897.5
574899
574899.5
574901
574901.5
574902
574903.5
574904
574902.5
574901
574904.5
574908
574909.5
574911
574911.5
574913
574913.5
574914
574915.5
574916
574917.5
574918
574916.5
574920
574921.5
574923
574923.5
574924
574922.5
574926
574927.5
574928
574926.5
574925
574928.5
574932
574930.5
574929
574925.5
574931
574927.5
574924
574920
574926
574922
574918
574910.5
574920
574926
574922
574928
574924
574916.5
574909
574891
574911
574893
574875
574895
574915
574924.5
574934
574940
574936
574942
574938
574944
574940
574946
574952
574948
574954
574959.5
574956
574952
574958
574954
574960
574965.5
574971
574967.5
574973
574969.5
574966
574962
574958
574964
574960
574966
574972
574977.5
574983
574986.5
574990
574988.5
574987
574983.5
574989
574985.5
574991
574987.5
574984
574980
574986
574991.5
574988
574984
574990
574995.5
575001
575004.5
575008
575006.5
575010
575011.5
575012
575010.5
575009
575012.5
575011
575014.5
575013
575016.5
575015
575011.5
575017
575013.5
575019
575022.5
575021
575017.5
575014
575010
575016
575021.5
575027
575023.5
575029
575032.5
575036
575037.5
575039
575039.5
575040
575038.5
575037
575033.5
575039
575042.5
575046
575044.5
575048
575046.5
575050
575048.5
575047
575043.5
575049
575052.5
575056
575054.5
575053
575049.5
575055
575058.5
575062
575060.5
575059
575055.5
575052
575048
575054
575059.5
575056
575061.5
575067
575070.5
575074
575075.5
575077
575077.5
575078
575076.5
575075
575071.5
575068
575064
575070
575066
575062
575054.5
575064
575056.5
575066
575058.5
575068
575074
575070
575076
575082
575078
575074
575066.5
575059
575041
575023
575014.5
575006
575016.5
575008
575008
575008
575010
575012
575012
575012
575010
575014
575012
575016
575014
575012
575016
575014
575018
575016
575013.5
575011
575015.5
575013
575007
575015
575019.5
575017
575021.5
575026
575030
575028
575032
575030
575034
575038
575040
575040
575038
575042
575044
575044
575042
575040
575037.5
575035
575039.5
575044
575048
575046
575043.5
575041
575035
575029
575018.5
575008
575020.5
575010
575022.5
575012
575024.5
575014
575026.5
575016
575014
575012
575007.5
575003
575002.5
575005
575011.5
575018
575013.5
575009
575015.5
575011
575017.5
575024
575019.5
575026
575030
575034
575046.5
575059
575067
575061
575069
575063
575071
575079
575083.5
575088
575085.5
575083
575077
575071
575060.5
575050
575048
575052
575064.5
575054
575052
575050
575045.5
575041
575040.5
575043
575042.5
575045
575044.5
575044
575039.5
575035
575041.5
575048
575050.5
575050
575052.5
575055
575061.5
575068
575072
575076
575088.5
575078
575090.5
575080
575078
575082
575094.5
575107
575115
575123
575117
575125
575119
575113
575102.5
575092
575090
575094
575106.5
575096
575094
575098
575096
575094
575098
575102
575114.5
575104
575116.5
575106
575104
575102
575097.5
575093
575092.5
575095
575094.5
575097
575103.5
575099
575098.5
575101
575100.5
575100
575095.5
575102
575104.5
575104
575106.5
575106
575108.5
575108
575110.5
575110
575112.5
575112
575114.5
575117
575116.5
575119
575125.5
575132
575127.5
575134
575129.5
575125
575131.5
575127
575133.5
575140
575144
575142
575137.5
575144
575139.5
575135
575134.5
575134
575136.5
575136
575131.5
575127
575121.5
575116
575123.5
575131
575125.5
575133
575139.5
575135
575129.5
575124
575131.5
575126
575125.5
575128
575127.5
575130
575129.5
575132
575131.5
575131
575133.5
575133
575135.5
575138
575137.5
575140
575147.5
575142
575149.5
575157
575163.5
575159
575165.5
575161
575167.5
575163
575169.5
575176
575178.5
575178
575173.5
575169
575175.5
575171
575177.5
575173
575179.5
575186
575188.5
575191
575190.5
575190
575185.5
575181
575187.5
575194
575196.5
575196
575191.5
575198
575200.5
575200
575195.5
575191
575185.5
575180
575179.5
575182
575181.5
575181
575180.5
575180
575171.5
575182
575173.5
575184
575175.5
575186
575188.5
575188
575179.5
575171
575171.5
575172
575173.5
575175
575185.5
575196
575187.5
575179
575179.5
575180
575181.5
575183
575183.5
575185
575195.5
575206
575197.5
575189
575199.5
575191
575201.5
575212
575203.5
575195
575195.5
575197
575207.5
575199
575209.5
575220
575222.5
575225
575227.5
575227
575229.5
575229
575228.5
575231
575233.5
575233
575232.5
575232
575234.5
575237
575239.5
575239
575238.5
575241
575243.5
575246
575253.5
575248
575255.5
575250
575249.5
575249
575251.5
575251
575253.5
575253
575252.5
575255
575254.5
575254
575245.5
575237
575237.5
575239
575239.5
575240
575241.5
575243
575253.5
575245
575245.5
575246
575247
575248
575248
575248
575246
575250
575252
575252
575254
575256
575257
575258
575259
575260
575261
575262
575262
575264
575264
575264
575266
575266
575264
575268
575270
575272
575273
575274
575275.5
575277
575277.5
575279
575289.5
575300
575291.5
575302
575304.5
575304
575295.5
575287
575287.5
575289
575299.5
575310
575301.5
575312
575303.5
575314
575316.5
575319
575321.5
575321
575320.5
575323
575322.5
575322
575313.5
575324
575326.5
575329
575328.5
575331
575330.5
575330
575321.5
575332
575334.5
575337
575336.5
575336
575327.5
575319
575319.5
575320
575321
575322
575323
575324
575325
575326
575327
575328
575329.5
575331
575331.5
575332
575333
575334
575334
575336
575336
575336
575338
575338
575336
575340
575342
575342
575340
575338
575337.5
575337
575338
575339
575340
575341
575343.5
575346
575345.5
575345
575346
575347
575345.5
575349
575347.5
575351
575349.5
575353
575351.5
575350
575353.5
575352
575352.5
575354
575357.5
575356
575356.5
575357
575357.5
575358
575359.5
575361
575362.5
575364
575364.5
575365
575365.5
575366
575357
575348
575359
575370
575371.5
575372
575363
575354
575354
575354
575356
575358
575358
575360
575360
575360
575362
575364
575364
575366
575366
575366
575367
575368
575370
575370
575371
575372
575373
575374
575375
575376
575376.5
575377
575375.5
575379
575380.5
575381
575382.5
575383
575384.5
575386
575387
575388
575388.5
575390
575391
575392
575394
575394
575395
575396
575397
575398
575398.5
575400
575401
575402
575402.5
575403
575404.5
575405
575406.5
575407
575408.5
575410
575411
575412
575413
575414
575415
575416
575417
575418
575419
575420
575421
575422
575422.5
575424
575425
575426
575427
575428
575428.5
575429
575427.5
575431
575429.5
575433
575431.5
575430
575423
575416
575425
575434
575427
575420
575419
575418
575421
575424
575433
575442
575445.5
575449
575447.5
575451
575452.5
575454
575455
575456
575457
575458
575458.5
575460
575460.5
575461
575459.5
575458
575451
575444
575443
575442
575443
575444
575447
575446
575449
575448
575449
575450
575453
575452
575455
575458
575457
575460
575469
575478
575471
575464
575463
575462
575465
575464
575465
575466
575469
575468
575471
575474
575473
575476
575475
575474
575475
575476
575477
575478
575475
575472
575477
575482
575483
575484
575485
575486
575489
575492
575501
575494
575503
575496
575505
575498
575507
575516
575509
575518
575511
575504
575503
575502
575503
575504
575507
575506
575507
575508
575511
575510
575511
575512
575509
575506
575501
575508
575503
575498
575505
575512
575517
575522
575523
575524
575525
575526
575527
575528
575525
575530
575527
575524
575519
575514
575521
575528
575533
575530
575535
575540
575537
575542
575539
575536
575531
575538
575543
575548
575549
575550
575551
575552
575553
575554
575551
575556
575553
575550
575555
575560
575557
575554
575559
575564
575565
575566
575563
575560
575565
575570
575567
575564
575559
575554
575554.5
575555
575556.5
575558
575565
575560
575567
575562
575562.5
575563
575562
575561
575559
575563
575566
575569
575570.5
575572
575572.5
575573
575574.5
575576
575576.5
575577
575576
575575
575573
575577
575575
575579
575582
575581
575579
575577
575581
575579
575574.5
575581
575576.5
575572
575578.5
575585
575580.5
575587
575591
575589
575584.5
575591
575595
575599
575597
575595
575599
575603
575606
575609
575608
575607
575605
575603
575598.5
575594
575592
575590
575594
575592
575585.5
575579
575587.5
575581
575589.5
575583
575581.5
575580
575572.5
575582
575585.5
575589
575587.5
575591
575589.5
575588
575591.5
575595
575603.5
575612
575605.5
575599
575597.5
575601
575609.5
575618
575622
575620
575613.5
575607
575605.5
575604
575607.5
575606
575609.5
575613
575611.5
575615
575613.5
575612
575615.5
575614
575617.5
575621
575619.5
575623
575621.5
575620
575623.5
575627
575635.5
575629
575637.5
575646
575650
575648
575652
575650
575643.5
575652
575656
575654
575647.5
575641
575639.5
575643
575651.5
575645
575653.5
575662
575655.5
575664
575657.5
575666
575659.5
575668
575672
575676
575682.5
575678
575684.5
575691
575686.5
575693
575688.5
575695
575699
575697
575701
575699
575703
575707
575710
575709
575707
575705
575709
575713
575711
575709
575713
575711
575715
575719
575722
575721
575719
575717
575712.5
575719
575714.5
575710
575716.5
575723
575727
575731
575734
575733
575731
575729
575733
575731
575726.5
575722
575728.5
575724
575730.5
575726
575732.5
575728
575726
575730
575736.5
575743
575738.5
575734
575740.5
575736
575734
575732
575736
575740
575746.5
575753
575748.5
575755
575759
575763
575761
575759
575763
575761
575756.5
575752
575758.5
575754
575752
575756
575762.5
575758
575764.5
575760
575758
575762
575760
575758
575751.5
575760
575753.5
575762
575766
575764
575768
575772
575778.5
575774
575780.5
575787
575791
575789
575793
575791
575786.5
575782
575788.5
575795
575790.5
575797
575801
575805
575803
575807
575810
575809
575807
575805
575809
575807
575811
575815
575813
575817
575815
575813
575817
575815
575819
575817
575812.5
575808
575806
575810
575816.5
575823
575818.5
575814
575812
575810
575803.5
575797
575805.5
575814
575807.5
575801
575799.5
575803
575801.5
575805
575803.5
575807
575815.5
575824
575817.5
575811
575809.5
575808
575811.5
575810
575813.5
575817
575815.5
575814
575817.5
575816
575819.5
575823
575831.5
575825
575823.5
575822
575814.5
575824
575827.5
575826
575818.5
575811
575808
575813
575810
575807
575799
575791
575801
575811
575803
575795
575795.5
575797
575807
575799
575799.5
575800
575801
575802
575803
575804
575803
575806
575807
575808
575809
575810
575811.5
575812
575813
575814
575813
575812
575815
575818
575817
575816
575819
575822
575823
575824
575825
575826
575825
575824
575827
575826
575829
575828
575831
575830
575826.5
575832
575828.5
575825
575830.5
575827
575825
575823
575827
575831
575829
575827
575831
575829
575833
575837
575842.5
575848
575851
575854
575853
575852
575855
575854
575857
575856
575852.5
575849
575847
575851
575849
575847
575851
575855
575860.5
575857
575855
575859
575857
575855
575854
575853
575856
575855
575853
575851
575848
575845
575844.5
575844
575844
575844
575846
575848
575850.5
575853
575852.5
575852
575854.5
575857
575856.5
575859
575858.5
575858
575860.5
575860
575862.5
575862
575864.5
575867
575866.5
575866
575868.5
575871
575870.5
575870
575870
575872
575874.5
575877
575882
575879
575878.5
575881
575880.5
575880
575880
575880
575882
575882
575884
575884
575884.5
575886
575886.5
575887
575879.5
575889
575881.5
575874
575883.5
575893
575885.5
575895
575896.5
575897
575898.5
575899
575900.5
575901
575893.5
575903
575895.5
575888
575887
575886
575889
575888
575891
575890
575893
575896
575895
575898
575907.5
575900
575909.5
575919
575911.5
575921
575913.5
575906
575915.5
575925
575917.5
575927
575928.5
575930
575930.5
575931
575923.5
575933
575934.5
575935
575927.5
575937
575938.5
575939
575931.5
575941
575942.5
575943
575944.5
575946
575946.5
575947
575948.5
575949
575941.5
575951
575952.5
575953
575954.5
575955
575956.5
575958
575958.5
575960
575962
575964
575964
575964
575966
575966
575968
575968
575968.5
575970
575970.5
575971
575963.5
575956
575955
575958
575967.5
575977
575978.5
575979
575980.5
575982
575984
575986
575986
575986
575986.5
575988
575990
575990
575990.5
575992
575992.5
575993
575994.5
575996
575998
576000
576000
576002
576004.5
576007
576006.5
576006
576008.5
576011
576016
576021
576018
576015
576014.5
576017
576016.5
576016
576018.5
576021
576020.5
576020
576020
576020
576022
576024
576024
576026
576028.5
576031
576030.5
576033
576038
576035
576040
576037
576036.5
576039
576044
576049
576046
576051
576055
576053
576050
576055
576052
576057
576061
576059
576063
576061
576058
576055
576054.5
576054
576054
576056
576056
576058
576058
576060
576060
576062
576064.5
576064
576064
576066
576068.5
576068
576068
576070
576070
576070
576070.5
576071
576072.5
576074
576074.5
576076
576076.5
576077
576078.5
576079
576071.5
576081
576073.5
576066
576075.5
576085
576077.5
576087
576088.5
576089
576090.5
576091
576092.5
576094
576096
576096
576098
576100
576100
576100
576102
576104
576106.5
576109
576108.5
576108
576110.5
576113
576118
576115
576120
576125
576122
576127
576124
576121
576120.5
576123
576122.5
576122
576124.5
576124
576124
576126
576126
576126
576128
576130
576132.5
576132
576134.5
576137
576136.5
576136
576138.5
576141
576146
576151
576148
576153
576157
576155
576159
576157
576161
576159
576156
576161
576165
576169
576167
576171
576174
576177
576181
576179
576178
576177
576175
576173
576170
576175
576179
576183
576186
576189
576193
576191
576195
576199
576204.5
576201
576206.5
576212
576215
576214
576217
576216
576212.5
576218
576214.5
576211
576216.5
576213
576211
576215
576220.5
576226
576229
576228
576224.5
576221
576226.5
576223
576221
576219
576223
576227
576232.5
576238
576234.5
576240
576243
576246
576247
576248
576249.5
576250
576251.5
576253
576253.5
576255
576265
576275
576280
576277
576269
576279
576271
576281
576286
576291
576300.5
576293
576290
576287
576292
576289
576281
576291
576283
576275
576275.5
576277
576277.5
576278
576279
576280
576281
576282
576283
576284
576285.5
576287
576297
576289
576289.5
576290
576291.5
576292
576293.5
576295
576305
576315
576307
576299
576309
576301
576311
576321
576326
576323
576328
576333
576330
576327
576319
576311
576321
576331
576323
576333
576325
576335
576340
576345
576342
576339
576331
576341
576333
576343
576348
576353
576350
576355
576364.5
576357
576354
576351
576356
576353
576358
576355
576347
576339
576339.5
576341
576341.5
576343
576353
576345
576355
576347
576347.5
576348
576349.5
576351
576351.5
576353
576353.5
576354
576355.5
576357
576357.5
576358
576359.5
576360
576361
576362
576361
576364
576363
576362
576358.5
576355
576353
576351
576350
576349
576347
576351
576349
576347
576351
576349
576353
576351
576355
576359
576357
576361
576364
576363
576361
576359
576363
576361
576358
576363
576360
576357
576362
576359
576358.5
576361
576366
576371
576368
576365
576364.5
576364
576364
576366
576368.5
576371
576376
576381
576385
576383
576380
576377
576376.5
576376
576378.5
576378
576378
576378
576380
576380
576382
576382
576382.5
576384
576384.5
576386
576388
576388
576390
576390
576392
576392
576394
576396
576396
576396
576398
576398
576398.5
576399
576391.5
576401
576393.5
576403
576395.5
576388
576387
576386
576385.5
576388
576387.5
576387
576389.5
576389
576391.5
576391
576389
576393
576391
576389
576393
576391
576395
576393
576397
576395
576383.5
576397
576401
576405
576407.5
576407
576405
576409
576407
576411
576409
576407
576411
576409
576397.5
576411
576399.5
576388
576384
576390
576386
576382
576388
576394
576390
576386
576392
576398
576394
576390
576385.5
576392
576398
576394
576400
576406
576419.5
576408
576404
576410
576406
576402
576397.5
576393
576399.5
576406
576412
576408
576414
576410
576416
576412
576407.5
576403
576399.5
576405
576411.5
576418
576413.5
576409
576415.5
576422
576428
576434
576430
576426
576421.5
576417
576413.5
576419
576415.5
576412
576417.5
576414
576413.5
576416
576415.5
576415
576417.5
576417
576419.5
576419
576421.5
576424
576423.5
576426
576431.5
576437
576433.5
576430
576429.5
576432
576437.5
576443
576439.5
576445
576441.5
576447
576453.5
576449
576455.5
576462
576457.5
576464
576459.5
576466
576461.5
576468
576463.5
576459
576465.5
576461
576457.5
576463
576459.5
576456
576461.5
576458
576457.5
576457
576457
576459
576459
576459
576459
576461
576463
576463
576463
576463
576465
576465
576459
576453
576451
576449
576453
576457
576465
576473
576467
576475
576469
576463
576471
576465
576463
576467
576465
576469
576467
576465
576463
576467
576471
576475
576473
576477
576475
576479
576487
576495
576489
576483
576481
576485
576493
576487
576485
576489
576487
576491
576499
576507
576509
576511
576513
576513
576513
576515
576515
576515
576509
576517
576519
576521
576521
576521
576523
576523
576525
576527
576529
576529
576529
576531
576533
576533
576535
576535
576535
576535
576537
576537
576539
576541
576541
576541
576535
576529
576527
576531
576529
576533
576531
576535
576533
576531
576535
576539
576537
576535
576539
576543
576551
576559
576553
576547
576555
576549
576547
576551
576559
576567
576569
576571
576571
576573
576573
576575
576577
576577
576579
576581
576581
576581
576581
576581
576575
576569
576567
576565
576563
576567
576571
576575
576573
576577
576585
576579
576577
576581
576589
576583
576581
576579
576583
576587
576595
576603
576605
576605
576599
576593
576601
576609
576603
576597
576605
576613
576615
576617
576617
576617
576619
576621
576623
576625
576625
576625
576625
576627
576627
576627
576629
576629
576623
576617
576615
576619
576627
576635
576629
576623
576621
576619
576617
576615
576614.5
576614
576613
576612
576615
576614
576614.5
576616
576619
576622
576624.5
576627
576626.5
576629
576628.5
576631
576635
576633
576632.5
576632
576634.5
576634
576633
576636
576635
576638
576637
576636
576639
576638
576641
576640
576643
576642
576645
576648
576650.5
576650
576649
576648
576651
576654
576653
576652
576655
576658
576657
576656
576656.5
576657
576653
576649
576655
576661
576657
576653
576652
576651
576654
576657
576663
576669
576665
576671
576672.5
576673
576674.5
576675
576671
576667
576673
576679
576680.5
576682
576685
576688
576690.5
576690
576692.5
576695
576699
576703
576701
576705
576703
576701
576700.5
576700
576702.5
576705
576704.5
576704
576706.5
576709
576708.5
576708
576707
576710
576712.5
576715
576719
576717
576721
576719
576718.5
576721
576720.5
576723
576727
576725
576729
576733
576737
576741
576739
576737
576741
576739
576737
576741
576739
576743
576747
576745
576749
576753
576751
576755
576753
576751
576755
576753
576751
576755
576759
576757
576761
576759
576757
576755
576754.5
576754
576756.5
576756
576755
576758
576760.5
576760
576759
576758
576758.5
576760
576760.5
576761
576762.5
576763
576759
576755
576761
576767
576763
576759
576758
576757
576760
576763
576769
576775
576776.5
576777
576773
576769
576768
576771
576770
576773
576779
576785
576781
576777
576776
576775
576778
576781
576780
576779
576782
576781
576780
576783
576782
576785
576788
576787
576786
576789
576788
576787
576787
576787
576789
576791
576791
576793
576796
576799
576802
576801
576804
576807
576813
576819
576815
576821
576822.5
576824
576824.5
576826
576826.5
576827
576828.5
576830
576830.5
576831
576832.5
576833
576834.5
576836
576836.5
576838
576841
576840
576843
576842
576845
576844
576844.5
576846
576849
576852
576854.5
576854
576856.5
576856
576855
576858
576857
576856
576859
576862
576864.5
576864
576863
576866
576868.5
576871
576875
576879
576883
576881
576879
576877
576876.5
576879
576883
576887
576891
576889
576893
576891
576889
576887
576886.5
576886
576885
576888
576887
576886
576889
576888
576891
576890
576890.5
576891
576892.5
576893
576889
576885
576884
576883
576882
576885
576888
576891
576897
576893
576899
576905
576901
576907
576908.5
576910
576913
576916
576915
576914
576917
576916
576916.5
576918
576918.5
576920
576923
576922
576922.5
576923
576919
576925
576921
576927
576928.5
576930
576933
576936
576938.5
576941
576940.5
576940
576939
576938
576938.5
576939
576935
576941
576937
576933
576932
576935
576941
576947
576943
576939
576945
576951
576952.5
576953
576954.5
576955
576951
576947
576953
576959
576955
576951
576957
576953
576959
576955
576954
576957
576963
576959
576958
576957
576956
576955
576958
576961
576960
576959
576962
576961
576961
576963
576966
576965
576968
576971
576970
576969
576969
576969
576971
576971
576973
576973
576970
576967
576962
576957
576954
576951
576942
576933
576944
576955
576960
576957
576962
576959
576950
576961
576966
576971
576978
576973
576980
576987
576992
576989
576984
576979
576976
576973
576964
576955
576966
576957
576968
576979
576984
576989
576996
577003
577008
577005
577000
577007
577012
577017
577014
577011
577016
577013
577018
577015
577010
577005
577012
577007
577014
577021
577016
577011
577008
577005
576996
576987
576987.5
576989
576989.5
576990
576991.5
576992
576993.5
576994
576995.5
576996
576997.5
576999
577010
577001
577001.5
577003
577003.5
577004
577005.5
577006
577004.5
577003
577001.5
577005
577003.5
577007
577005.5
577004
577007.5
577006
577000
576994
577002
576996
577004
576998
576993.5
576989
576990
576991
576992
576993
576994
576995
576996
576997
576998
576999
577000
577001
577007.5
577003
577009.5
577016
577024
577032
577026
577034
577037.5
577041
577044.5
577043
577046.5
577050
577051.5
577052
577053.5
577054
577055.5
577057
577068
577079
577070
577081
577086
577091
577098
577105
577110
577107
577102
577109
577114
577119
577116
577121
577123
577125
577128
577127
577127
577127
577129
577129
577131
577131
577133
577133
577130
577135
577132
577129
577124
577119
577116
577121
577128
577123
577130
577125
577132
577127
577124
577129
577126
577131
577128
577125
577130
577127
577118
577129
577120
577131
577136
577133
577124
577135
577140
577145
577142
577139
577144
577149
577156
577163
577168
577165
577170
577175
577177
577177
577179
577179
577176
577181
577178
577183
577185
577187
577187
577187
577189
577189
577191
577191
577193
577195
577198
577197
577197
577197
577199
577199
577201
577203
577203
577203
577200
577205
577207
577207
577204
577209
577211
577213
577216
577219
577222
577225
577231
577237
577238.5
577240
577240.5
577242
577242.5
577243
577244.5
577245
577246.5
577248
577248.5
577249
577245
577251
577252.5
577254
577254.5
577255
577256.5
577258
577261
577260
577260.5
577261
577257
577253
577252
577255
577254
577257
577263
577269
577270.5
577271
577267
577273
577269
577265
577271
577277
577273
577279
577275
577281
577282.5
577283
577279
577275
577274
577273
577276
577275
577274
577277
577280
577279
577282
577281
577284
577287
577286
577285
577288
577287
577290
577289
577292
577291
577290
577293
577292
577291
577291
577291
577293
577293
577290
577295
577292
577289
577294
577291
577296
577293
577298
577295
577290
577285
577282
577287
577294
577301
577306
577303
577298
577305
577310
577315
577317
577319
577319
577319
577316
577321
577318
577315
577310
577317
577312
577319
577324
577321
577326
577331
577328
577333
577330
577327
577332
577329
577334
577331
577326
577321
577328
577323
577330
577325
577322
577327
577324
577329
577326
577331
577338
577345
577340
577335
577332
577337
577334
577331
577336
577341
577348
577355
577360
577365
577367
577369
577372
577375
577374
577377
577380
577379
577382
577381
577384
577383
577386
577389
577395
577401
577397
577403
577404.5
577405
577401
577397
577396
577399
577405
577411
577412.5
577413
577414.5
577416
577419
577422
577421
577424
577423
577422
577422.5
577424
577427
577426
577426.5
577427
577423
577419
577418
577421
577420
577419
577422
577425
577431
577437
577438.5
577439
577440.5
577442
577442.5
577443
577439
577435
577434
577437
577443
577449
577450.5
577451
577452.5
577454
577454.5
577456
577459
577458
577461
577460
577460.5
577462
577465
577464
577467
577466
577469
577472
577471
577470
577470.5
577471
577467
577463
577469
577475
577471
577477
577473
577479
577475
577481
577477
577483
577484.5
577485
577481
577487
577483
577489
577490.5
577492
577495
577498
577497
577496
577499
577498
577501
577500
577500.5
577502
577505
577504
577504.5
577506
577506.5
577508
577511
577510
577513
577516
577518.5
577521
577525
577529
577533
577537
577545
577553
577547
577541
577549
577543
577541
577545
577543
577541
577539
577537
577541
577545
577549
577547
577551
577549
577553
577557
577555
577559
577567
577575
577569
577563
577561
577565
577563
577567
577575
577569
577577
577585
577579
577587
577589
577591
577591
577593
577593
577593
577595
577595
577597
577597
577591
577599
577601
577601
577603
577603
577597
577591
577599
577593
577601
577609
577603
577611
577613
577615
577617
577617
577619
577621
577621
577621
577621
577623
577625
577627
577627
577627
577629
577631
577633.5
577636
577641.5
577638
577643.5
577649
577655.5
577651
577657.5
577653
577659.5
577655
577651.5
577657
577663.5
577670
577676
577682
577678
577684
577697.5
577686
577682
577678
577684
577680
577675.5
577682
577677.5
577673
577669.5
577666
577665.5
577668
577667.5
577670
577669.5
577672
577677.5
577683
577679.5
577685
577681.5
577687
577693.5
577689
577695.5
577702
577697.5
577693
577689.5
577686
577691.5
577697
577703.5
577699
577705.5
577712
577707.5
577703
577699.5
577696
577701.5
577698
577697.5
577700
577699.5
577699
577701.5
577701
577703.5
577703
577703
577705
577705
577707
577707
577709
577709
577711
577713.5
577716
577715.5
577715
577715
577715
577715
577717
577719
577721
577721
577721
577721
577721
577723
577725
577725
577725
577727
577727
577721
577715
577713
577711
577709
577713
577717
577715
577719
577723
577721
577719
577717
577715
577714.5
577717
577721
577725
577729
577733
577731
577729
577727
577725
577729
577727
577726.5
577729
577733
577737
577741
577745
577753
577761
577763
577763
577765
577765
577767
577767
577769
577769
577763
577757
577755
577759
577767
577775
577769
577763
577771
577779
577773
577781
577783
577785
577787
577787
577787
577789
577791
577793
577795.5
577795
577795
577795
577797
577799
577799
577799
577801
577801
577801
577801
577795
577789
577787
577791
577799
577807
577801
577809
577803
577797
577805
577799
577797
577801
577799
577797
577795
577793
577792.5
577795
577794.5
577797
577796.5
577799
577798.5
577801
577800.5
577800
577799
577802
577801
577804
577806.5
577806
577808.5
577808
577807
577806
577809
577808
577808.5
577810
577810.5
577811
577807
577813
577809
577805
577804
577807
577813
577809
577815
577821
577822.5
577823
577824.5
577825
577821
577827
577828.5
577829
577825
577831
577832.5
577834
577834.5
577835
577831
577837
577833
577829
577835
577841
577842.5
577844
577847
577850
577849
577848
577851
577850
577853
577856
577855
577854
577854.5
577856
577859
577862
577864.5
577864
577863
577862
577862.5
577863
577864.5
577865
577861
577857
577863
577859
577865
577871
577872.5
577874
577877
577880
577879
577882
577881
577880
577883
577882
577885
577888
577887
577890
577892.5
577892
577891
577894
577896.5
577896
577898.5
577901
577900.5
577900
577902.5
577902
577904.5
577904
577906.5
577909
577913
577917
577915
577913
577912.5
577915
577914.5
577917
577921
577919
577918.5
577918
577917
577920
577919
577918
577921
577920
577920.5
577922
577925
577924
577927
577930
577929
577932
577931
577934
577933
577936
577935
577938
577940.5
577940
577939
577942
577944.5
577944
577946.5
577946
577948.5
577951
577955
577959
577957
577955
577959
577963
577967
577965
577963
577967
577971
577975
577983
577977
577975
577979
577977
577975
577973
577977
577975
577979
577977
577975
577974.5
577977
577981
577985
577983
577987
577985
577983
577982.5
577985
577989
577987
577991
577995
577993
577991
577995
577993
577997
578001
577999
577997
577996.5
577999
577998.5
577998
578000.5
578003
578007
578005
578009
578013
578017
578015
578013
578011
578010.5
578010
578009
578008
578011
578010
578013
578016
578015
578014
578014.5
578016
578019
578022
578024.5
578027
578031
578035
578039
578043
578051
578045
578043
578041
578045
578043
578047
578045
578049
578047
578045
578043
578047
578045
578044.5
578047
578046.5
578046
578048.5
578048
578047
578050
578052.5
578055
578054.5
578057
578056.5
578059
578063
578067
578071
578069
578073
578077
578075
578079
578077
578081
578079
578077
578081
578085
578083
578087
578095
578103
578097
578091
578099
578093
578101
578095
578093
578091
578089
578087
578086.5
578086
578085
578088
578087
578090
578092.5
578092
578094.5
578094
578093
578096
578095
578098
578097
578096
578099
578102
578101
578104
578103
578102
578105
578108
578110.5
578110
578109
578112
578111
578110
578110.5
578112
578112.5
578114
578114.5
578115
578116.5
578117
578118.5
578120
578123
578126
578128.5
578128
578130.5
578130
578129
578128
578128.5
578130
578130.5
578132
578135
578134
578137
578136
578139
578138
578141
578140
578140.5
578142
578145
578148
578147
578146
578149
578152
578154.5
578157
578156.5
578156
578155
578154
578157
578160
578162.5
578162
578161
578160
578163
578166
578168.5
578168
578170.5
578173
578177
578175
578179
578183
578187
578191
578199
578207
578201
578209
578203
578211
578213
578213
578207
578201
578209
578203
578201
578205
578213
578207
578205
578203
578207
578211
578219
578213
578221
578229
578223
578231
578233
578233
578235
578235
578229
578223
578221
578219
578217
578215
578214.5
578217
578221
578219
578218.5
578221
578220.5
578220
578222.5
578222
578221
578220
578220.5
578221
578222.5
578224
578224.5
578226
578226.5
578228
578231
578230
578233
578232
578232.5
578233
578229
578235
578231
578227
578226
578225
578224
578227
578226
578229
578232
578235
578234
578233
578232
578235
578234
578237
578236
578239
578238
578237
578237
578237
578234
578231
578236
578233
578228
578223
578230
578237
578232
578227
578224
578229
578226
578231
578238
578233
578230
578227
578218
578229
578220
578231
578236
578233
578224
578235
578226
578217
578217.5
578219
578219.5
578221
578232
578223
578223.5
578224
578225.5
578226
578227.5
578229
578229.5
578231
578231.5
578232
578230.5
578229
578232.5
578231
578234.5
578238
578236.5
578235
578233.5
578232
578235.5
578234
578228
578236
578230
578224
578232
578226
578234
578242
578245.5
578244
578238
578246
578249.5
578248
578251.5
578250
578244
578252
578246
578240
578248
578256
578259.5
578258
578261.5
578260
578254
578248
578243.5
578239
578245.5
578241
578242
578243
578244
578245
578251.5
578258
578266
578274
578277.5
578276
578279.5
578283
578281.5
578285
578288.5
578292
578290.5
578289
578292.5
578291
578289.5
578293
578291.5
578295
578298.5
578297
578295.5
578294
578297.5
578296
578299.5
578298
578292
578286
578281.5
578277
578278
578279
578280
578281
578282
578283
578284
578285
578286
578287
578293.5
578289
578290
578291
578292
578293
578294
578295
578296
578297
578298
578299
578300
578301
578302
578303
578303
578303
578294.5
578286
578284
578282
578282.5
578283
578284.5
578285
578284
578287
578286
578285
578288
578291
578292.5
578293
578294.5
578295
578294
578293
578296
578299
578300.5
578302
578306
578310
578320.5
578312
578310
578314
578324.5
578335
578337
578339
578339
578341
578342
578343
578344
578345
578346
578347
578348
578349
578349
578349
578351
578353
578353
578353
578344.5
578355
578357
578357
578348.5
578340
578338
578336
578340
578338
578342
578340
578344
578348
578346
578344
578348
578352
578362.5
578354
578364.5
578356
578354
578352
578352.5
578353
578352
578351
578354
578357
578356
578359
578358
578357
578360
578363
578362
578361
578364
578363
578366
578365
578364
578367
578370
578373
578372
578371
578370
578369
578370
578371
578372
578373
578374
578375
578378
578381
578384
578383
578382
578385
578384
578387
578386
578389
578392
578391
578390
578389
578390
578391
578392
578393
578394
578395
578390.5
578397
578398
578399
578400
578401
578402
578403
578404
578405
578400.5
578407
578408
578409
578410
578411
578412
578413
578416
578419
578418
578421
578420
578423
578422
578421
578422
578423
578424
578425
578420.5
578416
578401.5
578387
578403.5
578389
578383.5
578391
578407.5
578424
578409.5
578395
578389.5
578397
578413.5
578399
578415.5
578401
578417.5
578403
578419.5
578436
578421.5
578438
578444.5
578451
578446.5
578442
578427.5
578413
578407.5
578402
578397
578392
578389
578394
578391
578388
578388.5
578389
578388
578391
578392.5
578394
578399
578404
578401
578398
578403
578400
578405
578402
578407
578412
578409
578414
578421
578428
578423
578430
578437.5
578432
578439.5
578447
578441.5
578436
578431
578426
578433
578428
578425
578430
578437
578432
578429
578434
578431
578436
578433
578430
578430.5
578431
578430
578429
578432
578435
578436.5
578437
578438.5
578439
578440.5
578441
578440
578443
578442
578441
578444
578443
578446
578449
578448
578451
578452.5
578454
578454.5
578455
578456.5
578458
578463
578468
578475
578482
578489.5
578497
578513.5
578499
578493.5
578501
578517.5
578534
578519.5
578536
578521.5
578538
578544.5
578551
578546.5
578553
578548.5
578555
578550.5
578557
578558
578559
578554.5
578550
578535.5
578552
578558.5
578565
578560.5
578567
578562.5
578558
578543.5
578560
578545.5
578531
578525.5
578533
578527.5
578522
578529.5
578537
578553.5
578570
578555.5
578541
578557.5
578543
578537.5
578545
578539.5
578547
578541.5
578536
578543.5
578551
578545.5
578540
578535
578530
578527
578532
578529
578534
578531
578528
578528.5
578529
578530.5
578531
578530
578529
578527.5
578526
578529.5
578528
578531.5
578530
578530.5
578531
578532.5
578533
578534.5
578535
578533.5
578532
578535.5
578534
578537.5
578536
578539.5
578543
578544.5
578546
578546.5
578547
578548.5
578550
578553.5
578552
578555.5
578554
578557.5
578561
578559.5
578563
578566
578565
578568
578567
578565.5
578569
578572
578571
578574
578577
578578.5
578579
578578
578577
578575.5
578574
578574.5
578576
578579.5
578578
578581.5
578580
578580.5
578582
578585.5
578584
578584.5
578586
578589.5
578588
578588.5
578589
578587.5
578586
578589.5
578588
578591.5
578590
578593.5
578592
578589.5
578594
578597.5
578596
578593.5
578598
578595.5
578600
578597.5
578595
578599.5
578597
578590
578583
578592
578601
578594
578603
578596
578605
578598
578591
578584
578593
578602
578595
578604
578597
578606
578615
578608
578617
578610
578603
578612
578605
578614
578607
578616
578625
578629.5
578627
578631.5
578636
578633.5
578631
578624
578633
578626
578635
578639.5
578644
578647.5
578651
578649.5
578648
578645.5
578643
578647.5
578652
578655.5
578654
578651.5
578656
578653.5
578651
578655.5
578653
578646
578639
578632
578625
578621.5
578618
578623.5
578629
578638
578647
578656
578665
578658
578651
578644
578637
578633.5
578639
578635.5
578641
578637.5
578643
578639.5
578636
578636
578636
578632.5
578638
578640
578640
578642
578644
578649.5
578646
578646
578646
578648
578650
578650
578652
578652
578652
578654
578654
578650.5
578656
578658
578658
578660
578662
578667.5
578664
578664
578666
578666
578666
578668
578668
578664.5
578670
578666.5
578663
578663
578663
578665
578665
578664
578667
578666
578665
578668
578667
578670
578669
578672
578671
578674
578673
578676
578679
578678
578677
578673.5
578679
578675.5
578681
578677.5
578674
578669.5
578665
578664.5
578667
578673.5
578680
578685.5
578682
578687.5
578684
578689.5
578695
578691.5
578697
578700
578699
578702
578701
578697.5
578694
578699.5
578696
578691.5
578698
578703.5
578709
578705.5
578711
578714
578713
578709.5
578715
578718
578721
578720
578723
578722
578721
578717.5
578723
578726
578725
578721.5
578727
578730
578729
578725.5
578722
578717.5
578713
578712.5
578715
578721.5
578717
578723.5
578719
578725.5
578732
578727.5
578734
578729.5
578725
578731.5
578738
578733.5
578740
578735.5
578742
578737.5
578733
578739.5
578735
578734.5
578737
578736.5
578739
578738.5
578741
578740.5
578743
578749.5
578756
578751.5
578747
578746.5
578749
578755.5
578751
578750.5
578750
578750
578752
578752
578752
578752
578752
578750.5
578754
578752.5
578756
578754.5
578758
578756.5
578760
578762
578764
578764
578766
578768
578770
578770
578772
578774.5
578774
578774
578776
578778.5
578778
578778
578780
578782.5
578782
578782
578784
578786.5
578789
578795.5
578791
578790.5
578790
578792.5
578792
578792
578792
578792
578792
578790.5
578794
578792.5
578796
578794.5
578798
578800
578802
578804
578806
578808.5
578811
578817.5
578824
578829.5
578826
578831.5
578828
578823.5
578819
578825.5
578821
578820.5
578823
578822.5
578822
578822
578822
578824
578826
578826
578826
578826
578828
578828
578828
578830
578830
578832
578832
578834
578834
578832.5
578836
578838
578840
578840
578840
578838.5
578842
578840.5
578844
578846
578846
578848
578848
578846.5
578845
578848.5
578852
578854
578854
578852.5
578856
578854.5
578853
578856.5
578860
578858.5
578857
578853.5
578859
578855.5
578852
578857.5
578854
578853
578852
578855
578854
578852.5
578851
578850
578853
578856.5
578860
578858.5
578862
578865
578864
578867
578870
578875.5
578872
578877.5
578874
578879.5
578876
578875
578874
578872.5
578871
578870
578873
578872
578875
578878.5
578882
578880.5
578884
578887
578886
578889
578892
578891
578894
578893
578896
578901.5
578898
578897
578900
578899
578898
578901
578904
578903
578906
578905
578908
578907
578906
578904.5
578908
578911
578914
578919.5
578916
578915
578914
578917
578920
578925.5
578922
578921
578924
578929.5
578926
578925
578924
578927
578926
578924.5
578928
578926.5
578930
578933
578932
578935
578934
578932.5
578936
578934.5
578938
578936.5
578935
578938.5
578937
578940.5
578939
578938
578937
578940
578939
578940
578941
578944
578947
578946
578949
578952.5
578951
578954.5
578953
578952
578955
578958.5
578962
578965
578968
578967
578970
578969
578968
578971
578970
578968.5
578967
578966
578965
578968
578971
578974.5
578978
578976.5
578975
578974
578973
578974
578975
578976
578977
578980
578979
578980
578981
578981.5
578983
578984
578985
578986
578987
578988
578989
578990
578991
578994
578997
578996
578995
578996
578997
578998
578999
579002
579001
579004
579003
579004
579005
579006
579007
579007.5
579009
579009.5
579011
579012
579013
579013.5
579015
579015.5
579017
579017.5
579019
579020
579021
579022
579023
579024
579025
579026
579027
579028
579029
579030
579031
579032
579033
579034
579035
579036
579037
579040
579043
579046.5
579050
579053
579052
579050.5
579049
579048
579047
579050
579053
579052
579051
579052
579053
579056
579055
579056
579057
579058
579059
579062
579061
579062
579063
579064
579065
579066
579067
579068
579069
579070
579071
579072
579073
579073.5
579074
579071
579076
579077.5
579078
579075
579080
579077
579082
579079
579084
579085.5
579086
579083
579088
579089.5
579090
579087
579084
579089
579094
579091
579096
579097.5
579099
579100
579101
579104
579107
579106
579105
579108
579111
579114.5
579118
579121
579124
579129.5
579126
579125
579124
579127
579130
579129
579128
579126.5
579130
579133
579132
579135
579134
579132.5
579131
579134.5
579133
579132
579131
579134
579137
579140.5
579144
579142.5
579146
579149
579152
579157.5
579163
579159.5
579165
579168.5
579172
579170.5
579174
579176
579178
579180
579182
579182
579182
579182
579184
579184
579186
579186
579188
579188
579188
579190
579190
579192
579192
579190.5
579194
579192.5
579196
579198
579198
579200
579202
579202
579202
579200.5
579204
579202.5
579201
579197.5
579194
579193
579196
579201.5
579198
579197
579196
579199
579198
579196.5
579195
579194
579193
579196
579199
579202.5
579201
579200
579199
579200
579201
579202
579203
579204
579205
579208
579211
579214.5
579213
579212
579215
579214
579217
579216
579219
579222.5
579226
579224.5
579223
579226.5
579230
579233
579236
579235
579238
579237
579240
579245.5
579251
579254.5
579258
579260
579260
579262
579264
579266
579266
579266
579268
579268
579270
579270
579272
579274
579274
579274
579274
579272.5
579271
579274.5
579273
579276.5
579280
579282
579282
579284
579286
579286
579286
579288
579288
579286.5
579285
579281.5
579287
579283.5
579289
579292.5
579291
579294.5
579293
579289.5
579286
579285
579284
579282.5
579286
579289
579292
579291
579290
579293
579292
579295
579294
579297
579296
579299
579298
579301
579300
579298.5
579297
579300.5
579299
579302.5
579301
579300
579299
579302
579305
579304
579307
579306
579305
579306
579307
579308
579309
579310
579311
579312
579313
579316
579319
579322.5
579321
579320
579323
579322
579325
579324
579327
579330.5
579334
579332.5
579336
579339
579338
579336.5
579340
579338.5
579337
579336
579339
579342.5
579346
579344.5
579348
579346.5
579350
579353
579352
579350.5
579349
579352.5
579351
579354.5
579353
579356.5
579355
579354
579353
579354
579355
579358
579357
579360
579359
579360
579361
579361.5
579362
579363.5
579364
579361
579366
579363
579368
579369.5
579371
579371.5
579372
579369
579374
579375.5
579376
579373
579378
579379.5
579380
579377
579382
579379
579384
579385.5
579387
579388
579389
579390
579391
579394
579393
579396
579395
579398
579401
579404.5
579403
579402
579401
579404
579407
579406
579405
579406
579407
579407.5
579408
579409.5
579410
579411.5
579412
579409
579406
579411
579408
579413
579418
579415
579412
579413
579414
579414
579414
579416
579418
579418
579418
579417.5
579417
579419.5
579419
579419.5
579421
579421.5
579423
579425.5
579428
579427.5
579430
579432
579434
579435
579436
579437
579438
579443
579448
579449.5
579450
579447
579444
579449
579446
579447
579448
579449
579450
579450
579450
579452
579452
579454
579456
579456
579458
579458
579460
579460
579462
579463
579464
579464
579464
579463.5
579463
579463.5
579464
579465.5
579466
579467.5
579468
579467.5
579470
579469.5
579469
579471.5
579474
579473.5
579476
579475.5
579475
579477.5
579480
579479.5
579479
579481.5
579484
579485.5
579486
579485.5
579485
579473
579461
579475
579463
579477
579465
579479
579493
579495.5
579498
579497.5
579500
579501.5
579503
579503.5
579505
579507.5
579507
579509.5
579512
579514
579514
579513.5
579513
579513.5
579515
579517.5
579517
579517.5
579519
579521.5
579521
579521.5
579523
579523.5
579525
579527.5
579527
579527.5
579529
579529.5
579531
579533.5
579533
579533.5
579534
579533.5
579536
579535.5
579535
579523
579511
579510
579513
579527
579515
579529
579517
579516
579515
579518
579521
579535
579549
579551.5
579551
579539
579553
579541
579529
579528
579527
579525.5
579529
579532
579531
579529.5
579533
579536
579539
579538
579541
579540
579539
579537.5
579541
579539.5
579543
579541.5
579540
579543.5
579542
579539
579536
579535.5
579535
579533.5
579537
579539.5
579542
579541.5
579541
579543.5
579543
579545.5
579545
579543.5
579542
579545.5
579544
579544
579544
579543
579546
579548
579550
579550
579550
579549
579552
579551
579554
579556
579556
579558
579558
579560
579560
579562
579562
579564
579566
579566
579566
579565
579568
579567
579566
579569
579572
579574
579574
579573
579576
579575
579578
579580
579582
579585.5
579584
579587.5
579586
579589.5
579593
579591.5
579595
579593.5
579592
579595.5
579594
579597.5
579596
579596
579596
579595
579594
579588
579596
579590
579584
579578
579572
579580
579574
579554.5
579576
579584
579578
579586
579594
579588
579596
579590
579598
579606
579614
579617
579620
579619
579622
579624
579624
579626
579628
579628
579630
579630
579630
579632
579632
579634
579634
579633
579632
579626
579620
579614
579622
579616
579624
579632
579626
579620
579628
579636
579630
579638
579646
579649
579652
579651
579654
579656
579656
579658
579658
579660
579662
579665.5
579664
579667.5
579666
579669.5
579673
579675.5
579675
579677.5
579677
579679.5
579682
579687
579684
579683.5
579686
579691
579696
579699.5
579698
579701.5
579705
579703.5
579702
579705.5
579709
579707.5
579711
579709.5
579708
579705
579702
579707
579712
579715.5
579719
579722
579721
579719.5
579723
579726
579725
579728
579727
579725.5
579724
579721
579718
579723
579728
579731.5
579730
579727
579732
579729
579726
579725.5
579728
579733
579738
579735
579740
579743.5
579747
579750
579749
579752
579751
579754
579757
579756
579759
579758
579761
579760
579763
579777
579791
579793.5
579796
579795.5
579795
579797.5
579800
579799.5
579799
579787
579801
579789
579777
579776
579775
579778
579781
579780
579779
579782
579781
579779.5
579783
579781.5
579785
579783.5
579782
579779
579776
579775.5
579775
579773.5
579772
579775.5
579779
579781.5
579784
579789
579794
579797.5
579796
579793
579790
579795
579800
579797
579794
579793.5
579796
579795.5
579795
579793.5
579797
579799.5
579799
579801.5
579804
579809
579814
579811
579808
579813
579818
579815
579812
579811.5
579811
579813.5
579816
579821
579818
579823
579820
579819.5
579822
579827
579824
579829
579826
579825.5
579825
579827.5
579827
579825.5
579824
579824
579826
579826
579826
579825
579824
579818
579826
579829
579828
579831
579830
579833
579832
579835
579834
579828
579836
579839
579842
579844
579846
579846
579848
579851.5
579850
579850
579852
579855.5
579854
579854
579854
579853
579852
579855
579858
579860
579862
579865.5
579864
579864
579864
579866
579866
579868
579870
579873.5
579877
579879.5
579882
579887
579892
579895.5
579899
579902
579901
579904
579903
579901.5
579900
579897
579894
579899
579904
579907.5
579911
579909.5
579908
579911.5
579915
579913.5
579917
579915.5
579919
579917.5
579921
579924
579927
579926
579925
579923.5
579922
579925.5
579924
579927.5
579926
579929.5
579933
579936
579939
579953
579941
579955
579969
579971.5
579974
579973.5
579973
579961
579975
579977.5
579977
579979.5
579979
579981.5
579984
579985.5
579987
579987.5
579989
579989.5
579990
579989.5
579989
579977
579965
579979
579993
579981
579969
579968
579967
579970
579969
579972
579975
579974
579973
579976
579975
579973.5
579972
579969
579966
579971
579976
579979.5
579978
579975
579980
579983.5
579982
579979
579976
579981
579978
579983
579980
579985
579982
579987
579992
579989
579994
579997.5
579996
579993
579990
579989.5
579992
579991.5
579991
579989.5
579993
579991.5
579995
579997.5
579997
579995.5
579999
580001.5
580004
580009
580006
580011
580008
580007.5
580010
580015
580012
580011.5
580014
580019
580024
580021
580018
580023
580028
580025
580022
580027
580024
580029
580034
580037.5
580036
580039.5
580038
580035
580032
580031.5
580034
580033.5
580036
580041
580046
580049.5
580048
580045
580042
580047
580052
580055.5
580054
580057.5
580056
580053
580058
580061.5
580060
580063.5
580067
580065.5
580064
580061
580058
580057.5
580060
580065
580062
580061.5
580064
580063.5
580066
580071
580076
580073
580078
580081.5
580085
580088
580091
580090
580093
580092
580091
580094
580097
580111
580125
580113
580101
580115
580103
580102
580101
580104
580103
580101.5
580100
580097
580094
580093.5
580093
580095.5
580098
580103
580100
580099.5
580099
580101.5
580101
580103.5
580106
580111
580116
580113
580118
580121.5
580125
580128
580131
580145
580133
580132
580135
580134
580137
580151
580139
580153
580141
580140
580139
580142
580141
580139.5
580143
580146
580149
580148
580151
580150
580149
580152
580151
580154
580153
580151.5
580155
580153.5
580152
580155.5
580159
580157.5
580156
580153
580150
580155
580160
580163.5
580162
580165.5
580164
580167.5
580171
580169.5
580173
580171.5
580175
580178
580177
580180
580179
580177.5
580176
580179.5
580183
580181.5
580180
580177
580174
580173.5
580173
580171.5
580175
580177.5
580177
580179.5
580182
580187
580192
580195.5
580199
580197.5
580201
580199.5
580203
580201.5
580205
580203.5
580207
580205.5
580204
580207.5
580206
580203
580200
580205
580202
580201.5
580201
580203.5
580203
580201.5
580200
580200
580202
580205.5
580204
580207.5
580206
580206
580206
580205
580204
580198
580192
580186
580180
580160.5
580141
580162.5
580184
580164.5
580145
580145.5
580147
580147.5
580148
580149.5
580151
580172.5
580194
580202
580196
580204
580198
580206
580214
580208
580202
580210
580218
580212
580220
580214
580222
580216
580210
580190.5
580212
580192.5
580214
580194.5
580216
580224
580232
580240
580234
580228
580222
580202.5
580183
580204.5
580185
580206.5
580228
580208.5
580189
580189.5
580190
580190.5
580192
580193.5
580194
580194.5
580195
580196.5
580198
580199.5
580201
580201.5
580202
580202.5
580204
580204.5
580205
580206.5
580207
580208
580209
580210.5
580211
580212.5
580214
580215.5
580217
580217.5
580218
580218.5
580219
580220
580221
580222
580223
580218
580225
580226
580227
580228
580229
580224
580219
580217
580221
580219
580223
580230
580225
580232
580239
580240
580241
580242
580243
580244
580245
580246
580247
580248.5
580250
580250.5
580251
580252
580253
580254
580255
580256
580257
580258.5
580259
580260
580261
580262.5
580264
580265.5
580267
580288.5
580269
580290.5
580312
580292.5
580314
580294.5
580275
580275.5
580276
580276.5
580277
580278
580279
580280.5
580282
580282.5
580284
580285.5
580286
580287.5
580288
580288.5
580290
580291.5
580292
580292.5
580293
580294.5
580296
580296.5
580297
580298.5
580299
580300
580301
580296
580303
580304
580305
580306.5
580308
580309.5
580311
580332.5
580313
580313.5
580315
580336.5
580317
580317.5
580319
580319.5
580321
580342.5
580323
580323.5
580325
580346.5
580368
580348.5
580370
580350.5
580331
580331.5
580333
580333.5
580334
580335.5
580337
580358.5
580380
580388
580382
580390
580384
580392
580400
580408
580402
580396
580390
580398
580406
580400
580408
580416
580424
580418
580426
580420
580414
580422
580416
580410
580404
580412
580406
580386.5
580408
580388.5
580410
580418
580412
580420
580428
580436
580444
580447
580446
580449
580452
580454
580454
580453
580452
580446
580440
580434
580442
580450
580444
580438
580446
580454
580448
580442
580436
580416.5
580397
580397.5
580398
580398.5
580400
580401.5
580403
580403.5
580404
580404.5
580405
580406
580407
580402
580397
580395
580393
580389.5
580386
580391.5
580388
580393.5
580390
580390
580390
580392
580392
580390
580388
580388.5
580390
580390.5
580392
580392.5
580393
580389
580395
580391
580397
580393
580389
580395
580401
580397
580393
580399
580395
580401
580397
580395.5
580394
580392.5
580391
580394.5
580393
580371
580349
580373
580351
580375
580399
580402.5
580401
580379
580357
580353.5
580350
580349
580348
580351
580354
580353
580352
580355
580354
580357
580360
580359
580358
580361
580364
580363
580362
580360
580358
580357
580356
580347
580358
580349
580340
580336
580342
580338
580334
580333
580332
580327
580322
580329
580324
580319
580314
580321
580328
580335
580342
580337
580332
580327
580322
580311.5
580324
580331
580326
580333
580340
580335
580342
580349
580344
580351
580346
580341
580336
580325.5
580315
580308.5
580302
580300.5
580299
580302.5
580301
580304.5
580303
580306.5
580310
580318.5
580327
580320.5
580329
580341.5
580354
580361
580368
580375
580382
580385
580384
580379
580374
580381
580376
580383
580378
580373
580380
580375
580370
580377
580384
580379
580374
580363.5
580376
580365.5
580378
580385
580392
580399
580394
580389
580396
580391
580398
580393
580388
580395
580390
580397
580392
580399
580406
580413
580420
580423
580426
580425
580428
580434
580440
580436
580442
580438
580444
580440
580446
580457
580468
580459
580450
580461
580452
580448
580444
580450
580456
580467
580458
580454
580450
580456
580462
580473
580484
580475
580466
580477
580468
580479
580470
580481
580472
580468
580464
580470
580476
580472
580478
580489
580480
580491
580502
580505
580504
580495
580486
580497
580508
580499
580490
580501
580492
580503
580494
580490
580496
580507
580498
580494
580500
580496
580502
580513
580524
580515
580526
580517
580508
580504
580510
580521
580512
580523
580534
580525
580516
580512
580508
580507
580510
580509
580508
580503
580510
580505
580512
580507
580502
580497
580504
580499
580494
580501
580508
580503
580498
580505
580512
580519
580526
580521
580516
580511
580506
580513
580520
580515
580522
580517
580524
580531
580526
580521
580528
580535
580530
580525
580532
580539
580534
580541
580536
580543
580550
580545
580552
580555
580558
580557
580556
580559
580558
580561
580564
580570
580576
580587
580578
580589
580600
580603
580602
580593
580604
580607
580606
580597
580608
580599
580610
580613
580612
580603
580614
580617
580616
580607
580618
580621
580620
580611
580602
580598
580594
580593
580596
580595
580598
580604
580610
580606
580612
580608
580604
580603
580606
580605
580604
580599
580594
580589
580584
580573.5
580563
580556.5
580565
580577.5
580590
580597
580604
580599
580606
580601
580608
580603
580598
580605
580600
580607
580602
580609
580616
580611
580618
580613
580608
580615
580610
580599.5
580612
580619
580614
580603.5
580616
580605.5
580618
580625
580632
580627
580634
580629
580624
580613.5
580603
580615.5
580605
580617.5
580630
580637
580632
580621.5
580634
580623.5
580613
580625.5
580638
580645
580640
580629.5
580619
580612.5
580606
580604.5
580603
580606.5
580610
580608.5
580607
580606.5
580609
580612.5
580611
580614.5
580613
580612.5
580612
580608.5
580605
580606
580607
580608
580609
580610
580611
580609.5
580608
580605.5
580610
580613.5
580612
580615.5
580614
580611.5
580616
580613.5
580611
580615.5
580620
580617.5
580615
580613
580611
580615
580619
580617
580621
580619
580617
580621
580619
580616
580621
580625
580623
580620
580617
580622
580627
580631
580629
580626
580631
580635
580633
580637
580635
580632
580629
580627.5
580631
580636
580633
580638
580643
580647
580651
580649
580647
580651
580655
580659.5
580657
580655
580653
580657
580661
580665.5
580670
580667.5
580672
580675.5
580674
580677.5
580681
580682
580683
580684
580685
580686
580687
580692.5
580698
580700.5
580700
580702.5
580702
580704.5
580704
580706.5
580709
580708.5
580708
580704.5
580701
580702
580703
580704
580705
580703.5
580702
580699.5
580697
580701.5
580699
580697
580695
580692
580689
580694
580699
580703
580707
580705
580703
580700
580705
580709
580713
580717.5
580715
580719.5
580717
580715
580713
580717
580715
580712
580717
580714
580719
580723
580727
580731.5
580729
580733.5
580731
580735.5
580740
580743.5
580747
580745.5
580744
580741.5
580739
580743.5
580748
580745.5
580750
580747.5
580752
580749.5
580747
580745
580743
580740
580745
580742
580739
580744
580749
580753
580751
580748
580753
580750
580747
580745.5
580744
580745
580746
580742.5
580739
580737.5
580741
580746.5
580752
580748.5
580745
580750.5
580747
580752.5
580749
580754.5
580751
580756.5
580762
580763
580764
580767.5
580771
580776
580773
580778
580775
580780
580785
580789
580793
580791
580789
580793
580797
580795
580799
580797
580801
580799
580803
580807.5
580805
580803
580807
580811.5
580809
580807
580805
580809
580813
580811
580815
580813
580817
580821.5
580819
580823.5
580828
580825.5
580823
580821
580825
580829.5
580834
580837.5
580836
580833.5
580838
580835.5
580840
580843.5
580847
580848
580849
580850
580851
580856.5
580853
580854
580855
580860.5
580857
580862.5
580868
580864.5
580861
580866.5
580872
580868.5
580874
580870.5
580867
580868
580869
580867.5
580871
580872
580873
580874
580875
580876
580877
580875.5
580879
580877.5
580876
580879.5
580878
580881.5
580880
580877.5
580875
580879.5
580877
580881.5
580879
580877
580875
580879
580883
580887.5
580892
580895.5
580894
580897.5
580901
580902
580903
580901.5
580900
580903.5
580907
580905.5
580904
580901.5
580899
580897
580895
580899
580897
580901
580905
580909.5
580914
580911.5
580909
580913.5
580911
580915.5
580913
580911
580909
580906
580911
580908
580905
580910
580907
580905.5
580904
580905
580906
580909.5
580908
580911.5
580910
580913.5
580917
580915.5
580914
580917.5
580916
580919.5
580923
580928
580925
580923.5
580927
580932
580929
580934
580939
580943
580941
580945
580949
580947
580945
580942
580947
580951
580955
580959.5
580964
580961.5
580959
580957
580955
580959
580963
580961
580959
580956
580953
580951.5
580950
580951
580952
580953
580954
580955
580956
580957
580958
580959
580960
580961
580962
580963
580964
580960.5
580966
580962.5
580959
580964.5
580961
580966.5
580972
580973
580974
580975
580976
580977
580978
580979
580980
580983.5
580987
580992
580989
580994
580991
580996
581001
580998
580995
581000
580997
581002
581007
581004
581009
581013
581011
581008
581005
581010
581015
581012
581009
581014
581011
581016
581021
581025
581023
581020
581025
581022
581019
581017.5
581021
581019.5
581023
581028
581025
581023.5
581022
581023
581024
581025
581026
581027
581028
581029
581030
581033.5
581037
581042
581039
581044
581041
581039.5
581043
581048
581045
581050
581047
581052
581049
581054
581051
581049.5
581053
581051.5
581050
581053.5
581052
581053
581054
581050.5
581056
581057
581058
581061.5
581065
581070
581067
581065.5
581064
581065
581066
581062.5
581059
581057.5
581056
581053.5
581051
581049
581047
581051
581049
581050
581051
581049.5
581053
581051.5
581050
581053.5
581057
581055.5
581054
581053
581056
581059.5
581058
581057
581060
581063.5
581062
581061
581060
581063
581062
581059.5
581057
581056
581055
581058
581061
581060
581063
581067.5
581072
581075
581074
581071.5
581076
581073.5
581071
581070
581069
581067
581065
581060
581055
581062
581069
581064
581071
581075
581073
581068
581063
581070
581077
581081
581079
581074
581069
581076
581071
581078
581085
581089
581093
581096
581095
581093
581091
581095
581099
581102
581105
581104
581107
581111.5
581116
581113.5
581111
581115.5
581120
581123
581122
581119.5
581117
581116
581119
581123.5
581121
581125.5
581130
581127.5
581132
581135
581138
581137
581140
581143.5
581147
581148
581149
581147.5
581151
581152
581153
581151.5
581155
581156
581157
581158
581159
581160
581161
581162
581163
581164
581165
581166
581167
581165.5
581169
581170
581171
581175
581173
581174
581175
581179
581177
581178
581179
581183
581187
581191.5
581189
581187
581185
581186
581187
581188
581189
581187.5
581191
581189.5
581193
581191.5
581190
581193.5
581192
581191
581194
581197.5
581196
581199.5
581203
581204
581205
581206
581207
581208
581209
581213
581211
581215
581213
581214
581215
581219
581217
581218
581219
581220
581221
581225
581229
581227
581225
581229
581233
581231
581235
581239.5
581244
581241.5
581246
581249.5
581253
581258.5
581264
581260.5
581257
581255.5
581259
581264.5
581261
581259.5
581263
581261.5
581265
581263.5
581262
581259.5
581257
581255
581253
581257
581261
581265.5
581263
581261
581259
581263
581261
581262
581263
581261.5
581260
581259
581262
581261
581264
581267.5
581271
581272
581273
581271.5
581270
581273.5
581272
581275.5
581274
581277.5
581281
581282
581283
581281.5
581280
581283.5
581287
581288
581289
581290
581291
581292
581293
581294
581295
581296
581297
581298
581299
581300
581301
581299.5
581303
581301.5
581300
581303.5
581307
581308
581309
581307.5
581306
581309.5
581313
581311.5
581315
581313.5
581312
581311
581314
581317.5
581316
581319.5
581323
581321.5
581320
581319
581322
581321
581324
581327.5
581326
581325
581328
581327
581330
581329
581332
581335.5
581339
581337.5
581336
581339.5
581343
581341.5
581345
581343.5
581342
581341
581340
581343
581342
581339.5
581337
581336
581335
581333
581331
581326
581321
581319
581317
581313
581309
581315
581311
581317
581313
581313.5
581315
581315.5
581317
581323
581319
581325
581331
581327
581333
581329
581325
581331
581327
581327.5
581328
581324
581330
581326
581322
581328
581334
581335.5
581337
581337.5
581339
581339.5
581341
581341.5
581343
581343.5
581345
581351
581357
581353
581359
581363
581367
581365
581369
581367
581371
581369
581367
581371
581369
581365
581371
581367
581363
581369
581375
581371
581377
581381
581379
581375
581381
581385
581383
581379
581375
581381
581377
581377.5
581379
581385
581381
581387
581383
581389
581385
581385.5
581386
581387.5
581388
581384
581380
581386
581382
581381
581380
581383
581386
581385
581388
581387
581390
581389
581392
581391
581394
581393
581396
581395
581394
581395
581396
581397
581398
581401
581404
581410
581416
581417.5
581418
581414
581420
581416
581412
581411
581410
581411
581412
581413
581414
581417
581420
581426
581422
581428
581434
581430
581426
581425
581424
581425
581426
581427
581428
581429
581430
581431
581432
581433
581434
581437
581436
581437
581438
581439
581440
581441
581442
581442.5
581443
581441.5
581440
581443.5
581442
581445.5
581444
581439.5
581446
581441.5
581437
581443.5
581439
581435.5
581432
581437.5
581443
581439.5
581445
581451.5
581458
581461.5
581460
581463.5
581467
581465.5
581464
581467.5
581471
581472.5
581473
581471.5
581475
581473.5
581472
581467.5
581474
581469.5
581476
581471.5
581478
581473.5
581469
581465.5
581462
581462.5
581464
581469.5
581466
581466.5
581468
581473.5
581470
581470.5
581472
581477.5
581474
581474.5
581475
581476.5
581477
581478.5
581479
581477.5
581481
581482.5
581483
581481.5
581485
581483.5
581482
581482.5
581483
581484.5
581485
581483.5
581482
581485.5
581489
581487.5
581491
581492.5
581494
581497.5
581501
581499.5
581498
581498.5
581499
581500.5
581501
581499.5
581503
581504.5
581506
581506.5
581508
581511.5
581510
581510.5
581512
581515.5
581514
581517.5
581521
581519.5
581523
581524.5
581525
581523.5
581522
581522.5
581524
581527.5
581531
581532.5
581534
581534.5
581535
581536.5
581538
581538.5
581540
581545.5
581542
581547.5
581544
581544.5
581546
581546.5
581547
581548.5
581550
581555.5
581561
581567.5
581563
581569.5
581565
581561.5
581558
581563.5
581569
581565.5
581571
581567.5
581564
581569.5
581566
581571.5
581568
581573.5
581570
581575.5
581581
581577.5
581574
581579.5
581576
581581.5
581578
581583.5
581589
581585.5
581591
581597.5
581604
581607.5
581611
581612.5
581613
581614.5
581615
581613.5
581612
581615.5
581614
581617.5
581621
581619.5
581618
581621.5
581620
581615.5
581622
581625.5
581624
581627.5
581626
581629.5
581628
581631.5
581635
581636.5
581638
581638.5
581640
581641
581642
581643
581644
581644.5
581646
581646.5
581647
581645.5
581644
581647.5
581651
581652.5
581653
581654.5
581655
581653.5
581652
581655.5
581654
581657.5
581656
581659.5
581658
581653.5
581660
581663.5
581662
581665.5
581669
581670.5
581672
581673
581674
581677
581676
581679
581682
581681
581680
581683
581682
581685
581684
581685
581686
581687
581688
581688.5
581690
581691
581692
581693
581694
581695
581696
581696.5
581698
581698.5
581699
581697.5
581696
581691.5
581698
581701.5
581700
581703.5
581702
581697.5
581693
581699.5
581706
581701.5
581697
581703.5
581710
581705.5
581701
581707.5
581714
581709.5
581705
581711.5
581718
581721.5
581725
581723.5
581727
581725.5
581724
581727.5
581726
581729.5
581733
581734.5
581736
581736.5
581738
581738.5
581739
581737.5
581736
581731.5
581727
581733.5
581740
581735.5
581742
581745.5
581749
581750.5
581751
581749.5
581753
581754.5
581756
581756.5
581757
581758.5
581759
581760.5
581761
581759.5
581763
581761.5
581765
581763.5
581767
581765.5
581764
581767.5
581771
581772.5
581773
581774.5
581776
581777
581778
581781
581780
581783
581782
581785
581784
581787
581786
581787
581788
581791
581794
581793
581792
581795
581794
581797
581800
581806
581812
581808
581804
581803
581806
581805
581808
581807
581806
581807
581808
581811
581810
581811
581812
581813
581814
581814.5
581815
581816.5
581817
581815.5
581814
581817.5
581816
581811.5
581807
581813.5
581809
581805.5
581811
581807.5
581804
581809.5
581806
581811.5
581817
581813.5
581810
581810.5
581811
581809.5
581813
581811.5
581810
581810.5
581812
581812.5
581813
581814.5
581815
581816.5
581818
581821.5
581825
581823.5
581822
581825.5
581829
581827.5
581826
581826.5
581828
581831.5
581830
581830.5
581832
581832.5
581834
581834.5
581835
581836.5
581838
581838.5
581840
581840.5
581842
581845.5
581849
581850.5
581852
581857.5
581863
581859.5
581865
581871.5
581867
581873.5
581869
581875.5
581871
581867.5
581864
581864.5
581865
581866.5
581868
581868.5
581869
581870.5
581872
581872.5
581874
581879.5
581885
581891.5
581898
581893.5
581889
581895.5
581891
581897.5
581893
581899.5
581906
581901.5
581897
581893.5
581899
581895.5
581892
581897.5
581894
581894.5
581895
581896.5
581897
581898.5
581899
581900.5
581901
581902.5
581904
581904.5
581905
581903.5
581907
581908.5
581909
581907.5
581911
581909.5
581908
581911.5
581910
581910.5
581912
581912.5
581913
581911.5
581915
581916.5
581917
581915.5
581919
581920.5
581922
581925.5
581929
581927.5
581926
581926.5
581928
581931.5
581930
581930.5
581931
581932.5
581934
581937.5
581936
581939.5
581938
581938.5
581939
581940.5
581941
581939.5
581943
581941.5
581940
581941
581942
581940.5
581944
581945
581946
581947
581948
581946.5
581945
581942
581939
581937
581935
581933.5
581932
581935.5
581939
581937.5
581941
581939.5
581938
581933
581940
581943.5
581942
581937
581944
581939
581946
581949.5
581953
581957
581955
581953.5
581952
581955.5
581954
581957.5
581961
581959.5
581958
581953
581960
581955
581962
581965.5
581969
581967.5
581971
581975
581973
581971.5
581970
581965
581960
581967
581962
581960.5
581964
581962.5
581966
581964.5
581968
581975
581970
581977
581984
581979
581974
581972.5
581971
581970
581973
581976.5
581980
581987
581994
581997.5
581996
581991
581998
582001.5
582000
581995
581990
581997
582004
582007.5
582011
582015
582019
582024
582021
582026
582031
582028
582025
582030
582035
582038.5
582037
582040.5
582039
582036
582041
582044.5
582043
582046.5
582050
582048.5
582052
582053
582054
582057.5
582061
582059.5
582058
582059
582060
582061
582062
582063
582064
582065
582066
582064.5
582068
582066.5
582070
582068.5
582067
582064
582061
582066
582063
582061
582065
582070
582075
582078.5
582077
582080.5
582079
582076
582081
582078
582075
582073
582071
582069.5
582068
582071.5
582070
582065
582072
582075.5
582074
582077.5
582081
582079.5
582083
582081.5
582080
582083.5
582087
582085.5
582084
582079
582086
582089.5
582088
582091.5
582095
582093.5
582092
582087
582082
582080.5
582084
582091
582098
582101.5
582105
582103.5
582102
582097
582104
582107.5
582111
582115
582113
582117
582115
582119
582123
582128
582125
582123
582121
582125
582129
582127
582125
582123.5
582127
582131
582135
582133
582131
582135
582133
582131.5
582130
582125
582132
582127
582122
582129
582124
582122.5
582126
582133
582128
582126.5
582130
582137
582144
582147.5
582146
582141
582148
582151.5
582150
582145
582140
582138.5
582142
582140.5
582144
582151
582158
582161.5
582160
582163.5
582162
582157
582164
582167.5
582171
582169.5
582173
582171.5
582170
582165
582160
582167
582162
582160.5
582159
582162.5
582161
582164.5
582168
582166.5
582165
582168.5
582172
582179
582174
582172.5
582176
582183
582190
582193.5
582192
582187
582182
582180.5
582179
582178
582177
582180
582179
582182
582185
582188.5
582187
582190.5
582194
582192.5
582191
582190
582193
582192
582191
582190
582193
582196
582195
582194
582197
582196
582195
582198
582201
582200
582203
582202
582205
582204
582207
582206
582209
582208
582211
582210
582213
582212
582211
582214
582213
582216
582215
582218
582217
582220
582219
582218.5
582218
582200.5
582220
582202.5
582222
582204.5
582187
582206.5
582226
582208.5
582228
582210.5
582193
582212.5
582195
582195.5
582197
582216.5
582236
582238.5
582241
582244
582243
582242.5
582245
582244.5
582247
582250
582253
582256
582259
582258
582257
582256
582259
582258
582257
582256.5
582259
582258.5
582258
582260.5
582260
582242.5
582262
582264.5
582264
582246.5
582266
582248.5
582268
582250.5
582233
582252.5
582235
582254.5
582237
582256.5
582239
582258.5
582241
582260.5
582280
582282.5
582282
582264.5
582247
582247.5
582248
582249.5
582251
582251.5
582252
582247
582254
582249
582256
582251
582246
582246.5
582247
582248.5
582249
582245
582241
582247
582253
582254.5
582256
582256.5
582257
582258.5
582259
582260.5
582261
582262.5
582263
582259
582265
582266.5
582267
582263
582259
582265
582261
582256.5
582263
582269
582265
582260.5
582267
582273
582279
582280.5
582281
582282.5
582283
582279
582285
582286.5
582287
582288.5
582289
582285
582291
582292.5
582293
582294.5
582295
582296.5
582298
582298.5
582299
582295
582291
582286.5
582282
582275.5
582284
582277.5
582286
582292.5
582288
582281.5
582275
582275
582275
582276
582277
582279
582279
582280
582281
582281
582283
582283
582283
582283.5
582284
582283.5
582286
582285.5
582288
582287.5
582290
582289.5
582289
582286
582291
582293.5
582296
582297.5
582298
582297.5
582300
582301.5
582302
582301.5
582301
582303.5
582306
582305.5
582308
582309.5
582311
582311.5
582312
582313.5
582314
582313.5
582316
582317.5
582318
582319.5
582320
582321.5
582322
582321.5
582324
582323.5
582323
582325.5
582328
582329.5
582330
582329.5
582329
582326
582323
582328
582333
582335.5
582338
582337.5
582337
582339.5
582342
582343.5
582345
582345.5
582346
582347.5
582349
582349.5
582351
582353
582353
582353.5
582354
582355.5
582356
582357.5
582359
582359.5
582360
582359.5
582359
582361.5
582364
582365.5
582367
582367.5
582368
582367.5
582370
582369.5
582372
582373.5
582374
582375.5
582376
582377.5
582379
582379.5
582380
582381.5
582383
582383.5
582385
582385.5
582387
582387.5
582388
582387.5
582390
582391.5
582392
582391.5
582394
582395.5
582397
582399
582401
582402
582403
582404
582405
582405
582407
582408
582409
582411
582411
582412
582413
582414
582415
582416
582417
582417
582419
582420
582421
582422
582423
582424
582425
582426
582427
582428
582429
582431
582433
582433
582435
582435
582435
582437
582437
582438
582439
582441
582443
582443
582445
582445
582445
582446
582447
582449
582451
582459.5
582468
582461.5
582455
582455
582457
582465.5
582474
582467.5
582461
582461
582461
582462
582463
582464
582465
582467
582467
582468
582469
582471
582473
582473
582475
582475
582477
582477
582477
582478
582479
582480
582481
582481
582481
582483
582483
582483.5
582484
582483.5
582486
582485.5
582485
582487.5
582490
582489.5
582492
582493.5
582494
582493.5
582496
582497.5
582498
582497.5
582497
582499.5
582502
582503.5
582504
582505.5
582506
582505.5
582505
582502
582499
582504
582509
582511.5
582511
582508
582513
582515.5
582515
582517.5
582517
582514
582511
582516
582521
582523.5
582523
582520
582517
582515.5
582519
582524
582521
582526
582523
582521.5
582525
582523.5
582527
582532
582537
582534
582531
582529.5
582533
582538
582543
582540
582545
582542
582547
582544
582541
582546
582543
582548
582553
582550
582555
582552
582549
582547.5
582546
582549.5
582553
582558
582563
582560
582565
582567.5
582567
582564
582561
582566
582563
582561.5
582560
582558.5
582562
582560.5
582559
582559.5
582560
582561.5
582562
582563.5
582565
582565.5
582566
582563
582560
582560
582560
582562
582564
582569
582566
582571
582568
582568
582570
582570
582572
582572
582574
582574
582576
582581
582586
582587.5
582589
582592.5
582596
582594.5
582593
582596.5
582595
582595.5
582597
582597.5
582599
582602.5
582601
582604.5
582608
582606.5
582605
582608.5
582612
582610.5
582614
582617.5
582621
582626
582623
582628
582625
582623.5
582627
582625.5
582629
582627.5
582626
582624.5
582628
582631.5
582635
582640
582645
582647.5
582647
582644
582649
582651.5
582654
582655.5
582657
582657.5
582658
582657.5
582657
582659.5
582659
582661.5
582661
582658
582663
582665.5
582665
582667.5
582670
582669.5
582672
582671.5
582674
582675.5
582676
582675.5
582678
582677.5
582680
582679.5
582682
582681.5
582681
582678
582683
582680
582677
582682
582679
582677.5
582681
582686
582691
582688
582685
582683.5
582682
582685.5
582684
582682.5
582681
582681.5
582682
582679
582684
582681
582686
582683
582680
582680
582680
582680
582682
582684
582684
582684
582686
582686
582686
582685
582688
582687
582686
582689
582688
582691
582690
582689.5
582689
582691.5
582691
582688.5
582693
582695.5
582695
582692.5
582697
582694.5
582692
582693
582694
582695
582696
582700.5
582698
582702.5
582700
582701
582702
582699
582696
582701
582698
582688.5
582700
582690.5
582681
582680
582679
582677.5
582676
582676
582678
582678
582678
582676
582674
582678
582676
582680
582678
582676.5
582680
582678.5
582682
582686
582690
582692
582692
582694
582696
582699.5
582698
582698
582698
582696
582694
582692.5
582696
582694.5
582693
582696.5
582695
582698.5
582702
582706
582704
582702.5
582701
582704.5
582708
582706.5
582705
582708.5
582707
582710.5
582709
582712.5
582711
582714.5
582713
582716.5
582715
582712.5
582717
582720.5
582724
582728
582732
582730
582728
582732
582736
582734
582732
582730.5
582734
582732.5
582731
582728.5
582726
582730.5
582735
582738.5
582737
582734.5
582732
582727
582722
582729
582724
582714.5
582705
582705.5
582706
582705
582708
582707
582710
582709
582712
582711
582710
582710.5
582711
582705
582699
582707
582701
582709
582717
582711
582719
582720.5
582722
582725
582724
582724.5
582725
582719
582713
582713
582713
582715
582717
582717
582719
582727
582735
582736.5
582738
582738.5
582740
582743
582742
582742.5
582743
582737
582731
582731
582731
582733
582733
582731
582735
582733
582731
582735
582733
582730.5
582735
582732.5
582730
582729.5
582729
582731.5
582734
582733.5
582736
582740.5
582738
582742.5
582740
582744.5
582749
582746.5
582744
582743.5
582743
582745.5
582745
582744.5
582747
582749.5
582752
582751.5
582751
582750.5
582753
582755.5
582758
582757.5
582760
582764.5
582762
582766.5
582764
582763.5
582766
582770.5
582768
582767.5
582767
582766.5
582766
582768.5
582768
582768
582770
582770
582770
582767.5
582765
582769.5
582767
582771.5
582776
582778
582780
582780
582780
582782
582782
582779.5
582777
582776.5
582776
582772.5
582769
582767
582771
582776.5
582782
582784.5
582784
582786.5
582786
582788.5
582788
582790.5
582790
582786.5
582783
582788.5
582785
582790.5
582796
582792.5
582798
582794.5
582791
582796.5
582802
582798.5
582804
582806.5
582806
582802.5
582799
582804.5
582810
582812.5
582815
582819.5
582824
582826
582828
582830.5
582830
582832.5
582835
582834.5
582834
582836.5
582839
582838.5
582838
582838
582840
582842.5
582842
582842
582844
582846.5
582846
582846
582846
582843.5
582848
582850
582852
582852
582852
582854
582854
582856
582856
582853.5
582851
582850.5
582853
582852.5
582852
582854.5
582854
582850.5
582847
582845
582849
582854.5
582851
582856.5
582853
582858.5
582864
582866.5
582869
582868.5
582868
582864.5
582861
582859
582863
582861
582865
582863
582861
582865
582869
582867
582871
582876.5
582873
582878.5
582875
582873
582877
582875
582873
582877
582875
582879
582877
582877.5
582879
582883
582881
582885
582883
582887
582891
582889
582887
582891
582895
582893
582897
582895
582899
582897
582895
582899
582903
582908.5
582914
582910.5
582916
582912.5
582909
582907
582905
582909
582907
582911
582909
582913
582917
582915
582913
582913.5
582915
582915.5
582917
582921
582919
582919.5
582921
582921.5
582923
582927
582931
582936.5
582942
582938.5
582944
582940.5
582937
582942.5
582939
582937
582941
582939
582937
582941
582945
582943
582941
582945
582949
582947
582951
582956.5
582953
582951
582949
582953
582957
582962.5
582968
582964.5
582970
582966.5
582972
582968.5
582965
582970.5
582976
582978.5
582978
582974.5
582971
582976.5
582982
582984.5
582984
582986.5
582989
582988.5
582988
582990.5
582990
582986.5
582992
582994.5
582994
582990.5
582996
582998.5
583001
583000.5
583003
583007.5
583012
583014
583016
583018.5
583018
583018
583018
583015.5
583020
583017.5
583022
583024
583024
583021.5
583026
583028
583028
583030
583030
583027.5
583032
583034
583034
583031.5
583036
583038
583040
583042.5
583042
583042
583042
583039.5
583044
583046
583048
583050.5
583053
583052.5
583052
583052
583054
583054
583054
583051.5
583056
583058
583060
583062.5
583062
583064.5
583064
583066.5
583069
583068.5
583071
583070.5
583070
583070
583072
583072
583072
583069.5
583074
583076
583078
583080.5
583080
583082.5
583085
583084.5
583084
583084
583086
583086
583086
583088
583090
583090
583092
583094.5
583094
583096.5
583096
583096
583098
583100.5
583103
583102.5
583105
583107.5
583107
583106.5
583106
583108.5
583111
583113.5
583113
583112.5
583112
583112
583114
583116.5
583119
583118.5
583121
583120.5
583123
583125.5
583128
583127.5
583130
583129.5
583129
583131.5
583131
583133.5
583136
583135.5
583135
583137.5
583140
583144.5
583142
583141.5
583144
583143.5
583143
583142.5
583142
583142
583144
583146.5
583149
583151.5
583154
583153.5
583153
583155.5
583155
583154.5
583154
583154
583156
583156
583158
583158
583158
583155.5
583153
583157.5
583155
583159.5
583164
583161.5
583159
583163.5
583161
583160.5
583160
583156.5
583162
583164.5
583167
583171.5
583169
583168.5
583171
583170.5
583173
583172.5
583172
583168.5
583165
583163
583161
583165
583163
583163.5
583165
583169
583167
583167.5
583169
583169.5
583170
583171.5
583173
583173.5
583174
583175.5
583177
583177.5
583178
583179.5
583180
583181
583182
583182.5
583184
583185
583186
583187
583188
583189
583190
583190.5
583191
583192.5
583194
583194.5
583196
583196.5
583198
583199
583200
583201.5
583203
583203.5
583205
583209
583213
583211
583209
583213
583217
583222.5
583219
583224.5
583221
583226.5
583223
583228.5
583234
583236.5
583236
583232.5
583238
583234.5
583240
583242.5
583245
583249.5
583247
583251.5
583249
583253.5
583251
583250.5
583250
583246.5
583243
583241
583239
583243
583247
583252.5
583258
583254.5
583260
583262.5
583262
583258.5
583255
583260.5
583257
583255
583259
583264.5
583270
583272.5
583272
583274.5
583277
583281.5
583279
583278.5
583278
583280.5
583280
583276.5
583273
583271
583275
583280.5
583277
583282.5
583279
583284.5
583281
583286.5
583292
583288.5
583294
583296.5
583299
583298.5
583301
583300.5
583300
583296.5
583302
583298.5
583304
583300.5
583297
583302.5
583308
583304.5
583301
583306.5
583303
583308.5
583305
583303
583307
583305
583303
583303.5
583305
583309
583313
583318.5
583324
583326.5
583329
583328.5
583331
583330.5
583333
583337.5
583335
583339.5
583337
583336.5
583336
583338.5
583341
583345.5
583350
583352
583354
583356.5
583356
583356
583356
583358
583360
583362.5
583365
583364.5
583364
583366.5
583369
583368.5
583368
583370.5
583373
583372.5
583375
583374.5
583377
583376.5
583376
583378.5
583381
583383.5
583383
583385.5
583385
583384.5
583387
583386.5
583386
583388.5
583388
583388
583388
583385.5
583390
583392
583392
583389.5
583394
583396
583396
583398
583398
583400
583400
583402
583402
583404
583406
583408.5
583408
583410.5
583413
583415.5
583415
583417.5
583420
583424.5
583429
583426.5
583431
583428.5
583426
583430.5
583428
583427.5
583430
583429.5
583429
583431.5
583434
583438.5
583443
583447
583445
583442.5
583440
583444.5
583442
583446.5
583444
583443.5
583446
583445.5
583445
583444.5
583444
583446.5
583449
583451.5
583451
583453.5
583453
583455.5
583455
583454.5
583454
583456.5
583459
583458.5
583461
583460.5
583460
583462.5
583465
583464.5
583467
583469.5
583472
583471.5
583474
583478.5
583476
583475.5
583478
583477.5
583477
583479.5
583479
583481.5
583484
583483.5
583483
583485.5
583488
583487.5
583487
583486.5
583486
583486
583488
583490.5
583490
583492.5
583495
583497.5
583497
583496.5
583496
583496
583498
583500.5
583503
583502.5
583505
583507.5
583507
583509.5
583509
583511.5
583514
583518.5
583523
583527
583525
583522.5
583520
583524.5
583522
583526.5
583524
583523.5
583523
583525.5
583525
583524.5
583524
583524
583526
583526
583528
583528
583528
583530
583532
583532
583534
583536.5
583536
583538.5
583541
583540.5
583543
583545.5
583548
583547.5
583550
583554.5
583552
583551.5
583551
583550.5
583550
583552.5
583555
583557.5
583557
583559.5
583562
583561.5
583561
583563.5
583566
583565.5
583568
583567.5
583567
583566.5
583566
583566
583566
583563.5
583568
583565.5
583570
583567.5
583572
583569.5
583574
583571.5
583576
583573.5
583578
583580
583580
583577.5
583582
583584
583586
583588.5
583591
583593.5
583593
583595.5
583598
583602.5
583607
583611
583609
583613
583611
583615
583613
583610.5
583615
583612.5
583610
583614.5
583612
583611.5
583614
583618.5
583616
583615.5
583618
583617.5
583617
583616.5
583616
583616
583618
583620.5
583623
583625.5
583625
583627.5
583630
583629.5
583629
583628.5
583628
583628
583628
583625.5
583630
583632
583634
583636.5
583639
583638.5
583641
583643.5
583646
583645.5
583648
583647.5
583650
583649.5
583649
583651.5
583651
583653.5
583653
583652.5
583655
583654.5
583657
583659.5
583662
583666.5
583671
583668.5
583666
583665.5
583665
583667.5
583670
583669.5
583672
583671.5
583671
583673.5
583676
583680.5
583678
583677.5
583680
583679.5
583682
583686.5
583684
583683.5
583683
583682.5
583682
583682
583682
583679.5
583684
583686
583688
583690.5
583693
583692.5
583692
583694.5
583694
583696.5
583696
583696
583696
583693.5
583691
583690.5
583693
583692.5
583695
583694.5
583697
583701.5
583699
583703.5
583708
583710
583712
583714.5
583717
583716.5
583719
583721.5
583721
583720.5
583723
583722.5
583722
583722
583722
583719.5
583724
583726
583728
583728
583728
583730
583732
583734.5
583734
583734
583736
583738.5
583741
583740.5
583740
583740
583740
583742
583744
583746.5
583746
583746
583748
583748
583750
583750
583750
583752
583754
583756.5
583756
583758.5
583758
583758
583758
583760
583762
583764.5
583764
583766.5
583769
583768.5
583768
583770.5
583770
583772.5
583772
583772
583774
583774
583774
583771.5
583769
583768.5
583771
583770.5
583770
583766.5
583772
583768.5
583765
583770.5
583767
583765
583763
583767
583771
583776.5
583773
583778.5
583784
583780.5
583786
583782.5
583788
583784.5
583790
583792.5
583792
583794.5
583797
583801.5
583806
583808
583808
583810
583810
583812
583814
583816.5
583816
583816
583816
583818
583818
583815.5
583813
583817.5
583815
583814.5
583814
583816.5
583819
583823.5
583821
583820.5
583820
583822.5
583822
583818.5
583815
583820.5
583826
583822.5
583828
583824.5
583821
583826.5
583823
583828.5
583834
583830.5
583827
583832.5
583829
583834.5
583840
583836.5
583833
583831
583835
583833
583831
583835
583839
583837
583835
583839
583837
583841
583839
583839.5
583840
583841.5
583843
583843.5
583845
583845.5
583847
583847.5
583848
583849
583850
583851
583852
583853
583854
583854.5
583856
583857
583858
583858.5
583860
583860.5
583862
583862.5
583863
583864.5
583866
583866.5
583868
583868.5
583869
583869.5
583871
583872.5
583874
583875
583876
583877
583878
583879.5
583881
583881.5
583882
583883.5
583884
583885.5
583887
583887.5
583889
583889.5
583891
583895
583899
583897
583901
583899
583903
583908.5
583905
583903
583907
583905
583903
583903.5
583905
583909
583907
583907.5
583908
583909.5
583911
583911.5
583913
583913.5
583915
583915.5
583916
583917
583918
583918.5
583919
583919.5
583920
583919
583918
583921
583920
583914.5
583909
583916.5
583911
583910
583909
583909.5
583911
583914
583913
583916
583915
583918
583921
583928.5
583936
583930.5
583925
583932.5
583940
583943
583942
583945
583944
583938.5
583933
583940.5
583935
583934
583933
583936
583939
583938
583941
583948.5
583943
583950.5
583958
583961
583964
583965.5
583966
583965
583964
583967
583966
583960.5
583955
583954
583953
583956
583959
583958
583957
583960
583963
583970.5
583978
583972.5
583980
583983
583982
583985
583984
583978.5
583973
583980.5
583988
583991
583990
583993
583992
583995
583998
583997
583996
583999
584002
584001
584004
584003
584002
584005
584004
583998.5
584006
584000.5
584008
584002.5
583997
583996
583999
583998
584001
584000
584003
584010.5
584005
584012.5
584007
584014.5
584022
584016.5
584024
584027
584030
584029
584028
584031
584034
584033
584036
584035
584034
584037
584040
584039
584038
584041
584040
584034.5
584042
584045
584044
584038.5
584033
584032
584035
584034
584037
584036
584035
584035.5
584037
584037.5
584039
584042
584041
584041.5
584043
584046
584049
584048
584047
584050
584049
584049.5
584050
584051.5
584052
584052.5
584053
584054.5
584056
584056.5
584057
584058.5
584060
584061.5
584062
584063.5
584064
584064.5
584065
584065
584065
584063
584067
584069
584071
584071
584073
584073
584075
584076.5
584078
584079.5
584080
584080.5
584082
584082.5
584083
584084.5
584085
584085
584085
584087
584089
584089
584091
584092.5
584094
584094.5
584095
584095
584095
584097
584097
584099
584101
584102.5
584103
584104.5
584105
584106.5
584108
584109.5
584110
584110.5
584112
584113.5
584114
584114.5
584116
584116.5
584117
584118.5
584120
584120.5
584122
584123.5
584125
584125.5
584127
584127.5
584128
584129.5
584131
584131.5
584133
584136
584135
584135.5
584137
584137.5
584138
584138.5
584139
584140.5
584141
584141
584141
584139
584143
584141
584139
584143
584141
584145
584149
584147
584145
584144
584147
584146
584149
584148
584147
584150
584149
584152
584155
584159
584157
584156
584155
584152.5
584150
584148
584152
584150
584154
584158.5
584156
584154
584152
584151.5
584151
584153.5
584156
584160
584158
584162
584166
584164
584168
584166
584164
584163.5
584166
584165.5
584165
584160.5
584156
584162.5
584169
584164.5
584160
584166.5
584173
584175.5
584178
584182
584180
584179.5
584182
584186
584184
584183.5
584186
584185.5
584185
584180.5
584176
584174.5
584178
584184.5
584180
584178.5
584182
584180.5
584184
584182.5
584186
584184.5
584183
584179.5
584185
584188.5
584192
584190.5
584189
584192.5
584196
584194.5
584193
584189.5
584195
584198.5
584202
584200.5
584204
584210.5
584206
584204.5
584208
584206.5
584205
584201.5
584207
584203.5
584209
584212.5
584211
584214.5
584213
584216.5
584220
584218.5
584222
584228.5
584224
584222.5
584221
584224.5
584223
584219.5
584225
584221.5
584218
584223.5
584229
584225.5
584222
584222
584222
584224
584224
584223
584222
584223
584224
584224.5
584226
584227
584228
584229
584230
584231
584232
584232.5
584233
584234.5
584235
584236.5
584238
584238.5
584239
584240.5
584242
584242.5
584243
584242.5
584245
584246.5
584247
584248.5
584249
584248.5
584251
584252.5
584253
584252.5
584255
584256.5
584257
584256.5
584259
584258.5
584261
584260.5
584260
584262.5
584265
584264.5
584267
584266.5
584266
584268.5
584271
584270.5
584270
584268
584272
584270
584274
584276.5
584276
584278.5
584278
584276
584280
584282.5
584285
584284.5
584284
584282
584280
584284
584288
584286
584284
584288
584286
584285
584288
584292
584290
584289
584288
584291
584290
584293
584296
584300
584298
584297
584300
584299
584302
584306
584310
584308
584306
584310
584308
584312
584310
584309
584312
584311
584314
584313
584316
584315
584318
584317
584320
584324
584328
584326
584330
584328
584332
584330
584334
584336.5
584339
584340.5
584342
584342.5
584344
584344.5
584346
584347
584348
584349
584350
584350.5
584352
584353
584354
584357
584356
584357
584358
584358.5
584360
584361
584362
584363
584364
584365
584366
584369
584372
584374
584374
584373
584372
584373
584374
584377
584380
584379
584382
584381
584380
584381
584382
584382.5
584384
584385
584386
584387
584388
584388.5
584390
584391
584392
584393
584394
584395
584396
584397
584398
584401
584400
584401
584402
584405
584404
584407
584410
584409
584408
584411
584410
584413
584416
584418
584420
584420
584422
584422
584424
584429.5
584435
584438.5
584437
584433.5
584439
584442.5
584441
584437.5
584443
584439.5
584436
584436
584436
584435
584438
584440
584440
584442
584444
584444
584444
584443
584442
584443
584444
584445
584446
584447
584448
584451
584450
584453
584456
584458
584460
584460
584462
584462
584464
584469.5
584466
584471.5
584477
584473.5
584470
584470
584470
584469
584472
584471
584474
584476
584476
584475
584474
584477
584480
584482
584482
584481
584484
584486
584486
584485
584484
584485
584486
584487
584488
584489
584490
584490.5
584491
584490.5
584493
584492.5
584495
584496.5
584498
584499
584500
584501
584502
584503
584504
584504.5
584506
584506.5
584508
584509
584510
584510.5
584512
584512.5
584514
584514.5
584516
584516.5
584518
584518.5
584520
584520.5
584522
584523
584524
584525
584526
584527
584528
584529
584530
584530.5
584532
584533
584534
584534.5
584536
584537
584538
584539
584540
584543
584546
584545
584548
584547
584546
584547
584548
584549
584550
584551
584552
584552.5
584553
584554.5
584556
584557
584558
584558.5
584560
584561
584562
584563
584564
584564.5
584565
584564.5
584567
584568.5
584569
584568.5
584571
584572.5
584573
584574.5
584576
584576.5
584577
584578.5
584580
584581
584582
584582.5
584584
584585
584586
584589
584592
584591
584594
584596
584596
584598
584600
584605.5
584602
584602
584604
584609.5
584615
584618.5
584622
584628.5
584624
584630.5
584626
584632.5
584639
584634.5
584641
584636.5
584632
584630.5
584634
584640.5
584647
584642.5
584638
584644.5
584640
584638.5
584637
584633.5
584630
584635.5
584641
584637.5
584643
584639.5
584645
584641.5
584647
584643.5
584649
584645.5
584651
584647.5
584644
584644
584646
584651.5
584648
584648
584650
584650
584650
584649
584648
584651
584654
584653
584656
584655
584658
584660
584662
584667.5
584673
584676.5
584675
584671.5
584668
584668
584668
584667
584670
584672
584672
584674
584674
584673
584676
584675
584678
584680
584680
584679
584678
584679
584680
584681
584682
584685
584684
584687
584686
584687
584688
584689
584690
584691
584692
584693
584694
584694.5
584695
584696.5
584697
584696.5
584699
584698.5
584701
584700.5
584703
584702.5
584702
584700
584698
584702
584706
584704
584708
584706
584710
584708
584706
584705
584704
584707
584710
584709
584708
584708
584708
584706.5
584705
584708.5
584712
584714
584716
584719
584722
584721
584724
584723
584722
584722
584724
584727
584730
584729
584732
584731
584734
584738
584742
584740
584738
584737
584740
584739
584742
584741
584744
584743
584742
584742
584742
584740.5
584739
584742.5
584746
584744.5
584743
584732.5
584745
584748.5
584752
584754
584756
584756
584756
584758
584760
584760
584760
584758.5
584757
584760.5
584759
584748.5
584761
584750.5
584763
584766.5
584770
584772
584774
584774
584774
584776
584776
584774.5
584773
584762.5
584752
584764.5
584777
584780.5
584779
584782.5
584781
584784.5
584783
584772.5
584762
584774.5
584787
584790.5
584794
584792.5
584796
584798
584798
584796.5
584800
584802
584804
584807
584810
584814
584818
584820.5
584820
584822.5
584825
584824.5
584824
584822
584826
584828.5
584828
584830.5
584830
584828
584832
584830
584828
584832
584830
584834
584832
584836
584840
584842.5
584845
584844.5
584847
584846.5
584846
584848.5
584848
584850.5
584850
584848
584852
584850
584854
584852
584856
584854
584852
584851
584854
584858
584862
584860
584858
584862
584866
584868.5
584871
584870.5
584870
584872.5
584872
584874.5
584874
584872
584870
584869
584868
584871
584870
584870
584870
584868.5
584872
584870.5
584869
584858.5
584848
584860.5
584850
584862.5
584852
584864.5
584877
584880.5
584879
584868.5
584858
584857
584856
584848.5
584841
584850.5
584860
584863
584866
584878.5
584868
584867
584866
584869
584872
584871
584874
584873
584872
584875
584874
584877
584876
584868.5
584861
584860.5
584860
584862.5
584865
584874.5
584884
584876.5
584886
584889
584892
584904.5
584894
584893
584892
584895
584894
584886.5
584879
584878.5
584878
584875.5
584873
584877.5
584875
584879.5
584877
584874
584879
584876
584873
584872.5
584875
584880
584877
584876.5
584876
584876.5
584878
584878.5
584879
584876
584873
584878
584875
584872.5
584877
584882
584887
584888.5
584889
584890.5
584891
584888
584885
584890
584895
584892
584897
584894
584899
584896
584893
584898
584895
584892.5
584897
584894.5
584899
584896.5
584894
584898.5
584903
584900.5
584898
584898.5
584899
584900.5
584901
584901.5
584903
584904.5
584905
584906.5
584908
584908.5
584910
584914.5
584919
584916.5
584921
584926
584931
584932.5
584933
584934.5
584935
584936.5
584937
584934
584939
584940.5
584942
584944.5
584947
584946.5
584946
584948.5
584948
584948.5
584949
584946
584951
584948
584945
584942.5
584947
584952
584949
584954
584959
584956
584953
584958
584955
584952.5
584957
584954.5
584959
584964
584961
584966
584971
584972.5
584974
584974.5
584975
584972
584977
584978.5
584979
584980.5
584982
584982.5
584984
584984.5
584985
584986.5
584988
584990.5
584990
584992.5
584992
584994.5
584994
584994.5
584995
584992
584989
584986.5
584991
584996
584993
584998
585003
585000
585005
585006.5
585007
585004
585009
585010.5
585012
585014.5
585014
585014.5
585015
585012
585017
585018.5
585020
585022.5
585022
585024.5
585024
585024.5
585026
585026.5
585028
585030.5
585033
585032.5
585032
585032.5
585033
585034.5
585036
585036.5
585038
585038.5
585040
585040.5
585041
585042.5
585044
585044.5
585046
585048.5
585051
585056
585061
585065.5
585063
585060
585065
585069.5
585067
585064
585069
585073.5
585078
585075.5
585073
585077.5
585082
585079.5
585084
585081.5
585079
585083.5
585088
585085.5
585090
585092.5
585092
585094.5
585094
585096.5
585099
585108.5
585101
585110.5
585120
585112.5
585105
585114.5
585124
585127
585130
585129
585132
585144.5
585157
585160.5
585159
585162.5
585166
585168
585168
585166.5
585165
585154.5
585144
585143
585146
585145
585148
585160.5
585150
585162.5
585175
585164.5
585154
585166.5
585179
585168.5
585181
585184.5
585183
585172.5
585162
585161
585160
585152.5
585145
585144.5
585147
585156.5
585149
585158.5
585151
585160.5
585170
585162.5
585155
585164.5
585157
585166.5
585159
585158.5
585161
585170.5
585180
585172.5
585165
585164.5
585164
585161.5
585166
585168.5
585168
585165.5
585170
585172.5
585172
585174.5
585177
585186.5
585179
585188.5
585181
585190.5
585200
585203
585206
585205
585208
585220.5
585233
585236.5
585240
585242
585244
585244
585246
585249
585248
585251
585250
585250
585252
585255
585254
585257
585256
585259
585262
585261
585260
585260
585260
585262
585262
585260.5
585259
585262.5
585266
585268
585268
585266.5
585270
585268.5
585272
585270.5
585269
585258.5
585248
585247
585246
585249
585248
585240.5
585250
585253
585256
585268.5
585281
585270.5
585283
585272.5
585285
585288.5
585287
585276.5
585266
585265
585268
585267
585270
585282.5
585272
585284.5
585297
585286.5
585299
585302.5
585301
585290.5
585280
585292.5
585282
585281
585280
585272.5
585282
585274.5
585267
585276.5
585269
585268.5
585268
585265.5
585263
585260
585257
585262
585267
585264
585269
585266
585263
585268
585265
585264.5
585264
585264.5
585266
585266.5
585267
585268.5
585270
585270.5
585271
585272.5
585274
585276.5
585279
585284
585281
585280.5
585280
585280.5
585281
585278
585275
585272.5
585277
585274.5
585279
585276.5
585281
585278.5
585283
585288
585293
585294.5
585295
585296.5
585297
585294
585299
585300.5
585302
585302.5
585304
585304.5
585306
585306.5
585307
585304
585301
585306
585311
585312.5
585314
585314.5
585315
585316.5
585318
585318.5
585320
585320.5
585321
585322.5
585324
585324.5
585325
585326.5
585328
585330.5
585333
585332.5
585335
585334.5
585337
585342
585347
585344
585341
585346
585351
585348
585353
585350
585355
585359.5
585364
585361.5
585359
585356
585361
585358
585363
585367.5
585365
585362
585367
585364
585369
585373.5
585371
585368
585365
585364.5
585364
585366.5
585366
585366.5
585367
585368.5
585369
585370.5
585372
585372.5
585373
585370
585375
585376.5
585378
585378.5
585379
585376
585381
585378
585375
585372.5
585370
585374.5
585372
585372.5
585374
585378.5
585383
585380.5
585378
585378.5
585380
585384.5
585389
585386.5
585384
585388.5
585386
585386.5
585388
585388.5
585389
585390.5
585391
585392.5
585394
585394.5
585395
585395.5
585396
585391.5
585398
585393.5
585389
585383
585391
585385
585379
585387
585381
585389
585383
585391
585385
585393
585387
585395
585389
585397
585405
585411.5
585418
585419.5
585420
585421.5
585423
585424.5
585425
585425.5
585426
585421.5
585417
585423.5
585430
585431.5
585432
585433.5
585434
585429.5
585425
585419
585413
585413
585413
585415
585417
585417
585417
585406.5
585419
585408.5
585421
585423
585423
585412.5
585425
585414.5
585427
585429
585431
585431
585433
585441
585435
585435
585435
585437
585439
585447
585455
585449
585443
585443
585445
585453
585447
585447
585447
585449
585449
585451
585453
585461
585455
585463
585471
585477.5
585473
585479.5
585486
585481.5
585488
585483.5
585479
585473
585467
585467
585469
585469
585469
585471
585473
585473
585475
585475
585475
585464.5
585454
585454.5
585455
585456.5
585458
585470.5
585483
585485
585485
585474.5
585487
585476.5
585466
585478.5
585468
585480.5
585470
585482.5
585495
585484.5
585497
585486.5
585499
585501
585503
585503
585505
585513
585507
585507
585509
585509
585509
585498.5
585488
585488.5
585490
585502.5
585492
585492.5
585493
585494.5
585496
585496.5
585498
585510.5
585500
585500.5
585502
585514.5
585504
585504.5
585505
585505
585505
585504.5
585507
585506.5
585506
585490.5
585508
585492.5
585510
585512.5
585512
585514.5
585517
585516.5
585519
585518.5
585518
585502.5
585487
585485
585483
585487
585491
585489
585487
585487.5
585489
585493
585491
585495
585493
585493.5
585494
585493
585496
585495
585494
585485
585476
585487
585498
585501
585504
585505.5
585507
585511
585515
585513
585517
585534.5
585552
585554.5
585554
585556.5
585559
585558.5
585561
585563
585565
585566.5
585568
585568.5
585570
585570.5
585571
585571
585571
585573
585573
585572.5
585575
585577
585577
585579
585579
585578.5
585578
585580.5
585580
585564.5
585549
585566.5
585551
585568.5
585586
585570.5
585588
585590.5
585593
585595
585597
585597
585599
585599
585599
585598.5
585598
585600.5
585600
585602.5
585605
585604.5
585607
585609
585609
585611
585613
585614.5
585616
585616.5
585618
585630.5
585620
585632.5
585645
585634.5
585624
585636.5
585626
585638.5
585628
585640.5
585630
585630.5
585631
585631
585631
585630.5
585630
585614.5
585599
585616.5
585634
585618.5
585603
585601
585605
585603
585601
585601.5
585603
585603.5
585604
585603
585602
585605
585604
585595
585606
585609
585608
585599
585590
585588.5
585592
585590.5
585589
585589.5
585591
585591.5
585593
585596.5
585600
585611
585622
585613
585604
585615
585626
585629
585632
585631
585634
585635.5
585636
585635
585638
585637
585636
585627
585638
585629
585640
585631
585642
585633
585644
585647
585646
585637
585628
585639
585650
585641
585652
585655
585654
585657
585656
585659
585662
585663.5
585664
585665.5
585666
585665
585668
585669.5
585671
585671.5
585673
585677
585681
585679
585683
585700.5
585685
585702.5
585687
585704.5
585722
585724.5
585724
585708.5
585726
585710.5
585728
585730.5
585730
585732.5
585735
585734.5
585734
585736.5
585739
585738.5
585741
585743
585745
585745
585745
585747
585749
585750.5
585751
585751
585751
585753
585753
585755
585755
585757
585759
585759
585761
585761
585763
585764.5
585765
585766.5
585767
585767
585769
585769
585769
585768.5
585768
585770.5
585770
585772.5
585772
585756.5
585774
585758.5
585776
585760.5
585778
585762.5
585780
585764.5
585749
585747
585745
585749
585747
585747.5
585748
585747
585746
585749
585752
585751
585754
585753
585752
585743
585754
585745
585756
585759
585758
585749
585740
585751
585762
585753
585764
585755
585746
585744.5
585748
585759
585750
585748.5
585752
585763
585774
585765
585756
585767
585758
585756.5
585760
585771
585782
585785
585788
585787
585790
585791.5
585792
585791
585790
585793
585792
585783
585794
585785
585776
585787
585798
585789
585780
585778.5
585782
585793
585804
585795
585806
585797
585788
585799
585790
585788.5
585787
585790.5
585789
585792.5
585791
585794.5
585798
585796.5
585800
585811
585802
585813
585804
585802.5
585801
585801.5
585802
585802.5
585803
585804.5
585806
585806.5
585808
585808.5
585809
585808.5
585811
585810.5
585810
585812.5
585815
585814.5
585817
585818.5
585819
585818.5
585818
585818.5
585820
585822.5
585822
585822.5
585824
585824.5
585825
585826.5
585828
585830.5
585833
585834.5
585836
585836.5
585837
585836.5
585839
585840.5
585842
585842.5
585843
585844.5
585845
585844.5
585844
585846.5
585849
585850.5
585851
585850.5
585853
585852.5
585852
585854.5
585857
585856.5
585856
585856.5
585857
585858.5
585859
585860.5
585861
585847.5
585834
585834.5
585836
585851.5
585867
585868.5
585870
585870.5
585871
585857.5
585873
585859.5
585846
585861.5
585848
585863.5
585850
585850.5
585851
585852.5
585853
585854.5
585855
585856
585857
585858
585859
585855.5
585852
585852.5
585853
585854.5
585855
585853.5
585852
585855.5
585854
585857.5
585856
585855
585854
585854.5
585856
585856.5
585858
585861
585860
585860.5
585862
585865
585868
585871.5
585870
585873.5
585877
585878.5
585879
585880.5
585881
585882.5
585883
585881.5
585885
585883.5
585882
585885.5
585889
585887.5
585886
585885
585888
585891.5
585890
585893.5
585892
585891
585890
585890.5
585892
585895
585898
585897
585900
585903.5
585907
585908.5
585909
585910.5
585912
585917.5
585914
585919.5
585925
585926
585927
585928
585929
585930.5
585932
585932.5
585934
585934.5
585936
585936.5
585938
585938.5
585939
585940.5
585942
585942.5
585944
585959.5
585946
585946.5
585947
585948.5
585949
585950.5
585951
585952
585953
585954.5
585955
585956.5
585958
585958.5
585959
585960.5
585961
585962
585963
585959.5
585956
585961.5
585958
585963.5
585960
585960.5
585962
585962.5
585963
585961.5
585960
585959
585958
585961
585960
585960.5
585961
585958.5
585956
585957
585958
585959
585960
585964.5
585969
585970.5
585972
585972.5
585973
585970.5
585968
585972.5
585977
585978.5
585980
585980.5
585981
585982.5
585983
585984.5
585986
585986.5
585988
585988.5
585990
585990.5
585992
585992.5
585993
585990.5
585995
585992.5
585997
585994.5
585992
585996.5
586001
586002.5
586003
586000.5
586005
586006.5
586008
586011
586010
586013
586016
586019.5
586018
586017
586020
586023.5
586022
586025.5
586029
586027.5
586026
586025
586024
586027
586030
586029
586032
586031
586030
586030.5
586032
586035
586034
586037
586040
586039
586042
586045.5
586049
586047.5
586051
586052.5
586054
586054.5
586056
586061.5
586058
586063.5
586060
586065.5
586071
586072
586073
586074.5
586076
586076.5
586077
586078
586079
586080
586081
586077.5
586083
586079.5
586085
586081.5
586087
586088
586089
586090.5
586091
586092
586093
586094
586095
586096
586097
586098
586099
586100
586101
586102.5
586104
586119.5
586106
586121.5
586108
586123.5
586139
586125.5
586112
586127.5
586143
586144.5
586145
586146.5
586147
586133.5
586149
586150.5
586152
586154.5
586157
586158.5
586160
586160.5
586161
586162.5
586164
586164.5
586165
586166.5
586168
586169.5
586170
586170.5
586172
586172.5
586174
586174.5
586176
586176.5
586178
586178.5
586179
586178.5
586181
586182.5
586183
586182.5
586182
586182.5
586183
586184.5
586185
586171.5
586187
586188.5
586190
586192.5
586192
586194.5
586194
586196.5
586199
586198.5
586201
586200.5
586200
586202.5
586202
586204.5
586204
586206.5
586209
586210.5
586211
586212.5
586213
586212.5
586212
586212.5
586214
586216.5
586216
586218.5
586221
586222.5
586224
586225.5
586226
586226.5
586228
586228.5
586229
586230.5
586231
586232.5
586234
586234.5
586235
586234.5
586237
586238.5
586240
586240.5
586241
586240.5
586240
586242.5
586245
586246.5
586247
586248.5
586249
586250.5
586251
586250.5
586253
586252.5
586252
586252.5
586254
586256.5
586259
586258.5
586261
586262.5
586263
586264.5
586266
586267.5
586268
586268.5
586269
586270.5
586271
586272.5
586274
586275.5
586277
586277.5
586279
586279.5
586281
586284.5
586288
586299
586310
586301
586312
586303
586294
586292.5
586291
586291.5
586293
586293.5
586294
586295.5
586297
586300.5
586304
586315
586306
586317
586308
586319
586330
586321
586312
586323
586334
586325
586316
586327
586318
586316.5
586320
586318.5
586322
586320.5
586319
586319.5
586321
586321.5
586323
586326.5
586330
586328.5
586332
586330.5
586329
586329.5
586330
586330.5
586332
586332.5
586334
586335.5
586337
586340.5
586339
586339.5
586341
586344.5
586343
586346.5
586345
586345.5
586347
586350.5
586349
586352.5
586351
586351.5
586352
586352.5
586354
586355.5
586357
586360.5
586359
586359.5
586360
586361.5
586363
586363.5
586365
586368.5
586372
586370.5
586374
586385
586396
586387
586398
586389
586400
586403
586402
586393
586404
586395
586386
586397
586408
586411
586414
586413
586416
586415
586418
586417
586420
586421.5
586422
586421
586420
586423
586422
586425
586424
586427
586430
586429
586432
586433.5
586435
586439
586437
586437.5
586438
586437
586440
586439
586442
586441
586444
586443
586446
586445
586448
586449.5
586451
586451.5
586452
586453.5
586454
586453
586456
586455
586458
586459.5
586461
586461.5
586462
586461
586460
586463
586466
586467.5
586469
586473
586471
586471.5
586472
586473.5
586475
586479
586483
586500.5
586485
586483
586481
586485
586489
586506.5
586524
586526.5
586526
586528.5
586528
586512.5
586530
586514.5
586499
586516.5
586534
586536.5
586536
586538.5
586541
586540.5
586543
586542.5
586545
586547
586547
586549
586549
586548.5
586548
586550.5
586553
586555
586557
586557
586557
586556.5
586556
586558.5
586558
586542.5
586560
586544.5
586529
586546.5
586531
586548.5
586533
586550.5
586568
586570.5
586570
586554.5
586572
586556.5
586541
586558.5
586543
586541
586545
586543
586541
586545
586549
586566.5
586551
586549
586553
586551
586549
586549.5
586551
586555
586553
586557
586555
586555.5
586556
586555
586554
586557
586556
586559
586562
586561
586564
586563
586566
586567.5
586568
586567
586566
586557
586548
586546.5
586550
586561
586552
586550.5
586549
586549.5
586550
586550.5
586552
586552.5
586554
586554.5
586555
586554.5
586554
586554.5
586555
586556.5
586557
586558.5
586560
586560.5
586562
586564.5
586567
586568.5
586569
586570.5
586571
586572.5
586574
586575.5
586577
586577.5
586579
586579.5
586581
586584.5
586583
586583.5
586585
586588.5
586592
586590.5
586589
586589.5
586591
586594.5
586598
586609
586600
586598.5
586602
586600.5
586604
586602.5
586601
586604.5
586603
586606.5
586605
586608.5
586607
586610.5
586609
586612.5
586616
586614.5
586613
586613.5
586615
586618.5
586617
586620.5
586619
586619.5
586621
586621.5
586622
586622.5
586624
586624.5
586626
586626.5
586627
586626.5
586626
586626.5
586627
586628.5
586629
586630.5
586631
586632.5
586633
586619.5
586635
586621.5
586608
586608.5
586609
586610
586611
586612.5
586613
586614.5
586616
586616.5
586618
586633.5
586620
586635.5
586651
586652.5
586653
586654.5
586656
586658.5
586658
586658.5
586659
586660.5
586661
586647.5
586634
586649.5
586636
586651.5
586638
586638.5
586639
586640
586641
586642
586643
586639.5
586645
586646
586647
586648.5
586650
586650.5
586651
586652
586653
586654.5
586655
586656
586657
586653.5
586650
586650.5
586652
586657.5
586654
586659.5
586656
586656.5
586658
586658.5
586659
586657.5
586656
586655
586658
586657
586656
586659
586662
586665.5
586669
586670.5
586671
586669.5
586673
586671.5
586675
586673.5
586677
586675.5
586679
586680.5
586682
586687.5
586693
586694
586695
586691.5
586688
586693.5
586699
586700
586701
586697.5
586694
586694.5
586695
586696.5
586698
586703.5
586700
586705.5
586702
586702.5
586703
586701.5
586705
586706.5
586708
586713.5
586710
586710.5
586711
586712.5
586713
586714.5
586715
586713.5
586717
586718.5
586719
586720.5
586721
586722.5
586724
586729.5
586726
586731.5
586737
586738
586739
586740.5
586741
586742
586743
586744
586745
586746
586747
586748
586749
586745.5
586742
586742.5
586744
586744.5
586745
586743.5
586747
586748.5
586750
586755.5
586752
586752.5
586754
586754.5
586755
586756.5
586758
586758.5
586759
586760.5
586761
586762.5
586763
586764.5
586766
586771.5
586768
586768.5
586769
586767.5
586766
586769.5
586773
586771.5
586770
586773.5
586777
586775.5
586774
586777.5
586776
586775
586778
586781.5
586785
586783.5
586782
586785.5
586784
586787.5
586791
586789.5
586793
586791.5
586790
586793.5
586792
586795.5
586799
586797.5
586801
586802.5
586804
586804.5
586806
586806.5
586808
586808.5
586809
586810.5
586812
586812.5
586814
586819.5
586816
586816.5
586817
586818.5
586819
586817.5
586816
586819.5
586823
586821.5
586820
586819
586818
586818.5
586820
586820.5
586822
586822.5
586823
586820.5
586825
586826.5
586828
586828.5
586830
586833
586836
586835
586834
586834.5
586836
586836.5
586837
586838.5
586840
586840.5
586842
586845
586848
586851.5
586850
586849
586852
586851
586854
586853
586856
586855
586858
586861.5
586860
586859
586862
586865.5
586869
586867.5
586871
586869.5
586873
586871.5
586870
586873.5
586872
586875.5
586874
586873
586876
586875
586878
586877
586880
586883.5
586887
586888.5
586890
586890.5
586891
586889.5
586893
586891.5
586890
586893.5
586897
586895.5
586899
586900.5
586902
586907.5
586904
586904.5
586906
586911.5
586908
586913.5
586919
586920
586921
586922
586923
586924
586925
586926
586927
586928.5
586930
586945.5
586932
586932.5
586933
586934
586935
586931.5
586937
586933.5
586930
586935.5
586932
586937.5
586934
586939.5
586945
586946
586947
586948
586949
586950
586951
586947.5
586944
586949.5
586946
586951.5
586957
586953.5
586950
586955.5
586961
586962
586963
586959.5
586956
586956.5
586957
586955.5
586954
586953
586956
586959.5
586958
586961.5
586965
586966.5
586968
586968.5
586969
586970.5
586972
586977.5
586974
586974.5
586976
586976.5
586978
586983.5
586980
586980.5
586981
586979.5
586983
586981.5
586980
586983.5
586982
586981
586980
586980.5
586982
586985
586984
586987
586986
586986.5
586988
586988.5
586989
586990.5
586992
586992.5
586993
586990.5
586988
586992.5
586997
586994.5
586992
586996.5
586994
586995
586996
587000.5
587005
587002.5
587000
587001
587002
587003
587004
587003
587006
587005
587004
587004.5
587005
587005
587005
587007
587007
587009
587011
587012.5
587014
587017
587016
587016.5
587018
587018.5
587020
587020.5
587021
587021
587021
587021.5
587023
587023.5
587024
587024.5
587025
587026.5
587028
587028.5
587029
587019
587031
587021
587033
587034.5
587035
587025
587037
587027
587039
587040.5
587041
587031
587021
587021.5
587023
587035
587047
587048.5
587050
587050.5
587051
587041
587031
587043
587055
587045
587035
587035.5
587037
587049
587039
587051
587041
587053
587043
587055
587045
587045.5
587047
587059
587049
587049.5
587050
587040.5
587031
587042.5
587033
587033
587035
587035
587035
587033.5
587032
587035.5
587034
587037.5
587036
587029
587038
587041.5
587040
587033
587042
587045.5
587049
587051
587053
587053
587055
587066.5
587078
587079.5
587080
587070.5
587082
587072.5
587084
587074.5
587086
587076.5
587067
587067
587067
587069
587071
587082.5
587094
587084.5
587096
587097.5
587098
587088.5
587100
587101.5
587103
587103.5
587104
587105.5
587106
587107.5
587108
587098.5
587089
587089
587089
587091
587091
587089.5
587088
587091.5
587095
587097
587099
587110.5
587101
587112.5
587124
587114.5
587105
587105
587107
587118.5
587130
587131.5
587133
587133.5
587134
587124.5
587136
587126.5
587117
587117
587117
587119
587121
587121
587123
587134.5
587125
587125
587127
587127
587129
587140.5
587131
587142.5
587133
587133
587135
587135
587135
587137
587137
587135.5
587139
587137.5
587136
587129
587138
587141.5
587145
587143.5
587147
587145.5
587144
587147.5
587151
587153
587153
587155
587155
587153.5
587152
587155.5
587159
587157.5
587161
587159.5
587163
587161.5
587160
587153
587146
587155
587148
587147
587146
587139.5
587133
587128.5
587124
587130.5
587126
587132.5
587128
587127
587126
587129
587132
587131
587130
587130.5
587131
587129
587127
587131
587135
587136.5
587138
587141
587144
587150.5
587157
587165.5
587174
587177
587180
587189
587198
587201.5
587200
587193
587186
587185
587184
587177.5
587171
587179.5
587173
587168.5
587164
587170.5
587177
587185.5
587179
587187.5
587196
587199
587202
587211
587220
587213
587206
587215
587224
587217
587210
587219
587212
587211
587210
587213
587212
587215
587214
587207.5
587216
587219
587222
587231
587240
587243.5
587242
587235
587244
587247.5
587251
587249.5
587248
587241
587234
587243
587252
587255.5
587254
587257.5
587261
587263
587265
587276.5
587288
587278.5
587269
587280.5
587271
587271
587271
587269.5
587268
587261
587254
587263
587256
587265
587258
587257
587256
587249.5
587243
587251.5
587245
587240.5
587236
587242.5
587249
587257.5
587266
587259.5
587268
587271
587270
587273
587272
587265.5
587259
587267.5
587276
587279
587282
587281
587280
587273.5
587282
587285
587288
587287
587290
587299
587292
587301
587294
587303
587312
587305
587298
587297
587296
587289.5
587298
587291.5
587300
587293.5
587302
587305
587304
587297.5
587291
587286.5
587282
587281
587280
587280.5
587281
587282.5
587284
587284.5
587285
587286.5
587288
587288.5
587289
587287
587285
587289
587293
587291
587295
587293
587297
587295
587293
587294
587295
587296
587297
587298
587299
587300
587301
587299
587303
587301
587305
587306
587307
587308
587309
587310
587311
587315
587319
587320.5
587321
587322.5
587323
587321
587325
587323
587327
587328.5
587330
587333
587336
587335
587338
587344.5
587340
587346.5
587353
587348.5
587355
587350.5
587357
587365.5
587374
587377
587376
587379
587378
587381
587380
587373.5
587382
587375.5
587369
587364.5
587360
587359
587362
587368.5
587375
587383.5
587377
587385.5
587379
587387.5
587396
587399
587402
587411
587420
587423.5
587422
587425.5
587429
587431
587431
587433
587435
587435
587435
587437
587439
587439
587441
587452.5
587443
587443
587445
587445
587447
587458.5
587449
587449
587449
587451
587451
587453
587453
587455
587457
587468.5
587480
587481.5
587482
587472.5
587463
587463
587465
587476.5
587467
587478.5
587490
587480.5
587492
587482.5
587473
587473
587475
587486.5
587477
587488.5
587479
587479
587481
587492.5
587504
587494.5
587485
587496.5
587508
587509.5
587511
587523
587535
587525
587537
587538.5
587539
587529
587519
587531
587521
587521.5
587523
587535
587547
587548.5
587550
587550.5
587551
587541
587553
587543
587555
587556.5
587557
587547
587559
587560.5
587561
587551
587563
587564.5
587566
587567.5
587569
587569.5
587570
587571.5
587573
587575
587577
587578.5
587579
587579
587579
587581
587581
587581.5
587582
587582.5
587584
587584.5
587586
587586.5
587587
587577
587567
587579
587569
587581
587593
587594.5
587595
587585
587597
587587
587577
587577.5
587578
587568.5
587559
587559
587561
587572.5
587584
587574.5
587565
587565
587567
587567
587569
587580.5
587571
587571
587573
587573
587575
587575
587575
587577
587579
587579
587581
587592.5
587583
587594.5
587606
587596.5
587587
587598.5
587589
587589
587591
587591
587591
587593
587595
587595
587595
587597
587597
587595.5
587594
587587
587596
587589
587598
587591
587600
587593
587602
587605.5
587609
587607.5
587606
587599
587592
587601
587594
587593
587592
587585.5
587594
587587.5
587581
587576.5
587583
587591.5
587585
587580.5
587587
587595.5
587604
587597.5
587591
587599.5
587608
587611
587610
587603.5
587597
587605.5
587614
587617
587616
587619
587618
587621
587620
587613.5
587622
587625
587628
587637
587630
587639
587632
587631
587630
587623.5
587632
587625.5
587619
587627.5
587636
587639
587642
587641
587640
587643
587642
587645
587644
587637.5
587631
587626.5
587633
587641.5
587650
587653
587656
587665
587658
587667
587660
587659
587662
587661
587660
587663
587662
587665
587664
587667
587666
587669
587672
587671
587674
587673
587676
587675
587674
587677
587676
587679
587682
587681
587684
587693
587702
587695
587688
587687
587690
587689
587692
587691
587690
587693
587696
587695
587698
587697
587696
587699
587698
587701
587704
587713
587722
587715
587708
587717
587726
587719
587728
587731.5
587730
587723
587716
587725
587718
587717
587720
587719
587718
587711.5
587720
587713.5
587707
587715.5
587709
587704.5
587711
587719.5
587713
587721.5
587715
587710.5
587706
587705
587708
587714.5
587710
587716.5
587712
587711
587714
587713
587712
587712.5
587714
587714.5
587715
587713
587711
587712
587713
587717
587715
587719
587723
587724.5
587725
587726.5
587727
587728.5
587730
587730.5
587731
587732.5
587734
587734.5
587735
587733
587731
587735
587739
587737
587741
587742.5
587744
587744.5
587746
587746.5
587747
587748.5
587750
587750.5
587752
587755
587758
587757
587760
587766.5
587773
587781.5
587775
587783.5
587777
587785.5
587794
587797
587800
587799
587798
587801
587800
587803
587802
587805
587804
587807
587810
587809
587812
587821
587814
587813
587812
587805.5
587799
587807.5
587801
587796.5
587803
587798.5
587805
587813.5
587822
587815.5
587824
587817.5
587826
587829
587828
587821.5
587815
587823.5
587832
587835
587838
587837
587836
587829.5
587838
587841
587840
587833.5
587827
587822.5
587829
587837.5
587831
587826.5
587822
587828.5
587835
587843.5
587852
587855
587854
587847.5
587841
587836.5
587843
587838.5
587834
587840.5
587836
587842.5
587849
587844.5
587840
587846.5
587853
587861.5
587870
587873
587872
587865.5
587859
587854.5
587850
587849
587848
587851
587850
587850.5
587852
587852.5
587854
587854.5
587856
587859
587862
587861
587864
587863
587862
587862.5
587863
587864.5
587866
587866.5
587867
587868.5
587870
587870.5
587872
587872.5
587874
587874.5
587875
587876.5
587878
587878.5
587879
587880.5
587881
587882.5
587884
587887
587886
587889
587888
587891
587890
587890.5
587891
587892.5
587893
587891
587895
587896.5
587897
587895
587899
587897
587901
587902.5
587904
587904.5
587906
587909
587912
587911
587910
587910.5
587912
587915
587914
587917
587916
587916.5
587917
587915
587919
587917
587921
587922.5
587924
587924.5
587926
587926.5
587928
587928.5
587929
587930.5
587932
587935
587934
587934.5
587936
587939
587942
587948.5
587955
587950.5
587946
587952.5
587948
587947
587950
587949
587948
587951
587954
587960.5
587956
587962.5
587969
587977.5
587971
587966.5
587973
587968.5
587964
587970.5
587977
587972.5
587968
587974.5
587970
587976.5
587972
587978.5
587974
587973
587976
587975
587974
587974.5
587975
587973
587977
587975
587973
587974
587975
587976
587977
587975
587973
587973.5
587974
587974.5
587975
587976.5
587977
587978.5
587980
587981.5
587982
587983.5
587985
587989
587987
587987.5
587989
587993
587991
587995
587999
587997
587995
587999
587997
587997.5
587999
587999.5
588000
588000.5
588001
587999
587997
587995
587999
588003
588001
588005
588009
588010.5
588012
588013.5
588015
588015.5
588016
588016.5
588017
588015
588013
588011
588009
588009
588011
588015
588013
588017
588015
588015
588015
588008.5
588002
588010.5
588004
587999.5
587995
588001.5
588008
588003.5
588010
588005.5
588012
588007.5
588014
588009.5
588005
588006
588007
588008
588009
588009
588011
588011
588013
588013
588015
588016
588017
588023.5
588030
588025.5
588021
588022
588023
588024
588025
588031.5
588027
588033.5
588029
588030
588031
588037.5
588033
588039.5
588046
588041.5
588037
588038
588039
588040
588041
588047.5
588054
588062.5
588056
588064.5
588058
588053.5
588049
588050
588051
588052
588053
588054
588055
588056
588057
588057
588059
588059
588059
588061
588063
588063
588063
588058
588053
588053
588055
588055
588057
588064
588071
588066
588061
588061
588061
588057.5
588054
588059.5
588065
588067
588069
588069
588069
588071
588073
588073
588073
588069.5
588075
588077
588079
588079
588079
588081
588081
588077.5
588074
588073
588076
588075
588078
588077
588076
588079
588078
588076
588080
588078
588076
588073.5
588078
588075.5
588073
588077.5
588075
588079.5
588077
588081.5
588086
588083.5
588088
588085.5
588083
588074
588085
588089.5
588087
588078
588089
588080
588091
588082
588073
588084
588075
588086
588097
588101.5
588106
588103.5
588101
588105.5
588103
588094
588105
588096
588087
588079
588071
588067.5
588064
588062
588060
588061
588062
588066
588070
588068
588072
588070
588074
588079.5
588076
588081.5
588078
588076
588080
588085.5
588091
588101
588111
588122
588113
588124
588115
588126
588137
588141.5
588146
588143.5
588148
588145.5
588143
588147.5
588145
588149.5
588147
588138
588149
588140
588131
588142
588153
588144
588155
588159.5
588157
588161.5
588166
588163.5
588168
588165.5
588163
588167.5
588165
588169.5
588167
588171.5
588169
588173.5
588178
588182
588186
588189
588188
588186
588184
588181.5
588179
588170
588161
588153
588145
588155
588165
588157
588167
588159
588151
588161
588171
588163
588173
588184
588175
588186
588177
588188
588199
588190
588181
588192
588183
588175
588185
588196
588187
588179
588189
588200
588211
588202
588213
588217.5
588222
588219.5
588217
588221.5
588226
588230
588228
588225.5
588223
588227.5
588225
588229.5
588234
588231.5
588236
588233.5
588231
588222
588233
588237.5
588235
588226
588237
588228
588219
588230
588221
588232
588223
588215
588207
588217
588209
588219
588229
588240
588231
588242
588253
588244
588255
588259.5
588257
588248
588259
588250
588261
588265.5
588270
588274
588272
588269.5
588274
588271.5
588276
588280
588278
588282
588280
588277.5
588275
588279.5
588284
588281.5
588279
588283.5
588288
588292
588290
588287.5
588292
588289.5
588294
588291.5
588289
588280
588291
588295.5
588300
588304
588308
588306
588310
588313
588312
588310
588308
588305.5
588310
588307.5
588305
588309.5
588307
588298
588289
588281
588273
588283
588275
588285
588295
588306
588317
588321.5
588326
588323.5
588328
588325.5
588323
588314
588305
588316
588327
588331.5
588336
588333.5
588338
588335.5
588340
588337.5
588342
588339.5
588337
588328
588339
588343.5
588348
588352
588350
588347.5
588352
588356
588360
588358
588362
588365
588368
588367
588366
588369
588372
588371
588374
588379.5
588385
588381.5
588387
588389
588391
588398
588405
588400
588395
588402
588397
588397
588399
588406
588413
588415
588417
588417
588417
588412
588419
588414
588409
588409
588411
588418
588425
588427
588429
588430
588431
588431
588431
588426
588433
588435
588437
588437
588437
588439
588439
588434
588429
588429
588429
588431
588433
588433
588433
588435
588437
588437
588439
588439
588441
588448
588443
588450
588457
588452
588459
588454
588461
588456
588451
588458
588453
588460
588467
588462
588469
588464
588471
588473
588475
588476
588477
588477
588479
588479
588479
588474
588481
588476
588471
588478
588485
588480
588487
588482
588489
588484
588479
588486
588493
588488
588483
588483
588483
588479.5
588476
588481.5
588487
588489
588491
588498
588493
588493
588493
588489.5
588486
588491.5
588497
588499
588499
588495.5
588492
588491
588490
588493
588492
588490
588488
588492
588496
588499
588502
588501
588500
588498
588496
588493.5
588498
588495.5
588500
588497.5
588502
588499.5
588497
588488
588479
588471
588481
588473
588465
588475
588467
588477
588487
588479
588489
588481
588491
588483
588493
588485
588495
588487
588479
588475.5
588472
588470
588474
588472
588476
588474
588472
588473
588474
588475
588476
588467.5
588459
588457.5
588456
588459.5
588458
588461.5
588465
588463.5
588467
588465.5
588469
588467.5
588471
588481.5
588473
588483.5
588475
588473.5
588472
588475.5
588479
588489.5
588481
588479.5
588478
588476.5
588480
588478.5
588482
588480.5
588479
588482.5
588481
588481.5
588482
588480
588478
588473.5
588480
588475.5
588471
588477.5
588484
588479.5
588486
588490
588488
588483.5
588479
588479.5
588480
588481.5
588483
588483.5
588485
588485.5
588487
588493.5
588500
588495.5
588491
588497.5
588493
588499.5
588506
588510
588508
588503.5
588499
588499.5
588500
588501.5
588502
588500.5
588504
588502.5
588506
588504.5
588503
588506.5
588505
588503.5
588502
588505.5
588504
588505
588506
588509.5
588508
588511.5
588515
588513.5
588512
588513
588514
588515
588516
588517
588518
588519
588520
588521
588522
588525.5
588529
588527.5
588526
588527
588528
588521.5
588515
588514
588517
588525.5
588534
588527.5
588521
588520
588523
588531.5
588540
588541
588542
588545.5
588544
588547.5
588551
588549.5
588553
588551.5
588550
588551
588552
588545.5
588554
588547.5
588541
588549.5
588558
588559
588560
588563.5
588562
588565.5
588564
588567.5
588566
588569.5
588568
588569
588570
588571
588572
588575.5
588579
588577.5
588576
588579.5
588583
588581.5
588580
588581
588582
588583
588584
588587.5
588591
588594.5
588598
588596.5
588600
588598.5
588602
588603.5
588604
588602.5
588606
588604.5
588603
588601.5
588600
588601
588602
588595.5
588589
588597.5
588591
588599.5
588608
588609
588610
588603.5
588612
588605.5
588614
588615
588616
588617
588618
588619
588620
588613.5
588622
588615.5
588609
588617.5
588611
588619.5
588613
588621.5
588615
588614
588617
588616
588615
588618
588617
588620
588623
588622
588625
588633.5
588627
588635.5
588644
588637.5
588631
588630
588629
588632
588631
588627
588633
588636
588635
588638
588637
588633
588639
588635
588641
588644
588643
588639
588645
588641
588647
588643
588649
588652
588655
588654
588653
588656
588655
588658
588657
588653
588659
588655
588661
588657
588663
588666
588669
588677.5
588686
588679.5
588688
588689
588690
588691
588692
588693
588694
588695
588696
588697
588698
588701.5
588700
588703.5
588702
588705.5
588709
588712.5
588711
588714.5
588713
588711.5
588715
588713.5
588712
588715.5
588719
588722.5
588721
588719.5
588718
588721.5
588720
588721
588722
588725.5
588724
588725
588726
588727
588728
588731.5
588735
588733.5
588732
588735.5
588739
588742.5
588746
588744.5
588743
588746.5
588750
588748.5
588747
588750.5
588749
588752.5
588756
588757.5
588758
588756.5
588760
588761.5
588763
588763.5
588764
588762.5
588761
588764.5
588768
588766.5
588765
588763.5
588767
588765.5
588769
588767.5
588766
588769.5
588773
588776.5
588775
588778.5
588777
588780.5
588779
588777.5
588776
588779.5
588783
588786.5
588790
588791.5
588792
588793.5
588794
588792.5
588796
588794.5
588798
588799.5
588800
588798.5
588802
588800.5
588799
588802.5
588801
588804.5
588803
588806.5
588805
588803.5
588807
588810.5
588809
588807.5
588806
588809.5
588808
588811.5
588810
588813.5
588817
588820.5
588819
588822.5
588821
588824.5
588828
588826.5
588830
588831.5
588833
588839.5
588835
588835.5
588836
588837.5
588838
588839.5
588841
588847.5
588854
588849.5
588845
588845.5
588846
588844.5
588848
588846.5
588845
588843.5
588842
588843
588844
588847.5
588846
588849.5
588848
588851.5
588850
588853.5
588852
588855.5
588859
588857.5
588861
588859.5
588863
588866.5
588865
588863.5
588867
588865.5
588864
588867.5
588871
588869.5
588873
588876.5
588880
588881.5
588882
588880.5
588879
588877.5
588876
588877
588878
588871.5
588865
588873.5
588882
588875.5
588869
588868
588867
588863
588859
588865
588871
588867
588873
588869
588875
588878
588881
588880
588883
588882
588881
588884
588883
588879
588875
588881
588887
588890
588889
588892
588895
588903.5
588912
588913
588914
588917.5
588916
588917
588918
588919
588920
588921
588922
588923
588924
588925
588926
588929.5
588933
588931.5
588935
588938.5
588937
588935.5
588939
588942.5
588941
588939.5
588938
588939
588940
588941
588942
588943
588944
588945
588946
588939.5
588948
588949
588950
588953.5
588952
588953
588954
588947.5
588941
588949.5
588943
588942
588945
588944
588947
588955.5
588949
588957.5
588966
588959.5
588953
588961.5
588955
588954
588953
588956
588955
588951
588947
588953
588959
588962
588961
588964
588963
588959
588965
588968
588971
588979.5
588988
588989
588990
588983.5
588977
588985.5
588979
588978
588977
588973
588969
588975
588981
588984
588987
588986
588985
588981
588987
588983
588979
588978.5
588978
588980.5
588983
588982.5
588982
588984.5
588987
588986.5
588989
588988.5
588991
588997
588993
588999
589005
589001
589007
589010
589009
589012
589011
589007
589013
589009
589015
589011
589007
589006.5
589009
589008.5
589008
589006.5
589010
589012.5
589012
589010.5
589009
589012.5
589011
589014.5
589018
589020.5
589020
589018.5
589017
589013.5
589019
589015.5
589012
589017.5
589023
589026.5
589025
589021.5
589018
589023.5
589020
589025.5
589022
589027.5
589033
589029.5
589026
589022
589018
589013.5
589020
589026
589032
589037.5
589043
589046.5
589050
589048.5
589052
589050.5
589054
589052.5
589056
589054.5
589058
589056.5
589060
589062.5
589065
589071
589067
589066.5
589066
589064.5
589063
589066.5
589070
589068.5
589072
589070.5
589074
589072.5
589071
589074.5
589078
589080.5
589080
589082.5
589085
589091
589097
589093
589089
589095
589091
589097
589103
589099
589105
589101
589107
589103
589109
589105
589111
589114
589113
589116
589119
589127.5
589121
589120
589119
589122
589121
589117
589113
589119
589115
589114.5
589117
589116.5
589116
589114.5
589113
589116.5
589115
589111.5
589117
589113.5
589110
589115.5
589121
589124.5
589128
589126.5
589125
589128.5
589132
589134.5
589137
589136.5
589136
589138.5
589141
589140.5
589140
589142.5
589142
589144.5
589144
589146.5
589146
589148.5
589148
589150.5
589153
589152.5
589152
589150.5
589154
589156.5
589156
589154.5
589153
589156.5
589155
589158.5
589162
589164.5
589164
589166.5
589166
589168.5
589171
589170.5
589170
589168.5
589172
589170.5
589174
589172.5
589171
589167.5
589173
589169.5
589175
589178.5
589177
589173.5
589179
589175.5
589172
589177.5
589183
589186.5
589185
589181.5
589178
589183.5
589180
589185.5
589191
589187.5
589193
589196.5
589200
589198.5
589197
589200.5
589204
589202.5
589206
589204.5
589203
589206.5
589210
589208.5
589207
589203.5
589200
589205.5
589202
589207.5
589204
589200
589196
589191.5
589198
589204
589200
589195.5
589202
589208
589214
589219.5
589225
589228.5
589227
589230.5
589229
589225.5
589231
589234.5
589233
589229.5
589235
589238.5
589237
589240.5
589239
589235.5
589232
589237.5
589234
589230
589226
589221.5
589228
589234
589240
589245.5
589242
589247.5
589244
589249.5
589246
589242
589238
589244
589250
589255.5
589261
589264.5
589268
589270.5
589273
589279
589285
589288
589287
589283
589279
589285
589281
589280.5
589280
589278.5
589277
589273.5
589270
589275.5
589272
589268
589274
589270
589266
589272
589278
589283.5
589289
589292.5
589296
589298.5
589298
589296.5
589295
589291.5
589297
589300.5
589304
589306.5
589306
589308.5
589311
589317
589323
589326
589325
589328
589331
589330
589329
589332
589335
589334
589333
589336
589339
589347.5
589341
589349.5
589358
589359
589360
589353.5
589362
589355.5
589349
589357.5
589351
589359.5
589353
589361.5
589370
589371
589372
589375.5
589374
589375
589376
589377
589378
589379
589380
589381
589382
589385.5
589384
589385
589386
589387
589388
589389
589390
589393.5
589397
589395.5
589394
589395
589396
589397
589398
589391.5
589385
589384
589387
589395.5
589404
589405
589406
589407
589408
589401.5
589395
589394
589397
589405.5
589414
589407.5
589416
589409.5
589403
589411.5
589420
589421
589422
589415.5
589409
589417.5
589411
589410
589413
589412
589415
589423.5
589432
589433
589434
589437.5
589441
589444.5
589443
589441.5
589445
589443.5
589442
589443
589444
589437.5
589446
589439.5
589433
589432
589435
589443.5
589437
589436
589435
589438
589441
589440
589439
589435
589431
589430.5
589430
589432.5
589432
589434.5
589437
589436.5
589439
589445
589441
589440.5
589443
589442.5
589442
589444.5
589447
589446.5
589446
589444.5
589443
589446.5
589450
589452.5
589455
589461
589467
589463
589459
589458.5
589461
589467
589473
589469
589465
589464.5
589467
589473
589479
589482
589481
589477
589473
589472.5
589472
589474.5
589477
589483
589479
589478.5
589478
589476.5
589480
589482.5
589485
589484.5
589484
589482.5
589486
589484.5
589483
589479.5
589485
589488.5
589487
589483.5
589480
589485.5
589491
589487.5
589493
589496.5
589495
589491.5
589488
589493.5
589490
589495.5
589492
589488
589494
589490
589486
589492
589488
589483.5
589490
589485.5
589492
589498
589504
589500
589506
589511.5
589517
589520.5
589519
589522.5
589521
589524.5
589528
589530.5
589530
589532.5
589532
589534.5
589534
589536.5
589536
589534.5
589538
589540.5
589543
589542.5
589545
589544.5
589544
589542.5
589546
589544.5
589543
589539.5
589536
589532
589538
589543.5
589540
589536
589542
589538
589534
589529.5
589536
589531.5
589538
589544
589550
589546
589542
589537.5
589533
589539.5
589535
589541.5
589548
589543.5
589539
589545.5
589552
589558
589564
589569.5
589575
589578.5
589577
589573.5
589579
589582.5
589586
589584.5
589588
589590.5
589593
589592.5
589595
589594.5
589594
589596.5
589599
589598.5
589601
589600.5
589600
589602.5
589602
589600.5
589599
589602.5
589601
589604.5
589603
589599.5
589596
589592
589588
589594
589590
589596
589592
589598
589594
589589.5
589596
589602
589598
589604
589610
589615.5
589621
589624.5
589623
589619.5
589625
589628.5
589627
589630.5
589634
589632.5
589631
589627.5
589633
589636.5
589635
589638.5
589637
589640.5
589639
589635.5
589632
589628
589634
589630
589626
589632
589638
589634
589640
589645.5
589642
589638
589634
589629.5
589625
589631.5
589638
589633.5
589640
589635.5
589631
589637.5
589644
589639.5
589635
589635
589637
589643.5
589650
589656
589662
589658
589664
589669.5
589675
589671.5
589668
589673.5
589670
589675.5
589672
589677.5
589674
589670
589676
589681.5
589678
589683.5
589680
589676
589672
589678
589684
589680
589686
589682
589688
589693.5
589690
589686
589692
589697.5
589703
589699.5
589705
589701.5
589698
589703.5
589709
589712.5
589716
589714.5
589718
589716.5
589720
589718.5
589717
589720.5
589724
589726.5
589729
589735
589731
589730.5
589733
589739
589735
589734.5
589737
589736.5
589736
589738.5
589741
589747
589743
589749
589755
589758
589761
589760
589759
589755
589751
589750.5
589750
589752.5
589755
589761
589767
589763
589759
589765
589761
589767
589763
589762.5
589762
589760.5
589759
589762.5
589761
589764.5
589763
589759.5
589765
589761.5
589758
589763.5
589769
589765.5
589762
589767.5
589773
589769.5
589775
589778.5
589782
589780.5
589784
589782.5
589781
589777.5
589774
589779.5
589776
589781.5
589778
589774
589770
589765.5
589772
589767.5
589763
589769.5
589765
589765
589767
589773.5
589780
589786
589792
589788
589784
589790
589796
589792
589798
589803.5
589800
589796
589792
589787.5
589783
589783
589785
589791.5
589787
589787
589789
589789
589789
589789
589791
589791
589793
589793
589795
589795
589797
589799
589799
589801
589803
589809.5
589816
589822
589828
589824
589820
589815.5
589811
589811
589813
589813
589815
589821.5
589817
589823.5
589830
589836
589832
589838
589844
589849.5
589855
589851.5
589857
589853.5
589859
589862.5
589866
589868.5
589868
589870.5
589873
589872.5
589875
589881
589877
589883
589879
589878.5
589881
589887
589883
589882.5
589882
589884.5
589884
589882.5
589881
589884.5
589888
589890.5
589893
589899
589895
589901
589897
589903
589899
589905
589901
589900.5
589903
589902.5
589905
589904.5
589907
589906.5
589906
589904.5
589903
589906.5
589905
589901.5
589898
589903.5
589900
589905.5
589902
589898
589894
589889.5
589896
589891.5
589898
589893.5
589900
589895.5
589891
589891
589893
589899.5
589906
589901.5
589897
589897
589897
589897
589897
589895
589893
589892.5
589895
589894.5
589894
589894.5
589895
589896.5
589898
589900.5
589903
589902.5
589905
589909
589907
589906.5
589906
589908.5
589911
589910.5
589910
589912.5
589912
589912.5
589913
589914.5
589915
589915
589915
589916
589917
589918
589919
589920
589921
589923
589925
589925
589927
589928.5
589929
589930.5
589931
589932.5
589934
589936.5
589936
589938.5
589938
589940.5
589943
589942.5
589945
589949
589953
589951
589949
589953
589957
589955
589959
589957
589955
589959
589963
589965
589965
589963
589961
589960.5
589960
589962.5
589962
589964.5
589964
589964.5
589966
589966.5
589967
589967
589969
589969
589969
589970
589971
589967.5
589973
589974
589975
589976
589977
589978
589979
589980
589981
589983
589985
589986.5
589987
589987
589987
589989
589991
589992.5
589994
589994.5
589995
589995
589997
589997
589999
589999
589999
590001
590001
590002
590003
589999.5
589996
590001.5
589998
590003.5
590000
590005.5
590011
590007.5
590013
590009.5
590006
590001.5
590008
590003.5
590010
590015.5
590021
590017.5
590023
590019.5
590016
590011.5
590018
590023.5
590020
590025.5
590031
590032
590033
590029.5
590026
590031.5
590037
590038
590039
590041
590041
590042
590043
590045
590045
590046
590047
590049
590051
590051
590051
590052
590053
590049.5
590046
590051.5
590057
590058
590059
590060
590061
590062
590063
590064
590065
590067
590069
590069
590069
590070
590071
590073
590075
590076.5
590078
590078.5
590079
590080.5
590082
590084.5
590084
590084.5
590085
590086.5
590088
590090.5
590090
590090.5
590091
590091
590093
590093
590095
590096.5
590097
590098.5
590100
590102.5
590102
590102.5
590103
590104.5
590106
590106.5
590108
590110.5
590110
590112.5
590112
590112.5
590114
590116.5
590119
590118.5
590118
590118.5
590119
590119
590119
590121
590121
590122
590123
590119.5
590125
590121.5
590127
590123.5
590120
590125.5
590122
590117.5
590113
590111.5
590115
590113.5
590117
590115.5
590114
590112
590110
590110
590110
590112
590114
590114
590116
590116
590116
590118
590120
590120
590120
590119
590118
590117.5
590117
590115
590113
590117
590115
590116
590117
590121
590125
590123
590121
590125
590123
590124
590125
590126
590127
590131
590135
590133
590131
590135
590133
590134
590135
590136
590137
590138
590139
590140
590141
590142
590143
590144
590145
590146
590147
590148
590149
590150
590151
590152
590153
590154
590155
590152
590149
590154
590151
590156
590153
590140
590127
590128
590129
590122.5
590116
590117
590118
590117
590116
590116
590116
590116
590118
590118
590118
590120
590122
590122
590124
590126
590126
590126
590126
590128
590128
590128.5
590129
590129.5
590131
590131.5
590132
590132
590132
590131
590130
590133
590136
590135
590138
590140
590140
590139
590142
590141
590144
590146
590148
590148
590150
590150
590150
590152
590152
590154
590156
590156
590158
590159.5
590161
590161.5
590163
590163.5
590165
590165.5
590167
590168.5
590169
590170.5
590172
590174
590176
590178
590180
590180
590182
590185
590188
590189
590190
590191
590192
590200.5
590194
590202.5
590196
590197
590198
590197
590200
590201
590202
590210.5
590204
590205
590206
590207
590208
590209
590210
590209
590208
590208
590210
590213
590212
590212
590212
590214
590214
590214
590216
590216
590216
590218
590218
590220
590220
590222
590222
590222.5
590224
590226
590226
590228
590228
590228.5
590230
590232
590232
590232.5
590234
590234.5
590236
590236.5
590237
590237.5
590238
590239.5
590240
590240
590242
590242
590244
590245.5
590247
590247.5
590249
590249.5
590250
590250
590252
590253.5
590254
590255.5
590256
590256
590256
590258
590260
590260
590260
590259
590258
590261
590264
590266
590268
590268
590270
590270
590270
590272
590274
590274
590274
590276
590278
590278
590278
590277
590280
590279
590282
590284
590284
590283
590286
590288
590288
590287
590290
590289
590288
590291
590290
590293
590292
590295
590294
590297
590296
590299
590298
590299
590300
590303
590306
590305
590308
590310
590310
590312
590312
590314
590316
590316
590316
590318
590320
590321.5
590323
590324.5
590326
590328
590328
590330
590332
590332
590334
590334
590334
590336
590336
590338
590340
590342
590342
590342
590342
590342.5
590344
590344.5
590346
590348
590350
590352
590354
590354
590354
590356
590356
590356
590358
590358
590360
590362
590362
590362
590362
590362.5
590364
590364.5
590366
590368
590368
590370
590370
590372
590374
590374
590374
590376
590378
590380
590382
590385
590384
590387
590390
590391
590392
590393
590394
590395
590396
590397
590398
590397
590396
590396
590398
590401
590400
590400
590402
590405
590408
590407
590410
590411
590412
590411
590410
590413
590412
590415
590418
590417
590416
590416
590418
590418
590420
590420
590422
590425
590424
590424
590426
590426
590428
590431
590434
590433
590432
590435
590434
590434
590436
590439
590438
590441
590440
590440
590440
590442
590442
590444
590444
590446
590448
590448
590448
590450
590452
590452
590452
590454
590456
590459
590458
590461
590464
590465
590466
590474.5
590483
590484
590485
590500
590515
590502
590517
590522
590519
590524
590521
590508
590523
590510
590525
590512
590499
590500
590501
590494.5
590503
590504
590505
590498.5
590492
590500.5
590509
590510
590511
590504.5
590513
590506.5
590515
590516
590517
590510.5
590519
590520
590521
590514.5
590523
590524
590525
590526
590527
590528
590529
590522.5
590531
590532
590533
590534
590535
590550
590537
590552
590539
590540
590541
590542
590543
590544
590545
590546
590547
590548
590549
590550
590551
590566
590553
590568
590555
590570
590557
590572
590559
590560
590561
590562
590563
590564
590565
590566
590567
590560.5
590569
590562.5
590571
590572
590573
590588
590575
590590
590605
590592
590607
590612
590617
590614
590611
590598
590585
590586
590587
590588
590589
590590
590591
590606
590621
590626
590631
590632
590633
590634
590635
590632
590637
590638
590639
590640
590641
590638
590635
590622
590609
590624
590611
590612
590613
590614
590615
590616
590617
590632
590619
590620
590621
590622
590623
590624
590625
590618.5
590612
590613
590614
590622.5
590631
590632
590633
590626.5
590620
590621
590622
590630.5
590639
590640
590641
590642
590643
590644
590645
590660
590675
590680
590677
590682
590687
590684
590681
590668
590683
590688
590693
590690
590687
590692
590689
590694
590691
590678
590693
590698
590703
590700
590697
590684
590671
590686
590701
590688
590675
590690
590705
590710
590707
590694
590681
590696
590711
590698
590713
590700
590715
590702
590689
590704
590719
590724
590721
590726
590731
590728
590725
590712
590727
590732
590737
590738
590739
590740
590741
590742
590743
590747
590745
590746
590747
590748
590749
590753
590751
590755
590753
590754
590755
590752
590749
590736
590751
590756
590761
590758
590763
590760
590757
590762
590759
590764
590769
590770
590771
590775
590773
590777
590781
590779
590783
590785.5
590788
590791
590790
590789.5
590789
590787
590791
590789
590793
590791
590789
590790
590791
590788
590793
590794
590795
590792
590797
590794
590791
590796
590793
590798
590795
590782
590797
590784
590799
590786
590773
590774
590775
590776
590777
590770.5
590779
590772.5
590781
590782
590783
590798
590785
590800
590787
590802
590789
590790
590791
590792
590793
590786.5
590780
590781
590782
590783
590784
590783
590786
590787
590788
590796.5
590790
590791
590792
590800.5
590809
590810
590811
590812
590813
590828
590815
590816
590817
590818
590819
590820
590821
590836
590851
590856
590861
590862
590863
590864
590865
590862
590859
590864
590861
590866
590871
590872
590873
590877
590881
590883.5
590883
590881
590879
590883
590881
590885
590889
590887
590885
590886
590887
590891
590889
590893
590891
590895
590899
590901.5
590904
590907
590906
590905.5
590908
590907.5
590907
590905
590903
590904
590905
590906
590907
590908
590909
590910
590911
590908
590905
590910
590915
590916
590917
590918
590919
590920
590921
590918
590915
590920
590925
590926
590927
590924
590929
590930
590931
590928
590933
590930
590927
590914
590929
590934
590931
590936
590941
590942
590943
590944
590945
590946
590947
590948
590949
590950
590951
590948
590953
590950
590947
590934
590949
590936
590923
590924
590925
590940
590955
590960
590965
590962
590959
590964
590969
590970
590971
590972
590973
590974
590975
590976
590977
590981
590979
590983
590987
590989.5
590992
590995
590998
590997
590996
590995.5
590998
590997.5
591000
590999.5
591002
591001.5
591004
591003.5
591003
591001
591005
591007.5
591007
591009.5
591012
591011.5
591011
591009
591007
591011
591009
591010
591011
591012
591013
591014
591015
591016
591017
591018
591019
591020
591021
591018
591023
591024
591025
591022
591027
591028
591029
591030
591031
591032
591033
591034
591035
591032
591029
591016
591031
591036
591041
591038
591043
591040
591037
591024
591011
591026
591013
591028
591015
591016
591017
591018
591019
591020
591021
591022
591023
591024
591025
591026
591027
591028
591029
591030
591031
591032
591033
591048
591063
591068
