23421
122577 123508
751949 752880
776566 777497
571915 572846
643384 644315
224634 225565
149851 150782
807295 808226
971521 972452
699469 700400
654756 655687
632781 633712
182068 182999
381490 382421
815473 816404
537101 538032
145994 146925
118277 119208
910935 911866
443578 444509
287792 288723
859487 860418
605392 606323
348920 349851
37272 38203
652113 653044
730677 731608
801797 802728
882566 883497
272493 273424
329133 330064
189251 190182
161239 162170
475030 475961
915206 916137
858568 859499
769568 770499
989501 990432
975553 976484
868926 869857
939697 940628
496927 497858
9149 10080
547963 548894
996047 996978
232586 233517
653596 654527
61650 62581
854272 855203
21030 21961
620613 621544
730434 731365
273263 274194
857589 858520
226051 226982
757711 758642
76497 77428
84389 85320
156359 157290
604959 605890
80122 81053
233366 234297
159973 160904
665763 666694
15146 16077
801119 802050
793364 794295
133533 134464
227203 228134
906317 907248
68569 69500
275993 276924
5262 6193
176533 177464
574488 575419
235701 236632
89316 90247
689820 690751
682287 683218
82144 83075
611810 612741
239504 240435
616960 617891
614379 615310
125542 126473
723511 724442
889152 890083
870965 871896
997328 998259
357698 358629
185632 186563
467236 468167
589071 590002
431346 432277
611988 612919
328168 329099
472779 473710
812242 813173
711816 712747
5773 6704
434963 435894
392174 393105
531295 532226
688434 689365
366678 367609
68642 69573
191512 192443
747546 748477
349581 350512
998322 999253
584236 585167
478348 479279
256249 257180
944808 945739
488945 489876
273933 274864
313299 314230
427359 428290
409055 409986
209161 210092
568171 569102
819603 820534
403043 403974
183349 184280
645607 646538
390566 391497
854178 855109
354954 355885
480980 481911
425670 426601
949732 950663
346232 347163
337667 338598
992188 993119
728841 729772
912573 913504
615582 616513
560938 561869
376900 377831
407405 408336
843102 844033
830252 831183
81263 82194
31030 31961
401815 402746
11034 11965
339054 339985
452651 453582
382929 383860
296901 297832
241871 242802
505685 506616
14120 15051
87963 88894
508316 509247
561904 562835
229674 230605
983142 984073
532634 533565
552533 553464
371672 372603
192678 193609
623112 624043
402054 402985
375967 376898
774991 775922
35232 36163
923767 924698
140631 141562
191426 192357
445976 446907
687304 688235
301778 302709
485689 486620
618626 619557
893630 894561
767883 768814
139397 140328
576961 577892
957207 958138
182723 183654
88685 89616
100050 100981
948910 949841
979580 980511
64150 65081
670295 671226
698118 699049
754014 754945
939237 940168
749342 750273
794472 795403
425940 426871
330698 331629
260435 261366
446188 447119
96003 96934
972341 973272
471280 472211
433724 434655
656337 657268
412214 413145
882758 883689
153461 154392
124660 125591
283670 284601
565733 566664
511694 512625
336625 337556
633111 634042
970135 971066
832640 833571
287748 288679
678109 679040
660711 661642
740784 741715
818669 819600
715572 716503
971521 972452
149436 150367
645582 646513
496560 497491
359702 360633
499794 500725
139508 140439
706756 707687
601581 602512
458072 459003
976648 977579
884467 885398
668289 669220
915984 916915
728610 729541
290434 291365
496763 497694
955369 956300
85594 86525
428942 429873
761676 762607
231319 232250
902 1833
202667 203598
296214 297145
802009 802940
140808 141739
680445 681376
487831 488762
690700 691631
711406 712337
345514 346445
755363 756294
648989 649920
377497 378428
625216 626147
94860 95791
881275 882206
612817 613748
244063 244994
643849 644780
801534 802465
443726 444657
238261 239192
397640 398571
754489 755420
139187 140118
270653 271584
645286 646217
304965 305896
200027 200958
326172 327103
46349 47280
250456 251387
515799 516730
295634 296565
175440 176371
481463 482394
255817 256748
59854 60785
977093 978024
740301 741232
29835 30766
538840 539771
480187 481118
917366 918297
117125 118056
196523 197454
341171 342102
892571 893502
760603 761534
35015 35946
561582 562513
583918 584849
698038 698969
391573 392504
799723 800654
150926 151857
100509 101440
140163 141094
94571 95502
227967 228898
916261 917192
810194 811125
815007 815938
208916 209847
632210 633141
28557 29488
470949 471880
538971 539902
11249 12180
728185 729116
251756 252687
583579 584510
234480 235411
759319 760250
95742 96673
321714 322645
28146 29077
609511 610442
31024 31955
314746 315677
692241 693172
951820 952751
685690 686621
972169 973100
40111 41042
30578 31509
107834 108765
71641 72572
247359 248290
506967 507898
495258 496189
949520 950451
17101 18032
682893 683824
816534 817465
138946 139877
943201 944132
383810 384741
328292 329223
486171 487102
784094 785025
389348 390279
379352 380283
980600 981531
110864 111795
524831 525762
501162 502093
476227 477158
885606 886537
926443 927374
394257 395188
960578 961509
990661 991592
1531 2462
144151 145082
708703 709634
233315 234246
786483 787414
138890 139821
85800 86731
630717 631648
417152 418083
903446 904377
122317 123248
589217 590148
14197 15128
22537 23468
864049 864980
638239 639170
808080 809011
161691 162622
806482 807413
381525 382456
258949 259880
21508 22439
491992 492923
781626 782557
946257 947188
995917 996848
265235 266166
175048 175979
879707 880638
88467 89398
345639 346570
859824 860755
444550 445481
976113 977044
146833 147764
627012 627943
923894 924825
419591 420522
257143 258074
677133 678064
65557 66488
868028 868959
371727 372658
989627 990558
987255 988186
374204 375135
868405 869336
877953 878884
17241 18172
215984 216915
651472 652403
142271 143202
635392 636323
337628 338559
571776 572707
515731 516662
349342 350273
987589 988520
393887 394818
728191 729122
569404 570335
652497 653428
467252 468183
408206 409137
67929 68860
499998 500929
847736 848667
537505 538436
868028 868959
332568 333499
385092 386023
80597 81528
558646 559577
817152 818083
124746 125677
873916 874847
392007 392938
961712 962643
305361 306292
125053 125984
948011 948942
352752 353683
583971 584902
620690 621621
896772 897703
414727 415658
476244 477175
172179 173110
163563 164494
679976 680907
644334 645265
320182 321113
2924 3855
211310 212241
69970 70901
560540 561471
307142 308073
106702 107633
347952 348883
60701 61632
218073 219004
472746 473677
21652 22583
964860 965791
937354 938285
791565 792496
265031 265962
894490 895421
681698 682629
674634 675565
888317 889248
790709 791640
298923 299854
512130 513061
66431 67362
100355 101286
822689 823620
47017 47948
179261 180192
280237 281168
889705 890636
255043 255974
155607 156538
310704 311635
284351 285282
246079 247010
568204 569135
785772 786703
626087 627018
589184 590115
489651 490582
298360 299291
432486 433417
98033 98964
750814 751745
56526 57457
545873 546804
255244 256175
64939 65870
802602 803533
465862 466793
469750 470681
996293 997224
742447 743378
522029 522960
869083 870014
846989 847920
618747 619678
998080 999011
649667 650598
734555 735486
391810 392741
836151 837082
412798 413729
133869 134800
386788 387719
422455 423386
66411 67342
228248 229179
573052 573983
789046 789977
172394 173325
637434 638365
261730 262661
88396 89327
829779 830710
552859 553790
733424 734355
860527 861458
45211 46142
483328 484259
76538 77469
504192 505123
434712 435643
358476 359407
262073 263004
853898 854829
617232 618163
163524 164455
331259 332190
52384 53315
759016 759947
946604 947535
936024 936955
195285 196216
210965 211896
277176 278107
135540 136471
872426 873357
796864 797795
383790 384721
389800 390731
671155 672086
196720 197651
515268 516199
538879 539810
296597 297528
583728 584659
970002 970933
963690 964621
891230 892161
536936 537867
290413 291344
314945 315876
52471 53402
134379 135310
846235 847166
217740 218671
775312 776243
563490 564421
976167 977098
31903 32834
720296 721227
450098 451029
562096 563027
5240 6171
184741 185672
710114 711045
363721 364652
23719 24650
824149 825080
197921 198852
525210 526141
783267 784198
992096 993027
333332 334263
59233 60164
624845 625776
681609 682540
954955 955886
811355 812286
890088 891019
701004 701935
233289 234220
994108 995039
39479 40410
63104 64035
156159 157090
219160 220091
820059 820990
432545 433476
907921 908852
171217 172148
775254 776185
90099 91030
865100 866031
970925 971856
428611 429542
674335 675266
145480 146411
914180 915111
83416 84347
677278 678209
546821 547752
519889 520820
414091 415022
428731 429662
322505 323436
289895 290826
162647 163578
293907 294838
702419 703350
354780 355711
405301 406232
562436 563367
41972 42903
977405 978336
361801 362732
838815 839746
483122 484053
374969 375900
703083 704014
457220 458151
937061 937992
400416 401347
605932 606863
872041 872972
972320 973251
675345 676276
140738 141669
137212 138143
273263 274194
185492 186423
79117 80048
756865 757796
630567 631498
112042 112973
23939 24870
137186 138117
246498 247429
132498 133429
577409 578340
649096 650027
934331 935262
798068 798999
392277 393208
113099 114030
669380 670311
259234 260165
238856 239787
267448 268379
961975 962906
154097 155028
648962 649893
727776 728707
282183 283114
735808 736739
155104 156035
210839 211770
942911 943842
168404 169335
798380 799311
804956 805887
691667 692598
33854 34785
556804 557735
399958 400889
201812 202743
281331 282262
35899 36830
846818 847749
70681 71612
571272 572203
885013 885944
490514 491445
844742 845673
148008 148939
756992 757923
771333 772264
183051 183982
556844 557775
10424 11355
310270 311201
391984 392915
120800 121731
144329 145260
496575 497506
874557 875488
876383 877314
841338 842269
78560 79491
277297 278228
273044 273975
753794 754725
58994 59925
145509 146440
809119 810050
656665 657596
851062 851993
957197 958128
596114 597045
119639 120570
301241 302172
68575 69506
396674 397605
142665 143596
349240 350171
583531 584462
271523 272454
162040 162971
370319 371250
845035 845966
800254 801185
621515 622446
638818 639749
334151 335082
258022 258953
482118 483049
549282 550213
941364 942295
419883 420814
843269 844200
859011 859942
191620 192551
388388 389319
568197 569128
941603 942534
381112 382043
736009 736940
990590 991521
644958 645889
993218 994149
717956 718887
298089 299020
466452 467383
179204 180135
732846 733777
120292 121223
563392 564323
753806 754737
66737 67668
973102 974033
534808 535739
738223 739154
120898 121829
476939 477870
74196 75127
251509 252440
657682 658613
621879 622810
356252 357183
61755 62686
13952 14883
794855 795786
658623 659554
871339 872270
631377 632308
296054 296985
357330 358261
752201 753132
539500 540431
182989 183920
23997 24928
716903 717834
540937 541868
961600 962531
537744 538675
344828 345759
40290 41221
927313 928244
474487 475418
157690 158621
772809 773740
767036 767967
864534 865465
506877 507808
430454 431385
95044 95975
976516 977447
515861 516792
174757 175688
982675 983606
262826 263757
260581 261512
343379 344310
454724 455655
308267 309198
929963 930894
505899 506830
953037 953968
416226 417157
291689 292620
48915 49846
410299 411230
318511 319442
6949 7880
527727 528658
167425 168356
680980 681911
834017 834948
730755 731686
25426 26357
656761 657692
605443 606374
410642 411573
491825 492756
266506 267437
203991 204922
597361 598292
703327 704258
816459 817390
716972 717903
238383 239314
128523 129454
389441 390372
908939 909870
384548 385479
162211 163142
779625 780556
772293 773224
180974 181905
399038 399969
79756 80687
781000 781931
311642 312573
972313 973244
993011 993942
187689 188620
976450 977381
9994 10925
151803 152734
202448 203379
824851 825782
115879 116810
813468 814399
796151 797082
658085 659016
31030 31961
846379 847310
270305 271236
495421 496352
740285 741216
634559 635490
110782 111713
533770 534701
789949 790880
498691 499622
796614 797545
581478 582409
629843 630774
401063 401994
960930 961861
163503 164434
156550 157481
975917 976848
932432 933363
5792 6723
312723 313654
242358 243289
423660 424591
172016 172947
330841 331772
236480 237411
359518 360449
30497 31428
535413 536344
384588 385519
542722 543653
73004 73935
9913 10844
532282 533213
814764 815695
261694 262625
786541 787472
228967 229898
903647 904578
764946 765877
412219 413150
874785 875716
218762 219693
25777 26708
26238 27169
644387 645318
70307 71238
367954 368885
95882 96813
90509 91440
919452 920383
80770 81701
621356 622287
502404 503335
893336 894267
384401 385332
208130 209061
670480 671411
788395 789326
87417 88348
233729 234660
45768 46699
651147 652078
704249 705180
812998 813929
544584 545515
705261 706192
505395 506326
585797 586728
931721 932652
379213 380144
331390 332321
948473 949404
665104 666035
112317 113248
84463 85394
403834 404765
386215 387146
133552 134483
627575 628506
129414 130345
178443 179374
523907 524838
486092 487023
25736 26667
567286 568217
317551 318482
514556 515487
308208 309139
705763 706694
583124 584055
761936 762867
282810 283741
69462 70393
429778 430709
624655 625586
760816 761747
539069 540000
643385 644316
114010 114941
550259 551190
425790 426721
873608 874539
568697 569628
38501 39432
318870 319801
329689 330620
994094 995025
943157 944088
193292 194223
947116 948047
506949 507880
327085 328016
921487 922418
242795 243726
138254 139185
339129 340060
671185 672116
837166 838097
380523 381454
666735 667666
706202 707133
737102 738033
16058 16989
330922 331853
141263 142194
620893 621824
813078 814009
602023 602954
96363 97294
713709 714640
212225 213156
211187 212118
786105 787036
794580 795511
181382 182313
672383 673314
115767 116698
352453 353384
529293 530224
190219 191150
30621 31552
901877 902808
117622 118553
528971 529902
997973 998904
454262 455193
595074 596005
927549 928480
397477 398408
450129 451060
552820 553751
122913 123844
364230 365161
541402 542333
953245 954176
151760 152691
682442 683373
630590 631521
622184 623115
402524 403455
257076 258007
312649 313580
434173 435104
103964 104895
420536 421467
482000 482931
408842 409773
243516 244447
649470 650401
305528 306459
637158 638089
305541 306472
842110 843041
147803 148734
341550 342481
628864 629795
856858 857789
204285 205216
997610 998541
796699 797630
211019 211950
690287 691218
250627 251558
395832 396763
595350 596281
393820 394751
130090 131021
601340 602271
889129 890060
217529 218460
761708 762639
546241 547172
505402 506333
778041 778972
927235 928166
893341 894272
117250 118181
298434 299365
544088 545019
117608 118539
840497 841428
328396 329327
242198 243129
160739 161670
907715 908646
614760 615691
95611 96542
544255 545186
766987 767918
186191 187122
368319 369250
163126 164057
551451 552382
72600 73531
382097 383028
419679 420610
154323 155254
893683 894614
371566 372497
344499 345430
598138 599069
948908 949839
739319 740250
766029 766960
425710 426641
207812 208743
198889 199820
436147 437078
582382 583313
511016 511947
911645 912576
891453 892384
27814 28745
200176 201107
404666 405597
158823 159754
356059 356990
178010 178941
102186 103117
144147 145078
573679 574610
77023 77954
355395 356326
65130 66061
496149 497080
572759 573690
378526 379457
807916 808847
707736 708667
622909 623840
127798 128729
943530 944461
737749 738680
709690 710621
990294 991225
716445 717376
787995 788926
357978 358909
30891 31822
609753 610684
562245 563176
668715 669646
834675 835606
531456 532387
622026 622957
579181 580112
924469 925400
395200 396131
330161 331092
250762 251693
498120 499051
569323 570254
331846 332777
57419 58350
194446 195377
298244 299175
314725 315656
607565 608496
314681 315612
419259 420190
856277 857208
473210 474141
570707 571638
961751 962682
34407 35338
128618 129549
367879 368810
804220 805151
703839 704770
220408 221339
314956 315887
133587 134518
532620 533551
513100 514031
699652 700583
842631 843562
880329 881260
822771 823702
668866 669797
846816 847747
430754 431685
321839 322770
888165 889096
963258 964189
815687 816618
880187 881118
668259 669190
450368 451299
521970 522901
876839 877770
943192 944123
169379 170310
938401 939332
875068 875999
83397 84328
73144 74075
307155 308086
349139 350070
715123 716054
811702 812633
772613 773544
423675 424606
115591 116522
617891 618822
61350 62281
358926 359857
4420 5351
621304 622235
544091 545022
857566 858497
748103 749034
263478 264409
197046 197977
585464 586395
913923 914854
461088 462019
867750 868681
60971 61902
87833 88764
414312 415243
870882 871813
325237 326168
457392 458323
487618 488549
686646 687577
423132 424063
981915 982846
997095 998026
734368 735299
722967 723898
419400 420331
733400 734331
767779 768710
964113 965044
488360 489291
988259 989190
975379 976310
611228 612159
737319 738250
992222 993153
226037 226968
426987 427918
489850 490781
977124 978055
33115 34046
268448 269379
689582 690513
345197 346128
152750 153681
48663 49594
786867 787798
980692 981623
992518 993449
215075 216006
809942 810873
978352 979283
76586 77517
538087 539018
421667 422598
668174 669105
507063 507994
111521 112452
730655 731586
718570 719501
33692 34623
870382 871313
936110 937041
289699 290630
13402 14333
605797 606728
839374 840305
340775 341706
471679 472610
198953 199884
686731 687662
291283 292214
944434 945365
511937 512868
92782 93713
453111 454042
948539 949470
906442 907373
790486 791417
485000 485931
730013 730944
829147 830078
77482 78413
259680 260611
958941 959872
243285 244216
845298 846229
465802 466733
903343 904274
758689 759620
82264 83195
892400 893331
267269 268200
873709 874640
966072 967003
95768 96699
524117 525048
345213 346144
497844 498775
776589 777520
242610 243541
676637 677568
965873 966804
108791 109722
351642 352573
413980 414911
911980 912911
579210 580141
948559 949490
841457 842388
362906 363837
43289 44220
434738 435669
95006 95937
912731 913662
232314 233245
828058 828989
601709 602640
833953 834884
96 1027
595428 596359
843955 844886
217430 218361
271089 272020
628657 629588
420720 421651
190841 191772
665199 666130
535859 536790
961446 962377
548157 549088
774418 775349
411328 412259
697241 698172
556255 557186
870223 871154
483123 484054
576908 577839
496167 497098
600677 601608
438892 439823
777645 778576
211051 211982
946922 947853
453230 454161
660450 661381
8882 9813
809009 809940
305833 306764
607470 608401
766264 767195
46889 47820
17641 18572
223253 224184
913934 914865
531169 532100
832778 833709
504447 505378
909060 909991
157622 158553
196852 197783
147004 147935
56397 57328
266872 267803
310179 311110
386504 387435
509855 510786
978240 979171
760237 761168
740850 741781
296005 296936
314812 315743
569379 570310
485416 486347
488273 489204
16674 17605
259296 260227
974217 975148
765397 766328
63790 64721
845455 846386
493829 494760
876652 877583
935087 936018
811542 812473
472743 473674
260812 261743
832340 833271
332952 333883
698851 699782
412748 413679
690757 691688
76629 77560
678729 679660
675617 676548
790642 791573
342604 343535
53253 54184
361005 361936
513635 514566
758009 758940
108118 109049
834568 835499
367687 368618
349393 350324
672039 672970
710486 711417
665607 666538
305724 306655
102022 102953
565285 566216
163418 164349
242463 243394
47408 48339
324608 325539
269943 270874
803715 804646
946131 947062
267634 268565
855746 856677
217167 218098
744236 745167
815855 816786
285426 286357
765621 766552
403552 404483
109289 110220
328124 329055
996214 997145
155004 155935
826570 827501
570258 571189
18045 18976
870169 871100
983548 984479
920530 921461
840098 841029
157765 158696
145644 146575
331669 332600
115422 116353
983856 984787
64743 65674
62246 63177
735369 736300
186039 186970
733470 734401
895231 896162
557164 558095
433268 434199
836799 837730
643863 644794
910253 911184
986716 987647
712725 713656
509799 510730
653280 654211
559058 559989
217412 218343
460553 461484
255537 256468
896661 897592
923079 924010
764074 765005
45404 46335
986632 987563
34351 35282
113147 114078
764834 765765
713534 714465
410639 411570
763424 764355
794291 795222
157123 158054
664855 665786
644041 644972
129218 130149
928867 929798
337255 338186
115886 116817
23943 24874
266221 267152
795721 796652
747562 748493
275867 276798
910557 911488
696320 697251
805616 806547
10072 11003
721487 722418
85488 86419
203463 204394
653973 654904
647607 648538
244725 245656
173178 174109
356428 357359
686563 687494
66794 67725
158994 159925
480132 481063
51 982
743471 744402
639850 640781
600011 600942
924631 925562
564561 565492
790796 791727
799004 799935
405108 406039
104684 105615
755459 756390
509412 510343
883850 884781
453523 454454
511504 512435
132281 133212
935978 936909
223864 224795
20912 21843
480172 481103
592791 593722
184933 185864
467680 468611
337114 338045
311884 312815
701614 702545
183474 184405
679416 680347
509867 510798
901271 902202
861426 862357
736493 737424
751363 752294
189728 190659
893971 894902
93680 94611
325950 326881
895608 896539
653136 654067
691035 691966
163217 164148
675459 676390
919808 920739
536443 537374
129872 130803
946876 947807
46260 47191
762116 763047
798068 798999
876068 876999
562606 563537
36485 37416
336181 337112
857876 858807
128013 128944
526942 527873
839365 840296
644267 645198
650784 651715
815449 816380
865190 866121
605153 606084
364544 365475
981953 982884
950412 951343
473234 474165
683216 684147
898159 899090
289219 290150
644689 645620
621714 622645
130744 131675
500559 501490
663249 664180
343075 344006
252732 253663
889757 890688
507562 508493
893713 894644
136596 137527
9725 10656
382799 383730
110846 111777
540487 541418
425180 426111
507667 508598
695482 696413
481824 482755
251290 252221
21165 22096
204023 204954
369694 370625
686337 687268
635574 636505
869656 870587
782534 783465
792068 792999
987535 988466
157834 158765
556631 557562
429030 429961
884751 885682
771592 772523
457670 458601
822886 823817
373113 374044
225066 225997
328799 329730
28939 29870
762955 763886
37886 38817
958698 959629
486578 487509
429895 430826
525311 526242
681358 682289
452679 453610
907256 908187
631257 632188
810274 811205
697536 698467
169808 170739
678507 679438
326142 327073
992000 992931
923478 924409
438400 439331
740794 741725
35157 36088
195357 196288
454270 455201
174094 175025
496994 497925
747213 748144
631584 632515
101161 102092
900785 901716
346513 347444
9136 10067
199527 200458
62208 63139
88535 89466
115504 116435
832078 833009
918229 919160
632466 633397
67839 68770
47908 48839
355797 356728
131602 132533
790047 790978
182826 183757
37233 38164
994144 995075
342971 343902
800170 801101
579237 580168
442606 443537
190499 191430
459209 460140
93036 93967
672558 673489
830029 830960
52224 53155
942708 943639
50425 51356
488842 489773
817489 818420
157551 158482
871139 872070
45695 46626
855386 856317
505718 506649
874121 875052
82812 83743
764981 765912
997784 998715
18067 18998
249325 250256
110616 111547
132276 133207
975804 976735
876086 877017
927766 928697
587137 588068
190282 191213
356382 357313
813033 813964
835674 836605
119659 120590
723316 724247
377584 378515
469124 470055
42292 43223
782639 783570
861374 862305
442777 443708
866750 867681
448932 449863
985109 986040
930430 931361
623216 624147
26736 27667
249635 250566
542450 543381
899358 900289
384866 385797
364517 365448
944466 945397
31800 32731
304572 305503
300807 301738
952366 953297
397808 398739
8286 9217
158861 159792
932053 932984
733324 734255
91710 92641
505593 506524
584912 585843
872323 873254
69508 70439
831042 831973
659196 660127
384919 385850
633661 634592
19153 20084
240191 241122
538550 539481
297115 298046
17838 18769
96151 97082
487647 488578
414932 415863
582892 583823
630246 631177
595028 595959
558961 559892
412153 413084
44839 45770
310558 311489
20000 20931
682337 683268
313283 314214
895951 896882
54288 55219
890826 891757
907397 908328
953938 954869
815656 816587
339992 340923
136032 136963
640739 641670
780610 781541
656377 657308
786391 787322
591349 592280
292797 293728
646632 647563
927228 928159
878549 879480
953700 954631
982123 983054
985811 986742
514346 515277
253391 254322
201737 202668
154587 155518
307599 308530
601702 602633
812612 813543
711868 712799
963368 964299
95890 96821
828999 829930
710788 711719
173275 174206
975841 976772
114123 115054
549636 550567
946119 947050
660944 661875
524286 525217
395537 396468
81876 82807
986930 987861
611528 612459
634644 635575
303296 304227
220011 220942
165827 166758
283501 284432
573005 573936
92069 93000
275824 276755
688071 689002
310990 311921
610710 611641
572901 573832
287589 288520
432527 433458
124083 125014
915443 916374
161686 162617
490517 491448
16507 17438
319796 320727
707858 708789
641541 642472
637717 638648
720857 721788
218661 219592
594195 595126
577232 578163
99192 100123
400458 401389
2802 3733
780367 781298
624294 625225
901045 901976
290997 291928
415469 416400
500849 501780
543523 544454
487081 488012
36917 37848
10828 11759
5473 6404
968962 969893
12520 13451
783901 784832
713932 714863
377601 378532
713162 714093
879262 880193
835853 836784
568816 569747
695649 696580
351875 352806
447793 448724
558175 559106
870323 871254
111492 112423
664153 665084
254452 255383
185244 186175
539979 540910
280170 281101
185448 186379
506968 507899
531444 532375
62834 63765
308482 309413
530988 531919
583783 584714
783263 784194
946470 947401
384432 385363
640640 641571
986157 987088
100160 101091
512865 513796
559261 560192
661731 662662
873162 874093
744306 745237
140341 141272
289157 290088
229750 230681
848027 848958
947910 948841
149244 150175
352300 353231
757554 758485
427338 428269
41186 42117
608125 609056
463644 464575
131763 132694
999042 999973
534611 535542
786185 787116
741562 742493
315932 316863
387457 388388
562019 562950
223554 224485
61237 62168
708617 709548
162132 163063
930450 931381
435896 436827
391798 392729
355300 356231
367455 368386
884795 885726
41068 41999
535294 536225
890533 891464
530498 531429
923020 923951
442571 443502
355852 356783
209449 210380
920655 921586
796677 797608
19831 20762
702221 703152
261476 262407
131763 132694
324930 325861
711236 712167
841664 842595
229220 230151
499692 500623
639154 640085
825306 826237
274553 275484
74888 75819
498500 499431
664340 665271
764998 765929
263888 264819
57639 58570
191352 192283
998497 999428
600889 601820
296787 297718
204380 205311
376204 377135
553476 554407
813463 814394
805266 806197
49265 50196
974566 975497
385000 385931
740409 741340
241782 242713
998741 999672
448319 449250
977427 978358
182118 183049
456405 457336
777176 778107
640830 641761
986692 987623
158514 159445
331944 332875
261281 262212
788171 789102
360712 361643
404960 405891
951582 952513
984248 985179
831028 831959
360274 361205
505170 506101
975702 976633
900435 901366
488351 489282
135672 136603
424528 425459
420972 421903
766133 767064
321576 322507
433166 434097
513005 513936
533157 534088
633629 634560
208734 209665
534239 535170
347962 348893
954634 955565
880645 881576
688595 689526
551846 552777
292606 293537
152274 153205
439625 440556
599020 599951
745387 746318
108344 109275
784623 785554
885649 886580
778630 779561
579666 580597
699094 700025
99352 100283
827290 828221
410114 411045
881460 882391
178450 179381
776608 777539
805826 806757
231969 232900
679049 679980
494791 495722
11354 12285
722857 723788
293395 294326
767977 768908
270603 271534
368725 369656
801906 802837
974172 975103
974358 975289
759383 760314
431504 432435
866889 867820
890838 891769
477999 478930
490914 491845
499720 500651
970035 970966
302061 302992
920591 921522
285554 286485
668399 669330
968247 969178
392734 393665
835299 836230
820631 821562
957098 958029
452430 453361
396275 397206
734206 735137
179952 180883
923512 924443
122356 123287
55324 56255
817528 818459
718332 719263
947908 948839
515488 516419
182085 183016
941816 942747
825730 826661
620893 621824
325988 326919
876999 877930
546846 547777
403942 404873
966911 967842
600118 601049
871105 872036
377935 378866
925468 926399
903437 904368
223159 224090
438233 439164
39693 40624
382328 383259
537436 538367
848248 849179
434403 435334
617113 618044
332709 333640
311448 312379
707139 708070
13580 14511
525716 526647
581133 582064
663763 664694
324266 325197
566938 567869
666124 667055
745111 746042
239413 240344
421482 422413
725750 726681
403467 404398
495863 496794
432728 433659
157176 158107
115659 116590
236759 237690
933302 934233
357953 358884
883899 884830
966416 967347
486079 487010
577542 578473
548892 549823
207439 208370
887336 888267
387398 388329
628581 629512
300931 301862
208740 209671
763591 764522
499207 500138
275733 276664
712399 713330
304058 304989
114747 115678
465255 466186
428244 429175
973553 974484
730861 731792
896590 897521
502258 503189
56316 57247
255355 256286
658624 659555
744757 745688
63686 64617
478882 479813
829772 830703
779277 780208
9226 10157
240125 241056
775917 776848
482974 483905
258083 259014
253316 254247
610217 611148
4877 5808
248620 249551
570012 570943
177697 178628
185459 186390
293658 294589
489342 490273
336078 337009
276746 277677
653539 654470
75347 76278
296203 297134
246458 247389
255599 256530
553581 554512
690784 691715
517082 518013
373420 374351
151716 152647
229713 230644
902855 903786
563186 564117
832261 833192
252732 253663
301387 302318
547394 548325
8451 9382
914086 915017
986484 987415
411674 412605
826552 827483
274541 275472
748540 749471
416302 417233
828538 829469
359321 360252
236783 237714
928405 929336
649317 650248
751133 752064
675668 676599
792832 793763
873259 874190
204538 205469
550121 551052
475796 476727
16042 16973
409016 409947
180636 181567
610693 611624
673993 674924
113777 114708
147359 148290
527717 528648
844473 845404
723492 724423
420760 421691
820935 821866
94500 95431
477777 478708
879108 880039
233871 234802
369724 370655
758742 759673
531112 532043
216143 217074
461281 462212
597149 598080
106835 107766
897664 898595
750412 751343
282718 283649
791582 792513
567034 567965
412091 413022
384169 385100
277845 278776
586004 586935
441692 442623
484362 485293
628624 629555
793331 794262
998947 999878
943563 944494
591122 592053
706822 707753
166842 167773
945547 946478
730972 731903
88601 89532
736520 737451
240083 241014
128611 129542
345886 346817
971520 972451
101572 102503
857239 858170
688129 689060
268410 269341
745090 746021
848054 848985
466746 467677
199107 200038
546707 547638
508914 509845
177142 178073
966482 967413
787479 788410
230851 231782
520116 521047
363756 364687
355234 356165
23864 24795
922227 923158
885764 886695
975728 976659
383741 384672
220585 221516
550809 551740
24582 25513
214775 215706
215489 216420
559522 560453
265034 265965
12659 13590
192883 193814
700691 701622
677758 678689
367 1298
840942 841873
87726 88657
620142 621073
558551 559482
665963 666894
196512 197443
164446 165377
529900 530831
254282 255213
912249 913180
614980 615911
557962 558893
964813 965744
835815 836746
213901 214832
212498 213429
891672 892603
392262 393193
889964 890895
383236 384167
669613 670544
77407 78338
410785 411716
835690 836621
996051 996982
643694 644625
746609 747540
68437 69368
624460 625391
15414 16345
88669 89600
123209 124140
40249 41180
945275 946206
51414 52345
126025 126956
680788 681719
350720 351651
253609 254540
761923 762854
561697 562628
599271 600202
875207 876138
388628 389559
936800 937731
6167 7098
820169 821100
412451 413382
89790 90721
793923 794854
562078 563009
446578 447509
789550 790481
416987 417918
97039 97970
751633 752564
650084 651015
425932 426863
292912 293843
130637 131568
476473 477404
540847 541778
783647 784578
839133 840064
348343 349274
836785 837716
470734 471665
956791 957722
308163 309094
815181 816112
85827 86758
419274 420205
669426 670357
382054 382985
642561 643492
875939 876870
265477 266408
412401 413332
862914 863845
131659 132590
211121 212052
96146 97077
690102 691033
315004 315935
871664 872595
75186 76117
160108 161039
287675 288606
839750 840681
283608 284539
391222 392153
655963 656894
189766 190697
301315 302246
702127 703058
612452 613383
588761 589692
887849 888780
574431 575362
739388 740319
656325 657256
520985 521916
926850 927781
252512 253443
464364 465295
280682 281613
554065 554996
500432 501363
194599 195530
871644 872575
422039 422970
973370 974301
501474 502405
46368 47299
516733 517664
98781 99712
533039 533970
998388 999319
762569 763500
236677 237608
86831 87762
548541 549472
335184 336115
571221 572152
166635 167566
642567 643498
557561 558492
184188 185119
540171 541102
368479 369410
625328 626259
354832 355763
479692 480623
491183 492114
970127 971058
683723 684654
687917 688848
332164 333095
499578 500509
246307 247238
310409 311340
109406 110337
778559 779490
767428 768359
706125 707056
282016 282947
598334 599265
183517 184448
915953 916884
307071 308002
540753 541684
836975 837906
45220 46151
476792 477723
258882 259813
64912 65843
668333 669264
95145 96076
767332 768263
647711 648642
876098 877029
849837 850768
444644 445575
89435 90366
503868 504799
34183 35114
657866 658797
456386 457317
169931 170862
363027 363958
471730 472661
397927 398858
108991 109922
285106 286037
502961 503892
747216 748147
912623 913554
743374 744305
998445 999376
563373 564304
872636 873567
389484 390415
75555 76486
720142 721073
934676 935607
11494 12425
641884 642815
707238 708169
319870 320801
431676 432607
522349 523280
724647 725578
221925 222856
410988 411919
237439 238370
936751 937682
161620 162551
817940 818871
121832 122763
821926 822857
328403 329334
480512 481443
181865 182796
168554 169485
963702 964633
452404 453335
374608 375539
33807 34738
286538 287469
367824 368755
916968 917899
292996 293927
720397 721328
454785 455716
864197 865128
258048 258979
831498 832429
116932 117863
383691 384622
454021 454952
166222 167153
267814 268745
499620 500551
834290 835221
975053 975984
545723 546654
718975 719906
987819 988750
870773 871704
202295 203226
90126 91057
263059 263990
869678 870609
167378 168309
127813 128744
812090 813021
117979 118910
154468 155399
98299 99230
978206 979137
54131 55062
45378 46309
703744 704675
834197 835128
228875 229806
91141 92072
389674 390605
360605 361536
262062 262993
230213 231144
814013 814944
219782 220713
808989 809920
946258 947189
190420 191351
669872 670803
48824 49755
510878 511809
872439 873370
242965 243896
266312 267243
328152 329083
138786 139717
608888 609819
734689 735620
936084 937015
972437 973368
647969 648900
75301 76232
186794 187725
748598 749529
562894 563825
970041 970972
982932 983863
764937 765868
487590 488521
796722 797653
397317 398248
531353 532284
531776 532707
21294 22225
792878 793809
450109 451040
782777 783708
808245 809176
224434 225365
672236 673167
447828 448759
912007 912938
335954 336885
131230 132161
968510 969441
469113 470044
612094 613025
512233 513164
405786 406717
252875 253806
500260 501191
521627 522558
280725 281656
458487 459418
538089 539020
816088 817019
592688 593619
286205 287136
318406 319337
907704 908635
617425 618356
788397 789328
719637 720568
337555 338486
375620 376551
293710 294641
307894 308825
523482 524413
25903 26834
997191 998122
991113 992044
57087 58018
843579 844510
455619 456550
276306 277237
591848 592779
118254 119185
695108 696039
497012 497943
39266 40197
71247 72178
541412 542343
101187 102118
839566 840497
754305 755236
44230 45161
583657 584588
177139 178070
89199 90130
659765 660696
130463 131394
867525 868456
533860 534791
463476 464407
226164 227095
158387 159318
439402 440333
80976 81907
929975 930906
330763 331694
45368 46299
605744 606675
504090 505021
869506 870437
78598 79529
156747 157678
949970 950901
1030 1961
626957 627888
943887 944818
7908 8839
853605 854536
81732 82663
192526 193457
795830 796761
714508 715439
595091 596022
479968 480899
491365 492296
396728 397659
288529 289460
869800 870731
816322 817253
641944 642875
844632 845563
775667 776598
693245 694176
531492 532423
141074 142005
831294 832225
344321 345252
103113 104044
576100 577031
437001 437932
518535 519466
736013 736944
328871 329802
586517 587448
437178 438109
718135 719066
145024 145955
509079 510010
41988 42919
698954 699885
12670 13601
217746 218677
30438 31369
455666 456597
315736 316667
359356 360287
886416 887347
396728 397659
524084 525015
454081 455012
415279 416210
579684 580615
330411 331342
579995 580926
971600 972531
109711 110642
855531 856462
150908 151839
737225 738156
915973 916904
866626 867557
636831 637762
512647 513578
878452 879383
165852 166783
369673 370604
467199 468130
13946 14877
863470 864401
938794 939725
604486 605417
897880 898811
32544 33475
482928 483859
200309 201240
970865 971796
754646 755577
736740 737671
426206 427137
937017 937948
525401 526332
100030 100961
682289 683220
383873 384804
603900 604831
278233 279164
341592 342523
191029 191960
127119 128050
627543 628474
950188 951119
484556 485487
281455 282386
15967 16898
167424 168355
755677 756608
5013 5944
348037 348968
657799 658730
446845 447776
111765 112696
766904 767835
447458 448389
738613 739544
391447 392378
835478 836409
703339 704270
334187 335118
138354 139285
782331 783262
415159 416090
342196 343127
174355 175286
344505 345436
245653 246584
151131 152062
854622 855553
236209 237140
54090 55021
130573 131504
264471 265402
806082 807013
661448 662379
58775 59706
132893 133824
486642 487573
297412 298343
753732 754663
851986 852917
952525 953456
897201 898132
533851 534782
40122 41053
213250 214181
735712 736643
201631 202562
547873 548804
469717 470648
697277 698208
58543 59474
633607 634538
568380 569311
496975 497906
594970 595901
852379 853310
240240 241171
411327 412258
690561 691492
194386 195317
550642 551573
141142 142073
304033 304964
224437 225368
837067 837998
649015 649946
369714 370645
869634 870565
78530 79461
768680 769611
950045 950976
950163 951094
723305 724236
426615 427546
149020 149951
901984 902915
861764 862695
744646 745577
648294 649225
833059 833990
204536 205467
64195 65126
291810 292741
112512 113443
721033 721964
701719 702650
1121 2052
112855 113786
883507 884438
912586 913517
201624 202555
839195 840126
619860 620791
355445 356376
190414 191345
988502 989433
34790 35721
178939 179870
770545 771476
433694 434625
397301 398232
903447 904378
141355 142286
609363 610294
533134 534065
876137 877068
52051 52982
750813 751744
391340 392271
111175 112106
821497 822428
451759 452690
103581 104512
570798 571729
736886 737817
70987 71918
790656 791587
968171 969102
922305 923236
232071 233002
338119 339050
134479 135410
608559 609490
809313 810244
654702 655633
472990 473921
542720 543651
894290 895221
31538 32469
831306 832237
716777 717708
52387 53318
879683 880614
643618 644549
404675 405606
544513 545444
631244 632175
630706 631637
68190 69121
208655 209586
882147 883078
616305 617236
472254 473185
127237 128168
39445 40376
689258 690189
684782 685713
48380 49311
545712 546643
541330 542261
23255 24186
272590 273521
821926 822857
274093 275024
883749 884680
262323 263254
189739 190670
838038 838969
637472 638403
622689 623620
388251 389182
995654 996585
257739 258670
158339 159270
458891 459822
163078 164009
48873 49804
736368 737299
639973 640904
358875 359806
548321 549252
36055 36986
384951 385882
436075 437006
108300 109231
311633 312564
544616 545547
149156 150087
724239 725170
915263 916194
477764 478695
423293 424224
174966 175897
981732 982663
794059 794990
137652 138583
35929 36860
546787 547718
256156 257087
843669 844600
381791 382722
124613 125544
332995 333926
439281 440212
955041 955972
26980 27911
798968 799899
572075 573006
874757 875688
555971 556902
73433 74364
406915 407846
569553 570484
560951 561882
975419 976350
842548 843479
758320 759251
228443 229374
721926 722857
998174 999105
267238 268169
780143 781074
426148 427079
925855 926786
450353 451284
761258 762189
626524 627455
626237 627168
511143 512074
625159 626090
287209 288140
496867 497798
812187 813118
305615 306546
947196 948127
649311 650242
87182 88113
876634 877565
462419 463350
270030 270961
294087 295018
917897 918828
870962 871893
664485 665416
671590 672521
12186 13117
216517 217448
616474 617405
480122 481053
802898 803829
860637 861568
198977 199908
158055 158986
630280 631211
530752 531683
464891 465822
167288 168219
714492 715423
47637 48568
47016 47947
645253 646184
532493 533424
462327 463258
142405 143336
700254 701185
892117 893048
897693 898624
986282 987213
249544 250475
168644 169575
778603 779534
180597 181528
849615 850546
109955 110886
643830 644761
126661 127592
56941 57872
344095 345026
323417 324348
772221 773152
624060 624991
303318 304249
376237 377168
104298 105229
771510 772441
530388 531319
958948 959879
570880 571811
701450 702381
638186 639117
903452 904383
486794 487725
711261 712192
234553 235484
592154 593085
820727 821658
176882 177813
890378 891309
381912 382843
841571 842502
400499 401430
845368 846299
802672 803603
436488 437419
947960 948891
531797 532728
291497 292428
572722 573653
662799 663730
371222 372153
136574 137505
507512 508443
631802 632733
210934 211865
663856 664787
193294 194225
6437 7368
138514 139445
725915 726846
795516 796447
551074 552005
368076 369007
398879 399810
245618 246549
618805 619736
712427 713358
181011 181942
173401 174332
759611 760542
785719 786650
235771 236702
800595 801526
664251 665182
466888 467819
757190 758121
652527 653458
823752 824683
32581 33512
217427 218358
872112 873043
613906 614837
885107 886038
321679 322610
404926 405857
834486 835417
912633 913564
154569 155500
102278 103209
498508 499439
861387 862318
851900 852831
947693 948624
772153 773084
837970 838901
979649 980580
301857 302788
259001 259932
536948 537879
811936 812867
815898 816829
268467 269398
667060 667991
902937 903868
535368 536299
212447 213378
62221 63152
48843 49774
893997 894928
865410 866341
992910 993841
894717 895648
737656 738587
176593 177524
953615 954546
310696 311627
834127 835058
158769 159700
79073 80004
66796 67727
806033 806964
409692 410623
522426 523357
852724 853655
309894 310825
863589 864520
138468 139399
606713 607644
480307 481238
108683 109614
28664 29595
473871 474802
218520 219451
994626 995557
979954 980885
84717 85648
395642 396573
56510 57441
795537 796468
592251 593182
940789 941720
476894 477825
663901 664832
834723 835654
990601 991532
869465 870396
949048 949979
427710 428641
308750 309681
386169 387100
647904 648835
511927 512858
870149 871080
319326 320257
22247 23178
607251 608182
550893 551824
570108 571039
648375 649306
614535 615466
980126 981057
54436 55367
119406 120337
94555 95486
734141 735072
403424 404355
490480 491411
861470 862401
132678 133609
740487 741418
610924 611855
800718 801649
346635 347566
297530 298461
559282 560213
913325 914256
190490 191421
575539 576470
470723 471654
740165 741096
100562 101493
897332 898263
715863 716794
337099 338030
875542 876473
770886 771817
350528 351459
771046 771977
797935 798866
510746 511677
14760 15691
601448 602379
340287 341218
924603 925534
546415 547346
454044 454975
387143 388074
283168 284099
565784 566715
524193 525124
313466 314397
419233 420164
743039 743970
924344 925275
440698 441629
97062 97993
462732 463663
265101 266032
808811 809742
487937 488868
145550 146481
46266 47197
252062 252993
569478 570409
866417 867348
840755 841686
298831 299762
373672 374603
730180 731111
654286 655217
524474 525405
997561 998492
537196 538127
989068 989999
969983 970914
927395 928326
432313 433244
404754 405685
231281 232212
93543 94474
141201 142132
1592 2523
477152 478083
275919 276850
667776 668707
605576 606507
973327 974258
648837 649768
861403 862334
740160 741091
572047 572978
684016 684947
227687 228618
847119 848050
480120 481051
934218 935149
665023 665954
456317 457248
956771 957702
182628 183559
20183 21114
230790 231721
660339 661270
212133 213064
480079 481010
279460 280391
559481 560412
471845 472776
738181 739112
236875 237806
875997 876928
273663 274594
469814 470745
779772 780703
159188 160119
870811 871742
921795 922726
347472 348403
886365 887296
114427 115358
193621 194552
310264 311195
71024 71955
517685 518616
6949 7880
291310 292241
475699 476630
481653 482584
181755 182686
307738 308669
45823 46754
642437 643368
541115 542046
144864 145795
107595 108526
932434 933365
163270 164201
104465 105396
4509 5440
901193 902124
338329 339260
666633 667564
454361 455292
487776 488707
423216 424147
852329 853260
660282 661213
322063 322994
239716 240647
923391 924322
335501 336432
36353 37284
250622 251553
809721 810652
660125 661056
93195 94126
691311 692242
461559 462490
224822 225753
955697 956628
517234 518165
7051 7982
46203 47134
855481 856412
350054 350985
766156 767087
679696 680627
173449 174380
48629 49560
107384 108315
798629 799560
8595 9526
989545 990476
317856 318787
460568 461499
333064 333995
585219 586150
476410 477341
103053 103984
360530 361461
742622 743553
320349 321280
876710 877641
864190 865121
32375 33306
203232 204163
858882 859813
954134 955065
483079 484010
525910 526841
439441 440372
271572 272503
332120 333051
956318 957249
928110 929041
922740 923671
26041 26972
494058 494989
168401 169332
984259 985190
605080 606011
309437 310368
21230 22161
277501 278432
147105 148036
528239 529170
946854 947785
247093 248024
536121 537052
201653 202584
896776 897707
239007 239938
227534 228465
273758 274689
865082 866013
670896 671827
109917 110848
132206 133137
408166 409097
782531 783462
984820 985751
933413 934344
902820 903751
681174 682105
791750 792681
733758 734689
977513 978444
458407 459338
411401 412332
757266 758197
761363 762294
88535 89466
91951 92882
536277 537208
379638 380569
983814 984745
399154 400085
192117 193048
737842 738773
582581 583512
820399 821330
326231 327162
987992 988923
62442 63373
196467 197398
440533 441464
578653 579584
657957 658888
63895 64826
742981 743912
20290 21221
147551 148482
44724 45655
126586 127517
568105 569036
407006 407937
767622 768553
888347 889278
246008 246939
54289 55220
760840 761771
657183 658114
346385 347316
419521 420452
842842 843773
396829 397760
395576 396507
986661 987592
922 1853
99780 100711
693022 693953
9326 10257
584513 585444
994325 995256
50990 51921
785828 786759
306337 307268
613832 614763
405893 406824
207962 208893
327005 327936
123803 124734
945774 946705
342287 343218
183800 184731
574282 575213
87533 88464
137637 138568
528801 529732
807174 808105
803440 804371
65738 66669
417546 418477
668719 669650
77599 78530
410004 410935
765973 766904
459833 460764
976195 977126
308508 309439
584797 585728
30422 31353
101959 102890
943049 943980
66308 67239
249890 250821
991379 992310
323044 323975
486384 487315
49137 50068
831491 832422
600640 601571
126857 127788
805817 806748
284531 285462
45991 46922
600782 601713
698 1629
406841 407772
284966 285897
211574 212505
561060 561991
156799 157730
717723 718654
381436 382367
878283 879214
725457 726388
493661 494592
924982 925913
240604 241535
550499 551430
494704 495635
258573 259504
459165 460096
7208 8139
513514 514445
437112 438043
244563 245494
448268 449199
656525 657456
285166 286097
647496 648427
131441 132372
188046 188977
613827 614758
23243 24174
600385 601316
238880 239811
958703 959634
788648 789579
588142 589073
830416 831347
607961 608892
219631 220562
474575 475506
213623 214554
58748 59679
702436 703367
116300 117231
123795 124726
958487 959418
691155 692086
218553 219484
106113 107044
139459 140390
757936 758867
367563 368494
635113 636044
233078 234009
81145 82076
574119 575050
893467 894398
603771 604702
603252 604183
891010 891941
145020 145951
89210 90141
776010 776941
737864 738795
222996 223927
459594 460525
524772 525703
105698 106629
355427 356358
535275 536206
29099 30030
292888 293819
341649 342580
374505 375436
644287 645218
935451 936382
897736 898667
73015 73946
42466 43397
597344 598275
293958 294889
713132 714063
883214 884145
369131 370062
711905 712836
557433 558364
442824 443755
614540 615471
814125 815056
379182 380113
232840 233771
170783 171714
394970 395901
71655 72586
47777 48708
509307 510238
401698 402629
736408 737339
892390 893321
541630 542561
276840 277771
469260 470191
455342 456273
612771 613702
598242 599173
431385 432316
235444 236375
694941 695872
482946 483877
283697 284628
336048 336979
119997 120928
443533 444464
414195 415126
390863 391794
668419 669350
229798 230729
415648 416579
743101 744032
332979 333910
300825 301756
38752 39683
329395 330326
546677 547608
814953 815884
898338 899269
948918 949849
687210 688141
507681 508612
918763 919694
891913 892844
677578 678509
39763 40694
406281 407212
805835 806766
120165 121096
511713 512644
431098 432029
668865 669796
393117 394048
577245 578176
995987 996918
565782 566713
178519 179450
592742 593673
926310 927241
655576 656507
518218 519149
344158 345089
203990 204921
425725 426656
286568 287499
895909 896840
957768 958699
632041 632972
450077 451008
401646 402577
345926 346857
66135 67066
679846 680777
154122 155053
974550 975481
138257 139188
125403 126334
368746 369677
641433 642364
941585 942516
255378 256309
726442 727373
7529 8460
224288 225219
706337 707268
605898 606829
881489 882420
171797 172728
936536 937467
480113 481044
796931 797862
935070 936001
322953 323884
21217 22148
934768 935699
390786 391717
681871 682802
764991 765922
533261 534192
374048 374979
816591 817522
679103 680034
568907 569838
628765 629696
388050 388981
953667 954598
303352 304283
498690 499621
444229 445160
96768 97699
477348 478279
11974 12905
60879 61810
844926 845857
900374 901305
897433 898364
912634 913565
975979 976910
803266 804197
89970 90901
134174 135105
254806 255737
23760 24691
844364 845295
565576 566507
658290 659221
550908 551839
462909 463840
340945 341876
821649 822580
932087 933018
161052 161983
460464 461395
605801 606732
556227 557158
572445 573376
973498 974429
74777 75708
672996 673927
418120 419051
157726 158657
622739 623670
19942 20873
565815 566746
558665 559596
411161 412092
851405 852336
776913 777844
348951 349882
623531 624462
575294 576225
452665 453596
384251 385182
246738 247669
388312 389243
945276 946207
939031 939962
721696 722627
841442 842373
509274 510205
689287 690218
50424 51355
649158 650089
487980 488911
974460 975391
492844 493775
885310 886241
52631 53562
797010 797941
763262 764193
514454 515385
320918 321849
312745 313676
231155 232086
586198 587129
537204 538135
758480 759411
931447 932378
80304 81235
68715 69646
979083 980014
280809 281740
319479 320410
767557 768488
678707 679638
298692 299623
641859 642790
783960 784891
661547 662478
765614 766545
588072 589003
180139 181070
737382 738313
427632 428563
232311 233242
429235 430166
594230 595161
838133 839064
679668 680599
674865 675796
204139 205070
878905 879836
422513 423444
272869 273800
678675 679606
811104 812035
326019 326950
858275 859206
159702 160633
418795 419726
708124 709055
892418 893349
176052 176983
788758 789689
557499 558430
972889 973820
148454 149385
227606 228537
325119 326050
830467 831398
393191 394122
642287 643218
490271 491202
99018 99949
94541 95472
534603 535534
118540 119471
870436 871367
260935 261866
559268 560199
422608 423539
506897 507828
636746 637677
468914 469845
669333 670264
480004 480935
496217 497148
957863 958794
744632 745563
126967 127898
519461 520392
148800 149731
170141 171072
461367 462298
55567 56498
766617 767548
535991 536922
342741 343672
16240 17171
691672 692603
821353 822284
118177 119108
616823 617754
375566 376497
216204 217135
471756 472687
773226 774157
971387 972318
983274 984205
457565 458496
326336 327267
250377 251308
906681 907612
831010 831941
144462 145393
744756 745687
181968 182899
181861 182792
156695 157626
507823 508754
790799 791730
158327 159258
953030 953961
128280 129211
76333 77264
913155 914086
42130 43061
783266 784197
398534 399465
879863 880794
473965 474896
705512 706443
149904 150835
242821 243752
270395 271326
265739 266670
961594 962525
249478 250409
522516 523447
666935 667866
365537 366468
591120 592051
959611 960542
488253 489184
55190 56121
968580 969511
555487 556418
938499 939430
124876 125807
380671 381602
875366 876297
365037 365968
739167 740098
532104 533035
608081 609012
432766 433697
218507 219438
156830 157761
347346 348277
560380 561311
579042 579973
942107 943038
980111 981042
801084 802015
257120 258051
621406 622337
393337 394268
686662 687593
908960 909891
708994 709925
364005 364936
244567 245498
571270 572201
588903 589834
522060 522991
88479 89410
171056 171987
58522 59453
477416 478347
835801 836732
512796 513727
202629 203560
892820 893751
518136 519067
613904 614835
337566 338497
186821 187752
493119 494050
647042 647973
352789 353720
931368 932299
246470 247401
969894 970825
347884 348815
702197 703128
912408 913339
620130 621061
645084 646015
965238 966169
469337 470268
214332 215263
331151 332082
212170 213101
541902 542833
699386 700317
930240 931171
824749 825680
577841 578772
427707 428638
726732 727663
604693 605624
360576 361507
55072 56003
593912 594843
395178 396109
181709 182640
894152 895083
909622 910553
50720 51651
612368 613299
183425 184356
982404 983335
210157 211088
193457 194388
842773 843704
611379 612310
351834 352765
270811 271742
356870 357801
396190 397121
277127 278058
979691 980622
537717 538648
330587 331518
220918 221849
989848 990779
292236 293167
931729 932660
926303 927234
459848 460779
783379 784310
609927 610858
621113 622044
238821 239752
168215 169146
626141 627072
295339 296270
753875 754806
294117 295048
177219 178150
439626 440557
672048 672979
946550 947481
405887 406818
497795 498726
409570 410501
48806 49737
318932 319863
136487 137418
551867 552798
181415 182346
368769 369700
504865 505796
960157 961088
236063 236994
190741 191672
892676 893607
800921 801852
138850 139781
879612 880543
165583 166514
455162 456093
471665 472596
400348 401279
693790 694721
784159 785090
883070 884001
694620 695551
79777 80708
856412 857343
929376 930307
625449 626380
738414 739345
225718 226649
295285 296216
257986 258917
484587 485518
755081 756012
289686 290617
387131 388062
772330 773261
343243 344174
384567 385498
693111 694042
903502 904433
928598 929529
78659 79590
85215 86146
550311 551242
352434 353365
819372 820303
840607 841538
757283 758214
92013 92944
751011 751942
888380 889311
818262 819193
351266 352197
377208 378139
266543 267474
786733 787664
71345 72276
289442 290373
298928 299859
889663 890594
16222 17153
521994 522925
476862 477793
572101 573032
682435 683366
882997 883928
491977 492908
863950 864881
163084 164015
66344 67275
737673 738604
138108 139039
837094 838025
104946 105877
289204 290135
595036 595967
400794 401725
115299 116230
347530 348461
406395 407326
41392 42323
126856 127787
165662 166593
577507 578438
862582 863513
590110 591041
268831 269762
748062 748993
354814 355745
358336 359267
641254 642185
813330 814261
825961 826892
584246 585177
973461 974392
140605 141536
242127 243058
577148 578079
67444 68375
415750 416681
820847 821778
148846 149777
242929 243860
142742 143673
191975 192906
247886 248817
808722 809653
784352 785283
959808 960739
222814 223745
974020 974951
238086 239017
561605 562536
127335 128266
751908 752839
973361 974292
722652 723583
166312 167243
898900 899831
92112 93043
314339 315270
713915 714846
500334 501265
517749 518680
129043 129974
751136 752067
26443 27374
553378 554309
249415 250346
439158 440089
261715 262646
270446 271377
993956 994887
346576 347507
524462 525393
98801 99732
408019 408950
978692 979623
91186 92117
236618 237549
522832 523763
668399 669330
639826 640757
405817 406748
596381 597312
888687 889618
40790 41721
172408 173339
79955 80886
631555 632486
261309 262240
748008 748939
11535 12466
128513 129444
590903 591834
410633 411564
280419 281350
58997 59928
305825 306756
163523 164454
252643 253574
576071 577002
109330 110261
458838 459769
102231 103162
937458 938389
531989 532920
13534 14465
775828 776759
372577 373508
124537 125468
240028 240959
89662 90593
961337 962268
574326 575257
892094 893025
853018 853949
593485 594416
508868 509799
961387 962318
196325 197256
981211 982142
189271 190202
938755 939686
708331 709262
561238 562169
307948 308879
864780 865711
20386 21317
905496 906427
611568 612499
25352 26283
483465 484396
74946 75877
115823 116754
827797 828728
871536 872467
362959 363890
240326 241257
249761 250692
685729 686660
358513 359444
630833 631764
301987 302918
467545 468476
20072 21003
908482 909413
964657 965588
915505 916436
556141 557072
526739 527670
992912 993843
557530 558461
654542 655473
106035 106966
819061 819992
575251 576182
295222 296153
314233 315164
114453 115384
738511 739442
931319 932250
565273 566204
611647 612578
943441 944372
984807 985738
242510 243441
818867 819798
652485 653416
495194 496125
518176 519107
766222 767153
932184 933115
581502 582433
704118 705049
672823 673754
180659 181590
394058 394989
601606 602537
826382 827313
95239 96170
584174 585105
199243 200174
915392 916323
980651 981582
791858 792789
806865 807796
67908 68839
818176 819107
152041 152972
435349 436280
153164 154095
987896 988827
95984 96915
826305 827236
265471 266402
513827 514758
177480 178411
748373 749304
930605 931536
665369 666300
827323 828254
383049 383980
118012 118943
80729 81660
683446 684377
858450 859381
331136 332067
212104 213035
450970 451901
415783 416714
170086 171017
196240 197171
693529 694460
997169 998100
63937 64868
691276 692207
31743 32674
985749 986680
759521 760452
934984 935915
511703 512634
958247 959178
312366 313297
262476 263407
250452 251383
244370 245301
268461 269392
966462 967393
869502 870433
537301 538232
935164 936095
525508 526439
169307 170238
423965 424896
716571 717502
679378 680309
153929 154860
250940 251871
100787 101718
743047 743978
545858 546789
434292 435223
64892 65823
266847 267778
310315 311246
532268 533199
882183 883114
960997 961928
929445 930376
922790 923721
682270 683201
781148 782079
435550 436481
21024 21955
451659 452590
990970 991901
863160 864091
268482 269413
581612 582543
68734 69665
324517 325448
525036 525967
760457 761388
778292 779223
478289 479220
256041 256972
756206 757137
200083 201014
178390 179321
488006 488937
320192 321123
218968 219899
60009 60940
109563 110494
948082 949013
85745 86676
187555 188486
535593 536524
633002 633933
771397 772328
633721 634652
802601 803532
763980 764911
755835 756766
871802 872733
89677 90608
28290 29221
320392 321323
542284 543215
835923 836854
500432 501363
848975 849906
456980 457911
454032 454963
475570 476501
834822 835753
606816 607747
785400 786331
166470 167401
82253 83184
62165 63096
59887 60818
685610 686541
527510 528441
681215 682146
810086 811017
434725 435656
207597 208528
880481 881412
26337 27268
736217 737148
253349 254280
156114 157045
151231 152162
747953 748884
822731 823662
278706 279637
819974 820905
982827 983758
12761 13692
592064 592995
229750 230681
896581 897512
329909 330840
11900 12831
56497 57428
20132 21063
438436 439367
364010 364941
195398 196329
662827 663758
715798 716729
836843 837774
364747 365678
133080 134011
497429 498360
432975 433906
726872 727803
945341 946272
600495 601426
272381 273312
42197 43128
277636 278567
125931 126862
973269 974200
795556 796487
102429 103360
768930 769861
863234 864165
174628 175559
487182 488113
144689 145620
130932 131863
697086 698017
780111 781042
777347 778278
743461 744392
330568 331499
542153 543084
865965 866896
973948 974879
470638 471569
330440 331371
469785 470716
849277 850208
5987 6918
379604 380535
177460 178391
421624 422555
744716 745647
868304 869235
875000 875931
412817 413748
371319 372250
945978 946909
4735 5666
826561 827492
598459 599390
791886 792817
52799 53730
39194 40125
263473 264404
936670 937601
505753 506684
923649 924580
152214 153145
956417 957348
70715 71646
406966 407897
120370 121301
508551 509482
695527 696458
40477 41408
548904 549835
719371 720302
182684 183615
215626 216557
18139 19070
793618 794549
850201 851132
888592 889523
147401 148332
910205 911136
244683 245614
81982 82913
116950 117881
57398 58329
378001 378932
537608 538539
501939 502870
687271 688202
622117 623048
519839 520770
754934 755865
675137 676068
947222 948153
651519 652450
695367 696298
147685 148616
735016 735947
203634 204565
797270 798201
496739 497670
556543 557474
988191 989122
986442 987373
848316 849247
650585 651516
338658 339589
136211 137142
399038 399969
871593 872524
779427 780358
519119 520050
946193 947124
499108 500039
515466 516397
834724 835655
386601 387532
227317 228248
950340 951271
689704 690635
735164 736095
407701 408632
841080 842011
514942 515873
152688 153619
166436 167367
141093 142024
907031 907962
41124 42055
518854 519785
83605 84536
695998 696929
681656 682587
611436 612367
603815 604746
890416 891347
348877 349808
253761 254692
98832 99763
54271 55202
933629 934560
768763 769694
110290 111221
854594 855525
649178 650109
778931 779862
773720 774651
876747 877678
264423 265354
640414 641345
484676 485607
258005 258936
29685 30616
245128 246059
176861 177792
987779 988710
276391 277322
253585 254516
924194 925125
563027 563958
822804 823735
105479 106410
417567 418498
743603 744534
778096 779027
32762 33693
216470 217401
471378 472309
867489 868420
507882 508813
288187 289118
399504 400435
904798 905729
928170 929101
440535 441466
787543 788474
113020 113951
745358 746289
943667 944598
189754 190685
499354 500285
577299 578230
356414 357345
456677 457608
118659 119590
189337 190268
590122 591053
599801 600732
782895 783826
569855 570786
631994 632925
527234 528165
776876 777807
245868 246799
799498 800429
121736 122667
436124 437055
259014 259945
213842 214773
724294 725225
883355 884286
273891 274822
671436 672367
716859 717790
725309 726240
127582 128513
89981 90912
952483 953414
308462 309393
568200 569131
235909 236840
486583 487514
993130 994061
93247 94178
977406 978337
810296 811227
753692 754623
71851 72782
635943 636874
807949 808880
48340 49271
947192 948123
54575 55506
605736 606667
303828 304759
762573 763504
853499 854430
539604 540535
303951 304882
293074 294005
845160 846091
272457 273388
289461 290392
965917 966848
44931 45862
581106 582037
783341 784272
420296 421227
717742 718673
122795 123726
797082 798013
602231 603162
88233 89164
410537 411468
343765 344696
821192 822123
167588 168519
469612 470543
426269 427200
589650 590581
619334 620265
98770 99701
140902 141833
700143 701074
460968 461899
730398 731329
647672 648603
371868 372799
663343 664274
171874 172805
626103 627034
992026 992957
218134 219065
933011 933942
88721 89652
474447 475378
762502 763433
624109 625040
499031 499962
756303 757234
761090 762021
670293 671224
990268 991199
53207 54138
711764 712695
434920 435851
272987 273918
382545 383476
962375 963306
423139 424070
833207 834138
691362 692293
172 1103
517371 518302
512742 513673
282052 282983
445350 446281
962715 963646
175151 176082
124270 125201
422979 423910
515075 516006
597406 598337
830928 831859
885314 886245
641809 642740
841697 842628
567643 568574
968668 969599
448603 449534
318687 319618
556316 557247
497700 498631
520495 521426
530457 531388
74572 75503
705800 706731
809692 810623
301017 301948
323145 324076
609192 610123
850153 851084
868431 869362
102456 103387
582124 583055
91589 92520
311800 312731
96327 97258
31510 32441
782138 783069
832037 832968
406127 407058
711858 712789
981284 982215
690311 691242
265317 266248
615714 616645
738874 739805
710883 711814
52519 53450
62937 63868
745225 746156
141797 142728
168726 169657
64225 65156
892191 893122
113268 114199
414950 415881
899673 900604
837457 838388
115729 116660
707273 708204
337241 338172
574122 575053
942757 943688
162015 162946
905867 906798
605160 606091
758117 759048
630171 631102
833453 834384
238100 239031
772064 772995
716534 717465
719729 720660
901691 902622
792964 793895
414922 415853
549238 550169
450663 451594
526128 527059
503836 504767
534375 535306
423341 424272
224657 225588
246445 247376
547349 548280
681376 682307
377244 378175
282329 283260
583600 584531
959347 960278
274709 275640
374941 375872
518323 519254
309679 310610
708824 709755
166970 167901
788469 789400
501677 502608
443620 444551
315541 316472
608547 609478
675555 676486
695488 696419
532392 533323
571193 572124
304193 305124
574058 574989
240236 241167
971202 972133
84392 85323
333436 334367
795869 796800
314165 315096
785576 786507
708309 709240
472611 473542
134024 134955
701303 702234
384943 385874
353864 354795
443611 444542
369482 370413
314338 315269
78095 79026
909098 910029
55707 56638
858446 859377
705182 706113
439244 440175
186083 187014
970716 971647
381616 382547
2928 3859
86522 87453
640714 641645
702 1633
631829 632760
706212 707143
663470 664401
625879 626810
927982 928913
913049 913980
278688 279619
429852 430783
354065 354996
507588 508519
165130 166061
569512 570443
80660 81591
617909 618840
427980 428911
85116 86047
77727 78658
203906 204837
123289 124220
979466 980397
591098 592029
199835 200766
286528 287459
989359 990290
852456 853387
462171 463102
588300 589231
655415 656346
128410 129341
716618 717549
538927 539858
132540 133471
298864 299795
779217 780148
63987 64918
137844 138775
823783 824714
363469 364400
699293 700224
637360 638291
704561 705492
309406 310337
95527 96458
941621 942552
923053 923984
84706 85637
971633 972564
427295 428226
708683 709614
566152 567083
944302 945233
96522 97453
649111 650042
572263 573194
977313 978244
754689 755620
626972 627903
89800 90731
197178 198109
43066 43997
877499 878430
649700 650631
364698 365629
508328 509259
329022 329953
555494 556425
844984 845915
948974 949905
46062 46993
848879 849810
783801 784732
368135 369066
125857 126788
138002 138933
887948 888879
411644 412575
312436 313367
344571 345502
463272 464203
456944 457875
998150 999081
704615 705546
133806 134737
818488 819419
884345 885276
707112 708043
958275 959206
615670 616601
177556 178487
734810 735741
309340 310271
770173 771104
376116 377047
330683 331614
360760 361691
586122 587053
174654 175585
947204 948135
936736 937667
746049 746980
727571 728502
408892 409823
176387 177318
217369 218300
510776 511707
354014 354945
284634 285565
395346 396277
8063 8994
471538 472469
791633 792564
66868 67799
363446 364377
232902 233833
56435 57366
39629 40560
581915 582846
239406 240337
76847 77778
798706 799637
131345 132276
948520 949451
290290 291221
79104 80035
312760 313691
100241 101172
523182 524113
4076 5007
534298 535229
29904 30835
741561 742492
734789 735720
799746 800677
620842 621773
807384 808315
90819 91750
642160 643091
622288 623219
924910 925841
107921 108852
578692 579623
866726 867657
962585 963516
782064 782995
463152 464083
800678 801609
753093 754024
961882 962813
802254 803185
57318 58249
30826 31757
175966 176897
36558 37489
73411 74342
507318 508249
847827 848758
239968 240899
607509 608440
287091 288022
895160 896091
195231 196162
555659 556590
608207 609138
520342 521273
498561 499492
815695 816626
489704 490635
957317 958248
448227 449158
571985 572916
2204 3135
837093 838024
99987 100918
604821 605752
243692 244623
694453 695384
1778 2709
15031 15962
891331 892262
718746 719677
168093 169024
355280 356211
122412 123343
203529 204460
596503 597434
475060 475991
416058 416989
23284 24215
524411 525342
143400 144331
702113 703044
733405 734336
726697 727628
522476 523407
62082 63013
588112 589043
908310 909241
354987 355918
763050 763981
368027 368958
617685 618616
555319 556250
384545 385476
279679 280610
714846 715777
334991 335922
894617 895548
838462 839393
500441 501372
195747 196678
246764 247695
895072 896003
736410 737341
352740 353671
184788 185719
59531 60462
657937 658868
320444 321375
706082 707013
922878 923809
86587 87518
824989 825920
838373 839304
444054 444985
962940 963871
389982 390913
352495 353426
891126 892057
249632 250563
339821 340752
422405 423336
967900 968831
936617 937548
495470 496401
68681 69612
454526 455457
596237 597168
174949 175880
751802 752733
830576 831507
216982 217913
588519 589450
874524 875455
722144 723075
935504 936435
593227 594158
388018 388949
169006 169937
954586 955517
758966 759897
766180 767111
611991 612922
546323 547254
855599 856530
196051 196982
614574 615505
766925 767856
50665 51596
215861 216792
637742 638673
451609 452540
706632 707563
428467 429398
279907 280838
184641 185572
903570 904501
359838 360769
769195 770126
694118 695049
344688 345619
440583 441514
598861 599792
102101 103032
988362 989293
521407 522338
200480 201411
806087 807018
540207 541138
365215 366146
92500 93431
633851 634782
471475 472406
84394 85325
99271 100202
435530 436461
966194 967125
477462 478393
605073 606004
575420 576351
64821 65752
651131 652062
150619 151550
585327 586258
99877 100808
318950 319881
129513 130444
867328 868259
811011 811942
450162 451093
831165 832096
638941 639872
569927 570858
900799 901730
344973 345904
737748 738679
71017 71948
299596 300527
587550 588481
899492 900423
992754 993685
351600 352531
13050 13981
772745 773676
940828 941759
375548 376479
993076 994007
857162 858093
870678 871609
184978 185909
605162 606093
953213 954144
774677 775608
664371 665302
375621 376552
735692 736623
556408 557339
197174 198105
261566 262497
28364 29295
23705 24636
509184 510115
526236 527167
682697 683628
309137 310068
188859 189790
472538 473469
147467 148398
784244 785175
863534 864465
231637 232568
35816 36747
380306 381237
237350 238281
525054 525985
563862 564793
352402 353333
841771 842702
148255 149186
859259 860190
649228 650159
762203 763134
61804 62735
271859 272790
443201 444132
276773 277704
757551 758482
623242 624173
366980 367911
788418 789349
323712 324643
294458 295389
950322 951253
779991 780922
827559 828490
611091 612022
573914 574845
960428 961359
483754 484685
198759 199690
595596 596527
733934 734865
695385 696316
892467 893398
837730 838661
948945 949876
229337 230268
512914 513845
634718 635649
991929 992860
566208 567139
36363 37294
200156 201087
739122 740053
905851 906782
824389 825320
59441 60372
259952 260883
3522 4453
561804 562735
985739 986670
666165 667096
954374 955305
933798 934729
486174 487105
154547 155478
91319 92250
863528 864459
515491 516422
966106 967037
91064 91995
653333 654264
55216 56147
858146 859077
704457 705388
924134 925065
48296 49227
35295 36226
428783 429714
360771 361702
50296 51227
205540 206471
831676 832607
2784 3715
472101 473032
445235 446166
258550 259481
301442 302373
7655 8586
919264 920195
389152 390083
125718 126649
48240 49171
170930 171861
429542 430473
939304 940235
752717 753648
841229 842160
972174 973105
800879 801810
801778 802709
21111 22042
585850 586781
979118 980049
453610 454541
189420 190351
351185 352116
740860 741791
729894 730825
231646 232577
893271 894202
1820 2751
488415 489346
734821 735752
849089 850020
181217 182148
65480 66411
296456 297387
806091 807022
366437 367368
748618 749549
579012 579943
857508 858439
426207 427138
191084 192015
181071 182002
819104 820035
891816 892747
459780 460711
460736 461667
272983 273914
172847 173778
181748 182679
204658 205589
89325 90256
511522 512453
726325 727256
820789 821720
277474 278405
97248 98179
565540 566471
609809 610740
524651 525582
378446 379377
122997 123928
842255 843186
920723 921654
507888 508819
709695 710626
995872 996803
632516 633447
681149 682080
324861 325792
29248 30179
409863 410794
37784 38715
695859 696790
335735 336666
347217 348148
973615 974546
832019 832950
939966 940897
535696 536627
101402 102333
691595 692526
416893 417824
646401 647332
474009 474940
684391 685322
434575 435506
827 1758
792189 793120
393882 394813
787045 787976
263395 264326
923315 924246
481387 482318
634977 635908
391165 392096
922231 923162
212503 213434
968877 969808
772653 773584
716252 717183
234997 235928
580785 581716
494085 495016
472359 473290
363371 364302
547320 548251
995146 996077
594902 595833
45449 46380
781730 782661
869053 869984
37082 38013
265894 266825
875835 876766
365378 366309
192703 193634
817693 818624
388524 389455
73450 74381
686996 687927
115811 116742
303438 304369
912734 913665
942610 943541
543111 544042
62777 63708
466086 467017
437953 438884
21541 22472
707572 708503
551776 552707
562075 563006
34844 35775
526745 527676
236532 237463
638429 639360
37747 38678
607598 608529
864020 864951
287291 288222
310632 311563
28812 29743
291216 292147
958465 959396
391588 392519
480263 481194
523486 524417
65568 66499
150121 151052
875796 876727
896388 897319
47623 48554
893838 894769
81969 82900
524290 525221
224222 225153
550686 551617
584705 585636
259245 260176
121554 122485
684887 685818
174796 175727
984704 985635
64652 65583
76476 77407
138714 139645
180237 181168
899113 900044
17017 17948
874186 875117
283355 284286
494996 495927
159716 160647
79084 80015
328245 329176
977948 978879
868682 869613
211156 212087
163202 164133
191673 192604
267236 268167
323839 324770
588848 589779
82841 83772
238153 239084
755010 755941
342259 343190
865807 866738
303495 304426
823943 824874
682534 683465
576997 577928
58992 59923
886999 887930
15623 16554
245716 246647
829381 830312
149229 150160
417249 418180
629462 630393
584673 585604
366787 367718
774438 775369
666990 667921
759475 760406
754247 755178
632230 633161
659250 660181
92822 93753
631009 631940
106026 106957
512359 513290
935519 936450
242137 243068
543001 543932
220518 221449
194291 195222
51428 52359
712202 713133
98879 99810
218317 219248
61186 62117
248491 249422
672561 673492
111422 112353
245304 246235
795521 796452
437005 437936
379812 380743
997240 998171
708017 708948
281496 282427
631783 632714
597408 598339
501881 502812
243045 243976
214857 215788
747161 748092
708204 709135
301585 302516
146888 147819
135410 136341
220043 220974
143328 144259
202183 203114
507706 508637
191062 191993
976829 977760
825363 826294
620048 620979
578722 579653
429670 430601
83474 84405
41634 42565
84737 85668
667160 668091
72224 73155
209576 210507
364374 365305
296067 296998
227857 228788
809861 810792
609295 610226
812158 813089
983995 984926
132153 133084
950143 951074
12025 12956
400654 401585
507296 508227
968885 969816
620482 621413
755522 756453
598016 598947
241676 242607
797417 798348
592776 593707
547889 548820
833341 834272
794561 795492
482015 482946
625001 625932
536136 537067
776650 777581
965087 966018
56356 57287
338522 339453
911115 912046
183934 184865
572446 573377
152828 153759
864329 865260
199913 200844
830884 831815
512468 513399
547852 548783
584171 585102
795784 796715
867728 868659
235572 236503
417325 418256
932670 933601
796902 797833
83129 84060
255365 256296
902069 903000
186011 186942
591871 592802
481367 482298
528108 529039
939457 940388
36396 37327
64655 65586
61205 62136
995042 995973
664011 664942
790318 791249
496146 497077
485365 486296
897331 898262
982813 983744
856954 857885
195528 196459
505391 506322
343238 344169
783203 784134
531031 531962
57647 58578
255253 256184
682373 683304
792472 793403
297329 298260
139163 140094
458000 458931
779398 780329
113304 114235
26367 27298
942491 943422
552761 553692
838744 839675
77229 78160
527074 528005
126145 127076
640196 641127
744066 744997
700663 701594
904737 905668
738870 739801
368390 369321
613777 614708
569631 570562
728662 729593
950074 951005
486359 487290
457439 458370
944838 945769
354519 355450
951766 952697
966597 967528
592039 592970
601665 602596
884012 884943
79467 80398
532168 533099
510782 511713
825162 826093
391857 392788
262304 263235
295084 296015
644231 645162
573637 574568
756299 757230
695034 695965
205986 206917
111048 111979
955700 956631
922410 923341
196817 197748
955256 956187
262361 263292
932611 933542
949678 950609
506178 507109
957737 958668
289097 290028
876859 877790
782366 783297
556946 557877
733281 734212
246534 247465
817961 818892
970039 970970
527045 527976
961111 962042
82202 83133
541042 541973
990989 991920
18409 19340
997670 998601
536472 537403
324427 325358
924097 925028
727113 728044
108268 109199
863923 864854
714431 715362
497605 498536
697619 698550
248193 249124
303223 304154
491063 491994
452844 453775
897322 898253
218215 219146
270028 270959
436640 437571
597633 598564
295996 296927
377290 378221
109985 110916
255716 256647
377708 378639
789446 790377
864246 865177
438031 438962
559564 560495
830858 831789
700068 700999
628081 629012
199376 200307
191164 192095
800042 800973
288236 289167
82299 83230
136138 137069
273997 274928
703315 704246
910709 911640
457961 458892
687456 688387
968950 969881
128374 129305
150932 151863
247717 248648
337004 337935
109613 110544
686926 687857
5215 6146
703512 704443
965205 966136
142908 143839
198198 199129
931397 932328
502473 503404
566773 567704
605440 606371
973400 974331
1063 1994
395470 396401
936606 937537
850099 851030
76646 77577
147120 148051
561530 562461
418734 419665
662053 662984
938619 939550
241223 242154
6035 6966
699230 700161
320700 321631
170623 171554
567293 568224
789512 790443
389277 390208
945326 946257
429711 430642
521965 522896
372638 373569
219172 220103
92248 93179
59797 60728
434745 435676
834162 835093
382438 383369
42940 43871
611631 612562
643250 644181
818617 819548
821631 822562
907293 908224
569593 570524
834784 835715
770129 771060
473512 474443
994565 995496
89736 90667
412108 413039
659298 660229
252739 253670
589029 589960
685581 686512
859808 860739
589907 590838
870116 871047
565323 566254
792607 793538
760663 761594
727769 728700
867805 868736
956094 957025
19039 19970
730375 731306
609090 610021
129127 130058
953378 954309
36300 37231
394093 395024
230222 231153
34786 35717
743410 744341
951128 952059
124737 125668
414633 415564
924490 925421
568629 569560
839603 840534
283172 284103
469027 469958
276768 277699
380484 381415
261524 262455
492026 492957
401308 402239
935007 935938
486415 487346
484424 485355
125952 126883
878254 879185
495651 496582
23645 24576
243156 244087
286531 287462
961815 962746
86722 87653
410599 411530
130568 131499
27427 28358
629757 630688
246954 247885
25103 26034
356691 357622
478166 479097
989216 990147
507854 508785
768860 769791
541927 542858
821901 822832
898281 899212
617610 618541
558520 559451
723676 724607
824019 824950
36245 37176
587474 588405
777628 778559
738991 739922
724312 725243
871015 871946
168028 168959
63786 64717
612676 613607
246926 247857
658321 659252
739094 740025
168965 169896
10695 11626
691166 692097
575364 576295
771155 772086
38989 39920
161250 162181
381882 382813
310133 311064
749782 750713
879678 880609
219773 220704
155327 156258
219143 220074
13288 14219
973349 974280
856033 856964
434437 435368
938478 939409
670335 671266
548006 548937
831800 832731
897515 898446
56567 57498
496634 497565
854799 855730
710297 711228
325331 326262
506435 507366
71064 71995
327614 328545
370154 371085
458072 459003
671045 671976
256200 257131
469678 470609
457144 458075
638581 639512
353658 354589
126265 127196
282831 283762
56055 56986
310715 311646
7066 7997
639926 640857
123790 124721
321673 322604
354520 355451
194745 195676
349763 350694
242114 243045
983896 984827
262884 263815
254545 255476
952994 953925
228229 229160
289995 290926
44242 45173
228644 229575
303669 304600
578411 579342
720146 721077
819976 820907
430444 431375
13989 14920
865444 866375
493140 494071
49413 50344
997979 998910
327621 328552
780620 781551
561292 562223
379599 380530
841923 842854
337278 338209
821177 822108
152112 153043
969121 970052
604463 605394
932313 933244
420265 421196
395511 396442
589057 589988
229049 229980
802870 803801
204634 205565
755162 756093
957547 958478
711311 712242
190674 191605
464438 465369
183881 184812
105731 106662
882125 883056
161320 162251
727505 728436
782876 783807
372326 373257
846884 847815
71378 72309
6843 7774
267873 268804
971790 972721
126555 127486
285696 286627
473766 474697
975001 975932
850519 851450
77662 78593
872079 873010
943437 944368
194109 195040
31063 31994
141867 142798
258616 259547
529766 530697
633864 634795
355086 356017
457204 458135
87147 88078
984094 985025
966578 967509
482589 483520
844763 845694
665997 666928
213165 214096
761637 762568
399613 400544
818608 819539
239023 239954
860202 861133
746666 747597
111947 112878
412941 413872
946808 947739
47469 48400
928938 929869
305840 306771
261928 262859
357372 358303
785056 785987
100903 101834
199749 200680
34692 35623
587820 588751
818436 819367
567856 568787
945155 946086
975398 976329
155127 156058
781264 782195
572107 573038
357341 358272
830657 831588
943527 944458
437140 438071
42001 42932
210879 211810
951326 952257
130134 131065
379664 380595
634706 635637
483031 483962
327717 328648
199860 200791
474302 475233
338174 339105
985268 986199
105462 106393
76309 77240
35110 36041
812898 813829
460943 461874
536504 537435
817106 818037
764364 765295
356239 357170
57611 58542
722492 723423
205786 206717
778747 779678
603936 604867
57946 58877
481285 482216
403386 404317
819560 820491
389070 390001
711430 712361
112397 113328
635285 636216
501662 502593
349142 350073
545882 546813
775572 776503
978938 979869
791169 792100
669532 670463
371751 372682
724187 725118
374330 375261
739955 740886
356781 357712
103836 104767
237977 238908
987342 988273
599191 600122
323287 324218
692980 693911
398820 399751
680262 681193
270093 271024
525368 526299
132650 133581
409223 410154
43918 44849
713342 714273
904370 905301
145969 146900
613588 614519
756363 757294
133556 134487
402218 403149
30804 31735
216286 217217
231751 232682
248990 249921
676983 677914
497782 498713
798575 799506
718980 719911
503201 504132
251670 252601
808772 809703
915169 916100
342362 343293
558435 559366
676326 677257
499833 500764
546192 547123
235489 236420
175839 176770
424056 424987
803473 804404
43808 44739
360729 361660
504070 505001
930158 931089
518750 519681
331567 332498
434959 435890
801723 802654
129485 130416
459363 460294
948682 949613
397190 398121
340113 341044
907534 908465
282372 283303
797596 798527
65153 66084
913173 914104
785164 786095
967167 968098
543465 544396
655938 656869
429457 430388
995413 996344
40658 41589
5106 6037
134991 135922
265162 266093
426316 427247
84706 85637
7629 8560
683020 683951
483222 484153
954185 955116
658012 658943
732197 733128
516087 517018
524243 525174
912323 913254
389902 390833
115177 116108
348969 349900
611168 612099
560088 561019
310783 311714
933980 934911
398025 398956
212226 213157
568905 569836
503175 504106
187270 188201
244519 245450
535657 536588
324208 325139
402743 403674
121274 122205
157056 157987
179509 180440
679835 680766
453050 453981
275502 276433
447004 447935
930794 931725
56721 57652
812073 813004
86864 87795
35844 36775
211384 212315
186700 187631
747831 748762
691957 692888
963497 964428
895075 896006
189074 190005
895099 896030
891155 892086
498461 499392
129830 130761
808588 809519
329801 330732
142337 143268
170560 171491
270551 271482
452992 453923
394218 395149
536741 537672
617792 618723
256422 257353
333351 334282
680603 681534
396212 397143
847477 848408
104977 105908
75551 76482
726356 727287
523853 524784
959381 960312
881409 882340
379988 380919
993672 994603
958207 959138
84521 85452
203919 204850
424336 425267
808447 809378
141614 142545
436394 437325
162611 163542
898441 899372
868566 869497
343366 344297
646412 647343
926898 927829
714755 715686
22792 23723
822193 823124
46900 47831
649642 650573
735897 736828
294776 295707
60038 60969
394141 395072
715486 716417
579005 579936
603679 604610
215804 216735
232546 233477
379863 380794
204253 205184
180693 181624
89296 90227
476422 477353
772814 773745
703978 704909
236698 237629
685633 686564
598210 599141
486519 487450
257688 258619
988725 989656
815258 816189
46371 47302
802367 803298
613042 613973
297422 298353
221177 222108
903461 904392
151953 152884
317935 318866
252450 253381
743486 744417
709604 710535
444699 445630
690865 691796
896643 897574
816923 817854
698314 699245
748732 749663
731615 732546
927104 928035
958044 958975
752555 753486
881801 882732
771049 771980
886682 887613
762136 763067
544255 545186
486701 487632
862857 863788
468233 469164
301430 302361
51600 52531
688316 689247
389490 390421
781223 782154
525549 526480
7983 8914
362459 363390
806973 807904
130365 131296
866020 866951
38540 39471
946971 947902
6620 7551
326263 327194
762271 763202
223384 224315
551970 552901
762273 763204
616790 617721
9534 10465
141575 142506
82635 83566
42805 43736
924964 925895
413105 414036
910267 911198
805505 806436
367490 368421
759331 760262
539597 540528
597227 598158
886041 886972
248788 249719
660404 661335
571265 572196
606826 607757
504686 505617
63242 64173
880923 881854
439355 440286
803241 804172
312534 313465
420639 421570
460117 461048
870926 871857
868736 869667
658281 659212
273090 274021
655108 656039
438810 439741
144740 145671
296513 297444
52060 52991
389866 390797
296728 297659
199581 200512
4335 5266
759769 760700
188449 189380
237227 238158
831966 832897
624999 625930
292617 293548
959912 960843
841828 842759
277983 278914
633280 634211
964657 965588
929808 930739
265481 266412
56683 57614
761977 762908
135893 136824
775219 776150
285946 286877
849450 850381
624825 625756
719299 720230
179824 180755
647531 648462
742788 743719
369777 370708
481459 482390
232163 233094
364878 365809
126076 127007
127278 128209
799253 800184
445343 446274
20586 21517
524516 525447
805600 806531
133800 134731
772555 773486
698370 699301
731226 732157
797166 798097
920466 921397
739777 740708
523244 524175
976859 977790
58594 59525
515198 516129
62263 63194
178333 179264
53027 53958
391558 392489
651556 652487
319515 320446
239948 240879
771153 772084
220449 221380
445156 446087
425874 426805
922643 923574
193212 194143
71599 72530
961438 962369
293912 294843
774194 775125
712837 713768
283496 284427
314933 315864
853574 854505
704816 705747
130523 131454
199622 200553
445240 446171
954497 955428
364708 365639
602577 603508
869682 870613
771827 772758
815236 816167
366428 367359
977852 978783
779612 780543
258339 259270
379804 380735
975294 976225
647525 648456
587914 588845
526857 527788
13849 14780
717077 718008
782089 783020
458024 458955
735264 736195
834125 835056
519693 520624
901357 902288
574454 575385
573243 574174
161908 162839
938284 939215
138988 139919
430173 431104
572980 573911
986004 986935
79568 80499
911819 912750
739043 739974
838253 839184
625914 626845
915645 916576
156170 157101
147186 148117
945319 946250
613413 614344
775712 776643
588963 589894
438207 439138
730004 730935
487405 488336
192480 193411
928361 929292
700660 701591
968330 969261
614599 615530
434209 435140
310090 311021
826872 827803
351505 352436
470073 471004
275009 275940
836373 837304
789959 790890
362426 363357
810876 811807
559196 560127
648543 649474
550746 551677
67455 68386
970252 971183
107630 108561
769905 770836
530556 531487
440382 441313
777736 778667
751579 752510
476583 477514
836756 837687
823744 824675
422977 423908
629615 630546
305266 306197
381484 382415
187860 188791
128067 128998
171194 172125
243583 244514
160661 161592
466932 467863
413943 414874
459630 460561
324603 325534
30877 31808
617776 618707
120273 121204
411583 412514
468598 469529
98529 99460
681057 681988
905039 905970
165872 166803
46477 47408
642196 643127
271486 272417
386133 387064
998902 999833
435976 436907
167802 168733
568132 569063
475623 476554
674400 675331
545616 546547
89965 90896
933183 934114
646702 647633
280476 281407
578297 579228
753186 754117
212575 213506
55073 56004
557747 558678
17971 18902
278970 279901
4469 5400
456669 457600
33902 34833
757042 757973
471687 472618
547436 548367
509801 510732
87011 87942
404160 405091
705677 706608
898339 899270
831670 832601
484700 485631
446343 447274
468875 469806
133967 134898
123968 124899
132874 133805
122105 123036
941444 942375
567343 568274
799035 799966
753340 754271
51871 52802
817763 818694
183319 184250
535875 536806
723008 723939
321188 322119
823566 824497
369647 370578
743030 743961
928758 929689
287741 288672
617845 618776
508929 509860
178635 179566
78536 79467
487997 488928
464290 465221
763938 764869
124211 125142
795922 796853
2836 3767
889495 890426
992880 993811
760122 761053
396211 397142
946039 946970
560954 561885
319930 320861
817584 818515
258319 259250
978265 979196
574004 574935
953849 954780
93876 94807
799282 800213
802749 803680
352427 353358
140844 141775
259599 260530
710880 711811
925137 926068
813283 814214
560728 561659
951654 952585
278505 279436
975995 976926
259051 259982
194237 195168
917102 918033
670218 671149
58274 59205
283354 284285
124555 125486
915548 916479
346344 347275
256598 257529
255382 256313
703018 703949
219961 220892
430546 431477
531566 532497
858541 859472
448735 449666
321210 322141
717120 718051
244419 245350
622709 623640
293178 294109
933433 934364
474700 475631
730440 731371
83327 84258
622863 623794
52885 53816
198665 199596
930619 931550
602622 603553
94822 95753
35716 36647
689402 690333
562222 563153
540663 541594
362971 363902
641868 642799
706294 707225
315476 316407
980997 981928
835233 836164
844046 844977
955619 956550
250026 250957
211879 212810
482798 483729
834405 835336
971735 972666
827609 828540
390142 391073
595625 596556
777037 777968
693006 693937
5566 6497
559364 560295
188980 189911
418950 419881
375727 376658
562903 563834
943644 944575
854436 855367
766179 767110
303185 304116
306697 307628
955477 956408
768981 769912
74484 75415
406417 407348
780192 781123
209683 210614
243124 244055
410643 411574
201581 202512
335060 335991
231513 232444
689525 690456
584709 585640
24947 25878
51850 52781
565087 566018
289341 290272
65487 66418
444668 445599
818619 819550
651723 652654
84525 85456
452496 453427
682116 683047
981822 982753
148817 149748
50578 51509
115942 116873
89095 90026
45387 46318
346090 347021
179348 180279
889891 890822
514217 515148
594435 595366
124657 125588
380628 381559
503041 503972
986286 987217
28776 29707
436536 437467
403419 404350
145248 146179
836223 837154
577271 578202
781550 782481
558856 559787
869642 870573
444190 445121
55988 56919
27241 28172
427546 428477
206216 207147
988307 989238
519775 520706
873865 874796
103875 104806
719257 720188
641141 642072
744726 745657
119722 120653
521884 522815
517079 518010
632483 633414
73502 74433
573937 574868
84434 85365
541801 542732
192293 193224
508242 509173
641666 642597
73310 74241
139559 140490
956466 957397
541845 542776
350434 351365
970792 971723
91321 92252
262030 262961
547723 548654
877358 878289
328846 329777
67354 68285
321038 321969
138287 139218
787825 788756
972848 973779
339011 339942
895908 896839
273374 274305
45589 46520
133276 134207
709317 710248
54148 55079
818364 819295
189982 190913
617518 618449
905128 906059
329179 330110
40484 41415
934768 935699
851103 852034
96615 97546
33625 34556
653114 654045
748891 749822
411792 412723
383024 383955
563713 564644
173736 174667
793766 794697
418820 419751
402504 403435
37127 38058
328053 328984
238073 239004
863986 864917
512877 513808
281039 281970
830928 831859
91868 92799
83804 84735
504554 505485
274709 275640
768506 769437
30896 31827
904983 905914
696824 697755
897241 898172
676668 677599
821213 822144
97163 98094
127139 128070
562394 563325
920391 921322
274647 275578
27451 28382
121627 122558
144815 145746
70757 71688
705337 706268
132742 133673
694637 695568
868488 869419
856104 857035
253997 254928
772703 773634
446675 447606
711590 712521
159605 160536
620442 621373
154165 155096
995049 995980
210431 211362
781236 782167
110988 111919
171385 172316
702777 703708
558009 558940
531964 532895
400554 401485
186451 187382
303899 304830
437464 438395
470614 471545
115088 116019
737500 738431
869530 870461
547995 548926
770211 771142
980368 981299
387264 388195
295659 296590
916708 917639
651240 652171
769705 770636
487994 488925
779531 780462
137725 138656
509544 510475
826759 827690
9818 10749
477635 478566
966208 967139
396459 397390
907594 908525
137087 138018
331041 331972
771911 772842
737247 738178
254231 255162
772787 773718
57875 58806
22896 23827
979965 980896
366764 367695
60197 61128
306101 307032
715239 716170
178355 179286
717480 718411
474682 475613
355100 356031
505857 506788
949531 950462
354838 355769
173150 174081
780410 781341
465761 466692
216585 217516
795767 796698
377943 378874
134953 135884
117128 118059
64509 65440
125984 126915
996482 997413
422064 422995
496957 497888
379062 379993
865199 866130
5989 6920
410376 411307
768395 769326
690073 691004
117976 118907
498037 498968
866422 867353
248066 248997
633006 633937
811117 812048
900111 901042
169261 170192
582495 583426
433309 434240
209472 210403
13764 14695
839469 840400
794309 795240
302584 303515
335982 336913
55334 56265
328285 329216
454267 455198
924258 925189
959639 960570
861512 862443
641475 642406
773426 774357
248047 248978
399540 400471
162666 163597
568038 568969
887779 888710
573143 574074
839273 840204
31840 32771
328396 329327
725695 726626
363804 364735
268433 269364
730701 731632
224989 225920
89510 90441
210711 211642
516435 517366
241433 242364
860049 860980
1570 2501
407124 408055
785084 786015
693829 694760
318266 319197
763646 764577
981682 982613
941868 942799
851871 852802
230656 231587
977849 978780
770923 771854
747660 748591
392231 393162
317469 318400
865176 866107
233443 234374
951478 952409
96695 97626
741670 742601
429430 430361
19940 20871
178094 179025
322399 323330
26579 27510
487135 488066
581472 582403
882368 883299
357438 358369
824180 825111
995724 996655
163288 164219
314686 315617
650207 651138
594549 595480
386637 387568
835090 836021
254290 255221
42640 43571
767252 768183
479766 480697
932175 933106
252095 253026
139810 140741
663353 664284
840929 841860
877737 878668
266009 266940
823326 824257
924790 925721
315234 316165
111503 112434
339696 340627
722355 723286
722467 723398
322905 323836
20841 21772
851137 852068
885855 886786
263284 264215
864147 865078
260797 261728
159583 160514
82386 83317
955164 956095
25765 26696
757307 758238
391329 392260
625382 626313
426664 427595
908271 909202
409472 410403
301710 302641
441302 442233
596755 597686
600999 601930
60385 61316
25321 26252
926119 927050
898301 899232
746694 747625
658853 659784
938024 938955
255238 256169
753487 754418
968105 969036
185826 186757
485900 486831
774053 774984
502837 503768
814852 815783
946205 947136
22263 23194
74350 75281
662907 663838
73745 74676
602905 603836
673244 674175
275426 276357
299813 300744
558522 559453
584595 585526
975908 976839
886109 887040
349923 350854
35953 36884
722953 723884
392282 393213
691506 692437
297848 298779
904158 905089
459468 460399
480177 481108
136629 137560
652816 653747
793803 794734
548462 549393
98065 98996
955662 956593
640488 641419
602129 603060
364368 365299
497799 498730
509697 510628
243303 244234
390267 391198
56255 57186
699367 700298
828280 829211
221486 222417
452370 453301
210748 211679
868355 869286
601316 602247
546282 547213
289176 290107
173327 174258
487011 487942
654495 655426
788236 789167
697745 698676
212770 213701
341787 342718
34903 35834
637274 638205
39406 40337
806339 807270
916371 917302
677761 678692
454946 455877
153297 154228
466531 467462
998785 999716
563649 564580
734314 735245
775977 776908
18071 19002
731678 732609
56709 57640
55770 56701
64583 65514
103024 103955
251456 252387
364155 365086
91594 92525
443865 444796
634017 634948
691769 692700
934673 935604
991308 992239
746560 747491
418156 419087
977362 978293
589118 590049
903582 904513
707273 708204
60453 61384
555733 556664
679828 680759
261612 262543
553534 554465
752635 753566
153129 154060
655181 656112
641555 642486
989966 990897
558318 559249
912215 913146
173859 174790
127402 128333
241135 242066
274124 275055
186929 187860
239721 240652
553797 554728
281885 282816
713515 714446
905715 906646
907779 908710
638144 639075
244720 245651
847886 848817
85516 86447
173474 174405
799122 800053
17352 18283
118655 119586
435317 436248
40659 41590
316168 317099
303415 304346
93294 94225
47206 48137
604878 605809
482550 483481
934010 934941
763014 763945
527981 528912
433401 434332
891037 891968
421976 422907
374884 375815
375484 376415
137571 138502
790222 791153
753015 753946
648358 649289
225660 226591
300700 301631
252790 253721
551236 552167
314286 315217
438663 439594
888696 889627
836853 837784
88930 89861
585840 586771
954360 955291
943534 944465
601839 602770
634871 635802
59875 60806
797085 798016
934387 935318
513144 514075
522490 523421
625514 626445
826721 827652
847026 847957
422899 423830
387204 388135
966509 967440
750462 751393
433613 434544
295491 296422
487278 488209
618531 619462
821594 822525
587848 588779
996055 996986
228437 229368
768814 769745
70928 71859
629068 629999
823420 824351
817795 818726
189469 190400
72426 73357
692686 693617
877130 878061
123019 123950
895648 896579
555521 556452
246680 247611
759558 760489
726857 727788
377286 378217
622690 623621
79015 79946
993205 994136
479215 480146
721845 722776
289636 290567
553483 554414
272159 273090
510100 511031
33541 34472
592770 593701
555428 556359
728566 729497
123582 124513
390246 391177
103914 104845
509210 510141
974930 975861
936152 937083
385525 386456
436469 437400
945484 946415
639181 640112
545849 546780
264633 265564
427424 428355
107325 108256
548803 549734
815027 815958
784337 785268
435501 436432
495238 496169
829320 830251
643382 644313
236874 237805
831545 832476
352080 353011
421624 422555
823848 824779
247391 248322
851065 851996
14586 15517
209393 210324
731632 732563
771983 772914
272362 273293
514546 515477
193924 194855
465662 466593
696900 697831
878307 879238
260400 261331
87614 88545
371412 372343
946957 947888
158868 159799
729325 730256
266152 267083
896076 897007
403615 404546
715453 716384
348400 349331
277305 278236
234943 235874
37093 38024
589858 590789
667670 668601
884252 885183
827501 828432
957838 958769
127827 128758
297772 298703
646774 647705
166094 167025
26058 26989
52478 53409
357279 358210
925982 926913
466022 466953
82446 83377
372840 373771
765662 766593
713043 713974
373283 374214
779628 780559
470125 471056
33720 34651
762119 763050
475275 476206
396655 397586
777028 777959
702444 703375
822157 823088
521709 522640
963776 964707
264281 265212
916301 917232
477419 478350
777900 778831
75828 76759
276970 277901
616974 617905
450500 451431
649888 650819
654948 655879
604524 605455
896794 897725
422319 423250
612653 613584
206944 207875
454789 455720
360865 361796
62799 63730
894099 895030
799871 800802
789855 790786
609831 610762
410935 411866
590292 591223
313908 314839
811382 812313
767466 768397
752799 753730
89564 90495
418942 419873
450440 451371
893760 894691
595371 596302
67826 68757
141405 142336
812166 813097
352518 353449
959429 960360
278124 279055
867762 868693
342838 343769
559655 560586
812311 813242
454979 455910
479215 480146
786685 787616
511395 512326
86205 87136
735773 736704
109198 110129
594669 595600
906789 907720
822140 823071
445752 446683
842881 843812
121139 122070
250236 251167
299537 300468
129773 130704
925333 926264
857989 858920
280853 281784
383366 384297
467456 468387
231362 232293
810542 811473
107635 108566
602375 603306
748986 749917
264999 265930
80941 81872
730905 731836
464561 465492
639394 640325
98000 98931
592187 593118
271751 272682
633091 634022
577936 578867
927037 927968
725428 726359
389533 390464
396923 397854
414063 414994
694452 695383
368488 369419
798189 799120
793246 794177
629409 630340
952325 953256
807 1738
882674 883605
776782 777713
791939 792870
862448 863379
264573 265504
69266 70197
359365 360296
258206 259137
463334 464265
792144 793075
107616 108547
223033 223964
385849 386780
571918 572849
640156 641087
495456 496387
231967 232898
592942 593873
172910 173841
473827 474758
192516 193447
107684 108615
509146 510077
441159 442090
350608 351539
699379 700310
151629 152560
505341 506272
892806 893737
588257 589188
788755 789686
359328 360259
387662 388593
124327 125258
487719 488650
433239 434170
13212 14143
856156 857087
233379 234310
367714 368645
864135 865066
583524 584455
487687 488618
764673 765604
611752 612683
888046 888977
950322 951253
772348 773279
510906 511837
524867 525798
399919 400850
978315 979246
721326 722257
607740 608671
159242 160173
762464 763395
958970 959901
491384 492315
529005 529936
783222 784153
681626 682557
265346 266277
34900 35831
118321 119252
538140 539071
126534 127465
872371 873302
944472 945403
677966 678897
305790 306721
739628 740559
834544 835475
765999 766930
983695 984626
287527 288458
671666 672597
380468 381399
956299 957230
592209 593140
685980 686911
241403 242334
531744 532675
208161 209092
125312 126243
975728 976659
519011 519942
209787 210718
930080 931011
988757 989688
153841 154772
395115 396046
141754 142685
670453 671384
680921 681852
44554 45485
133154 134085
897997 898928
284550 285481
668923 669854
924040 924971
998331 999262
973126 974057
722457 723388
776543 777474
689958 690889
414086 415017
160098 161029
621557 622488
136136 137067
245960 246891
858990 859921
213066 213997
288124 289055
910166 911097
488213 489144
529143 530074
431826 432757
52999 53930
862506 863437
985710 986641
774777 775708
728482 729413
880295 881226
840046 840977
332389 333320
95275 96206
548769 549700
870073 871004
439473 440404
873711 874642
762449 763380
378158 379089
275397 276328
50427 51358
328428 329359
800228 801159
216845 217776
440233 441164
328598 329529
758373 759304
338054 338985
676086 677017
608535 609466
810518 811449
628952 629883
565983 566914
610489 611420
808114 809045
319167 320098
652275 653206
319843 320774
910706 911637
812107 813038
877836 878767
964638 965569
846126 847057
388715 389646
760674 761605
586329 587260
534337 535268
927900 928831
627341 628272
655815 656746
409561 410492
814630 815561
589749 590680
516139 517070
394994 395925
55846 56777
546344 547275
93317 94248
767359 768290
546187 547118
915642 916573
331475 332406
67945 68876
647582 648513
12803 13734
141115 142046
4879 5810
967296 968227
665080 666011
79546 80477
474549 475480
507065 507996
618575 619506
991181 992112
309752 310683
786216 787147
551396 552327
405425 406356
236013 236944
893915 894846
494712 495643
344856 345787
891805 892736
572686 573617
624592 625523
69073 70004
251486 252417
540543 541474
863187 864118
562451 563382
509796 510727
977605 978536
771108 772039
149546 150477
518669 519600
678406 679337
735753 736684
460154 461085
231975 232906
703297 704228
893345 894276
62688 63619
961596 962527
998008 998939
604975 605906
76199 77130
862320 863251
325221 326152
348258 349189
364627 365558
616873 617804
703407 704338
905052 905983
755143 756074
531825 532756
758551 759482
358637 359568
160798 161729
962393 963324
228534 229465
434983 435914
23510 24441
910439 911370
682426 683357
159816 160747
349644 350575
107373 108304
18415 19346
95567 96498
348168 349099
23272 24203
83540 84471
100167 101098
940354 941285
699800 700731
451025 451956
700929 701860
464970 465901
124377 125308
511217 512148
171692 172623
349601 350532
888622 889553
811912 812843
276776 277707
837509 838440
669238 670169
6666 7597
8827 9758
375737 376668
15341 16272
431722 432653
141004 141935
636238 637169
353558 354489
207226 208157
689442 690373
422321 423252
570745 571676
985164 986095
487057 487988
439834 440765
434254 435185
421688 422619
490677 491608
729525 730456
779106 780037
475026 475957
541853 542784
330620 331551
686073 687004
207929 208860
738928 739859
422984 423915
463302 464233
160513 161444
477123 478054
82750 83681
132431 133362
965893 966824
151485 152416
902688 903619
538707 539638
552822 553753
104986 105917
115210 116141
523672 524603
116309 117240
487661 488592
182817 183748
764724 765655
810269 811200
350142 351073
28498 29429
809227 810158
41983 42914
849659 850590
407859 408790
58547 59478
480388 481319
561227 562158
681107 682038
592160 593091
369776 370707
761069 762000
785289 786220
312462 313393
601691 602622
936168 937099
514247 515178
422368 423299
465996 466927
469362 470293
425967 426898
507786 508717
590085 591016
44529 45460
469222 470153
781649 782580
753994 754925
824636 825567
983961 984892
286512 287443
632944 633875
657146 658077
968948 969879
961925 962856
198554 199485
771881 772812
978223 979154
932452 933383
432154 433085
842101 843032
770059 770990
539240 540171
230630 231561
816478 817409
121533 122464
247074 248005
389791 390722
102504 103435
11244 12175
248710 249641
202489 203420
249490 250421
545659 546590
72034 72965
729451 730382
747240 748171
199624 200555
661866 662797
788144 789075
420695 421626
83680 84611
739202 740133
99324 100255
216701 217632
700177 701108
400011 400942
800006 800937
750247 751178
897132 898063
203111 204042
208708 209639
121858 122789
342645 343576
882623 883554
205255 206186
677648 678579
294196 295127
531469 532400
746031 746962
77302 78233
81473 82404
678478 679409
447702 448633
363128 364059
524832 525763
25582 26513
591896 592827
397510 398441
765390 766321
891457 892388
24339 25270
206616 207547
836770 837701
343712 344643
706526 707457
837281 838212
567994 568925
404853 405784
614731 615662
828033 828964
287273 288204
477281 478212
888773 889704
490742 491673
117738 118669
899019 899950
577081 578012
694180 695111
214369 215300
127914 128845
677651 678582
283384 284315
821955 822886
557930 558861
960095 961026
861762 862693
30959 31890
335239 336170
638906 639837
98480 99411
830105 831036
708791 709722
667925 668856
844535 845466
200985 201916
725564 726495
820062 820993
481097 482028
141208 142139
474118 475049
37553 38484
10424 11355
608741 609672
358153 359084
795483 796414
560228 561159
162236 163167
812293 813224
324701 325632
770343 771274
552601 553532
610394 611325
433067 433998
329640 330571
38260 39191
308830 309761
501552 502483
303887 304818
75753 76684
283027 283958
157084 158015
994940 995871
937011 937942
432628 433559
689087 690018
605169 606100
800196 801127
762670 763601
127607 128538
431590 432521
825065 825996
776616 777547
731822 732753
383618 384549
882084 883015
174091 175022
339616 340547
444961 445892
665311 666242
326268 327199
116486 117417
801725 802656
657061 657992
86671 87602
921076 922007
92914 93845
895727 896658
874410 875341
577210 578141
400986 401917
404841 405772
594282 595213
684620 685551
819499 820430
551778 552709
958480 959411
700934 701865
438894 439825
951709 952640
23830 24761
198843 199774
766456 767387
427812 428743
577980 578911
394308 395239
604813 605744
776806 777737
391193 392124
379020 379951
607024 607955
766332 767263
712937 713868
707795 708726
839239 840170
982646 983577
798868 799799
81565 82496
265323 266254
285140 286071
110115 111046
549750 550681
784670 785601
909726 910657
622243 623174
459981 460912
61049 61980
713123 714054
952195 953126
944663 945594
272605 273536
69123 70054
253647 254578
824085 825016
831569 832500
508415 509346
590180 591111
907293 908224
154730 155661
914943 915874
617783 618714
537379 538310
402157 403088
744232 745163
905617 906548
381572 382503
180921 181852
573240 574171
983978 984909
956427 957358
84094 85025
883719 884650
756905 757836
690661 691592
695510 696441
667191 668122
863678 864609
326935 327866
643813 644744
860732 861663
414393 415324
8387 9318
288588 289519
642651 643582
245078 246009
181025 181956
920515 921446
430550 431481
899623 900554
611887 612818
764376 765307
536128 537059
908350 909281
225074 226005
802059 802990
529475 530406
438144 439075
392483 393414
218326 219257
696408 697339
992858 993789
157014 157945
453498 454429
258002 258933
356443 357374
47223 48154
10714 11645
788678 789609
404262 405193
624863 625794
657707 658638
147063 147994
667006 667937
256864 257795
461393 462324
544554 545485
925452 926383
843526 844457
657756 658687
288 1219
392521 393452
40516 41447
975622 976553
471820 472751
227511 228442
91502 92433
256281 257212
206184 207115
897411 898342
313747 314678
28873 29804
422501 423432
421917 422848
833674 834605
372953 373884
380236 381167
909155 910086
657216 658147
161642 162573
596937 597868
952006 952937
241820 242751
10651 11582
128509 129440
786616 787547
966950 967881
121376 122307
465050 465981
166569 167500
49578 50509
98246 99177
17357 18288
853650 854581
537454 538385
948656 949587
777701 778632
373096 374027
296830 297761
21289 22220
894643 895574
273701 274632
506054 506985
894913 895844
256040 256971
112091 113022
579503 580434
313925 314856
226250 227181
213954 214885
70780 71711
349706 350637
475967 476898
818652 819583
926439 927370
94316 95247
917001 917932
890616 891547
62280 63211
373256 374187
280734 281665
968093 969024
125719 126650
171594 172525
867552 868483
270144 271075
53050 53981
205301 206232
990086 991017
412241 413172
505582 506513
104265 105196
922017 922948
649943 650874
430201 431132
218131 219062
746277 747208
532785 533716
408073 409004
917149 918080
933365 934296
193906 194837
933532 934463
325577 326508
724020 724951
546016 546947
654321 655252
836026 836957
974293 975224
582623 583554
654261 655192
941058 941989
568485 569416
182664 183595
461038 461969
694857 695788
31109 32040
634343 635274
316724 317655
765696 766627
69467 70398
643006 643937
275369 276300
25251 26182
240497 241428
8332 9263
611511 612442
920117 921048
867038 867969
200857 201788
620770 621701
903850 904781
537888 538819
566939 567870
398786 399717
526407 527338
454350 455281
49772 50703
534720 535651
999032 999963
962272 963203
274446 275377
587587 588518
613663 614594
42147 43078
244763 245694
429031 429962
56816 57747
660607 661538
133169 134100
961839 962770
676512 677443
641654 642585
723644 724575
43511 44442
832806 833737
473340 474271
664262 665193
460430 461361
371299 372230
417912 418843
223602 224533
929090 930021
655948 656879
41962 42893
751165 752096
926791 927722
351439 352370
456158 457089
179430 180361
354454 355385
4085 5016
526036 526967
910148 911079
443665 444596
901595 902526
949278 950209
998280 999211
212925 213856
807551 808482
281248 282179
665315 666246
4152 5083
735671 736602
226564 227495
296124 297055
101331 102262
447892 448823
171077 172008
787177 788108
969562 970493
141918 142849
685908 686839
259270 260201
39059 39990
424083 425014
61345 62276
442161 443092
502979 503910
751638 752569
676681 677612
603159 604090
404358 405289
614573 615504
652347 653278
915761 916692
712741 713672
916154 917085
916287 917218
811483 812414
470928 471859
490179 491110
76693 77624
688092 689023
455257 456188
847598 848529
630570 631501
377684 378615
645472 646403
368661 369592
931270 932201
901654 902585
507241 508172
98791 99722
470981 471912
790692 791623
880001 880932
284936 285867
357897 358828
88653 89584
570479 571410
708426 709357
514113 515044
769743 770674
256319 257250
692481 693412
523908 524839
56391 57322
998044 998975
266383 267314
186668 187599
918238 919169
5395 6326
37092 38023
440931 441862
808541 809472
306399 307330
471120 472051
148562 149493
447220 448151
98194 99125
206617 207548
836356 837287
436371 437302
260315 261246
11118 12049
328038 328969
742054 742985
683221 684152
955571 956502
656691 657622
24028 24959
383635 384566
410796 411727
417360 418291
705888 706819
580984 581915
731408 732339
971507 972438
363140 364071
619204 620135
630768 631699
754831 755762
483494 484425
4513 5444
456843 457774
56055 56986
405723 406654
533926 534857
641738 642669
798062 798993
91114 92045
156078 157009
283153 284084
152838 153769
543382 544313
994559 995490
596515 597446
188298 189229
162714 163645
629839 630770
538647 539578
279207 280138
294188 295119
520453 521384
669657 670588
336286 337217
930871 931802
3081 4012
219099 220030
754318 755249
380690 381621
897986 898917
142373 143304
775194 776125
747748 748679
359653 360584
394979 395910
630679 631610
54616 55547
906702 907633
929824 930755
50790 51721
652343 653274
958050 958981
825841 826772
756615 757546
822387 823318
25717 26648
853503 854434
757985 758916
968094 969025
177083 178014
145597 146528
238290 239221
122928 123859
445150 446081
146583 147514
771380 772311
330112 331043
917367 918298
639466 640397
859237 860168
604127 605058
355582 356513
911669 912600
325157 326088
206748 207679
376781 377712
215569 216500
21242 22173
76666 77597
238649 239580
327954 328885
169129 170060
524808 525739
142866 143797
425616 426547
853581 854512
207654 208585
567950 568881
357869 358800
630649 631580
807285 808216
141155 142086
633236 634167
467596 468527
804736 805667
533368 534299
374580 375511
560499 561430
146407 147338
93873 94804
989638 990569
540840 541771
687589 688520
741628 742559
55305 56236
192115 193046
973744 974675
228985 229916
380964 381895
518857 519788
575282 576213
905161 906092
274254 275185
500721 501652
743959 744890
467197 468128
214227 215158
293676 294607
101233 102164
448760 449691
329506 330437
730438 731369
290438 291369
311719 312650
822177 823108
913927 914858
946939 947870
242727 243658
225941 226872
642282 643213
681843 682774
288259 289190
480590 481521
32749 33680
221007 221938
283974 284905
360265 361196
736420 737351
735533 736464
232810 233741
551257 552188
224469 225400
19689 20620
348250 349181
692827 693758
94198 95129
251965 252896
968705 969636
414097 415028
508330 509261
528067 528998
332891 333822
925189 926120
193691 194622
866195 867126
444649 445580
625790 626721
379648 380579
941214 942145
408400 409331
628821 629752
357683 358614
424313 425244
496960 497891
553462 554393
835279 836210
874779 875710
45032 45963
211460 212391
674590 675521
650240 651171
248134 249065
414014 414945
432957 433888
647972 648903
992205 993136
511590 512521
966113 967044
926908 927839
609643 610574
35045 35976
183097 184028
231484 232415
420893 421824
28668 29599
286714 287645
725605 726536
817622 818553
806025 806956
854711 855642
394613 395544
540981 541912
224118 225049
891817 892748
482852 483783
495522 496453
499124 500055
338295 339226
711953 712884
694841 695772
145593 146524
304417 305348
294398 295329
27524 28455
65116 66047
922952 923883
279520 280451
934244 935175
936579 937510
79285 80216
495720 496651
578129 579060
962437 963368
84996 85927
552361 553292
730803 731734
600401 601332
783091 784022
989505 990436
274010 274941
486211 487142
881404 882335
364667 365598
1938 2869
319968 320899
12824 13755
503268 504199
12770 13701
427665 428596
266242 267173
486492 487423
597551 598482
170265 171196
218215 219146
582591 583522
651745 652676
222223 223154
629317 630248
963135 964066
161703 162634
664275 665206
654078 655009
587495 588426
845207 846138
259030 259961
481270 482201
13102 14033
602172 603103
845207 846138
193101 194032
16391 17322
684101 685032
924180 925111
378455 379386
502131 503062
878662 879593
426910 427841
910801 911732
49008 49939
696592 697523
381818 382749
239167 240098
103232 104163
515350 516281
885883 886814
922345 923276
832177 833108
472482 473413
493281 494212
316109 317040
597443 598374
766300 767231
981588 982519
533845 534776
190274 191205
273587 274518
321551 322482
425506 426437
737970 738901
246637 247568
16638 17569
973350 974281
735886 736817
983663 984594
128401 129332
679695 680626
37833 38764
395145 396076
874229 875160
764391 765322
185527 186458
793097 794028
619677 620608
926785 927716
123441 124372
803875 804806
578416 579347
793682 794613
432313 433244
41229 42160
468304 469235
584529 585460
691006 691937
22540 23471
252863 253794
339751 340682
741349 742280
975979 976910
702016 702947
422305 423236
303851 304782
46399 47330
924906 925837
841279 842210
67191 68122
906171 907102
419149 420080
793971 794902
772345 773276
873573 874504
103575 104506
647887 648818
826324 827255
918371 919302
978694 979625
950102 951033
231316 232247
885407 886338
94438 95369
315332 316263
91406 92337
320997 321928
788314 789245
434932 435863
172562 173493
647409 648340
747805 748736
233899 234830
457985 458916
147338 148269
440888 441819
461937 462868
393892 394823
144601 145532
663028 663959
34219 35150
195927 196858
380247 381178
211644 212575
163104 164035
943388 944319
978788 979719
407511 408442
478402 479333
682486 683417
487859 488790
472794 473725
434934 435865
121987 122918
956174 957105
141819 142750
726921 727852
578092 579023
140096 141027
936105 937036
447284 448215
415137 416068
735779 736710
340705 341636
949901 950832
745163 746094
922827 923758
661283 662214
1745 2676
352762 353693
112465 113396
808648 809579
722319 723250
1685 2616
330177 331108
868408 869339
631078 632009
558283 559214
597718 598649
363371 364302
547154 548085
759847 760778
815806 816737
179142 180073
478180 479111
222413 223344
167992 168923
813120 814051
441326 442257
54332 55263
545289 546220
466857 467788
345553 346484
749225 750156
22554 23485
961229 962160
404912 405843
409611 410542
855436 856367
772133 773064
591006 591937
197269 198200
633939 634870
353398 354329
648859 649790
625056 625987
987927 988858
812756 813687
241514 242445
560286 561217
652490 653421
625319 626250
527770 528701
675200 676131
660638 661569
335213 336144
861402 862333
425551 426482
875880 876811
900125 901056
998521 999452
959117 960048
945427 946358
913786 914717
257687 258618
940710 941641
466228 467159
367024 367955
515440 516371
151418 152349
304998 305929
839291 840222
246512 247443
671012 671943
341911 342842
339079 340010
65833 66764
678952 679883
761264 762195
229662 230593
717566 718497
764034 764965
582982 583913
51273 52204
128463 129394
673194 674125
940991 941922
813699 814630
367896 368827
759730 760661
829397 830328
571874 572805
910779 911710
227735 228666
568073 569004
575822 576753
512990 513921
781625 782556
602839 603770
604676 605607
718195 719126
695154 696085
744377 745308
115994 116925
138828 139759
819326 820257
857100 858031
200277 201208
567523 568454
937578 938509
820387 821318
789522 790453
874847 875778
369361 370292
122184 123115
665198 666129
19399 20330
933317 934248
882421 883352
53448 54379
354959 355890
455317 456248
703754 704685
189449 190380
54498 55429
276782 277713
520399 521330
182073 183004
113884 114815
247317 248248
152073 153004
241106 242037
778682 779613
511938 512869
510345 511276
61532 62463
716877 717808
473245 474176
74271 75202
128286 129217
342763 343694
176431 177362
478883 479814
147907 148838
797903 798834
156066 156997
911850 912781
678653 679584
373180 374111
87672 88603
95798 96729
978802 979733
956269 957200
964580 965511
53768 54699
320321 321252
327723 328654
706901 707832
726895 727826
597534 598465
216155 217086
741394 742325
529382 530313
414197 415128
573045 573976
295393 296324
494178 495109
591850 592781
515394 516325
696244 697175
537028 537959
661383 662314
457014 457945
753663 754594
125200 126131
857655 858586
754708 755639
910098 911029
39094 40025
399465 400396
374259 375190
371483 372414
486016 486947
587856 588787
691806 692737
872645 873576
276667 277598
717891 718822
157811 158742
20998 21929
161869 162800
171094 172025
922790 923721
137399 138330
297899 298830
783105 784036
827908 828839
755292 756223
775473 776404
282194 283125
157816 158747
869252 870183
413957 414888
593598 594529
307092 308023
379289 380220
191281 192212
657381 658312
827737 828668
902543 903474
802830 803761
279426 280357
840252 841183
874280 875211
602517 603448
103889 104820
456030 456961
923195 924126
680129 681060
181136 182067
144456 145387
2679 3610
707120 708051
772317 773248
781851 782782
420007 420938
434690 435621
140125 141056
863469 864400
77238 78169
596191 597122
116874 117805
579274 580205
273433 274364
380166 381097
732599 733530
933416 934347
653397 654328
912816 913747
414544 415475
320895 321826
75243 76174
527537 528468
431612 432543
15130 16061
533778 534709
541871 542802
767184 768115
787492 788423
322345 323276
919304 920235
905442 906373
376394 377325
242540 243471
149619 150550
496270 497201
821653 822584
793514 794445
539776 540707
623695 624626
728185 729116
76155 77086
219333 220264
310524 311455
770492 771423
381361 382292
788316 789247
766592 767523
247378 248309
639731 640662
68258 69189
882214 883145
974041 974972
834847 835778
410964 411895
259139 260070
841439 842370
137985 138916
602827 603758
582088 583019
828818 829749
470801 471732
756835 757766
191363 192294
428725 429656
306556 307487
196120 197051
512341 513272
721802 722733
573065 573996
606142 607073
62285 63216
676329 677260
310492 311423
939636 940567
792856 793787
46331 47262
709377 710308
510363 511294
296283 297214
60468 61399
144653 145584
852949 853880
483137 484068
592985 593916
260869 261800
658104 659035
630005 630936
350026 350957
678803 679734
161572 162503
978130 979061
828943 829874
735940 736871
24605 25536
579751 580682
683548 684479
578504 579435
312936 313867
780853 781784
203811 204742
970069 971000
748735 749666
950256 951187
324566 325497
766528 767459
915850 916781
285460 286391
522535 523466
9197 10128
621374 622305
322905 323836
420714 421645
824788 825719
113865 114796
276801 277732
400032 400963
289977 290908
448156 449087
250531 251462
584372 585303
14469 15400
915737 916668
976077 977008
687621 688552
296990 297921
117605 118536
206289 207220
644892 645823
924594 925525
364149 365080
74711 75642
475998 476929
680500 681431
589528 590459
258623 259554
688383 689314
954316 955247
649604 650535
818765 819696
126828 127759
958995 959926
868503 869434
84951 85882
991575 992506
694894 695825
607286 608217
848537 849468
300034 300965
217829 218760
664090 665021
91087 92018
383741 384672
359716 360647
492362 493293
292020 292951
474461 475392
966366 967297
137990 138921
552045 552976
912467 913398
925857 926788
503854 504785
674608 675539
305848 306779
874899 875830
258386 259317
462548 463479
331337 332268
423049 423980
644106 645037
458435 459366
651928 652859
885911 886842
912946 913877
1261 2192
629815 630746
637747 638678
545023 545954
302953 303884
234640 235571
375343 376274
330200 331131
346647 347578
634175 635106
138212 139143
846997 847928
934984 935915
783637 784568
967125 968056
911931 912862
151052 151983
539626 540557
529399 530330
747290 748221
31187 32118
518187 519118
554400 555331
820818 821749
536651 537582
907630 908561
174024 174955
443331 444262
593433 594364
478559 479490
873161 874092
938508 939439
24123 25054
730741 731672
603935 604866
270891 271822
364604 365535
692267 693198
234398 235329
305870 306801
184598 185529
47854 48785
753106 754037
644064 644995
609384 610315
444944 445875
988343 989274
345857 346788
380608 381539
905470 906401
244156 245087
882814 883745
930494 931425
108296 109227
304501 305432
940611 941542
769124 770055
492334 493265
565523 566454
830402 831333
936621 937552
42325 43256
880379 881310
505191 506122
68153 69084
777184 778115
904555 905486
894674 895605
929706 930637
183360 184291
46664 47595
82020 82951
161037 161968
48816 49747
77888 78819
212865 213796
718479 719410
708804 709735
841947 842878
118202 119133
8139 9070
741627 742558
541460 542391
483361 484292
58426 59357
80956 81887
709044 709975
290304 291235
746470 747401
863230 864161
76 1007
467947 468878
879619 880550
992028 992959
744675 745606
775793 776724
850156 851087
947707 948638
204249 205180
89123 90054
343003 343934
19415 20346
844004 844935
311719 312650
863799 864730
672052 672983
630712 631643
104336 105267
176597 177528
126558 127489
128241 129172
551857 552788
59554 60485
300789 301720
626677 627608
928580 929511
535242 536173
432335 433266
677657 678588
829738 830669
44423 45354
458755 459686
120250 121181
838845 839776
824620 825551
419226 420157
774955 775886
369147 370078
209447 210378
40457 41388
75685 76616
176520 177451
552788 553719
329219 330150
513165 514096
247309 248240
533972 534903
906191 907122
46695 47626
506846 507777
105869 106800
29217 30148
375274 376205
601227 602158
243851 244782
590832 591763
385000 385931
904635 905566
830293 831224
33735 34666
251838 252769
898888 899819
799268 800199
157631 158562
810114 811045
912904 913835
319135 320066
782215 783146
103693 104624
492014 492945
902716 903647
629798 630729
812787 813718
627728 628659
904372 905303
522970 523901
294888 295819
978219 979150
136995 137926
88831 89762
500795 501726
43112 44043
243813 244744
548074 549005
456848 457779
154072 155003
753644 754575
178652 179583
976448 977379
194718 195649
314762 315693
440587 441518
743971 744902
465769 466700
373134 374065
829113 830044
598 1529
991551 992482
42007 42938
773417 774348
578229 579160
883465 884396
440861 441792
912343 913274
762839 763770
612047 612978
318366 319297
383732 384663
50684 51615
167661 168592
322559 323490
503641 504572
745126 746057
465139 466070
637281 638212
863174 864105
483451 484382
510259 511190
646942 647873
936012 936943
590485 591416
706306 707237
743459 744390
1843 2774
420129 421060
727556 728487
350469 351400
622429 623360
357557 358488
39410 40341
885385 886316
709733 710664
554924 555855
167596 168527
19829 20760
974053 974984
62149 63080
181151 182082
652235 653166
676027 676958
947985 948916
738775 739706
511972 512903
681354 682285
170219 171150
793855 794786
531366 532297
655099 656030
883169 884100
441837 442768
899429 900360
63229 64160
746985 747916
860368 861299
670823 671754
58440 59371
877606 878537
749988 750919
480052 480983
232497 233428
148471 149402
511557 512488
678456 679387
407811 408742
630157 631088
408895 409826
756978 757909
891517 892448
328692 329623
218005 218936
917697 918628
849477 850408
800266 801197
739395 740326
140072 141003
994828 995759
502551 503482
253362 254293
766972 767903
532434 533365
584895 585826
329578 330509
419162 420093
676198 677129
34110 35041
445276 446207
266766 267697
392637 393568
861884 862815
251833 252764
876856 877787
968988 969919
143132 144063
213508 214439
508060 508991
367519 368450
98178 99109
743586 744517
599838 600769
50364 51295
764957 765888
750632 751563
100481 101412
758211 759142
337184 338115
736519 737450
156354 157285
864355 865286
628532 629463
336232 337163
199442 200373
382525 383456
15138 16069
118312 119243
621250 622181
665401 666332
491727 492658
457081 458012
985006 985937
726888 727819
809695 810626
802370 803301
156903 157834
817843 818774
576077 577008
707796 708727
231917 232848
655987 656918
869481 870412
151094 152025
794491 795422
810951 811882
218588 219519
172308 173239
698109 699040
151013 151944
202608 203539
771752 772683
44698 45629
470027 470958
174596 175527
238657 239588
147452 148383
327904 328835
634460 635391
245559 246490
146093 147024
723452 724383
99236 100167
76573 77504
870660 871591
600017 600948
261065 261996
870255 871186
776835 777766
406846 407777
90914 91845
382714 383645
336927 337858
745714 746645
715065 715996
193490 194421
656381 657312
247254 248185
307301 308232
747779 748710
894334 895265
22770 23701
971017 971948
271084 272015
992809 993740
871312 872243
246341 247272
366837 367768
769637 770568
1348 2279
661457 662388
720375 721306
28503 29434
947518 948449
76848 77779
737774 738705
918136 919067
178558 179489
906930 907861
994001 994932
230062 230993
583608 584539
253359 254290
901715 902646
260259 261190
950286 951217
645270 646201
815008 815939
786473 787404
249277 250208
609226 610157
308602 309533
907952 908883
535184 536115
607088 608019
589784 590715
46272 47203
439337 440268
226114 227045
875718 876649
434010 434941
636700 637631
279055 279986
802894 803825
537017 537948
109035 109966
336641 337572
330714 331645
672307 673238
533354 534285
583063 583994
64119 65050
589052 589983
784164 785095
895116 896047
77070 78001
882670 883601
271502 272433
954652 955583
834050 834981
927226 928157
64862 65793
825265 826196
417300 418231
849581 850512
334614 335545
251340 252271
894460 895391
169716 170647
415290 416221
881473 882404
545322 546253
684696 685627
47283 48214
449828 450759
164278 165209
280279 281210
110507 111438
808945 809876
219877 220808
24997 25928
577 1508
341573 342504
396706 397637
806989 807920
695159 696090
38790 39721
512141 513072
320893 321824
337389 338320
556416 557347
613285 614216
241669 242600
301188 302119
236129 237060
586959 587890
74281 75212
276481 277412
862316 863247
955226 956157
150946 151877
261261 262192
630835 631766
699101 700032
314715 315646
473927 474858
753412 754343
74877 75808
180624 181555
523332 524263
202477 203408
283689 284620
26702 27633
101055 101986
616612 617543
87541 88472
746925 747856
815846 816777
800849 801780
950948 951879
715334 716265
610354 611285
72467 73398
553944 554875
305525 306456
147845 148776
646455 647386
646524 647455
660384 661315
494537 495468
613303 614234
257072 258003
440641 441572
368199 369130
379171 380102
284592 285523
923088 924019
742715 743646
578254 579185
182078 183009
395258 396189
621955 622886
674997 675928
538479 539410
896754 897685
845723 846654
506279 507210
652209 653140
432374 433305
564944 565875
11116 12047
230485 231416
454481 455412
689214 690145
532894 533825
310164 311095
181102 182033
213168 214099
283230 284161
872512 873443
774968 775899
31389 32320
819628 820559
84597 85528
926110 927041
156711 157642
895935 896866
466936 467867
214102 215033
178221 179152
389844 390775
803661 804592
954747 955678
58929 59860
914326 915257
884920 885851
334499 335430
245828 246759
363318 364249
99179 100110
461960 462891
391074 392005
377764 378695
20853 21784
241231 242162
252176 253107
305103 306034
924804 925735
296735 297666
306942 307873
695441 696372
927570 928501
565609 566540
246996 247927
953057 953988
763844 764775
496826 497757
89404 90335
138020 138951
453984 454915
698006 698937
949898 950829
905491 906422
474579 475510
322179 323110
981508 982439
283909 284840
595563 596494
737645 738576
947952 948883
550312 551243
685590 686521
992918 993849
527626 528557
962510 963441
465226 466157
925210 926141
714932 715863
293832 294763
521316 522247
912134 913065
340686 341617
563856 564787
783431 784362
548518 549449
195789 196720
77746 78677
673478 674409
270108 271039
145526 146457
132798 133729
95740 96671
799849 800780
682553 683484
738551 739482
242958 243889
424974 425905
173924 174855
936739 937670
859134 860065
711298 712229
451248 452179
391427 392358
986693 987624
905325 906256
492364 493295
142293 143224
22840 23771
566863 567794
217722 218653
310774 311705
486287 487218
488285 489216
910005 910936
246160 247091
712792 713723
147149 148080
928984 929915
606042 606973
585332 586263
790407 791338
101080 102011
691308 692239
175431 176362
611715 612646
635489 636420
34292 35223
637956 638887
545635 546566
232959 233890
290106 291037
313059 313990
240383 241314
502779 503710
509301 510232
761914 762845
303295 304226
23381 24312
740531 741462
79217 80148
746428 747359
358580 359511
542040 542971
736442 737373
843361 844292
995707 996638
88384 89315
424410 425341
407082 408013
29212 30143
331876 332807
291472 292403
853073 854004
457495 458426
672922 673853
903904 904835
58254 59185
816307 817238
800635 801566
24269 25200
362289 363220
344942 345873
949223 950154
324579 325510
699785 700716
787209 788140
543230 544161
757955 758886
15557 16488
274983 275914
639332 640263
142545 143476
558032 558963
819085 820016
842312 843243
734664 735595
843985 844916
258273 259204
303574 304505
228945 229876
305913 306844
188928 189859
321005 321936
758380 759311
470557 471488
555508 556439
831099 832030
242872 243803
719134 720065
687961 688892
272081 273012
816327 817258
723228 724159
528245 529176
346886 347817
472055 472986
30812 31743
588357 589288
207043 207974
823922 824853
715652 716583
519283 520214
925714 926645
91856 92787
159419 160350
140324 141255
427832 428763
222832 223763
682514 683445
571194 572125
78318 79249
129740 130671
830539 831470
12590 13521
203317 204248
667101 668032
303430 304361
497261 498192
404560 405491
607087 608018
21132 22063
659005 659936
919288 920219
16716 17647
365347 366278
285884 286815
601182 602113
57408 58339
541445 542376
842034 842965
575806 576737
271783 272714
771904 772835
650593 651524
498779 499710
640705 641636
822161 823092
590845 591776
233443 234374
916586 917517
856421 857352
758158 759089
306516 307447
79543 80474
283572 284503
887090 888021
303633 304564
918520 919451
165163 166094
919430 920361
634085 635016
432919 433850
803704 804635
702139 703070
368506 369437
348524 349455
591369 592300
534250 535181
353940 354871
715720 716651
795480 796411
930103 931034
855690 856621
888663 889594
700885 701816
86136 87067
921527 922458
154329 155260
567201 568132
12941 13872
416449 417380
860895 861826
462078 463009
451403 452334
21113 22044
161960 162891
587757 588688
155211 156142
248847 249778
614705 615636
22074 23005
80828 81759
464635 465566
36457 37388
567535 568466
579638 580569
753402 754333
169170 170101
623464 624395
726051 726982
509613 510544
550629 551560
89394 90325
683125 684056
66938 67869
457083 458014
833370 834301
743271 744202
56264 57195
550382 551313
647077 648008
336335 337266
723677 724608
946936 947867
807244 808175
831291 832222
801771 802702
981890 982821
878565 879496
940859 941790
909302 910233
22758 23689
829499 830430
356639 357570
978301 979232
628816 629747
36402 37333
586595 587526
645302 646233
112231 113162
330427 331358
229735 230666
789414 790345
198095 199026
451209 452140
655483 656414
803554 804485
323283 324214
970551 971482
514751 515682
931713 932644
624507 625438
2643 3574
445332 446263
6253 7184
492566 493497
828173 829104
755991 756922
403635 404566
827105 828036
420971 421902
479291 480222
791508 792439
935291 936222
591245 592176
219064 219995
442055 442986
595140 596071
837029 837960
9531 10462
403402 404333
384486 385417
77179 78110
626659 627590
138512 139443
261444 262375
471307 472238
869864 870795
55529 56460
787015 787946
701410 702341
879750 880681
399106 400037
168998 169929
807161 808092
304704 305635
100646 101577
17197 18128
978162 979093
258433 259364
811737 812668
120258 121189
130659 131590
543931 544862
660314 661245
773026 773957
960924 961855
4848 5779
38711 39642
980838 981769
905187 906118
80232 81163
384950 385881
405032 405963
330714 331645
352695 353626
413741 414672
318784 319715
148119 149050
407241 408172
741340 742271
143207 144138
932594 933525
483777 484708
61362 62293
846825 847756
257347 258278
81250 82181
979114 980045
609785 610716
653013 653944
690366 691297
911280 912211
128441 129372
953285 954216
709838 710769
456201 457132
67619 68550
719464 720395
720133 721064
525593 526524
110276 111207
628680 629611
538649 539580
665451 666382
136110 137041
903 1834
842815 843746
331714 332645
115919 116850
815551 816482
819927 820858
291942 292873
91645 92576
735748 736679
552043 552974
402391 403322
927272 928203
614345 615276
906777 907708
531788 532719
629301 630232
882361 883292
81551 82482
118690 119621
418813 419744
433694 434625
406652 407583
981080 982011
791895 792826
152169 153100
909387 910318
725853 726784
314788 315719
595331 596262
848534 849465
958692 959623
466821 467752
807082 808013
607895 608826
894112 895043
715423 716354
791689 792620
335930 336861
371658 372589
939522 940453
740655 741586
833977 834908
871504 872435
137964 138895
153173 154104
957486 958417
930700 931631
37989 38920
126352 127283
829116 830047
783671 784602
175885 176816
380400 381331
143622 144553
745307 746238
744519 745450
420033 420964
257474 258405
599646 600577
97279 98210
878419 879350
16957 17888
354955 355886
731946 732877
583401 584332
419493 420424
291220 292151
174771 175702
202206 203137
491610 492541
636971 637902
98836 99767
315899 316830
47232 48163
121008 121939
633159 634090
704696 705627
74979 75910
916929 917860
59085 60016
357755 358686
501165 502096
197854 198785
983578 984509
911092 912023
800673 801604
904144 905075
293362 294293
768287 769218
663041 663972
403251 404182
632381 633312
487323 488254
912952 913883
388156 389087
581502 582433
511837 512768
102303 103234
546877 547808
334022 334953
467406 468337
934621 935552
948813 949744
215432 216363
379540 380471
480254 481185
613918 614849
362223 363154
687854 688785
457380 458311
255805 256736
826491 827422
509986 510917
886072 887003
254239 255170
396394 397325
744385 745316
850465 851396
771585 772516
795913 796844
63287 64218
467675 468606
202227 203158
372833 373764
234998 235929
813787 814718
93271 94202
539553 540484
680967 681898
128321 129252
57127 58058
642657 643588
670792 671723
279323 280254
216442 217373
992981 993912
156860 157791
4869 5800
891805 892736
758367 759298
382994 383925
466300 467231
546939 547870
299194 300125
656448 657379
955875 956806
988427 989358
889433 890364
977978 978909
452939 453870
431231 432162
295720 296651
197000 197931
109154 110085
623450 624381
271368 272299
564007 564938
752848 753779
81003 81934
726299 727230
53568 54499
222957 223888
787758 788689
715104 716035
609743 610674
216217 217148
93050 93981
864312 865243
787597 788528
377908 378839
355581 356512
417247 418178
883696 884627
795050 795981
255941 256872
65009 65940
924830 925761
372873 373804
707449 708380
116646 117577
712148 713079
602798 603729
647810 648741
369401 370332
15240 16171
612783 613714
358256 359187
936934 937865
238958 239889
609208 610139
846057 846988
697306 698237
582592 583523
908621 909552
387524 388455
529786 530717
763744 764675
355734 356665
178803 179734
94440 95371
517937 518868
462740 463671
384511 385442
869628 870559
976805 977736
762455 763386
811399 812330
319535 320466
17290 18221
165292 166223
431950 432881
985972 986903
483497 484428
757018 757949
745500 746431
780770 781701
633877 634808
286898 287829
575919 576850
552003 552934
443757 444688
585247 586178
362021 362952
510712 511643
832044 832975
868403 869334
732778 733709
733355 734286
404769 405700
22540 23471
741744 742675
780879 781810
626322 627253
460864 461795
93359 94290
563474 564405
740094 741025
715614 716545
575294 576225
879298 880229
820508 821439
971715 972646
709156 710087
537234 538165
978137 979068
292295 293226
710516 711447
544440 545371
145919 146850
218863 219794
984358 985289
949310 950241
350693 351624
290312 291243
306468 307399
776838 777769
321549 322480
405194 406125
747826 748757
193956 194887
193886 194817
103068 103999
721039 721970
327744 328675
533365 534296
940516 941447
604372 605303
446400 447331
189908 190839
637787 638718
680943 681874
646974 647905
620725 621656
351036 351967
943206 944137
250647 251578
742310 743241
388079 389010
979331 980262
1606 2537
614695 615626
279955 280886
691886 692817
399907 400838
302194 303125
542229 543160
445327 446258
491943 492874
172105 173036
231279 232210
515176 516107
753555 754486
895785 896716
502919 503850
177544 178475
931053 931984
428803 429734
517366 518297
395631 396562
44584 45515
513913 514844
881902 882833
412769 413700
960170 961101
331443 332374
962704 963635
172931 173862
141338 142269
553860 554791
401448 402379
775286 776217
66615 67546
139530 140461
423858 424789
799169 800100
792844 793775
396784 397715
139619 140550
213691 214622
363360 364291
98575 99506
171195 172126
810323 811254
313768 314699
666563 667494
175993 176924
666724 667655
396360 397291
928711 929642
808036 808967
737762 738693
49694 50625
229982 230913
131431 132362
370066 370997
803502 804433
895718 896649
624893 625824
366333 367264
804602 805533
606790 607721
913165 914096
52156 53087
676617 677548
190100 191031
513247 514178
941724 942655
62068 62999
656701 657632
776271 777202
279780 280711
694104 695035
673868 674799
988847 989778
799362 800293
927659 928590
442344 443275
348015 348946
374105 375036
714159 715090
88321 89252
10640 11571
524696 525627
274377 275308
149625 150556
24635 25566
239442 240373
515965 516896
125490 126421
141708 142639
34590 35521
787173 788104
617505 618436
3632 4563
430563 431494
221671 222602
315156 316087
119620 120551
982878 983809
107351 108282
585195 586126
53771 54702
634385 635316
352504 353435
994289 995220
803459 804390
874147 875078
81837 82768
573579 574510
824675 825606
478010 478941
413523 414454
172893 173824
509092 510023
466881 467812
360706 361637
91548 92479
78993 79924
864159 865090
890950 891881
441478 442409
446037 446968
888146 889077
613793 614724
512467 513398
23490 24421
899673 900604
800 1731
43682 44613
511089 512020
919339 920270
579570 580501
459117 460048
612250 613181
907582 908513
822640 823571
115292 116223
369308 370239
172247 173178
181727 182658
233220 234151
465558 466489
709962 710893
785280 786211
637017 637948
910869 911800
103381 104312
764900 765831
514618 515549
180223 181154
13216 14147
537712 538643
720755 721686
907204 908135
617343 618274
634532 635463
256557 257488
984948 985879
489874 490805
321863 322794
192273 193204
247249 248180
213132 214063
298702 299633
674215 675146
31252 32183
856107 857038
77523 78454
907451 908382
951287 952218
282611 283542
975929 976860
369131 370062
61332 62263
568570 569501
534915 535846
647595 648526
702016 702947
144762 145693
141003 141934
116144 117075
540590 541521
368697 369628
409765 410696
248305 249236
517026 517957
688589 689520
840216 841147
190646 191577
192007 192938
806926 807857
253509 254440
205809 206740
954768 955699
956039 956970
470739 471670
561818 562749
465699 466630
284668 285599
923528 924459
710625 711556
651690 652621
919769 920700
142846 143777
414975 415906
170692 171623
910911 911842
471234 472165
601054 601985
528071 529002
79594 80525
196092 197023
787776 788707
644458 645389
490080 491011
843308 844239
390829 391760
76798 77729
904984 905915
659706 660637
675105 676036
185108 186039
205841 206772
212045 212976
748881 749812
647511 648442
566458 567389
836678 837609
559142 560073
197153 198084
761264 762195
940177 941108
667624 668555
319067 319998
910021 910952
92895 93826
284602 285533
693311 694242
434674 435605
43389 44320
682772 683703
266058 266989
860224 861155
168246 169177
615872 616803
823773 824704
783708 784639
645695 646626
138937 139868
609370 610301
928400 929331
665189 666120
765891 766822
677412 678343
484984 485915
44389 45320
539311 540242
640184 641115
373690 374621
471456 472387
387093 388024
322823 323754
929596 930527
379237 380168
609943 610874
410805 411736
76503 77434
414306 415237
286176 287107
397374 398305
280107 281038
701029 701960
722219 723150
883241 884172
488064 488995
554339 555270
773013 773944
539425 540356
48765 49696
92720 93651
51808 52739
872333 873264
112307 113238
392244 393175
275561 276492
87767 88698
988275 989206
193629 194560
490018 490949
513665 514596
934950 935881
858840 859771
799525 800456
580294 581225
559400 560331
571997 572928
59344 60275
672881 673812
429925 430856
617835 618766
642918 643849
934210 935141
96707 97638
467803 468734
607179 608110
569363 570294
879763 880694
955347 956278
268445 269376
988900 989831
348123 349054
349570 350501
39377 40308
689792 690723
141763 142694
998592 999523
24338 25269
619854 620785
14954 15885
486391 487322
58103 59034
686328 687259
881736 882667
336733 337664
448027 448958
668520 669451
889546 890477
56647 57578
571663 572594
794882 795813
315808 316739
328713 329644
650890 651821
874134 875065
32365 33296
797588 798519
916750 917681
184296 185227
787236 788167
481923 482854
111370 112301
7773 8704
986691 987622
615241 616172
836635 837566
798629 799560
482262 483193
212746 213677
31800 32731
42062 42993
46474 47405
557757 558688
906493 907424
646148 647079
990060 990991
522452 523383
313490 314421
800727 801658
987160 988091
229063 229994
580642 581573
111083 112014
711019 711950
910367 911298
697401 698332
925217 926148
435282 436213
917966 918897
263154 264085
349960 350891
181733 182664
177007 177938
167107 168038
334057 334988
91162 92093
297623 298554
812535 813466
699367 700298
232173 233104
58979 59910
571857 572788
27874 28805
515147 516078
547572 548503
510361 511292
307723 308654
54591 55522
65258 66189
845799 846730
108495 109426
790421 791352
361952 362883
440292 441223
339075 340006
982029 982960
904773 905704
388785 389716
635889 636820
658112 659043
96033 96964
41573 42504
130431 131362
77457 78388
312632 313563
337559 338490
714466 715397
660003 660934
607218 608149
989682 990613
945797 946728
826501 827432
585193 586124
580319 581250
469212 470143
283711 284642
423771 424702
654802 655733
66216 67147
179119 180050
550305 551236
486042 486973
209496 210427
641237 642168
678221 679152
654192 655123
653389 654320
864130 865061
782833 783764
50226 51157
481651 482582
11474 12405
21788 22719
443492 444423
313422 314353
305712 306643
60892 61823
410575 411506
452029 452960
52206 53137
297549 298480
760532 761463
456815 457746
388111 389042
453325 454256
709392 710323
117879 118810
83770 84701
912454 913385
397033 397964
494567 495498
382424 383355
290108 291039
958823 959754
143586 144517
626806 627737
74424 75355
920927 921858
299165 300096
212297 213228
617480 618411
598578 599509
767237 768168
780801 781732
345005 345936
453603 454534
521771 522702
60996 61927
430469 431400
107381 108312
735024 735955
913621 914552
600085 601016
472503 473434
227758 228689
64965 65896
283122 284053
197420 198351
946692 947623
672736 673667
453459 454390
153272 154203
109349 110280
407141 408072
355191 356122
380300 381231
603854 604785
234004 234935
850150 851081
224519 225450
855995 856926
202643 203574
485304 486235
560347 561278
524698 525629
522929 523860
106433 107364
28584 29515
214696 215627
405907 406838
293606 294537
611525 612456
825312 826243
348873 349804
537792 538723
542870 543801
555421 556352
979605 980536
477517 478448
185210 186141
939574 940505
962739 963670
113887 114818
1292 2223
387907 388838
796055 796986
318411 319342
303250 304181
42641 43572
800032 800963
444471 445402
754622 755553
235650 236581
111829 112760
531613 532544
754995 755926
362610 363541
798462 799393
616215 617146
250453 251384
141753 142684
698175 699106
709134 710065
841230 842161
837533 838464
176409 177340
313249 314180
257155 258086
59166 60097
848676 849607
155448 156379
618525 619456
915673 916604
420 1351
543718 544649
596831 597762
554011 554942
308962 309893
729800 730731
269935 270866
315168 316099
772163 773094
886627 887558
859755 860686
356156 357087
993171 994102
492882 493813
925244 926175
692084 693015
856563 857494
892226 893157
543846 544777
296032 296963
902196 903127
62999 63930
784670 785601
941246 942177
543764 544695
874005 874936
612708 613639
476621 477552
963744 964675
793336 794267
667851 668782
963548 964479
276731 277662
551393 552324
767542 768473
262981 263912
562983 563914
646177 647108
675227 676158
796735 797666
74562 75493
678667 679598
467247 468178
669444 670375
664674 665605
325926 326857
169512 170443
612562 613493
82479 83410
545357 546288
345219 346150
831340 832271
385107 386038
899692 900623
703654 704585
736318 737249
799222 800153
203732 204663
171422 172353
943587 944518
371898 372829
471592 472523
697055 697986
386158 387089
4117 5048
360470 361401
987146 988077
169095 170026
47760 48691
626087 627018
672068 672999
147077 148008
870059 870990
495203 496134
959503 960434
470950 471881
426845 427776
340254 341185
660307 661238
139198 140129
80180 81111
600993 601924
398602 399533
687331 688262
241051 241982
894980 895911
717383 718314
975966 976897
31681 32612
623894 624825
749685 750616
736105 737036
776866 777797
204541 205472
326392 327323
846078 847009
383872 384803
822215 823146
499299 500230
257708 258639
221975 222906
177463 178394
821109 822040
53100 54031
848792 849723
621652 622583
90296 91227
117544 118475
591087 592018
816791 817722
50790 51721
401098 402029
950814 951745
507398 508329
808219 809150
44551 45482
129902 130833
525306 526237
776541 777472
35402 36333
592166 593097
497654 498585
467084 468015
861139 862070
435776 436707
377166 378097
540970 541901
211446 212377
549643 550574
616178 617109
453728 454659
258256 259187
136793 137724
43170 44101
824492 825423
535326 536257
915652 916583
754747 755678
609665 610596
447523 448454
517166 518097
184401 185332
945593 946524
457172 458103
603802 604733
910530 911461
742232 743163
302794 303725
747621 748552
107060 107991
252508 253439
955721 956652
336100 337031
205201 206132
601102 602033
826385 827316
386727 387658
241719 242650
401801 402732
526673 527604
242258 243189
993131 994062
164636 165567
82536 83467
328545 329476
851390 852321
680417 681348
78702 79633
201051 201982
322003 322934
681016 681947
796960 797891
270692 271623
595401 596332
679048 679979
767656 768587
879417 880348
802459 803390
63922 64853
45679 46610
473758 474689
895389 896320
150093 151024
385157 386088
901420 902351
61179 62110
571934 572865
466291 467222
613340 614271
752298 753229
866751 867682
106788 107719
369337 370268
439891 440822
877475 878406
296553 297484
966984 967915
750416 751347
738607 739538
456248 457179
156136 157067
430103 431034
401439 402370
229090 230021
879400 880331
27667 28598
42144 43075
879542 880473
214982 215913
12278 13209
740411 741342
292472 293403
45794 46725
758253 759184
117908 118839
450 1381
727620 728551
78097 79028
212026 212957
819168 820099
296607 297538
807556 808487
587285 588216
886101 887032
342940 343871
839794 840725
452533 453464
485434 486365
702755 703686
257624 258555
475807 476738
698547 699478
942216 943147
585127 586058
164231 165162
691373 692304
44410 45341
616473 617404
889156 890087
626657 627588
357951 358882
61086 62017
472579 473510
452891 453822
987129 988060
179865 180796
398970 399901
806427 807358
441647 442578
388513 389444
19736 20667
287968 288899
87015 87946
133669 134600
564586 565517
97759 98690
171550 172481
507722 508653
838079 839010
687629 688560
695654 696585
779023 779954
910433 911364
90611 91542
413685 414616
661779 662710
193675 194606
513160 514091
825488 826419
576709 577640
351265 352196
29144 30075
371087 372018
121805 122736
662428 663359
83772 84703
582191 583122
400557 401488
367150 368081
745050 745981
895861 896792
642670 643601
708638 709569
499340 500271
928321 929252
508494 509425
717913 718844
28111 29042
861744 862675
813570 814501
993017 993948
1609 2540
348089 349020
120380 121311
803845 804776
713727 714658
50889 51820
1014 1945
628633 629564
63502 64433
133197 134128
634522 635453
464678 465609
429477 430408
932422 933353
460382 461313
872949 873880
849678 850609
49834 50765
673616 674547
151115 152046
904684 905615
281810 282741
731458 732389
566551 567482
257684 258615
94534 95465
794191 795122
154240 155171
915996 916927
677325 678256
602034 602965
140626 141557
418673 419604
935442 936373
35743 36674
267538 268469
401198 402129
847601 848532
287855 288786
258120 259051
179967 180898
319359 320290
506401 507332
262775 263706
234182 235113
517762 518693
210443 211374
784066 784997
471696 472627
31606 32537
776034 776965
913665 914596
22986 23917
108267 109198
969833 970764
447352 448283
281142 282073
816175 817106
489047 489978
516943 517874
795551 796482
969419 970350
916000 916931
805279 806210
785792 786723
529948 530879
168156 169087
601812 602743
189096 190027
641898 642829
527829 528760
783308 784239
915819 916750
813285 814216
206296 207227
258920 259851
223066 223997
988302 989233
60652 61583
628674 629605
692588 693519
463840 464771
49165 50096
228903 229834
802406 803337
287829 288760
723563 724494
881808 882739
478924 479855
497938 498869
337344 338275
225597 226528
852882 853813
358437 359368
567356 568287
502112 503043
389497 390428
843679 844610
286698 287629
199703 200634
799339 800270
567227 568158
799755 800686
77370 78301
621967 622898
450166 451097
182155 183086
922004 922935
438286 439217
471467 472398
509884 510815
873028 873959
350197 351128
542519 543450
759599 760530
132562 133493
382965 383896
166003 166934
604394 605325
436795 437726
268297 269228
421925 422856
624577 625508
434781 435712
950601 951532
414763 415694
433329 434260
577788 578719
184476 185407
695274 696205
208952 209883
799044 799975
388168 389099
921017 921948
593458 594389
837566 838497
786705 787636
447599 448530
399265 400196
298795 299726
689370 690301
974867 975798
312203 313134
210228 211159
602960 603891
792091 793022
331805 332736
724251 725182
79359 80290
14079 15010
368732 369663
15299 16230
951056 951987
367622 368553
909812 910743
394887 395818
765794 766725
821611 822542
137881 138812
376872 377803
551043 551974
226921 227852
992974 993905
88235 89166
436703 437634
17141 18072
290122 291053
441018 441949
885144 886075
837775 838706
740600 741531
148048 148979
195655 196586
481616 482547
353014 353945
799873 800804
323340 324271
491132 492063
451980 452911
325303 326234
768655 769586
500028 500959
865347 866278
330615 331546
906410 907341
336468 337399
318041 318972
159230 160161
334441 335372
855696 856627
984971 985902
48042 48973
857103 858034
545698 546629
19721 20652
428676 429607
966045 966976
295707 296638
411214 412145
26507 27438
801276 802207
792033 792964
27823 28754
941812 942743
666985 667916
614759 615690
837708 838639
837361 838292
483358 484289
304161 305092
744611 745542
268482 269413
55463 56394
520230 521161
920537 921468
894589 895520
166911 167842
40018 40949
568467 569398
202378 203309
889722 890653
883446 884377
597347 598278
842903 843834
446106 447037
223793 224724
40554 41485
979536 980467
848582 849513
116922 117853
134696 135627
821502 822433
728339 729270
373322 374253
310437 311368
315692 316623
28040 28971
475954 476885
939129 940060
594116 595047
217537 218468
568263 569194
861474 862405
620486 621417
932525 933456
838227 839158
706789 707720
294975 295906
343004 343935
950928 951859
493149 494080
448424 449355
511027 511958
49000 49931
589966 590897
661389 662320
823885 824816
995291 996222
561115 562046
168197 169128
339033 339964
317844 318775
729024 729955
579343 580274
577911 578842
915030 915961
281121 282052
937251 938182
497273 498204
179356 180287
710981 711912
666683 667614
138622 139553
259817 260748
18742 19673
73310 74241
931923 932854
970242 971173
129588 130519
886591 887522
545317 546248
372136 373067
948816 949747
226537 227468
8811 9742
573326 574257
603685 604616
832166 833097
199056 199987
310038 310969
846216 847147
259372 260303
439871 440802
258480 259411
734508 735439
232715 233646
853795 854726
797247 798178
300622 301553
549516 550447
649498 650429
945874 946805
274868 275799
799573 800504
742300 743231
653904 654835
713402 714333
335731 336662
486409 487340
583681 584612
756070 757001
779762 780693
274649 275580
803499 804430
680727 681658
613352 614283
657238 658169
102045 102976
169674 170605
621408 622339
792472 793403
19302 20233
555339 556270
769209 770140
981278 982209
242445 243376
658574 659505
963024 963955
573535 574466
520748 521679
512544 513475
52571 53502
507581 508512
700695 701626
329663 330594
812066 812997
286534 287465
148035 148966
870839 871770
285942 286873
370122 371053
396465 397396
190615 191546
177044 177975
106035 106966
778955 779886
116565 117496
111269 112200
600779 601710
645579 646510
215916 216847
298202 299133
940795 941726
310612 311543
100960 101891
293694 294625
470963 471894
810855 811786
223595 224526
694615 695546
170481 171412
290831 291762
539078 540009
727418 728349
205625 206556
66492 67423
580623 581554
950760 951691
809291 810222
209798 210729
301658 302589
169049 169980
372489 373420
473792 474723
730815 731746
210751 211682
290794 291725
977474 978405
979983 980914
527868 528799
57656 58587
756665 757596
665046 665977
85108 86039
385700 386631
39076 40007
552118 553049
662525 663456
945550 946481
803893 804824
368157 369088
173516 174447
159182 160113
743177 744108
823461 824392
774755 775686
722774 723705
118197 119128
678052 678983
357486 358417
171733 172664
61329 62260
541972 542903
515991 516922
692521 693452
358833 359764
171757 172688
333857 334788
579849 580780
627978 628909
546819 547750
7340 8271
799448 800379
550618 551549
543410 544341
60534 61465
89445 90376
493105 494036
825487 826418
882863 883794
581130 582061
783236 784167
901866 902797
241922 242853
68385 69316
539190 540121
17094 18025
189882 190813
778991 779922
187994 188925
109738 110669
442120 443051
119 1050
331760 332691
954350 955281
726574 727505
785308 786239
758559 759490
761538 762469
387246 388177
750434 751365
257056 257987
151538 152469
673520 674451
979573 980504
737956 738887
534110 535041
373043 373974
195385 196316
94909 95840
514800 515731
445159 446090
86298 87229
308036 308967
167285 168216
720307 721238
409964 410895
296261 297192
287903 288834
529950 530881
601547 602478
892652 893583
254487 255418
86047 86978
60475 61406
201610 202541
153570 154501
791353 792284
616477 617408
429090 430021
393364 394295
59125 60056
674438 675369
247144 248075
521732 522663
759323 760254
822173 823104
771819 772750
910451 911382
966429 967360
232169 233100
718905 719836
434900 435831
437128 438059
491013 491944
82224 83155
777911 778842
80332 81263
572949 573880
300457 301388
907332 908263
760349 761280
318320 319251
189820 190751
267534 268465
455070 456001
601731 602662
362681 363612
783842 784773
465422 466353
838417 839348
492102 493033
469113 470044
439115 440046
923479 924410
2517 3448
228862 229793
81713 82644
655783 656714
577602 578533
547324 548255
927672 928603
593000 593931
352780 353711
474374 475305
406887 407818
667368 668299
892743 893674
85386 86317
719397 720328
914524 915455
513214 514145
378701 379632
483892 484823
282124 283055
184258 185189
33565 34496
651310 652241
348477 349408
881280 882211
575408 576339
493683 494614
185210 186141
228700 229631
941068 941999
216970 217901
830936 831867
750644 751575
704354 705285
671838 672769
669036 669967
125672 126603
87730 88661
396797 397728
821090 822021
234726 235657
215335 216266
790165 791096
961601 962532
473592 474523
302658 303589
997400 998331
572148 573079
307833 308764
579893 580824
454423 455354
873037 873968
523024 523955
199226 200157
258005 258936
851905 852836
309657 310588
947956 948887
135492 136423
882419 883350
133441 134372
32019 32950
997456 998387
822517 823448
296394 297325
148225 149156
387763 388694
926491 927422
576810 577741
379128 380059
73830 74761
521257 522188
508788 509719
827124 828055
237156 238087
475088 476019
111818 112749
149174 150105
974903 975834
381034 381965
585057 585988
296340 297271
359821 360752
737180 738111
239313 240244
646748 647679
989211 990142
603325 604256
403080 404011
477425 478356
975014 975945
622545 623476
314618 315549
984857 985788
820745 821676
811465 812396
95852 96783
870397 871328
711209 712140
525799 526730
711614 712545
423218 424149
847038 847969
578553 579484
928349 929280
28103 29034
761358 762289
580553 581484
360899 361830
637510 638441
879075 880006
619174 620105
279053 279984
280153 281084
399968 400899
335663 336594
796587 797518
393378 394309
241966 242897
56755 57686
669516 670447
10199 11130
718167 719098
54812 55743
760191 761122
711781 712712
724550 725481
914005 914936
568007 568938
449966 450897
591163 592094
779797 780728
692956 693887
678799 679730
979158 980089
145706 146637
277607 278538
71606 72537
943573 944504
473567 474498
612277 613208
352912 353843
29303 30234
860805 861736
227014 227945
552807 553738
756442 757373
505304 506235
668314 669245
456164 457095
621590 622521
694288 695219
919116 920047
123004 123935
913119 914050
493375 494306
412808 413739
795187 796118
616650 617581
985934 986865
94251 95182
566675 567606
47222 48153
824882 825813
566460 567391
730491 731422
243801 244732
433223 434154
757552 758483
366328 367259
350148 351079
508544 509475
224675 225606
800468 801399
709739 710670
342367 343298
256593 257524
349205 350136
802072 803003
156063 156994
236800 237731
829399 830330
643844 644775
554295 555226
197652 198583
569406 570337
104859 105790
439138 440069
815294 816225
863671 864602
94077 95008
148322 149253
819184 820115
284923 285854
562777 563708
2624 3555
746737 747668
164127 165058
408155 409086
330866 331797
308752 309683
475308 476239
554858 555789
848620 849551
166935 167866
994456 995387
461460 462391
68339 69270
725023 725954
780391 781322
443085 444016
385258 386189
90613 91544
811904 812835
543566 544497
925050 925981
972359 973290
461933 462864
134204 135135
837679 838610
5254 6185
870024 870955
207461 208392
110082 111013
838696 839627
216971 217902
332112 333043
700991 701922
357093 358024
285124 286055
190486 191417
506952 507883
928142 929073
842450 843381
657486 658417
305546 306477
650551 651482
723376 724307
562591 563522
72672 73603
629606 630537
13049 13980
522284 523215
114346 115277
714773 715704
647216 648147
624620 625551
324263 325194
586833 587764
340831 341762
561180 562111
159777 160708
763802 764733
864625 865556
177253 178184
403487 404418
768069 769000
121654 122585
794573 795504
480411 481342
492875 493806
403778 404709
515491 516422
562775 563706
257827 258758
376607 377538
240762 241693
295932 296863
429271 430202
4126 5057
682894 683825
338574 339505
996434 997365
583311 584242
610846 611777
504371 505302
410736 411667
19156 20087
204251 205182
554094 555025
249901 250832
437266 438197
528891 529822
701365 702296
989144 990075
295973 296904
707083 708014
941832 942763
695079 696010
954295 955226
723201 724132
170975 171906
89912 90843
228981 229912
991995 992926
591297 592228
658180 659111
270815 271746
296958 297889
799449 800380
337915 338846
689937 690868
757444 758375
681248 682179
389896 390827
386933 387864
320413 321344
709137 710068
377243 378174
913231 914162
888808 889739
194509 195440
566384 567315
125506 126437
339648 340579
632645 633576
973013 973944
411183 412114
415076 416007
448615 449546
938884 939815
255774 256705
199252 200183
677482 678413
43282 44213
976133 977064
359350 360281
257885 258816
177219 178150
44654 45585
308899 309830
579704 580635
122504 123435
643830 644761
32721 33652
26874 27805
723410 724341
329348 330279
613619 614550
334013 334944
963091 964022
871387 872318
705184 706115
64692 65623
795329 796260
326102 327033
689564 690495
339215 340146
114793 115724
594473 595404
201943 202874
67139 68070
128110 129041
955517 956448
308443 309374
788791 789722
766366 767297
879259 880190
62450 63381
80418 81349
692066 692997
313943 314874
250852 251783
885299 886230
730977 731908
743601 744532
671623 672554
780789 781720
836612 837543
321719 322650
187940 188871
390990 391921
245784 246715
528826 529757
142589 143520
742863 743794
212539 213470
116057 116988
972080 973011
281699 282630
589256 590187
902166 903097
780199 781130
678194 679125
799957 800888
335000 335931
882560 883491
50956 51887
369926 370857
675287 676218
853338 854269
574790 575721
602465 603396
127390 128321
288192 289123
357673 358604
168618 169549
10909 11840
372296 373227
882011 882942
17012 17943
662544 663475
549446 550377
721815 722746
608475 609406
941045 941976
124510 125441
677263 678194
702977 703908
763249 764180
398334 399265
396560 397491
880268 881199
440953 441884
497641 498572
479786 480717
689500 690431
389562 390493
238500 239431
81216 82147
385966 386897
858384 859315
709484 710415
584893 585824
646219 647150
175604 176535
964749 965680
262374 263305
192020 192951
878577 879508
605691 606622
899671 900602
901674 902605
916016 916947
714427 715358
771678 772609
936730 937661
25179 26110
409288 410219
297536 298467
121635 122566
731162 732093
106275 107206
515754 516685
16468 17399
49375 50306
671633 672564
633706 634637
596646 597577
812690 813621
943999 944930
424825 425756
678867 679798
398831 399762
807865 808796
284562 285493
867962 868893
498299 499230
878881 879812
660957 661888
22553 23484
409728 410659
541802 542733
146521 147452
634857 635788
370880 371811
349363 350294
521563 522494
527835 528766
608482 609413
874394 875325
664817 665748
120089 121020
534751 535682
500999 501930
124759 125690
98142 99073
250956 251887
947137 948068
468596 469527
110211 111142
940579 941510
205437 206368
828434 829365
205664 206595
945159 946090
21071 22002
180832 181763
726864 727795
300245 301176
947390 948321
954337 955268
490400 491331
214932 215863
929840 930771
161472 162403
600847 601778
21629 22560
222923 223854
592098 593029
816835 817766
438697 439628
882651 883582
334663 335594
220458 221389
428714 429645
353326 354257
620605 621536
235621 236552
195570 196501
564232 565163
949088 950019
617998 618929
342226 343157
103503 104434
195919 196850
113376 114307
775218 776149
304482 305413
642975 643906
60864 61795
856808 857739
593919 594850
83254 84185
270690 271621
221838 222769
365008 365939
190298 191229
629003 629934
35477 36408
417247 418178
53613 54544
531530 532461
385745 386676
960392 961323
237498 238429
119147 120078
268696 269627
944444 945375
496133 497064
873249 874180
977538 978469
959974 960905
288682 289613
710364 711295
880167 881098
270682 271613
613360 614291
256684 257615
294963 295894
916135 917066
782206 783137
922221 923152
640297 641228
594378 595309
288661 289592
668391 669322
313971 314902
912869 913800
507144 508075
208810 209741
413895 414826
378203 379134
899888 900819
304311 305242
16188 17119
171568 172499
644580 645511
737330 738261
217787 218718
129810 130741
652091 653022
416539 417470
438803 439734
708536 709467
375235 376166
9539 10470
331405 332336
691282 692213
402096 403027
557956 558887
771917 772848
421612 422543
287728 288659
501408 502339
393519 394450
777871 778802
297633 298564
388634 389565
616563 617494
751893 752824
825568 826499
543129 544060
553234 554165
319323 320254
859388 860319
553322 554253
365775 366706
277327 278258
635578 636509
123659 124590
717300 718231
551159 552090
258851 259782
993841 994772
685864 686795
341219 342150
453839 454770
357310 358241
263682 264613
136800 137731
880252 881183
953394 954325
624080 625011
181537 182468
180228 181159
83236 84167
812059 812990
736712 737643
752566 753497
292444 293375
520818 521749
858176 859107
60774 61705
217535 218466
114068 114999
155046 155977
291692 292623
660556 661487
617175 618106
269780 270711
277550 278481
411974 412905
761137 762068
197195 198126
473985 474916
18324 19255
10944 11875
100349 101280
812860 813791
220281 221212
106225 107156
839221 840152
162360 163291
458397 459328
318110 319041
905331 906262
645714 646645
920898 921829
652664 653595
777062 777993
647915 648846
818917 819848
586841 587772
71031 71962
104540 105471
462237 463168
862714 863645
393722 394653
833766 834697
360411 361342
41772 42703
54723 55654
716931 717862
671195 672126
908551 909482
486825 487756
547200 548131
332793 333724
615786 616717
106055 106986
235261 236192
296017 296948
945746 946677
873824 874755
97296 98227
768103 769034
607871 608802
544653 545584
558314 559245
635379 636310
769011 769942
173572 174503
663617 664548
432837 433768
655861 656792
679305 680236
887289 888220
513623 514554
995541 996472
580803 581734
665671 666602
76575 77506
16123 17054
951944 952875
785335 786266
443060 443991
810373 811304
500443 501374
640614 641545
727682 728613
625249 626180
987439 988370
926791 927722
368505 369436
220867 221798
784889 785820
594259 595190
766201 767132
340404 341335
977776 978707
353724 354655
471434 472365
353476 354407
730141 731072
213767 214698
588917 589848
547386 548317
875591 876522
957225 958156
922452 923383
513340 514271
216227 217158
746850 747781
482966 483897
376144 377075
203945 204876
960106 961037
696000 696931
396204 397135
784540 785471
261293 262224
341094 342025
541514 542445
860246 861177
408726 409657
848960 849891
542590 543521
877724 878655
603257 604188
354857 355788
103990 104921
431297 432228
314706 315637
602511 603442
389975 390906
657886 658817
333463 334394
316178 317109
491686 492617
106169 107100
35850 36781
213456 214387
645822 646753
813311 814242
800100 801031
101058 101989
89531 90462
650440 651371
414272 415203
376262 377193
131893 132824
221391 222322
510904 511835
972878 973809
75612 76543
721337 722268
717744 718675
31876 32807
695810 696741
725533 726464
836306 837237
505674 506605
294418 295349
110541 111472
584086 585017
493128 494059
8118 9049
154241 155172
340588 341519
974557 975488
9284 10215
3318 4249
728114 729045
783460 784391
138362 139293
951252 952183
142940 143871
13600 14531
558307 559238
348300 349231
663701 664632
836988 837919
542183 543114
914512 915443
177378 178309
629347 630278
636445 637376
33748 34679
29178 30109
739243 740174
436892 437823
955665 956596
555652 556583
257405 258336
109441 110372
511071 512002
734608 735539
825394 826325
720191 721122
818772 819703
649352 650283
595629 596560
751325 752256
342832 343763
445545 446476
581061 581992
306148 307079
961509 962440
513665 514596
13931 14862
882355 883286
984804 985735
534973 535904
711105 712036
128307 129238
191451 192382
212554 213485
798713 799644
950286 951217
998388 999319
649423 650354
56324 57255
610974 611905
761303 762234
19669 20600
351206 352137
86518 87449
378566 379497
973868 974799
968838 969769
154978 155909
801041 801972
218516 219447
394493 395424
266384 267315
626208 627139
649551 650482
622007 622938
804784 805715
104425 105356
387502 388433
887721 888652
516847 517778
387190 388121
15917 16848
798879 799810
430390 431321
326423 327354
239317 240248
208314 209245
715626 716557
334546 335477
717625 718556
49150 50081
302279 303210
557242 558173
637740 638671
215617 216548
64195 65126
86753 87684
446544 447475
466006 466937
572550 573481
569071 570002
914468 915399
81034 81965
338489 339420
264025 264956
124502 125433
308362 309293
309668 310599
291072 292003
483294 484225
356136 357067
587380 588311
329348 330279
413662 414593
563683 564614
396913 397844
160967 161898
228887 229818
586334 587265
137410 138341
212664 213595
897901 898832
351336 352267
873020 873951
943927 944858
346620 347551
538746 539677
323939 324870
83031 83962
461144 462075
101824 102755
900904 901835
3907 4838
774559 775490
941118 942049
194722 195653
832498 833429
300856 301787
647385 648316
39545 40476
145742 146673
236087 237018
116856 117787
720395 721326
74993 75924
138600 139531
800543 801474
489049 489980
87928 88859
447714 448645
238023 238954
682526 683457
709141 710072
741099 742030
654600 655531
265494 266425
289901 290832
55207 56138
385321 386252
716790 717721
76339 77270
722317 723248
560030 560961
811377 812308
447141 448072
17925 18856
340603 341534
392741 393672
521871 522802
214144 215075
972284 973215
28620 29551
519791 520722
195993 196924
709689 710620
293458 294389
48143 49074
772592 773523
662382 663313
524754 525685
497833 498764
508274 509205
379467 380398
46536 47467
437094 438025
317236 318167
220272 221203
794080 795011
983502 984433
950053 950984
762315 763246
859813 860744
905610 906541
867505 868436
688544 689475
500505 501436
724599 725530
941410 942341
810284 811215
292892 293823
695823 696754
824354 825285
483581 484512
320456 321387
758637 759568
554837 555768
248531 249462
283139 284070
592843 593774
817614 818545
920636 921567
460818 461749
563583 564514
388485 389416
950068 950999
138782 139713
855946 856877
141573 142504
348977 349908
527331 528262
384353 385284
253872 254803
715386 716317
48657 49588
130536 131467
724287 725218
18122 19053
394566 395497
649453 650384
869367 870298
200991 201922
560710 561641
181861 182792
716103 717034
737397 738328
789850 790781
78138 79069
692344 693275
873183 874114
828940 829871
227194 228125
95162 96093
524071 525002
462629 463560
944901 945832
829559 830490
719698 720629
594148 595079
290873 291804
996160 997091
664515 665446
825187 826118
187135 188066
507233 508164
526466 527397
946293 947224
971292 972223
201491 202422
873047 873978
973428 974359
832890 833821
710673 711604
603729 604660
206383 207314
945695 946626
717890 718821
864611 865542
980485 981416
163737 164668
766508 767439
375671 376602
892650 893581
429169 430100
379760 380691
292378 293309
740571 741502
906611 907542
681253 682184
593941 594872
779328 780259
570067 570998
210614 211545
771471 772402
569304 570235
886864 887795
189563 190494
511425 512356
432482 433413
861049 861980
566320 567251
762678 763609
654066 654997
502782 503713
720876 721807
884947 885878
872826 873757
559269 560200
652564 653495
137440 138371
336991 337922
687041 687972
466803 467734
355226 356157
45749 46680
145543 146474
135730 136661
357197 358128
172968 173899
629399 630330
464119 465050
812144 813075
591089 592020
740437 741368
914018 914949
394886 395817
388892 389823
788646 789577
782140 783071
86510 87441
891720 892651
251897 252828
509033 509964
191954 192885
279909 280840
588623 589554
448638 449569
755158 756089
993146 994077
47806 48737
506814 507745
482375 483306
782194 783125
425051 425982
197054 197985
870067 870998
13430 14361
539840 540771
190674 191605
477170 478101
116045 116976
534320 535251
422582 423513
763957 764888
39745 40676
649564 650495
20650 21581
987648 988579
439549 440480
952901 953832
493632 494563
743199 744130
434930 435861
291165 292096
350428 351359
197812 198743
386893 387824
130706 131637
280402 281333
836685 837616
418546 419477
489811 490742
97391 98322
493654 494585
126083 127014
976631 977562
811748 812679
230666 231597
73392 74323
914388 915319
108081 109012
169784 170715
224038 224969
441927 442858
568705 569636
123720 124651
271278 272209
849446 850377
440375 441306
492441 493372
723340 724271
326864 327795
665628 666559
589655 590586
332366 333297
63620 64551
733062 733993
147138 148069
488458 489389
650121 651052
213900 214831
544315 545246
727540 728471
163044 163975
506864 507795
980668 981599
47125 48056
869827 870758
136940 137871
630823 631754
78628 79559
881564 882495
951693 952624
160591 161522
174939 175870
77068 77999
999069 1000000
979260 980191
896736 897667
332099 333030
586363 587294
560276 561207
212717 213648
281128 282059
455609 456540
837905 838836
608986 609917
776562 777493
116742 117673
155112 156043
494465 495396
778045 778976
616874 617805
765916 766847
922637 923568
830153 831084
581588 582519
950902 951833
791898 792829
419068 419999
55956 56887
317745 318676
253163 254094
492136 493067
892404 893335
339760 340691
944847 945778
958617 959548
75700 76631
137124 138055
542872 543803
581478 582409
416069 417000
312825 313756
29883 30814
190021 190952
264994 265925
405653 406584
430002 430933
137208 138139
718735 719666
99 1030
522773 523704
178701 179632
44863 45794
700681 701612
406681 407612
238455 239386
424702 425633
519124 520055
526855 527786
914298 915229
76749 77680
194175 195106
692842 693773
505287 506218
106899 107830
280187 281118
687515 688446
255669 256600
202113 203044
391209 392140
840860 841791
311459 312390
544388 545319
236988 237919
991379 992310
503601 504532
977648 978579
102422 103353
708611 709542
596850 597781
727008 727939
318427 319358
818613 819544
898701 899632
940809 941740
5052 5983
346982 347913
49822 50753
549754 550685
672242 673173
904935 905866
267590 268521
578610 579541
567983 568914
159359 160290
41053 41984
821154 822085
567771 568702
330457 331388
173022 173953
338159 339090
424596 425527
693724 694655
987974 988905
345503 346434
21838 22769
323469 324400
991083 992014
664440 665371
882851 883782
382042 382973
364330 365261
480498 481429
919713 920644
149618 150549
560250 561181
874150 875081
627722 628653
516403 517334
44448 45379
912768 913699
628914 629845
190550 191481
846910 847841
596240 597171
147160 148091
867849 868780
976274 977205
630665 631596
412138 413069
282973 283904
292471 293402
645502 646433
910101 911032
224510 225441
6923 7854
533640 534571
910841 911772
261383 262314
495927 496858
10889 11820
592018 592949
487698 488629
543784 544715
81067 81998
495975 496906
196567 197498
628310 629241
882697 883628
128038 128969
368806 369737
869720 870651
693482 694413
710755 711686
883314 884245
209062 209993
209362 210293
501807 502738
310750 311681
979973 980904
737657 738588
184570 185501
969208 970139
38194 39125
421497 422428
231171 232102
135692 136623
837768 838699
116707 117638
225965 226896
373697 374628
27914 28845
610255 611186
775598 776529
762438 763369
777319 778250
295946 296877
31866 32797
541430 542361
836895 837826
967741 968672
441909 442840
980524 981455
399653 400584
865585 866516
600668 601599
388620 389551
405424 406355
156817 157748
534015 534946
708930 709861
487891 488822
814091 815022
358314 359245
932066 932997
620479 621410
552446 553377
719948 720879
224152 225083
445728 446659
676720 677651
756647 757578
112318 113249
979710 980641
47697 48628
261976 262907
186196 187127
661143 662074
993976 994907
499385 500316
527047 527978
790999 791930
780923 781854
76122 77053
621795 622726
572878 573809
908875 909806
922059 922990
411426 412357
66713 67644
232423 233354
554671 555602
611995 612926
936642 937573
988391 989322
861382 862313
151283 152214
115094 116025
839168 840099
49048 49979
989167 990098
822220 823151
908983 909914
282731 283662
510584 511515
428044 428975
595468 596399
952208 953139
70506 71437
591469 592400
716137 717068
441758 442689
662173 663104
220003 220934
723721 724652
233069 234000
864 1795
22103 23034
346523 347454
68685 69616
953845 954776
184362 185293
959525 960456
752624 753555
720039 720970
135851 136782
621671 622602
717309 718240
941216 942147
844181 845112
976801 977732
926265 927196
549789 550720
967643 968574
582248 583179
400611 401542
119449 120380
481474 482405
719139 720070
140965 141896
853194 854125
94159 95090
379248 380179
217483 218414
468018 468949
115246 116177
423975 424906
929768 930699
561377 562308
453660 454591
588764 589695
659645 660576
593568 594499
512825 513756
792346 793277
768339 769270
354460 355391
992905 993836
423838 424769
874931 875862
613494 614425
485274 486205
344343 345274
647141 648072
459500 460431
743914 744845
980171 981102
838362 839293
925773 926704
614297 615228
80178 81109
649477 650408
175847 176778
595618 596549
170345 171276
3719 4650
75551 76482
738777 739708
116043 116974
467256 468187
312334 313265
433259 434190
112291 113222
759261 760192
172909 173840
559705 560636
3280 4211
951839 952770
357699 358630
936894 937825
101817 102748
696718 697649
176124 177055
939132 940063
950570 951501
104500 105431
260435 261366
360046 360977
564294 565225
738198 739129
688259 689190
881896 882827
670754 671685
629112 630043
741075 742006
406615 407546
264295 265226
218997 219928
1306 2237
490864 491795
756708 757639
487622 488553
431458 432389
732869 733800
318863 319794
101638 102569
625421 626352
917276 918207
100173 101104
296979 297910
410933 411864
445825 446756
119 1050
469169 470100
796612 797543
967050 967981
746766 747697
17884 18815
408451 409382
428763 429694
502790 503721
81311 82242
468265 469196
313588 314519
229231 230162
313600 314531
531131 532062
8758 9689
165191 166122
242340 243271
881413 882344
95479 96410
185713 186644
962190 963121
603601 604532
22699 23630
34092 35023
569091 570022
854958 855889
253498 254429
221121 222052
866884 867815
934969 935900
870754 871685
394780 395711
946686 947617
967509 968440
643915 644846
815743 816674
530861 531792
128903 129834
735595 736526
916604 917535
457817 458748
631424 632355
954883 955814
152407 153338
657236 658167
550753 551684
885828 886759
164247 165178
34906 35837
842166 843097
402815 403746
908962 909893
266558 267489
91067 91998
850894 851825
164739 165670
632639 633570
533904 534835
568722 569653
718477 719408
339131 340062
116549 117480
827511 828442
568814 569745
467840 468771
851085 852016
36091 37022
191356 192287
588464 589395
690873 691804
578725 579656
964938 965869
576890 577821
367905 368836
824654 825585
194002 194933
764843 765774
686120 687051
286350 287281
783367 784298
992563 993494
604349 605280
532491 533422
295293 296224
917164 918095
489128 490059
782169 783100
389173 390104
191717 192648
989545 990476
445183 446114
494280 495211
804888 805819
451721 452652
778644 779575
647501 648432
315218 316149
298575 299506
91932 92863
475188 476119
44266 45197
332365 333296
617128 618059
903008 903939
387052 387983
375660 376591
318342 319273
115716 116647
260376 261307
88543 89474
14262 15193
420028 420959
347059 347990
263238 264169
943098 944029
602708 603639
327201 328132
240353 241284
800158 801089
337041 337972
721088 722019
302 1233
210832 211763
402177 403108
326710 327641
85322 86253
208782 209713
887759 888690
985780 986711
295865 296796
428414 429345
114449 115380
251122 252053
789868 790799
826141 827072
659964 660895
361970 362901
118856 119787
130624 131555
475425 476356
198246 199177
249756 250687
688730 689661
884340 885271
404138 405069
570408 571339
571906 572837
909270 910201
547120 548051
541355 542286
140429 141360
459226 460157
66062 66993
125999 126930
874600 875531
906844 907775
849343 850274
578580 579511
389327 390258
418680 419611
506284 507215
436061 436992
329788 330719
474066 474997
688819 689750
7435 8366
701238 702169
751005 751936
237105 238036
964866 965797
780913 781844
1014 1945
697937 698868
672133 673064
933695 934626
393410 394341
369920 370851
936485 937416
496952 497883
625043 625974
101660 102591
367197 368128
935444 936375
218094 219025
818632 819563
598579 599510
33600 34531
546446 547377
952782 953713
637951 638882
942250 943181
932101 933032
65760 66691
831767 832698
954918 955849
134722 135653
897728 898659
162465 163396
282136 283067
624804 625735
998800 999731
954829 955760
382679 383610
213997 214928
995733 996664
729710 730641
186338 187269
936435 937366
910307 911238
856048 856979
53048 53979
208226 209157
665631 666562
330259 331190
874968 875899
864146 865077
677999 678930
96543 97474
919769 920700
284691 285622
709895 710826
812534 813465
405258 406189
396808 397739
38217 39148
195964 196895
55032 55963
750282 751213
528142 529073
951994 952925
621409 622340
987502 988433
536939 537870
336558 337489
429277 430208
665123 666054
989144 990075
598650 599581
700881 701812
351741 352672
974997 975928
697193 698124
569123 570054
478172 479103
724786 725717
328175 329106
573063 573994
13533 14464
921951 922882
887471 888402
623889 624820
172687 173618
210589 211520
43791 44722
492816 493747
464307 465238
31522 32453
221517 222448
16344 17275
496507 497438
111727 112658
165494 166425
114892 115823
341811 342742
685141 686072
709144 710075
315268 316199
573428 574359
149624 150555
265741 266672
478362 479293
987753 988684
879658 880589
213410 214341
387053 387984
163635 164566
552317 553248
828430 829361
705556 706487
133048 133979
902087 903018
807130 808061
595227 596158
926175 927106
581463 582394
587866 588797
48262 49193
296874 297805
570178 571109
401008 401939
728032 728963
173733 174664
724235 725166
214691 215622
360964 361895
639097 640028
126164 127095
254656 255587
873122 874053
479076 480007
101787 102718
1319 2250
559042 559973
692356 693287
312483 313414
270270 271201
663105 664036
604413 605344
447297 448228
564970 565901
98965 99896
722296 723227
343959 344890
205090 206021
492676 493607
936784 937715
454831 455762
937224 938155
670467 671398
707570 708501
165565 166496
914267 915198
374679 375610
782981 783912
74743 75674
233448 234379
316744 317675
126843 127774
524881 525812
812499 813430
401881 402812
958119 959050
448726 449657
990705 991636
170624 171555
358570 359501
114464 115395
508518 509449
953982 954913
135123 136054
168068 168999
483808 484739
463607 464538
821935 822866
988503 989434
49073 50004
971349 972280
253638 254569
751256 752187
645756 646687
557017 557948
88429 89360
506791 507722
348697 349628
258433 259364
281677 282608
870159 871090
130542 131473
204774 205705
236912 237843
641922 642853
380625 381556
93736 94667
819417 820348
270259 271190
60393 61324
786618 787549
115822 116753
242387 243318
187218 188149
568281 569212
663345 664276
129142 130073
578276 579207
483916 484847
13291 14222
929285 930216
82818 83749
356397 357328
147451 148382
645177 646108
622907 623838
567022 567953
605889 606820
758442 759373
447273 448204
458672 459603
494056 494987
867010 867941
724570 725501
457085 458016
599779 600710
255183 256114
595934 596865
128195 129126
71997 72928
950876 951807
487024 487955
860022 860953
599875 600806
465099 466030
460867 461798
837487 838418
469561 470492
22690 23621
118540 119471
18808 19739
762221 763152
86122 87053
883305 884236
300578 301509
384558 385489
697287 698218
821888 822819
512201 513132
341938 342869
254408 255339
903103 904034
489973 490904
721390 722321
191367 192298
826697 827628
291203 292134
238387 239318
37851 38782
148565 149496
297119 298050
540074 541005
886909 887840
881837 882768
926363 927294
705263 706194
738427 739358
698023 698954
878879 879810
547521 548452
103029 103960
345793 346724
802550 803481
903404 904335
874314 875245
378011 378942
777469 778400
437042 437973
270901 271832
907337 908268
806266 807197
870381 871312
470297 471228
576436 577367
828059 828990
615813 616744
408386 409317
397493 398424
361421 362352
726815 727746
85222 86153
924879 925810
691522 692453
268586 269517
238588 239519
467806 468737
119568 120499
357423 358354
406161 407092
94938 95869
85262 86193
891669 892600
173387 174318
916403 917334
291882 292813
980296 981227
904627 905558
966569 967500
249527 250458
927531 928462
549705 550636
326332 327263
325585 326516
247541 248472
815744 816675
535818 536749
692728 693659
861763 862694
268082 269013
494808 495739
599554 600485
594298 595229
668782 669713
13700 14631
577464 578395
505954 506885
505470 506401
753876 754807
48975 49906
656014 656945
676630 677561
523449 524380
279041 279972
896304 897235
339950 340881
322440 323371
101348 102279
516899 517830
428742 429673
186321 187252
72353 73284
760958 761889
230361 231292
525151 526082
580272 581203
272169 273100
675521 676452
760280 761211
69729 70660
108307 109238
36500 37431
527463 528394
265280 266211
199999 200930
574106 575037
453894 454825
381525 382456
217738 218669
509919 510850
980149 981080
985487 986418
144514 145445
241290 242221
350120 351051
210142 211073
487941 488872
277765 278696
167518 168449
410739 411670
258687 259618
963383 964314
288918 289849
198004 198935
212681 213612
13356 14287
142392 143323
246491 247422
72762 73693
695819 696750
557436 558367
707864 708795
3121 4052
165037 165968
613780 614711
61447 62378
610402 611333
4493 5424
328654 329585
229542 230473
526938 527869
756718 757649
352303 353234
442284 443215
113892 114823
253099 254030
368659 369590
848676 849607
380762 381693
578487 579418
887503 888434
46842 47773
69131 70062
301861 302792
577640 578571
988312 989243
383167 384098
830301 831232
766753 767684
327713 328644
588464 589395
457710 458641
67736 68667
268047 268978
498401 499332
974218 975149
253863 254794
990199 991130
193148 194079
731445 732376
896466 897397
35390 36321
858148 859079
289382 290313
508195 509126
304168 305099
455375 456306
188740 189671
366941 367872
347267 348198
36396 37327
590197 591128
328773 329704
281809 282740
356098 357029
807778 808709
459006 459937
191291 192222
44878 45809
510595 511526
476223 477154
389833 390764
676148 677079
915487 916418
462300 463231
425086 426017
667995 668926
426997 427928
83511 84442
820336 821267
384616 385547
68139 69070
186804 187735
713818 714749
795547 796478
624574 625505
398322 399253
602143 603074
622935 623866
871226 872157
370565 371496
799037 799968
870953 871884
963049 963980
364241 365172
587522 588453
22969 23900
28056 28987
279007 279938
957459 958390
46879 47810
225269 226200
41500 42431
941130 942061
652744 653675
80694 81625
909714 910645
478610 479541
893282 894213
803369 804300
913725 914656
314731 315662
984212 985143
356394 357325
813806 814737
961753 962684
406282 407213
230494 231425
283421 284352
811490 812421
473020 473951
315070 316001
584700 585631
574426 575357
17846 18777
906769 907700
71998 72929
511746 512677
485674 486605
243850 244781
462194 463125
743876 744807
431767 432698
847452 848383
647825 648756
11590 12521
49685 50616
356989 357920
263168 264099
346434 347365
964196 965127
384026 384957
604355 605286
874752 875683
183177 184108
117113 118044
181182 182113
483613 484544
179887 180818
412831 413762
492434 493365
170963 171894
134108 135039
726010 726941
578128 579059
127050 127981
241520 242451
640247 641178
696615 697546
370373 371304
19198 20129
966181 967112
70630 71561
807429 808360
63232 64163
630258 631189
81299 82230
24791 25722
789544 790475
822710 823641
832988 833919
400051 400982
606873 607804
429777 430708
997892 998823
668192 669123
774051 774982
890432 891363
299409 300340
87869 88800
325681 326612
469305 470236
897269 898200
634531 635462
141598 142529
33768 34699
424333 425264
694783 695714
395417 396348
896977 897908
726001 726932
125300 126231
26869 27800
179395 180326
379233 380164
32402 33333
168157 169088
137973 138904
401281 402212
359446 360377
647706 648637
220303 221234
564933 565864
866635 867566
272301 273232
560333 561264
438976 439907
231082 232013
23070 24001
879129 880060
195476 196407
521160 522091
997783 998714
960987 961918
964312 965243
910515 911446
595307 596238
459698 460629
6349 7280
862912 863843
454792 455723
380771 381702
986576 987507
516075 517006
88713 89644
986276 987207
321983 322914
996068 996999
817908 818839
909461 910392
848893 849824
689213 690144
606589 607520
613894 614825
140846 141777
574836 575767
557096 558027
951694 952625
671436 672367
795649 796580
374219 375150
362 1293
371533 372464
453696 454627
635976 636907
246740 247671
453370 454301
753560 754491
312265 313196
474212 475143
218423 219354
320132 321063
251343 252274
991576 992507
581493 582424
151559 152490
818620 819551
301829 302760
921970 922901
957358 958289
118341 119272
955581 956512
662428 663359
300254 301185
789935 790866
556446 557377
134156 135087
178961 179892
709720 710651
650689 651620
574535 575466
339623 340554
83186 84117
616190 617121
621564 622495
26871 27802
944563 945494
884714 885645
19033 19964
722248 723179
563645 564576
482640 483571
738422 739353
247241 248172
878999 879930
876098 877029
892079 893010
109926 110857
144597 145528
76645 77576
946669 947600
63389 64320
663351 664282
659896 660827
11609 12540
962786 963717
655795 656726
573415 574346
274050 274981
245432 246363
571856 572787
329086 330017
508178 509109
336803 337734
365857 366788
189203 190134
741644 742575
370068 370999
465469 466400
680144 681075
551765 552696
739724 740655
314643 315574
886570 887501
927100 928031
556885 557816
793546 794477
704836 705767
926856 927787
931315 932246
432021 432952
202990 203921
16721 17652
485738 486669
585018 585949
384430 385361
215662 216593
814845 815776
882493 883424
697253 698184
879593 880524
40825 41756
431781 432712
157201 158132
701578 702509
934537 935468
488950 489881
62855 63786
480246 481177
13766 14697
243940 244871
267937 268868
476733 477664
688175 689106
971575 972506
62457 63388
963095 964026
679891 680822
751450 752381
366035 366966
770071 771002
179710 180641
218491 219422
298286 299217
816303 817234
744382 745313
932507 933438
5397 6328
738399 739330
359137 360068
793151 794082
567627 568558
514511 515442
36190 37121
807015 807946
759239 760170
13526 14457
676283 677214
455756 456687
13409 14340
527583 528514
231844 232775
114802 115733
329947 330878
691857 692788
56385 57316
432377 433308
863505 864436
666399 667330
340264 341195
460523 461454
258517 259448
140172 141103
192191 193122
625474 626405
176019 176950
745506 746437
972789 973720
583452 584383
940107 941038
201717 202648
28972 29903
324191 325122
616268 617199
709097 710028
26303 27234
772545 773476
672040 672971
720962 721893
185182 186113
329099 330030
142728 143659
5858 6789
732997 733928
405584 406515
537375 538306
911738 912669
614476 615407
564436 565367
77603 78534
976438 977369
304043 304974
807373 808304
597391 598322
163033 163964
607932 608863
698110 699041
599268 600199
126038 126969
24482 25413
988314 989245
994952 995883
612815 613746
611523 612454
802517 803448
230228 231159
29861 30792
30379 31310
207613 208544
854387 855318
303511 304442
36338 37269
315185 316116
279499 280430
980422 981353
261018 261949
803941 804872
706370 707301
676900 677831
593717 594648
241454 242385
453949 454880
948767 949698
791144 792075
258368 259299
573544 574475
223813 224744
873347 874278
252481 253412
396419 397350
264681 265612
662283 663214
481785 482716
590896 591827
695225 696156
265229 266160
247971 248902
450757 451688
860668 861599
305004 305935
982435 983366
221734 222665
33459 34390
316655 317586
119821 120752
508782 509713
593343 594274
757330 758261
448948 449879
422304 423235
741791 742722
860208 861139
312837 313768
204638 205569
203661 204592
854262 855193
913725 914656
534891 535822
782252 783183
179390 180321
108807 109738
447428 448359
820290 821221
550518 551449
814725 815656
3953 4884
723878 724809
657622 658553
925204 926135
480475 481406
734683 735614
601702 602633
363264 364195
803673 804604
935419 936350
918712 919643
107978 108909
938525 939456
965567 966498
885801 886732
540549 541480
502183 503114
438010 438941
645560 646491
793628 794559
111315 112246
234521 235452
818273 819204
560102 561033
293466 294397
127756 128687
566534 567465
799472 800403
230355 231286
237647 238578
18841 19772
433835 434766
404676 405607
328662 329593
439516 440447
51087 52018
267502 268433
906487 907418
691361 692292
800971 801902
860954 861885
310781 311712
663970 664901
940447 941378
916222 917153
113678 114609
860210 861141
818110 819041
432939 433870
565580 566511
814013 814944
31568 32499
566118 567049
263191 264122
552236 553167
982953 983884
907733 908664
877689 878620
690405 691336
321279 322210
283122 284053
703119 704050
872673 873604
536313 537244
230887 231818
186339 187270
58780 59711
380639 381570
134533 135464
750219 751150
527739 528670
537969 538900
370272 371203
769554 770485
29332 30263
571416 572347
964435 965366
887980 888911
689464 690395
212832 213763
818010 818941
326640 327571
797311 798242
296061 296992
248309 249240
44754 45685
707670 708601
841189 842120
968079 969010
428948 429879
98044 98975
987202 988133
347008 347939
788092 789023
583071 584002
231243 232174
312496 313427
390234 391165
817174 818105
226557 227488
242367 243298
701347 702278
888737 889668
394795 395726
795771 796702
578828 579759
656113 657044
702173 703104
333728 334659
602067 602998
263678 264609
480840 481771
575811 576742
332367 333298
437820 438751
691372 692303
60940 61871
980128 981059
448425 449356
253980 254911
18447 19378
601679 602610
344498 345429
962405 963336
721009 721940
191412 192343
109039 109970
688893 689824
213887 214818
123394 124325
441494 442425
812467 813398
194006 194937
912075 913006
531687 532618
464238 465169
393232 394163
786477 787408
719661 720592
17889 18820
581906 582837
841509 842440
654817 655748
305808 306739
708950 709881
184856 185787
264342 265273
184944 185875
928714 929645
792650 793581
157415 158346
486305 487236
918371 919302
412082 413013
395687 396618
16730 17661
958592 959523
272544 273475
351408 352339
210560 211491
311980 312911
482472 483403
2909 3840
939242 940173
873649 874580
801310 802241
519197 520128
263918 264849
407445 408376
231964 232895
797443 798374
787967 788898
532477 533408
700042 700973
133566 134497
509803 510734
903011 903942
976686 977617
246352 247283
976275 977206
6721 7652
767136 768067
178983 179914
501752 502683
232974 233905
282565 283496
976908 977839
378530 379461
172085 173016
981281 982212
189457 190388
377889 378820
100327 101258
647778 648709
622036 622967
577976 578907
327785 328716
282446 283377
238261 239192
611774 612705
826759 827690
742542 743473
34431 35362
781297 782228
835941 836872
958394 959325
114420 115351
993973 994904
805845 806776
32824 33755
441720 442651
918901 919832
283966 284897
715110 716041
676134 677065
8598 9529
617390 618321
104381 105312
888206 889137
485651 486582
934408 935339
758155 759086
640557 641488
55334 56265
855473 856404
85585 86516
609837 610768
831492 832423
657278 658209
125835 126766
924471 925402
523196 524127
92713 93644
524317 525248
216727 217658
364583 365514
616490 617421
876200 877131
82874 83805
677747 678678
988596 989527
16707 17638
82687 83618
575836 576767
458225 459156
171801 172732
614940 615871
310128 311059
503974 504905
901062 901993
863617 864548
190284 191215
82091 83022
317145 318076
208144 209075
399717 400648
529286 530217
87772 88703
31306 32237
926170 927101
225370 226301
409762 410693
291697 292628
764161 765092
820621 821552
419941 420872
66619 67550
958227 959158
142023 142954
821349 822280
129941 130872
34872 35803
504815 505746
328277 329208
336542 337473
364935 365866
782603 783534
650584 651515
518448 519379
111953 112884
905303 906234
356058 356989
721171 722102
454992 455923
435098 436029
792884 793815
969954 970885
752719 753650
483191 484122
382195 383126
322296 323227
93212 94143
325902 326833
611886 612817
538963 539894
815061 815992
193832 194763
767153 768084
5574 6505
221410 222341
264483 265414
404918 405849
674415 675346
889282 890213
185767 186698
658177 659108
297998 298929
141785 142716
353989 354920
164149 165080
521893 522824
104644 105575
467604 468535
343460 344391
293877 294808
315034 315965
86226 87157
856338 857269
189522 190453
647857 648788
845515 846446
676050 676981
724642 725573
789639 790570
678896 679827
827184 828115
583517 584448
328493 329424
736653 737584
900036 900967
690374 691305
652716 653647
867003 867934
31951 32882
197618 198549
826848 827779
925577 926508
370800 371731
10283 11214
458575 459506
727744 728675
45008 45939
262630 263561
574588 575519
234409 235340
389642 390573
857033 857964
865632 866563
794115 795046
147241 148172
344980 345911
811086 812017
179988 180919
393922 394853
403209 404140
52209 53140
265067 265998
390358 391289
170031 170962
573169 574100
517605 518536
2192 3123
504297 505228
802591 803522
321078 322009
230534 231465
251554 252485
665453 666384
690173 691104
273372 274303
94962 95893
151399 152330
701516 702447
238275 239206
271736 272667
262115 263046
717889 718820
738695 739626
953354 954285
176794 177725
29953 30884
670039 670970
811580 812511
115306 116237
974060 974991
909491 910422
59256 60187
676785 677716
706919 707850
299234 300165
737832 738763
928380 929311
48467 49398
21344 22275
988889 989820
620046 620977
226159 227090
457921 458852
835360 836291
278147 279078
54109 55040
102079 103010
168449 169380
225069 226000
427963 428894
668129 669060
980280 981211
212405 213336
918957 919888
172819 173750
557276 558207
265374 266305
320739 321670
766752 767683
852487 853418
181161 182092
21061 21992
732486 733417
664504 665435
907089 908020
400908 401839
266167 267098
86193 87124
226483 227414
551413 552344
760525 761456
557809 558740
536392 537323
386065 386996
859195 860126
717051 717982
925466 926397
850979 851910
112796 113727
762592 763523
295780 296711
584046 584977
239125 240056
321438 322369
651889 652820
650965 651896
380509 381440
943348 944279
35101 36032
987729 988660
903894 904825
198679 199610
50731 51662
541035 541966
740336 741267
346237 347168
277610 278541
554639 555570
365781 366712
899580 900511
875152 876083
932464 933395
411396 412327
932186 933117
85690 86621
946387 947318
654499 655430
280036 280967
713910 714841
921991 922922
537137 538068
189875 190806
971753 972684
725095 726026
981452 982383
170929 171860
526833 527764
306171 307102
998022 998953
292481 293412
587149 588080
277317 278248
885117 886048
291409 292340
398006 398937
65237 66168
93630 94561
934204 935135
521120 522051
912 1843
54466 55397
254943 255874
335859 336790
810893 811824
36554 37485
848959 849890
766932 767863
346317 347248
278572 279503
568243 569174
293691 294622
353557 354488
636331 637262
477086 478017
682361 683292
827934 828865
233739 234670
622622 623553
140549 141480
767436 768367
166425 167356
273180 274111
333127 334058
810435 811366
973451 974382
361956 362887
88357 89288
309679 310610
748537 749468
425970 426901
908550 909481
403915 404846
420494 421425
122901 123832
990501 991432
281478 282409
455389 456320
367190 368121
255908 256839
123141 124072
468424 469355
71708 72639
102484 103415
586523 587454
565733 566664
929276 930207
475109 476040
694090 695021
927292 928223
526514 527445
826256 827187
845572 846503
496256 497187
427088 428019
358777 359708
117497 118428
959458 960389
137230 138161
185228 186159
504776 505707
158755 159686
513227 514158
910478 911409
110783 111714
772001 772932
325231 326162
865791 866722
930715 931646
770915 771846
13849 14780
327197 328128
465073 466004
714426 715357
704512 705443
138088 139019
482606 483537
843917 844848
300317 301248
425008 425939
878718 879649
793281 794212
411810 412741
936380 937311
75441 76372
581011 581942
258351 259282
801128 802059
817096 818027
291469 292400
357250 358181
60831 61762
947647 948578
393508 394439
686052 686983
769890 770821
899627 900558
620990 621921
135649 136580
930326 931257
87232 88163
256391 257322
389433 390364
460801 461732
818280 819211
306906 307837
506901 507832
223064 223995
336881 337812
799242 800173
522569 523500
948224 949155
838639 839570
738741 739672
425895 426826
626025 626956
64516 65447
759313 760244
195875 196806
69985 70916
337296 338227
92512 93443
971783 972714
643170 644101
611642 612573
194785 195716
83973 84904
411629 412560
863755 864686
464044 464975
184196 185127
852007 852938
491629 492560
631256 632187
961634 962565
601788 602719
179276 180207
514695 515626
365841 366772
658304 659235
424381 425312
262340 263271
493281 494212
932332 933263
21877 22808
550972 551903
954304 955235
340868 341799
648947 649878
14544 15475
196874 197805
57845 58776
613447 614378
327045 327976
613301 614232
612944 613875
626859 627790
104006 104937
47175 48106
196591 197522
239069 240000
700688 701619
597785 598716
915261 916192
263391 264322
488227 489158
321849 322780
465175 466106
581929 582860
317476 318407
155314 156245
995040 995971
237758 238689
316107 317038
90815 91746
382955 383886
446277 447208
348726 349657
281903 282834
911990 912921
228627 229558
496146 497077
536895 537826
852101 853032
894968 895899
655361 656292
243861 244792
735834 736765
9059 9990
895212 896143
331751 332682
286604 287535
383950 384881
99253 100184
896529 897460
578360 579291
723561 724492
592097 593028
731359 732290
934665 935596
641122 642053
345000 345931
600609 601540
633852 634783
120310 121241
29750 30681
846945 847876
502161 503092
296622 297553
894302 895233
592493 593424
776000 776931
671009 671940
296831 297762
259853 260784
97904 98835
952222 953153
467741 468672
511861 512792
205925 206856
503848 504779
160080 161011
654309 655240
837215 838146
475439 476370
794472 795403
852369 853300
371034 371965
865007 865938
101756 102687
162005 162936
484326 485257
660905 661836
263066 263997
693322 694253
49728 50659
122599 123530
499193 500124
140796 141727
971293 972224
533675 534606
550577 551508
186923 187854
978309 979240
407025 407956
443211 444142
761703 762634
264467 265398
413747 414678
777012 777943
394293 395224
456824 457755
871484 872415
989487 990418
265706 266637
474365 475296
656210 657141
177008 177939
871307 872238
176870 177801
173187 174118
425894 426825
19614 20545
696166 697097
858597 859528
223791 224722
294601 295532
134273 135204
1759 2690
756938 757869
237772 238703
938654 939585
994609 995540
878319 879250
533012 533943
240280 241211
660521 661452
394979 395910
113905 114836
229430 230361
602926 603857
478178 479109
402857 403788
181459 182390
19127 20058
159530 160461
178913 179844
409959 410890
13212 14143
720514 721445
572360 573291
759748 760679
297171 298102
183399 184330
543249 544180
442452 443383
215010 215941
185325 186256
291382 292313
789968 790899
231957 232888
116019 116950
870773 871704
334081 335012
460748 461679
514257 515188
804506 805437
494439 495370
83936 84867
718375 719306
811639 812570
13535 14466
422466 423397
104152 105083
230080 231011
655561 656492
407633 408564
898511 899442
485094 486025
134633 135564
892042 892973
492439 493370
651206 652137
312518 313449
812956 813887
551034 551965
80457 81388
707220 708151
800504 801435
268606 269537
567026 567957
330922 331853
974251 975182
434033 434964
411882 412813
783708 784639
505799 506730
496121 497052
384796 385727
34889 35820
757628 758559
468599 469530
402197 403128
193867 194798
59555 60486
383532 384463
290935 291866
836720 837651
975328 976259
394890 395821
505651 506582
866611 867542
502706 503637
804722 805653
308035 308966
347990 348921
147123 148054
832270 833201
112997 113928
911583 912514
842201 843132
456487 457418
296004 296935
426817 427748
936217 937148
983532 984463
664216 665147
716896 717827
958226 959157
121366 122297
19816 20747
561145 562076
252638 253569
194070 195001
420240 421171
829549 830480
465396 466327
180782 181713
792260 793191
485414 486345
918041 918972
554016 554947
182365 183296
57048 57979
279442 280373
121933 122864
316742 317673
665504 666435
834579 835510
555892 556823
555714 556645
449672 450603
62417 63348
502623 503554
908225 909156
139137 140068
894110 895041
79869 80800
123384 124315
343350 344281
808563 809494
791414 792345
713419 714350
11181 12112
290020 290951
99373 100304
522707 523638
859883 860814
481400 482331
799172 800103
883950 884881
965383 966314
45936 46867
638570 639501
793028 793959
411452 412383
758775 759706
507775 508706
907812 908743
118327 119258
325630 326561
804495 805426
470578 471509
621178 622109
147607 148538
172006 172937
801796 802727
562121 563052
685093 686024
772826 773757
364537 365468
942260 943191
770725 771656
917694 918625
635466 636397
545310 546241
817793 818724
749702 750633
581218 582149
482422 483353
418252 419183
497145 498076
345549 346480
555429 556360
866252 867183
350445 351376
28533 29464
585468 586399
427585 428516
954950 955881
277654 278585
745697 746628
297375 298306
651813 652744
724249 725180
310621 311552
414848 415779
747794 748725
581666 582597
204370 205301
844827 845758
691150 692081
506995 507926
160542 161473
746249 747180
143448 144379
776010 776941
789024 789955
71530 72461
375348 376279
473331 474262
282284 283215
101556 102487
956431 957362
406388 407319
501512 502443
362965 363896
803777 804708
511934 512865
747469 748400
462176 463107
979006 979937
467053 467984
60808 61739
554022 554953
29538 30469
31653 32584
799594 800525
994003 994934
321192 322123
956260 957191
114999 115930
746960 747891
662080 663011
298524 299455
941301 942232
84670 85601
163870 164801
767172 768103
980980 981911
569799 570730
392369 393300
712747 713678
450501 451432
866054 866985
288360 289291
522219 523150
599269 600200
866153 867084
883738 884669
261122 262053
608618 609549
198785 199716
966924 967855
790041 790972
827555 828486
140610 141541
840928 841859
92094 93025
469793 470724
56953 57884
40722 41653
183040 183971
319987 320918
62208 63139
372296 373227
932961 933892
626383 627314
525120 526051
807711 808642
193910 194841
606856 607787
389231 390162
512093 513024
481358 482289
98356 99287
839634 840565
730446 731377
314717 315648
289859 290790
839049 839980
42543 43474
540517 541448
104277 105208
57881 58812
423524 424455
904150 905081
783583 784514
6621 7552
452840 453771
829416 830347
682297 683228
241258 242189
105258 106189
445068 445999
131508 132439
427043 427974
225916 226847
156816 157747
635657 636588
467103 468034
706877 707808
80655 81586
955761 956692
236489 237420
113578 114509
235882 236813
537914 538845
94318 95249
915253 916184
531906 532837
39698 40629
649802 650733
957484 958415
813737 814668
610931 611862
634244 635175
717191 718122
831492 832423
491530 492461
495904 496835
973662 974593
787933 788864
178149 179080
57937 58868
537817 538748
845560 846491
396302 397233
227896 228827
432685 433616
706488 707419
988006 988937
407728 408659
803478 804409
972284 973215
527976 528907
6949 7880
220414 221345
590896 591827
810799 811730
25178 26109
618608 619539
812017 812948
705078 706009
760498 761429
870999 871930
276028 276959
14967 15898
419088 420019
493034 493965
115811 116742
559296 560227
628686 629617
872711 873642
666921 667852
175721 176652
306914 307845
959796 960727
553684 554615
582296 583227
1072 2003
542402 543333
950732 951663
71405 72336
975755 976686
528854 529785
726011 726942
579380 580311
622576 623507
411732 412663
159738 160669
504972 505903
525714 526645
276713 277644
68479 69410
489535 490466
256176 257107
542709 543640
480710 481641
849077 850008
65034 65965
921661 922592
872290 873221
200627 201558
222055 222986
559549 560480
300389 301320
814072 815003
116081 117012
335994 336925
354707 355638
941513 942444
340430 341361
760381 761312
98809 99740
939122 940053
546899 547830
843087 844018
791068 791999
500029 500960
744761 745692
389533 390464
595074 596005
303010 303941
917391 918322
406003 406934
884807 885738
96048 96979
681665 682596
651900 652831
648569 649500
888500 889431
417830 418761
360861 361792
230128 231059
622779 623710
706304 707235
181419 182350
817954 818885
444625 445556
990125 991056
701782 702713
540198 541129
62030 62961
974401 975332
822982 823913
36541 37472
957523 958454
565011 565942
623916 624847
523899 524830
623415 624346
459498 460429
729745 730676
829851 830782
933313 934244
45871 46802
615107 616038
598532 599463
920610 921541
903119 904050
645060 645991
837796 838727
32246 33177
120887 121818
762292 763223
973271 974202
561511 562442
490276 491207
389090 390021
443374 444305
447148 448079
229030 229961
444480 445411
225280 226211
556121 557052
507060 507991
488371 489302
4512 5443
668055 668986
217782 218713
464156 465087
250506 251437
287692 288623
243023 243954
598864 599795
706710 707641
521001 521932
114361 115292
586726 587657
634084 635015
521021 521952
198909 199840
280115 281046
992864 993795
414402 415333
628765 629696
740261 741192
994791 995722
960007 960938
473556 474487
19325 20256
279279 280210
252753 253684
159886 160817
361701 362632
872528 873459
225078 226009
696708 697639
958510 959441
827927 828858
772475 773406
11646 12577
135306 136237
353910 354841
297876 298807
800893 801824
863688 864619
33707 34638
525128 526059
120209 121140
155180 156111
187942 188873
902873 903804
338041 338972
187984 188915
795959 796890
553329 554260
931519 932450
896611 897542
544759 545690
521725 522656
127976 128907
586700 587631
763191 764122
542356 543287
143989 144920
134515 135446
59881 60812
486499 487430
171126 172057
435313 436244
127508 128439
155618 156549
997391 998322
628554 629485
674280 675211
685145 686076
608421 609352
409648 410579
831784 832715
396240 397171
602088 603019
583379 584310
958410 959341
939175 940106
517039 517970
592815 593746
335946 336877
909436 910367
920808 921739
604838 605769
544144 545075
635805 636736
595941 596872
590975 591906
102756 103687
318639 319570
402765 403696
856362 857293
470683 471614
608228 609159
10472 11403
611189 612120
478982 479913
827807 828738
11898 12829
321857 322788
848773 849704
598465 599396
960895 961826
514448 515379
3518 4449
838449 839380
944350 945281
125135 126066
397316 398247
65377 66308
182664 183595
552831 553762
367577 368508
919888 920819
777923 778854
655039 655970
687840 688771
940718 941649
810740 811671
54414 55345
553084 554015
459309 460240
136508 137439
713414 714345
526353 527284
857918 858849
497738 498669
543979 544910
174804 175735
622927 623858
272114 273045
671565 672496
947362 948293
471594 472525
242790 243721
663219 664150
562410 563341
519790 520721
411668 412599
274758 275689
995087 996018
860054 860985
35783 36714
366060 366991
527811 528742
228554 229485
527610 528541
984730 985661
71005 71936
137677 138608
885830 886761
404571 405502
763948 764879
500403 501334
574760 575691
683591 684522
833603 834534
835892 836823
619225 620156
963157 964088
728515 729446
781660 782591
962368 963299
653728 654659
727381 728312
557389 558320
378376 379307
388534 389465
192823 193754
376645 377576
60733 61664
65217 66148
932801 933732
785606 786537
424436 425367
528376 529307
315735 316666
914933 915864
278033 278964
64336 65267
947171 948102
387668 388599
393568 394499
690854 691785
574784 575715
134053 134984
848082 849013
142666 143597
223451 224382
252099 253030
938664 939595
748999 749930
433121 434052
348085 349016
289827 290758
896362 897293
896883 897814
913981 914912
650164 651095
58685 59616
985972 986903
77693 78624
263321 264252
73180 74111
482509 483440
129684 130615
870430 871361
933736 934667
619190 620121
328728 329659
202238 203169
251331 252262
950504 951435
852371 853302
318683 319614
702309 703240
884641 885572
531327 532258
656641 657572
62248 63179
918660 919591
102343 103274
314587 315518
124670 125601
148314 149245
237078 238009
150115 151046
933047 933978
886385 887316
521791 522722
737110 738041
785882 786813
619787 620718
33727 34658
755737 756668
70038 70969
870673 871604
497751 498682
696160 697091
918445 919376
195583 196514
500318 501249
642227 643158
916773 917704
348195 349126
802448 803379
72323 73254
603276 604207
593630 594561
492442 493373
452839 453770
613398 614329
377705 378636
897359 898290
919395 920326
691870 692801
61443 62374
409546 410477
836820 837751
250610 251541
542387 543318
629134 630065
192210 193141
830667 831598
757066 757997
529300 530231
517884 518815
363190 364121
288044 288975
219263 220194
266365 267296
48644 49575
661607 662538
281438 282369
626822 627753
617342 618273
958838 959769
727078 728009
714906 715837
658078 659009
971611 972542
775325 776256
263141 264072
401699 402630
687540 688471
46127 47058
235086 236017
487793 488724
821961 822892
516603 517534
312124 313055
241206 242137
383702 384633
10802 11733
551252 552183
273999 274930
291838 292769
245343 246274
808919 809850
196503 197434
3524 4455
785861 786792
305194 306125
845082 846013
822574 823505
162829 163760
858631 859562
392152 393083
428731 429662
63645 64576
605733 606664
903994 904925
794689 795620
35935 36866
396949 397880
770977 771908
722281 723212
163874 164805
243018 243949
305539 306470
251341 252272
529829 530760
303618 304549
87436 88367
962676 963607
876860 877791
473429 474360
482341 483272
753476 754407
193021 193952
608572 609503
758750 759681
714527 715458
566135 567066
495954 496885
328154 329085
751547 752478
572162 573093
98230 99161
888355 889286
395737 396668
711550 712481
622544 623475
499743 500674
96741 97672
434289 435220
899612 900543
146614 147545
25035 25966
820816 821747
505326 506257
643528 644459
972323 973254
114351 115282
403396 404327
473214 474145
496288 497219
657493 658424
99091 100022
377776 378707
564354 565285
130425 131356
381025 381956
927715 928646
846556 847487
241250 242181
954261 955192
134383 135314
887977 888908
841521 842452
111198 112129
228297 229228
476185 477116
224969 225900
513350 514281
99521 100452
481762 482693
718608 719539
205594 206525
918346 919277
410999 411930
73088 74019
886485 887416
644072 645003
34856 35787
838842 839773
111318 112249
627836 628767
828521 829452
668719 669650
891897 892828
832466 833397
194566 195497
680882 681813
165678 166609
664209 665140
161144 162075
707349 708280
862624 863555
296761 297692
531083 532014
814365 815296
711764 712695
82073 83004
431925 432856
84442 85373
981602 982533
117521 118452
375692 376623
434234 435165
715663 716594
648757 649688
325458 326389
840600 841531
61005 61936
900013 900944
687696 688627
900678 901609
208081 209012
6103 7034
295581 296512
508143 509074
45029 45960
509850 510781
989637 990568
218053 218984
900977 901908
35961 36892
854446 855377
70550 71481
881618 882549
237845 238776
389896 390827
351605 352536
643879 644810
334769 335700
91290 92221
959767 960698
53825 54756
611790 612721
991885 992816
919532 920463
974770 975701
198937 199868
173685 174616
255418 256349
96956 97887
538356 539287
57396 58327
292385 293316
635045 635976
337036 337967
807579 808510
212872 213803
56502 57433
39044 39975
252416 253347
141056 141987
816987 817918
236308 237239
720035 720966
766790 767721
287116 288047
217885 218816
590340 591271
320293 321224
699519 700450
767223 768154
801502 802433
809207 810138
119762 120693
985972 986903
364268 365199
504403 505334
867754 868685
581555 582486
834311 835242
49495 50426
144019 144950
166255 167186
904553 905484
13901 14832
589898 590829
223812 224743
447823 448754
881674 882605
240100 241031
68734 69665
893933 894864
743026 743957
77197 78128
467077 468008
148010 148941
217774 218705
585663 586594
351024 351955
277526 278457
370162 371093
546038 546969
32620 33551
977429 978360
42018 42949
964348 965279
812553 813484
482567 483498
679419 680350
44238 45169
343624 344555
969850 970781
222642 223573
596324 597255
688661 689592
405718 406649
479968 480899
975263 976194
306385 307316
549683 550614
685196 686127
794516 795447
109561 110492
502172 503103
92458 93389
551354 552285
730534 731465
177213 178144
279656 280587
765306 766237
618892 619823
745615 746546
563842 564773
586808 587739
298816 299747
149234 150165
731226 732157
704349 705280
269047 269978
662940 663871
873993 874924
473891 474822
766593 767524
519610 520541
721136 722067
405631 406562
738662 739593
412857 413788
850728 851659
233478 234409
175785 176716
868111 869042
423522 424453
988322 989253
502324 503255
178811 179742
707088 708019
386043 386974
689834 690765
276439 277370
701145 702076
87109 88040
223907 224838
433100 434031
41834 42765
852583 853514
234322 235253
701255 702186
188873 189804
905516 906447
170629 171560
809927 810858
717610 718541
547810 548741
906782 907713
411994 412925
896807 897738
113328 114259
401603 402534
534423 535354
92086 93017
898994 899925
889058 889989
536811 537742
573728 574659
680901 681832
210322 211253
63229 64160
96163 97094
673834 674765
962355 963286
571396 572327
594734 595665
594897 595828
821208 822139
744889 745820
400257 401188
544819 545750
325683 326614
656164 657095
1791 2722
30881 31812
949371 950302
329534 330465
210780 211711
61585 62516
623260 624191
517131 518062
784262 785193
133807 134738
413719 414650
742552 743483
466916 467847
842050 842981
816915 817846
910079 911010
35613 36544
636965 637896
947244 948175
402153 403084
652174 653105
457737 458668
326928 327859
10203 11134
866500 867431
247624 248555
936860 937791
150496 151427
637142 638073
502546 503477
997347 998278
927630 928561
149644 150575
193915 194846
306989 307920
236116 237047
691034 691965
153221 154152
521757 522688
160 1091
618455 619386
822989 823920
536350 537281
654478 655409
215283 216214
593592 594523
106182 107113
852442 853373
197971 198902
494916 495847
928431 929362
985371 986302
345211 346142
304939 305870
173219 174150
42714 43645
687109 688040
511146 512077
18457 19388
298274 299205
965593 966524
96606 97537
861359 862290
331267 332198
619403 620334
839464 840395
53620 54551
212815 213746
922402 923333
154795 155726
351363 352294
436699 437630
578921 579852
124699 125630
678136 679067
234541 235472
865260 866191
73732 74663
461676 462607
301845 302776
65322 66253
846352 847283
178069 179000
178530 179461
828533 829464
514130 515061
946422 947353
925249 926180
7022 7953
811789 812720
380459 381390
266009 266940
95878 96809
26403 27334
81489 82420
900934 901865
625828 626759
562694 563625
580908 581839
984969 985900
630084 631015
924136 925067
450150 451081
53961 54892
555071 556002
362220 363151
249494 250425
144313 145244
620947 621878
496891 497822
616743 617674
168327 169258
544730 545661
443967 444898
56745 57676
541249 542180
791964 792895
557509 558440
279066 279997
941640 942571
107956 108887
390348 391279
798337 799268
399657 400588
775798 776729
259918 260849
780555 781486
845348 846279
676903 677834
847003 847934
394742 395673
242105 243036
771692 772623
315681 316612
73757 74688
561931 562862
300330 301261
172568 173499
343779 344710
897466 898397
803392 804323
466589 467520
762311 763242
275230 276161
903396 904327
733883 734814
582442 583373
768439 769370
153626 154557
729913 730844
140963 141894
466937 467868
306143 307074
313859 314790
98405 99336
501737 502668
418021 418952
40293 41224
378607 379538
224128 225059
688151 689082
403270 404201
970673 971604
72521 73452
54223 55154
474089 475020
531592 532523
853769 854700
782815 783746
141299 142230
123102 124033
522975 523906
902820 903751
726546 727477
432974 433905
433181 434112
660941 661872
935625 936556
493137 494068
559020 559951
564761 565692
171850 172781
960998 961929
347876 348807
280913 281844
607688 608619
472397 473328
498218 499149
679632 680563
821666 822597
57613 58544
779168 780099
868927 869858
742246 743177
521795 522726
942839 943770
514253 515184
476550 477481
485128 486059
164296 165227
734497 735428
403936 404867
768626 769557
419393 420324
59898 60829
723423 724354
118818 119749
212075 213006
506770 507701
793528 794459
438511 439442
442964 443895
231144 232075
427431 428362
12645 13576
738215 739146
11949 12880
85800 86731
221755 222686
125784 126715
255010 255941
526406 527337
385954 386885
106051 106982
63168 64099
680056 680987
678283 679214
4302 5233
887789 888720
780414 781345
900830 901761
134497 135428
653218 654149
723119 724050
850900 851831
223799 224730
479479 480410
212386 213317
315792 316723
478692 479623
612760 613691
139494 140425
305635 306566
783807 784738
302632 303563
915668 916599
373406 374337
939359 940290
36360 37291
664069 665000
442854 443785
214958 215889
67874 68805
89275 90206
558700 559631
86314 87245
584433 585364
88089 89020
596974 597905
747313 748244
735334 736265
887059 887990
884099 885030
308058 308989
713534 714465
776475 777406
473101 474032
298519 299450
650189 651120
80506 81437
372401 373332
872602 873533
846837 847768
13480 14411
219619 220550
217670 218601
890457 891388
973240 974171
572883 573814
415770 416701
256114 257045
583440 584371
137324 138255
832386 833317
860455 861386
442224 443155
113801 114732
647057 647988
106778 107709
434794 435725
320477 321408
961410 962341
784351 785282
816528 817459
814803 815734
810146 811077
940704 941635
505311 506242
639218 640149
105594 106525
404772 405703
755634 756565
658887 659818
218585 219516
279370 280301
648705 649636
394745 395676
769792 770723
151540 152471
252677 253608
447725 448656
300548 301479
258462 259393
100261 101192
252651 253582
367538 368469
22811 23742
463070 464001
345634 346565
745995 746926
985838 986769
387894 388825
246489 247420
192513 193444
702708 703639
924047 924978
72406 73337
568308 569239
791169 792100
911402 912333
903063 903994
46264 47195
120184 121115
944217 945148
302399 303330
636326 637257
272431 273362
792114 793045
168830 169761
518175 519106
472216 473147
24228 25159
560181 561112
230603 231534
456803 457734
447001 447932
271240 272171
712854 713785
632106 633037
968189 969120
447102 448033
878782 879713
80676 81607
112178 113109
835352 836283
403851 404782
805676 806607
167945 168876
294020 294951
144163 145094
943236 944167
314624 315555
927644 928575
187487 188418
357431 358362
394148 395079
539090 540021
711251 712182
837878 838809
836875 837806
293599 294530
512924 513855
436058 436989
729698 730629
952387 953318
321688 322619
979531 980462
885230 886161
7558 8489
521894 522825
423039 423970
754147 755078
177734 178665
975194 976125
290579 291510
697451 698382
892452 893383
15911 16842
570573 571504
566212 567143
967970 968901
304190 305121
28381 29312
14557 15488
96070 97001
265195 266126
167739 168670
838456 839387
867562 868493
673947 674878
789632 790563
548711 549642
833726 834657
763992 764923
797236 798167
718762 719693
842661 843592
603179 604110
132749 133680
140411 141342
956139 957070
567116 568047
441579 442510
933983 934914
77817 78748
24486 25417
49058 49989
379600 380531
519365 520296
102640 103571
776337 777268
240423 241354
609542 610473
819974 820905
79450 80381
378802 379733
987657 988588
170338 171269
845289 846220
75398 76329
922653 923584
969024 969955
713150 714081
757143 758074
864543 865474
642680 643611
719698 720629
615997 616928
223718 224649
556670 557601
173186 174117
863510 864441
648446 649377
463116 464047
539461 540392
551761 552692
788680 789611
575371 576302
873163 874094
543666 544597
801353 802284
497158 498089
409293 410224
644849 645780
581954 582885
965099 966030
612889 613820
252745 253676
907281 908212
327694 328625
411434 412365
523669 524600
440877 441808
621489 622420
191954 192885
820915 821846
22677 23608
929419 930350
120140 121071
626459 627390
413190 414121
439376 440307
124412 125343
241952 242883
736162 737093
385831 386762
655775 656706
241534 242465
333655 334586
798745 799676
325108 326039
759761 760692
848928 849859
554120 555051
411637 412568
182965 183896
319646 320577
240975 241906
336707 337638
358003 358934
728615 729546
196854 197785
529633 530564
93468 94399
228793 229724
136829 137760
372569 373500
692596 693527
895199 896130
208711 209642
423821 424752
79498 80429
111588 112519
642465 643396
808423 809354
586919 587850
415299 416230
468564 469495
522394 523325
315912 316843
541296 542227
575647 576578
608344 609275
503438 504369
578744 579675
41009 41940
44293 45224
428488 429419
927375 928306
973095 974026
444219 445150
143747 144678
534676 535607
926372 927303
303676 304607
858255 859186
339439 340370
761488 762419
401341 402272
926285 927216
267375 268306
304353 305284
243826 244757
905328 906259
186444 187375
477578 478509
412416 413347
916434 917365
283562 284493
573251 574182
676091 677022
178952 179883
669432 670363
929138 930069
816207 817138
507261 508192
685356 686287
790874 791805
979478 980409
291794 292725
163123 164054
778617 779548
537347 538278
873861 874792
989718 990649
671263 672194
152270 153201
850713 851644
835161 836092
671287 672218
835788 836719
696996 697927
529797 530728
302212 303143
205757 206688
460669 461600
219817 220748
846751 847682
788717 789648
730730 731661
59650 60581
306577 307508
435456 436387
796148 797079
270764 271695
608639 609570
63004 63935
745378 746309
635710 636641
961944 962875
673414 674345
198499 199430
620910 621841
459954 460885
800497 801428
772932 773863
350274 351205
408614 409545
556912 557843
586458 587389
956011 956942
132605 133536
774362 775293
245023 245954
969943 970874
142422 143353
2650 3581
889460 890391
466039 466970
907159 908090
272380 273311
973240 974171
473943 474874
700828 701759
173939 174870
260545 261476
568287 569218
549909 550840
353444 354375
592830 593761
199814 200745
380363 381294
599522 600453
49464 50395
273274 274205
551427 552358
250377 251308
896153 897084
201725 202656
767857 768788
407195 408126
680693 681624
707755 708686
911562 912493
694045 694976
961909 962840
519909 520840
877502 878433
542298 543229
256376 257307
63258 64189
882842 883773
296896 297827
311138 312069
956023 956954
740227 741158
839594 840525
259463 260394
363255 364186
483627 484558
540356 541287
457662 458593
924907 925838
211551 212482
919363 920294
404550 405481
65747 66678
328307 329238
183564 184495
732224 733155
662989 663920
234257 235188
181161 182092
483348 484279
269561 270492
306650 307581
440533 441464
788612 789543
744281 745212
232508 233439
267103 268034
768694 769625
566408 567339
802927 803858
661277 662208
710633 711564
56108 57039
837674 838605
85552 86483
95560 96491
58189 59120
422577 423508
451896 452827
593874 594805
444131 445062
315667 316598
141042 141973
677583 678514
550429 551360
659892 660823
81271 82202
2214 3145
11095 12026
27842 28773
888266 889197
948317 949248
150954 151885
966195 967126
817870 818801
186674 187605
222207 223138
809020 809951
678742 679673
725194 726125
535696 536627
662403 663334
789242 790173
370225 371156
217115 218046
69385 70316
551378 552309
294822 295753
288938 289869
966371 967302
156147 157078
159668 160599
574103 575034
668410 669341
838410 839341
37331 38262
281617 282548
734133 735064
858227 859158
491379 492310
958181 959112
249029 249960
518952 519883
433077 434008
769560 770491
158806 159737
503462 504393
180244 181175
568276 569207
644083 645014
337589 338520
315448 316379
929755 930686
990341 991272
748329 749260
593203 594134
988075 989006
630659 631590
503487 504418
64062 64993
421866 422797
916336 917267
438939 439870
194165 195096
501442 502373
845482 846413
544306 545237
187235 188166
597405 598336
828209 829140
997942 998873
100195 101126
147506 148437
509717 510648
673038 673969
39786 40717
131067 131998
458339 459270
633271 634202
836404 837335
476999 477930
247327 248258
99164 100095
251108 252039
44847 45778
219632 220563
533664 534595
769265 770196
590213 591144
230024 230955
425300 426231
611105 612036
204179 205110
331951 332882
225008 225939
526467 527398
635691 636622
239227 240158
449358 450289
664500 665431
81893 82824
582052 582983
383087 384018
930461 931392
102404 103335
613509 614440
606388 607319
108727 109658
956579 957510
726774 727705
711809 712740
475495 476426
454753 455684
249420 250351
354782 355713
700126 701057
805282 806213
289556 290487
22330 23261
195434 196365
897219 898150
381051 381982
36800 37731
110424 111355
295223 296154
530903 531834
236848 237779
866178 867109
178660 179591
128784 129715
525765 526696
733977 734908
85923 86854
733916 734847
873756 874687
564324 565255
718114 719045
596908 597839
911001 911932
51443 52374
872082 873013
845724 846655
859175 860106
243558 244489
608181 609112
629183 630114
939749 940680
135614 136545
126451 127382
608995 609926
184657 185588
795805 796736
62953 63884
65468 66399
318465 319396
406513 407444
29267 30198
785711 786642
876701 877632
983344 984275
582336 583267
220829 221760
398303 399234
723451 724382
624820 625751
985181 986112
98642 99573
903396 904327
659599 660530
887900 888831
446434 447365
98568 99499
487515 488446
797165 798096
286489 287420
998140 999071
181307 182238
778828 779759
924330 925261
74447 75378
176103 177034
305496 306427
829404 830335
779611 780542
249245 250176
520451 521382
152167 153098
188126 189057
978881 979812
849763 850694
898129 899060
69604 70535
602082 603013
341086 342017
965470 966401
207844 208775
454327 455258
159922 160853
117068 117999
239922 240853
552810 553741
435693 436624
340264 341195
193928 194859
616979 617910
365892 366823
902574 903505
945399 946330
19602 20533
670927 671858
91077 92008
15848 16779
170615 171546
480200 481131
567561 568492
829892 830823
345643 346574
610968 611899
982388 983319
6156 7087
935397 936328
79513 80444
491533 492464
547949 548880
451062 451993
223653 224584
11083 12014
683157 684088
359723 360654
128032 128963
836369 837300
269451 270382
628170 629101
154977 155908
515421 516352
159633 160564
903497 904428
12316 13247
206573 207504
841482 842413
482994 483925
935146 936077
915853 916784
712642 713573
663312 664243
777069 778000
216974 217905
258417 259348
488245 489176
607283 608214
331737 332668
103860 104791
361936 362867
494173 495104
372521 373452
772119 773050
742709 743640
645087 646018
691978 692909
335504 336435
346581 347512
785515 786446
359705 360636
434955 435886
147930 148861
376785 377716
550936 551867
38409 39340
32197 33128
566954 567885
395713 396644
555971 556902
344534 345465
883481 884412
918303 919234
83042 83973
771797 772728
426559 427490
545364 546295
46215 47146
272411 273342
172035 172966
145359 146290
174316 175247
255988 256919
830215 831146
702889 703820
976603 977534
774887 775818
982601 983532
271618 272549
791326 792257
635777 636708
819676 820607
690390 691321
130736 131667
152765 153696
514090 515021
281402 282333
548015 548946
817144 818075
992673 993604
477299 478230
22239 23170
965551 966482
2911 3842
711743 712674
775529 776460
939283 940214
134195 135126
187912 188843
185188 186119
461008 461939
616546 617477
666267 667198
507660 508591
509746 510677
805257 806188
331642 332573
186456 187387
461428 462359
366906 367837
752092 753023
334246 335177
173577 174508
387935 388866
732851 733782
797653 798584
47419 48350
874761 875692
761180 762111
733880 734811
718950 719881
950022 950953
606330 607261
435069 436000
166364 167295
12448 13379
726358 727289
372541 373472
300203 301134
50091 51022
614855 615786
48188 49119
536248 537179
719701 720632
461357 462288
841762 842693
347117 348048
118836 119767
371168 372099
365642 366573
347380 348311
748587 749518
169848 170779
713301 714232
672401 673332
274638 275569
937634 938565
509053 509984
465228 466159
541786 542717
122771 123702
143595 144526
834440 835371
596514 597445
395225 396156
442313 443244
174856 175787
335610 336541
118349 119280
184859 185790
863346 864277
378941 379872
615218 616149
98606 99537
520394 521325
814295 815226
545391 546322
508879 509810
913843 914774
31027 31958
738770 739701
322996 323927
298764 299695
786899 787830
522737 523668
934751 935682
145105 146036
643717 644648
898328 899259
871704 872635
335113 336044
628699 629630
667795 668726
315917 316848
287674 288605
158311 159242
32027 32958
704785 705716
985435 986366
81760 82691
98211 99142
359901 360832
17134 18065
316668 317599
526087 527018
477605 478536
327721 328652
498752 499683
424155 425086
167154 168085
439076 440007
691280 692211
377815 378746
979827 980758
846388 847319
385509 386440
865924 866855
25278 26209
512242 513173
552528 553459
193712 194643
701958 702889
810341 811272
917417 918348
118172 119103
486848 487779
456002 456933
352105 353036
68640 69571
347682 348613
114748 115679
302181 303112
312450 313381
968812 969743
638131 639062
925982 926913
43372 44303
486300 487231
798922 799853
381748 382679
845738 846669
626558 627489
385125 386056
604358 605289
96276 97207
155801 156732
501990 502921
742874 743805
375024 375955
400311 401242
139963 140894
409224 410155
853846 854777
998850 999781
943959 944890
75869 76800
601319 602250
586306 587237
879267 880198
950587 951518
150340 151271
451160 452091
104499 105430
827574 828505
193489 194420
615956 616887
26623 27554
178361 179292
140171 141102
214482 215413
357243 358174
672998 673929
614133 615064
523117 524048
339316 340247
781412 782343
142373 143304
315568 316499
427063 427994
954001 954932
316771 317702
686844 687775
795205 796136
484396 485327
711901 712832
938700 939631
471497 472428
14794 15725
473236 474167
679250 680181
970361 971292
304578 305509
39930 40861
759841 760772
880987 881918
629100 630031
307752 308683
128453 129384
126387 127318
897865 898796
172143 173074
902974 903905
494644 495575
439929 440860
867096 868027
866773 867704
645958 646889
285616 286547
85379 86310
44037 44968
857712 858643
433017 433948
7003 7934
813718 814649
791738 792669
341945 342876
532149 533080
532282 533213
839364 840295
735241 736172
548730 549661
910097 911028
360104 361035
771544 772475
606907 607838
345823 346754
255472 256403
16950 17881
306534 307465
736462 737393
155847 156778
546611 547542
172286 173217
32571 33502
795189 796120
208996 209927
548061 548992
410672 411603
566154 567085
45329 46260
7244 8175
955139 956070
606337 607268
331484 332415
351574 352505
251189 252120
510554 511485
792892 793823
612065 612996
572184 573115
997796 998727
165842 166773
992869 993800
992159 993090
566686 567617
141611 142542
427195 428126
825990 826921
201216 202147
79472 80403
773177 774108
630764 631695
537994 538925
321549 322480
7573 8504
519692 520623
616730 617661
117363 118294
921895 922826
984484 985415
667404 668335
371457 372388
697968 698899
236993 237924
785721 786652
101684 102615
703881 704812
828101 829032
561936 562867
675753 676684
578144 579075
175395 176326
822051 822982
192219 193150
333358 334289
810733 811664
863177 864108
357840 358771
930724 931655
549944 550875
510436 511367
538929 539860
946051 946982
478903 479834
670007 670938
513267 514198
669929 670860
448453 449384
184989 185920
277028 277959
289862 290793
976070 977001
255945 256876
910063 910994
113176 114107
677592 678523
141000 141931
43715 44646
171268 172199
972691 973622
100907 101838
893451 894382
583246 584177
308479 309410
865614 866545
219544 220475
770218 771149
160296 161227
184778 185709
42202 43133
889871 890802
653665 654596
668623 669554
326787 327718
519209 520140
866024 866955
977554 978485
652548 653479
144436 145367
843615 844546
25343 26274
558738 559669
643989 644920
607543 608474
407211 408142
861337 862268
424820 425751
259562 260493
3526 4457
105162 106093
710486 711417
749648 750579
536462 537393
316870 317801
19255 20186
407830 408761
920040 920971
439244 440175
861121 862052
886561 887492
279129 280060
517703 518634
504090 505021
310198 311129
114294 115225
517988 518919
93003 93934
801422 802353
340113 341044
41576 42507
660569 661500
778459 779390
238628 239559
638156 639087
743287 744218
762687 763618
443224 444155
987795 988726
512260 513191
886590 887521
314038 314969
818152 819083
903040 903971
344565 345496
288188 289119
229467 230398
968621 969552
956790 957721
481599 482530
678053 678984
158210 159141
776473 777404
22491 23422
755932 756863
119758 120689
814948 815879
993298 994229
9221 10152
460728 461659
303541 304472
262957 263888
691824 692755
654423 655354
216420 217351
267632 268563
246424 247355
824569 825500
10006 10937
57495 58426
979219 980150
2284 3215
944836 945767
622942 623873
354422 355353
787785 788716
88260 89191
730713 731644
61764 62695
197351 198282
258856 259787
555588 556519
512738 513669
402438 403369
643844 644775
641530 642461
182121 183052
603393 604324
610533 611464
819215 820146
949200 950131
619189 620120
124598 125529
567368 568299
273914 274845
879962 880893
700683 701614
605707 606638
459085 460016
525726 526657
737931 738862
289415 290346
188176 189107
402215 403146
84143 85074
641978 642909
497422 498353
516861 517792
820487 821418
183149 184080
247844 248775
914506 915437
161021 161952
760220 761151
855969 856900
472436 473367
87687 88618
370483 371414
45339 46270
124067 124998
771205 772136
88902 89833
61867 62798
204293 205224
10300 11231
596727 597658
564691 565622
440009 440940
486296 487227
148733 149664
636482 637413
954780 955711
211471 212402
588423 589354
63744 64675
851197 852128
229000 229931
515344 516275
580212 581143
35990 36921
513121 514052
262006 262937
526082 527013
592066 592997
390411 391342
691076 692007
952606 953537
366802 367733
39747 40678
670518 671449
979776 980707
752468 753399
903820 904751
256464 257395
671163 672094
45367 46298
898504 899435
68352 69283
191414 192345
977362 978293
921839 922770
912981 913912
77102 78033
720865 721796
630795 631726
147773 148704
833574 834505
341128 342059
845646 846577
507873 508804
170363 171294
349389 350320
785937 786868
626178 627109
769651 770582
891616 892547
718263 719194
535919 536850
653156 654087
11594 12525
156437 157368
985287 986218
52471 53402
268623 269554
276274 277205
941547 942478
803569 804500
16044 16975
75041 75972
351160 352091
592731 593662
529307 530238
331455 332386
678513 679444
35481 36412
435600 436531
56593 57524
914289 915220
184995 185926
242527 243458
777853 778784
927735 928666
624819 625750
584435 585366
929964 930895
274727 275658
118517 119448
938190 939121
275973 276904
524473 525404
498237 499168
168224 169155
164970 165901
712404 713335
298455 299386
101848 102779
712876 713807
9173 10104
564583 565514
861285 862216
845516 846447
420378 421309
664659 665590
384425 385356
712693 713624
81389 82320
187677 188608
907745 908676
192603 193534
728762 729693
104379 105310
95135 96066
573694 574625
95136 96067
300821 301752
61884 62815
534445 535376
853258 854189
127930 128861
84978 85909
755280 756211
132706 133637
518389 519320
758949 759880
253968 254899
721884 722815
104201 105132
320061 320992
953870 954801
865240 866171
993991 994922
787190 788121
987632 988563
837914 838845
238964 239895
727476 728407
302975 303906
55972 56903
178183 179114
880537 881468
931212 932143
440326 441257
201883 202814
811436 812367
827068 827999
875007 875938
503769 504700
896147 897078
301255 302186
25778 26709
975806 976737
881844 882775
774780 775711
919191 920122
448985 449916
736344 737275
481189 482120
39145 40076
156466 157397
555743 556674
891570 892501
158608 159539
233786 234717
169732 170663
588998 589929
315872 316803
38904 39835
856152 857083
225043 225974
61909 62840
595778 596709
589845 590776
962845 963776
872509 873440
577496 578427
867381 868312
986088 987019
821118 822049
389068 389999
417256 418187
176793 177724
2666 3597
566709 567640
99890 100821
398672 399603
617345 618276
931811 932742
910501 911432
403376 404307
650946 651877
884621 885552
820718 821649
105324 106255
523583 524514
403470 404401
240465 241396
351283 352214
265189 266120
926792 927723
612392 613323
569110 570041
831057 831988
53142 54073
753172 754103
355597 356528
778243 779174
503889 504820
257408 258339
333983 334914
730279 731210
377127 378058
920576 921507
355641 356572
793631 794562
585842 586773
906607 907538
495049 495980
175181 176112
581516 582447
504144 505075
718361 719292
420978 421909
852335 853266
543111 544042
665612 666543
259199 260130
30631 31562
258975 259906
472402 473333
274752 275683
272003 272934
992628 993559
378476 379407
940182 941113
307441 308372
449918 450849
186600 187531
370404 371335
680187 681118
651679 652610
588870 589801
446237 447168
411728 412659
703341 704272
330336 331267
252562 253493
874904 875835
205639 206570
402598 403529
237990 238921
26119 27050
776633 777564
574707 575638
422087 423018
818560 819491
795248 796179
493385 494316
563155 564086
115462 116393
818195 819126
490208 491139
983148 984079
215257 216188
704245 705176
566969 567900
109298 110229
509351 510282
686632 687563
424849 425780
351941 352872
326520 327451
571520 572451
631702 632633
471770 472701
415440 416371
135385 136316
590022 590953
130098 131029
89769 90700
255606 256537
926617 927548
386575 387506
860060 860991
307079 308010
704300 705231
539555 540486
668285 669216
557986 558917
60539 61470
654746 655677
721540 722471
368564 369495
828783 829714
493049 493980
407601 408532
542125 543056
257005 257936
407048 407979
890151 891082
747870 748801
447569 448500
454936 455867
439142 440073
10160 11091
402305 403236
505627 506558
232779 233710
959440 960371
597832 598763
270001 270932
377857 378788
22413 23344
961811 962742
811314 812245
63140 64071
462807 463738
426007 426938
91194 92125
346648 347579
557966 558897
285285 286216
605687 606618
105326 106257
214682 215613
31354 32285
283410 284341
514493 515424
792276 793207
946522 947453
991650 992581
468890 469821
496049 496980
263711 264642
873154 874085
893664 894595
206208 207139
309292 310223
594518 595449
161917 162848
156244 157175
79897 80828
925444 926375
192478 193409
421828 422759
866051 866982
434418 435349
725079 726010
981927 982858
353875 354806
249404 250335
379172 380103
251475 252406
777837 778768
709536 710467
652692 653623
104116 105047
246034 246965
306389 307320
975256 976187
96140 97071
990392 991323
709956 710887
505303 506234
593273 594204
549585 550516
37702 38633
417718 418649
230252 231183
434163 435094
314142 315073
453271 454202
409195 410126
913609 914540
650498 651429
972164 973095
721351 722282
641973 642904
933903 934834
756613 757544
655380 656311
46169 47100
197236 198167
758067 758998
689633 690564
811099 812030
91468 92399
324569 325500
968348 969279
515510 516441
128721 129652
516755 517686
709068 709999
843134 844065
701761 702692
506710 507641
967369 968300
308132 309063
762849 763780
601319 602250
865383 866314
332284 333215
247551 248482
93255 94186
715386 716317
948087 949018
399317 400248
849924 850855
548308 549239
758450 759381
960126 961057
601213 602144
462750 463681
321802 322733
262251 263182
441691 442622
823726 824657
139510 140441
540737 541668
794941 795872
698512 699443
370111 371042
731626 732557
338329 339260
744593 745524
823679 824610
150963 151894
38063 38994
146550 147481
378196 379127
863649 864580
713211 714142
556806 557737
997226 998157
85287 86218
791711 792642
535320 536251
297593 298524
909901 910832
68716 69647
636183 637114
370020 370951
670648 671579
432957 433888
518157 519088
662311 663242
368355 369286
935131 936062
230198 231129
560714 561645
945673 946604
100232 101163
657699 658630
289369 290300
533767 534698
61559 62490
79408 80339
645775 646706
288342 289273
803824 804755
699517 700448
136290 137221
973811 974742
468421 469352
148821 149752
783241 784172
389158 390089
717394 718325
82626 83557
80783 81714
685443 686374
898290 899221
375020 375951
618100 619031
581887 582818
367659 368590
307157 308088
62355 63286
234010 234941
862265 863196
815345 816276
183311 184242
512423 513354
602028 602959
130505 131436
69249 70180
193664 194595
670731 671662
514575 515506
746623 747554
40366 41297
850320 851251
618956 619887
335889 336820
760977 761908
110551 111482
111874 112805
4109 5040
550451 551382
150548 151479
975188 976119
353978 354909
895728 896659
296620 297551
26856 27787
688639 689570
99339 100270
409649 410580
202003 202934
64591 65522
41619 42550
555397 556328
379786 380717
431863 432794
756206 757137
840819 841750
326472 327403
357213 358144
971774 972705
623355 624286
408906 409837
255096 256027
261885 262816
346912 347843
370185 371116
406528 407459
365550 366481
695016 695947
599305 600236
280868 281799
919859 920790
25219 26150
640490 641421
397589 398520
504816 505747
252369 253300
937391 938322
180942 181873
249682 250613
801393 802324
988595 989526
234238 235169
790040 790971
27946 28877
691356 692287
527007 527938
725394 726325
463787 464718
487018 487949
715001 715932
751095 752026
571467 572398
450505 451436
883728 884659
646468 647399
522917 523848
296738 297669
318204 319135
429363 430294
661268 662199
821843 822774
402738 403669
521495 522426
96365 97296
814275 815206
418992 419923
561946 562877
801374 802305
560469 561400
328461 329392
163601 164532
364661 365592
175545 176476
348811 349742
323719 324650
918409 919340
631044 631975
468050 468981
6259 7190
566124 567055
263125 264056
122056 122987
699072 700003
185340 186271
994007 994938
564819 565750
169961 170892
456305 457236
716149 717080
69441 70372
252423 253354
65202 66133
724636 725567
678052 678983
584378 585309
376437 377368
601697 602628
690248 691179
895286 896217
114809 115740
489945 490876
949143 950074
438118 439049
577138 578069
509972 510903
28813 29744
991632 992563
538666 539597
425329 426260
325754 326685
713680 714611
769020 769951
907899 908830
679378 680309
143332 144263
402633 403564
587579 588510
497873 498804
19571 20502
524496 525427
848924 849855
586066 586997
722339 723270
132997 133928
219644 220575
971692 972623
613987 614918
321993 322924
44267 45198
216227 217158
265311 266242
824367 825298
731302 732233
796155 797086
583593 584524
135465 136396
993699 994630
926101 927032
7858 8789
711505 712436
131289 132220
763037 763968
981936 982867
458137 459068
943807 944738
929666 930597
764293 765224
935471 936402
251431 252362
640734 641665
186172 187103
371049 371980
725582 726513
106600 107531
43677 44608
44817 45748
850473 851404
617195 618126
163738 164669
175737 176668
981034 981965
145001 145932
45098 46029
856565 857496
619346 620277
21419 22350
341552 342483
440841 441772
288880 289811
985057 985988
80315 81246
116243 117174
532622 533553
567055 567986
563220 564151
14729 15660
72145 73076
671285 672216
445204 446135
252559 253490
255947 256878
784104 785035
970707 971638
247673 248604
767639 768570
693111 694042
748987 749918
821259 822190
223242 224173
849921 850852
384356 385287
552859 553790
876153 877084
855492 856423
947710 948641
207093 208024
786602 787533
48718 49649
189212 190143
576515 577446
677293 678224
942098 943029
232939 233870
943294 944225
502583 503514
443099 444030
426337 427268
349697 350628
377154 378085
614612 615543
886777 887708
131680 132611
178403 179334
72757 73688
252522 253453
972654 973585
269810 270741
698689 699620
243307 244238
440214 441145
305831 306762
755493 756424
985356 986287
301653 302584
911780 912711
159528 160459
716560 717491
780337 781268
565042 565973
776583 777514
189186 190117
418685 419616
902076 903007
804321 805252
845823 846754
423085 424016
166401 167332
661366 662297
65102 66033
244767 245698
550557 551488
654311 655242
72515 73446
550438 551369
86200 87131
909447 910378
748619 749550
311240 312171
896628 897559
118577 119508
869328 870259
974301 975232
397197 398128
557948 558879
665159 666090
252450 253381
629067 629998
787834 788765
271089 272020
415601 416532
793223 794154
946595 947526
575446 576377
170789 171720
664894 665825
516394 517325
334189 335120
948229 949160
310790 311721
712085 713016
202997 203928
138891 139822
870852 871783
467148 468079
196291 197222
284844 285775
376788 377719
206682 207613
791878 792809
419395 420326
864806 865737
66664 67595
516673 517604
770569 771500
575389 576320
194741 195672
303872 304803
378514 379445
994337 995268
134032 134963
338109 339040
896380 897311
725447 726378
648429 649360
450570 451501
611868 612799
813574 814505
705518 706449
645365 646296
885368 886299
235739 236670
636549 637480
808383 809314
679551 680482
461640 462571
836895 837826
852418 853349
426862 427793
252481 253412
340326 341257
635826 636757
582424 583355
560600 561531
382271 383202
728527 729458
324017 324948
3801 4732
437433 438364
714570 715501
899790 900721
93283 94214
488591 489522
199798 200729
394774 395705
848562 849493
708244 709175
266864 267795
15432 16363
652022 652953
781517 782448
310247 311178
377603 378534
706102 707033
307519 308450
126706 127637
248742 249673
194884 195815
671484 672415
778884 779815
309179 310110
91314 92245
869 1800
416930 417861
18878 19809
93587 94518
708965 709896
311345 312276
501820 502751
90714 91645
935033 935964
21226 22157
337944 338875
519736 520667
917380 918311
246063 246994
123249 124180
551672 552603
246315 247246
476533 477464
329543 330474
298573 299504
154091 155022
681504 682435
597066 597997
882365 883296
736642 737573
988404 989335
193769 194700
574913 575844
812654 813585
247887 248818
559104 560035
921706 922637
710804 711735
685009 685940
320571 321502
745412 746343
656293 657224
125557 126488
74744 75675
362900 363831
920765 921696
245185 246116
544421 545352
304380 305311
43079 44010
278108 279039
330079 331010
821836 822767
469860 470791
595987 596918
998739 999670
409467 410398
924848 925779
63040 63971
53202 54133
659269 660200
78213 79144
786188 787119
151942 152873
197509 198440
114102 115033
991197 992128
503148 504079
798761 799692
326883 327814
839128 840059
849675 850606
846834 847765
492073 493004
126855 127786
196301 197232
206285 207216
600121 601052
990412 991343
463996 464927
642266 643197
167950 168881
6786 7717
862480 863411
767109 768040
664262 665193
75685 76616
691481 692412
725873 726804
485194 486125
329601 330532
343523 344454
573461 574392
183360 184291
287794 288725
422577 423508
758433 759364
258988 259919
669087 670018
466142 467073
171508 172439
710014 710945
637098 638029
914150 915081
409050 409981
161263 162194
853431 854362
3297 4228
618468 619399
856516 857447
446659 447590
22121 23052
538551 539482
251700 252631
850839 851770
287353 288284
188423 189354
926008 926939
721726 722657
379608 380539
26659 27590
595530 596461
204781 205712
650300 651231
704115 705046
767958 768889
797147 798078
404040 404971
325187 326118
156621 157552
392437 393368
360481 361412
50155 51086
350155 351086
297447 298378
725446 726377
574514 575445
699060 699991
508368 509299
895034 895965
744686 745617
508322 509253
238018 238949
590831 591762
150083 151014
189432 190363
74964 75895
873052 873983
341733 342664
615657 616588
596473 597404
417146 418077
658975 659906
735030 735961
639393 640324
377181 378112
399946 400877
150726 151657
500645 501576
944627 945558
279885 280816
16841 17772
856304 857235
427507 428438
345413 346344
42895 43826
453063 453994
93164 94095
874719 875650
359998 360929
704125 705056
585198 586129
654773 655704
151442 152373
735841 736772
102366 103297
123929 124860
650351 651282
158172 159103
80264 81195
221258 222189
336377 337308
452315 453246
644254 645185
859525 860456
588555 589486
816642 817573
824580 825511
782520 783451
928779 929710
834412 835343
978519 979450
932055 932986
819709 820640
172515 173446
79217 80148
55805 56736
779295 780226
226813 227744
74868 75799
78749 79680
989714 990645
373506 374437
582561 583492
453479 454410
381694 382625
3449 4380
27004 27935
652952 653883
288544 289475
659677 660608
150472 151403
650436 651367
665348 666279
969602 970533
358365 359296
253831 254762
503514 504445
168264 169195
132603 133534
604605 605536
369205 370136
634208 635139
906462 907393
956328 957259
639051 639982
312890 313821
436271 437202
215530 216461
179516 180447
894405 895336
119756 120687
326877 327808
51024 51955
988544 989475
55165 56096
542796 543727
174123 175054
484295 485226
826609 827540
632380 633311
571285 572216
814080 815011
578980 579911
735609 736540
672276 673207
514705 515636
640034 640965
159614 160545
156035 156966
689857 690788
305111 306042
812956 813887
227991 228922
57238 58169
449900 450831
688279 689210
219175 220106
296142 297073
660634 661565
98730 99661
993499 994430
760309 761240
406911 407842
795254 796185
259844 260775
355135 356066
48790 49721
949764 950695
733535 734466
203158 204089
4166 5097
471215 472146
208717 209648
633091 634022
53770 54701
809159 810090
3016 3947
422085 423016
994776 995707
811048 811979
26424 27355
654529 655460
821659 822590
941286 942217
46501 47432
626202 627133
334528 335459
85001 85932
248566 249497
686069 687000
85607 86538
815056 815987
314700 315631
905143 906074
195465 196396
549062 549993
645375 646306
781918 782849
105013 105944
455871 456802
678002 678933
494943 495874
837956 838887
313619 314550
626277 627208
160968 161899
278689 279620
663411 664342
409688 410619
120384 121315
790878 791809
898407 899338
356611 357542
701822 702753
374555 375486
476663 477594
260969 261900
583268 584199
714181 715112
615580 616511
118282 119213
587629 588560
54974 55905
56321 57252
904732 905663
557176 558107
595074 596005
291965 292896
772834 773765
220911 221842
961821 962752
816473 817404
820722 821653
365385 366316
854149 855080
312921 313852
895422 896353
93145 94076
298853 299784
754504 755435
288291 289222
272317 273248
686094 687025
347026 347957
257350 258281
861851 862782
645723 646654
417338 418269
105916 106847
844499 845430
102295 103226
274397 275328
32001 32932
190928 191859
310868 311799
271900 272831
249330 250261
145915 146846
499347 500278
313174 314105
298033 298964
803084 804015
886922 887853
429654 430585
450089 451020
699774 700705
758054 758985
749282 750213
51293 52224
403796 404727
541934 542865
868291 869222
174406 175337
969557 970488
633051 633982
249849 250780
949799 950730
226863 227794
181939 182870
676323 677254
21588 22519
705996 706927
320785 321716
918915 919846
121517 122448
565498 566429
222852 223783
282272 283203
471644 472575
256478 257409
851239 852170
804336 805267
560623 561554
325357 326288
759354 760285
228121 229052
102639 103570
289566 290497
37641 38572
908955 909886
780960 781891
277532 278463
316949 317880
181779 182710
346053 346984
541802 542733
236763 237694
499040 499971
80664 81595
158294 159225
704605 705536
920046 920977
787965 788896
833852 834783
374790 375721
230383 231314
483606 484537
316688 317619
734530 735461
69305 70236
244198 245129
989818 990749
201692 202623
239197 240128
454153 455084
739062 739993
290196 291127
980887 981818
239172 240103
107421 108352
806930 807861
291323 292254
312366 313297
730312 731243
133793 134724
557404 558335
488809 489740
699245 700176
219439 220370
779561 780492
657753 658684
950143 951074
654371 655302
626515 627446
714397 715328
757859 758790
934961 935892
440160 441091
512689 513620
597248 598179
777613 778544
493031 493962
8325 9256
9262 10193
379082 380013
707490 708421
848776 849707
749442 750373
727554 728485
544883 545814
980311 981242
755431 756362
386887 387818
441496 442427
826651 827582
166320 167251
791008 791939
540132 541063
810258 811189
68914 69845
480101 481032
898247 899178
845199 846130
38794 39725
76252 77183
247995 248926
701885 702816
329560 330491
274612 275543
606582 607513
344387 345318
471383 472314
435152 436083
943670 944601
791550 792481
389858 390789
64238 65169
751389 752320
496908 497839
36984 37915
813743 814674
298868 299799
445361 446292
552243 553174
193202 194133
467985 468916
255721 256652
542618 543549
102490 103421
956161 957092
311039 311970
430432 431363
730050 730981
99147 100078
2750 3681
870009 870940
92822 93753
171174 172105
105975 106906
29682 30613
615578 616509
650661 651592
832473 833404
745198 746129
313091 314022
171648 172579
16394 17325
28363 29294
572516 573447
435184 436115
462025 462956
563889 564820
721978 722909
425246 426177
467459 468390
585028 585959
601741 602672
144405 145336
121001 121932
399000 399931
786613 787544
84541 85472
480838 481769
791444 792375
57250 58181
557094 558025
204384 205315
451681 452612
186937 187868
660999 661930
428027 428958
565143 566074
264291 265222
383823 384754
955888 956819
210412 211343
818611 819542
731514 732445
423337 424268
313409 314340
260682 261613
14011 14942
962030 962961
653764 654695
241909 242840
975959 976890
277708 278639
495690 496621
543903 544834
536713 537644
490074 491005
511642 512573
359465 360396
472503 473434
660672 661603
442806 443737
561918 562849
523232 524163
114465 115396
185268 186199
380107 381038
854145 855076
539066 539997
381509 382440
175536 176467
291889 292820
814255 815186
210786 211717
899376 900307
838081 839012
532668 533599
639463 640394
3966 4897
276163 277094
586483 587414
118494 119425
713489 714420
337226 338157
337269 338200
312705 313636
565258 566189
402593 403524
203415 204346
811769 812700
392566 393497
694685 695616
345979 346910
406832 407763
560628 561559
135752 136683
392115 393046
335009 335940
346926 347857
565038 565969
829812 830743
439327 440258
742432 743363
822742 823673
183539 184470
541557 542488
353675 354606
483368 484299
330765 331696
420118 421049
658163 659094
582320 583251
425996 426927
472370 473301
587452 588383
694318 695249
763522 764453
766241 767172
92279 93210
904082 905013
654108 655039
742649 743580
742600 743531
90351 91282
315289 316220
978820 979751
775962 776893
646544 647475
718609 719540
358024 358955
862726 863657
666704 667635
891560 892491
656954 657885
701944 702875
87059 87990
615580 616511
682444 683375
735785 736716
5300 6231
378133 379064
863157 864088
834961 835892
906380 907311
295657 296588
783906 784837
90855 91786
236799 237730
384389 385320
515516 516447
974512 975443
815207 816138
807105 808036
40479 41410
903857 904788
644202 645133
764484 765415
915153 916084
642249 643180
230523 231454
423707 424638
610723 611654
771029 771960
384133 385064
55503 56434
860293 861224
600053 600984
747421 748352
569991 570922
10911 11842
213678 214609
69435 70366
516599 517530
461243 462174
275219 276150
144041 144972
486572 487503
455103 456034
568631 569562
775495 776426
986163 987094
55793 56724
708429 709360
479354 480285
850803 851734
251269 252200
309937 310868
79293 80224
585577 586508
468000 468931
240506 241437
46582 47513
948068 948999
794048 794979
857688 858619
842348 843279
977718 978649
629712 630643
303430 304361
983995 984926
636774 637705
878592 879523
836968 837899
739411 740342
692488 693419
153357 154288
39981 40912
284663 285594
579725 580656
877600 878531
413749 414680
192630 193561
313845 314776
871192 872123
111443 112374
468760 469691
932586 933517
206676 207607
30539 31470
578100 579031
570602 571533
5693 6624
554941 555872
785457 786388
546564 547495
997073 998004
455351 456282
930289 931220
695532 696463
232376 233307
417983 418914
179617 180548
168089 169020
872912 873843
293105 294036
736585 737516
210916 211847
94160 95091
387080 388011
903265 904196
630544 631475
337302 338233
226118 227049
510808 511739
410140 411071
704880 705811
102488 103419
651068 651999
414902 415833
563708 564639
974082 975013
87675 88606
870191 871122
274348 275279
932404 933335
981519 982450
283967 284898
956646 957577
760264 761195
781571 782502
237898 238829
271641 272572
819216 820147
282149 283080
474272 475203
780440 781371
869762 870693
409216 410147
985276 986207
565937 566868
727888 728819
89563 90494
687332 688263
905120 906051
434085 435016
611906 612837
988492 989423
859728 860659
629733 630664
224484 225415
694877 695808
430200 431131
304524 305455
66532 67463
889001 889932
391147 392078
674253 675184
335343 336274
30923 31854
191265 192196
807313 808244
170142 171073
233367 234298
583591 584522
199837 200768
912835 913766
834488 835419
787068 787999
916850 917781
651265 652196
437166 438097
930848 931779
816790 817721
342957 343888
637929 638860
372600 373531
988090 989021
69126 70057
79059 79990
535990 536921
572664 573595
742235 743166
872721 873652
685297 686228
972447 973378
189691 190622
790396 791327
7239 8170
436823 437754
827809 828740
373793 374724
836824 837755
615363 616294
186762 187693
889071 890002
20456 21387
697021 697952
963013 963944
784229 785160
769373 770304
797948 798879
231291 232222
178769 179700
393156 394087
267527 268458
949373 950304
416713 417644
768387 769318
370367 371298
48865 49796
661291 662222
584048 584979
72634 73565
309277 310208
161675 162606
528253 529184
259895 260826
894489 895420
904543 905474
335547 336478
625819 626750
800053 800984
357940 358871
616342 617273
464862 465793
706172 707103
962780 963711
199346 200277
356886 357817
608915 609846
404566 405497
24706 25637
757656 758587
635844 636775
536894 537825
107317 108248
244232 245163
93138 94069
444291 445222
544538 545469
636805 637736
417911 418842
191593 192524
536680 537611
524371 525302
536077 537008
950125 951056
646216 647147
568649 569580
221557 222488
982715 983646
692557 693488
412961 413892
179302 180233
175885 176816
272909 273840
453260 454191
322192 323123
588045 588976
608894 609825
980061 980992
211336 212267
18832 19763
904073 905004
581902 582833
620751 621682
67001 67932
119777 120708
576566 577497
766770 767701
833717 834648
359360 360291
631379 632310
288547 289478
544606 545537
163991 164922
663904 664835
575127 576058
692626 693557
995015 995946
206808 207739
630061 630992
849417 850348
347976 348907
214565 215496
778631 779562
343189 344120
451900 452831
366034 366965
496420 497351
325148 326079
413659 414590
192222 193153
194987 195918
35977 36908
225684 226615
614839 615770
743062 743993
227396 228327
72524 73455
101177 102108
909501 910432
441112 442043
634317 635248
17673 18604
620625 621556
419143 420074
534245 535176
231891 232822
837663 838594
711770 712701
338519 339450
796906 797837
199659 200590
907332 908263
197018 197949
966248 967179
591525 592456
410388 411319
344564 345495
588507 589438
51129 52060
648716 649647
659515 660446
151428 152359
643828 644759
787673 788604
177811 178742
124838 125769
687376 688307
190875 191806
180052 180983
776637 777568
221971 222902
837656 838587
732147 733078
662367 663298
538940 539871
530093 531024
32258 33189
386670 387601
376481 377412
663295 664226
558843 559774
114631 115562
148121 149052
791176 792107
545012 545943
751014 751945
704209 705140
789560 790491
313167 314098
452703 453634
690182 691113
259523 260454
211444 212375
252610 253541
434047 434978
357041 357972
806129 807060
13535 14466
221701 222632
727169 728100
970593 971524
437811 438742
915560 916491
38486 39417
92473 93404
682192 683123
223249 224180
172869 173800
908495 909426
873764 874695
951144 952075
839753 840684
545062 545993
641441 642372
831920 832851
145376 146307
69163 70094
123271 124202
763070 764001
258581 259512
536358 537289
821931 822862
850179 851110
544197 545128
579744 580675
154129 155060
645679 646610
277035 277966
526989 527920
262064 262995
500557 501488
408118 409049
978768 979699
864855 865786
169908 170839
844755 845686
850635 851566
743502 744433
220177 221108
685790 686721
251915 252846
618190 619121
157561 158492
17941 18872
627625 628556
147931 148862
934676 935607
53117 54048
855388 856319
356107 357038
516723 517654
721880 722811
820448 821379
459425 460356
214130 215061
526115 527046
826324 827255
981008 981939
123602 124533
941623 942554
454676 455607
3865 4796
116848 117779
481765 482696
823954 824885
682590 683521
610433 611364
666080 667011
551208 552139
861382 862313
121406 122337
623400 624331
930577 931508
908285 909216
208253 209184
336634 337565
870686 871617
678439 679370
345430 346361
292304 293235
100287 101218
822037 822968
277374 278305
355317 356248
309756 310687
65992 66923
91684 92615
80804 81735
231637 232568
995005 995936
83825 84756
207922 208853
356581 357512
601705 602636
993752 994683
604400 605331
397315 398246
540617 541548
10994 11925
407941 408872
626083 627014
560900 561831
208025 208956
431906 432837
689140 690071
31840 32771
332960 333891
393528 394459
758077 759008
426582 427513
936456 937387
393761 394692
799159 800090
829460 830391
470334 471265
165156 166087
274533 275464
587783 588714
914868 915799
420259 421190
710682 711613
394201 395132
357297 358228
283385 284316
455560 456491
62659 63590
195259 196190
941136 942067
411754 412685
743095 744026
554736 555667
390210 391141
36490 37421
760930 761861
517776 518707
95107 96038
145718 146649
417520 418451
885076 886007
204700 205631
931295 932226
283211 284142
968644 969575
929331 930262
464844 465775
885812 886743
579712 580643
514186 515117
191870 192801
869985 870916
429287 430218
47763 48694
256868 257799
767330 768261
503965 504896
722146 723077
939026 939957
30272 31203
111626 112557
428332 429263
750388 751319
998482 999413
285791 286722
360801 361732
962765 963696
209125 210056
262889 263820
876246 877177
688131 689062
25523 26454
504819 505750
332277 333208
312643 313574
572528 573459
948865 949796
276130 277061
760937 761868
393750 394681
651692 652623
823993 824924
219799 220730
397263 398194
993613 994544
129254 130185
320502 321433
887508 888439
62738 63669
337133 338064
367712 368643
975504 976435
957878 958809
307022 307953
814143 815074
554447 555378
315933 316864
60900 61831
752911 753842
390207 391138
245923 246854
753485 754416
496991 497922
798436 799367
397806 398737
502443 503374
728945 729876
607483 608414
915462 916393
300504 301435
484622 485553
31136 32067
436024 436955
51755 52686
384901 385832
265846 266777
376620 377551
895808 896739
8797 9728
354348 355279
531136 532067
32789 33720
78794 79725
159932 160863
384565 385496
809713 810644
386641 387572
52616 53547
96399 97330
540000 540931
473647 474578
402835 403766
787435 788366
186214 187145
944253 945184
990094 991025
457372 458303
530660 531591
494342 495273
974598 975529
39250 40181
742105 743036
110006 110937
990069 991000
455848 456779
607292 608223
922587 923518
750927 751858
609138 610069
53627 54558
563286 564217
203725 204656
16212 17143
825969 826900
729574 730505
945728 946659
846597 847528
612365 613296
191715 192646
383673 384604
325830 326761
542508 543439
30460 31391
580909 581840
727000 727931
86042 86973
885029 885960
721004 721935
876554 877485
458834 459765
332576 333507
899907 900838
663937 664868
231314 232245
503532 504463
304903 305834
63795 64726
963301 964232
463567 464498
316127 317058
982342 983273
452882 453813
276579 277510
595854 596785
7238 8169
282991 283922
720656 721587
197813 198744
970602 971533
638011 638942
977142 978073
810353 811284
335414 336345
122218 123149
917831 918762
310077 311008
111575 112506
137612 138543
342142 343073
941297 942228
70846 71777
238081 239012
885750 886681
924588 925519
923333 924264
578292 579223
10556 11487
481768 482699
879400 880331
501785 502716
866266 867197
472483 473414
255985 256916
590429 591360
523104 524035
830035 830966
825428 826359
952620 953551
424554 425485
415147 416078
219645 220576
935081 936012
307423 308354
672278 673209
294642 295573
919087 920018
973863 974794
2541 3472
906554 907485
646663 647594
62507 63438
712747 713678
276871 277802
429119 430050
469693 470624
959303 960234
223557 224488
504953 505884
901443 902374
360986 361917
845952 846883
558591 559522
333624 334555
61941 62872
867962 868893
49876 50807
350600 351531
573420 574351
580866 581797
979245 980176
47024 47955
310311 311242
361828 362759
975538 976469
49866 50797
704429 705360
217715 218646
792769 793700
364951 365882
530448 531379
597223 598154
177657 178588
876880 877811
399561 400492
132884 133815
389040 389971
231013 231944
159987 160918
763974 764905
548502 549433
717949 718880
664461 665392
933397 934328
976579 977510
699558 700489
976367 977298
445758 446689
769834 770765
409619 410550
396144 397075
309929 310860
677760 678691
475073 476004
896433 897364
856065 856996
980708 981639
364035 364966
697495 698426
281766 282697
807719 808650
435044 435975
829165 830096
690018 690949
964238 965169
554140 555071
456089 457020
374724 375655
155721 156652
879923 880854
754026 754957
856847 857778
847211 848142
644279 645210
910799 911730
472169 473100
61169 62100
891127 892058
710680 711611
641848 642779
192404 193335
844527 845458
122107 123038
508226 509157
561189 562120
483353 484284
291802 292733
169775 170706
924902 925833
793505 794436
546792 547723
888414 889345
248215 249146
258442 259373
13447 14378
565969 566900
990163 991094
537616 538547
203379 204310
139277 140208
46141 47072
466124 467055
443884 444815
448974 449905
750803 751734
339920 340851
135205 136136
24972 25903
458267 459198
331491 332422
725998 726929
775516 776447
205601 206532
344270 345201
581669 582600
120944 121875
843956 844887
581972 582903
614698 615629
353694 354625
291255 292186
315153 316084
123474 124405
6779 7710
586154 587085
385545 386476
449702 450633
827050 827981
642609 643540
289938 290869
352493 353424
907669 908600
907659 908590
39127 40058
94926 95857
743250 744181
386356 387287
769673 770604
374851 375782
236477 237408
702644 703575
337643 338574
189991 190922
308726 309657
971889 972820
133049 133980
319321 320252
797811 798742
941725 942656
419224 420155
215508 216439
77943 78874
670485 671416
71588 72519
93147 94078
350853 351784
125433 126364
318736 319667
485944 486875
639103 640034
366248 367179
874153 875084
92854 93785
699683 700614
531929 532860
518143 519074
751148 752079
130475 131406
393262 394193
511618 512549
611552 612483
340515 341446
980836 981767
492478 493409
819031 819962
248417 249348
780761 781692
850403 851334
560680 561611
277445 278376
811143 812074
501949 502880
388125 389056
613276 614207
907917 908848
366416 367347
333417 334348
751900 752831
290361 291292
553692 554623
16939 17870
865151 866082
326191 327122
306134 307065
919944 920875
386135 387066
950300 951231
4034 4965
326362 327293
335596 336527
607867 608798
698910 699841
307593 308524
367338 368269
236538 237469
175082 176013
53269 54200
903418 904349
109740 110671
883727 884658
131424 132355
278447 279378
681952 682883
296732 297663
156753 157684
557300 558231
159186 160117
679612 680543
571213 572144
385007 385938
522369 523300
514208 515139
819484 820415
14019 14950
567197 568128
766286 767217
965412 966343
806418 807349
42306 43237
196098 197029
221298 222229
68252 69183
963297 964228
484352 485283
598585 599516
467920 468851
346508 347439
604585 605516
295554 296485
247079 248010
757037 757968
831161 832092
84094 85025
964384 965315
543444 544375
745550 746481
116361 117292
918211 919142
897672 898603
884841 885772
133726 134657
961159 962090
808503 809434
232959 233890
288297 289228
309458 310389
716458 717389
492851 493782
674915 675846
984345 985276
805989 806920
875375 876306
879751 880682
6219 7150
250183 251114
688042 688973
688307 689238
990797 991728
88716 89647
554810 555741
439882 440813
435874 436805
125273 126204
44857 45788
756841 757772
242093 243024
529133 530064
22976 23907
688806 689737
604721 605652
25560 26491
552203 553134
300542 301473
17453 18384
313006 313937
99057 99988
901587 902518
234356 235287
866677 867608
40048 40979
261088 262019
635778 636709
842429 843360
958455 959386
363555 364486
811142 812073
352935 353866
135867 136798
995817 996748
951944 952875
478971 479902
336999 337930
453326 454257
922937 923868
50142 51073
114459 115390
586565 587496
93231 94162
129520 130451
805746 806677
831757 832688
654154 655085
661808 662739
788905 789836
827564 828495
395866 396797
92239 93170
568550 569481
596742 597673
141833 142764
906643 907574
315726 316657
84489 85420
132241 133172
976384 977315
773807 774738
983485 984416
680351 681282
158781 159712
761761 762692
171240 172171
746343 747274
963636 964567
882746 883677
832565 833496
547508 548439
509335 510266
375494 376425
972123 973054
753851 754782
851999 852930
730709 731640
897889 898820
635630 636561
824665 825596
593089 594020
790263 791194
324076 325007
797874 798805
724491 725422
974744 975675
553898 554829
516694 517625
653863 654794
488071 489002
61113 62044
829015 829946
19827 20758
454983 455914
722326 723257
513042 513973
309949 310880
224294 225225
548635 549566
419592 420523
150873 151804
326975 327906
871047 871978
739660 740591
942831 943762
842145 843076
266699 267630
104384 105315
904281 905212
679452 680383
625251 626182
657056 657987
399864 400795
154362 155293
238882 239813
461505 462436
342825 343756
81664 82595
153649 154580
411265 412196
282288 283219
209159 210090
804625 805556
776587 777518
869008 869939
134744 135675
933630 934561
42100 43031
141496 142427
91211 92142
871796 872727
29586 30517
998896 999827
30353 31284
81149 82080
72115 73046
859749 860680
539550 540481
262792 263723
688159 689090
476843 477774
105213 106144
757712 758643
828697 829628
988006 988937
224765 225696
563740 564671
659536 660467
656938 657869
833396 834327
568209 569140
165854 166785
462471 463402
597588 598519
860273 861204
811708 812639
864967 865898
422731 423662
844468 845399
216182 217113
560896 561827
679701 680632
809958 810889
803021 803952
935224 936155
82034 82965
672279 673210
291123 292054
833895 834826
965705 966636
770110 771041
230560 231491
667710 668641
733630 734561
265470 266401
56428 57359
619650 620581
991658 992589
340427 341358
187129 188060
249871 250802
521253 522184
97700 98631
782697 783628
514628 515559
666961 667892
665835 666766
721392 722323
928563 929494
609655 610586
274189 275120
498493 499424
30175 31106
531840 532771
88257 89188
19830 20761
485834 486765
380339 381270
118588 119519
647999 648930
741833 742764
2487 3418
224811 225742
844723 845654
382693 383624
525987 526918
28793 29724
768859 769790
911377 912308
724755 725686
325079 326010
944965 945896
518821 519752
714238 715169
455249 456180
107675 108606
745716 746647
916922 917853
505176 506107
468658 469589
297541 298472
62211 63142
544292 545223
438312 439243
450380 451311
894788 895719
951624 952555
442723 443654
179331 180262
485977 486908
613605 614536
362839 363770
762357 763288
561994 562925
209048 209979
751338 752269
660220 661151
949045 949976
614744 615675
803781 804712
755001 755932
565711 566642
846682 847613
588048 588979
390312 391243
911839 912770
539727 540658
973771 974702
888785 889716
472374 473305
652832 653763
795414 796345
798766 799697
718119 719050
60613 61544
635967 636898
49775 50706
93772 94703
859170 860101
105379 106310
291399 292330
782292 783223
359778 360709
427596 428527
745768 746699
686902 687833
195400 196331
817451 818382
505457 506388
281946 282877
473563 474494
604876 605807
647119 648050
242891 243822
12619 13550
388083 389014
630467 631398
67810 68741
321211 322142
513224 514155
764837 765768
96804 97735
283329 284260
734572 735503
249132 250063
344231 345162
986277 987208
887796 888727
557530 558461
3805 4736
324771 325702
979789 980720
987950 988881
143862 144793
324992 325923
50263 51194
755798 756729
847180 848111
825041 825972
601393 602324
802978 803909
741653 742584
402076 403007
820102 821033
681209 682140
769300 770231
307340 308271
52836 53767
216186 217117
658974 659905
578231 579162
438775 439706
849544 850475
537773 538704
869147 870078
681757 682688
498100 499031
64591 65522
834408 835339
469828 470759
840980 841911
162182 163113
243494 244425
457187 458118
831180 832111
611813 612744
132516 133447
251848 252779
300613 301544
488594 489525
529035 529966
44944 45875
507049 507980
81319 82250
127565 128496
491756 492687
127423 128354
623599 624530
989559 990490
441338 442269
140927 141858
905115 906046
738287 739218
205446 206377
670193 671124
769967 770898
12824 13755
186920 187851
789633 790564
236506 237437
593752 594683
377531 378462
624470 625401
402150 403081
395310 396241
295354 296285
473447 474378
146198 147129
723887 724818
8451 9382
809956 810887
385304 386235
541209 542140
24758 25689
163787 164718
991165 992096
296903 297834
266162 267093
412928 413859
346619 347550
917018 917949
198076 199007
268016 268947
727996 728927
813499 814430
413021 413952
160119 161050
863764 864695
182313 183244
595799 596730
894026 894957
505281 506212
276330 277261
433162 434093
798605 799536
203147 204078
835129 836060
396105 397036
46304 47235
897178 898109
577247 578178
215108 216039
978861 979792
479666 480597
323024 323955
731802 732733
456332 457263
696038 696969
730887 731818
309361 310292
526972 527903
155085 156016
205798 206729
391466 392397
519796 520727
667305 668236
150863 151794
531293 532224
806067 806998
424341 425272
5100 6031
764132 765063
206112 207043
700886 701817
670893 671824
191067 191998
993513 994444
851157 852088
288625 289556
480368 481299
454106 455037
111131 112062
291091 292022
681109 682040
40851 41782
705518 706449
161633 162564
816160 817091
394743 395674
995057 995988
923159 924090
217485 218416
804968 805899
436000 436931
695306 696237
583231 584162
554400 555331
990318 991249
341413 342344
175338 176269
235752 236683
223348 224279
583321 584252
726266 727197
82418 83349
266475 267406
131920 132851
275896 276827
501121 502052
254989 255920
140289 141220
990747 991678
7403 8334
229232 230163
526549 527480
319763 320694
968178 969109
68206 69137
53377 54308
438249 439180
196658 197589
491230 492161
377854 378785
866628 867559
79478 80409
243246 244177
46817 47748
720902 721833
308738 309669
633749 634680
798403 799334
586846 587777
660818 661749
754129 755060
691341 692272
681088 682019
651865 652796
85446 86377
561537 562468
852820 853751
618950 619881
576537 577468
700380 701311
972353 973284
427857 428788
322526 323457
810474 811405
532695 533626
342217 343148
713294 714225
462347 463278
570982 571913
775548 776479
41212 42143
867881 868812
766559 767490
772697 773628
282332 283263
816359 817290
676418 677349
470336 471267
88219 89150
65149 66080
8940 9871
48604 49535
772973 773904
873172 874103
460475 461406
612617 613548
79866 80797
53571 54502
737170 738101
642674 643605
449220 450151
849680 850611
299323 300254
833588 834519
780037 780968
268841 269772
501749 502680
298464 299395
256884 257815
278409 279340
573987 574918
741354 742285
468003 468934
956977 957908
639305 640236
643999 644930
370363 371294
535429 536360
662310 663241
325918 326849
717005 717936
797755 798686
933147 934078
699655 700586
29531 30462
920930 921861
44958 45889
607128 608059
897977 898908
103145 104076
492916 493847
874382 875313
663097 664028
283171 284102
352001 352932
366221 367152
589210 590141
222034 222965
526808 527739
549371 550302
539712 540643
158141 159072
51017 51948
655910 656841
919145 920076
904240 905171
186223 187154
421217 422148
742749 743680
510241 511172
134538 135469
366543 367474
476404 477335
957186 958117
960390 961321
874425 875356
225582 226513
842590 843521
308845 309776
645522 646453
393028 393959
567437 568368
359801 360732
548844 549775
948120 949051
93929 94860
781351 782282
169450 170381
44915 45846
874989 875920
945033 945964
436597 437528
792402 793333
28574 29505
487171 488102
968463 969394
884033 884964
372736 373667
483537 484468
110550 111481
130478 131409
518122 519053
438593 439524
200071 201002
997444 998375
859612 860543
483465 484396
363645 364576
708742 709673
592909 593840
559483 560414
683308 684239
291885 292816
755563 756494
874536 875467
404885 405816
297727 298658
823758 824689
704930 705861
896500 897431
426415 427346
786888 787819
367113 368044
279700 280631
956111 957042
453736 454667
726835 727766
689372 690303
466652 467583
187627 188558
869992 870923
610170 611101
395209 396140
145744 146675
805008 805939
450977 451908
982913 983844
937387 938318
805022 805953
291204 292135
972483 973414
850691 851622
889087 890018
263493 264424
629200 630131
321892 322823
427994 428925
903390 904321
132878 133809
665427 666358
483449 484380
135583 136514
968103 969034
488128 489059
860575 861506
587556 588487
953958 954889
813852 814783
5217 6148
206399 207330
951134 952065
341387 342318
42183 43114
262393 263324
90352 91283
866698 867629
133424 134355
180144 181075
14929 15860
505880 506811
670648 671579
743098 744029
317156 318087
843620 844551
406848 407779
556062 556993
409341 410272
122756 123687
653827 654758
81863 82794
524626 525557
786739 787670
879703 880634
395854 396785
575316 576247
745757 746688
125277 126208
650819 651750
476709 477640
835161 836092
329246 330177
59982 60913
418238 419169
160430 161361
529957 530888
470738 471669
794145 795076
936200 937131
660053 660984
157508 158439
975670 976601
477771 478702
61658 62589
211716 212647
763686 764617
99203 100134
956158 957089
552053 552984
110443 111374
133931 134862
71573 72504
722876 723807
181658 182589
506770 507701
4519 5450
152419 153350
170393 171324
259444 260375
451739 452670
256923 257854
269965 270896
727263 728194
113063 113994
997550 998481
828161 829092
999029 999960
670326 671257
235155 236086
578169 579100
107736 108667
629833 630764
68359 69290
721314 722245
673945 674876
35830 36761
332410 333341
989823 990754
215700 216631
92199 93130
717331 718262
300758 301689
869503 870434
14457 15388
702499 703430
756807 757738
789200 790131
164325 165256
625899 626830
599068 599999
501413 502344
240976 241907
215611 216542
936557 937488
368025 368956
120032 120963
410277 411208
798673 799604
752026 752957
21572 22503
847233 848164
270657 271588
669271 670202
459416 460347
338492 339423
892607 893538
985318 986249
304459 305390
56236 57167
758284 759215
953290 954221
777968 778899
31159 32090
31293 32224
59118 60049
786522 787453
577955 578886
757078 758009
188236 189167
509454 510385
795684 796615
757234 758165
827437 828368
878257 879188
138953 139884
150366 151297
818729 819660
739089 740020
165820 166751
222177 223108
986866 987797
710063 710994
997446 998377
986636 987567
54430 55361
926577 927508
374132 375063
151547 152478
344485 345416
220803 221734
940781 941712
211231 212162
635393 636324
948388 949319
990234 991165
451069 452000
897932 898863
147320 148251
25051 25982
489791 490722
586754 587685
680517 681448
233091 234022
65722 66653
483881 484812
453777 454708
897336 898267
524163 525094
775051 775982
699495 700426
571913 572844
774180 775111
304642 305573
753886 754817
520498 521429
29076 30007
690144 691075
771083 772014
966571 967502
954267 955198
232603 233534
794493 795424
983882 984813
748609 749540
302755 303686
49905 50836
745177 746108
706062 706993
516524 517455
714993 715924
463389 464320
214053 214984
784749 785680
682939 683870
828617 829548
135972 136903
767255 768186
69184 70115
694656 695587
6626 7557
158898 159829
596276 597207
679227 680158
60111 61042
464976 465907
809436 810367
368672 369603
533906 534837
189025 189956
393270 394201
109168 110099
116713 117644
309511 310442
545028 545959
777603 778534
920019 920950
493052 493983
300931 301862
232409 233340
647251 648182
279255 280186
292474 293405
815434 816365
317089 318020
260635 261566
967139 968070
695219 696150
252350 253281
286120 287051
919415 920346
668307 669238
242833 243764
521405 522336
944352 945283
631657 632588
658243 659174
946720 947651
782433 783364
760018 760949
501051 501982
352383 353314
510103 511034
690219 691150
564008 564939
766437 767368
518418 519349
954445 955376
58714 59645
158801 159732
946446 947377
574461 575392
14750 15681
577534 578465
141415 142346
629960 630891
203074 204005
472521 473452
427677 428608
201179 202110
741210 742141
717322 718253
632865 633796
572477 573408
11780 12711
244137 245068
939371 940302
143501 144432
923731 924662
162199 163130
185839 186770
592499 593430
460264 461195
129407 130338
383590 384521
465107 466038
536555 537486
984771 985702
447227 448158
855784 856715
21296 22227
840706 841637
661117 662048
351886 352817
887991 888922
12396 13327
941838 942769
562100 563031
883659 884590
184428 185359
429044 429975
808149 809080
749464 750395
554426 555357
422985 423916
938989 939920
708674 709605
884174 885105
895600 896531
96350 97281
652016 652947
487103 488034
482925 483856
332569 333500
324003 324934
507551 508482
754466 755397
152476 153407
13482 14413
427945 428876
577403 578334
191850 192781
735771 736702
767435 768366
316353 317284
958273 959204
471988 472919
474507 475438
944023 944954
386118 387049
118554 119485
799872 800803
222349 223280
660000 660931
457526 458457
841191 842122
117308 118239
455187 456118
103582 104513
386493 387424
197880 198811
971016 971947
64605 65536
731108 732039
691403 692334
33297 34228
404991 405922
660575 661506
517825 518756
372113 373044
330337 331268
120000 120931
671552 672483
393689 394620
301162 302093
82805 83736
469081 470012
110545 111476
125861 126792
760972 761903
952201 953132
157386 158317
710689 711620
287759 288690
290425 291356
14018 14949
745038 745969
476606 477537
431901 432832
515611 516542
347567 348498
506871 507802
435791 436722
601637 602568
848792 849723
393103 394034
768873 769804
114076 115007
818145 819076
276305 277236
416158 417089
660704 661635
938502 939433
939235 940166
55241 56172
819114 820045
861920 862851
22971 23902
979147 980078
705921 706852
747889 748820
708190 709121
922892 923823
507336 508267
519697 520628
769112 770043
6550 7481
121584 122515
607250 608181
896784 897715
863742 864673
798409 799340
510999 511930
671688 672619
739516 740447
752971 753902
662068 662999
565097 566028
123709 124640
309879 310810
936695 937626
331959 332890
845382 846313
940772 941703
601799 602730
898652 899583
746601 747532
490880 491811
761280 762211
957585 958516
431055 431986
21736 22667
664971 665902
966458 967389
385617 386548
422578 423509
542875 543806
265371 266302
367730 368661
249129 250060
177910 178841
976291 977222
191052 191983
308428 309359
917431 918362
864306 865237
405931 406862
673689 674620
502723 503654
204622 205553
157130 158061
563822 564753
878335 879266
77173 78104
905183 906114
291430 292361
3594 4525
449354 450285
129707 130638
193905 194836
30162 31093
236222 237153
200437 201368
149031 149962
560191 561122
389785 390716
514394 515325
655915 656846
240925 241856
966408 967339
903571 904502
445712 446643
441090 442021
970950 971881
99286 100217
704754 705685
870817 871748
42033 42964
920848 921779
364385 365316
97095 98026
664358 665289
895100 896031
985364 986295
455422 456353
783682 784613
419989 420920
635067 635998
46166 47097
395931 396862
212762 213693
944259 945190
812906 813837
419686 420617
137537 138468
779440 780371
280749 281680
164061 164992
783515 784446
580116 581047
243710 244641
295547 296478
372001 372932
764483 765414
344931 345862
93413 94344
662416 663347
867310 868241
19785 20716
903784 904715
971268 972199
615498 616429
162914 163845
977414 978345
796809 797740
765019 765950
83112 84043
513219 514150
633738 634669
483073 484004
960635 961566
162269 163200
78663 79594
513392 514323
793747 794678
238818 239749
433800 434731
67480 68411
301339 302270
660730 661661
394840 395771
470772 471703
619615 620546
961972 962903
876504 877435
356909 357840
253965 254896
750300 751231
45401 46332
968899 969830
784250 785181
960753 961684
736597 737528
901381 902312
440962 441893
199873 200804
873576 874507
843880 844811
858538 859469
871036 871967
911877 912808
531641 532572
865147 866078
470462 471393
498712 499643
549423 550354
354352 355283
761227 762158
789644 790575
564986 565917
759968 760899
831641 832572
312958 313889
217303 218234
861866 862797
133467 134398
926679 927610
210854 211785
558670 559601
259868 260799
49878 50809
245828 246759
461769 462700
767556 768487
393728 394659
130030 130961
571576 572507
160774 161705
571458 572389
786643 787574
591074 592005
234722 235653
295846 296777
952537 953468
405584 406515
737548 738479
604847 605778
911604 912535
404757 405688
596052 596983
837306 838237
412688 413619
857591 858522
345742 346673
9872 10803
290382 291313
314057 314988
655583 656514
860760 861691
180929 181860
247850 248781
934816 935747
422142 423073
105334 106265
798942 799873
864340 865271
686148 687079
355824 356755
346008 346939
680283 681214
669013 669944
658665 659596
948657 949588
906538 907469
682987 683918
543285 544216
995553 996484
843006 843937
681120 682051
226979 227910
707147 708078
380359 381290
228766 229697
741241 742172
125865 126796
798366 799297
644226 645157
923681 924612
891377 892308
262615 263546
967038 967969
701108 702039
745880 746811
455183 456114
338490 339421
185787 186718
22519 23450
890817 891748
687080 688011
142660 143591
379188 380119
959699 960630
622401 623332
872432 873363
736837 737768
39771 40702
70808 71739
287293 288224
442525 443456
325174 326105
150132 151063
1664 2595
829237 830168
650065 650996
208454 209385
921266 922197
23569 24500
439402 440333
197361 198292
789883 790814
336694 337625
328362 329293
953666 954597
221424 222355
966788 967719
11094 12025
696072 697003
199083 200014
45879 46810
942431 943362
368849 369780
275168 276099
26859 27790
164061 164992
744091 745022
454032 454963
648719 649650
707187 708118
495279 496210
828133 829064
927795 928726
670558 671489
682530 683461
564754 565685
868451 869382
229695 230626
405625 406556
888985 889916
510021 510952
151827 152758
404239 405170
965258 966189
67668 68599
702976 703907
437569 438500
18131 19062
347592 348523
355110 356041
159605 160536
421407 422338
222038 222969
333669 334600
223426 224357
369486 370417
348753 349684
267054 267985
947056 947987
365109 366040
623464 624395
803917 804848
206990 207921
420239 421170
118040 118971
50675 51606
834546 835477
703417 704348
99185 100116
896076 897007
429005 429936
472316 473247
79890 80821
714041 714972
62218 63149
517170 518101
53289 54220
784300 785231
708449 709380
244448 245379
778178 779109
292745 293676
113499 114430
983923 984854
475933 476864
579981 580912
268351 269282
423444 424375
920189 921120
604839 605770
806473 807404
144128 145059
346774 347705
995595 996526
569954 570885
160430 161361
349323 350254
564738 565669
743160 744091
670101 671032
15214 16145
153889 154820
460344 461275
923138 924069
607906 608837
49052 49983
314946 315877
450927 451858
684978 685909
159856 160787
321154 322085
527009 527940
810980 811911
244861 245792
970052 970983
493406 494337
235145 236076
856310 857241
851142 852073
318752 319683
836406 837337
266984 267915
647360 648291
883562 884493
528379 529310
669918 670849
701431 702362
446518 447449
200327 201258
686351 687282
572844 573775
971081 972012
454460 455391
722096 723027
296023 296954
684088 685019
715236 716167
426149 427080
484253 485184
275835 276766
59016 59947
721503 722434
696264 697195
393527 394458
647080 648011
976361 977292
670077 671008
64435 65366
930332 931263
237699 238630
775249 776180
742841 743772
220720 221651
862277 863208
543362 544293
789747 790678
598849 599780
886366 887297
295615 296546
255777 256708
290229 291160
336585 337516
299652 300583
804420 805351
187794 188725
122099 123030
965986 966917
238044 238975
195570 196501
989576 990507
506364 507295
981097 982028
998014 998945
644264 645195
62775 63706
392086 393017
335230 336161
811327 812258
651986 652917
216504 217435
26799 27730
754310 755241
910938 911869
633911 634842
214008 214939
203571 204502
181315 182246
518784 519715
858501 859432
54366 55297
587813 588744
709387 710318
218137 219068
217059 217990
626655 627586
625456 626387
402531 403462
98563 99494
188594 189525
561838 562769
569367 570298
868447 869378
526645 527576
651647 652578
120255 121186
788496 789427
996511 997442
742705 743636
596553 597484
443867 444798
375259 376190
240944 241875
866278 867209
417509 418440
72014 72945
852507 853438
684278 685209
692808 693739
158556 159487
95585 96516
644661 645592
21141 22072
926308 927239
59321 60252
855761 856692
416986 417917
924625 925556
907051 907982
353562 354493
774399 775330
734258 735189
816250 817181
403526 404457
959809 960740
106509 107440
378510 379441
919938 920869
81447 82378
649701 650632
719343 720274
244005 244936
262101 263032
632218 633149
216702 217633
430709 431640
276638 277569
676027 676958
853001 853932
901467 902398
813251 814182
441245 442176
248640 249571
760168 761099
616743 617674
220083 221014
887558 888489
178743 179674
150608 151539
33703 34634
413967 414898
361466 362397
270351 271282
103779 104710
371814 372745
113173 114104
480911 481842
502945 503876
32715 33646
940266 941197
120209 121140
136639 137570
633779 634710
886061 886992
173074 174005
997921 998852
409610 410541
241852 242783
54293 55224
479179 480110
232648 233579
251346 252277
197609 198540
376434 377365
836470 837401
493040 493971
580417 581348
967476 968407
681749 682680
940068 940999
103903 104834
394458 395389
188759 189690
660649 661580
511832 512763
928694 929625
324818 325749
190219 191150
715012 715943
950132 951063
585998 586929
709973 710904
575055 575986
786524 787455
755724 756655
71572 72503
392927 393858
166057 166988
302242 303173
161818 162749
320177 321108
910449 911380
730403 731334
916280 917211
968832 969763
498755 499686
785768 786699
799310 800241
560538 561469
317477 318408
210739 211670
553173 554104
221499 222430
187319 188250
307184 308115
680722 681653
784584 785515
285035 285966
497938 498869
409030 409961
748837 749768
281902 282833
174718 175649
488982 489913
199838 200769
650671 651602
713715 714646
982795 983726
6316 7247
912554 913485
36261 37192
708749 709680
66735 67666
300410 301341
587482 588413
873734 874665
78594 79525
212325 213256
689566 690497
200938 201869
992422 993353
591479 592410
793789 794720
329700 330631
635114 636045
792605 793536
408335 409266
742108 743039
231918 232849
106576 107507
605090 606021
615887 616818
573450 574381
293043 293974
493192 494123
389114 390045
149324 150255
752892 753823
587139 588070
958659 959590
904279 905210
901412 902343
29564 30495
892688 893619
473213 474144
533031 533962
79270 80201
655768 656699
282239 283170
752748 753679
295771 296702
694076 695007
153130 154061
94042 94973
755483 756414
84064 84995
519167 520098
270444 271375
64830 65761
336094 337025
381224 382155
816908 817839
798574 799505
698049 698980
829207 830138
439915 440846
665686 666617
705194 706125
897588 898519
624976 625907
173430 174361
66644 67575
1260 2191
492649 493580
432616 433547
704322 705253
12031 12962
959558 960489
627978 628909
66957 67888
385996 386927
778526 779457
893535 894466
697131 698062
666442 667373
312394 313325
805734 806665
398699 399630
554028 554959
651267 652198
983149 984080
293935 294866
181351 182282
312080 313011
290627 291558
172782 173713
355801 356732
815011 815942
711401 712332
772210 773141
751712 752643
663186 664117
152443 153374
289373 290304
652751 653682
214759 215690
25416 26347
170378 171309
431360 432291
467238 468169
105611 106542
978273 979204
280105 281036
485917 486848
713797 714728
599652 600583
425870 426801
940030 940961
475527 476458
910575 911506
102805 103736
812060 812991
760336 761267
904823 905754
879532 880463
312136 313067
906455 907386
554797 555728
619486 620417
588308 589239
850118 851049
987962 988893
193979 194910
805696 806627
628660 629591
10200 11131
785131 786062
67247 68178
288926 289857
784164 785095
668771 669702
782105 783036
483154 484085
989925 990856
744678 745609
594802 595733
576414 577345
42858 43789
649712 650643
939087 940018
862059 862990
676360 677291
239082 240013
513140 514071
533210 534141
434485 435416
921252 922183
367589 368520
74882 75813
497051 497982
477431 478362
150932 151863
354148 355079
168059 168990
187186 188117
789168 790099
276161 277092
850974 851905
46915 47846
99673 100604
921965 922896
297255 298186
593805 594736
540173 541104
461748 462679
164242 165173
653985 654916
694517 695448
169468 170399
998355 999286
666936 667867
764891 765822
485864 486795
564178 565109
963545 964476
410431 411362
677726 678657
549599 550530
751101 752032
143782 144713
746726 747657
136690 137621
464577 465508
333733 334664
371741 372672
26270 27201
568591 569522
880511 881442
71333 72264
362308 363239
404102 405033
870432 871363
296654 297585
542837 543768
326485 327416
235664 236595
210286 211217
100710 101641
341287 342218
522930 523861
528267 529198
766742 767673
15900 16831
70387 71318
934776 935707
204444 205375
497648 498579
247035 247966
166161 167092
699740 700671
566246 567177
610053 610984
966189 967120
571511 572442
150792 151723
500966 501897
255272 256203
750659 751590
470245 471176
11536 12467
615168 616099
10801 11732
49324 50255
564857 565788
481254 482185
23330 24261
560265 561196
563110 564041
637676 638607
550874 551805
9113 10044
691473 692404
70135 71066
487372 488303
784438 785369
729659 730590
766417 767348
505328 506259
699248 700179
339001 339932
757367 758298
261889 262820
986514 987445
18027 18958
749358 750289
34843 35774
536755 537686
563738 564669
174252 175183
361579 362510
80098 81029
209095 210026
338121 339052
457178 458109
774796 775727
7237 8168
51644 52575
628639 629570
347602 348533
246538 247469
41843 42774
859962 860893
407586 408517
838267 839198
611578 612509
786314 787245
9569 10500
706033 706964
873346 874277
301859 302790
245212 246143
244077 245008
769636 770567
442920 443851
769421 770352
454980 455911
409522 410453
241906 242837
587801 588732
130333 131264
871726 872657
918127 919058
129547 130478
775771 776702
453678 454609
786579 787510
117593 118524
174678 175609
990869 991800
889216 890147
560862 561793
850515 851446
705780 706711
654124 655055
682555 683486
808553 809484
937781 938712
40383 41314
555792 556723
449576 450507
373669 374600
275570 276501
251020 251951
625490 626421
831088 832019
822128 823059
266453 267384
243484 244415
910371 911302
672515 673446
849112 850043
125511 126442
828258 829189
774867 775798
108899 109830
305743 306674
918378 919309
987647 988578
382651 383582
277866 278797
724955 725886
134751 135682
236194 237125
316946 317877
362920 363851
806678 807609
805513 806444
942545 943476
744006 744937
99337 100268
923562 924493
417114 418045
281225 282156
814562 815493
565277 566208
316190 317121
317237 318168
293842 294773
441106 442037
62711 63642
432730 433661
882267 883198
185649 186580
715912 716843
254373 255304
640300 641231
788919 789850
927499 928430
859613 860544
827067 827998
522707 523638
957842 958773
511938 512869
818030 818961
313498 314429
833472 834403
741116 742047
692372 693303
222151 223082
447843 448774
765069 766000
37227 38158
136638 137569
702530 703461
994228 995159
532816 533747
425362 426293
538564 539495
945478 946409
182603 183534
604137 605068
369785 370716
52687 53618
476730 477661
248546 249477
973020 973951
339157 340088
480218 481149
461105 462036
181938 182869
196321 197252
529494 530425
623719 624650
595298 596229
976255 977186
404485 405416
360716 361647
804793 805724
630825 631756
404910 405841
282842 283773
298349 299280
190923 191854
492163 493094
109090 110021
44421 45352
329099 330030
27209 28140
996680 997611
362889 363820
699742 700673
294034 294965
434630 435561
314770 315701
421746 422677
872410 873341
177697 178628
681125 682056
706241 707172
659537 660468
843156 844087
305925 306856
444405 445336
966505 967436
678165 679096
273431 274362
895037 895968
215754 216685
320329 321260
735152 736083
516996 517927
198276 199207
359545 360476
793805 794736
220270 221201
668631 669562
571161 572092
506100 507031
638353 639284
595951 596882
931403 932334
400483 401414
426780 427711
478063 478994
910536 911467
507123 508054
287785 288716
365889 366820
134375 135306
956726 957657
255966 256897
311616 312547
684489 685420
553421 554352
431233 432164
948687 949618
782466 783397
389565 390496
386624 387555
775301 776232
193676 194607
208016 208947
846441 847372
67478 68409
480034 480965
284010 284941
985182 986113
91821 92752
550301 551232
200624 201555
100984 101915
143963 144894
332381 333312
182785 183716
484038 484969
731664 732595
89940 90871
871698 872629
722119 723050
196888 197819
102919 103850
107206 108137
887244 888175
82035 82966
868499 869430
264822 265753
380812 381743
74708 75639
573602 574533
213010 213941
428964 429895
167160 168091
227715 228646
302252 303183
877152 878083
274963 275894
257350 258281
489782 490713
378220 379151
145750 146681
962033 962964
668328 669259
902064 902995
938633 939564
191086 192017
47126 48057
87374 88305
469653 470584
509004 509935
752668 753599
689845 690776
622269 623200
495841 496772
964225 965156
763525 764456
19233 20164
254691 255622
330147 331078
545487 546418
864762 865693
652586 653517
475515 476446
372899 373830
547451 548382
730345 731276
529474 530405
660962 661893
834709 835640
132407 133338
911008 911939
888117 889048
572758 573689
167538 168469
291137 292068
312795 313726
372322 373253
238931 239862
241270 242201
830438 831369
855275 856206
757612 758543
814400 815331
518249 519180
664108 665039
587984 588915
682691 683622
502920 503851
767344 768275
342768 343699
350579 351510
855001 855932
749405 750336
32091 33022
704740 705671
366237 367168
70870 71801
321408 322339
646124 647055
30231 31162
517931 518862
15854 16785
268406 269337
690885 691816
19074 20005
226795 227726
590725 591656
547055 547986
876327 877258
93216 94147
481061 481992
604662 605593
308582 309513
765449 766380
305109 306040
311091 312022
440146 441077
363487 364418
165371 166302
127037 127968
676332 677263
608074 609005
255474 256405
297901 298832
289552 290483
909315 910246
632833 633764
311111 312042
204333 205264
747003 747934
839115 840046
607812 608743
23999 24930
973888 974819
21348 22279
175445 176376
80330 81261
973561 974492
169460 170391
481530 482461
147248 148179
630962 631893
59528 60459
304951 305882
445407 446338
363296 364227
136640 137571
57542 58473
920850 921781
714830 715761
916134 917065
684610 685541
971426 972357
964359 965290
236277 237208
103818 104749
952754 953685
671750 672681
724719 725650
915801 916732
676823 677754
111255 112186
310890 311821
647850 648781
850730 851661
912007 912938
147375 148306
540385 541316
698998 699929
557205 558136
698174 699105
700977 701908
379700 380631
545723 546654
906700 907631
260790 261721
246706 247637
549226 550157
524417 525348
573727 574658
837258 838189
121304 122235
354303 355234
65847 66778
592058 592989
240778 241709
12546 13477
87690 88621
141396 142327
952126 953057
609324 610255
300023 300954
664254 665185
675407 676338
742754 743685
464212 465143
914412 915343
348515 349446
475977 476908
430207 431138
436924 437855
84800 85731
428212 429143
19517 20448
645324 646255
641764 642695
207663 208594
100051 100982
554854 555785
762551 763482
819847 820778
909233 910164
749479 750410
37024 37955
768556 769487
80921 81852
705045 705976
927459 928390
823281 824212
379864 380795
623006 623937
631346 632277
136583 137514
994789 995720
951495 952426
462383 463314
722658 723589
125666 126597
42596 43527
350611 351542
843448 844379
622530 623461
405515 406446
423094 424025
223071 224002
401156 402087
609463 610394
872134 873065
167953 168884
515389 516320
540536 541467
419508 420439
299882 300813
456379 457310
171585 172516
560771 561702
655750 656681
904284 905215
3306 4237
132594 133525
267449 268380
380162 381093
401008 401939
602565 603496
473468 474399
322489 323420
583587 584518
313453 314384
655935 656866
53258 54189
725263 726194
109688 110619
446963 447894
178352 179283
404956 405887
870190 871121
369539 370470
987545 988476
50963 51894
514953 515884
245228 246159
463941 464872
35693 36624
641603 642534
619313 620244
930856 931787
455457 456388
169166 170097
589843 590774
588121 589052
195819 196750
291232 292163
213041 213972
396127 397058
148313 149244
669311 670242
730498 731429
826347 827278
62745 63676
284645 285576
728546 729477
229605 230536
105305 106236
389309 390240
874818 875749
139609 140540
233180 234111
986656 987587
367565 368496
973602 974533
644618 645549
391983 392914
703539 704470
501023 501954
461578 462509
825415 826346
333043 333974
225737 226668
686969 687900
732331 733262
634576 635507
988647 989578
75543 76474
102083 103014
413649 414580
742291 743222
10032 10963
636111 637042
953375 954306
898732 899663
264308 265239
618820 619751
118716 119647
79966 80897
271059 271990
608951 609882
891270 892201
47832 48763
819079 820010
570519 571450
173189 174120
923406 924337
392838 393769
555740 556671
797014 797945
671159 672090
850054 850985
448608 449539
560269 561200
492028 492959
966757 967688
973404 974335
415751 416682
273110 274041
231695 232626
609886 610817
908399 909330
598338 599269
144848 145779
28670 29601
565211 566142
42350 43281
127559 128490
855526 856457
919069 920000
301400 302331
448521 449452
101757 102688
358214 359145
519027 519958
629919 630850
250214 251145
294425 295356
812249 813180
203319 204250
787183 788114
748422 749353
543707 544638
11909 12840
269167 270098
135588 136519
709009 709940
667061 667992
207318 208249
694935 695866
347596 348527
197645 198576
792147 793078
839057 839988
897012 897943
865223 866154
664106 665037
606167 607098
951317 952248
680250 681181
91703 92634
126899 127830
108327 109258
552263 553194
243552 244483
247288 248219
21069 22000
811831 812762
228382 229313
136894 137825
227818 228749
426133 427064
106568 107499
198327 199258
452257 453188
285130 286061
74838 75769
163949 164880
57717 58648
847659 848590
862836 863767
674448 675379
373713 374644
171584 172515
6221 7152
334892 335823
247283 248214
261093 262024
381464 382395
329464 330395
832516 833447
638322 639253
490764 491695
635682 636613
901068 901999
961522 962453
970571 971502
937449 938380
49692 50623
420138 421069
360075 361006
983123 984054
121151 122082
195804 196735
567189 568120
152945 153876
252348 253279
619161 620092
41929 42860
481205 482136
255080 256011
766892 767823
165129 166060
70510 71441
10301 11232
684768 685699
83902 84833
762095 763026
413788 414719
914974 915905
33937 34868
699786 700717
835762 836693
759128 760059
445691 446622
867139 868070
477145 478076
292269 293200
24337 25268
674892 675823
444139 445070
600278 601209
546039 546970
95287 96218
621526 622457
92378 93309
397301 398232
821045 821976
112528 113459
574523 575454
76684 77615
992576 993507
856255 857186
379370 380301
694027 694958
835842 836773
533658 534589
713634 714565
93203 94134
847128 848059
79750 80681
944267 945198
77251 78182
804715 805646
595947 596878
700840 701771
328157 329088
542918 543849
451943 452874
193799 194730
593511 594442
286407 287338
235845 236776
987998 988929
758777 759708
786669 787600
765465 766396
547638 548569
499337 500268
826631 827562
664523 665454
271881 272812
504365 505296
96416 97347
227682 228613
19436 20367
366480 367411
114532 115463
576863 577794
213694 214625
140578 141509
800836 801767
912763 913694
144136 145067
358687 359618
923621 924552
515366 516297
765644 766575
426885 427816
994589 995520
500344 501275
398830 399761
499977 500908
705721 706652
267610 268541
800141 801072
683449 684380
902147 903078
646578 647509
284045 284976
834215 835146
925274 926205
452807 453738
911977 912908
806082 807013
85192 86123
989418 990349
95391 96322
470221 471152
344614 345545
417456 418387
767701 768632
600702 601633
53224 54155
902665 903596
768177 769108
122779 123710
2454 3385
82200 83131
890517 891448
452971 453902
174735 175666
987175 988106
73944 74875
695930 696861
980318 981249
80729 81660
126386 127317
203554 204485
833027 833958
385924 386855
412377 413308
897446 898377
103733 104664
344154 345085
629937 630868
301470 302401
497839 498770
675422 676353
614222 615153
257459 258390
990891 991822
264849 265780
87761 88692
140661 141592
416060 416991
870265 871196
318886 319817
909008 909939
629825 630756
939472 940403
285040 285971
260716 261647
682419 683350
915282 916213
798128 799059
652527 653458
653027 653958
684182 685113
981706 982637
187693 188624
865544 866475
532053 532984
70708 71639
170312 171243
69901 70832
363988 364919
108860 109791
874271 875202
665774 666705
668961 669892
416394 417325
366491 367422
646575 647506
494775 495706
669488 670419
987894 988825
893514 894445
318549 319480
625707 626638
327156 328087
918052 918983
333395 334326
486106 487037
790799 791730
959809 960740
233877 234808
653861 654792
907066 907997
323869 324800
52108 53039
361544 362475
291064 291995
692279 693210
434489 435420
490226 491157
889988 890919
419325 420256
593788 594719
960974 961905
345325 346256
803035 803966
36689 37620
678024 678955
306327 307258
189739 190670
108493 109424
504906 505837
703369 704300
676877 677808
297573 298504
603851 604782
232543 233474
125180 126111
185683 186614
748649 749580
697252 698183
754734 755665
355520 356451
888861 889792
23716 24647
88399 89330
431054 431985
260202 261133
892809 893740
746279 747210
121786 122717
214534 215465
998104 999035
247074 248005
31907 32838
827153 828084
422392 423323
546952 547883
655760 656691
413256 414187
818295 819226
465249 466180
852228 853159
851217 852148
131477 132408
3067 3998
554216 555147
129566 130497
461216 462147
383542 384473
686884 687815
919720 920651
21892 22823
589919 590850
899480 900411
932034 932965
658189 659120
341831 342762
595716 596647
298959 299890
563412 564343
90096 91027
325271 326202
663122 664053
356454 357385
792229 793160
684030 684961
792667 793598
208478 209409
516226 517157
326843 327774
118596 119527
8652 9583
25878 26809
945938 946869
546887 547818
541744 542675
676239 677170
605717 606648
331821 332752
254225 255156
951422 952353
685451 686382
731771 732702
23014 23945
547917 548848
209738 210669
487973 488904
607509 608440
886599 887530
186593 187524
842929 843860
839656 840587
632090 633021
582893 583824
123901 124832
860669 861600
762013 762944
884672 885603
80585 81516
324265 325196
927552 928483
196635 197566
925209 926140
143441 144372
583595 584526
866148 867079
860668 861599
493464 494395
643933 644864
942441 943372
49027 49958
745239 746170
970892 971823
773896 774827
611043 611974
387102 388033
803266 804197
932611 933542
856932 857863
45553 46484
705571 706502
449749 450680
836747 837678
873793 874724
686432 687363
396217 397148
964784 965715
869027 869958
526629 527560
87377 88308
245306 246237
966392 967323
453505 454436
519755 520686
725538 726469
87402 88333
187048 187979
626373 627304
179257 180188
367246 368177
282865 283796
800969 801900
398685 399616
259549 260480
851202 852133
510630 511561
255107 256038
266261 267192
891979 892910
281943 282874
414360 415291
40441 41372
199808 200739
874324 875255
544963 545894
692932 693863
166554 167485
482268 483199
12615 13546
304507 305438
690653 691584
845458 846389
131687 132618
206222 207153
461737 462668
434095 435026
745727 746658
731911 732842
635918 636849
910541 911472
133318 134249
377974 378905
208479 209410
383421 384352
139583 140514
559229 560160
559282 560213
570632 571563
425446 426377
40930 41861
324193 325124
839417 840348
179406 180337
290296 291227
721677 722608
120142 121073
173900 174831
186189 187120
622873 623804
893687 894618
214053 214984
187121 188052
252202 253133
764473 765404
861369 862300
634769 635700
717868 718799
824153 825084
591528 592459
788864 789795
678082 679013
900219 901150
822732 823663
554949 555880
213243 214174
119940 120871
686274 687205
288224 289155
293747 294678
793351 794282
181705 182636
738592 739523
139506 140437
486871 487802
304869 305800
674942 675873
34435 35366
252425 253356
552482 553413
543140 544071
487033 487964
651551 652482
521028 521959
352686 353617
344348 345279
943588 944519
247453 248384
742 1673
790387 791318
593143 594074
177032 177963
740169 741100
810641 811572
920070 921001
577208 578139
902620 903551
297422 298353
497941 498872
913237 914168
254226 255157
50432 51363
208575 209506
874441 875372
727412 728343
847631 848562
958133 959064
11901 12832
318717 319648
336944 337875
789216 790147
972704 973635
853005 853936
849859 850790
109202 110133
190894 191825
502891 503822
42618 43549
259659 260590
577364 578295
651719 652650
849324 850255
489977 490908
38729 39660
334965 335896
833568 834499
685195 686126
649449 650380
880183 881114
535607 536538
354019 354950
544898 545829
857563 858494
548451 549382
23985 24916
556346 557277
981214 982145
450072 451003
27396 28327
606389 607320
794848 795779
104809 105740
558003 558934
430866 431797
792589 793520
403590 404521
252643 253574
721528 722459
223804 224735
987903 988834
269791 270722
833033 833964
316234 317165
935474 936405
329928 330859
461542 462473
45837 46768
480334 481265
723099 724030
299888 300819
968150 969081
242188 243119
111769 112700
29894 30825
82512 83443
461755 462686
488953 489884
29855 30786
915277 916208
35592 36523
59668 60599
350226 351157
15796 16727
145761 146692
195680 196611
571989 572920
901245 902176
552933 553864
674792 675723
9162 10093
137522 138453
911225 912156
446719 447650
605357 606288
357461 358392
920228 921159
687341 688272
297884 298815
954490 955421
625385 626316
904435 905366
816251 817182
320577 321508
616726 617657
114171 115102
508823 509754
828953 829884
215718 216649
234913 235844
693783 694714
919924 920855
228940 229871
867829 868760
345355 346286
618123 619054
685514 686445
304734 305665
372491 373422
151855 152786
519938 520869
355434 356365
173919 174850
359940 360871
503275 504206
532228 533159
517402 518333
435660 436591
735595 736526
182063 182994
252404 253335
540823 541754
769693 770624
412715 413646
631283 632214
822777 823708
979327 980258
707831 708762
174329 175260
149801 150732
388654 389585
928892 929823
70952 71883
756443 757374
399908 400839
556414 557345
566968 567899
47322 48253
24449 25380
913312 914243
132999 133930
270554 271485
878630 879561
915116 916047
879870 880801
931445 932376
98055 98986
938221 939152
327737 328668
815137 816068
219082 220013
570295 571226
520212 521143
446800 447731
297395 298326
622186 623117
555047 555978
702162 703093
768314 769245
940867 941798
643818 644749
610624 611555
94838 95769
16667 17598
101240 102171
854420 855351
512209 513140
149541 150472
265175 266106
316948 317879
971094 972025
369126 370057
757401 758332
153022 153953
233235 234166
826451 827382
816996 817927
53108 54039
978247 979178
779771 780702
802192 803123
431019 431950
298723 299654
844642 845573
779778 780709
14270 15201
817967 818898
287116 288047
572169 573100
388604 389535
345615 346546
711648 712579
224217 225148
749610 750541
147953 148884
555259 556190
626498 627429
815918 816849
253612 254543
508836 509767
845660 846591
705531 706462
241176 242107
63175 64106
232968 233899
600591 601522
804420 805351
127467 128398
520036 520967
94043 94974
8785 9716
989163 990094
357 1288
147650 148581
251567 252498
40891 41822
638875 639806
691190 692121
506900 507831
894955 895886
728005 728936
659361 660292
25002 25933
317690 318621
470069 471000
336114 337045
442372 443303
274502 275433
161885 162816
258904 259835
418789 419720
635524 636455
702932 703863
208566 209497
174461 175392
737943 738874
767667 768598
515360 516291
665821 666752
941427 942358
693679 694610
669630 670561
562538 563469
21564 22495
37669 38600
16547 17478
220970 221901
725093 726024
528986 529917
685497 686428
511993 512924
986816 987747
177653 178584
16693 17624
210265 211196
234217 235148
890102 891033
862612 863543
359620 360551
985402 986333
197129 198060
731361 732292
728351 729282
750427 751358
932741 933672
906439 907370
524363 525294
133909 134840
188101 189032
136527 137458
205074 206005
380482 381413
354762 355693
653671 654602
618347 619278
458262 459193
588264 589195
965985 966916
243405 244336
225519 226450
872923 873854
180137 181068
807530 808461
141039 141970
563892 564823
925958 926889
981597 982528
192023 192954
334502 335433
197185 198116
365520 366451
262203 263134
203316 204247
396538 397469
628099 629030
136020 136951
466646 467577
878931 879862
736676 737607
628680 629611
292486 293417
288157 289088
682660 683591
705112 706043
131844 132775
479313 480244
53930 54861
796936 797867
455618 456549
474895 475826
627192 628123
820557 821488
715967 716898
289568 290499
529213 530144
698205 699136
99806 100737
484546 485477
280502 281433
558557 559488
818656 819587
785418 786349
548233 549164
184875 185806
994094 995025
183727 184658
724673 725604
975052 975983
510051 510982
454133 455064
200359 201290
982646 983577
537577 538508
611133 612064
238356 239287
383069 384000
783894 784825
811946 812877
341080 342011
842232 843163
91116 92047
98186 99117
670279 671210
326047 326978
591757 592688
851887 852818
798224 799155
949850 950781
145733 146664
417759 418690
754783 755714
881759 882690
282573 283504
116251 117182
235394 236325
353962 354893
400467 401398
458135 459066
907898 908829
810621 811552
202534 203465
931739 932670
817811 818742
598653 599584
980399 981330
992966 993897
352935 353866
262803 263734
692366 693297
951624 952555
230047 230978
430991 431922
323728 324659
164779 165710
109346 110277
596006 596937
854918 855849
371455 372386
933866 934797
937321 938252
399374 400305
477246 478177
757037 757968
663466 664397
762707 763638
552317 553248
528557 529488
50019 50950
1820 2751
411746 412677
188354 189285
92928 93859
688787 689718
820097 821028
646174 647105
993062 993993
406304 407235
614869 615800
235215 236146
611375 612306
256277 257208
118411 119342
350733 351664
645996 646927
912666 913597
689450 690381
785771 786702
377626 378557
490486 491417
85731 86662
216767 217698
716269 717200
985562 986493
389607 390538
521854 522785
725530 726461
110073 111004
184494 185425
370621 371552
369774 370705
331756 332687
356775 357706
221745 222676
607296 608227
447507 448438
354925 355856
348662 349593
627948 628879
565968 566899
332410 333341
138880 139811
83734 84665
357574 358505
583630 584561
731887 732818
369505 370436
75009 75940
800964 801895
207379 208310
521251 522182
548006 548937
672176 673107
713937 714868
356176 357107
836134 837065
358573 359504
744291 745222
750803 751734
85706 86637
557778 558709
912016 912947
780362 781293
913680 914611
586243 587174
933923 934854
349859 350790
504459 505390
798360 799291
857608 858539
680315 681246
841166 842097
217641 218572
783314 784245
453163 454094
727665 728596
364351 365282
385895 386826
65011 65942
552463 553394
966534 967465
739595 740526
902375 903306
847176 848107
636846 637777
525196 526127
520854 521785
127670 128601
247853 248784
486570 487501
368363 369294
921984 922915
111559 112490
836311 837242
616452 617383
150047 150978
914984 915915
328048 328979
65084 66015
446615 447546
92686 93617
66761 67692
731083 732014
496626 497557
878096 879027
629975 630906
524808 525739
16860 17791
536859 537790
530563 531494
210854 211785
982879 983810
234759 235690
478534 479465
810671 811602
373631 374562
917290 918221
556587 557518
413176 414107
418498 419429
467948 468879
915097 916028
438372 439303
992311 993242
21786 22717
586172 587103
406080 407011
25642 26573
363959 364890
322990 323921
238148 239079
970837 971768
430060 430991
133757 134688
578076 579007
784667 785598
843397 844328
82392 83323
784107 785038
23844 24775
302749 303680
604285 605216
944096 945027
318222 319153
433878 434809
383924 384855
767585 768516
524735 525666
274775 275706
393967 394898
722709 723640
25480 26411
505776 506707
255936 256867
536393 537324
204462 205393
500448 501379
30141 31072
866296 867227
211110 212041
823686 824617
600471 601402
398436 399367
454159 455090
797583 798514
159599 160530
953773 954704
378667 379598
335920 336851
621508 622439
303046 303977
854480 855411
680988 681919
773133 774064
972688 973619
82234 83165
920780 921711
753839 754770
454382 455313
128710 129641
112878 113809
225432 226363
319076 320007
253424 254355
213044 213975
796306 797237
948640 949571
344994 345925
174832 175763
687647 688578
148970 149901
546533 547464
958731 959662
873682 874613
282232 283163
43895 44826
19082 20013
12574 13505
152953 153884
335179 336110
323928 324859
362198 363129
738970 739901
85618 86549
548521 549452
38613 39544
998729 999660
24048 24979
140477 141408
575425 576356
891743 892674
4850 5781
871157 872088
39811 40742
752774 753705
775500 776431
689184 690115
224191 225122
46271 47202
640465 641396
320742 321673
423545 424476
900789 901720
941183 942114
538428 539359
387097 388028
689335 690266
547956 548887
304389 305320
743178 744109
843904 844835
810693 811624
291017 291948
977813 978744
949218 950149
547525 548456
758801 759732
323784 324715
6847 7778
787016 787947
873309 874240
711386 712317
13760 14691
316329 317260
100493 101424
804137 805068
742484 743415
773565 774496
453839 454770
638467 639398
510804 511735
556449 557380
648849 649780
797786 798717
257509 258440
720017 720948
486936 487867
471259 472190
692104 693035
210210 211141
217288 218219
214505 215436
470461 471392
453566 454497
705867 706798
642604 643535
257276 258207
614618 615549
136712 137643
134159 135090
409583 410514
912581 913512
607056 607987
295368 296299
993287 994218
567547 568478
56423 57354
186793 187724
961781 962712
725198 726129
352450 353381
231038 231969
680476 681407
389725 390656
136055 136986
63695 64626
606297 607228
959531 960462
184902 185833
79534 80465
806977 807908
352693 353624
1647 2578
203262 204193
872083 873014
710192 711123
281337 282268
385129 386060
453831 454762
701743 702674
7809 8740
323457 324388
409120 410051
453379 454310
899720 900651
676975 677906
466349 467280
38167 39098
504303 505234
776931 777862
168319 169250
567202 568133
49730 50661
167318 168249
802835 803766
341680 342611
257959 258890
174686 175617
899068 899999
76149 77080
290446 291377
864634 865565
131630 132561
479436 480367
632461 633392
987285 988216
432360 433291
55466 56397
138827 139758
488573 489504
715970 716901
776553 777484
536180 537111
855725 856656
392277 393208
700533 701464
576836 577767
730734 731665
466899 467830
850445 851376
274393 275324
808721 809652
950412 951343
658759 659690
882443 883374
942540 943471
639342 640273
760859 761790
224312 225243
781925 782856
364038 364969
124687 125618
898440 899371
887058 887989
833791 834722
314003 314934
112445 113376
737982 738913
296194 297125
90063 90994
204386 205317
497441 498372
60588 61519
660785 661716
271539 272470
531084 532015
126870 127801
457799 458730
76837 77768
583696 584627
387229 388160
944694 945625
816307 817238
609272 610203
585698 586629
485491 486422
188246 189177
428392 429323
90132 91063
497756 498687
519003 519934
93593 94524
488989 489920
649727 650658
920916 921847
748599 749530
886421 887352
987365 988296
606839 607770
515362 516293
888659 889590
683149 684080
697368 698299
712797 713728
902785 903716
643485 644416
262050 262981
33576 34507
561921 562852
29564 30495
117517 118448
929219 930150
104835 105766
757077 758008
353089 354020
713906 714837
173891 174822
31885 32816
981512 982443
249138 250069
167706 168637
102613 103544
202088 203019
333297 334228
506097 507028
596684 597615
250891 251822
964959 965890
311152 312083
377432 378363
395840 396771
141086 142017
863287 864218
255780 256711
690447 691378
768302 769233
666227 667158
267282 268213
594883 595814
638299 639230
294263 295194
969644 970575
91637 92568
670169 671100
968260 969191
58836 59767
425901 426832
314670 315601
56875 57806
956446 957377
370502 371433
904392 905323
798247 799178
869590 870521
668705 669636
139353 140284
308207 309138
702726 703657
29923 30854
302305 303236
804473 805404
810491 811422
166902 167833
979644 980575
407408 408339
693361 694292
110983 111914
297307 298238
939983 940914
930382 931313
352091 353022
628538 629469
135001 135932
636662 637593
819319 820250
551771 552702
548825 549756
66420 67351
839682 840613
990330 991261
674954 675885
763030 763961
345653 346584
463489 464420
405369 406300
687838 688769
798026 798957
460132 461063
399908 400839
139832 140763
706554 707485
569709 570640
453620 454551
660903 661834
460207 461138
567830 568761
173807 174738
969635 970566
461190 462121
583590 584521
174739 175670
556598 557529
283599 284530
934587 935518
652855 653786
635468 636399
907321 908252
204451 205382
841540 842471
75516 76447
634424 635355
692742 693673
992910 993841
151771 152702
876703 877634
860823 861754
312102 313033
497472 498403
491861 492792
568674 569605
988237 989168
418227 419158
121862 122793
404616 405547
327764 328695
12618 13549
424056 424987
723795 724726
139224 140155
277635 278566
362845 363776
502036 502967
812428 813359
150432 151363
434848 435779
863090 864021
766601 767532
4966 5897
420874 421805
114976 115907
193451 194382
21548 22479
620108 621039
377433 378364
576617 577548
194084 195015
959094 960025
991116 992047
225833 226764
592477 593408
416678 417609
558867 559798
132835 133766
11767 12698
374153 375084
684223 685154
910956 911887
855221 856152
374789 375720
928325 929256
572217 573148
469087 470018
752190 753121
223286 224217
843303 844234
759951 760882
244399 245330
59279 60210
904101 905032
583292 584223
801282 802213
151161 152092
867307 868238
605176 606107
256754 257685
532597 533528
303400 304331
729497 730428
718439 719370
435064 435995
551147 552078
534721 535652
53687 54618
45141 46072
500091 501022
628624 629555
953430 954361
624725 625656
900624 901555
780821 781752
283754 284685
460738 461669
798878 799809
531213 532144
580945 581876
528199 529130
583273 584204
624185 625116
128017 128948
261861 262792
559082 560013
424205 425136
336735 337666
889853 890784
61449 62380
475181 476112
12081 13012
87596 88527
701179 702110
907039 907970
160805 161736
359299 360230
860897 861828
501977 502908
493285 494216
212512 213443
72101 73032
9342 10273
240046 240977
73172 74103
647925 648856
114332 115263
980934 981865
366476 367407
288205 289136
799119 800050
791641 792572
743872 744803
