1465323
1465321
1465317
1465319
1465308
1465303
1465303
1465304
1465295
1465302
1465307
1465307
1465309
1465309
1465309
1465317
1465326
1465326
1465332
1465338
1465341
1465345
1465341
1465343
1465349
1465341
1465341
1465339
1465331
1465330
1465327
1465324
1465321
1465319
1465324
1465329
1465315
1465308
1465303
1465317
1465322
1465323
1465322
1465319
1465319
1465313
1465320
1465327
1465334
1465346
1465352
1465360
1465367
1465380
1465381
1465378
1465374
1465367
1465364
1465365
1465367
1465374
1465375
1465379
1465372
1465373
1465379
1465376
1465381
1465381
1465371
1465359
1465355
1465360
1465348
1465354
1465363
1465360
1465360
1465363
1465363
1465361
1465355
1465350
1465344
1465353
1465344
1465335
1465348
1465344
1465338
1465348
1465356
1465353
1465358
1465356
1465362
1465365
1465371
1465371
1465380
1465384
1465393
1465391
1465395
1465389
1465392
1465393
1465397
1465391
1465394
1465387
1465398
1465391
1465389
1465382
1465378
1465383
1465378
1465374
1465383
1465385
1465378
1465374
1465366
1465358
1465369
1465374
1465370
1465373
1465385
1465377
1465380
1465370
1465376
1465379
1465383
1465389
1465387
1465390
1465391
1465402
1465404
1465403
1465399
1465401
1465398
1465406
1465402
1465399
1465408
1465410
1465400
1465401
1465401
1465406
1465405
1465394
1465389
1465391
1465387
1465390
1465386
1465386
1465387
1465377
1465381
1465380
1465389
1465396
1465398
1465402
1465398
1465405
1465411
1465406
1465407
1465404
1465401
1465402
1465404
1465396
1465395
1465398
1465388
1465389
1465386
1465379
1465380
1465385
1465375
1465372
1465376
1465383
1465379
1465391
1465393
1465393
1465400
1465409
1465416
1465407
1465412
1465407
1465406
1465407
1465394
1465385
1465377
1465384
1465384
1465390
1465386
1465392
1465382
1465382
1465382
1465386
1465390
1465392
1465385
1465396
1465399
1465402
1465396
1465391
1465384
1465372
1465365
1465360
1465350
1465343
1465336
1465335
1465334
1465340
1465342
1465349
1465346
1465350
1465357
1465346
1465347
1465347
1465350
1465350
1465355
1465361
1465356
1465359
1465361
1465360
1465360
1465360
1465349
1465344
1465343
1465330
1465326
1465327
1465327
1465333
1465335
1465334
1465333
1465323
1465329
1465339
1465334
1465342
1465339
1465333
1465334
1465342
1465349
1465355
1465351
1465362
1465359
1465359
1465358
1465363
1465361
1465358
1465361
1465358
1465360
1465371
1465371
1465368
1465364
1465362
1465363
1465374
1465378
1465380
1465377
1465387
1465376
1465381
1465382
1465390
1465402
1465404
1465397
1465400
1465409
1465417
1465413
1465417
1465407
1465404
1465400
1465403
1465398
1465407
1465401
1465413
1465414
1465425
1465420
1465424
1465432
1465423
1465430
1465424
1465421
1465425
1465417
1465415
1465418
1465424
1465424
1465425
1465436
1465437
1465438
1465437
1465446
1465445
1465444
1465454
1465459
1465452
1465451
1465442
1465445
1465454
1465451
1465461
1465466
1465458
1465463
1465458
1465454
1465446
1465445
1465441
1465443
1465442
1465449
1465458
1465457
1465451
1465460
1465465
1465454
1465449
1465450
1465437
1465432
1465426
1465432
1465433
1465429
1465435
1465446
1465444
1465443
1465450
1465458
1465454
1465460
1465456
1465463
1465460
1465457
1465457
1465457
1465453
1465446
1465445
1465455
1465454
1465452
1465451
1465449
1465454
1465451
1465445
1465438
1465434
1465427
1465430
1465431
1465432
1465429
1465423
1465423
1465412
1465405
1465404
1465399
1465394
1465392
1465398
1465403
1465399
1465395
1465395
1465399
1465408
1465405
1465392
1465394
1465405
1465398
1465409
1465404
1465407
1465398
1465392
1465386
1465391
1465389
1465393
1465400
1465398
1465396
1465395
1465406
1465414
1465411
1465408
1465405
1465408
1465415
1465405
1465392
1465394
1465395
1465400
1465397
1465400
1465405
1465411
1465418
1465414
1465417
1465423
1465432
1465438
1465434
1465428
1465437
1465443
1465451
1465443
1465450
1465452
1465449
1465437
1465439
1465447
1465447
1465447
1465446
1465441
1465445
1465453
1465451
1465443
1465456
1465456
1465455
1465452
1465459
1465462
1465461
1465451
1465439
1465439
1465429
1465434
1465435
1465436
1465436
1465430
1465429
1465435
1465435
1465435
1465441
1465431
1465435
1465435
1465437
1465444
1465448
1465452
1465454
1465458
1465446
1465438
1465436
1465441
1465447
1465445
1465453
1465462
1465449
1465452
1465465
1465459
1465459
1465454
1465460
1465465
1465455
1465445
1465447
1465454
1465455
1465454
1465467
1465463
1465472
1465471
1465475
1465481
1465475
1465484
1465480
1465476
1465471
1465463
1465458
1465460
1465464
1465454
1465446
1465453
1465458
1465459
1465461
1465459
1465448
1465459
1465471
1465481
1465494
1465480
1465478
1465471
1465465
1465473
1465472
1465482
1465481
1465486
1465491
1465495
1465491
1465489
1465497
1465504
1465510
1465509
1465508
1465508
1465509
1465520
1465521
1465522
1465521
1465519
1465529
1465523
1465518
1465518
1465521
1465524
1465524
1465526
1465531
1465522
1465519
1465516
1465514
1465516
1465519
1465532
1465542
1465549
1465542
1465542
1465547
1465539
1465535
1465538
1465549
1465554
1465544
1465554
1465540
1465539
1465537
1465531
1465538
1465537
1465523
1465524
1465522
1465524
1465515
1465504
1465507
1465518
1465514
1465509
1465511
1465516
1465523
1465522
1465532
1465523
1465517
1465515
1465523
1465526
1465522
1465524
1465524
1465531
1465528
1465530
1465523
1465522
1465516
1465507
1465501
1465510
1465518
1465515
1465517
1465510
1465506
1465500
1465501
1465501
1465488
1465487
1465480
1465487
1465496
1465492
1465487
1465483
1465489
1465485
1465481
1465476
1465478
1465477
1465475
1465468
1465470
1465467
1465465
1465459
1465471
1465477
1465483
1465468
1465472
1465471
1465466
1465457
1465453
1465444
1465439
1465437
1465437
1465423
1465417
1465415
1465420
1465412
1465423
1465426
1465428
1465423
1465417
1465418
1465417
1465414
1465422
1465421
1465425
1465431
1465422
1465419
1465430
1465420
1465412
1465408
1465411
1465408
1465411
1465415
1465417
1465414
1465415
1465414
1465409
1465417
1465420
1465409
1465405
1465407
1465408
1465399
1465399
1465404
1465411
1465412
1465407
1465412
1465406
1465404
1465405
1465406
1465403
1465393
1465400
1465397
1465386
1465382
1465383
1465391
1465384
1465384
1465386
1465388
1465388
1465394
1465402
1465402
1465397
1465408
1465410
1465408
1465419
1465430
1465434
1465433
1465430
1465433
1465431
1465432
1465442
1465446
1465450
1465441
1465443
1465441
1465440
1465450
1465452
1465450
1465450
1465456
1465470
1465462
1465473
1465475
1465469
1465464
1465458
1465450
1465447
1465456
1465443
1465449
1465440
1465435
1465444
1465440
1465439
1465440
1465444
1465443
1465441
1465433
1465432
1465437
1465435
1465435
1465423
1465426
1465429
1465425
1465431
1465431
1465430
1465421
1465421
1465426
1465414
1465415
1465422
1465423
1465427
1465429
1465435
1465446
1465459
1465461
1465448
1465459
1465451
1465454
1465457
1465464
1465467
1465472
1465469
1465469
1465461
1465463
1465458
1465458
1465458
1465456
1465465
1465468
1465468
1465483
1465483
1465485
1465496
1465503
1465514
1465515
1465516
1465511
1465512
1465507
1465499
1465493
1465481
1465482
1465492
1465495
1465488
1465483
1465478
1465476
1465481
1465477
1465472
1465469
1465471
1465466
1465459
1465456
1465444
1465434
1465436
1465438
1465433
1465438
1465432
1465436
1465431
1465434
1465440
1465436
1465437
1465433
1465440
1465448
1465452
1465454
1465460
1465457
1465458
1465456
1465454
1465457
1465460
1465469
1465467
1465464
1465470
1465470
1465458
1465465
1465472
1465467
1465463
1465469
1465472
1465475
1465469
1465471
1465479
1465477
1465481
1465482
1465480
1465474
1465471
1465474
1465476
1465473
1465471
1465464
1465475
1465470
1465473
1465478
1465485
1465470
1465468
1465467
1465466
1465477
1465483
1465479
1465490
1465501
1465496
1465496
1465498
1465498
1465508
1465498
1465507
1465503
1465506
1465508
1465510
1465502
1465499
1465492
1465497
1465486
1465483
1465484
1465493
1465502
1465496
1465500
1465503
1465504
1465513
1465503
1465503
1465499
1465499
1465500
1465492
1465487
1465480
1465483
1465469
1465464
1465463
1465477
1465482
1465492
1465498
1465507
1465498
1465495
1465501
1465492
1465493
1465492
1465485
1465486
1465490
1465488
1465493
1465490
1465497
1465492
1465480
1465488
1465496
1465498
1465506
1465496
1465496
1465503
1465502
1465500
1465492
1465499
1465489
1465487
1465494
1465496
1465499
1465509
1465501
1465513
1465519
1465528
1465524
1465518
1465517
1465512
1465515
1465525
1465523
1465509
1465508
1465512
1465513
1465514
1465522
1465522
1465530
1465521
1465524
1465530
1465537
1465538
1465537
1465544
1465545
1465546
1465550
1465536
1465538
1465541
1465540
1465544
1465554
1465552
1465556
1465548
1465548
1465557
1465554
1465561
1465559
1465553
1465562
1465558
1465550
1465544
1465549
1465548
1465542
1465551
1465555
1465554
1465555
1465560
1465549
1465552
1465553
1465545
1465557
1465566
1465571
1465562
1465563
1465578
1465576
1465580
1465585
1465575
1465576
1465564
1465560
1465566
1465568
1465573
1465569
1465563
1465555
1465560
1465556
1465561
1465566
1465567
1465573
1465560
1465568
1465575
1465573
1465573
1465571
1465567
1465575
1465570
1465569
1465560
1465553
1465543
1465555
1465562
1465557
1465544
1465559
1465562
1465562
1465566
1465562
1465565
1465560
1465555
1465553
1465552
1465551
1465551
1465563
1465564
1465561
1465569
1465572
1465565
1465563
1465569
1465571
1465571
1465578
1465566
1465569
1465563
1465565
1465560
1465560
1465565
1465561
1465552
1465545
1465544
1465548
1465550
1465548
1465547
1465545
1465545
1465548
1465554
1465558
1465557
1465556
1465554
1465562
1465569
1465565
1465572
1465577
1465565
1465556
1465547
1465545
1465542
1465537
1465534
1465535
1465547
1465559
1465558
1465544
1465543
1465548
1465548
1465540
1465540
1465543
1465536
1465543
1465555
1465557
1465561
1465561
1465554
1465540
1465534
1465533
1465531
1465541
1465555
1465562
1465567
1465569
1465566
1465564
1465555
1465564
1465551
1465551
1465541
1465541
1465554
1465553
1465554
1465549
1465539
1465543
1465540
1465530
1465532
1465540
1465530
1465537
1465529
1465536
1465542
1465537
1465544
1465548
1465542
1465537
1465532
1465524
1465520
1465514
1465513
1465528
1465533
1465533
1465536
1465524
1465525
1465522
1465531
1465520
1465522
1465526
1465530
1465534
1465535
1465532
1465536
1465530
1465526
1465522
1465509
1465512
1465516
1465517
1465518
1465519
1465516
1465519
1465521
1465510
1465523
1465524
1465534
1465533
1465532
1465541
1465540
1465535
1465534
1465536
1465537
1465535
1465535
1465534
1465529
1465530
1465536
1465528
1465528
1465532
1465526
1465525
1465535
1465536
1465544
1465534
1465531
1465538
1465548
1465548
1465540
1465537
1465525
1465535
1465535
1465521
1465509
1465517
1465511
1465499
1465502
1465513
1465507
1465502
1465500
1465500
1465510
1465522
1465515
1465516
1465508
1465511
1465503
1465494
1465484
1465477
1465481
1465480
1465470
1465468
1465466
1465456
1465449
1465439
1465444
1465447
1465437
1465436
1465434
1465428
1465422
1465415
1465414
1465423
1465420
1465430
1465427
1465423
1465433
1465429
1465426
1465428
1465425
1465424
1465425
1465432
1465434
1465438
1465432
1465427
1465435
1465436
1465437
1465433
1465437
1465437
1465447
1465452
1465456
1465455
1465450
1465456
1465455
1465451
1465457
1465458
1465455
1465446
1465446
1465441
1465453
1465454
1465451
1465453
1465456
1465466
1465457
1465453
1465454
1465443
1465441
1465446
1465447
1465456
1465458
1465462
1465467
1465455
1465455
1465462
1465455
1465456
1465457
1465457
1465456
1465462
1465461
1465467
1465464
1465466
1465462
1465459
1465462
1465467
1465464
1465457
1465461
1465461
1465461
1465460
1465474
1465475
1465469
1465480
1465470
1465473
1465477
1465475
1465466
1465471
1465480
1465478
1465485
1465487
1465488
1465477
1465476
1465472
1465475
1465473
1465474
1465479
1465489
1465485
1465476
1465482
1465479
1465470
1465471
1465474
1465462
1465465
1465467
1465477
1465483
1465487
1465484
1465476
1465471
1465469
1465467
1465467
1465462
1465453
1465457
1465454
1465450
1465460
1465467
1465469
1465480
1465479
1465482
1465483
1465480
1465481
1465469
1465458
1465455
1465457
1465453
1465464
1465473
1465463
1465469
1465468
1465470
1465479
1465473
1465467
1465463
1465459
1465453
1465454
1465449
1465445
1465442
1465450
1465451
1465438
1465435
1465436
1465445
1465439
1465440
1465443
1465433
1465445
1465450
1465437
1465434
1465437
1465436
1465443
1465447
1465445
1465441
1465450
1465441
1465445
1465440
1465442
1465445
1465442
1465445
1465446
1465449
1465446
1465456
1465459
1465464
1465465
1465467
1465462
1465459
1465454
1465456
1465456
1465445
1465451
1465451
1465447
1465440
1465431
1465431
1465436
1465445
1465437
1465429
1465425
1465432
1465435
1465424
1465423
1465431
1465441
1465438
1465429
1465425
1465430
1465432
1465428
1465416
1465415
1465425
1465434
1465426
1465413
1465405
1465399
1465400
1465401
1465390
1465397
1465398
1465404
1465395
1465392
1465380
1465384
1465388
1465388
1465390
1465394
1465390
1465383
1465374
1465376
1465372
1465370
1465375
1465376
1465369
1465376
1465366
1465353
1465357
1465347
1465336
1465331
1465340
1465337
1465338
1465344
1465337
1465337
1465327
1465332
1465333
1465330
1465339
1465343
1465336
1465334
1465330
1465330
1465331
1465331
1465328
1465319
1465319
1465321
1465322
1465314
1465321
1465325
1465324
1465325
1465326
1465320
1465318
1465310
1465309
1465314
1465322
1465333
1465325
1465320
1465317
1465330
1465331
1465317
1465323
1465318
1465316
1465321
1465317
1465315
1465321
1465319
1465320
1465311
1465310
1465295
1465302
1465302
1465294
1465294
1465298
1465296
1465302
1465306
1465306
1465302
1465310
1465305
1465309
1465308
1465308
1465312
1465316
1465320
1465320
1465313
1465304
1465306
1465294
1465307
1465311
1465310
1465298
1465311
1465315
1465311
1465299
1465286
1465282
1465285
1465298
1465300
1465296
1465286
1465293
1465293
1465300
1465309
1465320
1465322
1465320
1465318
1465311
1465308
1465298
1465285
1465275
1465270
1465271
1465276
1465274
1465265
1465278
1465272
1465274
1465265
1465270
1465264
1465260
1465251
1465243
1465250
1465246
1465243
1465246
1465248
1465254
1465244
1465249
1465236
1465223
1465220
1465231
1465228
1465223
1465217
1465224
1465220
1465211
1465207
1465203
1465198
1465201
1465205
1465212
1465208
1465200
1465200
1465198
1465208
1465200
1465205
1465203
1465194
1465185
1465181
1465183
1465185
1465192
1465195
1465201
1465202
1465205
1465210
1465207
1465209
1465208
1465209
1465214
1465224
1465233
1465239
1465247
1465255
1465263
1465273
1465267
1465262
1465252
1465258
1465259
1465257
1465260
1465273
1465265
1465257
1465254
1465241
1465241
1465248
1465237
1465239
1465241
1465234
1465236
1465245
1465236
1465232
1465223
1465227
1465227
1465216
1465202
1465200
1465214
1465214
1465204
1465208
1465195
1465204
1465197
1465207
1465214
1465223
1465221
1465231
1465231
1465226
1465228
1465228
1465227
1465237
1465244
1465240
1465252
1465247
1465238
1465242
1465247
1465257
1465263
1465266
1465255
1465252
1465254
1465248
1465247
1465252
1465253
1465261
1465273
1465274
1465271
1465274
1465273
1465264
1465263
1465264
1465275
1465281
1465280
1465285
1465284
1465288
1465292
1465291
1465290
1465296
1465291
1465291
1465303
1465307
1465301
1465309
1465318
1465320
1465321
1465314
1465310
1465313
1465326
1465321
1465310
1465313
1465308
1465301
1465296
1465289
1465286
1465286
1465286
1465284
1465292
1465298
1465304
1465307
1465316
1465303
1465307
1465306
1465298
1465300
1465299
1465299
1465307
1465305
1465297
1465299
1465288
1465292
1465283
1465283
1465282
1465294
1465286
1465287
1465290
1465287
1465293
1465283
1465286
1465295
1465294
1465298
1465297
1465286
1465297
1465291
1465299
1465300
1465297
1465293
1465305
1465306
1465314
1465313
1465306
1465310
1465304
1465305
1465310
1465314
1465329
1465317
1465319
1465319
1465319
1465328
1465322
1465326
1465332
1465329
1465330
1465331
1465333
1465322
1465329
1465316
1465314
1465320
1465324
1465337
1465333
1465330
1465338
1465330
1465317
1465320
1465318
1465329
1465331
1465331
1465340
1465336
1465343
1465353
1465351
1465346
1465340
1465341
1465342
1465341
1465349
1465343
1465331
1465327
1465322
1465321
1465331
1465339
1465349
1465339
1465347
1465343
1465338
1465345
1465334
1465331
1465335
1465343
1465330
1465329
1465338
1465339
1465327
1465321
1465316
1465311
1465314
1465319
1465312
1465314
1465314
1465317
1465320
1465319
1465320
1465314
1465325
1465330
1465329
1465323
1465327
1465327
1465322
1465331
1465321
1465315
1465309
1465315
1465329
1465319
1465322
1465312
1465303
1465300
1465301
1465299
1465300
1465294
1465291
1465289
1465293
1465304
1465318
1465315
1465317
1465312
1465314
1465313
1465308
1465303
1465304
1465305
1465306
1465295
1465295
1465296
1465307
1465298
1465298
1465295
1465291
1465284
1465277
1465276
1465282
1465288
1465294
1465293
1465289
1465288
1465275
1465280
1465272
1465278
1465277
1465273
1465282
1465283
1465274
1465266
1465259
1465261
1465269
1465261
1465265
1465263
1465259
1465261
1465274
1465267
1465270
1465265
1465255
1465253
1465247
1465252
1465243
1465253
1465253
1465264
1465257
1465253
1465255
1465263
1465249
1465250
1465254
1465261
1465263
1465268
1465265
1465261
1465260
1465266
1465262
1465259
1465249
1465251
1465236
1465239
1465239
1465251
1465263
1465266
1465262
1465255
1465254
1465248
1465240
1465227
1465231
1465223
1465216
1465215
1465228
1465228
1465221
1465226
1465226
1465223
1465235
1465237
1465231
1465216
1465206
1465202
1465214
1465212
1465208
1465218
1465225
1465229
1465233
1465235
1465235
1465234
1465231
1465229
1465222
1465231
1465236
1465239
1465228
1465241
1465228
1465228
1465225
1465235
1465228
1465229
1465236
1465236
1465227
1465235
1465229
1465224
1465231
1465231
1465225
1465228
1465229
1465238
1465237
1465237
1465243
1465246
1465238
1465231
1465227
1465227
1465224
1465227
1465226
1465223
1465227
1465236
1465233
1465247
1465252
1465259
1465251
1465241
1465243
1465236
1465239
1465229
1465219
1465217
1465212
1465211
1465210
1465201
1465204
1465207
1465201
1465196
1465207
1465214
1465213
1465219
1465214
1465210
1465223
1465228
1465228
1465237
1465233
1465234
1465245
1465242
1465251
1465239
1465235
1465234
1465231
1465231
1465224
1465215
1465213
1465212
1465218
1465208
1465204
1465198
1465187
1465184
1465173
1465169
1465172
1465175
1465173
1465170
1465168
1465176
1465177
1465173
1465177
1465172
1465182
1465185
1465195
1465188
1465180
1465178
1465179
1465184
1465197
1465182
1465175
1465181
1465177
1465170
1465165
1465167
1465171
1465174
1465165
1465170
1465175
1465181
1465181
1465183
1465181
1465184
1465191
1465189
1465196
1465188
1465187
1465189
1465188
1465186
1465189
1465192
1465182
1465183
1465192
1465199
1465190
1465181
1465194
1465201
1465201
1465210
1465202
1465197
1465200
1465211
1465212
1465212
1465202
1465192
1465206
1465213
1465206
1465205
1465201
1465207
1465198
1465203
1465203
1465209
1465207
1465202
1465200
1465195
1465199
1465193
1465197
1465200
1465204
1465197
1465197
1465202
1465206
1465214
1465213
1465213
1465217
1465216
1465219
1465220
1465229
1465221
1465221
1465226
1465228
1465232
1465231
1465232
1465245
1465249
1465260
1465257
1465254
1465244
1465242
1465248
1465250
1465246
1465245
1465243
1465247
1465250
1465250
1465253
1465250
1465245
1465253
1465249
1465253
1465241
1465240
1465237
1465232
1465242
1465245
1465250
1465260
1465260
1465270
1465270
1465273
1465262
1465277
1465268
1465272
1465279
1465283
1465289
1465289
1465286
1465295
1465283
1465280
1465278
1465286
1465296
1465301
1465301
1465308
1465299
1465293
1465283
1465288
1465294
1465295
1465294
1465300
1465297
1465298
1465295
1465300
1465302
1465293
1465291
1465280
1465274
1465268
1465272
1465285
1465274
1465267
1465276
1465267
1465275
1465277
1465267
1465253
1465254
1465241
1465235
1465234
1465244
1465239
1465238
1465236
1465235
1465226
1465219
1465214
1465209
1465218
1465210
1465218
1465229
1465229
1465234
1465225
1465218
1465220
1465228
1465234
1465247
1465253
1465242
1465247
1465249
1465255
1465252
1465258
1465256
1465249
1465246
1465234
1465240
1465230
1465238
1465224
1465226
1465219
1465213
1465208
1465218
1465222
1465214
1465216
1465212
1465216
1465212
1465214
1465201
1465208
1465220
1465218
1465214
1465208
1465208
1465207
1465212
1465201
1465197
1465196
1465200
1465209
1465219
1465228
1465230
1465224
1465227
1465219
1465215
1465217
1465219
1465219
1465219
1465211
1465207
1465199
1465208
1465200
1465208
1465208
1465209
1465206
1465213
1465203
1465198
1465210
1465205
1465203
1465200
1465210
1465210
1465214
1465214
1465227
1465230
1465230
1465232
1465221
1465217
1465208
1465202
1465205
1465203
1465202
1465204
1465205
1465210
1465210
1465219
1465232
1465234
1465239
1465248
1465249
1465242
1465251
1465256
1465261
1465263
1465266
1465263
1465256
1465258
1465251
1465253
1465253
1465257
1465260
1465253
1465264
1465265
1465267
1465264
1465270
1465268
1465274
1465280
1465280
1465283
1465296
1465304
1465317
1465309
1465300
1465299
1465300
1465305
1465306
1465302
1465300
1465296
1465294
1465285
1465281
1465284
1465281
1465283
1465274
1465285
1465291
1465301
1465306
1465307
1465303
1465294
1465292
1465289
1465280
1465294
1465294
1465302
1465300
1465307
1465308
1465317
1465325
1465327
1465331
1465325
1465321
1465315
1465318
1465313
1465312
1465320
1465321
1465318
1465322
1465316
1465324
1465323
1465317
1465323
1465327
1465328
1465316
1465322
1465319
1465316
1465314
1465316
1465322
1465318
1465326
1465321
1465318
1465321
1465317
1465326
1465334
1465326
1465338
1465337
1465337
1465335
1465322
1465333
1465338
1465337
1465331
1465338
1465329
1465328
1465336
1465341
1465342
1465343
1465330
1465333
1465332
1465332
1465334
1465344
1465348
1465350
1465361
1465362
1465353
1465351
1465342
1465332
1465331
1465345
1465341
1465341
1465335
1465328
1465329
1465319
1465323
1465328
1465331
1465319
1465312
1465317
1465304
1465301
1465300
1465303
1465301
1465298
1465304
1465307
1465296
1465298
1465303
1465308
1465306
1465298
1465302
1465296
1465297
1465301
1465309
1465311
1465302
1465295
1465298
1465310
1465301
1465304
1465304
1465303
1465303
1465316
1465326
1465336
1465327
1465321
1465333
1465329
1465326
1465320
1465334
1465336
1465343
1465342
1465354
1465367
1465367
1465369
1465374
1465371
1465381
1465392
1465393
1465393
1465384
1465383
1465389
1465390
1465391
1465389
1465379
1465374
1465376
1465386
1465387
1465382
1465381
1465379
1465380
1465378
1465365
1465373
1465372
1465376
1465373
1465369
1465361
1465357
1465355
1465362
1465367
1465369
1465376
1465382
1465383
1465395
1465390
1465386
1465380
1465388
1465390
1465390
1465392
1465391
1465395
1465398
1465399
1465388
1465377
1465384
1465386
1465387
1465385
1465388
1465396
1465391
1465383
1465381
1465376
1465383
1465384
1465389
1465387
1465387
1465392
1465403
1465399
1465398
1465410
1465412
1465405
1465408
1465397
1465397
1465411
1465418
1465426
1465422
1465412
1465405
1465411
1465415
1465412
1465416
1465408
1465413
1465420
1465422
1465436
1465444
1465445
1465449
1465442
1465442
1465431
1465437
1465440
1465427
1465428
1465432
1465419
1465414
1465412
1465410
1465399
1465398
1465399
1465389
1465384
1465389
1465386
1465383
1465373
1465377
1465377
1465390
1465389
1465378
1465382
1465377
1465366
1465367
1465377
1465386
1465395
1465394
1465400
1465406
1465402
1465392
1465390
1465392
1465385
1465380
1465390
1465383
1465385
1465387
1465383
1465385
1465383
1465378
1465377
1465378
1465383
1465374
1465378
1465367
1465378
1465383
1465382
1465386
1465394
1465397
1465388
1465389
1465395
1465390
1465400
1465397
1465410
1465408
1465412
1465401
1465399
1465401
1465399
1465407
1465395
1465392
1465396
1465388
1465398
1465409
1465417
1465407
1465413
1465421
1465431
1465439
1465448
1465449
1465448
1465455
1465456
1465451
1465447
1465454
1465450
1465455
1465446
1465450
1465450
1465458
1465468
1465464
1465452
1465458
1465450
1465443
1465444
1465444
1465442
1465449
1465446
1465444
1465447
1465455
1465461
1465468
1465465
1465473
1465476
1465483
1465478
1465481
1465489
1465483
1465473
1465464
1465453
1465447
1465449
1465450
1465460
1465462
1465472
1465474
1465484
1465488
1465475
1465479
1465489
1465478
1465481
1465476
1465478
1465473
1465481
1465475
1465472
1465480
1465480
1465480
1465482
1465493
1465494
1465495
1465504
1465498
1465496
1465505
1465500
1465486
1465481
1465478
1465475
1465472
1465461
1465459
1465454
1465463
1465459
1465463
1465458
1465457
1465462
1465452
1465456
1465458
1465463
1465470
1465466
1465458
1465465
1465467
1465476
1465468
1465478
1465481
1465478
1465486
1465487
1465477
1465483
1465483
1465489
1465494
1465489
1465496
1465505
1465505
1465492
1465495
1465492
1465491
1465488
1465476
1465472
1465461
1465461
1465450
1465458
1465463
1465462
1465460
1465451
1465442
1465443
1465442
1465443
1465441
1465436
1465426
1465437
1465439
1465443
1465433
1465440
1465441
1465427
1465436
1465443
1465458
1465462
1465459
1465454
1465455
1465460
1465458
1465455
1465452
1465445
1465441
1465436
1465441
1465433
1465427
1465435
1465427
1465431
1465440
1465443
1465441
1465443
1465450
1465446
1465447
1465440
1465442
1465447
1465447
1465451
1465459
1465458
1465449
1465449
1465454
1465451
1465445
1465452
1465444
1465440
1465431
1465425
1465430
1465441
1465432
1465431
1465436
1465441
1465441
1465434
1465427
1465436
1465432
1465440
1465435
1465430
1465429
1465421
1465420
1465425
1465428
1465430
1465441
1465447
1465453
1465452
1465453
1465461
1465458
1465456
1465452
1465448
1465451
1465441
1465444
1465444
1465438
1465439
1465445
1465454
1465447
1465448
1465441
1465438
1465434
1465431
1465432
1465436
1465435
1465446
1465448
1465441
1465440
1465433
1465439
1465443
1465448
1465451
1465459
1465448
1465443
1465450
1465463
1465467
1465479
1465477
1465482
1465475
1465467
1465470
1465467
1465466
1465459
1465456
1465450
1465463
1465466
1465469
1465463
1465471
1465463
1465449
1465448
1465455
1465463
1465471
1465469
1465475
1465473
1465484
1465473
1465477
1465480
1465488
1465485
1465486
1465489
1465488
1465490
1465495
1465480
1465471
1465457
1465465
1465460
1465462
1465457
1465460
1465458
1465466
1465472
1465474
1465469
1465474
1465480
1465477
1465469
1465478
1465475
1465479
1465475
1465478
1465476
1465473
1465470
1465479
1465484
1465485
1465485
1465487
1465480
1465485
1465490
1465488
1465481
1465479
1465476
1465487
1465485
1465495
1465492
1465499
1465497
1465486
1465486
1465485
1465475
1465468
1465466
1465474
1465470
1465474
1465475
1465477
1465476
1465474
1465467
1465463
1465463
1465463
1465462
1465455
1465461
1465451
1465454
1465458
1465465
1465461
1465468
1465472
1465485
1465484
1465495
1465487
1465482
1465492
1465489
1465495
1465498
1465493
1465504
1465515
1465521
1465515
1465514
1465519
1465511
1465517
1465510
1465500
1465497
1465493
1465496
1465496
1465496
1465498
1465510
1465512
1465517
1465517
1465520
1465528
1465525
1465527
1465519
1465512
1465513
1465520
1465530
1465532
1465544
1465540
1465537
1465533
1465530
1465532
1465531
1465524
1465518
1465520
1465508
1465497
1465492
1465495
1465497
1465503
1465510
1465510
1465511
1465503
1465503
1465514
1465503
1465498
1465497
1465498
1465508
1465508
1465513
1465511
1465504
1465498
1465510
1465504
1465510
1465517
1465511
1465514
1465508
1465499
1465500
1465495
1465503
1465494
1465486
1465473
1465479
1465489
1465494
1465494
1465494
1465488
1465487
1465494
1465503
1465503
1465511
1465513
1465522
1465524
1465537
1465532
1465540
1465545
1465549
1465556
1465553
1465559
1465568
1465570
1465558
1465560
1465557
1465557
1465554
1465553
1465566
1465570
1465557
1465562
1465561
1465549
1465540
1465536
1465538
1465529
1465518
1465517
1465512
1465513
1465513
1465508
1465513
1465510
1465501
1465511
1465512
1465511
1465516
1465525
1465518
1465515
1465512
1465519
1465519
1465516
1465515
1465514
1465512
1465519
1465518
1465517
1465518
1465527
1465520
1465520
1465512
1465511
1465521
1465518
1465526
1465520
1465526
1465529
1465537
1465536
1465534
1465530
1465524
1465518
1465514
1465509
1465507
1465513
1465517
1465516
1465510
1465519
1465519
1465517
1465520
1465520
1465520
1465510
1465510
1465515
1465520
1465515
1465503
1465505
1465500
1465495
1465504
1465502
1465510
1465506
1465505
1465514
1465503
1465502
1465492
1465487
1465498
1465493
1465493
1465494
1465488
1465486
1465486
1465499
1465493
1465495
1465489
1465493
1465484
1465490
1465498
1465498
1465511
1465513
1465510
1465510
1465513
1465509
1465514
1465513
1465525
1465526
1465523
1465524
1465525
1465526
1465525
1465531
1465526
1465525
1465522
1465518
1465511
1465500
1465495
1465505
1465505
1465507
1465497
1465493
1465502
1465506
1465510
1465521
1465522
1465519
1465521
1465527
1465520
1465512
1465515
1465522
1465520
1465505
1465502
1465497
1465503
1465505
1465501
1465494
1465508
1465519
1465527
1465527
1465533
1465540
1465542
1465545
1465540
1465540
1465539
1465535
1465532
1465519
1465530
1465526
1465523
1465531
1465528
1465534
1465538
1465537
1465529
1465518
1465519
1465507
1465509
1465503
1465502
1465506
1465511
1465517
1465513
1465516
1465512
1465513
1465512
1465517
1465513
1465509
1465502
1465504
1465507
1465515
1465512
1465507
1465502
1465497
1465502
1465500
1465497
1465493
1465486
1465483
1465480
1465480
1465484
1465485
1465484
1465477
1465477
1465475
1465478
1465478
1465478
1465472
1465464
1465474
1465472
1465480
1465486
1465488
1465495
1465495
1465501
1465496
1465494
1465497
1465493
1465491
1465505
1465502
1465511
1465507
1465513
1465503
1465498
1465497
1465488
1465480
1465492
1465500
1465488
1465480
1465475
1465476
1465481
1465478
1465470
1465463
1465469
1465466
1465471
1465480
1465476
1465478
1465474
1465474
1465475
1465476
1465476
1465481
1465479
1465476
1465465
1465476
1465491
1465486
1465479
1465491
1465483
1465483
1465484
1465476
1465475
1465461
1465464
1465462
1465474
1465482
1465473
1465483
1465489
1465502
1465495
1465490
1465497
1465491
1465492
1465491
1465492
1465492
1465493
1465495
1465490
1465489
1465487
1465487
1465482
1465473
1465478
1465478
1465465
1465471
1465468
1465468
1465468
1465465
1465467
1465456
1465456
1465448
1465455
1465456
1465455
1465444
1465443
1465438
1465445
1465443
1465440
1465441
1465450
1465446
1465446
1465449
1465448
1465456
1465465
1465473
1465468
1465468
1465477
1465474
1465487
1465491
1465502
1465504
1465503
1465498
1465501
1465512
1465524
1465527
1465523
1465525
1465531
1465544
1465549
1465548
1465552
1465555
1465548
1465548
1465544
1465532
1465526
1465532
1465521
1465523
1465533
1465530
1465526
1465532
1465524
1465518
1465529
1465537
1465542
1465541
1465537
1465534
1465536
1465535
1465527
1465522
1465519
1465510
1465519
1465515
1465527
1465531
1465537
1465529
1465530
1465525
1465517
1465522
1465515
1465510
1465507
1465498
1465496
1465507
1465498
1465485
1465483
1465480
1465478
1465486
1465483
1465484
1465494
1465494
1465496
1465485
1465490
1465487
1465478
1465476
1465469
1465472
1465467
1465467
1465464
1465473
1465481
1465481
1465482
1465484
1465477
1465474
1465480
1465483
1465474
1465465
1465460
1465458
1465469
1465473
1465479
1465491
1465491
1465482
1465493
1465487
1465486
1465492
1465484
1465492
1465496
1465497
1465496
1465494
1465496
1465494
1465495
1465491
1465506
1465517
1465512
1465517
1465515
1465517
1465519
1465516
1465513
1465520
1465514
1465516
1465529
1465525
1465513
1465525
1465522
1465527
1465526
1465524
1465511
1465510
1465515
1465516
1465516
1465515
1465519
1465514
1465517
1465525
1465524
1465525
1465530
1465537
1465543
1465535
1465535
1465539
1465532
1465537
1465540
1465544
1465536
1465545
1465553
1465561
1465552
1465555
1465543
1465547
1465545
1465547
1465554
1465544
1465544
1465554
1465559
1465562
1465568
1465572
1465580
1465591
1465594
1465594
1465593
1465597
1465598
1465604
1465597
1465603
1465612
1465602
1465595
1465588
1465583
1465575
1465577
1465578
1465577
1465575
1465587
1465581
1465582
1465572
1465560
1465562
1465565
1465557
1465565
1465572
1465564
1465577
1465578
1465571
1465573
1465568
1465568
1465560
1465562
1465572
1465579
1465576
1465568
1465565
1465556
1465557
1465560
1465571
1465569
1465570
1465570
1465581
1465580
1465575
1465585
1465590
1465575
1465564
1465561
1465571
1465564
1465576
1465587
1465591
1465593
1465588
1465589
1465590
1465586
1465580
1465573
1465584
1465580
1465590
1465595
1465584
1465586
1465585
1465590
1465602
1465610
1465611
1465615
1465609
1465613
1465610
1465604
1465600
1465604
1465597
1465587
1465583
1465588
1465574
1465575
1465585
1465590
1465599
1465602
1465612
1465625
1465625
1465625
1465617
1465624
1465617
1465618
1465622
1465612
1465610
1465614
1465607
1465617
1465625
1465636
1465631
1465631
1465630
1465631
1465618
1465619
1465629
1465629
1465632
1465643
1465649
1465647
1465645
1465637
1465631
1465623
1465633
1465634
1465636
1465622
1465618
1465616
1465603
1465602
1465598
1465595
1465598
1465600
1465594
1465593
1465582
1465586
1465591
1465585
1465595
1465603
1465594
1465599
1465601
1465606
1465618
1465624
1465637
1465633
1465624
1465616
1465618
1465619
1465618
1465604
1465601
1465603
1465609
1465610
1465619
1465607
1465600
1465600
1465612
1465621
1465620
1465626
1465626
1465639
1465634
1465628
1465618
1465623
1465633
1465624
1465619
1465629
1465629
1465627
1465620
1465626
1465637
1465636
1465629
1465635
1465629
1465626
1465624
1465633
1465645
1465642
1465640
1465641
1465644
1465650
1465663
1465671
1465660
1465649
1465644
1465650
1465646
1465644
1465640
1465648
1465649
1465640
1465649
1465652
1465647
1465635
1465638
1465627
1465621
1465617
1465623
1465619
1465616
1465618
1465624
1465620
1465613
1465604
1465597
1465603
1465604
1465600
1465595
1465596
1465602
1465601
1465597
1465598
1465593
1465588
1465582
1465582
1465584
1465590
1465595
1465583
1465576
1465578
1465580
1465572
1465564
1465565
1465561
1465548
1465549
1465542
1465541
1465552
1465547
1465540
1465529
1465524
1465521
1465525
1465517
1465516
1465512
1465512
1465519
1465528
1465522
1465522
1465529
1465538
1465540
1465528
1465532
1465531
1465538
1465538
1465538
1465534
1465530
1465531
1465535
1465535
1465534
1465544
1465542
1465542
1465547
1465553
1465549
1465537
1465546
1465557
1465553
1465547
1465550
1465548
1465556
1465557
1465560
1465547
1465548
1465542
1465547
1465552
1465539
1465545
1465537
1465535
1465535
1465535
1465540
1465528
1465515
1465506
1465504
1465497
1465501
1465506
1465517
1465505
1465500
1465507
1465497
1465507
1465501
1465510
1465510
1465514
1465514
1465508
1465517
1465526
1465512
1465517
1465509
1465511
1465507
1465502
1465505
1465496
1465488
1465501
1465492
1465492
1465481
1465484
1465487
1465485
1465489
1465493
1465495
1465501
1465500
1465506
1465504
1465490
1465486
1465483
1465489
1465491
1465491
1465493
1465490
1465500
1465491
1465482
1465482
1465479
1465479
1465488
1465494
1465492
1465497
1465511
1465509
1465501
1465492
1465497
1465505
1465509
1465505
1465501
1465509
1465508
1465507
1465511
1465515
1465512
1465514
1465526
1465523
1465526
1465527
1465529
1465524
1465520
1465515
1465510
1465510
1465506
1465500
1465509
1465507
1465513
1465507
1465503
1465511
1465500
1465499
1465492
1465504
1465503
1465506
1465502
1465498
1465491
1465484
1465479
1465479
1465478
1465466
1465460
1465457
1465465
1465469
1465474
1465468
1465467
1465466
1465464
1465462
1465459
1465462
1465464
1465459
1465459
1465459
1465467
1465475
1465478
1465490
1465487
1465477
1465470
1465468
1465467
1465466
1465466
1465461
1465471
1465467
1465472
1465459
1465454
1465440
1465444
1465443
1465440
1465446
1465446
1465444
1465440
1465445
1465451
1465460
1465457
1465443
1465429
1465424
1465417
1465423
1465421
1465417
1465426
1465434
1465436
1465438
1465432
1465444
1465452
1465452
1465440
1465444
1465444
1465456
1465454
1465456
1465450
1465444
1465437
1465434
1465428
1465420
1465420
1465414
1465403
1465411
1465405
1465410
1465420
1465432
1465429
1465434
1465425
1465431
1465440
1465439
1465448
1465438
1465431
1465441
1465436
1465435
1465441
1465445
1465449
1465453
1465456
1465458
1465455
1465463
1465472
1465475
1465489
1465492
1465500
1465496
1465493
1465499
1465491
1465493
1465491
1465480
1465488
1465477
1465485
1465497
1465486
1465491
1465486
1465474
1465480
1465480
1465471
1465472
1465467
1465468
1465457
1465455
1465455
1465464
1465457
1465463
1465469
1465467
1465463
1465462
1465457
1465450
1465451
1465454
1465449
1465446
1465442
1465439
1465446
1465436
1465429
1465428
1465428
1465419
1465428
1465436
1465436
1465430
1465428
1465429
1465432
1465439
1465434
1465435
1465427
1465435
1465433
1465440
1465435
1465434
1465433
1465429
1465437
1465451
1465448
1465447
1465434
1465428
1465418
1465425
1465433
1465427
1465432
1465443
1465454
1465456
1465455
1465450
1465438
1465439
1465449
1465440
1465435
1465439
1465442
1465439
1465444
1465449
1465444
1465450
1465442
1465429
1465424
1465424
1465436
1465441
1465438
1465447
1465442
1465435
1465434
1465430
1465431
1465435
1465439
1465439
1465433
1465426
1465418
1465418
1465414
1465413
1465404
1465414
1465403
1465407
1465414
1465413
1465423
1465427
1465426
1465427
1465419
1465416
1465405
1465404
1465404
1465405
1465409
1465421
1465418
1465418
1465418
1465409
1465407
1465402
1465402
1465390
1465395
1465389
1465376
1465373
1465371
1465361
1465364
1465353
1465350
1465343
1465343
1465353
1465359
1465362
1465362
1465373
1465363
1465354
1465356
1465354
1465342
1465350
1465355
1465367
1465366
1465361
1465361
1465366
1465366
1465358
1465359
1465353
1465353
1465349
1465338
1465340
1465336
1465337
1465334
1465333
1465340
1465338
1465336
1465335
1465327
1465321
1465317
1465324
1465319
1465320
1465311
1465309
1465298
1465290
1465289
1465295
1465288
1465283
1465279
1465279
1465271
1465261
1465266
1465263
1465266
1465279
1465288
1465278
1465284
1465289
1465282
1465278
1465286
1465279
1465284
1465275
1465270
1465272
1465264
1465271
1465274
1465284
1465277
1465271
1465261
1465270
1465274
1465271
1465270
1465269
1465262
1465254
1465242
1465238
1465228
1465225
1465222
1465224
1465229
1465236
1465228
1465231
1465235
1465233
1465234
1465233
1465235
1465240
1465231
1465231
1465231
1465221
1465219
1465209
1465199
1465208
1465206
1465210
1465224
1465222
1465235
1465228
1465223
1465224
1465219
1465225
1465234
1465235
1465238
1465253
1465262
1465262
1465260
1465255
1465254
1465253
1465254
1465249
1465248
1465255
1465248
1465240
1465248
1465240
1465238
1465239
1465239
1465246
1465255
1465256
1465251
1465251
1465254
1465249
1465258
1465255
1465254
1465261
1465253
1465244
1465242
1465254
1465247
1465255
1465249
1465244
1465248
1465242
1465244
1465245
1465235
1465231
1465233
1465228
1465218
1465221
1465230
1465234
1465239
1465241
1465227
1465233
1465240
1465248
1465245
1465248
1465240
1465241
1465238
1465225
1465211
1465205
1465198
1465199
1465202
1465202
1465208
1465218
1465209
1465214
1465221
1465226
1465221
1465215
1465218
1465222
1465224
1465232
1465226
1465235
1465231
1465242
1465237
1465240
1465242
1465241
1465241
1465241
1465241
1465244
1465246
1465245
1465256
1465259
1465254
1465252
1465256
1465244
1465247
1465253
1465253
1465253
1465267
1465262
1465277
1465276
1465271
1465273
1465285
1465299
1465299
1465300
1465303
1465302
1465297
1465307
1465311
1465314
1465318
1465314
1465313
1465305
1465309
1465314
1465320
1465319
1465328
1465322
1465321
1465315
1465313
1465303
1465304
1465294
1465300
1465297
1465295
1465292
1465285
1465288
1465288
1465286
1465284
1465286
1465293
1465297
1465301
1465305
1465301
1465309
1465295
1465283
1465287
1465292
1465297
1465296
1465297
1465301
1465288
1465290
1465283
1465276
1465280
1465280
1465278
1465278
1465273
1465273
1465273
1465275
1465273
1465273
1465273
1465272
1465280
1465283
1465289
1465293
1465301
1465301
1465296
1465299
1465306
1465313
1465310
1465322
1465319
1465309
1465307
1465302
1465295
1465296
1465288
1465300
1465285
1465290
1465300
1465309
1465302
1465303
1465308
1465313
1465318
1465324
1465325
1465330
1465335
1465336
1465339
1465333
1465343
1465340
1465330
1465339
1465332
1465331
1465332
1465336
1465333
1465330
1465337
1465344
1465333
1465335
1465339
1465347
1465341
1465329
1465341
1465332
1465319
1465315
1465314
1465322
1465324
1465322
1465322
1465327
1465327
1465316
1465310
1465319
1465322
1465312
1465300
1465302
1465293
1465293
1465285
1465290
1465284
1465275
1465273
1465271
1465266
1465267
1465276
1465271
1465271
1465278
1465284
1465283
1465286
1465284
1465279
1465288
1465290
1465288
1465294
1465291
1465302
1465308
1465305
1465300
1465296
1465286
1465277
1465287
1465282
1465278
1465271
1465280
1465267
1465263
1465257
1465256
1465261
1465262
1465255
1465248
1465244
1465245
1465247
1465258
1465257
1465252
1465259
1465272
1465263
1465265
1465267
1465267
1465269
1465268
1465268
1465274
1465271
1465269
1465257
1465249
1465248
1465245
1465248
1465259
1465260
1465272
1465275
1465273
1465283
1465287
1465281
1465278
1465272
1465265
1465267
1465271
1465276
1465281
1465281
1465289
1465297
1465295
1465293
1465285
1465283
1465278
1465277
1465266
1465270
1465270
1465276
1465273
1465281
1465270
1465280
1465277
1465276
1465282
1465286
1465288
1465279
1465285
1465279
1465271
1465269
1465275
1465266
1465271
1465278
1465280
1465282
1465284
1465287
1465291
1465288
1465287
1465288
1465291
1465289
1465279
1465269
1465281
1465285
1465288
1465301
1465302
1465303
1465304
1465292
1465291
1465279
1465287
1465284
1465283
1465289
1465290
1465295
1465298
1465309
1465313
1465310
1465309
1465313
1465316
1465309
1465318
1465319
1465321
1465323
1465328
1465331
1465333
1465330
1465333
1465328
1465326
1465339
1465343
1465349
1465359
1465369
1465378
1465373
1465383
1465389
1465375
1465370
1465370
1465368
1465376
1465371
1465373
1465374
1465364
1465362
1465360
1465361
1465356
1465367
1465361
1465352
1465352
1465348
1465339
1465332
1465334
1465334
1465343
1465341
1465344
1465353
1465348
1465342
1465354
1465354
1465355
1465367
1465360
1465350
1465341
1465350
1465355
1465356
1465347
1465350
1465347
1465336
1465336
1465350
1465348
1465346
1465332
1465328
1465332
1465345
1465342
1465341
1465349
1465345
1465348
1465349
1465349
1465348
1465345
1465345
1465344
1465353
1465356
1465356
1465356
1465357
1465355
1465354
1465361
1465372
1465367
1465364
1465362
1465370
1465363
1465357
1465359
1465359
1465359
1465367
1465362
1465353
1465341
1465334
1465339
1465346
1465335
1465326
1465320
1465311
1465311
1465300
1465290
1465292
1465286
1465293
1465298
1465305
1465300
1465294
1465294
1465289
1465283
1465279
1465281
1465287
1465284
1465276
1465269
1465260
1465251
1465249
1465249
1465243
1465255
1465251
1465251
1465240
1465239
1465240
1465248
1465255
1465257
1465262
1465257
1465266
1465266
1465272
1465262
1465257
1465254
1465250
1465240
1465236
1465231
1465237
1465231
1465244
1465238
1465230
1465229
1465236
1465230
1465242
1465240
1465237
1465236
1465237
1465231
1465240
1465230
1465219
1465219
1465211
1465201
1465202
1465205
1465202
1465208
1465210
1465211
1465200
1465209
1465208
1465208
1465202
1465200
1465194
1465203
1465196
1465203
1465198
1465209
1465202
1465198
1465204
1465203
1465203
1465206
1465212
1465206
1465196
1465204
1465215
1465222
1465218
1465213
1465213
1465207
1465208
1465206
1465216
1465210
1465211
1465209
1465215
1465226
1465217
1465215
1465208
1465205
1465195
1465189
1465188
1465188
1465187
1465190
1465191
1465189
1465193
1465187
1465191
1465182
1465179
1465172
1465180
1465181
1465186
1465191
1465201
1465204
1465211
1465218
1465207
1465198
1465186
1465201
1465203
1465208
1465209
1465217
1465219
1465226
1465228
1465228
1465233
1465225
1465233
1465226
1465218
1465221
1465226
1465227
1465235
1465230
1465231
1465227
1465222
1465212
1465220
1465219
1465215
1465224
1465220
1465221
1465223
1465222
1465214
1465213
1465214
1465209
1465218
1465219
1465226
1465217
1465215
1465219
1465223
1465222
1465219
1465228
1465233
1465237
1465232
1465231
1465231
1465235
1465235
1465229
1465229
1465228
1465221
1465224
1465223
1465215
1465214
1465212
1465219
1465212
1465213
1465213
1465208
1465207
1465216
1465208
1465203
1465207
1465202
1465208
1465214
1465220
1465223
1465226
1465226
1465215
1465213
1465216
1465217
1465214
1465204
1465204
1465201
1465196
1465206
1465198
1465206
1465193
1465193
1465194
1465200
1465196
1465196
1465209
1465211
1465211
1465216
1465228
1465220
1465220
1465216
1465226
1465226
1465224
1465230
1465219
1465233
1465233
1465242
1465239
1465228
1465220
1465208
1465204
1465208
1465216
1465214
1465208
1465208
1465201
1465194
1465190
1465192
1465191
1465180
1465175
1465183
1465180
1465180
1465170
1465168
1465165
1465165
1465177
1465175
1465177
1465176
1465179
1465173
1465179
1465181
1465177
1465184
1465189
1465190
1465192
1465184
1465190
1465194
1465196
1465189
1465185
1465182
1465186
1465187
1465185
1465178
1465183
1465186
1465182
1465185
1465183
1465186
1465191
1465181
1465181
1465174
1465181
1465189
1465191
1465190
1465181
1465180
1465185
1465191
1465180
1465179
1465173
1465175
1465164
1465158
1465160
1465175
1465174
1465163
1465167
1465176
1465174
1465167
1465158
1465153
1465164
1465171
1465173
1465181
1465189
1465187
1465188
1465186
1465189
1465196
1465205
1465211
1465205
1465200
1465189
1465201
1465205
1465200
1465208
1465204
1465203
1465198
1465189
1465194
1465206
1465202
1465202
1465213
1465224
1465226
1465223
1465216
1465216
1465206
1465205
1465206
1465212
1465200
1465199
1465201
1465192
1465185
1465171
1465162
1465162
1465154
1465151
1465149
1465144
1465149
1465159
1465167
1465171
1465182
1465176
1465173
1465180
1465184
1465183
1465179
1465171
1465174
1465162
1465159
1465159
1465168
1465174
1465167
1465161
1465165
1465169
1465163
1465162
1465166
1465153
1465151
1465141
1465140
1465136
1465125
1465125
1465117
1465116
1465105
1465110
1465110
1465112
1465119
1465116
1465119
1465127
1465124
1465133
1465138
1465140
1465149
1465157
1465149
1465150
1465149
1465142
1465138
1465137
1465127
1465133
1465132
1465139
1465145
1465138
1465143
1465155
1465148
1465143
1465133
1465124
1465127
1465118
1465129
1465124
1465121
1465127
1465120
1465121
1465118
1465105
1465104
1465105
1465109
1465103
1465108
1465100
1465099
1465104
1465115
1465114
1465117
1465124
1465118
1465121
1465115
1465115
1465123
1465135
1465139
1465131
1465133
1465138
1465135
1465144
1465135
1465142
1465144
1465143
1465147
1465139
1465139
1465142
1465141
1465142
1465129
1465133
1465128
1465122
1465122
1465120
1465129
1465133
1465137
1465150
1465147
1465149
1465148
1465141
1465145
1465130
1465126
1465130
1465132
1465143
1465131
1465139
1465140
1465127
1465128
1465130
1465133
1465129
1465138
1465127
1465128
1465125
1465136
1465139
1465142
1465133
1465134
1465138
1465151
1465152
1465150
1465142
1465134
1465130
1465133
1465130
1465132
1465140
1465137
1465139
1465129
1465130
1465127
1465130
1465132
1465139
1465139
1465129
1465115
1465115
1465110
1465111
1465112
1465111
1465110
1465107
1465113
1465106
1465109
1465110
1465111
1465110
1465125
1465115
1465123
1465133
1465135
1465130
1465126
1465131
1465135
1465120
1465122
1465127
1465129
1465132
1465133
1465139
1465137
1465133
1465132
1465137
1465125
1465124
1465123
1465122
1465132
1465129
1465135
1465135
1465143
1465146
1465138
1465138
1465129
1465128
1465133
1465135
1465123
1465129
1465125
1465121
1465128
1465137
1465138
1465133
1465123
1465111
1465116
1465110
1465109
1465097
1465104
1465109
1465121
1465123
1465130
1465117
1465118
1465122
1465123
1465123
1465109
1465107
1465105
1465099
1465099
1465099
1465100
1465105
1465103
1465098
1465100
1465099
1465086
1465074
1465076
1465079
1465074
1465064
1465068
1465067
1465063
1465056
1465051
1465059
1465070
1465075
1465079
1465084
1465083
1465074
1465077
1465076
1465070
1465068
1465071
1465064
1465060
1465058
1465055
1465058
1465053
1465055
1465051
1465047
1465046
1465056
1465056
1465056
1465059
1465057
1465062
1465050
1465048
1465053
1465043
1465040
1465042
1465036
1465046
1465047
1465035
1465032
1465020
1465020
1465008
1465007
1464999
1464990
1464987
1464989
1464991
1464992
1465004
1464999
1465006
1465011
1465015
1465019
1465011
1465003
1465001
1465002
1465007
1465000
1464998
1465002
1464997
1465002
1465004
1465000
1464994
1464996
1464986
1464993
1464986
1464976
1464972
1464968
1464966
1464965
1464960
1464963
1464968
1464968
1464959
1464958
1464958
1464964
1464969
1464971
1464972
1464978
1464964
1464961
1464962
1464963
1464957
1464954
1464951
1464938
1464940
1464948
1464956
1464956
1464947
1464958
1464968
1464972
1464961
1464956
1464963
1464958
1464965
1464970
1464980
1464971
1464966
1464962
1464955
1464955
1464962
1464964
1464949
1464949
1464948
1464936
1464929
1464936
1464937
1464945
1464948
1464935
1464927
1464926
1464926
1464922
1464924
1464927
1464939
1464942
1464935
1464930
1464930
1464937
1464941
1464940
1464933
1464928
1464926
1464918
1464909
1464912
1464912
1464912
1464906
1464903
1464904
1464905
1464910
1464910
1464921
1464915
1464914
1464911
1464916
1464909
1464905
1464907
1464909
1464900
1464908
1464915
1464905
1464905
1464898
1464898
1464884
1464877
1464870
1464876
1464864
1464860
1464872
1464873
1464867
1464878
1464879
1464874
1464864
1464858
1464851
1464862
1464871
1464876
1464876
1464871
1464873
1464873
1464870
1464872
1464879
1464890
1464897
1464888
1464882
1464871
1464859
1464861
1464864
1464855
1464857
1464858
1464853
1464843
1464853
1464849
1464857
1464862
1464865
1464857
1464863
1464870
1464871
1464871
1464872
1464864
1464870
1464873
1464879
1464874
1464872
1464872
1464871
1464864
1464865
1464856
1464864
1464862
1464870
1464873
1464877
1464880
1464879
1464870
1464860
1464863
1464855
1464851
1464851
1464856
1464867
1464863
1464855
1464851
1464848
1464850
1464850
1464842
1464847
1464845
1464844
1464858
1464867
1464878
1464881
1464882
1464874
1464877
1464869
1464876
1464872
1464876
1464875
1464864
1464865
1464862
1464857
1464854
1464855
1464854
1464860
1464861
1464857
1464860
1464872
1464868
1464868
1464859
1464858
1464864
1464872
1464870
1464860
1464867
1464862
1464868
1464871
1464872
1464860
1464851
1464840
1464851
1464846
1464843
1464847
1464860
1464849
1464849
1464847
1464852
1464845
1464850
1464853
1464864
1464853
1464865
1464866
1464867
1464865
1464860
1464854
1464867
1464860
1464867
1464856
1464850
1464840
1464845
1464838
1464830
1464828
1464825
1464828
1464827
1464829
1464822
1464823
1464830
1464826
1464833
1464830
1464829
1464830
1464831
1464830
1464834
1464828
1464820
1464832
1464831
1464837
1464844
1464843
1464844
1464854
1464844
1464844
1464847
1464854
1464849
1464838
1464843
1464842
1464850
1464848
1464851
1464854
1464857
1464844
1464837
1464840
1464836
1464833
1464828
1464827
1464818
1464819
1464820
1464821
1464819
1464813
1464820
1464828
1464820
1464823
1464818
1464819
1464817
1464815
1464810
1464802
1464814
1464826
1464819
1464817
1464820
1464834
1464843
1464847
1464845
1464850
1464858
1464850
1464837
1464834
1464842
1464847
1464850
1464864
1464866
1464865
1464860
1464861
1464876
1464868
1464869
1464860
1464851
1464860
1464856
1464850
1464836
1464839
1464852
1464855
1464849
1464840
1464836
1464849
1464853
1464863
1464861
1464862
1464868
1464864
1464872
1464864
1464866
1464865
1464870
1464864
1464861
1464861
1464863
1464865
1464862
1464860
1464861
1464860
1464856
1464857
1464871
1464875
1464873
1464879
1464886
1464893
1464885
1464889
1464887
1464887
1464888
1464889
1464885
1464880
1464885
1464881
1464880
1464880
1464873
1464880
1464876
1464872
1464869
1464860
1464857
1464852
1464847
1464840
1464853
1464861
1464862
1464871
1464873
1464873
1464875
1464878
1464881
1464874
1464877
1464876
1464882
1464873
1464875
1464870
1464860
1464864
1464865
1464867
1464858
1464860
1464860
1464867
1464858
1464867
1464871
1464864
1464854
1464852
1464858
1464857
1464852
1464853
1464845
1464846
1464849
1464854
1464855
1464868
1464861
1464866
1464868
1464876
1464885
1464886
1464879
1464886
1464884
1464885
1464881
1464887
1464885
1464883
1464890
1464892
1464891
1464890
1464882
1464893
1464902
1464909
1464905
1464914
1464912
1464908
1464909
1464905
1464894
1464896
1464896
1464888
1464884
1464886
1464894
1464900
1464896
1464893
1464900
1464902
1464903
1464916
1464913
1464913
1464917
1464924
1464924
1464920
1464916
1464916
1464917
1464913
1464905
1464897
1464890
1464891
1464903
1464903
1464905
1464905
1464918
1464911
1464906
1464893
1464893
1464894
1464889
1464888
1464887
1464888
1464884
1464871
1464885
1464891
1464880
1464873
1464886
1464883
1464883
1464878
1464873
1464870
1464868
1464872
1464874
1464872
1464869
1464862
1464855
1464851
1464841
1464842
1464848
1464838
1464836
1464842
1464834
1464823
1464828
1464823
1464828
1464833
1464832
1464818
1464828
1464829
1464826
1464817
1464820
1464820
1464821
1464823
1464827
1464835
1464840
1464837
1464840
1464834
1464842
1464846
1464853
1464852
1464851
1464849
1464848
1464845
1464853
1464857
1464858
1464861
1464869
1464864
1464870
1464868
1464864
1464865
1464876
1464877
1464888
1464894
1464904
1464903
1464910
1464912
1464908
1464918
1464915
1464913
1464923
1464933
1464925
1464921
1464918
1464921
1464917
1464925
1464925
1464928
1464939
1464936
1464939
1464949
1464948
1464945
1464933
1464938
1464947
1464954
1464954
1464951
1464953
1464950
1464955
1464952
1464951
1464942
1464942
1464952
1464962
1464959
1464964
1464961
1464971
1464966
1464978
1464974
1464974
1464974
1464981
1464972
1464966
1464968
1464970
1464958
1464955
1464949
1464960
1464953
1464963
1464954
1464954
1464943
1464937
1464935
1464937
1464928
1464932
1464925
1464919
1464919
1464916
1464916
1464909
1464921
1464930
1464927
1464939
1464936
1464927
1464927
1464923
1464916
1464908
1464905
1464909
1464909
1464918
1464910
1464910
1464918
1464926
1464923
1464917
1464924
1464927
1464937
1464933
1464922
1464921
1464919
1464915
1464914
1464908
1464906
1464891
1464891
1464883
1464877
1464867
1464862
1464871
1464873
1464873
1464865
1464864
1464855
1464860
1464870
1464858
1464850
1464857
1464854
1464851
1464844
1464855
1464864
1464851
1464850
1464850
1464852
1464853
1464861
1464847
1464849
1464848
1464837
1464837
1464845
1464852
1464855
1464862
1464863
1464852
1464843
1464837
1464849
1464849
1464857
1464846
1464847
1464857
1464857
1464854
1464843
1464832
1464829
1464830
1464835
1464838
1464840
1464836
1464837
1464839
1464832
1464823
1464815
1464818
1464831
1464839
1464851
1464850
1464845
1464839
1464843
1464849
1464858
1464850
1464839
1464840
1464844
1464842
1464842
1464844
1464853
1464858
1464862
1464851
1464861
1464867
1464857
1464852
1464853
1464848
1464845
1464845
1464843
1464841
1464831
1464837
1464841
1464845
1464842
1464840
1464845
1464847
1464850
1464855
1464858
1464852
1464852
1464856
1464861
1464866
1464859
1464867
1464861
1464871
1464864
1464864
1464863
1464864
1464871
1464868
1464873
1464878
1464874
1464880
1464880
1464882
1464879
1464873
1464872
1464867
1464859
1464859
1464852
1464859
1464858
1464856
1464853
1464855
1464858
1464847
1464855
1464846
1464844
1464846
1464850
1464857
1464864
1464866
1464874
1464873
1464861
1464864
1464869
1464871
1464877
1464878
1464878
1464877
1464883
1464885
1464875
1464878
1464885
1464886
1464891
1464899
1464905
1464898
1464902
1464905
1464902
1464899
1464894
1464888
1464885
1464899
1464906
1464911
1464915
1464914
1464921
1464930
1464918
1464919
1464908
1464905
1464898
1464884
1464880
1464878
1464869
1464878
1464877
1464891
1464884
1464879
1464875
1464875
1464870
1464865
1464871
1464859
1464848
1464852
1464859
1464863
1464866
1464864
1464866
1464873
1464869
1464876
1464874
1464871
1464874
1464865
1464861
1464860
1464855
1464854
1464852
1464847
1464852
1464841
1464840
1464835
1464820
1464824
1464831
1464840
1464840
1464833
1464837
1464829
1464816
1464807
1464805
1464800
1464798
1464797
1464799
1464798
1464793
1464786
1464795
1464797
1464796
1464796
1464794
1464793
1464800
1464792
1464788
1464794
1464790
1464780
1464785
1464774
1464780
1464776
1464768
1464771
1464763
1464769
1464771
1464764
1464764
1464766
1464763
1464762
1464764
1464763
1464759
1464763
1464759
1464757
1464751
1464751
1464761
1464770
1464773
1464770
1464768
1464769
1464761
1464761
1464752
1464758
1464753
1464761
1464768
1464763
1464766
1464777
1464786
1464783
1464790
1464800
1464802
1464804
1464800
1464788
1464788
1464783
1464775
1464768
1464769
1464773
1464775
1464782
1464776
1464786
1464787
1464784
1464793
1464786
1464792
1464788
1464786
1464780
1464784
1464774
1464771
1464768
1464769
1464763
1464753
1464747
1464759
1464766
1464774
1464778
1464781
1464776
1464769
1464761
1464766
1464756
1464752
1464758
1464760
1464767
1464763
1464763
1464763
1464766
1464753
1464762
1464750
1464747
1464748
1464749
1464741
1464755
1464755
1464753
1464749
1464750
1464751
1464747
1464749
1464736
1464735
1464749
1464750
1464741
1464736
1464737
1464742
1464748
1464734
1464737
1464738
1464736
1464734
1464737
1464733
1464734
1464736
1464738
1464729
1464739
1464744
1464740
1464737
1464741
1464731
1464725
1464717
1464722
1464721
1464710
1464705
1464703
1464704
1464693
1464694
1464692
1464699
1464708
1464710
1464715
1464718
1464727
1464731
1464743
1464756
1464746
1464739
1464737
1464738
1464745
1464746
1464756
1464752
1464756
1464746
1464743
1464747
1464748
1464744
1464736
1464745
1464747
1464745
1464744
1464740
1464734
1464734
1464742
1464751
1464758
1464756
1464754
1464754
1464752
1464748
1464750
1464753
1464754
1464760
1464752
1464744
1464737
1464736
1464742
1464731
1464729
1464725
1464732
1464725
1464714
1464721
1464723
1464714
1464716
1464716
1464712
1464715
1464722
1464728
1464740
1464754
1464753
1464757
1464748
1464745
1464754
1464746
1464753
1464759
1464761
1464756
1464755
1464758
1464750
1464743
1464751
1464740
1464747
1464748
1464754
1464751
1464751
1464742
1464740
1464750
1464751
1464748
1464747
1464747
1464749
1464749
1464755
1464755
1464764
1464758
1464767
1464761
1464753
1464759
1464751
1464754
1464756
1464764
1464772
1464775
1464776
1464777
1464781
1464776
1464781
1464779
1464778
1464780
1464779
1464770
1464761
1464766
1464765
1464769
1464780
1464788
1464791
1464792
1464796
1464795
1464797
1464807
1464814
1464806
1464807
1464805
1464803
1464811
1464814
1464802
1464797
1464797
1464798
1464794
1464807
1464807
1464812
1464798
1464796
1464801
1464797
1464798
1464803
1464802
1464794
1464803
1464802
1464792
1464794
1464792
1464793
1464787
1464789
1464779
1464783
1464790
1464790
1464789
1464792
1464787
1464792
1464800
1464805
1464802
1464793
1464791
1464789
1464790
1464791
1464788
1464788
1464779
1464769
1464770
1464775
1464784
1464790
1464795
1464787
1464782
1464789
1464785
1464782
1464778
1464772
1464769
1464773
1464771
1464765
1464777
1464770
1464772
1464771
1464773
1464783
1464783
1464794
1464799
1464797
1464790
1464796
1464788
1464781
1464782
1464778
1464779
1464770
1464771
1464770
1464768
1464756
1464758
1464759
1464767
1464765
1464768
1464767
1464772
1464765
1464768
1464759
1464757
1464757
1464755
1464757
1464758
1464763
1464753
1464762
1464768
1464763
1464762
1464769
1464758
1464760
1464760
1464764
1464755
1464750
1464739
1464748
1464756
1464761
1464760
1464763
1464777
1464778
1464787
1464796
1464793
1464783
1464772
1464774
1464778
1464771
1464774
1464768
1464768
1464759
1464746
1464748
1464746
1464756
1464753
1464745
1464749
1464756
1464761
1464759
1464752
1464747
1464755
1464751
1464755
1464758
1464759
1464763
1464770
1464772
1464776
1464764
1464768
1464757
1464757
1464762
1464760
1464758
1464763
1464761
1464762
1464763
1464765
1464761
1464757
1464744
1464747
1464744
1464758
1464764
1464758
1464766
1464780
1464782
1464781
1464786
1464775
1464778
1464772
1464773
1464764
1464764
1464771
1464773
1464771
1464771
1464774
1464769
1464756
1464759
1464753
1464753
1464751
1464761
1464769
1464777
1464779
1464777
1464786
1464774
1464772
1464772
1464758
1464757
1464754
1464761
1464757
1464753
1464748
1464747
1464747
1464745
1464733
1464746
1464746
1464741
1464739
1464731
1464734
1464744
1464732
1464726
1464714
1464719
1464728
1464722
1464715
1464710
1464716
1464720
1464711
1464711
1464715
1464719
1464719
1464707
1464721
1464719
1464718
1464710
1464713
1464715
1464707
1464710
1464703
1464697
1464700
1464695
1464691
1464698
1464705
1464702
1464710
1464716
1464708
1464707
1464694
1464701
1464695
1464692
1464701
1464692
1464682
1464682
1464684
1464684
1464682
1464687
1464680
1464681
1464684
1464679
1464677
1464687
1464689
1464690
1464697
1464697
1464698
1464697
1464692
1464700
1464698
1464696
1464699
1464705
1464713
1464709
1464711
1464710
1464710
1464706
1464711
1464716
1464715
1464724
1464730
1464729
1464727
1464735
1464741
1464738
1464737
1464741
1464746
1464732
1464742
1464736
1464743
1464751
1464745
1464741
1464733
1464721
1464727
1464733
1464728
1464740
1464734
1464737
1464734
1464731
1464726
1464729
1464729
1464726
1464734
1464730
1464723
1464718
1464722
1464723
1464725
1464735
1464723
1464723
1464720
1464720
1464725
1464723
1464718
1464716
1464709
1464715
1464721
1464722
1464727
1464724
1464715
1464711
1464713
1464712
1464708
1464703
1464702
1464707
1464697
1464704
1464696
1464702
1464712
1464712
1464707
1464707
1464715
1464702
1464701
1464710
1464707
1464697
1464701
1464692
1464684
1464687
1464682
1464685
1464682
1464688
1464694
1464693
1464685
1464679
1464679
1464667
1464663
1464650
1464654
1464657
1464663
1464670
1464665
1464668
1464668
1464675
1464673
1464669
1464664
1464657
1464665
1464661
1464660
1464662
1464667
1464665
1464663
1464657
1464653
1464649
1464642
1464642
1464651
1464647
1464655
1464669
1464654
1464649
1464646
1464644
1464632
1464635
1464629
1464623
1464611
1464619
1464626
1464617
1464612
1464605
1464605
1464601
1464602
1464606
1464598
1464611
1464613
1464620
1464616
1464625
1464620
1464630
1464622
1464609
1464613
1464618
1464618
1464627
1464619
1464627
1464641
1464651
1464645
1464646
1464644
1464645
1464636
1464640
1464640
1464640
1464641
1464643
1464639
1464638
1464629
1464622
1464626
1464623
1464622
1464635
1464648
1464657
1464660
1464651
1464652
1464640
1464651
1464654
1464650
1464658
1464657
1464656
1464661
1464660
1464659
1464660
1464650
1464653
1464647
1464640
1464633
1464635
1464641
1464646
1464644
1464654
1464649
1464650
1464649
1464640
1464647
1464652
1464645
1464653
1464648
1464655
1464655
1464653
1464654
1464660
1464670
1464664
1464669
1464663
1464666
1464679
1464676
1464679
1464680
1464686
1464682
1464677
1464681
1464682
1464684
1464699
1464692
1464684
1464681
1464679
1464675
1464683
1464688
1464689
1464688
1464686
1464680
1464693
1464701
1464704
1464706
1464717
1464718
1464730
1464722
1464717
1464708
1464701
1464700
1464702
1464705
1464714
1464716
1464718
1464715
1464715
1464719
1464713
1464711
1464699
1464714
1464722
1464722
1464717
1464705
1464707
1464710
1464719
1464724
1464717
1464718
1464717
1464724
1464722
1464730
1464737
1464749
1464759
1464757
1464749
1464754
1464755
1464750
1464758
1464752
1464752
1464754
1464750
1464744
1464738
1464746
1464731
1464728
1464729
1464732
1464736
1464744
1464741
1464752
1464750
1464756
1464768
1464772
1464785
1464792
1464791
1464802
1464806
1464801
1464803
1464790
1464778
1464778
1464777
1464772
1464774
1464772
1464778
1464777
1464770
1464774
1464763
1464767
1464771
1464768
1464775
1464782
1464777
1464774
1464762
1464753
1464749
1464761
1464750
1464755
1464755
1464747
1464749
1464743
1464753
1464751
1464745
1464749
1464755
1464752
1464746
1464749
1464755
1464752
1464754
1464767
1464775
1464775
1464775
1464771
1464762
1464764
1464757
1464755
1464764
1464764
1464775
1464766
1464761
1464759
1464753
1464753
1464760
1464772
1464768
1464766
1464765
1464755
1464754
1464755
1464753
1464762
1464756
1464760
1464765
1464767
1464771
1464771
1464769
1464764
1464756
1464762
1464760
1464765
1464771
1464761
1464753
1464748
1464740
1464731
1464732
1464721
1464717
1464713
1464714
1464722
1464721
1464712
1464725
1464725
1464727
1464734
1464729
1464738
1464744
1464748
1464744
1464752
1464756
1464758
1464758
1464763
1464759
1464749
1464748
1464743
1464751
1464746
1464753
1464753
1464763
1464754
1464751
1464742
1464739
1464745
1464750
1464755
1464754
1464765
1464761
1464747
1464749
1464754
1464753
1464755
1464759
1464756
1464754
1464756
1464744
1464755
1464749
1464744
1464747
1464756
1464758
1464757
1464761
1464760
1464770
1464764
1464762
1464758
1464756
1464755
1464749
1464754
1464763
1464759
1464750
1464738
1464743
1464749
1464749
1464755
1464760
1464760
1464763
1464763
1464763
1464755
1464758
1464748
1464749
1464745
1464746
1464743
1464740
1464737
1464745
1464757
1464768
1464769
1464778
1464790
1464801
1464803
1464799
1464795
1464786
1464776
1464779
1464778
1464778
1464771
1464768
1464774
1464773
1464777
1464774
1464785
1464780
1464782
1464781
1464782
1464773
1464774
1464766
1464753
1464743
1464741
1464739
1464733
1464724
1464725
1464731
1464730
1464730
1464730
1464733
1464720
1464709
1464705
1464707
1464704
1464698
1464693
1464695
1464694
1464705
1464696
1464695
1464700
1464700
1464708
1464711
1464708
1464702
1464695
1464689
1464695
1464697
1464691
1464694
1464687
1464691
1464679
1464682
1464685
1464677
1464681
1464682
1464685
1464675
1464672
1464673
1464668
1464661
1464657
1464647
1464653
1464657
1464660
1464657
1464665
1464663
1464651
1464653
1464659
1464657
1464661
1464671
1464680
1464691
1464694
1464696
1464684
1464689
1464681
1464681
1464683
1464687
1464694
1464693
1464688
1464691
1464678
1464681
1464695
1464691
1464695
1464703
1464707
1464709
1464711
1464714
1464714
1464710
1464717
1464722
1464720
1464709
1464709
1464719
1464718
1464711
1464712
1464710
1464709
1464709
1464704
1464698
1464696
1464696
1464685
1464686
1464700
1464687
1464684
1464689
1464690
1464682
1464690
1464684
1464683
1464682
1464686
1464699
1464702
1464690
1464690
1464689
1464701
1464700
1464710
1464724
1464727
1464736
1464733
1464740
1464742
1464739
1464736
1464730
1464731
1464733
1464735
1464736
1464742
1464741
1464749
1464737
1464731
1464732
1464741
1464744
1464736
1464738
1464740
1464742
1464738
1464736
1464736
1464731
1464732
1464723
1464728
1464738
1464732
1464732
1464730
1464723
1464716
1464714
1464712
1464717
1464724
1464721
1464713
1464712
1464709
1464708
1464706
1464702
1464715
1464706
1464716
1464720
1464721
1464726
1464728
1464725
1464734
1464729
1464737
1464726
1464724
1464717
1464706
1464702
1464692
1464697
1464710
1464709
1464696
1464681
1464682
1464673
1464673
1464677
1464669
1464682
1464669
1464664
1464667
1464681
1464679
1464679
1464675
1464677
1464683
1464675
1464671
1464668
1464666
1464663
1464659
1464665
1464660
1464655
1464664
1464654
1464658
1464659
1464665
1464661
1464655
1464652
1464645
1464645
1464648
1464660
1464653
1464659
1464665
1464675
1464669
1464667
1464680
1464676
1464673
1464676
1464670
1464680
1464692
1464682
1464681
1464678
1464679
1464686
1464694
1464702
1464698
1464692
1464699
1464693
1464698
1464701
1464694
1464681
1464695
1464700
1464696
1464701
1464698
1464697
1464709
1464707
1464703
1464699
1464690
1464696
1464696
1464685
1464680
1464669
1464671
1464662
1464659
1464665
1464667
1464654
1464654
1464657
1464660
1464662
1464659
1464667
1464664
1464663
1464661
1464657
1464664
1464656
1464645
1464651
1464656
1464663
1464667
1464663
1464665
1464668
1464676
1464673
1464668
1464666
1464667
1464670
1464682
1464675
1464670
1464664
1464664
1464668
1464664
1464652
1464655
1464659
1464659
1464656
1464657
1464662
1464668
1464670
1464677
1464669
1464680
1464667
1464669
1464672
1464670
1464671
1464678
1464676
1464686
1464693
1464690
1464695
1464701
1464697
1464699
1464697
1464709
1464711
1464714
1464718
1464712
1464708
1464709
1464717
1464720
1464716
1464709
1464705
1464693
1464698
1464704
1464719
1464724
1464725
1464735
1464723
1464715
1464716
1464708
1464708
1464717
1464716
1464713
1464726
1464716
1464722
1464733
1464736
1464743
1464748
1464749
1464739
1464739
1464744
1464747
1464759
1464760
1464752
1464755
1464764
1464763
1464753
1464755
1464765
1464756
1464760
1464761
1464766
1464755
1464755
1464766
1464769
1464771
1464771
1464762
1464767
1464766
1464762
1464763
1464773
1464769
1464763
1464752
1464745
1464739
1464736
1464729
1464726
1464721
1464717
1464716
1464716
1464711
1464721
1464717
1464721
1464734
1464729
1464723
1464726
1464729
1464730
1464735
1464733
1464738
1464740
1464742
1464743
1464747
1464743
1464746
1464751
1464756
1464766
1464779
1464783
1464792
1464793
1464791
1464787
1464792
1464796
1464797
1464797
1464795
1464783
1464774
1464770
1464767
1464757
1464756
1464762
1464766
1464758
1464768
1464767
1464773
1464771
1464779
1464791
1464784
1464781
1464785
1464793
1464806
1464799
1464796
1464799
1464807
1464808
1464811
1464823
1464826
1464835
1464837
1464829
1464832
1464832
1464831
1464820
1464815
1464816
1464807
1464817
1464819
1464817
1464810
1464796
1464791
1464790
1464798
1464785
1464792
1464802
1464811
1464814
1464816
1464811
1464812
1464810
1464817
1464803
1464801
1464803
1464807
1464813
1464812
1464814
1464815
1464802
1464795
1464803
1464798
1464803
1464809
1464815
1464821
1464825
1464821
1464811
1464805
1464800
1464789
1464786
1464788
1464795
1464789
1464775
1464784
1464773
1464773
1464774
1464780
1464779
1464782
1464780
1464785
1464782
1464773
1464778
1464767
1464772
1464772
1464768
1464781
1464770
1464763
1464758
1464769
1464760
1464769
1464760
1464755
1464756
1464744
1464742
1464740
1464747
1464758
1464763
1464770
1464776
1464773
1464764
1464759
1464762
1464764
1464752
1464742
1464744
1464742
1464743
1464748
1464759
1464746
1464738
1464746
1464737
1464731
1464720
1464728
1464730
1464733
1464736
1464735
1464738
1464738
1464739
1464743
1464743
1464742
1464742
1464755
1464770
1464769
1464765
1464767
1464769
1464769
1464772
1464771
1464772
1464775
1464768
1464765
1464771
1464772
1464772
1464773
1464771
1464770
1464782
1464776
1464783
1464776
1464783
1464782
1464782
1464786
1464799
1464805
1464801
1464801
1464804
1464806
1464807
1464802
1464791
1464798
1464800
1464799
1464794
1464796
1464797
1464792
1464798
1464800
1464790
1464787
1464789
1464781
1464788
1464789
1464782
1464776
1464773
1464778
1464769
1464769
1464777
1464777
1464779
1464774
1464771
1464775
1464766
1464766
1464769
1464761
1464765
1464758
1464768
1464762
1464767
1464780
1464774
1464770
1464777
1464776
1464778
1464781
1464789
1464786
1464778
1464789
1464796
1464795
1464797
1464796
1464797
1464804
1464809
1464812
1464816
1464813
1464807
1464811
1464815
1464822
1464832
1464839
1464850
1464854
1464858
1464861
1464856
1464859
1464854
1464854
1464849
1464849
1464839
1464833
1464823
1464825
1464834
1464833
1464835
1464830
1464833
1464838
1464836
1464832
1464839
1464841
1464836
1464844
1464842
1464847
1464837
1464837
1464836
1464827
1464839
1464841
1464833
1464836
1464843
1464844
1464840
1464842
1464854
1464850
1464853
1464854
1464852
1464856
1464866
1464870
1464875
1464867
1464861
1464856
1464865
1464877
1464878
1464879
1464874
1464876
1464877
1464881
1464886
1464878
1464876
1464872
1464864
1464860
1464851
1464855
1464859
1464856
1464866
1464874
1464863
1464863
1464864
1464872
1464872
1464868
1464869
1464871
1464873
1464873
1464871
1464876
1464874
1464868
1464865
1464865
1464867
1464870
1464883
1464884
1464890
1464885
1464889
1464884
1464889
1464889
1464887
1464884
1464884
1464890
1464890
1464885
1464887
1464882
1464887
1464890
1464882
1464883
1464871
1464867
1464864
1464853
1464851
1464839
1464849
1464841
1464855
1464865
1464876
1464876
1464879
1464872
1464875
1464869
1464862
1464870
1464871
1464870
1464870
1464859
1464866
1464870
1464875
1464865
1464859
1464857
1464860
1464857
1464849
1464853
1464854
1464855
1464855
1464859
1464849
1464842
1464834
1464837
1464835
1464828
1464826
1464824
1464814
1464815
1464820
1464826
1464828
1464821
1464820
1464812
1464807
1464811
1464813
1464809
1464806
1464803
1464809
1464805
1464807
1464799
1464801
1464801
1464798
1464794
1464803
1464808
1464804
1464807
1464799
1464787
1464784
1464788
1464796
1464796
1464807
1464811
1464815
1464811
1464810
1464808
1464796
1464795
1464809
1464810
1464806
1464808
1464810
1464817
1464820
1464826
1464822
1464834
1464844
1464840
1464841
1464835
1464839
1464844
1464838
1464837
1464842
1464835
1464843
1464853
1464846
1464842
1464829
1464828
1464826
1464830
1464833
1464830
1464833
1464828
1464819
1464832
1464839
1464833
1464833
1464842
1464841
1464840
1464850
1464848
1464844
1464857
1464856
1464853
1464855
1464853
1464864
1464863
1464864
1464863
1464861
1464867
1464871
1464875
1464883
1464884
1464887
1464886
1464886
1464888
1464897
1464909
1464910
1464905
1464914
1464928
1464925
1464928
1464937
1464939
1464934
1464933
1464931
1464944
1464942
1464939
1464944
1464942
1464934
1464923
1464931
1464929
1464923
1464925
1464926
1464919
1464909
1464894
1464904
1464905
1464911
1464900
1464908
1464903
1464906
1464902
1464900
1464901
1464899
1464905
1464907
1464911
1464901
1464904
1464905
1464902
1464895
1464889
1464897
1464894
1464898
1464910
1464910
1464903
1464916
1464917
1464915
1464915
1464914
1464923
1464926
1464928
1464924
1464924
1464921
1464934
1464925
1464922
1464934
1464928
1464928
1464935
1464929
1464933
1464929
1464938
1464937
1464936
1464937
1464947
1464944
1464938
1464931
1464935
1464937
1464932
1464937
1464937
1464932
1464927
1464920
1464911
1464900
1464913
1464919
1464926
1464924
1464921
1464911
1464906
1464917
1464911
1464912
1464922
1464924
1464917
1464920
1464922
1464918
1464922
1464929
1464930
1464941
1464947
1464959
1464961
1464951
1464956
1464946
1464958
1464954
1464960
1464957
1464958
1464959
1464961
1464967
1464979
1464994
1464987
1464993
1465006
1465010
1465011
1465024
1465016
1465023
1465029
1465039
1465035
1465030
1465022
1465016
1465012
1465009
1465012
1465003
1465016
1465018
1465017
1465016
1465013
1465018
1465024
1465030
1465027
1465031
1465037
1465035
1465046
1465036
1465043
1465043
1465038
1465034
1465038
1465042
1465046
1465044
1465045
1465043
1465045
1465039
1465044
1465041
1465049
1465058
1465066
1465063
1465058
1465048
1465036
1465041
1465039
1465039
1465036
1465037
1465027
1465038
1465044
1465049
1465048
1465038
1465042
1465049
1465051
1465051
1465045
1465040
1465051
1465057
1465060
1465064
1465073
1465073
1465071
1465076
1465075
1465076
1465080
1465080
1465087
1465085
1465072
1465073
1465072
1465065
1465073
1465079
1465081
1465087
1465085
1465080
1465093
1465097
1465108
1465105
1465110
1465100
1465101
1465100
1465112
1465103
1465099
1465092
1465094
1465100
1465109
1465114
1465122
1465115
1465115
1465123
1465110
1465116
1465109
1465106
1465101
1465093
1465091
1465101
1465096
1465093
1465103
1465103
1465110
1465120
1465116
1465121
1465116
1465109
1465113
1465117
1465125
1465118
1465129
1465137
1465147
1465160
1465153
1465163
1465164
1465155
1465155
1465145
1465153
1465162
1465177
1465168
1465170
1465179
1465180
1465174
1465175
1465172
1465172
1465171
1465160
1465159
1465167
1465171
1465168
1465164
1465163
1465164
1465171
1465169
1465159
1465149
1465157
1465161
1465165
1465163
1465166
1465163
1465149
1465151
1465157
1465158
1465155
1465155
1465162
1465161
1465153
1465155
1465169
1465175
1465178
1465179
1465180
1465179
1465191
1465193
1465194
1465198
1465184
1465182
1465170
1465160
1465159
1465149
1465152
1465158
1465157
1465160
1465163
1465159
1465174
1465178
1465185
1465193
1465194
1465195
1465197
1465192
1465179
1465180
1465176
1465181
1465180
1465181
1465177
1465189
1465191
1465189
1465186
1465181
1465173
1465158
1465166
1465169
1465171
1465177
1465179
1465187
1465195
1465194
1465191
1465189
1465187
1465189
1465195
1465199
1465192
1465194
1465192
1465200
1465190
1465202
1465192
1465197
1465199
1465196
1465199
1465199
1465190
1465186
1465183
1465173
1465179
1465191
1465188
1465186
1465185
1465179
1465193
1465200
1465201
1465197
1465197
1465187
1465197
1465208
1465214
1465220
1465224
1465221
1465229
1465241
1465251
1465258
1465261
1465262
1465254
1465255
1465256
1465265
1465276
1465278
1465268
1465257
1465268
1465268
1465259
1465261
1465265
1465267
1465280
1465283
1465278
1465275
1465267
1465271
1465268
1465263
1465250
1465241
1465253
1465262
1465257
1465244
1465239
1465244
1465248
1465246
1465239
1465243
1465251
1465245
1465245
1465255
1465264
1465265
1465258
1465262
1465263
1465252
1465257
1465257
1465245
1465246
1465249
1465253
1465256
1465263
1465258
1465246
1465245
1465247
1465244
1465233
1465241
1465241
1465234
1465241
1465246
1465233
1465245
1465252
1465249
1465249
1465262
1465270
1465276
1465272
1465266
1465270
1465268
1465279
1465278
1465267
1465260
1465259
1465255
1465249
1465260
1465265
1465262
1465264
1465272
1465278
1465272
1465270
1465268
1465261
1465261
1465258
1465252
1465248
1465244
1465255
1465243
1465237
1465246
1465245
1465255
1465254
1465256
1465252
1465254
1465261
1465257
1465257
1465260
1465254
1465256
1465256
1465257
1465262
1465266
1465269
1465278
1465282
1465284
1465284
1465276
1465271
1465266
1465265
1465253
1465251
1465253
1465259
1465251
1465257
1465252
1465267
1465260
1465265
1465263
1465273
1465264
1465270
1465261
1465256
1465259
1465269
1465274
1465277
1465291
1465300
1465307
1465308
1465311
1465312
1465314
1465313
1465321
1465319
1465310
1465317
1465315
1465327
1465329
1465333
1465333
1465336
1465328
1465320
1465326
1465335
1465349
1465353
1465352
1465346
1465339
1465347
1465344
1465331
1465328
1465330
1465329
1465326
1465331
1465337
1465344
1465341
1465342
1465342
1465349
1465344
1465339
1465343
1465341
1465349
1465348
1465343
1465342
1465337
1465335
1465327
1465327
1465323
1465310
1465304
1465315
1465315
1465309
1465306
1465298
1465299
1465294
1465305
1465306
1465299
1465304
1465309
1465296
1465306
1465302
1465299
1465300
1465298
1465310
1465307
1465308
1465305
1465305
1465308
1465311
1465306
1465311
1465305
1465304
1465296
1465292
1465301
1465296
1465297
1465288
1465293
1465290
1465283
1465285
1465289
1465286
1465273
1465271
1465276
1465271
1465277
1465281
1465293
1465305
1465309
1465311
1465302
1465311
1465324
1465323
1465327
1465326
1465328
1465334
1465333
1465333
1465324
1465322
1465313
1465310
1465322
1465314
1465315
1465318
1465324
1465319
1465322
1465325
1465321
1465311
1465315
1465322
1465319
1465333
1465334
1465335
1465332
1465330
1465325
1465318
1465319
1465319
1465332
1465332
1465334
1465322
1465322
1465324
1465325
1465332
1465329
1465323
1465317
1465307
1465316
1465312
1465318
1465307
1465303
1465300
1465303
1465304
1465310
1465313
1465318
1465320
1465327
1465331
1465336
1465346
1465351
1465364
1465360
1465355
1465354
1465351
1465348
1465346
1465349
1465353
1465361
1465366
1465353
1465350
1465351
1465344
1465334
1465343
1465342
1465348
1465351
1465349
1465348
1465336
1465348
1465344
1465342
1465343
1465353
1465343
1465346
1465352
1465356
1465353
1465342
1465339
1465330
1465328
1465337
1465338
1465341
1465333
1465328
1465336
1465326
1465329
1465327
1465337
1465344
1465332
1465331
1465326
1465318
1465327
1465326
1465326
1465324
1465314
1465319
1465315
1465324
1465316
1465324
1465326
1465331
1465325
1465320
1465310
1465305
1465309
1465317
1465317
1465317
1465309
1465296
1465298
1465291
1465289
1465293
1465288
1465281
1465288
1465284
1465298
1465298
1465303
1465302
1465316
1465316
1465311
1465299
1465292
1465295
1465284
1465289
1465289
1465291
1465297
1465285
1465295
1465282
1465286
1465300
1465285
1465283
1465275
1465273
1465275
1465276
1465274
1465268
1465267
1465263
1465263
1465271
1465280
1465273
1465277
1465287
1465294
1465288
1465293
1465288
1465274
1465277
1465276
1465273
1465276
1465274
1465279
1465286
1465290
1465287
1465294
1465282
1465285
1465285
1465286
1465285
1465286
1465283
1465273
1465279
1465281
1465276
1465278
1465281
1465270
1465273
1465272
1465273
1465275
1465282
1465281
1465279
1465281
1465272
1465264
1465267
1465262
1465265
1465263
1465274
1465268
1465268
1465274
1465281
1465277
1465287
1465277
1465276
1465274
1465272
1465274
1465274
1465266
1465265
1465259
1465262
1465260
1465273
1465275
1465274
1465276
1465287
1465292
1465292
1465301
1465309
1465313
1465318
1465324
1465318
1465310
1465317
1465322
1465316
1465317
1465309
1465312
1465313
1465312
1465324
1465331
1465334
1465336
1465348
1465353
1465352
1465348
1465350
1465351
1465351
1465353
1465356
1465362
1465359
1465353
1465348
1465343
1465346
1465336
1465340
1465334
1465335
1465335
1465338
1465338
1465330
1465328
1465327
1465321
1465326
1465327
1465336
1465335
1465337
1465332
1465322
1465322
1465322
1465314
1465325
1465313
1465314
1465329
1465326
1465324
1465326
1465326
1465335
1465342
1465342
1465335
1465338
1465340
1465332
1465341
1465341
1465342
1465330
1465333
1465334
1465334
1465339
1465333
1465327
1465334
1465327
1465318
1465316
1465304
1465318
1465305
1465302
1465311
1465323
1465320
1465316
1465310
1465304
1465306
1465306
1465303
1465307
1465301
1465293
1465284
1465286
1465288
1465298
1465301
1465308
1465309
1465306
1465313
1465311
1465306
1465308
1465320
1465317
1465319
1465324
1465325
1465331
1465325
1465332
1465327
1465326
1465320
1465317
1465317
1465314
1465311
1465299
1465290
1465304
1465307
1465302
1465300
1465293
1465294
1465291
1465296
1465299
1465302
1465297
1465287
1465293
1465290
1465277
1465284
1465279
1465272
1465267
1465272
1465269
1465264
1465258
1465254
1465259
1465266
1465268
1465260
1465269
1465269
1465279
1465276
1465281
1465283
1465276
1465279
1465272
1465285
1465280
1465289
1465278
1465280
1465279
1465269
1465272
1465260
1465261
1465249
1465258
1465257
1465268
1465260
1465262
1465254
1465255
1465249
1465242
1465244
1465237
1465234
1465226
1465214
1465219
1465229
1465222
1465229
1465227
1465228
1465232
1465238
1465239
1465226
1465231
1465240
1465243
1465243
1465250
1465249
1465243
1465245
1465257
1465265
1465264
1465265
1465261
1465272
1465266
1465260
1465259
1465263
1465259
1465257
1465266
1465279
1465288
1465290
1465289
1465293
1465296
1465296
1465297
1465289
1465284
1465287
1465285
1465284
1465283
1465285
1465284
1465291
1465283
1465280
1465271
1465270
1465268
1465256
1465258
1465255
1465247
1465255
1465246
1465253
1465246
1465252
1465259
1465265
1465265
1465261
1465260
1465264
1465257
1465249
1465255
1465249
1465244
1465250
1465259
1465264
1465269
1465271
1465263
1465265
1465273
1465272
1465281
1465271
1465265
1465277
1465281
1465289
1465287
1465284
1465295
1465299
1465304
1465308
1465310
1465325
1465327
1465325
1465324
1465332
1465339
1465340
1465344
1465334
1465342
1465342
1465337
1465336
1465345
1465350
1465357
1465357
1465351
1465350
1465356
1465364
1465370
1465368
1465361
1465370
1465365
1465362
1465357
1465366
1465366
1465376
1465380
1465369
1465369
1465364
1465366
1465379
1465374
1465375
1465389
1465393
1465384
1465381
1465383
1465377
1465377
1465375
1465379
1465368
1465380
1465383
1465379
1465373
1465382
1465379
1465386
1465379
1465374
1465376
1465383
1465394
1465404
1465394
1465401
1465396
1465402
1465415
1465414
1465415
1465412
1465423
1465413
1465425
1465422
1465423
1465431
1465420
1465426
1465427
1465415
1465403
1465404
1465406
1465410
1465410
1465422
1465427
1465429
1465435
1465436
1465429
1465432
1465435
1465433
1465429
1465427
1465428
1465442
1465441
1465438
1465443
1465451
1465448
1465449
1465446
1465447
1465451
1465437
1465437
1465437
1465443
1465443
1465449
1465441
1465446
1465440
1465442
1465447
1465454
1465446
1465451
1465454
1465456
1465460
1465455
1465453
1465454
1465451
1465447
1465448
1465448
1465457
1465460
1465467
1465465
1465453
1465444
1465444
1465450
1465461
1465461
1465455
1465445
1465443
1465440
1465431
1465435
1465434
1465438
1465428
1465426
1465430
1465438
1465445
1465448
1465444
1465447
1465453
1465440
1465444
1465431
1465444
1465450
1465450
1465442
1465436
1465432
1465426
1465441
1465445
1465445
1465444
1465432
1465431
1465432
1465432
1465435
1465430
1465437
1465436
1465426
1465417
1465417
1465406
1465402
1465395
1465389
1465399
1465398
1465400
1465404
1465404
1465402
1465394
1465405
1465395
1465404
1465408
1465405
1465404
1465415
1465419
1465405
1465396
1465405
1465413
1465419
1465430
1465418
1465411
1465414
1465416
1465415
1465415
1465416
1465421
1465427
1465423
1465432
1465434
1465428
1465418
1465426
1465423
1465428
1465424
1465432
1465435
1465439
1465434
1465436
1465449
1465458
1465457
1465456
1465458
1465467
1465457
1465460
1465464
1465453
1465450
1465457
1465467
1465477
1465472
1465470
1465471
1465479
1465492
1465493
1465487
1465480
1465484
1465488
1465485
1465491
1465489
1465489
1465493
1465486
1465476
1465472
1465473
1465466
1465468
1465468
1465470
1465464
1465469
1465458
1465457
1465452
1465456
1465459
1465463
1465461
1465464
1465475
1465464
1465463
1465452
1465458
1465452
1465449
1465437
1465443
1465449
1465447
1465442
1465438
1465446
1465440
1465439
1465437
1465425
1465431
1465431
1465436
1465432
1465423
1465418
1465411
1465411
1465407
1465398
1465402
1465392
1465393
1465397
1465391
1465390
1465398
1465396
1465403
1465401
1465395
1465393
1465385
1465379
1465382
1465393
1465399
1465395
1465393
1465381
1465381
1465379
1465372
1465376
1465367
1465360
1465363
1465363
1465354
1465353
1465364
1465358
1465357
1465358
1465364
1465373
1465380
1465388
1465381
1465381
1465388
1465398
1465405
1465412
1465411
1465407
1465400
1465394
1465402
1465390
1465388
1465389
1465383
1465382
1465385
1465381
1465393
1465396
1465403
1465409
1465417
1465422
1465424
1465419
1465425
1465420
1465426
1465429
1465432
1465436
1465438
1465438
1465433
1465442
1465435
1465440
1465432
1465435
1465435
1465431
1465432
1465433
1465433
1465427
1465436
1465447
1465449
1465451
1465441
1465432
1465434
1465435
1465422
1465420
1465424
1465418
1465418
1465420
1465421
1465428
1465429
1465430
1465441
1465432
1465443
1465444
1465446
1465452
1465447
1465455
1465451
1465461
1465454
1465466
1465458
1465450
1465449
1465447
1465456
1465443
1465432
1465432
1465427
1465423
1465433
1465435
1465423
1465425
1465417
1465408
1465407
1465414
1465418
1465419
1465419
1465410
1465409
1465410
1465405
1465410
1465406
1465399
1465402
1465401
1465403
1465404
1465404
1465398
1465396
1465398
1465396
1465392
1465387
1465392
1465381
1465371
1465364
1465351
1465356
1465351
1465358
1465348
1465339
1465340
1465337
1465338
1465331
1465318
1465311
1465312
1465304
1465302
1465311
1465321
1465317
1465318
1465316
1465319
1465328
1465321
1465331
1465330
1465327
1465326
1465322
1465309
1465308
1465312
1465305
1465293
1465284
1465291
1465287
1465294
1465286
1465284
1465282
1465282
1465284
1465274
1465267
1465271
1465270
1465261
1465264
1465272
1465258
1465272
1465265
1465261
1465261
1465257
1465256
1465256
1465259
1465260
1465264
1465257
1465247
1465251
1465246
1465251
1465255
1465248
1465260
1465259
1465261
1465259
1465257
1465252
1465249
1465256
1465259
1465271
1465267
1465277
1465267
1465262
1465261
1465257
1465265
1465273
1465274
1465276
1465264
1465263
1465260
1465259
1465265
1465262
1465261
1465251
1465244
1465239
1465241
1465229
1465220
1465231
1465225
1465224
1465221
1465218
1465220
1465214
1465202
1465210
1465215
1465210
1465220
1465216
1465205
1465211
1465210
1465221
1465214
1465228
1465233
1465223
1465233
1465231
1465221
1465224
1465222
1465223
1465229
1465229
1465238
1465244
1465240
1465239
1465241
1465240
1465244
1465238
1465236
1465222
1465219
1465222
1465217
1465213
1465209
1465209
1465207
1465212
1465209
1465220
1465215
1465215
1465213
1465212
1465219
1465231
1465240
1465238
1465237
1465239
1465242
1465232
1465239
1465242
1465250
1465238
1465233
1465241
1465241
1465241
1465252
1465246
1465251
1465263
1465256
1465269
1465273
1465275
1465276
1465278
1465276
1465274
1465265
1465259
1465264
1465271
1465271
1465281
1465279
1465273
1465271
1465271
1465261
1465254
1465264
1465254
1465249
1465255
1465248
1465254
1465247
1465249
1465250
1465249
1465246
1465243
1465254
1465252
1465253
1465257
1465250
1465239
1465238
1465233
1465228
1465236
1465235
1465239
1465242
1465232
1465231
1465240
1465243
1465242
1465237
1465237
1465237
1465238
1465246
1465239
1465241
1465251
1465247
1465260
1465254
1465255
1465264
1465262
1465258
1465259
1465256
1465256
1465260
1465259
1465263
1465271
1465264
1465263
1465268
1465282
1465280
1465273
1465275
1465278
1465277
1465282
1465283
1465278
1465279
1465267
1465275
1465285
1465291
1465300
1465292
1465292
1465286
1465295
1465303
1465298
1465291
1465291
1465293
1465287
1465281
1465286
1465293
1465295
1465286
1465284
1465290
1465300
1465296
1465288
1465282
1465281
1465288
1465286
1465282
1465289
1465295
1465297
1465294
1465299
1465311
1465321
1465319
1465320
1465310
1465301
1465308
1465306
1465311
1465308
1465310
1465315
1465325
1465325
1465323
1465328
1465334
1465329
1465343
1465342
1465343
1465345
1465340
1465339
1465340
1465335
1465335
1465340
1465343
1465337
1465344
1465348
1465337
1465325
1465313
1465310
1465316
1465322
1465318
1465326
1465323
1465324
1465316
1465325
1465327
1465334
1465331
1465324
1465320
1465330
1465333
1465332
1465332
1465342
1465350
1465346
1465336
1465328
1465331
1465333
1465329
1465327
1465342
1465343
1465340
1465336
1465340
1465337
1465329
1465322
1465325
1465323
1465326
1465320
1465317
1465320
1465320
1465317
1465316
1465324
1465325
1465320
1465323
1465320
1465330
1465339
1465340
1465335
1465339
1465331
1465321
1465330
1465330
1465320
1465318
1465322
1465323
1465327
1465324
1465322
1465310
1465300
1465295
1465304
1465295
1465293
1465287
1465296
1465305
1465309
1465298
1465298
1465292
1465291
1465295
1465307
1465307
1465307
1465306
1465309
1465304
1465308
1465304
1465304
1465300
1465308
1465300
1465297
1465283
1465286
1465286
1465283
1465281
1465286
1465298
1465297
1465299
1465294
1465304
1465306
1465315
1465309
1465303
1465297
1465296
1465298
1465298
1465299
1465306
1465298
1465311
1465311
1465316
1465313
1465311
1465322
1465323
1465337
1465336
1465337
1465347
1465352
1465344
1465336
1465335
1465340
1465348
1465350
1465348
1465356
1465361
1465362
1465366
1465357
1465350
1465349
1465355
1465350
1465349
1465355
1465362
1465357
1465357
1465344
1465331
1465322
1465317
1465313
1465311
1465318
1465322
1465311
1465301
1465304
1465305
1465299
1465289
1465293
1465287
1465296
1465288
1465296
1465301
1465306
1465300
1465301
1465298
1465302
1465306
1465319
1465313
1465311
1465313
1465317
1465315
1465319
1465314
1465324
1465320
1465330
1465327
1465340
1465351
1465353
1465350
1465352
1465359
1465347
1465353
1465354
1465369
1465368
1465363
1465364
1465356
1465357
1465355
1465354
1465355
1465355
1465355
1465364
1465369
1465379
1465379
1465384
1465395
1465393
1465392
1465403
1465416
1465413
1465414
1465423
1465426
1465417
1465425
1465426
1465428
1465438
1465436
1465431
1465426
1465415
1465419
1465414
1465421
1465427
1465426
1465424
1465414
1465414
1465419
1465415
1465412
1465410
1465406
1465406
1465409
1465414
1465423
1465422
1465420
1465430
1465429
1465431
1465438
1465442
1465449
1465444
1465450
1465447
1465443
1465444
1465438
1465440
1465440
1465430
1465431
1465436
1465439
1465433
1465433
1465424
1465427
1465418
1465416
1465415
1465402
1465398
1465404
1465410
1465414
1465420
1465420
1465418
1465406
1465414
1465408
1465412
1465416
1465427
1465435
1465437
1465441
1465451
1465450
1465437
1465442
1465448
1465437
1465433
1465429
1465436
1465443
1465448
1465447
1465462
1465467
1465471
1465479
1465469
1465479
1465486
1465497
1465498
1465494
1465498
1465507
1465496
1465501
1465500
1465489
1465492
1465490
1465503
1465504
1465501
1465506
1465503
1465511
1465503
1465501
1465502
1465499
1465498
1465492
1465493
1465485
1465495
1465496
1465496
1465498
1465499
1465505
1465505
1465504
1465505
1465503
1465514
1465516
1465525
1465532
1465527
1465525
1465513
1465507
1465516
1465526
1465530
1465535
1465542
1465537
1465535
1465529
1465532
1465526
1465524
1465527
1465532
1465524
1465522
1465528
1465523
1465521
1465526
1465522
1465524
1465531
1465545
1465540
1465533
1465529
1465528
1465532
1465528
1465531
1465525
1465521
1465534
1465527
1465534
1465524
1465529
1465526
1465515
1465516
1465516
1465515
1465525
1465524
1465525
1465525
1465524
1465523
1465516
1465512
1465515
1465517
1465516
1465511
1465513
1465519
1465519
1465525
1465528
1465537
1465531
1465538
1465534
1465530
1465536
1465536
1465537
1465528
1465529
1465520
1465521
1465523
1465527
1465526
1465522
1465518
1465518
1465524
1465525
1465522
1465522
1465521
1465521
1465512
1465518
1465528
1465538
1465527
1465526
1465521
1465528
1465530
1465526
1465533
1465534
1465535
1465529
1465539
1465533
1465527
1465534
1465530
1465524
1465527
1465537
1465533
1465534
1465547
1465546
1465556
1465564
1465567
1465573
1465566
1465573
1465577
1465578
1465572
1465573
1465578
1465581
1465578
1465581
1465588
1465598
1465602
1465598
1465600
1465603
1465607
1465605
1465600
1465588
1465598
1465588
1465583
1465596
1465599
1465597
1465611
1465615
1465617
1465613
1465613
1465613
1465607
1465596
1465593
1465592
1465599
1465593
1465586
1465583
1465583
1465583
1465594
1465597
1465585
1465586
1465582
1465586
1465583
1465589
1465585
1465586
1465590
1465588
1465588
1465600
1465596
1465603
1465594
1465599
1465592
1465587
1465581
1465586
1465581
1465588
1465582
1465583
1465583
1465585
1465591
1465590
1465599
1465608
1465617
1465630
1465626
1465617
1465609
1465618
1465610
1465616
1465628
1465621
1465612
1465622
1465618
1465609
1465607
1465607
1465598
1465588
1465596
1465591
1465588
1465593
1465599
1465594
1465592
1465581
1465574
1465573
1465580
1465574
1465578
1465583
1465581
1465594
1465592
1465592
1465606
1465604
1465608
1465619
1465623
1465623
1465615
1465609
1465617
1465612
1465617
1465609
1465611
1465611
1465609
1465602
1465601
1465615
1465616
1465607
1465609
1465617
1465628
1465624
1465620
1465619
1465614
1465622
1465617
1465614
1465603
1465599
1465599
1465587
1465576
1465583
1465589
1465591
1465600
1465585
1465585
1465585
1465576
1465578
1465573
1465567
1465577
1465588
1465600
1465600
1465590
1465594
1465590
1465580
1465583
1465590
1465598
1465594
1465596
1465595
1465601
1465612
1465613
1465607
1465617
1465608
1465610
1465612
1465614
1465613
1465604
1465602
1465594
1465589
1465595
1465595
1465596
1465598
1465593
1465593
1465595
1465593
1465595
1465594
1465598
1465595
1465587
1465580
1465571
1465575
1465584
1465586
1465584
1465585
1465585
1465580
1465589
1465598
1465604
1465609
1465616
1465614
1465625
1465623
1465620
1465622
1465617
1465618
1465619
1465626
1465628
1465629
1465629
1465624
1465628
1465637
1465647
1465647
1465641
1465648
1465658
1465664
1465673
1465678
1465684
1465699
1465699
1465695
1465708
1465696
1465699
1465687
1465678
1465689
1465686
1465692
1465694
1465687
1465677
1465673
1465668
1465668
1465664
1465660
1465659
1465649
1465648
1465644
1465651
1465644
1465644
1465647
1465651
1465647
1465651
1465645
1465648
1465642
1465651
1465653
1465658
1465658
1465648
1465651
1465657
1465654
1465651
1465642
1465654
1465661
1465664
1465668
1465661
1465666
1465671
1465669
1465669
1465667
1465671
1465672
1465665
1465668
1465663
1465667
1465652
1465659
1465656
1465658
1465654
1465653
1465649
1465643
1465641
1465654
1465655
1465645
1465651
1465644
1465650
1465646
1465644
1465651
1465645
1465641
1465644
1465645
1465656
1465667
1465671
1465666
1465670
1465669
1465665
1465652
1465654
1465665
1465660
1465653
1465662
1465659
1465651
1465649
1465650
1465641
1465627
1465625
1465616
1465607
1465616
1465624
1465631
1465632
1465633
1465629
1465627
1465632
1465627
1465629
1465620
1465619
1465613
1465610
1465600
1465603
1465605
1465611
1465617
1465619
1465619
1465620
1465618
1465619
1465622
1465627
1465625
1465615
1465619
1465614
1465626
1465621
1465625
1465630
1465626
1465622
1465620
1465616
1465624
1465614
1465612
1465609
1465618
1465611
1465612
1465613
1465614
1465601
1465602
1465602
1465601
1465601
1465607
1465603
1465601
1465610
1465608
1465595
1465592
1465584
1465583
1465583
1465574
1465572
1465572
1465572
1465577
1465580
1465579
1465575
1465574
1465572
1465565
1465562
1465568
1465566
1465558
1465555
1465554
1465542
1465538
1465541
1465535
1465542
1465542
1465545
1465548
1465552
1465560
1465554
1465566
1465558
1465563
1465564
1465561
1465553
1465560
1465558
1465566
1465564
1465560
1465566
1465558
1465563
1465559
1465560
1465547
1465553
1465551
1465556
1465549
1465541
1465538
1465537
1465535
1465535
1465525
1465517
1465519
1465531
1465532
1465538
1465536
1465534
1465535
1465533
1465522
1465525
1465534
1465530
1465540
1465544
1465553
1465551
1465547
1465541
1465537
1465534
1465543
1465545
1465555
1465564
1465572
1465569
1465567
1465568
1465563
1465575
1465569
1465578
1465570
1465577
1465579
1465577
1465568
1465581
1465576
1465572
1465580
1465589
1465586
1465588
1465591
1465578
1465585
1465584
1465590
1465595
1465592
1465585
1465582
1465579
1465576
1465572
1465576
1465572
1465582
1465593
1465599
1465606
1465605
1465608
1465607
1465604
1465600
1465612
1465611
1465603
1465589
1465590
1465604
1465598
1465606
1465621
1465622
1465631
1465629
1465626
1465626
1465632
1465631
1465641
1465636
1465626
1465636
1465646
1465653
1465652
1465652
1465647
1465647
1465646
1465637
1465632
1465619
1465613
1465613
1465620
1465617
1465619
1465620
1465620
1465624
1465616
1465607
1465602
1465600
1465595
1465593
1465591
1465598
1465598
1465599
1465597
1465595
1465591
1465587
1465587
1465594
1465600
1465606
1465608
1465603
1465604
1465604
1465611
1465603
1465603
1465592
1465594
1465582
1465580
1465581
1465578
1465580
1465591
1465580
1465584
1465576
1465576
1465568
1465573
1465564
1465575
1465586
1465590
1465592
1465600
1465613
1465605
1465611
1465609
1465616
1465620
1465624
1465620
1465627
1465632
1465629
1465628
1465624
1465623
1465612
1465614
1465613
1465615
1465607
1465606
1465602
1465610
1465614
1465611
1465622
1465614
1465619
1465631
1465618
1465620
1465629
1465632
1465620
1465614
1465618
1465607
1465607
1465608
1465609
1465604
1465599
1465592
1465598
1465600
1465598
1465602
1465605
1465610
1465596
1465598
1465605
1465598
1465600
1465602
1465601
1465610
1465612
1465619
1465621
1465616
1465604
1465603
1465612
1465623
1465612
1465605
1465594
1465600
1465603
1465594
1465586
1465579
1465578
1465577
1465579
1465574
1465577
1465578
1465572
1465582
1465585
1465592
1465589
1465590
1465587
1465596
1465596
1465598
1465594
1465594
1465594
1465600
1465605
1465611
1465609
1465617
1465608
1465601
1465595
1465596
1465592
1465595
1465592
1465595
1465595
1465601
1465594
1465593
1465588
1465585
1465585
1465588
1465588
1465573
1465573
1465563
1465569
1465576
1465574
1465577
1465572
1465572
1465580
1465584
1465580
1465582
1465584
1465583
1465587
1465576
1465573
1465579
1465572
1465576
1465562
1465573
1465577
1465570
1465570
1465567
1465568
1465563
1465561
1465555
1465558
1465557
1465550
1465557
1465562
1465559
1465554
1465567
1465558
1465553
1465555
1465553
1465550
1465555
1465552
1465552
1465551
1465551
1465546
1465544
1465537
1465537
1465525
1465523
1465525
1465524
1465515
1465524
1465524
1465521
1465514
1465528
1465518
1465511
1465508
1465511
1465515
1465516
1465525
1465534
1465532
1465540
1465530
1465537
1465530
1465519
1465524
1465527
1465538
1465536
1465540
1465537
1465544
1465540
1465548
1465549
1465550
1465548
1465555
1465545
1465543
1465544
1465534
1465532
1465527
1465531
1465540
1465549
1465550
1465550
1465556
1465554
1465546
1465554
1465553
1465553
1465557
1465562
1465559
1465564
1465567
1465571
1465563
1465575
1465586
1465581
1465573
1465568
1465567
1465555
1465568
1465568
1465565
1465558
1465556
1465554
1465547
1465550
1465547
1465560
1465556
1465551
1465548
1465562
1465570
1465580
1465578
1465577
1465569
1465571
1465572
1465570
1465569
1465572
1465573
1465570
1465571
1465562
1465550
1465557
1465552
1465564
1465572
1465569
1465569
1465562
1465558
1465549
1465549
1465536
1465539
1465540
1465540
1465529
1465524
1465525
1465533
1465528
1465536
1465524
1465520
1465526
1465515
1465524
1465523
1465524
1465512
1465512
1465509
1465504
1465512
1465511
1465515
1465509
1465508
1465510
1465512
1465499
1465491
1465501
1465502
1465504
1465498
1465494
1465482
1465468
1465459
1465457
1465467
1465468
1465458
1465457
1465464
1465464
1465457
1465459
1465460
1465451
1465444
1465442
1465450
1465445
1465444
1465446
1465452
1465462
1465451
1465453
1465453
1465465
1465466
1465469
1465478
1465481
1465476
1465477
1465479
1465477
1465481
1465485
1465498
1465507
1465516
1465516
1465513
1465526
1465538
1465524
1465527
1465538
1465540
1465540
1465534
1465538
1465540
1465541
1465546
1465536
1465541
1465536
1465532
1465530
1465524
1465518
1465516
1465512
1465515
1465520
1465507
1465510
1465516
1465515
1465505
1465506
1465496
1465496
1465496
1465502
1465502
1465498
1465502
1465498
1465489
1465492
1465503
1465503
1465504
1465496
1465495
1465489
1465481
1465473
1465464
1465465
1465468
1465463
1465465
1465466
1465472
1465463
1465454
1465457
1465445
1465433
1465441
1465432
1465428
1465433
1465435
1465431
1465438
1465431
1465421
1465428
1465428
1465421
1465422
1465424
1465438
1465429
1465437
1465433
1465441
1465434
1465439
1465443
1465445
1465457
1465458
1465459
1465466
1465461
1465459
1465452
1465455
1465455
1465441
1465444
1465447
1465437
1465434
1465425
1465424
1465414
1465416
1465425
1465436
1465435
1465435
1465442
1465441
1465435
1465442
1465437
1465428
1465434
1465445
1465448
1465453
1465445
1465451
1465459
1465461
1465451
1465447
1465443
1465440
1465446
1465434
1465428
1465415
1465411
1465412
1465412
1465416
1465421
1465417
1465413
1465419
1465409
1465410
1465404
1465397
1465393
1465391
1465396
1465409
1465402
1465415
1465407
1465415
1465407
1465396
1465394
1465396
1465397
1465386
1465397
1465387
1465375
1465372
1465365
1465367
1465364
1465359
1465347
1465340
1465339
1465339
1465334
1465338
1465343
1465331
1465341
1465335
1465331
1465323
1465327
1465338
1465345
1465355
1465358
1465365
1465361
1465364
1465361
1465363
1465357
1465365
1465358
1465355
1465363
1465362
1465354
1465359
1465358
1465358
1465355
1465357
1465368
1465366
1465355
1465358
1465354
1465360
1465374
1465369
1465373
1465373
1465375
1465378
1465378
1465375
1465368
1465375
1465378
1465386
1465380
1465381
1465383
1465389
1465384
1465389
1465401
1465405
1465402
1465400
1465399
1465394
1465397
1465407
1465393
1465390
1465396
1465402
1465414
1465420
1465410
1465423
1465433
1465438
1465434
1465432
1465435
1465426
1465431
1465442
1465444
1465439
1465448
1465454
1465453
1465459
1465458
1465459
1465468
1465463
1465470
1465457
1465458
1465462
1465455
1465445
1465448
1465445
1465457
1465456
1465459
1465457
1465447
1465446
1465449
1465458
1465455
1465452
1465452
1465457
1465458
1465459
1465449
1465444
1465433
1465442
1465438
1465442
1465447
1465443
1465455
1465460
1465465
1465464
1465459
1465468
1465468
1465473
1465477
1465474
1465462
1465475
1465474
1465476
1465484
1465490
1465479
1465470
1465472
1465474
1465475
1465469
1465462
1465462
1465462
1465467
1465474
1465484
1465485
1465482
1465470
1465474
1465476
1465475
1465480
1465490
1465489
1465491
1465489
1465482
1465482
1465478
1465464
1465469
1465480
1465483
1465480
1465484
1465479
1465488
1465492
1465495
1465490
1465490
1465482
1465479
1465467
1465462
1465463
1465458
1465460
1465460
1465446
1465453
1465451
1465461
1465453
1465456
1465461
1465471
1465459
1465457
1465468
1465473
1465468
1465474
1465467
1465470
1465467
1465469
1465478
1465476
1465473
1465475
