9210604521
8770109319
7759443250
5657490820
16013858443
1625488637
10916750641
1418226112
2721035920
1963513329
16960141
20593274735
20099637631
14480643041
5459519623
13956697347
7478030116
6358642359
13391883394
8959714421
17453659418
5982502500
15812108356
15103146183
12300159027
10665294366
14548083132
18983534537
9713161517
5726422425
14435265485
5981309111
19011057712
10555819108
12822920852
12165314041
6476573370
17240003154
939284536
14689909497
6289700463
14238347838
16993525074
11733751214
7775476063
8424015576
22305430819
922884034
7254209219
1236660016
8683025069
6286979092
1371480176
117855854
5222714340
14117737294
22614147920
13847866385
9628691417
13739080425
11015867029
105545730
97441605
10910798915
5551603528
7322760201
2711581515
6443278906
236789626
8402109287
16730000174
5198471455
2037414679
5630837052
21904700347
12591719449
12584026845
16284387764
15055338809
13736287356
3872052515
2215280727
12875246027
4531196088
3809655716
4200312637
4437009845
1251837769
4286798866
6942437765
1690678895
12829979272
1129680306
8760118753
4827824858
15240169426
8883307773
5143488437
2208912687
10721496338
1604324776
13222522179
9796686494
6159422596
1641914452
17973857663
7811112877
3024236792
9072432188
5567391528
18255336547
7990404062
13245948534
6153126004
13047150824
8390562253
3583510621
83512840
15647270328
14335855784
781631184
3995328724
3690018822
4770316778
8416406641
13233408978
11031355409
15176692745
3989434832
9213435401
772773849
8737466909
22834766349
15553394334
6472212117
1295212304
15041056660
7450543296
18200197837
1233120922
5129549412
7797120525
8384918507
13724915039
5218333645
2800128694
9228976864
1834596282
190936983
3170032391
6349559443
9534861736
13984718541
6988884733
2690651532
2260802698
8387246922
9487016134
3912747391
16306397605
2414997009
4925580571
2567376969
6012795406
2432385867
14240935158
8042215057
10823139787
4282750239
12314830400
136225041
1726453738
14674552871
1515921677
15857741017
1011272608
5848341539
10033563641
13884995892
6279205626
17198058098
4187406601
2720562652
21671716508
3495504317
13539840052
11432407670
17555015953
13300625329
2240992348
14091098712
8561828353
10374827117
2755174427
12655091072
18259645704
1891497936
4844554299
249740455
10175875364
9855052527
1315575186
15052365263
824777357
18175095301
13008394375
8454489084
2108343478
2168705996
15465512603
14873387919
1385968453
4781443878
7160731073
6489272028
3862201183
10984564790
12418524349
19186441577
10260158246
7257597263
8195286403
15020393395
23638779613
6514368899
14901339778
328146163
2521561020
1972670716
13592544840
3589730657
22274726962
6576383338
21571926682
7299518791
12949677518
1577695153
8150720988
20802032123
19654752396
7403568967
20313826079
5533005014
1764383344
14490826402
1415172638
9427566559
10915448382
5050169998
1474646943
13210082649
14045378698
4862772745
6871071530
8105263624
2267011050
23644455439
3989159013
6090681071
3737610585
1137921211
12111612922
8779074433
749769050
15610045343
3349661896
7647416178
7961227371
11862899166
12780709097
711580022
13489105335
4464016125
18585071152
1699356570
14584957239
1343194708
596368319
171556715
5997564986
14637606667
5051849385
16484044645
2341364854
5455754132
14739590669
8076955366
3824171561
8262733370
14896952436
8298857200
13726489178
10103737089
12767273920
2993224857
13542213546
620938159
13865102601
15581319705
3127330349
13006232128
9824466916
1177618166
3374849340
5563490752
6787889300
4480764707
9816628068
8576546638
13778152702
12911361080
1145779226
2700485139
11412355285
7796396443
10656603075
3221355282
221554186
5422458522
2676781030
2637207078
7146741581
5405134137
20202743350
22332457204
14470235364
4390780944
5335799428
8385631403
13966906173
1675398391
5746789514
4842912438
11249796590
14959645046
4452124434
4154835927
3363931730
4950808978
22127215242
5713448479
3600229914
11537629648
13803988365
18128349750
847248946
2205600359
5970175807
11780768667
17740745300
12075120608
6137333011
7130673340
776775016
10669716685
6219173575
6387460552
10589918352
717318535
2598974082
9137940707
20410878470
5085447494
8660518488
15070405847
1138386866
7775255390
12640466121
819962070
19764363230
9220039100
6499321838
4463858200
12743953991
9620636936
5574262271
17820054599
1330406323
846261806
6521333220
7467096314
4693272444
14915469167
2458381526
15686062487
4026879498
8488518653
1540082753
4600775447
23425285713
15334943238
463770448
7926796383
13943733255
3518800095
8211012072
17522624924
14406420473
14815864361
16460513225
1945291485
7623296333
15276287700
9985090242
12880869562
3669391810
17619557529
16321254411
4630869450
7267770963
5318769857
17533395840
8102714845
11531545020
13383171366
7459583962
979083576
4359533349
24139943862
2821769317
6922654130
14078101042
323135595
12387588866
753332459
1592650555
2426978927
1252720241
18835068045
1341913550
15692913236
12226509711
3126608112
8683114191
6657653055
11330471432
3537374357
14386267339
24078301822
14895501268
15672904359
17160279175
579844490
2895977710
4659797641
5027545588
17696452277
3969409962
7183928083
10850835321
1361761698
8078358250
4345986340
6885106655
7803162488
13350367347
15893175890
2155952031
15729316501
15478377626
16600708597
511055871
4129626166
1821418664
4879069812
5322584848
7859567558
3149277399
1654284316
1411809051
10684230616
4526978618
15316189873
2865738569
10617234558
14652875309
8383528948
21547656503
9961788068
9779179518
13595870385
9672626525
517147593
17654408363
382005514
5558496806
1795743432
5499313876
3904639713
2509663272
15479958024
4545105198
9295002116
21976372468
632183019
12271630337
3565370111
5161485080
8579129077
1361796391
4189937697
9485420574
11652678509
21190809648
3780105139
4841979409
6197281543
3581015310
10536975203
17265933902
10101479981
12571298284
934537830
11055420696
2006623712
11501910179
2164626500
5523444533
4692886322
7049839076
11181693809
3064640205
13696132793
20752119716
7219320245
12260083426
5501610102
16976609618
17010659362
7859335632
485166815
8192167841
985618825
3170996806
3961093170
16601150124
12875085260
3159947985
138479957
3484357279
3226472499
10264513928
2327888794
19388501079
10000939
8879321869
1828298346
9090132529
12408824210
7005118259
8959034389
5177447146
12932218639
11753459312
11584748284
13221479394
1662567755
6369758054
2707724059
2126468898
9704386450
10925851702
3769593383
10055811453
3635183459
15642381975
876512831
3994621084
13307809733
4053353532
1495370454
5427884058
8514468133
2081243280
8972136277
2869270841
15585029943
14199261775
13502706166
8124607252
3555230341
5736537593
12384059108
1237624319
1137645897
3305282048
1327400289
1549669530
4130334089
5533046390
665094341
17764032973
13358481048
2409754147
16381789402
5132885669
9855141764
13291120780
5721547204
4406831003
6040875809
20794553032
10371225600
10548019483
5049704624
17412052028
1632524004
4855163882
694570605
4725358087
6043176589
5107085358
17927080082
1751431260
7387239603
15151179345
10215584200
22256384869
1715489746
17409503256
1264088043
19539852428
3236594947
811421002
17418482770
812550889
7862020790
4151215669
8054383205
5873942660
13165470345
2882550135
17504519523
22274755468
5200306434
10634716527
15328209206
10805638201
11424645198
12467918245
6711910140
18658552216
17662857639
4619711314
17773619192
20814195626
5971926024
3932989758
3032731889
857631808
11096646045
2849904600
8331278631
18537827397
2976815008
4791522767
14185897751
12723757097
5840333352
432528408
7646534528
2296113339
11191697411
17992924871
6379411727
7368392470
2130609184
3040821618
8395595010
1431198184
15128151787
6661794005
4545993774
773110075
20285405572
17307677705
3316581291
18270427408
15870424276
1468495010
9723673583
14021860030
14777284583
287593176
4636544389
3081817382
8784771286
1263180502
19206775247
4493886929
4232412424
5257491446
9401345068
1173988083
6559329822
2259554377
6174228061
15512492306
1029111667
4258210931
9060250989
4415682608
20414127050
1710340441
2507822127
14751792620
19813099398
20385577145
2192007229
12304351786
16007215114
8225506701
12596900522
5928230054
19539849388
13505294306
11745612944
9948684759
14171593283
9170594156
2071806252
8229659503
11780941545
18475136137
14206919917
20284468939
8277042536
3127971406
8367973080
5403509812
2619488645
7445479267
17983396842
10994584650
3780021859
5680278718
11664942981
12776406271
9147694698
10585263639
14404429032
9889802605
10018548784
8546285925
9979659449
12135103237
20486278496
1469878344
15803018837
10428999823
393199289
660350483
5410337129
4852307832
2543212160
14205937175
12012824134
20438046895
6052186121
232994217
1759785138
5764628068
15974008394
2383044399
2780266942
78957127
968579628
3224707895
1284591090
4682124207
11389785011
9365921599
4049668350
1537791442
13857748031
466719463
10951963787
2666370719
22824955763
21015454718
4009107406
13537490720
926328802
1443698541
21950822144
10394287950
2729472308
7639277080
4973069254
11036233239
14085516730
620207729
2767690718
1676988887
20312415641
15457231767
995286500
3122404458
19035715287
3635332991
2312556617
1616742071
11108505933
14219356914
1080030761
19552861147
16822231775
12027899468
1325914896
3062856285
100822327
22061672135
5504877939
3176488052
9257189160
10142433660
2632806834
6794803813
16715871443
1973058689
13705327602
16804440756
5646208388
19063678508
1122698465
7552450304
3092149447
16228849309
4226539571
5257087602
17294813276
2883920170
12206246735
13471176979
10522534377
11337092845
4237915113
309756789
85514088
10082223977
2143807655
722808453
14091976265
1539062825
13666068547
10881801341
5865197238
2452091657
12571481312
23479044791
16897696979
18843205607
9272762439
4667723449
13773611072
9187355150
12928653613
1327451072
10644215485
16338724512
9727009137
13814477819
6713322705
1139296248
19736229017
11792033336
12436365072
1548812226
5317052348
4434949140
2910353993
2481730747
1091192485
6568000669
3351459267
14176870447
7857981929
9295198097
11438744957
15169420224
2355604023
11553210147
5550035738
3032747550
9747194809
6591304800
4815737683
13257872323
6821683450
19045785797
18159536950
645086985
7675563513
1775018722
11073279071
981613728
6178304729
17652204276
1780214195
12808846792
4658333157
6865325576
190298162
1283442084
14102757144
14804189108
792374567
84792670
89611055
5801306625
11848950058
353405913
13916972697
9649395196
13685386212
3162760992
1318986875
7754646531
13355314919
6397078265
2251287414
3215616186
2954049567
10845493397
361463079
15603034406
1043421202
11624556845
677448664
102332334
3301230147
21524342550
170289873
93606299
10368424873
3939925927
1334435670
21416468426
4051663546
15747674213
5497847111
649705041
15978709120
12565957629
9314070413
18518391778
6222836306
14925249430
17672548811
2436315607
3630653038
13287784641
23637658811
1053332960
4511555153
10413082722
9237869915
15051226069
11669696362
1643666436
4913703336
2101351838
466992259
21414053550
9334718781
2439252710
11711906775
8695165883
17979991593
17553188443
3222177950
15031470039
4282560178
13676610105
8482825410
2524750829
21646336543
8508770067
4418237723
906093314
2873245965
19532083681
1118924407
18853042228
8203715124
12484881635
4960544686
20740087876
6789470910
5206500267
9851572304
6361977269
4713252762
11499713088
118900766
8638670399
1730260743
14848064248
7622626679
12007574009
6713995
12138681838
6009424672
901374757
21057217120
16545205986
11264830381
16287902373
12034059764
9415294829
13145916630
7242808098
17361249503
21720489365
7980988031
6711596983
727790891
14207819139
4647219798
4959843894
5374044916
7319470375
6395021939
6716812065
19791302674
2106736994
17661323326
19574480939
2979299409
21040778252
17834895697
7661937549
444781599
3460161316
3731922228
2913744552
5513457828
7608090504
2695961267
19445077149
7569233024
22103358989
5006972504
79167108
11756202033
9330113748
7471906374
8747124214
13055568506
7661372146
10328807000
22444989092
157269292
11840047970
3180874855
3375249962
6866708285
13794260171
10345711469
5155637667
14131207987
678180939
2669170503
12934068388
14372553349
4272284192
6531111083
5310163416
1939324769
847513660
10970988595
674965422
1252155085
809135017
6023086275
155664892
4006235336
14634862615
421599741
3797012430
2561001374
16861829657
4840291669
8704646838
6796650238
15455473393
7723939163
8551705638
15836879350
10304157302
7641710878
1343996469
140871886
19413719640
5926661235
3618141887
10343840121
440856904
1887498736
591937076
10013784556
4929849924
4004184754
7760853861
10680109601
10564400212
14620120796
2625365587
14158844600
5292149108
19235738586
3061276207
7098444695
19163265040
5698334410
7006369099
23650628891
12417026613
5417019016
6436442019
19727460992
7303486427
5420901352
5649038427
12468244141
6874881432
8245697921
9433571643
8554966643
5180817642
16989901831
8099937271
13118229431
4259201070
4005991590
5698531280
12390610453
19555534953
6841960117
8820260396
5211616377
8681274286
720112040
3367574800
18762553983
9159232907
1288720088
20725874483
11760865197
3421297228
5841390825
7313911695
10955933039
1729769154
14006952757
16698658816
17565238467
8020035791
2425929416
5996210740
11685297622
805186766
20207286082
195727606
8820925024
13635540564
1135887520
3634230883
8861484730
977596439
17212371093
9772486654
1407399222
2737682248
9632983159
4127803130
9849124121
7306456150
14005162504
4372872321
11260750801
12621428768
11427540407
3164306610
602725046
9642766976
2297615880
7636575186
2699362621
17889843663
5791228249
12982093556
1854438796
4123796828
10251769718
9617745420
14527920165
13864429296
17869325272
7340448576
1811543262
9935532219
3530445173
3359289692
5051183108
1898769684
6921706726
4893878396
12274414922
2425580884
14850398726
13255751700
4620670906
5047012775
1690364146
4565490594
2190373724
13740433902
534353793
4324300967
1592977525
4813670234
72512351
3138707230
17603195243
541190734
5190152797
7314915112
17630582617
7267246793
11778181102
11195196923
3071870703
9948832664
5254858829
6777179335
9644836776
10311086429
9745768058
7401525843
10278152444
758294644
5932356524
5925975404
7751745231
7805140922
3074348395
14830034811
644621722
3803212836
10417285193
21274253456
6763902241
1861987014
5631944064
4046725352
6761531344
12131577301
11125396662
13844536268
16338463608
20396783331
13061350365
10938485987
11583184025
4159049121
12852115927
11169273566
11869342618
77642358
10701147999
8188444668
813982859
7596305196
5266887778
9760015153
7760192526
9455945057
18921434576
3207637293
3244355527
5164860109
14775959607
2869582574
7799201496
4581173239
14090843329
4550479800
16909019038
12529661534
7711174902
6955760162
6694439006
7038769327
16502989288
651608375
12758570053
21101608059
6753991443
481595542
8366770174
4810393368
10346618306
7981638330
256015636
2255443010
5376328365
917461340
22042490730
9579070626
233746396
8596491456
11773946533
14094100873
12409142665
17282518837
7911102259
1537959561
3441113806
2188392623
1491688526
7868559517
4145823110
4371776437
7725392255
1531964059
4992768412
2781896620
2513736744
12400040016
1294929720
14437943282
10991307555
6846756112
7598390356
11905992559
1600137197
14816150850
12871151538
10310066818
5527741073
16262418633
5442324609
2346939757
9089803316
1258255224
19612167979
3917769709
15250735208
9090819427
5297710670
1635336337
179735674
2761962725
9162110830
431886260
8235267184
5825450982
20311105721
2042986492
7991895482
8591539365
8800118039
6476444070
2748415472
4163833163
431128715
8968329986
4984792832
16248585662
836496325
528591371
4433281734
1087584858
7889670433
14984831463
13423795231
4515211242
4610137725
21231215720
12035459997
3303000137
18079317881
6361948689
1843478476
11072866507
3745601043
13883398347
9628437069
18368188419
7448713999
2969142888
9663252998
10316606351
12749952189
3649490463
5051611367
7104000282
10650837380
6166641405
17036171969
4999054803
2594044219
17005757946
8017049364
10434572959
20782664196
2382068058
18567577192
3684451968
5844378548
5596081794
13463631387
2450903868
8596314584
46744550
324519437
5532996552
7601570879
8386143984
1559544707
5995167867
3671966535
2736448220
6929296602
4192279423
4895299198
6304617306
2269555553
7037820153
6179982409
19514461317
8536389020
12744580252
201203630
2698700977
6826685599
7758088182
10585736058
19122183169
1321919802
10186427676
8691665608
15370142926
6046903797
10269703232
14451376352
4503092393
7858835220
10735401920
7524404526
12072736804
5677611548
3593044521
1989742872
8015416698
1707295497
9510691191
14315560238
18490359039
8723962851
5150484039
1341780423
8823346494
16044333837
18016305789
12986611261
1736662920
13207199641
13469088256
4537232245
220698194
3358939162
17091813480
1970265033
11474620046
6515540562
7122934876
10141770876
4538042349
4370098072
22332004333
23159385558
445438390
7917129365
1304638767
1860325143
13985606216
3195816641
676922472
11908996845
10362660854
1196673622
11064641726
16831191284
14734152757
884864736
8267976440
9842177200
881740150
9366586313
8904167471
8755656223
321170021
4014512961
10474139826
5185470141
6295842081
6057814325
1617737757
14457860671
1833420073
8296849499
20812707080
9371956573
10736655206
2369801940
13942308249
23281513260
7970413858
3811831449
18140598052
6944605301
17039556389
19914355173
1198506475
2975252285
15312977516
3592513565
8208672802
3854223314
9870654009
824954287
20820322320
5579657775
5619648524
394186058
8850641708
5475149292
1402180346
11135235948
8751138452
9488954762
1462335915
13993681262
4633798204
12052435022
1989504786
1404592141
10557601124
11635006454
10799541081
10886193596
21782065705
15508846611
11270972192
11133851387
891610170
12493658190
6991507238
1159495376
5569245905
6614523359
24466084484
15123376726
3332587140
5292898570
540450405
9585511511
7575163629
6606583116
2081483276
7509264988
11083132963
6581741976
5819192805
1974254574
4288229143
18630149190
12701494591
6053183942
494046992
10714029446
3014993618
19617491591
11706752557
9750841422
14142611549
11018233784
8839045330
2677103947
3161167599
1890585548
14493707294
20731665940
972868582
5559090337
1837582077
10328866075
10666804265
14934809319
8978814084
9760092921
23293785557
1087912594
544292074
10836220258
2667647067
8478697683
20474170800
1687280124
5654937051
4054172886
1900414187
4678441163
7274335599
988510311
6712086164
14654889449
13911523180
3804252173
11950152978
6583749525
5567978972
175973902
6356330655
15300217918
7557547131
1812966655
21723245743
21783496012
6529671924
7787518764
10856082523
16100984051
9055967375
4730215093
347984864
5290530609
14477535502
20583433459
9018056124
11439735677
12718136025
4908219176
3699834755
7292776784
12243260638
9279693007
1674662130
6584615416
5280604591
6333390431
2855291489
2784648567
2414059950
13330709962
2548680925
4104465199
3150467968
8284793054
21740619983
18258752161
1624279779
6358816279
22510503823
7014070447
5573017453
7647727064
11756880905
10489041543
769649672
2508498839
7273407434
1236599316
308554544
20596505512
9370530922
12164047069
4469907048
12467045392
16670047571
66576547
7447580421
7525212354
4969943208
589105433
2345726841
10058817415
6663056644
3945158949
6990792508
7962507349
10389987643
9488846884
19384224112
23003566199
9472105160
3034036555
4295715668
484919007
7829451883
2313747995
4324523607
2940502022
6842940682
11133850930
8479203064
3833035195
3451066138
3420302801
5615603070
18399887885
13967504184
9063852465
1180529487
1026190093
6343841626
20341798561
10372095715
6744976346
2250915984
8431677989
12747394363
501253012
20748913175
7277010434
6514688660
20215312064
12037870190
5630129825
13491482483
20931335487
15372384479
1468524409
8812078028
18564319970
2046341941
3557128494
22459238932
5883649614
20791865138
12948765721
12632057450
13482893616
11065203417
19827687746
17232183729
9116445741
10386586171
15008771191
3839855520
9605009250
1553721027
7626146514
17171293618
2867165343
6917051263
5016338147
1806511814
4418897291
2735500294
1332460013
9819926558
7160041932
2908064009
7237934464
7495106931
17048753886
11943925136
5691181310
4540356109
10245988768
13885646788
3806457663
6298240755
4441483081
9434364001
1676278158
19266070969
16544679941
2208373968
3153975842
2446130697
3796510670
11196267041
1866858856
10201445082
6340978305
6463756952
6054134556
7698944603
3250372510
17038604629
13150554415
14269180268
4202042138
17354132474
13890389942
10419765907
1775389887
1281255455
18232935205
12715362292
3889253933
2108813092
4662132462
22571784411
13339955195
18049368029
2159000317
14539589792
5644747191
9307725145
10196885481
17631478347
10541444222
10199692114
20562435674
5887517422
11913303457
13248315849
8337652376
597350343
19568268
2236345654
10375220030
460714970
6681272509
7675341195
1108232917
10210190720
8520768680
2422492147
5760066419
11264297543
19513841821
4620669515
13636710319
4371083274
12435171331
12696695306
1487742551
3164893445
2942467565
2333661623
6286561032
5197182869
609448021
8475505253
1460196578
8761550151
854963615
3907423131
5226077897
12884323151
18560487830
17649380099
6414955409
3944154780
15723763207
5413025478
308483603
18931654699
2263137093
6538819406
20288281643
6258643039
6147491648
9432264620
6841913403
4943447210
6076783991
14214435125
11625173352
17651586631
18114183089
9145410071
9726472821
23585301360
13854841382
15670640705
18488798495
4986080921
18688213669
9525751030
19459579949
6912375193
1807884653
5472545429
2841416711
9893418021
11126650368
1913664299
11450348849
10103125550
817941980
11549261036
7867012962
1849544446
4847064291
2676658322
15115590194
600385541
4731593419
13681849939
1962235106
4216612853
15490809771
5910682933
6918907601
18182213548
1540836835
2519600246
12676359223
8829916023
20428533051
7240319861
19949740583
91048040
13771760887
14734740859
10075076182
19529306664
6985485321
7430142996
3787131480
17346638158
1752921508
7859747567
12969561367
7714663845
22442222253
6593972465
12756222460
10414263540
6913286497
1826739630
5235814279
4250505684
8941998870
4706489843
3557601064
9727868335
6780919209
14782768176
2510976873
11599707057
3187729455
17229115035
4296135624
6328419359
7222222659
6287489675
3174060106
8678983336
1663830188
8164500191
5273916266
4148429138
8698357078
4450622805
19840421489
19928789550
13887605589
17304007191
9056206882
20418838139
9270206257
796802050
11270557519
11385184483
1410722920
535257201
14505427496
5312897226
7927373919
911500651
10346198826
6740541782
3814569004
6726354392
19615988841
19125033656
21613551818
2404999672
352448247
8550423883
4585927560
5027201453
6031934879
4036246857
2508435557
952902506
13993072235
8005799993
18573085190
9511762626
16090909943
6291637737
15484725720
2156504319
5112367680
4004658190
5983800796
3910428927
15087975865
422429902
4661051717
5229919799
12071907742
2199974351
3297929426
3498817568
19491659187
7740668607
23274018019
5382837623
2498315984
1359711106
9143733841
447091195
3161453632
12456673801
18677997766
6816752143
17711847999
15548710109
4971652859
14928969861
5496907464
11880834611
7273828850
15284167603
13417422173
2753009448
10028624289
22444756692
2095376770
2858830281
16695367059
1929226404
3661608665
1181033264
11012006145
4318536766
6389384082
5267917459
15531795753
16607762906
10592183077
10283573868
3698375839
16845151940
8572855222
5648868649
689685997
8240001601
16590424193
7927239569
6148223369
6480452702
13037318709
18458689607
1997126651
19250782322
3160014661
4507674052
261506604
10847175288
7543475647
7028878498
19618811361
11508931510
3154640776
6432078206
20266519967
15339740441
18019664810
18421948108
11453622733
7747445101
2278005476
1258521586
2486583801
222183877
2949066036
24016396741
5765611054
3566747030
4526795173
11203612207
4952223582
7237642322
702822131
13981234817
2310702238
5039382687
7961562393
7395528253
1722465
1133183732
13225529564
96377691
6944218529
11724111048
15381200374
14822036467
20147315477
7475929993
8470271171
7007323017
7949751529
4550911180
15739906318
14433440259
5721472498
1774377351
769502307
840937297
10135664265
1940772711
7337091757
756429134
1246070855
3893996321
2680443661
7965551517
4916856374
119018571
17917233277
8327888687
2548034283
5416420793
4813600193
4207773097
2900841551
13631655768
10427364452
18804868446
22337248510
17446477588
2747016344
19624515213
429748218
8342362916
4675720599
10161567136
7036787549
2466873278
10730052811
2047948875
3306913319
627132862
18639605823
10479923099
13816410312
2791623873
1405572706
5300787912
3760383779
8879653023
15956020028
12669622910
20148472016
6640259341
2069444582
4534126039
18767353402
1969332803
5483592480
7109614424
11659400727
11799444155
5659163687
16664313468
4935747002
11681660779
9880467398
11970120949
4998480355
9048639455
3822080041
7991435541
1886049403
10975681573
10525933575
21015378979
4875758286
13144354091
7062902438
1397303409
6251099693
8423326122
6890579697
9016898044
1185433973
2633242215
13123324879
3716655336
694173553
15651497921
5382530312
7090959703
2917656880
405624691
11475613480
3332951679
4630223833
300305896
20467356816
14357366055
6525465723
8176912631
16592798306
162797200
4286816603
9686687837
13318855425
11497151565
13343910232
7952098226
3826004653
11124649022
2595485341
2970943151
10235773998
6191029858
4378293783
5210006480
9846141988
7962057133
1946492389
4666820671
23183828217
9163671087
6312365344
11304070603
8125139589
5949362961
3704614927
14535369910
9054012186
1399316566
9951069738
3873264452
5578787523
8997028412
6699624094
4958130968
8945032795
455034508
10866873156
4490167837
5776051399
12713683388
5061592993
20392663367
22872947841
19540976601
4341929307
10798793648
9270110397
11855608008
1551439225
13538303337
5202286308
8033382529
7730119701
20032488654
3459361340
583146788
4894474506
2066495693
4766788056
7074427233
16093834752
6020496094
10203792297
19552318500
5937602624
11502746454
6491969367
8042285213
7307563724
16547937407
6373664027
2028446297
17040853120
5607936088
8653283122
19928962322
7441172125
8217361634
10812032747
15753903257
5257188832
6470768656
11351387411
11555095213
2822100643
20351712847
3102400161
4225581733
16971306665
13973632358
14972864401
16295106542
1614715990
6185162391
4347403445
13526579200
18528075817
10318457613
1724766538
3190031674
8095622442
704982445
757805557
158104118
9057718519
4555797234
19382964646
2577922150
9273813995
15167600563
8823200284
1215997247
22556664749
12281599583
13356216437
16812658024
2212080867
9038837066
5969382925
8817060467
9041530660
2259053787
11785544196
10046140245
17810170890
13891213691
1587457829
14154959667
1235191540
15679057651
1719581362
182103438
4753924759
13653780662
8132015665
4981987368
9376969017
1264936503
5281381804
2677862946
19761811427
3478309275
4781588515
6574048140
5033802316
8243405300
22972471568
15554600590
10546296514
1534361123
8700148183
16554420784
2757059876
6305792455
11628911736
6277197810
14980602648
20276959264
17843578983
17543400911
3394900457
5385184329
12487071723
8667331370
19056867017
7782200314
16705347752
3711291916
8325842164
1778797473
16898782537
2900139758
19584593963
18475426014
1100370002
11265914425
1882720524
4298711338
8369852944
698391758
6860369400
6056182866
9725029649
6674944539
14557131534
7762241830
7768759141
21516238713
122987333
16110615761
6804546587
8606065927
3118905596
669428645
3095462465
1857521123
2456982666
4246571177
6148257019
5039076391
2463598371
6832864442
8899502629
6582115068
18125162882
22068084508
2659873221
1100496362
24230789308
13821856686
3217124754
15738759580
1426128765
1972508895
9670621956
2182042084
13119730001
1514489223
10845468035
11930658647
2005808681
11352304199
14554487664
21866867853
10179473550
9580666698
7489362295
8599531074
612751615
2740455364
2794781825
9211993979
11066010100
5397935648
22161462808
4698852741
7277958259
3969998353
15993744213
18020187834
9802064750
6358958934
10497263349
2396857843
1941503118
3877143730
4509910653
7652789405
10365341506
5471362514
2665881442
8044028211
8532492992
9954671794
6596632025
958217992
10134228032
222986455
283625499
49059074
1512542670
14206264466
1110003970
5031917357
4495747858
6710633542
3747809152
3686717591
259241278
10803354576
8719823349
11026043500
2749571164
6070032638
4361288068
2228823834
9586681355
6272045387
6644116188
3678162367
11710716139
1789893016
16396838923
9682850092
3146488767
9878767571
4501597835
998507988
8538836422
2260294211
12596020265
3150468443
4865308307
5003656930
13956872367
5834968699
6138938744
10003121442
829529162
11569148128
13432109671
3237255438
26356771
4436812542
12239823058
6369000002
10536600484
121503610
2670007711
12875896534
18006615074
560179917
4459343545
7906171788
4289091385
2582685
7172372156
5225310997
15649563147
3989457213
21067023845
2080848315
18513227480
8322328266
3443957188
829719089
12636797505
1358836083
3123380155
21082145671
6712587469
1378718321
14036282520
2567621908
5262159863
22585319370
3626652319
3165169927
10953279908
22222213811
8643085276
14931406754
22733066010
13007343079
6955896281
8266369873
22846594856
18347601326
7365527682
9961868588
11782222056
647372862
16683888779
10863858612
9887294626
5043294317
8786285795
447151781
6334961472
15014266808
21069793059
95970618
11872501894
13371539372
1225306941
104166654
8024949637
11766620198
14430499685
4767186262
2834208586
10818662510
12569452543
5853634526
1655747058
922828079
4824613992
9911328869
3607079514
14209175415
9223692319
2309566255
12858259922
9083820788
2738622326
7610525607
13715572440
5568869022
6728707341
673327455
5045845713
2054650373
422986860
7108748615
4088595464
12185166977
4453759137
19265629491
13694686811
16220458718
17904007998
1260906057
9425208655
7106225933
4759944896
7176002851
4478227778
588507317
11732829752
8170291636
2021864019
7969183146
9040548070
679087460
2819725545
8827321733
4616186268
189843413
14727189468
6490719844
3358210323
2684019792
7874539885
6946214893
16762518613
6923944959
17854183400
11690382794
2266580964
12912989797
2604822234
11226352264
8899272415
4032461155
4779214833
11641513496
12917334319
5378307093
17590521155
12129317604
10787686341
100649244
8652696058
19952160643
7821176530
12823097564
11407847460
18246978185
8090493440
12479617890
7944542572
414986647
11319327573
4968989158
7855652083
9778373877
9110017584
4106497036
21923448748
5764736392
19794591617
10151961542
11739462358
16066366257
9145617420
9264608831
23739666849
12163791432
8878390225
2306334091
10156499311
4249108271
4951928335
11315955691
7646912882
11167417235
5260638723
15330229279
2265937370
639706625
5310547076
6191520683
10779450588
733442277
8095559280
1939765550
5919965810
5685460640
4945197231
3226738059
14783803394
12385572198
23448340555
7666740447
11649198191
7669474395
9003860138
6534371200
6759869035
17724086949
7296492186
2287496161
10043474537
7968838968
11414347984
6514967294
664072204
10400772801
12481587675
1703522847
12547206807
14572060367
5791970027
4905138453
424649675
2263240541
16583852326
8037694093
7760115071
7358721677
6919470429
7498475583
4142595700
4277117966
1282420505
8609084598
6630400825
20194125900
21430279145
7457658411
7271391513
3516485478
10815599289
6876411706
706645560
13090492662
7482247499
14156439064
7451708962
18988700521
6756648320
9998598339
12649525143
1504214068
9808496101
11644578132
13710872500
19483552301
8016132410
5664071652
7590300432
1328441234
10213653427
12662951823
7237802984
5084355369
2606690243
851870985
13935487462
4018192838
302838764
5814049817
12382974078
10322973468
7296041844
23829138682
5148258904
6578268119
1550327156
5941937777
5352797426
2206309632
12587776772
1911543531
5287436430
15039532463
14821209834
9262730389
9475398191
14365568212
2388598968
15529673841
2412590757
739878749
13735193050
7643915244
116994790
1317589362
2609386266
5350687629
24016807837
6342667362
15056614555
3891197077
8182135557
12119423622
12922114840
8413950710
4556091771
3592125409
10924229587
14961910664
7374658444
16470456937
4695404840
9772401501
19045487922
9052318143
6146981725
6590666868
13237728982
4075137891
9674377060
5253564109
3186980340
11430113817
14047290763
10775770053
18395434268
13077537591
8839501658
19152274240
9146876736
11135758985
6254461383
17194279930
2179788779
12943647113
3678797942
68249405
6748148952
3453902982
10139948493
2517363672
12576625642
7684225353
4912594377
7571001276
7332033720
3909381284
3715287532
17208367348
7064320283
4300086540
7988499741
2930343178
2701092419
2165956337
1191257320
3783488530
22343440809
11854398593
10329418973
3927949454
17037618140
15466329825
11850948071
10213359679
13867914920
19313963211
5977617641
16088181593
3660846093
2956356619
3407601222
4699221726
4174941165
309184486
9789107498
2108855986
8635378878
15408605852
12167037999
11041585358
2212930444
7028695655
8956120692
6158141666
7252851297
2762231200
10508776909
17750015341
9650328193
10150303547
4074217819
11108889553
9337171909
14358843390
15769230790
4720720787
6935426520
3155091334
5901470771
3343844803
3466950890
43101918
17553305328
9884301832
10325078728
14495610201
8458326522
17020225211
5187386932
14696251598
137085396
5390658038
11901635092
539326313
18195888845
9608200011
9620485413
1103580144
18751262616
4625777309
15344778281
3391103933
7426891677
8115797320
12464359232
14408757445
15234138594
18547729077
797980945
5259288576
14570359080
10445596908
7892423164
13425966027
1418625481
24413471408
13566567555
459779100
4801677008
452088648
2201570520
17507001443
66354123
16824269128
12799408013
5487131698
6335585766
3663611854
5821033427
935565752
901228323
2694649599
5729587114
4658921011
1060035941
9209050525
6793276027
12299244481
2221605261
6195614112
5780242692
6286960087
13703262960
15090321533
11339557488
9953124293
733248687
5756342368
1548233201
13486878791
3811687095
11870002763
13412113888
10841383376
2774593410
4201905302
10890303808
8554892767
11445291613
7376341763
14063332095
1534032555
762890289
6284242672
1442824367
7356805752
14000743165
13120424019
18934201356
9305676448
2797867800
20406067065
3815637089
8109597386
19995575945
6507766856
7510135142
11316703718
18527198935
3192720439
3824447970
23229683519
673585628
3181041726
3422991882
2170098144
2569417726
41882097
1767439493
3886808762
741063668
18606972029
11120660526
5731054685
12947339755
1105048020
9197364875
9194456657
13480072933
336962046
10068630920
22120617013
17417355709
6160532504
666477833
13518529
7694095695
21106717155
5894541479
9076966386
18869347704
4807729595
5185587091
3215641049
22479435627
2958465139
2497192526
15413356309
8650080841
12468308381
13273285126
15239158343
3299857735
11495885470
2777909663
20361993616
5241684883
3790360535
1882426512
14241450042
12812954374
4131608360
14542224376
3834596850
349705704
11394330958
14166757370
19872808981
8159667149
4792642772
766921834
5548273140
266614604
5171979794
3275156927
2377945457
4949699022
17748055399
680975539
2246603085
10216870746
3220533576
4478081452
5116181045
1691647273
17888842333
976223564
22074468119
14011067328
5601005993
10400451216
4176475247
2981837744
2535628405
16181915207
3932066776
3645526332
251606158
12163617317
5691359493
14781979671
9754142697
655516352
20709312725
5522929876
18960718806
3184682894
4321990822
11239407407
20644021918
13332917255
14520686695
2871739718
20591440609
6720655058
13478626924
8615672051
12125826945
13888499249
9620069098
8875777533
1131790286
2669523238
8620772872
10690486091
8266358702
12269968233
11768871543
11284865124
1003566887
17717387071
15226531377
11042104584
11443269222
18163857858
10961864982
1412824267
1894013619
6771662660
18990255671
19245953468
9903713201
7163193441
7301387883
5193543510
3028711322
13232778551
2755010566
17919663421
2014986919
17807998151
23311973190
1639976877
20502728055
2389081006
8126806816
9707379093
10415132972
7544611389
1615574265
16026324997
13746279589
1176166527
12059800462
4466704089
13836800710
18358194613
6800774307
6973807946
12640807463
2230719496
11298420958
7807151371
3839233593
1965323724
18410526718
10204832701
6130969649
8825264323
10909071139
2256897597
2635078501
1026792882
18233170812
20261462584
384510878
5226621037
16144002634
973312143
10175356705
13175931202
14899576174
15313984684
12978913484
15880116252
834250203
4323004076
531230576
4016433520
1547848848
228186046
7290182404
2251443463
6726176481
16625821701
16349715398
488040147
3434229321
422500813
1940675753
14555077337
1075864920
4160339227
19076688675
1802877162
1272362360
2874724896
13864734539
7609267671
6556662980
14351822039
5060991589
19299438637
21980870496
4667644699
2539138887
126016938
1347749135
4287083988
6649402809
1087201848
13284199609
8029907486
5956995417
15617023869
3170258967
5010681581
2157093671
2439125686
9060760345
10637465728
11484135537
5085621891
4858691675
16175288556
11724829794
4980599796
22718752864
9942682643
2378194127
4671944918
863545886
8391896627
14590365154
718773884
7268957415
2406611240
11970610631
6275099694
7600600121
6097488703
19244732968
414431762
15870100194
2490568558
5960581840
5257834301
15533613728
1786112860
2420767642
1876557512
11375711603
8782458981
18936029187
5244227322
3535171153
12643191588
3536825572
6398840545
22675968700
2325848777
5985799831
970267508
595999415
6934666585
21433042237
4002974899
3388379098
5698887093
11323763942
3841082745
23034882127
19076179614
16986430595
5827023937
691155487
14136203582
7205669404
1977156916
10052206394
7139606621
14011927734
15352732808
8868913350
4546146126
17886319063
3494176262
11360102560
8700323109
2727579255
8982575853
11106169246
12487412225
8787740434
9288595953
15573981136
20217785787
12440392984
6292619377
11238746939
336933848
7594448087
8460486887
6973629361
2082910736
18229094340
5719733229
17378529931
7607178865
8160792744
70804226
7875291044
12466696531
2727090253
3618897628
18935198304
10733199474
16906242366
20777356124
12309892888
5838130065
14973280254
6412588142
12666840903
1865167154
7106190130
16492246685
1966685376
5897553715
14379802567
842602611
8076093001
14341915518
13714915827
13667905647
9736094811
1428133597
18023534202
17987612589
2478346790
1535075296
20247046368
5337547026
5762706170
7551596389
22003326200
6183620389
2347390928
23260629775
1250973757
5794899611
2149204014
7405399071
7196669422
2508486660
1258168303
5605191483
13526010980
1426533183
3422589836
12847120502
2378061358
5421258647
18383986728
13885762133
7341202269
11446135862
2383986910
2926332478
13679642347
19271162279
7874200706
22899116182
8511363735
16715320327
3618783395
7660476490
18764148823
6584332788
2976102492
7628341909
11787331148
14974523577
22619786776
20468364279
5323583018
19784863370
3274489397
14408268666
7866299086
4214218639
8935235707
8205807886
5319713209
1813771264
2211051775
1650993772
5817487357
10828022714
3248210454
7735501501
11189414593
4850231384
12584713717
18900030018
6965211029
14745922891
7090906954
19340585893
14149251422
2965513665
549727735
1935443888
11553264602
5048493844
10929018429
15087695107
15665921928
14589249664
17423583258
9635543980
9577971656
4682501076
8657263780
16789394281
7429797890
3475334890
16372530998
7499991501
18734453777
16647572698
8640335562
373668110
5772757451
8270063216
3229258535
3336998851
7017077016
11956322850
11842063299
10451206042
2673211469
6304921638
7517428101
9263813097
10331795878
11440499398
8987608340
8968251403
4089130091
13606038174
5512079240
11161482885
1362444869
4485695334
4797517899
2383758067
8769639221
11238252218
1553116104
5371370737
1156983770
2900521009
9546933381
19275606878
20753687979
589750478
681831580
7968850829
18365790476
1843115638
4373396009
12692746468
3881546503
4004748678
4576316551
20170005012
12680612819
11112353022
9489894796
1110592210
6074586976
6682104136
12389384392
3814315253
2469190255
203656299
725645239
9540687331
8170523204
12297578805
10194628422
7611218658
2739941612
4974110677
7268584675
5706685712
7711548808
20189112842
1904225058
21212237075
396531928
541209448
7382491412
9769857099
5670870268
2919394544
4994773655
698057940
8339360333
2764313963
600908176
5661468592
13062156437
8056583402
5935183002
738196617
3758625610
2425479883
3500802505
15483286606
16399914919
284467951
8428060231
6899279392
7848588318
14471583243
18819021864
19647136806
12816964399
6571824706
9543291864
12015936644
3968672413
1295409653
3096477268
3355279660
19142979962
2095041947
2472811889
7532571403
5987840269
5139446081
13610718358
812893368
10368905139
219452832
12202660744
8985339931
7385354261
9930170557
3964782453
214469043
5445043503
3109565040
22369267476
1590622589
9278264236
6407172530
5954337659
22522396714
601676277
7452002247
8919043850
640894240
1747451986
12650158394
8826387729
12032713183
3925242761
7207919082
595939525
6078430072
7079924614
11715042494
2453043328
192893590
3014462146
3968832147
12334931425
1237044744
10697257191
4496858750
3553892694
16241396297
17482330058
7833509391
12546616317
11114790363
12690826800
5550335511
4039502643
7016983885
8974569057
22746439347
12338547317
70203636
19104437790
1216537284
1865610869
8229153765
4740488782
8598707646
10932213284
322611144
1202707629
3873361278
15908363508
2108993132
11172275336
11455761134
1506546292
4506567999
13221367177
6083010993
11120711069
417865446
622099170
13949017061
18933035213
13361421268
11167187687
8218161435
12738768987
3541263855
13455729621
9559402870
6547928169
14605289787
17093806568
1908871791
17483629721
2341899471
1582724021
2757292930
10911852799
16909003379
2802597319
972752389
17298169650
2361302093
12357072362
1330681238
12811612904
3958486575
3423092388
8453402440
6695575140
1506455045
4519804532
5929888555
11041831912
1165953584
16412262749
3062457080
13999947430
7232383872
18083064781
7328781776
20339103508
13135024835
12624817388
3498777506
1914542575
2781961057
3699999915
19767109789
3488823834
2860211835
5125486790
7346296492
6767388638
5667201320
258072468
12991991931
38673269
10752687634
20907071405
16822554171
10694364958
11239203472
12602710377
4361037293
7271075332
7130256792
8567987564
892910297
5353165250
5959122804
14423222200
20099207232
10514771763
9338727763
4641703476
5983544203
6717018483
3589602562
3871072444
5236058828
7388347314
20576898217
7218352172
2183501121
3696771735
6389621133
4052562231
9587368073
4586169234
2648245329
2405392559
17068173524
604373964
9606704103
2460174838
3796446146
4452817002
10319226468
2435175518
4620046634
4662893347
8034031482
17823425115
3252544960
14965898386
14699073151
18840886185
2091276883
4039126995
13813756829
2568789753
19253023312
6578002779
17197221796
18331469783
8779931829
23281462744
1860873470
15061462423
10840443112
8213293146
4405505753
11416186695
16786070290
6075606921
3906751394
8138411363
4368708756
3179577987
3247066660
8275275288
14588041580
5745061331
12672390515
4578700463
3077537940
701409514
8041631068
14410704265
394437757
14713683832
5953648171
8501850343
14555446313
1148617621
11979619756
16979715338
1364503720
14939874917
15082152454
10945423403
16615379332
10604830037
22285219735
4130211036
9813070928
2235989799
14726999262
1042568897
1223638589
1594225155
1598919018
3654087934
6858225384
12271164790
8433955147
11829094688
2029825047
1212040201
6598104493
14248300273
11312181234
11526751261
24179926918
3420161382
2633480548
381308336
13932706579
10225570870
9569153761
17501098452
4022198330
9482697259
17250952080
9092446146
5432672188
971320431
6349198388
17863719725
12125070688
10300755991
6818891739
2269494861
23081200153
18565652239
1737950285
16450376151
16906102279
7105198572
11070623908
10996975011
10502638367
10856916828
12156157773
6697708650
22146215334
16904319441
2457543381
11666852292
11465602700
15984772404
7495393124
10479687265
2147921444
11702791410
13583939935
16433486759
8393425483
13568291741
10121754542
6889657961
8044250449
8251707260
6907219105
7233178408
12388320611
9686833961
4575775046
5533911973
5980774015
250694547
4085197735
4376907576
11516717091
16431579973
9421367582
5595095420
21229916991
12315694959
21403176325
14953184824
8226264802
15787779299
15686824539
12007443394
7111754828
9565671321
20659455708
901616642
10564299120
3477973196
14456232939
1481073197
4853932220
12931535359
16522936781
11972036048
18770910498
8522258009
4111838250
968526375
11785970298
11027247776
13554827250
11162035178
18513004685
5272475977
17831324904
4267055315
3440173809
382964273
1261293792
1213077033
33651479
7454807371
2526916477
7687983544
17277395536
626690819
15031043292
11267761148
342846051
15947037477
1910581446
3769362023
1898290125
15883007444
4438535343
2636089937
13639548529
17662934383
598766001
12308430
4325872275
1740911118
5529756068
3145964219
737271284
14221507462
12816575116
19433325241
12855066654
14752083272
15498553967
21053909341
23105545245
19707799133
18539167142
10350547953
3957174798
2143756365
5499308967
6683977825
3878297993
2068913559
14496844213
6762615851
18858925220
16867559725
42804308
1123650600
8740666022
4535712568
8308646640
12981153376
4643547959
6913185298
12713677
3414191185
3168792268
20346100490
1732181054
1031097531
3194943749
6682317018
1485777762
4320977142
14967211633
1310072481
2906436036
12947964309
2075260449
17868882270
7605116392
4380046845
3546187118
9388642873
5601473833
2908124397
2715114678
22678952712
5729099714
22504144909
13986102302
755942533
2014724540
8143443505
8936472838
13200735540
995264651
11099252657
7067418974
2249823465
10613650356
13488489511
4109066189
5662240022
11926379097
17735212225
19962305292
5200816291
11786742542
297917031
4369891362
14039628817
7572886638
13882538602
2749790950
4751020326
9257799463
1838416501
2661451684
3113721334
1908927835
15961497548
5097395718
3319049157
7887626080
6162987805
2382293052
6598097371
11378736372
5454215810
1810337622
18038802573
1385463240
1618273716
3558349354
925133833
16965558430
5369849520
17540736471
1148082219
9761395650
308819169
2499532696
1448553594
4820918244
14438189076
2451887555
2316993415
14504629906
5906001079
788487063
3306903259
4396776143
1752800691
17798012387
17461044983
1357502236
1965118984
12709718505
9048784508
260379446
19284851482
16578437028
122979522
1447476761
18696802720
3805609469
2915877248
13472011475
18816711881
21045298954
16281807273
6297596291
11537850075
2629733315
12056912914
20034487046
13735031302
6494353284
21372414876
7229519092
2053836882
19244274859
22002916164
8934654426
11572921814
4080183179
10305955650
373054048
8476115807
18735653224
2143384971
13801836885
1898536715
893287222
22213615069
13983862288
7084304047
15340645087
5510826030
3642899305
3259045680
8758863133
754782444
22615891809
11356364986
2512131056
1152784283
5632523872
6135386369
15110670407
8995873886
9680785966
8026840366
10962026983
10952266431
18929491960
4853175682
15425610390
19026951947
5848135711
6749630369
626523001
12809809005
5299951663
13414193420
10446703029
13200156860
18774776935
19594131783
10086279580
100390002
15019782771
14706461707
1335167451
19108426988
21820835009
5266528598
1468515242
7965366681
3956164400
3351393485
9329656900
9605473776
3691779392
4929737392
4137061245
9461156059
21238424129
3526034190
12838935111
2206220759
11567487405
11116138521
17602192150
1130093095
7882561499
4914064380
12460903098
5716823152
13771741450
9530412905
11985531406
22803913353
14419788184
12788010707
114128794
15800698690
11745264442
17305974388
2050873805
9792157229
13021184555
1417343732
10340514698
14489306782
10156806540
8803824211
20584100456
7708713237
2495635363
12058891254
6792210546
1765134682
13588450074
1682368885
12867236467
2621869387
2115948198
1718220624
1745946410
10272486919
1103157582
3842470862
19149770357
15752525369
15685747464
19873789315
8625324951
7792008585
11123643001
6045592454
3124270175
7848384419
982339798
664489519
17412723
22297084801
2676928877
4101648710
13899425944
9982235300
7849445812
11147363025
980944741
11212016261
12787424561
2932716545
12988565957
7132988152
8064575967
6347445537
16018188251
1748330608
4543477182
9787572871
3086806185
4564412453
3662194698
11409137727
3120724257
3921297137
13487435676
8446399859
9966266095
7334637010
8875630906
539177344
8496884902
15708953604
8929593210
8738927796
763068613
15565883093
15629982495
5168297905
10353300369
12258259235
5423813407
8781652165
8453519294
11682827071
2277167454
5685451272
4618662637
15086442331
8691782697
3336206162
2818438283
20269623461
16431213631
9310332412
17317536094
11322244427
2874517471
7993425637
10857586542
22112425829
6803598592
9169761734
1782671806
14520282858
15878947593
20531770282
19203679485
6508115714
10596613553
13493468508
808432924
2027244309
1790208138
15386829215
4643419402
12430055383
10208207758
1408631162
12435094692
15436069610
8108689420
5254246504
15072974911
2360679988
23921380049
6522784459
8130716289
5762415532
22064677179
1793631998
4175900391
1841654964
18593389471
12617046272
781333942
20227981832
5202669169
12629951301
12691301042
9328452682
17798123309
2102813222
9873881544
6812256239
3680389218
9460275684
1830871863
8307041954
12454211141
6424041334
6045822340
10990242195
13850261058
10725177493
14317549562
1612940048
4504511552
12882846637
1652487609
12452871341
8631586481
16617544754
16001586987
6381408864
1021502177
11026733619
2392545091
4179314996
6812256765
1351512629
15046532323
4522427793
1170239982
15298310479
384444993
9595833786
13486710832
17598611047
16535891220
20605661106
246786296
912279661
4992439222
20784940266
10058457200
2304394156
3814058528
7687459265
8701622049
338615978
13853840142
9891756966
1519067834
10302962629
3721388395
9824873694
17631498601
5975063126
11098586398
695882713
10004281955
18585985629
3147430569
7211574142
5935730432
11977183709
3711687554
16222185988
2904620516
1749533330
10802321774
16905585590
12879956109
1829746708
17368340551
12000499310
5301391758
14039264027
10392739642
2055923071
9538258684
11709574961
12556992907
9966670373
2778090659
16680409126
6833657437
9159229580
15909467505
20312311868
3303204435
41816100
11079912341
4313889666
4000134251
73776767
950791544
18162053863
20334783372
1438996795
18315825857
86071021
12603957195
2232542443
16088315449
349134166
4934604664
8101950232
7583650074
1147734378
10024622009
5208536564
6388260299
16697416231
17624010277
3263570546
471325101
7030935083
4922689175
6385787564
2811444932
1458028985
14258532970
11231757121
2588341494
6404927417
3563488908
11870742578
13943448938
7841774856
1211517182
2337525769
4921521786
18433732578
10732746220
13673868990
9203016386
2476185047
19426748264
2181933474
5193594435
2776858943
7743936009
10109208204
13594914144
877390898
5688455359
807801447
14640528630
19998309681
19045393418
11655170875
7746721110
2187677631
8102405059
12045535602
7239915076
6432680344
20011880472
4099256048
14568934334
2592659983
6515909748
10364519223
12134522039
22780815390
11050382496
7123296838
18682078564
142235521
22069359933
6536972367
11178786140
9476758841
1103837218
934329388
4809127063
1475071375
1769263597
13316348065
19314782543
5533417651
4451533570
22205338689
2440086736
12683918800
3103272905
5224576555
4936966249
13172359259
5441859267
6458060727
16906506
15337375179
4393990020
9715418682
23983743519
16274272374
883984139
8284662946
1255690589
7744819413
4652941869
12091152168
13557137428
3452843916
2869058341
4215487052
11475550655
14442163734
16930305749
9120451641
12062390895
9576620487
4453591872
10991642217
7047329262
16255166929
12107393976
3408153838
15145300204
6910467329
3933759602
3786792665
4868014262
15121723610
10270884281
4089802369
8839757846
1670863228
8014844062
8426148165
11394691405
3138505725
8148686976
3753683241
13465770823
8785235794
13793618131
7696267009
7961505719
11804720217
4261563999
35984356
6693244122
6517457153
10476275381
18836737119
9071393162
12343819710
13674945063
23291714011
5793975286
5261887871
12079682551
6201627815
894108490
6044021599
9821137419
14288389532
7928445208
3202426626
12515438515
5031296901
551177930
9400999986
6453499245
15783791903
5062918592
16221677340
7409250669
8196562202
13864474251
6110361840
16821888237
7801979968
9205888826
15662765379
311574718
11600104693
826537028
20662360127
4704705966
2995348014
14111880552
1361060705
9907882743
2239596412
12764737658
4263460334
10432060582
16743374687
18729187484
4267231656
3982084402
10802329004
3015131706
2408094699
10941917690
7761062953
11351413343
12274624543
9088218336
2595479034
2013272682
14579286041
4421880910
6527178716
2865899475
2986758586
9062178089
2888916398
2276724550
4282620564
3433304928
2236748313
5884970101
14965875918
1166588450
2335824483
1988324008
10070066515
11778492828
18116861839
8467759230
287091148
16689641769
8117946492
13899479436
5113908936
7359628053
235641927
4522855017
7371046249
130536281
2852538933
13414311031
1051190734
6124182048
12186116050
10978574075
15184020054
2293743358
4594589633
1851247729
9093915129
1762516790
7166828518
5224479306
5759373442
21281131224
4247272674
8262543945
430825145
9285992961
414986955
3110136118
2544892896
12978158293
1910545875
12140268001
3976313685
14875748097
5594225138
21837820528
6302448183
19430049004
5712513084
7522429785
5272498916
1001867289
4168443215
10516751799
714739157
13486681324
2164519723
16821453588
5892516057
2989413034
1390693728
9782032987
6298377797
11529425494
9455844930
5629316891
19829753711
3064788853
22692016699
5574455871
3420790003
5967185961
7874609726
464179425
4014469611
3719899967
18330248105
5869184533
5277168280
9811931945
3174646556
12779231824
11708442432
7262642671
8567304419
12857070823
1232092961
7480389810
3726890117
14758964521
6396825055
13271073074
3231855098
7081484400
1607135341
4618785274
3035724442
10383716921
8069038098
4759354624
984165334
11560197989
7797170484
16016330630
10821999243
7545191248
2749551291
6528146032
8392269878
16662063508
15565285152
4436602426
2858914336
5910694014
253801457
6181816897
1448462624
6814864048
9618644553
9055884137
18405911034
10108910778
112715902
2276752568
601282408
5946409997
21883209354
329789327
1527829714
2680687355
21120638360
4235991567
8171991460
16704846392
2948595154
4287489628
19232452638
18694927047
2693619752
5683605917
9056145442
8657805220
7865419205
1737165251
2797528902
11817802148
3566919600
6377711420
6597922622
9235152832
1667369151
2243333576
8120480780
12946634133
6934524454
13699571861
13938490498
6216020786
2630991124
14982911702
8413772315
2837291675
9309362166
2125998597
12134008919
11170302998
4743892061
6867017332
9681263735
9582372924
14515662116
8568031864
21469374622
237562847
7948224705
20840329603
9471634321
316989195
16249022468
2618147197
2759787697
1496049852
1559286557
8395288318
13442594507
6813534474
5681043088
7605414899
4303897109
16609420726
5381993449
8751098102
13241275278
793057835
4696841748
4318730215
8539653198
4703224441
1141916820
771461501
17632014795
4997382722
5810844679
16840969738
18438622535
8837955506
14564308762
414444518
473276173
12325428371
14009376004
369571479
18490377667
5942611799
1640960434
7322525390
3520324493
18724423779
444024151
9384927050
18115169430
4348435537
8920437153
2423646491
213548450
8256998927
4285330470
493817793
13717641421
13174135472
18767913614
6471809041
11258404352
18690222087
24356656094
3533448848
6234160172
22180492100
5450450539
18986657028
6993625715
13340704017
1094294268
14977652931
16218498681
10840639452
2913990692
6325596073
2880428498
23482895871
10974644235
8045912115
853532119
766057901
20698070631
12590941986
10291081832
3053502897
17058122965
13522445992
8333344399
348431815
3158496907
8771596122
13321604164
5821360353
3969016272
15847239453
18299188821
22904043470
7985955560
3699368987
9619284706
18906124628
17471035503
12110851472
17654702259
4844329454
4119091060
19703455101
16691871186
2475752581
20023301289
4487466866
12646699602
5161943367
17276849331
5122626901
5290122979
15438747205
20575447299
10831351065
7717446728
12682325268
2235550834
7292565111
12140537403
4471689152
17540812797
12679583589
19143197471
21239820734
6797686685
6313001498
5679991435
12136415044
2931673985
12114968339
5899229894
10669063661
3709560644
16891177038
3922310495
22002240312
14925656785
7693197554
9407091803
2573072552
6315046669
1254721640
4614396106
3949636350
2190820225
1877913496
2408974487
8366923442
2267244565
534377062
12876751203
568281979
8154615211
12316637095
15914229456
9062828131
2197906443
19218567270
7260532154
8381231980
9492403619
5699623103
8635928652
6232541674
8892935528
2861346683
5208999441
6230652300
939216159
243130917
2600813705
7238515991
7284284644
15999371605
2149714702
613109431
10738530631
11845428778
8384506014
3461111950
10393412558
7699450552
17490275301
7498001464
4637712474
238742489
573310737
11615167160
5096203411
168941084
9601180267
13266065492
7675965160
3030869990
2053626876
9584463100
11033159471
9158085146
10424458321
14127695266
16423649421
5578820159
16746772269
6522606495
1350644613
23596529
6202558122
9830447457
976759732
9335674349
6028139760
11664675411
2359432295
8725747257
9450794235
3831222930
2256632154
5623577680
8935495172
997865534
13348826087
6961501751
18437744655
5812834595
6391739791
17194636560
13941105316
15298848955
8262443117
5591220097
1173898978
21387233801
3058489255
12792955804
15762738259
16564727904
8205825407
12814915093
1289985604
8311370739
734260582
5065335428
2554531869
9958557250
10425028440
8145085276
5342532713
18333216080
5013277432
11222678923
6523346182
294248553
16647032703
21034539647
16126026341
1005657032
4782873569
7024944418
7366195532
5844884490
1274656823
1907710147
10354426311
22070025580
9260648832
18384367027
2583934123
1564679588
6817470977
4995190869
113609903
69737670
6732770866
4389819682
3391718183
9515985485
13185836447
324541529
7264176201
11945779736
1322406725
5133056163
16393946995
2238709741
4320436035
13181655656
11300229805
9790766258
14616280358
7467069536
6631775532
13324287306
6163503009
12178376814
2777859300
345550297
21861282437
1133639165
549228569
1055428982
2388439464
13214129423
4885150692
17098884405
859049796
11975818655
12536427238
4171992067
3330771629
2446154540
13286581344
10320307487
1284535168
13325941797
8478781
10906535345
1503869181
17671851491
5101364553
376387635
11001195288
7023949
3681428783
10878608286
15451317333
17860382249
5308076789
6211599408
12118072117
14031216239
8307154025
3749591208
12839384710
6566329645
21731108425
17330129226
11720994049
16995907811
10006491803
6283931054
2487335219
2911264566
19587582163
13455938
6307991318
5394744363
3573709610
10876326053
6258184855
3351968856
10405719172
9271843946
7898803871
4311771219
3922860755
4391618058
1907835076
10435498905
1253311333
6225688584
23379667150
6150862996
5632179822
17604188571
2881803291
12616580904
8484636150
1857425439
2811179925
9113852994
1898989226
3242817390
10937803099
10059280966
2217564172
18726169270
8554897370
15227745979
1667588899
7141608327
86790883
5112554788
13572535917
11689331058
3482237797
17444611306
48857637
6306240256
22258616672
9887194608
14511541096
13503251137
13284752517
10019316041
2620943076
8105682126
5403975271
9686352217
8973007116
3886769625
4322857528
11279778804
13349054973
15926970851
979700066
16554230242
11978779446
8839626233
4269891551
736340080
6160261231
11349959991
879320447
74170931
1805730893
316408172
6407535072
1022829379
9864723775
8678750376
22375171285
1222330978
1238991799
11114579004
6487389033
55681599
7382977314
7042539171
3072422156
16240571483
2313802305
13454218843
6879456683
9660601011
14581887340
930573027
3006116732
4080283184
10547229355
2434192704
1597359513
785985189
2645696130
5040555274
3354107372
8711394246
14907172539
12802247611
4723767451
7088509600
8095941745
15883665813
6676137950
111059945
2076566997
6004473474
11100721966
928841118
10092932509
1736645761
1789529105
16127644358
15801392788
8437454845
20436221244
11209600381
13775228583
7129995203
14918056410
11742619100
494921626
9217824618
7919805568
8912426744
14111234560
8598653987
1381154970
14289075888
3463341296
1319233468
13940162094
13556865808
12476184149
18036346889
3455027088
806540243
5902681650
9716984029
7410768870
2612383625
6334985606
7006205718
14464513486
7954380715
2328572625
19759485217
3678957746
10688880576
7868606889
9540148045
5456656646
13630785832
4324390507
7713853139
20321939885
4588264724
12942571861
4151075915
15417050104
6395374133
11255086626
6717648891
6658901307
14175015935
13806626741
13852707904
254686673
4812394175
2325116220
14588810479
19059974900
3082848232
8948091480
3528738617
1790329262
6118709036
1330247266
14877719119
1929109220
3802656423
8153347409
6193622467
4901992412
12421382142
12138027239
6220407480
6948720225
6002904002
7588140150
6185246187
2682480099
3567881479
7510734360
2966824366
5123756238
1910936791
10998401558
13118884435
18214124741
7407284272
3530536597
1963614745
1458385860
11766895445
3842346162
1556504703
8630671596
1534898690
2349271511
3333507404
7884514605
6900990472
9870864581
14926424478
9914297316
12203533250
6672751028
17213411749
3938277432
9874203039
18590699061
2748315816
4018974261
16883747120
12079733451
132433917
10429282302
4696916431
2151356699
2629557941
1709075098
3308570078
4679145004
6384055177
9730767815
9044472685
20733034389
16972516316
1102923750
8259967965
4057889539
13250040108
15973111962
5279008362
4215124383
1273119102
494639484
11802741759
11946505009
1822795983
13649415734
3626827817
7436660467
6843008506
3348157781
1738257521
8646414631
4552937385
6453376819
1307490138
5828619695
5710363782
5201204917
709948455
15861049999
14919548794
4858832585
3511797456
12010266678
5362186216
18738501820
23280870097
18987508374
656487387
11635650933
7404898620
5935274156
6511391568
15815968479
10750489425
4030389307
12369760985
20239664427
22790380457
3453341877
6614950448
12535192928
14790124797
6938862028
5014586568
6209700587
3652008958
923003434
5066979962
1103370608
4712985088
648340355
912501196
4909530207
3163036882
5535311424
8126146655
3890091849
1723634814
5880488735
9495770781
8532714686
10247546230
5220993054
7006944684
18951540519
7731385027
9662487259
1123600373
12586122135
16924290693
21113796741
14404333663
5159809212
4991362390
5841502084
21177677910
7383771774
4588315297
6117319565
503086235
3235152022
5867184067
12538528747
17096975479
15484675359
10121321235
6869161099
6391484816
1667972927
3863267654
1851582964
4912518089
5379008581
10874313364
14328877005
9912821957
19510525617
8656813642
8258137348
2101314366
6522182448
16178255421
5857862900
6134572282
1684891672
8890740608
312262502
509886929
7709656678
15232108894
9077803974
10675210535
6095710952
16630389315
17615368137
13713583998
3361296066
170940773
6884483712
7223371551
7664259720
2072318279
23483025456
1531316212
6552242389
11076669778
9080754109
6113363873
6685662803
15800170564
4823532360
5877039926
867639393
1444711105
15343900201
1841113096
20895376958
12941019781
12788431325
6733389506
13345036141
7798734392
5051898654
6293256248
18255306083
1454788029
1058611379
1547589464
870558168
7080807485
3573137210
11342795167
1289938056
18954608196
2668678888
2166033924
13926431240
7722002474
3748626834
4831656680
5116188719
1959082162
873946152
897475944
16946434335
734091744
10917202878
12022283799
18871365102
5810560622
10956685296
17914536879
9853069149
3434976057
12459851459
19023543816
3018505630
2814451492
1861426651
6869768261
7297324190
8882883302
3717540434
1291804660
13753534969
21150232298
3621100992
4229185488
2446539601
296491787
5291754769
10356592960
7459743889
12136072769
7080684827
920388298
9341392029
10544814626
7004664015
10495921418
10247791728
10874662870
5468495534
18855154096
15560342061
1321640031
3128562911
4216687931
8950552001
80411416
16567074591
11021468250
3191602377
77045478
2735731474
3305152336
688353586
22983562507
4215190845
16774079910
3185547252
13495749745
3390960382
14353914267
6749069407
12836864055
7603050363
8364880784
17491094682
1084131599
6081467538
6185924722
2652072529
2375785041
5622127435
541478873
18477854319
2202229653
22332317614
4967563002
21648927786
4346653529
1179200990
2540589282
2769958002
6861719726
110405501
1825535154
15610567809
12857390544
7355383193
2725875083
17930849331
635852968
4833294374
4885431511
20347727190
7388106674
8447240194
10929248757
19483014813
3981026216
7118777816
10588179134
7524829845
12850453878
1621887918
3261814146
6869527016
6890115979
17755822527
11674881784
12134211739
861941426
14907743751
366033594
2968980522
16147038442
19409520743
7779939566
9801397273
14047215622
15052706761
5272291279
12488426003
15620076776
1873819276
12854781150
4353665701
8919967231
9687072045
3539089762
1594487539
10945624679
3801224581
19425364615
20944671158
7720640705
6136677508
7547458654
2117742559
17752718705
4732405808
7107569015
10083347970
2347650661
7934680128
15593357112
8998672956
3803804562
5977390254
20505473861
21557175341
2629163741
17276015141
3315627332
872388449
9444962027
4900170998
4501295763
5275087629
2983414933
6589471534
79658345
21688104869
11413087076
4254724911
13676738664
7205450969
11668712079
14215235432
143670062
7052950401
14890042972
2075066849
3625138554
6868253318
17168508213
1587241613
2979442929
5066219438
17704269553
10469912413
5999048724
10534943542
4418870880
10720924567
1757498193
7122221433
1465112560
6215991222
10304693754
8708693616
16669264176
8581051939
2271472373
10201545591
41496645
5454654404
4182775813
1906830810
7326908212
1687748411
12926093903
12135448447
2027680572
5108944401
5790935506
8875685757
4585617826
10720259565
20470888753
521813424
1353738799
2958255272
8270750228
7014015062
5793778281
16991796781
16317512614
13200247311
1437611953
13592857846
10389330982
3429755669
9362749984
8476854217
40333235
17451435589
4104489936
1651901062
13711447035
8371363680
5237582173
8288524213
5852674978
3944307915
13852263250
16199443214
3532875590
3384317165
9097343232
5495492756
4083552623
11745566760
22109845888
19132112795
19612707155
4746379353
14911095920
5805698011
2398740423
3469621764
7556494969
6141765626
617740095
11258890744
12789614496
5836730123
12023015698
1392804025
8121893781
765406922
13643959940
6547052077
11246053124
14083864020
3274517042
9845373982
18601522213
6331827825
14312782342
12670358360
6419663648
10486886198
250022924
12723155579
2099154115
22564575847
15324989670
13980282910
1635790206
7705797518
3637134935
3216395105
16661578233
10191969950
3261598182
15229809144
611178614
16668302849
564227234
2582609638
7237574199
1236074751
6151810263
3535764723
19896901848
2999723761
3111272656
5203254484
6595970850
3646762001
4241470875
5763480418
19757089148
7521381124
289591931
205195381
9543796490
8682488697
14135881857
1732578608
10571037982
7105639184
14943733379
8877603688
12520907670
7384356317
11607100785
14556508124
1920304256
1599335618
1449921432
4470226592
5387844228
11482109619
17358852356
5755107697
1369534059
6652273628
18447340619
88115507
1864404475
7778186543
14747918196
189742164
2624178237
16900292412
4296126407
20003892440
3996213869
5164745093
9513806746
8600496471
4908525207
5261086431
5150168164
6101310370
5120299104
10917417193
511645242
1029987858
20149657794
9885243626
6515366053
15821193456
13803610156
5924415057
11640524789
17447188215
7666368605
15198139133
10495723390
4202502305
5306970889
1150464903
1765973440
6129558700
3545304828
11567128201
18462692105
1220050126
2487951365
4751086013
8112537866
14568898691
20423877662
4057253658
3092206590
2130363731
13964525023
9759725945
1769036224
4679718465
6773457001
8295349210
3135854894
3974367139
1845424928
2102815348
23840432612
5986303719
352843058
13651006534
3404480386
15636721979
4321837188
18466399345
11656058337
21789672210
11583659325
1162146288
5135191431
8784815009
15291384082
22095449701
14535214059
6696513255
1550913575
13634969965
12254868889
5079648572
9604610478
20323479976
4085616924
13581644017
9140748136
14130830423
9462192353
19199666935
8152977574
5303295706
14366878515
8492941263
111400391
3648281076
6810084759
12760975597
11743642062
9899948392
6282810134
975369794
3823048767
11562583749
15172432606
11229903148
6536418351
15315662960
3992789689
3567346011
6930054063
15184312622
18346442001
9706536470
4132732697
7261407191
6627662523
2086394930
7884015679
13093064196
5547180147
8739141869
247999539
15032396291
1430008188
9727028808
9335390045
4422870377
2601764168
8584966560
13861841240
11909344013
16750059542
3284060518
951725339
7922362592
6461474264
15291860854
20837131414
5478006000
3452736276
11055276092
7188928531
13478409846
1216033348
354358286
5227260278
10486515430
10973697503
5260556412
16303590733
5363882722
5977737292
751002982
4612000841
7470613127
13824207052
205980161
8401279653
7172594894
7229871589
2924606890
6945408754
12920514138
6340033508
17399784619
7786067741
3304695090
3639208812
11366508990
4680762490
6444855114
1946197327
4547377950
13941190428
4938193115
5482674000
9121943217
4189163337
15573639484
9060369818
1984180281
8801605321
6037744765
702275792
16556807536
19666553211
14205171
15247903796
6053790232
4400416713
19646969689
4847379415
13430386266
862840972
13779679759
2877156564
612063313
20649171606
7450933618
3254417511
16579505819
3502139881
11752988659
5484903054
2048529413
2210385551
15216990331
17501743563
5924312266
10973758263
6662854383
15582199334
8073651972
10767670396
4268998664
502489875
10246997075
3386581170
2764039054
14869227807
19009636839
9867824173
531000578
14406442572
18247751869
5283902458
5803816106
10212304006
365615681
4944333640
4524538996
13021762
695771611
15021850349
13749617371
15991300373
825254502
18779370375
4577273773
4587831743
14414015413
21054037515
4497283280
8246283414
8557946877
8129536735
1483403479
11731179242
12312068132
533412329
14299179221
3633393331
9418022704
3626681117
1002304164
4618182263
5732886677
5470033082
18293306972
5694382916
10804118207
1746350781
5462496568
15558981226
6022691133
1786436608
15798353199
7251505864
5613415745
19775944316
12196251221
16669803015
2114794759
1370381121
1339318094
8623452854
912652280
3636918289
8665683365
21504414890
18376144859
14682823389
2432587799
7706668616
6105607640
2048650214
18500592688
20077745147
16990492036
284865429
6906844812
2158956885
5097269819
7600622510
2103033229
12727224605
12348241775
10013241095
18383224983
13999042491
1042358507
11583766012
15315104043
15670260047
6951805865
7135703375
7039661932
5836859229
18898111942
18947250591
3916953093
14570679697
433454257
4820605184
1066128642
6495760750
1453692797
10482823653
656019615
1584351664
14243212850
6741292751
3125494214
9763818941
340210831
22025954757
527236733
10661877602
11116930549
5533462116
2010379396
4608887276
1875748187
9006441263
1664677630
6293223167
3126969401
4239250665
5589867612
8094523079
7250535246
2342130827
13425962479
15361846854
5341205719
1074130752
7805845908
874612676
344213643
10127682708
3864194648
10155713580
2668936335
2083264178
14164484572
7608194317
2446854457
3974756036
2433441574
7048535426
2556930040
11725925123
8109135705
3609240894
1497187972
1439851121
19072610315
7321089553
15088875769
5298552143
9729438602
13569793035
13809738281
17270269824
3309493885
9866699069
940113144
12677357172
4840885131
698124719
9758385297
9201212539
5606546111
12445380559
6556850811
11260336361
20400706787
6516654100
708556726
3400903182
15389843026
18796351116
9223130575
14341544313
12667533349
12492530806
27049779
13670190702
179748920
4232616607
2915410105
8805611921
675874676
5643458989
9187216938
279384894
969137636
7756334832
13753891152
18385093446
6768340080
11873612334
328603151
36546952
3051557195
13943533100
7485284051
19211275877
909596229
12945487796
288355760
2211222745
8309924410
4579899865
24845196761
9599265379
492731507
8562002372
7572282731
15253719203
12855655864
6227512882
8443059949
9208081612
5052748353
9581136904
18381660524
10117161216
5822954717
7219402674
3900304954
1985463331
2012266114
7971271579
1152140560
2384733294
8121819746
10135960276
385012712
17200923161
8527111087
4330928722
6538341029
4268107474
13202587976
5154274996
12771231951
12706797537
1078356245
1705015916
12155051043
14436010996
7471919557
21560761776
1639200805
12622029884
8762486732
23275250912
9365868531
4122008651
10589500035
136056711
3867639838
13421864962
12173156750
5353644049
12135915856
16451092024
2825330137
8915191596
2283843475
1669785286
3699037000
13327468623
17862248785
135955699
10313811091
5442872948
3964634207
7056322505
10996761910
7677359428
9830484059
13153916990
16818763057
15452909493
4910487878
14310576378
6748621743
15977656494
14218090344
5382074899
1389814794
13468573259
16598135920
160890770
6204246586
2482985946
14904316586
6516836523
9034395005
13018108846
11664224975
616897782
3147572858
6839477001
1826410935
4093106044
7695885500
9107983046
5537198931
18147893337
136751076
11504962268
644942700
2013354345
20688345182
4614528826
13635704322
5093447262
2472707648
2199746144
403380304
4076434434
6347413180
19068786890
6589681974
2340526479
17751494249
14679480804
9066136039
2176679045
8925430906
17240839268
4380848
4047415355
1307294076
4758510408
7781159217
6847225485
9106953137
22181043387
3712276202
2060149429
5645548593
8595046258
10541565305
4355234471
8378968548
6598817131
10451319770
4758500733
4675504066
16002287622
13202520202
3307064557
344023904
1473678003
1168160664
5700059912
9908230038
3372120991
11734200660
9036915314
5962898638
3937338341
9476009592
6691103815
9803273801
10772973014
5761838871
21551398021
19462552561
4450606319
3246476641
779347319
20306044730
851170310
15831090192
9638362824
5254797489
11325504669
3056142422
310708460
12653618999
3956091626
11619726274
5504687695
16195813299
15371435468
1956625278
5451723549
7783112317
10055047932
17524358275
10711278089
18452170025
1341960062
5959834451
1499457251
1240494106
3121850807
13188315302
1153752271
2685167853
10681603628
645203384
4538607068
19775406556
1075067432
19363142102
13003291380
9285953800
16544552529
4326081025
10492346353
8777203977
1300718388
2402395438
18338865515
1142776371
5290376594
5145121567
4676544195
13194848679
5160047584
4981891908
7551010283
848461627
19355419006
12047597352
17072192062
4723026620
888373084
8273127831
1285014288
14844904812
17205582438
15235637582
4068470786
989900957
3755275561
8493701734
5619027213
2724798191
15569300978
8420452500
11419981298
121966468
10443571027
1501450686
5786946378
6995671579
8807870142
3548876081
5839374970
7903403991
120255716
15856633266
3293540231
9289237625
6853305875
292630876
4851257925
8380860658
6360035784
4077377445
14941582878
4775261547
12735696357
15456675853
9032426812
8347886453
3721254259
7829122398
7445503592
8234270731
19274905647
8578790109
6955340087
11571831857
8706752894
18039552442
16058631807
13695339658
10827718904
17628224980
14946259983
7638116467
11658370827
11435186959
4491444594
112352833
7338339706
8687248305
10784983422
5799500487
3633772383
5681613352
3998326209
4931836470
20160067165
644949945
11229959676
3446873988
12740575670
4608004403
19461656487
18350812662
4482022517
7451139240
9748153777
3332272956
12245371568
6146042654
7131241836
2128449303
8281648414
12467758810
21595884158
671965425
14517253945
7788277145
11782725143
2394032222
20788106115
23011003238
2001555905
5558440329
14618466305
10801508413
16663184905
809463392
1607594694
17276606306
20388779696
7579198543
3904164581
8134867080
2255198245
15519223232
17598143867
11822857909
8511861013
2271263273
6755405311
3288714814
3417393194
2471825500
2904781944
11739722535
4644726725
4955169530
3617036033
2820440291
7570971662
15991499321
18031170796
9381464932
8745610990
12148363681
6961411558
13708974380
7440200791
3098870408
9406200624
22153656699
3575321424
19141113638
16886827439
11441086087
9816129723
7478206390
2004695060
8320049517
13860248554
8126977183
23392879906
6923877909
10129119910
15582180611
13298755787
9796910842
3515194858
3348989568
5018816780
17002085533
1846324492
3511529914
4242127914
9851217026
1357344816
10193637064
12664294891
17098558901
16333122279
10811696220
2091288785
4136750912
10056134243
2214170066
21469987306
10585033662
3756455727
4878379956
9689866906
7571491658
14631055067
5726448810
10421323260
3336026194
10565501311
5437979578
4662425413
10206833353
7476875180
1120511556
17238507654
14240769667
8954923421
11068599418
23769156742
17345397840
14074133671
6616175711
9910831379
11730706658
1901003600
5647319582
5428246857
8927192890
13727164346
8963172638
7775298676
9789090354
17775314987
19075201220
745083076
5464435460
17369572121
8760607310
11282328225
6220391355
10414797488
14190400514
5952187737
4788104670
5743820273
21505977846
14775062213
1856676506
14873882108
14517326568
4963897130
2217516469
12094618277
4048081987
5402682558
721632572
6172100625
17935282328
10021373145
8857810640
151988857
1551630097
17126865091
13262106099
11400348616
4961015784
23557483620
8404617707
12775741731
11191103727
2782580016
15502913172
3464594150
9266490325
7329269919
9410550717
6806482781
10990102610
954957682
1574071380
7808113309
13217953740
2879130073
5799063919
330958084
2529856233
9982378739
3001986031
13073484065
142185322
13859383945
11268430056
10452550647
8007534918
16106785918
19428456527
4997219002
2727375797
6862495207
13111467136
8936687458
6975957991
3007447769
1243008935
4753544306
3647824402
2740746751
9501236565
6175098596
20503364494
7342561123
6487104877
2472494094
9557597600
2185745254
6705996377
8026998597
16963311032
12296300934
7283188187
2734938343
2805071173
7653129012
6829825795
16348061546
7430413289
7159105461
2800358803
2313225635
18002329285
6467206743
9104401803
641882586
4900908879
5924183057
10937556056
8039765074
14513011631
10413132520
50055117
7772379319
1908592782
3825044203
1641698970
7948910599
2825724076
2199849565
6708263984
21799107467
5981608929
5338553655
1910648688
5885578177
7022811596
13782477140
17092596954
8461183129
18116467298
472137753
8206477956
23825162761
18431570495
8975632887
1609826335
533092129
6617349188
4923233032
2119623588
13498405203
20388406885
4300374182
9640008934
15578166826
6128593685
4379614976
16800216358
963159778
6292467254
3619846886
3168250421
6883426039
10330282921
2289909230
14655257254
5329219748
8632107950
10740267306
5646102999
5850534243
14504351769
9611883699
15822159250
501170579
1562936891
16303331483
5800079478
2428046362
14697173488
4941937224
9677263224
10762624989
7618519096
9330559433
7661845427
167031938
11737998205
6403538412
5518177151
11348666569
2034936741
5846270573
11258119139
17940396312
3099660295
4097244008
7522241924
5686847117
7533497158
1248297127
12905241093
9517697292
11702824224
8957450602
4943102531
4629578508
3544167885
3500584945
4807384344
4150190772
11997825516
5392372830
174220553
19227675862
5255251670
8364604374
892141181
6760426948
8244891436
4149658945
1354546835
11987440942
5579229417
5662694161
998729659
12126686283
5441806034
15212349931
6703332497
7574385430
346641401
2395089015
3856398045
11854157834
8147344324
21331928160
9982393049
2903889393
9897268595
7265536334
7433337880
11224057940
1617460704
2305916687
15635624157
3638087238
18326557016
3849600321
8090642551
21919660801
21564970475
3055414717
16698001806
3871826903
2233380588
8236213714
14344154259
1546629591
20811257531
11893893615
8720985787
7938094105
1529964219
2398185076
8201730064
2422664866
10840228337
5259569662
22874765866
9431323795
4953106639
5606153160
19478071654
15310699835
22824891114
6182791074
12505472144
2271531076
455351630
13265768407
15968153480
12711074181
9998470625
11070970214
6012106075
9271577355
827445150
2305897054
7644761920
22154364988
2286044191
202392946
17562451186
7857427125
5599715539
19106599466
17738685925
6247300609
9788514377
231054206
7640046425
3507376854
6907971232
12654680004
1995835199
13001210566
14593554557
4745739785
3909853774
2583126376
7392209586
14667547502
4195977452
17067302486
4817708717
9054913014
17094563572
11567689277
8553529271
23797005392
1507168228
14081222714
15404601434
4564853670
15323821798
10890708848
3733516252
6992165148
14653578275
8670802056
8726355207
17810796440
7499390036
6563348998
5780140794
8536405504
13956678706
17564515995
8183270966
15051151918
2416872827
4817571768
14729620015
11752649536
13219865353
10077059535
15260091065
9368815540
4012950493
6197887007
1487579183
9230574995
1357875025
4545152955
21781427042
1609080806
1723782970
2551347494
7004401521
14470346839
5142438983
12862887679
8985430754
7267744439
3471489152
2210723263
22217854818
11294617177
1551303944
3216153499
12682326634
5492390262
2498385521
17928713977
14100895165
10008969575
5169190589
16313633396
2841261015
14388788951
4344598061
21466753599
20974372876
2089858960
12278811226
15387971039
5856178729
24509631703
12208722923
9096519351
775363802
12107677568
5701090864
2053988585
5668765365
15767299731
2671047056
6100185935
4505442241
8785272174
19400375916
17420502470
18227610641
5315058621
15853319489
4294481397
13644031520
4128788930
19436519856
3841549577
13314644421
1670957295
843241163
4503052064
17118428442
9146284700
10508085883
17435808638
8563022033
1598117910
10052491799
6674591476
7181473564
6191862289
294635859
4118548411
4320476543
1055576842
2719293780
14088552477
11650102738
1898974172
9761859215
6043753550
14044449282
5585154266
6675454446
914569272
1373726780
12541447979
14718191198
3157501255
6822531039
6194618747
3897505796
7778734589
10957292486
13501638109
1802317102
16993311024
8309363075
19674806709
16776121688
5111327836
9630470863
936103457
2984746237
9446264380
9165301744
22197124692
13150395199
1341163979
8293651944
1589384871
22045937622
5959557502
3934421325
13013181252
2293890454
16650552045
4666586371
5379948901
21042533068
10425735598
2638191679
12412983378
2934052099
1257111670
12780802124
9804786720
22903263375
10603798816
12337371262
6727513475
6635299824
1266313989
15087645542
1617727255
1283267855
5019605416
1232360220
17211661903
13930789663
1295416266
11655234541
7520044548
1735775813
11822483148
14639816034
8296558278
4321552538
1626673469
6189940786
2205566758
7862291250
245340921
8724075846
2838652388
15065865772
6309316740
2987059732
7459450220
5043073136
11840243680
7437819139
11859673734
7556946471
11108536508
9732308222
544402197
18712272012
3597706543
13819860278
19910642012
9487040662
7137576254
6846213370
21768260357
7325687341
669019067
4837854877
4144252476
4224045380
7849339471
896130634
10905232809
12734480862
12322605040
11673563780
15333689379
654133349
1693910791
259340388
5344128769
11137845273
3517508058
9662570176
13582033004
3655790934
4421642763
5973817832
13773698622
9549633526
1610239481
12869072685
7460442019
19162130905
2908526861
914502131
4908708282
6054031944
2404334437
16603109115
4299015796
16489119828
3201358382
4100353683
7637702637
8872814554
2207624237
4884549108
4114257069
3339503243
8500949362
3908255932
14665619059
15923515634
9948642990
8154834754
5542963830
5625372772
13306587634
3307434954
12700159709
5659963882
15015839114
11926265527
1563814670
5330406833
3358118232
4916574308
10244645666
9461577774
15207642423
1872282449
2953988672
7919069274
9174455454
6627095583
10530840458
7766116880
3157779740
6590253777
23695777935
2377334265
23321744264
11049491480
14030872515
7495215152
129777032
6658489911
6353196252
1838585718
12938665460
3682991620
20411998878
17412260248
2320983413
8482544921
9754885387
1430627816
16666914236
15159232512
10098848638
4926270860
1064334971
17333015524
129411177
6002512196
9197202935
12977891297
21795390334
2788609480
10760635269
8610741863
5484049026
11195053425
616712538
11984195620
10220807114
11634590725
2888543181
9383805728
9661864488
3103647385
6715942039
7725200166
9509131337
8138492149
9040480426
8548210329
2853889070
8696661343
2504132992
2661387304
10796889294
7044974762
84964573
6168397644
6136810185
3198755637
14226092263
14660516744
2556568196
21039284092
7087248602
8848264947
7514339516
4494982007
3895483403
4099632260
14046926039
10462201924
18723391410
605221148
20040298123
1192070060
2614484187
10085136733
11794184925
2324561943
19162061252
13736157602
13159774418
16384210521
10800362475
10417794773
18856548338
3628569362
12577155849
2334421585
619145144
17859428765
1904672814
8310510248
1036913846
21448425497
5680032979
198282853
10031087645
63202347
16102200348
4429928797
13243968427
15634169453
15046263772
12065991743
5673702574
3091510827
5206200380
1553125026
12816290528
6291336777
23875165
14453099315
7649979317
12177916140
5245437712
1380884439
13737062014
5760158040
20156216335
685277179
6700146411
13947845773
6510490085
12085276483
18560964
1855495567
1209662054
4813673685
24079436649
3708160241
8149700751
442132899
5665108694
6353734480
1988800656
10850409025
3669257814
142595819
13522658555
4668911616
4117587421
3700303741
4716999505
9437975552
3071318696
1182151091
2982075271
20297887495
4191201841
1440680885
13056071702
1517414264
13636529747
1511819188
16593155698
14013732961
20453594307
6022907135
9527508701
8327080859
4505282695
563764801
6511282325
5390774015
7405324956
13355790692
6801881231
1177411331
14723286539
2189282693
7392989712
8807986823
6901463956
3311520239
11982181741
4519544685
2869562583
6751032325
177837085
5157476707
13188542633
14585499068
6999132248
18975471029
6499724807
4798464793
2942680248
6031156827
7302820648
15397340154
5953789685
7261201864
17057997093
5833786424
579730962
20226927702
5747193537
9127803080
18250552792
2457467272
4802130463
13711915860
2149236147
7823112556
14252092550
9842011975
15093222515
14493683869
2360389506
1643575386
4738541826
17162021433
8159079865
177305414
610351873
17279445656
20430247201
16917041403
16285672289
17462652706
22111155192
93690706
79972814
17476247208
15695342738
610674555
18800953736
3699489770
10862261430
800492703
9252276220
2820641415
11756913404
14816804245
6259536713
14352449933
4800892015
8077238319
4886529658
7251263694
4723555225
7793918532
4640207659
13868098057
3303707881
3065567121
10736165628
11833914695
8658005006
8870152401
6550550786
382226939
4022630415
21780664244
2871166750
4758690722
18987779654
15779191794
2948479605
1505169013
10970439706
7745530198
2857194429
9279114956
5683345566
7339752098
9763954461
5387468901
1038591828
16908725914
6084881995
8633006048
4525048651
7429740847
18023673840
5273854170
16223889056
3318692930
3402329650
22626838297
4921883060
22003565600
5085607174
6620691134
17578517515
18254491765
595889409
2647590476
7086437137
4505740182
7390573025
6325521219
17204888344
17275645737
886952913
14947628921
4905291163
9602475346
17567543490
12322513589
13004072422
12489685875
16320397368
15914074935
7527547184
16532926837
10360276603
8360439481
1605026710
21806864700
3780789818
9290243952
5583186641
5303450103
3079012092
4153511251
12920310705
18492343572
3122452703
13649334148
5481282058
1281228438
10922296259
11116512762
6249371156
5253670144
9781389436
2355320082
2975282133
2671731338
6419488448
8557672775
4949429350
16058045660
3293278612
8000038454
24576448323
1298363257
15211861625
7957307088
9058665531
911672080
13048265772
8808382629
9852492645
2746445349
3528758926
10727075729
2741090703
1941936346
15954736251
13116549716
11383602418
8991997727
14267914368
6391247411
5690368202
12107949767
1141172915
7278754826
7868017016
18753950508
8297062261
10746102356
2579165137
18652524074
18268197719
9117686164
12437934465
22092492531
9688305927
7385490395
7404925761
2800578190
15013402033
13279775201
18205552896
3942937110
22672847204
2102228639
1309144983
10476464906
11653320177
15687927365
9950529340
5636753454
1702010372
1232558516
6959749292
7144689035
12137938484
72361267
10949151284
10629694337
22365689
18190962288
22800840852
6199894748
17010751353
6899542608
23429612794
9190097606
1271006033
13838328148
13018599765
10290644528
8060908657
1056640621
6098606876
23788506233
16216895801
244316888
6702990961
8716093583
15913639851
14352616045
9005545916
8023955427
18793522635
21759348161
3663878245
8171722925
10767993984
2895005682
6131249381
12145794813
19141821682
1365670745
13902458475
21435754582
3516396591
17471693825
10372760946
697840594
7446060074
12425953674
565868491
1896253441
1092651086
5437709759
6993307182
2381502921
9166992706
11419285372
4985273124
3143483907
2899004893
5134401016
3379811540
10410712515
4181686354
5624594382
21218619680
4633760731
10267202882
1495965418
683355130
14510621010
10668617173
1668908829
2256991471
2321436084
612104535
908257392
8025522305
14854544121
9263005747
7704050852
7913303714
14737879271
10770082080
5625078736
4398381602
5242213068
18888489920
8718876616
8915457312
258798794
8899003710
2416968389
14118493943
24326437128
7816783663
354705380
5792311950
10131253243
5586846789
6434456556
9788251739
16786734562
5338734600
4316707074
11514472157
8747204894
7998255192
934884013
17978823877
13267043822
288614510
19173119869
798489115
16789884390
2365748129
5855002012
15349526234
12301270730
3775317172
1461739028
10514994727
11165636102
377662324
16605159422
11950551821
1954435698
10715219608
4305542136
22283368530
17403921017
3200589434
3007916387
10871295414
7466851031
12740180803
1395847947
23541827460
2382690786
17011010718
9645563357
3582649852
4007627255
824149607
1526947701
21027083722
16395755695
931931488
4544542676
17512290131
4435263867
14109618070
8763733764
6960067166
4889392074
13183569937
4684017239
2646655499
4071340062
12385184735
2488500786
5553126337
7514405760
4851534750
8230800694
2552172969
4502502997
15233002440
4969559077
16568276622
14583473635
18491801387
8569056454
12810308346
2680148419
1824997592
10282416065
13055838123
2726479013
11763607492
7899912010
3666824217
15922698908
7778877942
8528608002
10580507974
6354504157
12050729892
19890693149
3019787148
15459232180
11353605609
15073614138
9748032765
16397253827
6391446182
14234114483
79759981
2723385090
20873863223
14363000738
7755317707
12015565077
6340677047
17768634518
10667904810
12576282421
6514296862
457009880
10583076122
17943664766
9549508195
18868255625
10919461194
10848907494
11372942705
18163791053
889480490
4226218637
18871980899
1656222816
672449390
1789713661
9357394165
11156205978
18344443754
16204265724
8037267918
21808733234
18167300158
4241379462
13221489786
1707042039
11851820707
2272219486
2650783002
23306803784
7640008421
147434605
8587838169
3483154507
3672069682
9767034821
6708207938
15467983604
13863989805
10963387350
11813992238
3104449618
7483137292
16036097416
8459828986
9174144577
20061919235
7824317258
12315493421
8942869467
3013826519
18391931
370602683
5366611074
15574134916
7229895518
6313389461
10372526002
4898177878
19461935031
596730411
8248039558
4597793937
11522019722
17967223135
11918391015
7307925046
1071144192
1394187961
8946275032
4377774420
5585502647
8608956234
12351755366
2785037669
5828111805
5185817156
282568841
8450108185
859568638
17403651387
5201832525
7651785432
1578485062
8695357123
3410996316
10662510164
4323242795
3465986806
4127363
967075442
8110902315
11329250033
5483359390
11784705857
6216056478
9516105306
9238522287
11524331218
14205810590
13787548780
5505139240
231030590
12122980110
18543711846
4648561768
5704253932
16631910380
17487958949
17590328709
2637416468
15406861344
209475292
14771614929
897718957
4137500576
20296040499
14817457540
1403118438
8892436189
10388423258
1117287918
13212609784
3028306594
14417319861
3565130131
474065234
20488628064
466251224
19405512609
18685818840
5311682687
1101610324
2552985770
18459463316
4324037146
13745977451
2077185127
4729708373
13128913737
19573116581
2283086177
9827826363
8024445842
1398015722
4406041992
3392303050
12697756973
7514798105
10914437246
14559401160
16771193892
13719984595
2101241959
8058058023
20806513292
7511152566
10152089968
5887798082
1629176335
9425954080
5096172187
716057632
6299588162
16755401651
6516576589
12438194759
10550111172
6656926166
11403634225
644333913
7576562651
12899139964
7295160142
7425178915
6616606083
16202377442
2078146611
5352096970
9161466617
1918922883
11975677616
14361346693
4822769654
18933971999
12312977826
3333318316
8135115246
19128632502
128708408
7993712210
15559154631
3148303990
4538964864
9076021119
6834972709
17050610114
11428658014
10254491133
4781537191
6617549972
8797637763
15407136972
2687898892
6144595220
11086892739
8763920835
2263988576
10909580833
4387162600
15576713518
15996019938
10073530947
8445323411
14683483219
3323834319
837924000
2911696754
17606937320
10939518803
13554322043
16590229281
8992132189
5544390789
17376756108
3882153969
21940423976
19640254146
13587548587
18702313199
3223241779
10302290766
20252058402
83545307
15404393691
15351360542
15445199153
7502792497
2101224939
4845685432
3022237202
6701446164
3818074742
11504609049
1107182066
7002388668
11658959004
4211735494
799213903
6956457046
5629312293
4559092439
7303105687
9705091188
4160675197
2267311239
8909999097
8393722379
2830486857
3270108596
5167735524
5905926796
15047584232
971030038
2931706039
583758919
7148796539
7603891771
919145348
16194539861
14194273984
6231035668
16829348679
5159900870
6421477044
5397542776
2363871178
18847550103
11130160909
8645587157
18098569138
16350189359
737317391
2640424000
990138788
4580275379
13122510269
2269369421
1786356172
12447245201
4807098851
10211032236
130200906
266227371
14321739290
548007482
11179491033
12089915332
8543921049
12472602619
337389103
9295518886
8483467196
10176130723
12792786858
11565598972
793973650
11417630626
18878907104
500293127
1682555223
660422017
8285427845
15472727673
2610344945
1845342316
3573356566
19271239361
5339079620
1977408733
11984844397
13886066776
10656284682
8193733240
7290677737
971058515
9894707453
8984772067
9967988423
19613576553
1639883273
370864284
17424025017
5196864086
8101274516
6350473157
3905876521
9245366928
15145667815
10149480252
1805986411
5037855695
15180506043
14705138464
4204102761
982399133
15798131271
3300680765
9293286432
19885205895
2033310560
7212597167
11242441807
492634199
18680559047
23682977041
1260700502
1838657202
13442764903
5698094004
14211541808
15256327586
78548817
17196298851
2387808329
1278918528
2110669579
6532348711
3011611329
5910404975
11853863661
19518633743
10464257867
2224702467
1926030465
12661155328
5009066591
588218136
2703993302
14080564888
685818160
6172266806
17744375745
21053372388
15262000938
5943076747
2891717138
14474794285
6754927767
3045118111
1923959989
18020080634
1595528240
12186941098
2871997537
2341040818
8100426461
10517474488
6707763065
12990036465
3265276595
1711335763
10337593225
9550403969
1625464205
20547816451
19390874701
10542328011
425068802
7404160295
5752382624
11550288131
18313093229
11931785894
10119070941
14039251327
3781180905
4824094963
7915771365
8267257230
6271840613
11065160345
2318703225
7233017214
15102557719
11659071370
1489558057
17463200559
10327989003
5464353792
20201813884
15595399455
3205131361
11858074383
7867493495
2462638019
17140945343
19623511847
22961629977
9612169379
23362982912
23389911324
13915626269
12966717244
10290154169
8031212755
19426609882
469307600
5425942844
1622778959
7224521941
19156258082
5867550428
6691242869
10920230838
1601974952
12946133041
11396863091
13957946908
3796885688
67870800
1905653173
1909900011
6514811201
4753987747
6876520566
7424219825
2638960057
1284045855
13042071913
4997812510
7753073756
18914650011
6249947488
2221055403
2061293065
9941004841
704870681
11482522117
3948235150
19010339245
8836488297
5397843328
9368542712
7313075730
3962864471
8744035053
7374712624
5224189918
7609102915
2405851331
6917081525
22694384022
19921564408
9432528519
498609163
4852883466
4373948816
1543427605
18107387844
5566751543
5302897469
18896944382
16228871757
4414663907
5774890108
7042880474
6967790206
14646723822
13372284788
12156178514
3583231451
4970310653
7738898305
6070322085
12400005696
6601884435
478183674
1463508672
17177120576
4043390607
2062763172
10385568520
16900355995
15064598318
14987351743
18722261327
3691893651
6832121136
425030574
4155519665
15927247595
11160025417
774548924
11078737
12753412926
9041345853
9958793845
3263573083
352807660
762763989
13844252748
17858391561
736809102
2907066419
21640116223
7213857873
12834750733
11363746190
8016516648
8847104987
1515508388
94765918
1029913439
18685871066
5902644178
21059999143
4681546210
13858656731
17979994774
15841292891
7932739629
2498074243
3313740265
9567966024
5230955065
5593356361
20549433956
17210384957
12851457025
12992308436
2177700958
13772565828
19976520254
4457335677
15715090586
3594715525
7754150441
4970897926
4039955447
6038389017
16394806997
19371953729
1545001749
2904474475
3550059868
10088921695
91061748
8133715545
19132004332
7242860952
11109635789
14320662163
3318981023
2404478869
6095360973
1044570872
2548515764
7163386354
2451940741
12292946296
20575642150
647200259
6398865744
4405570226
14739680811
2247560053
11400277480
18421610586
2890704098
2699923078
16827743537
17255028505
12888324405
1712027248
4690850971
18479841055
9572801303
4664662956
22061378447
10706982657
2351944129
6923095563
16427891677
16019003660
9451892897
5603991333
12626299989
10744260638
17496890853
16103447376
1557501477
11016289475
3927620930
21093251416
12620308570
6762876546
5513202223
329353581
2764770162
18177469127
6673069584
17289531930
19147815879
7598525671
3939328155
4283642070
6860971586
827252808
15933290825
9181403939
13669593107
7361880249
3660044980
3590639788
3362344843
9438466399
13460685877
4364493932
4704633463
10013137116
10041614751
19966969004
15535481051
14921774756
16143688092
6053678234
7661964192
14549186927
3002869966
11563025209
5084738672
20079888996
13106825057
1192431186
520091088
5562828583
437081694
19386672084
13476553973
104422548
2143746705
921902709
9012756961
9876903494
19304782672
14618200755
6035611162
540854177
16645254076
7412552460
8946404936
18041573456
15727743122
2501806718
4478621661
15227262635
3809353269
618220618
3870815439
12271484917
3109611078
8333387615
13622609226
1850867990
3736287229
7407462553
3760541618
17850865194
8051454109
10437870965
11779630393
17603272003
4133549420
8528804254
17162200827
4810030318
15520881279
3333516904
2052041371
16233401897
813922441
10555463303
12326778967
2776755014
2447269256
6695925055
19992758070
4024533960
2780791295
6506234718
1139559445
6635673429
3483751352
3554399070
1438696108
5694614039
8104864667
2097161794
17878755894
6441957203
18863521949
14773581016
18336326752
2682732612
328982266
11951930299
3156660997
5419568096
354295742
14524463717
3453973744
3744482618
4623364308
5690189336
297968339
14036765383
16358345430
2627307426
3444923728
18812799844
2606219498
6280601534
12611076935
424976576
10207912628
20511806557
4327795889
19435200219
437085474
10973431631
18218582457
978228125
3290345435
3513268427
1613718723
5330571381
7478343606
2788922121
16154894707
1100611828
1088849111
4155108494
8030032067
22798932450
3951322199
4226932480
5758383953
7295437648
14894146956
8635194537
14317427027
6747704026
7204896582
13234356781
16695386188
17100270150
1808415226
17281036212
4445811220
22520006006
5354412084
5699903067
14505528562
19567014835
19091261944
550096399
742421883
20605210766
1468077454
6433029018
21290089152
6536614278
6152808794
5589807691
4500356561
11791047370
1679324496
21656610611
1610497256
8524757073
2053787159
4069182534
5492585032
5614293819
5235586861
11019233954
5272261787
19036770415
8919705859
5000326707
3154284157
12128629475
8144948444
1940296191
5492674046
8248153806
436864893
24006610174
1429760774
14437933354
46875020
9148166267
4383218056
575992283
6956033541
1391889231
5562312165
15623495774
20972845469
2309866064
7298974270
14836314554
931492127
6564750429
5964905257
8014142241
11386039793
11278255277
12197761689
4560919410
6790408423
3009067066
185117526
6220735705
1826761546
11296322159
2194968408
11008286061
4141585148
8939195059
18383971980
3690785143
1962159766
21076600859
4027563539
9470356379
5067911895
18297877446
1405977242
3747709965
7323762423
18499872144
21598439996
7791210482
19444223205
6371022472
2841531376
21695274158
2848856922
17996219622
1272028786
8490719776
1102650824
4015495497
15860444670
7863148153
1815342686
13723375180
5946426804
5499590293
493930065
3183351671
13361102269
7175834560
7720252050
17447001507
1086701071
16976596864
13766639460
3057136137
2600168612
15326983130
6751640691
3967340921
606298038
2719000386
6864729072
15378993542
9707784559
12297611738
5708420975
4879845410
22240880229
338823486
11482684643
13624725034
9949611401
16270028154
8889362849
876202132
3152836589
5343853202
14536682860
3407900355
847846009
3910127595
2189611382
327521282
10164231750
5387925372
4599850406
13876031988
18554974045
11774138123
2028560501
9466904814
7944094523
21585153592
3682897014
1103355607
1695795995
5537203760
2664916864
6970661612
4335934452
8571466096
5137542439
6863645505
4670826821
1542639379
6280865047
20359399780
1886638137
7712147945
10952168498
17261687099
5134709414
16148755667
10778110983
2561458330
3938414689
16071580590
2775586340
4047485720
11107023148
3000574609
10290104401
5825061905
23496418239
16019123525
18402055096
15375572075
4517326104
4777706245
15434435151
2499934988
16301358107
2924002917
10168163214
6197363725
5690411464
1928992236
9299250438
8315286147
5074969021
3427969223
10887921019
6318434273
21223276944
2939009936
6503753016
16736194761
658217062
4994325303
7306226206
16366560477
1271055368
15301220835
10043509432
2275153639
1114323756
5028117674
5211335051
805969194
15918517162
24035249332
7936113408
9542018566
190162050
11213184118
21904339937
14726256966
4704838588
20330693945
3531180624
483452077
24271752720
15685703272
7133160861
17240318297
3197302433
1456154835
20868576559
7718128367
8550108322
3239721446
594844648
767358997
235767672
4578805855
10767199611
14828147347
3023059204
3114635636
4046160099
6687399828
583942451
15773546479
5050968160
8128656953
2674288941
1169318833
17129607737
3978486187
16260371575
6377902874
10086825380
425024648
16699337878
6623492351
2353452086
951313071
718152750
10852292878
21858846179
12643372507
15325780130
21100705575
2257323514
653095692
983464269
3807821389
6068963067
9519904582
8195181105
16767951796
17750321728
3851194512
11326569220
6403330986
6205832134
14324379646
3094637531
18642501111
12538708561
23392367077
11883310292
2212352440
5202963909
7703277396
10384581725
1977977451
2119050569
8580123688
3754570338
5698722047
11869601064
10308456808
10573245573
2118514008
15636139817
5295139049
11510991213
20415714576
7096994626
396451177
16743700271
6214807679
764059095
13085383053
16019613178
6389032169
3439159848
19477928626
6587524965
5551301751
17790589215
14833810201
10648138611
4459002807
4666405310
1006325237
927595795
9339996435
256521089
9775093888
7032030140
618023182
238129817
7150193563
6706458708
7362292293
6037403223
3918619584
1399410398
11852355601
9447156504
21175279100
13554905148
4159300698
2484560327
16959290013
14455012549
6408283030
12866031116
3707325237
9015989703
4687960940
21707447154
13408463946
18580073949
2876388514
901280209
8823667528
10516704790
11365170829
5992711702
13564581939
21538376039
1327670106
2678543066
13318060077
4632772278
7621965840
12434480279
1143236571
4612985183
16360656755
2631331199
3394801525
398890266
6608440853
16498977912
6091486762
16861481247
7650233710
6947206047
4674987756
8256398221
14245237499
13369287245
20110107478
3793631246
6274132909
10979256085
10344717266
8492746455
3083402873
11656979986
3424004383
1859745152
1892848910
329345241
4961707996
9117185332
11017044459
11250081924
1669088323
8082958570
18960569834
800544013
8489322575
11068802161
4168744990
2221377551
15950054085
8041897546
548964303
3888943007
15134989414
5002479
3918059747
11107315883
5986391322
19418042368
5225493650
105267746
6986254319
9499714297
6028766741
11686699660
6445784060
6220361492
8251431431
12266733938
379690485
1462912874
6305331864
15937801657
13724274126
12289858245
9772018600
13164305568
7166969546
3681853449
2601642691
14443570532
3991290770
5668589738
1383910838
7039296635
5185366270
5450949132
9960833221
10060704756
1734593294
2977126443
2913194186
378844676
4944315937
1026453645
5937517560
15168603006
16140792444
6912406819
10601279778
8386446881
15966164268
1420795074
3584238127
3139552704
6154608004
5842429921
7321010248
5224375469
12682403570
8799124173
2884386241
6136833678
6007297743
2941489997
5229070870
18964751107
2679028993
12467803092
16906267340
7396201990
926614957
13997149451
1509243624
15292251424
4663687599
1113107303
11041560349
8507592187
14635908823
3074804778
2369748095
18295562921
8953345504
6249298936
2196072498
9287512704
8582004149
6638967721
12815403708
11720878001
9260116714
11775356647
5597294926
1614031457
8781204470
966149952
9825091983
11979071232
2987079323
4584126762
284645709
15503700488
14480625570
2040834166
2987537418
18249930851
11654568056
691011708
2828452943
2925958331
13378344509
19030876347
13247290116
4426003992
18987629145
2135147119
15654139836
4018922740
9414485662
4404844695
6781708345
10913120760
13016480330
9918537411
12899359021
17549861395
8964421735
817206469
4025455365
3990868204
5974516689
17859876665
600363384
6253340110
7354642009
11562571701
1785419825
10582071428
1745462084
2620619697
10961789677
7001934335
18447898676
7203953133
5698265413
6671246864
13548115253
4743416464
17248382603
4441908853
1015752002
8490567405
5540914024
12982993997
6624794876
17524701522
8524375444
2849023047
7847032603
22563607740
2985058630
3647155213
4020813482
13855443686
21406966801
12983489058
6239832519
6055558693
10429764611
3244065074
9184606085
2342155225
2525764394
1056421069
18107885525
6426797049
3661136678
10366920159
489793937
4197898039
4404501277
9698340785
227188407
5598732541
15533783963
7363268265
12101911875
5989300290
8939887649
18410734368
4567999733
15991334758
3281983403
9933007421
2278832171
367181715
3831521838
1403398459
7114852233
10786880227
8219426794
12569092628
14562170070
6596424859
12648588793
4480248237
19160026091
1923464598
4366851000
526009760
1976299821
5909362996
5289476184
5468526841
10050258287
7585048206
10560186971
8689623457
15393733852
5801550370
3950725648
4526007146
14789427527
9754596903
8683181468
14648895647
5594858819
13322955175
633551621
3012006529
4792666120
9018788452
4338955843
3262448233
7824691938
18014429744
13527675609
12055921441
9971189101
5463801964
792599443
1682173325
3425456287
8645463990
7582173044
2421643103
9081055494
10811198442
16314476139
13507155550
14599914607
21973476095
10275008773
9945254190
3080265261
2639208414
3894330352
480555799
10078109240
19881835100
59778333
3268392214
2328650622
18574809910
925610486
346997331
1788583539
4050768504
1637553267
305549454
5762558619
6057183270
12670387955
3751128621
4633107692
1297320373
7612977734
8091411471
19389532261
373922940
6130951257
11251277515
12525542688
4497510819
15487302
10960370469
11475646699
9284737155
4366392485
1739331419
2666765941
4142767370
8604580901
1846938324
4136282213
5080572225
503773422
9239379142
5492483215
4483237909
8024466121
6222030106
825062148
4366199686
5326564055
3018847541
6812406043
8143109384
5428486880
7648628410
9253327009
15533090598
6875299267
14176871160
5847068044
7240360305
9335064255
4558354799
5713186736
305328507
20327577488
7708257693
6965790116
1137763736
10334964970
10829874981
2205439048
8549172749
2373532798
10933854935
11549129005
3308416637
6915635893
15284610192
4530781567
2103652322
12062455665
14131853317
1472466449
2938707619
11324550973
9647090131
12949754902
6319764816
14982739025
6398791496
6869188410
1760455003
10540496133
8478045196
10819097352
14574735986
3398499088
3322606188
9933297884
3375971147
7899264324
3760350966
7174651279
9759138160
12476201690
9819514210
2364533707
7498819538
380141899
7083595826
9550178717
5206743480
1747777710
6606594757
14572548831
19165631599
15997880992
723480742
5240488576
11786657534
12453556154
8453527376
17474277643
10225168685
15546659347
3522185769
20789343430
2453351225
13261274787
11220454621
10535651881
12418083882
4591696095
409668596
1215312234
16015942140
1645082619
7640743056
4550298176
5123823773
4931206402
2942824126
8656841378
7049755586
15012707519
3100681670
8310857429
9174602135
1298816374
12936061766
2215144242
10261459489
18732069973
19619169747
10195951313
8569456456
8542662076
5349046062
9433100723
6487830756
11020134281
1087748458
9721027816
4958413302
12272654134
2112604124
14855483491
19288333391
9313492101
14201236538
4272445629
5108271170
5623383151
281100590
3877382462
5897111813
6720624284
981959090
12254363976
17494623792
11227793236
15690691437
20325152888
8515871778
5509406682
4502248690
10382124613
11150932502
13840712697
7809729456
3485712943
1036217672
10867747108
1858067146
1031163437
16841924839
13866667591
6065657545
19063501838
13845828420
5357719363
7496567204
6957376238
4510866075
13639166160
20767336871
1925241427
15001432063
6179909013
2690170559
17575489955
4060226172
15341995278
4448251887
5544894961
14275169436
11793386122
5983703376
3893433226
10098371708
2068177327
10817082348
3500867295
2726959523
21778430267
3088891954
2582903064
13263892205
1696650678
9837222367
10954075214
3342591117
10037603484
2242617201
13246980234
14374194983
6992302148
6474814026
12103903852
14507783953
23849433861
10680331886
4185493368
9553618096
2437985979
6315050565
12589401717
15123926594
14015284768
5127278840
15312197055
8613434350
2414084110
1994805418
8956068050
13682465045
5156071327
3629850447
2631231263
1675287958
17586175684
2867112045
17996324821
2424018799
4764517751
10490244054
2504428404
3171556748
3147353970
21851375477
6820218630
430321076
13822292176
13382656740
16302419263
12712928417
3087328722
940003691
15538366076
4205531236
6758428809
514346192
2757917432
18418446993
10103482773
242659024
8575182784
5009695079
14004754005
7818456620
10378009174
8990095634
13285724884
3812448143
5883956336
594306628
22099158517
16553670072
15979378116
4728215299
16460185964
8614133582
6146089428
13316437314
3862818957
12314303429
5767132076
15181469176
21245500315
8563463204
1131023357
16130657051
14142522631
15740012208
566298701
9551128079
15191349637
4005767695
2775586312
6955128214
7536685850
13552881137
6062866779
6476209766
1151511495
1389711232
3727099156
1598130782
17538554385
6413258991
17062914454
17016484419
13903866549
12135926577
3765688964
1838927708
7576518001
1423168155
3005017698
7874732732
5935455124
1766154335
13292979256
15392058438
4495484625
16577921026
8589072714
10974113322
9879246902
14413921740
972569913
16556288753
17466891805
1733483904
3497717739
5012685362
5746596145
8327932947
20189127649
3144036154
4255526699
19214177190
17105597874
12499290381
20310311235
13837815977
6813557029
9376370981
5212164940
13761246735
1999956802
3951136017
614679590
2981109250
7469137514
10671720310
1894914390
229888516
8720320264
14388857350
6405900570
3244267181
3490764435
12571675495
7455967813
17735101570
8327991591
673231868
16681800516
10714962729
495998194
3568079616
369593364
6890108132
7619062021
2972014649
10618426253
603606838
15760594325
1487876684
11959266242
4659349493
1287653658
13035543680
6810216914
3308826993
122470352
5753185707
3519345775
17430197339
14520776481
12545808170
7404373182
2366402260
1667628267
6716649577
12256275645
1786564781
1118011259
10688140697
14180529448
10021083088
8828391932
11046738386
5673077552
13246538515
2366290290
8885138456
1028035245
12622918189
12440764403
834964059
2834296834
4051802498
196443136
1558373274
9561625033
13251058305
137162261
11473228987
8076724767
11017903419
8068179117
11754082559
21454025246
9930549936
2298953467
3646702257
1578367403
15746691494
12820803416
12487307232
23480193322
17543441235
17483041637
4259209558
4684016519
5056716557
8163138720
1876567214
18824957799
4356014662
14274819368
3808410962
582811568
15505899236
2083686706
13733760864
2740513687
1973373380
1575839260
1667188268
12900625431
12229603223
4393680730
999980866
14510188383
9484336941
12959044928
18885144622
3680704905
3529868517
5864624772
953739658
8688411444
21312991744
12682732323
20875020140
12134868369
2394611630
3867616125
11120374423
19984927112
5360347088
2772704855
2484934079
11598272294
16245980951
8425127438
10467982165
17856168461
7484665483
2192251607
13758323630
12650992386
9857552206
6761564537
10332477216
18655114821
11169643385
9715715305
1158142866
15144735188
16251198606
2259787288
15583731706
4329058738
7422697296
7478380062
6263415259
12028898865
4496847033
5411000449
1341927081
2735624781
3899111623
3587110181
9375404508
17654225247
10947799186
3362234703
16908509922
4218274952
18173816503
14172801192
6874668931
4486767379
1478239042
11037735298
1649649095
6910341653
2766192694
18895626185
5024289695
3981552805
1774105435
1897784592
15634541880
7905876875
7310662858
6794738314
6988481539
9399015213
13261037122
20034983185
2788013059
12411223309
4493208343
11795153276
7125100346
4006850485
4377894050
5514134712
15605791757
16887966263
8942477584
16197832711
9169248152
5255304495
3208944485
5827731183
2600328854
15318461323
4346416782
3362927466
3629127361
7041783914
9430901837
12757718760
6235704552
12440692450
497961823
14696555421
5103566222
6640876499
12622897908
12662378239
2294562631
6957939294
18918510824
223998438
485823355
784813438
6363069729
6551182581
4429621198
473552442
6171485866
18052906193
4320116813
9448406336
1888301835
6241141319
10427895516
16602875632
6407920086
20124918041
8269097553
4417587975
14565733069
2137414798
7376020085
6068253355
7484572201
16669585901
9732666736
455802922
1634877016
9041616187
17739142169
2593594259
11938303593
13941750474
4422143390
4514048502
14739327186
9886537586
13062091014
2150948701
6617555356
4325239366
8217903994
1159232224
3034212181
6072896355
4212046016
11421417698
16363612336
7496175289
1905765484
12796881174
11137627769
4387583606
10063087321
2458160904
18312675218
1987496105
6997151957
9514766423
5220478306
5298147560
10261782567
14980844608
776934008
7296545939
9521105659
3392609499
14608379705
19333294452
3241246330
7316861097
3478453641
17448526077
18791626255
19528459269
11568367003
17805415364
13348964438
19334962617
5953550409
1902710987
15522667633
4021142485
15040307485
7040803675
8004522958
15330872830
6061332423
21547542042
17387750353
1783373236
977827135
17536420818
1285770213
2102091443
9600565962
8876929667
21390150692
15295714442
9663248107
1078012290
9679125324
1730463574
4551370334
4218686230
7737770592
14054142970
735275820
1685363511
14794008204
2996301702
2807349362
2338698151
4216291179
23072442725
15363290391
16924279176
320837723
12185605619
9219019978
532959223
1224054286
15344726648
22315793688
8413425590
14529794016
9591710076
2241832956
2516618344
569390618
535132306
15723163206
11869149822
3467901988
17158851095
8555460574
5355456
2994997707
17460859233
5849491595
18168885858
2057804866
6962813821
6533376397
8488889969
1583262934
5952397195
7772670058
31447228
9439643110
2497949613
1429436065
3995877799
6424840695
1427603389
20606371996
18897941263
1015150705
12471772316
5957013018
6471088441
21745391367
8675868831
11265784882
7579240280
9181211641
8328629621
17021191722
7625883046
8761440320
8036591633
5224258210
8564208862
12808104977
16546112837
8686526720
7302903647
1726317141
7017017074
9621728050
21917314656
10758365606
11198386980
763164855
1913596245
12174202038
15176741367
17016474821
16409836850
3249331646
14401896027
3450067264
107995255
4091833817
12035188807
7853619135
8662438253
1547697758
95492256
12110253825
4561739586
11106288745
1346195206
2074974843
8748544845
10250660919
317313629
19893697173
3546615422
4068307762
2948987056
9269631398
22750219357
6488981053
16606940047
6198805875
11375076458
12084778727
162977337
6912777560
5216744533
5817131461
21335440333
7052573886
7615883049
6351462552
9881210457
1827202847
459271820
5307816216
7523766994
3852842144
4518795303
70834180
374965953
11890193884
12846265970
2120521981
7478105876
1684738508
6853338361
15339344924
9942436118
6005876043
6059689476
2667764408
19260379318
7954500969
7708975747
915423176
14289744412
3729697903
9515030855
12599996274
11297323887
15683301167
16755957218
17268758212
3487339140
191196291
2700221066
4685111233
6090027333
4249313617
1125458326
12096232868
2064289519
261774601
7622725929
351932561
4603547280
20144367015
21714195664
4069682711
18984954569
1283761866
12686741895
6257012859
3823387061
14264246149
13168845506
12899012199
3612079822
7646883675
780516519
6687585624
3808771276
780974334
9518830589
5621820991
2639097432
9717976432
108813870
19949728366
5229494970
8319827114
1733250937
15807343357
19638367658
1218094315
10429422426
12948481025
14138690867
11713007412
1797202247
7064565632
5328145868
14173387087
10231048472
2064104509
5818591478
1025945424
399977104
4039502319
11416121065
6072334661
6004463578
12068392863
13832215131
2728890375
3362260386
1363008717
9297029520
5451679049
13939855951
12659838651
8398258844
1543058108
2214541689
6773133527
2103737241
7607343139
3310851973
971198704
791987712
7963508142
3608894092
9186940180
7082745786
12276221253
11281283813
8623628049
1665603889
482366600
3237755310
2472797815
1425144218
5309444408
13943654233
16096177485
15014545198
1567306017
9583859792
3262991909
7926501048
9936105023
12152012243
14079047094
227833206
6487227985
15581227936
23093218998
67365014
6142814104
6628855240
2446515964
10912736496
14408131855
12341879451
16490965342
1771816405
6932139815
12105504588
6349675536
1867085961
1553172864
11590917196
17770666220
3378244311
15263601126
2679626789
4382895676
7368699822
4325931379
1241831266
1388421138
7141318422
1034963491
10970408872
18429410086
7440471248
19403585231
8022049563
19757869203
4528201200
1336308558
12288018635
1610311781
3957187449
12898045951
11019828261
4674454164
15721703647
11007655553
467877207
11951106831
16273325670
10074120819
2805949473
15148587156
6025201007
4474772540
3272990443
2269641257
279255368
7764540717
5036040107
18013767832
1213836601
13673110880
1645446576
11350192920
3047029369
7223332948
1701742148
12939873591
7367629485
11344258289
1978366056
3699062077
15061272150
2077465981
14044145805
16215873587
8237192741
3013741227
6192235843
12151596655
2849224156
13125092024
4472602946
2275368789
4945330126
12646545196
10200946464
19383308059
1924601950
5952933453
1330375261
4553100658
5728898125
8482531846
5906373169
366119740
1688295173
670241263
3244558748
16054397714
5597354905
10393949947
13810667426
5412227079
1931663676
9300056511
2617234432
14119351327
16244593268
14902104764
1418232026
5274198801
3053650266
2821704709
6303477048
1966419158
6093387506
7813710898
5931657390
11146389315
616713201
5124303705
7965564408
2183501436
5996758792
739685054
14167362322
16512923865
2948449886
6767256286
9885394732
2241664283
8316189552
2646310025
7775958307
6687918204
13077583947
16698926130
13400556225
442082595
8250698918
1895160956
14112679566
11099686098
4094802000
716894086
2670757815
360053876
13375915061
8301582746
10637914855
18033716110
5380864270
8932145704
4729676563
569767783
14398431925
8865725944
7269860565
6248566665
10549651217
6916032663
5942367297
1894406260
14726604899
10401070829
10751983268
17926972455
5174377749
8908702865
4008526878
14027995486
4678279073
16767617976
2165005633
7707301490
3411682860
5096270980
570374039
14833181258
911858020
5021513101
12590018359
3665307586
13102812460
23352873779
15603980082
10317305827
6919080970
5604490373
18971368337
186131547
17340629648
2669419080
6938707557
3790178493
5568540233
9705212864
6675965428
5371258994
8394081859
34313783
10857486098
3683242908
13609347548
637532281
13218519865
3816905710
18784531608
7764394961
5569502248
6029119331
1277425545
5742560906
11984753113
3633350250
16449939116
350977492
6398237993
3945055058
857034200
10832104890
6053535135
10385781414
9283651115
1561385668
1723686054
12938029954
14816312038
8044098268
11644741196
19164391845
11156209359
1184293658
11489396871
6306235620
14590351462
20414815335
5585694861
11952136605
1807199042
8038379644
16936752454
4782358237
8116518041
10773461081
3795688538
2774563211
11246684084
5629771705
7724032992
16989922994
922579416
18361275005
11926312651
11358771379
16560823256
5485073118
11893350049
22797150255
11073224816
13412408006
8442340901
7310129001
6246976786
3672444031
11950395333
9418072697
7954639016
6897279339
6669782602
12139931821
14130783073
887265867
13263410599
1104369090
5424212822
811861972
11570212527
4755260401
2559404778
6866932059
1342027095
18047905473
9122913973
16469866574
15643117359
16359135009
18862797496
7084664035
6423264102
4860931979
7604563259
8563597468
13346222899
6819238996
8360917459
1122464379
10929900212
3871120549
3947466148
20963547746
14875673564
11568677727
7743911100
251559269
929894116
3030002365
7752887916
2711996092
2238498611
8475821598
21915682818
6052856064
982984160
876170330
5349517261
2782480311
10802481981
2671174700
1925429233
17577145233
11058765581
4115089834
18668126168
21690766438
3690970922
442516072
3272437837
147732911
3054003375
7894132638
15818957709
3829509379
3833736493
7451245386
6420733740
12658647876
19177590162
5741319013
1233008264
15193934177
11449364296
14884714098
3637776792
7164803371
1627556906
1670458097
4809727880
2262584139
3875489506
7854855823
2786077147
9475067390
781473212
16726410694
16626534361
22492858811
4901132749
17436298456
9916635019
5046844122
9756026541
19361529258
553532717
8485084265
19891586132
1228245587
9334816876
1860308457
4866337771
8668401260
20513769741
10342144303
654931945
3046100802
737731190
17712769319
8248141434
18507270284
19986627946
5259443152
15492299944
17537905342
7588691890
5106439313
8684670144
10930434640
2321317986
2378998053
20201418241
7016274603
289290931
3349083258
7287842542
10758724722
10995183901
5387019953
20239174738
11576927179
459609583
1543844470
1042958523
14208799457
16278705826
18947563134
12505975097
22644239904
10988625795
12571924997
5983591325
416449756
8973844299
3233855789
18837907787
2534566661
6753850365
6578318291
14021304241
7169171303
8514567138
14091492408
7648742830
2679965007
7077145456
19114858958
3018487972
17924344121
870035512
9130610593
11691214222
12251263976
16475790095
1704948218
18297673821
2951874205
8114092080
5877833803
2623228259
2411161791
2231055939
17829904609
2561156408
4682260991
7568966733
4856155090
14224088775
2469614590
4386243272
1100643887
4414953405
20132531066
17774012317
563425375
3017489802
5524067900
5691345227
5472928547
13599967447
2476932127
1151643929
11099672037
6435807665
14728094754
3397477270
14253877526
21910185147
5042746970
7536594904
9992317884
10707539896
3802455628
4886710705
3265271053
2011655738
3127531567
21214272761
3025379896
17521330959
8038275793
116949693
5154684023
38771831
650666797
730343052
4380972905
3299675364
2315788576
20087581324
10203417584
7604372227
14633705638
4462589363
6868482290
8093802305
12968888955
1072945631
17977104258
6572058925
8939009400
1178947034
9522849213
5063161444
6993674399
2164028683
12411083718
3519916887
17806386985
3528151847
13024741047
9062899184
1261242684
5840955175
8876736485
2463305527
13171496227
8777557954
9966925543
6060077473
18565257637
21311051458
4875548341
2130958024
1206088672
603100470
8582250011
20405006267
1667950658
15880403169
5540235100
6008080238
3700842666
17894813359
14953274031
207282561
3577672950
16343931896
1732667542
5572854343
12259502481
9232991249
12583456149
3168824360
12558129227
10944976886
579047070
8749044651
5209326546
2755589441
10724521075
7968655856
11567306053
10877155765
8075242014
6187764402
15728936371
24088950925
7578179642
883298778
18527549080
13151285137
472106141
4980664622
23538006729
12664121282
3560198138
6583074879
10780594129
4096632942
1740749147
6937769148
22097153315
6402520835
2888944703
2163312159
1831193642
7965806567
4423410616
7864802554
14861495422
5001702237
457833023
15232300149
8549098540
2849868983
9650616379
7941638564
6701731051
11480101295
3092815131
3931102297
20802279969
2243316496
4221737340
6075814976
1544466869
5850384607
3666778835
5135557058
3404208001
4610223289
4955468698
13914487424
6019943977
15395818668
16522860117
9312104553
8254335844
964224678
7743315056
755883435
22690056858
8478364742
3993847083
3439010206
7160223204
4952145848
13295031016
1008513419
3348162114
4293620618
11713078313
228751996
11122594515
4529718657
15258849694
16708404397
4180305185
4508631491
751683568
11804871371
12306488108
11134784509
4525814572
17840017242
17854326350
6481462906
6471816458
14823507353
16599847437
4487510742
7398796998
1681660236
6789266677
5093362839
132169838
12561278651
3770135781
16663104205
16591752185
6318370011
21957316820
2205340122
5018944033
8907856213
12069151547
5839126589
8734846803
21847043183
11979923793
2452033568
13612636016
5967685379
13617736671
5383765273
6526648879
14587418411
11881600412
2241965036
15380968689
7945386075
19247664251
22883742617
2996569907
7981866350
3868547534
11505367595
7516007494
16598298929
8197396455
4573796711
3053909910
8291743413
15761104888
1746401389
11021604488
14885044839
5166067017
10150055215
19542255728
11979593901
9897670237
14477378585
4849099288
9367123175
2204662559
7915056626
15239993897
11739945198
13442760914
4674362372
3198565924
10777925611
3186863770
11414242139
754316057
1110791756
4334376555
2604433009
885021546
1962535043
6954195362
15249778050
17705748377
14150523052
9492549605
20875174690
18519446680
16181384489
1534216207
6948652911
21511470130
2291930723
19627069651
7424140941
956717363
2051268831
12001635383
1325111596
1038738953
17292575575
8045697031
11045394271
9140855583
18255359045
2029417643
19916547913
11418087632
5557464186
4304356428
323124760
6943758021
1732671706
6430854992
3894244824
183139625
2374135495
4427455494
4174827202
3331484760
3904632943
16898476527
5276323144
19551240968
3601041822
12260284322
15859193144
18600642694
12014923301
5614673336
6217337261
1003235989
4472936915
6080034555
690966234
6270834576
7470266141
24967749
9183506388
1176798384
852224946
15994312393
7429857186
8573434938
1104042923
12896604626
1566527260
15638483130
12650343002
8736556212
19604718528
973601170
2476294569
10003397242
5115020652
13679276943
10382986452
5091568776
11203186330
9613323274
3081725816
2637029
14386046194
5477608520
1348523441
4170098586
8098636715
11729686994
5722820233
7010947504
5730210844
5529882698
6377533570
13746086427
13627361854
5861323969
1493653842
984013212
10703158079
825623790
6727769601
6498776750
8488363140
6315491537
6895920971
3957908972
7567885453
16832722252
21492095427
9190720055
7982960858
92617189
2060814393
15461173534
175926189
3701900123
14316259644
17003609823
10104498378
8791349232
7292018871
8910030388
4695957654
12112020285
4488403950
10081205420
1602996599
16291860152
21841819228
8218859606
3594057513
8113857341
510325273
15167482692
15466312843
5566092244
7157463495
3607386847
12764366622
8757048700
1284002153
19663583236
3419773946
709225992
21103680268
3385510086
1700852118
18905813555
5287464084
19498743020
5257189818
479786042
2847137581
9644915472
10650772048
9239490612
6986989529
9852962035
7460842023
21211490982
14594655628
13345566488
1405520119
4718571384
6861410738
21602047839
12582921790
666400167
3049713876
5874078289
5488998870
12767384347
13616260494
7347411365
4329750803
1027536627
1030449770
951679954
7569170147
9918964484
8807171302
15803859838
5088912788
18137092643
5927332394
17953302390
8351781387
11203342956
17082159960
2894744879
2442860080
11963644839
1752650278
3387194015
1721320519
15526751586
3073566352
5892223252
2004355119
6548930742
23693219283
11796345263
7438835016
10262701984
6374727600
2155252992
19897461547
17996990870
1352335381
19928665663
12702441527
5933294542
950118947
18093938097
18954820179
1448091017
8206795639
9093106384
19734966298
20790296037
4334805947
2008043552
9725348200
8744358733
10038243792
5198299599
2127618954
139583869
6933919969
15247520691
6455994597
13814069241
15222434083
14897302643
526075956
3116485609
6158122787
612215099
5793121235
4566597346
14263172403
5155379391
21531289743
1422850179
2804744590
4961625856
21844656783
16873056208
10350337674
5139062079
769419700
15027869817
4625956836
13439953605
15660635112
8120890683
10173315798
909305053
3712056822
11914752415
11411738221
3383481745
22858538879
4497145625
9080863796
5975672247
8032973124
7539809420
6353291232
3784745004
19852509447
124105161
6698821748
10035186757
11331305275
8769045119
2324106520
332582477
4226052504
22881835182
3681027430
6940329877
1362646948
1403934291
2637735266
9576611450
815611773
5142573943
7390147615
7606234406
8277033141
16446969362
19856575832
6774365913
2125656147
13553883643
9611012256
17379318449
17682269125
6572172947
14342830642
1506902093
5393824748
15185356158
15785384905
1447526973
19053322588
1394900172
7626179464
22696442741
11924780622
16095330572
15018770633
15750341748
11440295823
10903725810
35399637
16064639980
14423294703
3157799181
10725401769
3621040907
16045229582
10152938614
15146729127
13572082840
2547322372
3135724609
12144019670
9507506037
1628654568
14097230239
10042353238
6086708805
9445097413
3129826789
5870762866
347057370
7357267143
11103101615
8772408446
355131411
7665334630
415388610
8032674822
4801529693
7563039083
6523632383
20949810889
10296819320
1451284037
12665786418
3642460463
6645884547
21384190203
16811820206
1716439886
8273749783
19720172472
3931991370
13822311075
3830153746
4054604163
1940720417
8068904770
1873762833
16086312482
1482925853
1802348874
3268155806
10482007791
54500786
9534609242
2265780277
288762571
601513834
13492603706
9902599702
7488177838
9746026443
20708114565
19940092801
1606518283
1289866525
9299624531
11734076711
6930437277
915271737
1903857889
11261892133
4497534935
14869119619
7418326585
6256991815
22713801078
238679622
4424235230
8559742636
22566413351
4726421691
16390444869
808391693
19490371447
12998584708
1393621259
14910537679
10410285211
4666463324
4845329574
13589929409
4244280713
18426843092
1880401521
8047540846
10693116804
7373883229
7719638636
8019800801
10750695694
3140355026
15185370238
2273484967
1765439627
15679201222
3471570635
1689032466
1630267340
12733602855
9403050582
3088967314
4768862349
12719573169
5563631837
861410456
10386842029
17184837386
2685710283
624482767
8317444419
10842097305
12486139460
1024986238
8496399803
5999435828
6930849921
10186390779
13764656962
13910205192
12116791408
6553606248
16267622186
976344302
10634084030
13806985364
9305436492
1764389750
8710755972
22496677600
4581970090
2923239600
3051069901
8360191828
22581277259
6122505276
5607599028
9642932701
9821603934
20823152828
9157116108
10278973638
3891161123
7621247531
12609691975
7543586841
2940727316
12078327022
22045445299
2686851058
1629803032
327931720
9310598706
12154286245
264971941
14887558221
434720526
1696428208
8320918711
16254461674
11501841410
10634011310
14486535542
9122347587
9229288614
9824240505
9552615200
8840360875
1508285787
20876263667
4819008085
11643163736
20878872486
3830697000
8808630955
734239506
20735073505
2237753959
6505567024
7780823443
837196085
1463411155
8016418059
17844264934
13956162634
8524086100
577736531
5690733646
20670019590
11148786170
4048199658
7530922318
3797712697
5680982842
267751186
3205086652
4380722405
19486685491
18783082253
13134681846
17708578441
15138954140
27922991
653191751
336477805
3131978345
6011988398
13801896575
13748281836
6093640920
2481404335
7318197314
2513947549
4025696163
2758510459
2900545232
15838625618
22873145253
16178547764
2493337585
15681502239
4567323902
8100910404
6328814052
3074345697
9745095884
262214161
13856538237
7869262475
13895834237
72127924
1939519731
1996082005
14056795369
21427127614
21218859331
5455777638
7054505291
5395864806
10590542536
1649850022
17486832175
4930427892
5984597152
8216546786
4552120691
3364361467
9415363263
4667114476
9488612994
6735756139
4343733279
6810835761
1445686238
4296443996
5994509163
6128122317
1680067024
6533383361
13897909196
6889021957
7728976510
1300803307
15068853402
10724137100
6039620681
573552595
4721496932
23090359070
15727109001
15241849463
2153209367
5672625137
18713974716
3775978184
2863234559
6916938413
16582204587
22927374176
2762153807
5366740743
2445437209
20601716544
8088668361
1074644260
4949107105
1981627990
9868360500
1812825003
18300024765
2872007701
7078133017
16405102984
7127813172
6881014378
5391542218
9050635809
13795991515
19064578357
5336252110
11088223761
10041316436
5274580976
13398470845
14121376653
17965906414
4493290756
5959126312
15496623424
2014427254
3091656997
4056569875
3352612785
12361661277
5017496213
15156054287
15239381506
9364490747
1777394972
5610128044
4444114128
7566175431
6619620644
1146808598
6843056680
9116080236
1890494599
723251966
2293892699
9249144954
4430415988
11124701713
2193259650
20556287966
16452515790
7881921027
1689942391
5066831440
16093565713
2261666994
8279726462
21593121897
11498340741
3914897530
13700986495
13006226077
7853543293
1426911554
1322727629
13831286388
5195694792
7690799584
3208107657
886678976
7413178770
11901880889
6543588763
10274033178
2379617181
8946384149
12059681604
4656888408
21670765487
5058537503
7085405969
7974129635
784546813
3353204099
22563020073
3362498110
19717514842
17176654396
10235487010
5133487183
3165181437
10552442124
11234246002
13355194414
4365208516
18582891108
6011177820
12927479138
12782932001
15508140538
6763078076
19224582968
8215470807
1658459310
19078397675
9899049410
5615292543
13445346812
13371429427
17170944990
20208320022
19008234578
6938278754
8435547131
11817559839
9401211119
1247612043
5668465132
11258792186
4100246123
7825970
3228371741
8472093103
3783161475
9896568887
1050687313
9930548065
5103135702
9420983684
1087499648
20396996548
3770409980
4491082692
239731634
7917804935
6743380462
22960588127
11457750681
20650675198
8513045352
11888105926
13358356428
1221765970
2922221541
2546728755
8284276685
21717160970
9855402180
14279170931
3235160971
10696917844
24310825588
11831797213
813110931
20906748161
18919626316
6245034746
12526092195
3928262408
20845202078
8877741690
3459873621
3417291968
198652708
884254060
15421895707
3990945090
17387258794
7726568086
12862234285
1726596228
4824709269
1234025655
9584025911
3516513241
10850606952
11664055479
4820372989
4221406501
6562882015
15045729845
7483259739
9375778433
11502063842
4143773043
2489243060
3182388051
10691348657
10286056955
16876133585
11800975444
2762611591
12100898826
3168988841
8470621734
5354197310
15251141510
12090411268
465741143
2256598241
2016667502
3942179586
4985109731
21673615312
21498973923
1008819876
18120623277
19478285206
4947323208
11864313863
9371372331
2185329205
8285634106
15362693312
8544015358
16006456383
3702424307
10901336890
15463224065
13027855697
7563098587
11127127516
14068430220
2441472960
606252716
14235555585
11439343616
6315282851
17073271374
7417915848
7630087762
7113690821
10120020741
1366152183
10098260026
19632078545
20074867717
6989949486
9029588496
5054532332
305995754
4079027636
15927630367
1691320346
12474399395
787495228
18399166449
4723908285
10965976713
4810643625
5941990808
3506221227
6915920940
3736908397
6301807335
8248076294
4332964245
10050887952
13829151104
9807614969
1927998526
989209066
11770081516
13412041436
4790960475
193431775
9784077101
3241731973
20028757116
8235746630
3042749337
3294842670
995316384
16971000588
321907146
12304598135
10041790946
12684794244
421389004
7393646664
11000506231
18664564409
10457181005
1490887131
4587433829
8315810157
3104984805
17538479002
4637628785
890688717
3943645534
3329947533
9344384102
4819347066
20586698046
2301365481
485703298
8556472663
17819302922
10876963416
11936405470
8741968220
10260951671
14573606984
7938675467
15877208766
1622141300
24813272
12041879340
7485377138
8966480863
13025679536
4390848163
8675258673
6189878527
855663219
391847106
4860164225
8972831232
5759754301
10453461553
6837326840
13599756963
23199815048
14795389675
74455544
13125343513
2185925209
2450423239
7214095819
15762409342
18915712775
863295986
11001940784
11898004453
8633792997
17517068087
1515412402
10765023539
9163599243
12452391912
5848930413
175901669
4603265964
1604398535
4573460545
9062279853
13228328787
20037782942
7597043115
19157867383
16454145022
7568889936
9217925469
6144737753
19300298327
8763324743
5216336915
2902354786
9412324925
23105108875
7704538857
6647903249
19101987748
19543742111
4931359538
3458697507
4238876173
6689008271
7765677737
916544620
21871821701
2028637431
5640635911
1386962008
7824080867
11101111199
20468378579
6603715476
2561111916
8278765662
7901568216
5415246909
2046228967
19922084974
4847519467
5960819921
2537833694
10734950555
6492034550
14736074982
10551538394
11991127747
8585824715
2539794513
14853717241
5835540548
3873603429
166745231
16002950332
1495802002
8020478261
6103409903
13748303523
1766911208
11473892841
6648078553
4904748923
7858144987
9365224164
2656293317
19333777375
5216990235
14165481922
6898534551
1683553166
19759408908
4533506323
3989454648
24682643030
9560565719
11727502165
10563602273
5760362783
2499584628
12797539565
15101098790
8836185146
10680466194
2860273303
384344319
15786194111
7303775269
3835649603
4994766353
3926758643
6287792047
4559957934
4213724057
19078707064
10522147215
1871504381
11650232308
10621456378
13244592937
6902335610
6023946355
860706461
9627467513
20881236877
11063920033
11096026261
9882322689
10029538867
3916636709
9824913701
4660127040
5666394836
18772500309
10398602046
5061983023
10300403447
435667078
17239768538
10024671314
17228748662
6551944984
2484697593
8290894796
9674615524
6465771899
6991816210
3366380123
5315464386
11369815027
1256807529
18880084285
20655392752
13188102698
2636135463
506931428
2966702690
15015463576
3713390354
1792941587
3392528409
6597908027
5580254360
8069353516
18830974895
13313003362
20156120450
196063109
4210485779
11112531821
10228250078
9093291207
8394577216
6423232551
2516447857
2676701819
6296733465
943961061
7426543109
4827167402
8601939772
6063397799
9324022466
14985129017
13161401879
1000416203
5238344614
1045041990
1027672992
15393625100
11245231357
12341361927
1902367465
3400422211
14159181218
950910158
1943903772
7442994308
4386899515
13013557196
7358715882
7704060040
2125691383
15312596
23045547268
7822065351
2016043842
4327741289
4657737946
14013157897
4906479813
11861894476
5349197991
5457121535
5086889000
10849262132
8843313583
9428816841
370047167
7881818330
272959012
3931587911
19099072432
4247719927
9924198691
2272326039
630471293
3301835478
1596882987
8775589703
16390362688
4823225547
5493799609
15014858940
10858086141
10960596417
5742548333
17197668044
6771292156
7020871888
7842045175
8275105789
3142609119
18007858836
13868850596
19450425504
11126805150
22581176097
560659808
14134707865
3393563510
8591666516
4644241914
18688942242
13568006618
16965420699
7360376645
606106509
7905702078
11233043171
7494207352
351745678
8990546514
3584439667
11100100012
1392309994
3950514658
2631587874
10266662096
5211508754
3643564042
15852439637
2517605119
1244658994
4402608449
2056321026
6395717119
14003311870
23650587380
5575433831
1570079129
4963487352
12149517789
6256013043
2398851018
295396119
13625164969
8253546580
7231086905
5776380818
12344290559
2955925407
14351184833
23289212273
9112601961
16519131348
2189611595
11908405266
16862476715
4982564021
12835497682
18407995694
514144115
22835282981
8374728540
113731198
5826586507
3352615061
7901815695
383184314
1629187460
10682539689
12200330663
8433065947
19206257048
4558623482
1990930391
8441162589
22858429347
530080989
5029302192
5679321440
635701466
9118083213
10855153566
8069813871
21758923549
3080855009
12640368514
1725354315
9952586488
434830750
690614622
255205055
15205821395
13501113033
16224428948
5170738942
5974561692
7355116852
9436938000
8662517840
2528693729
5598218009
7410631191
5408796004
11516481858
4194899190
3520370456
4605943050
10234157919
4839507025
2940018569
13961851334
5964125301
4952699133
13350913772
1787458097
15522615240
5025335316
82713035
5773511933
6348812423
7154879741
3556718973
1783181392
12049793790
9409930058
12057146082
1724370976
5203694065
10282420316
5530194526
10092535495
9353595248
21198780019
12794650009
2438810080
8612531272
9983088418
15909480537
9551716121
1042043505
6168701000
4620583590
10477264910
401990484
11436744700
4385165330
1667295482
5252670145
7383900403
7174067749
19957170637
66279990
916471861
14067154756
2256511795
9710514336
22111654161
18881660336
7310345776
21618589509
16362179302
4352573350
17683907932
13231944499
11074439214
3884410064
8476236393
12907187549
10219233356
14020864675
11745882790
13715352404
17119476990
1762379879
10535972862
321049636
346147957
5307849024
2715832034
12373753586
19681670612
3934482049
7892827729
19475679323
6090939286
17739962779
2318284960
4587800012
908320936
17439330841
4329324657
6725853804
16739144377
2556688676
11528086510
5357225736
12020354403
12430650968
12537854222
14223681224
1650843756
8845917449
1038329970
15249094725
5846064180
1092622656
2673647639
3110077722
2052256764
1826874497
10888322983
10331320134
15014570134
493055220
2652739580
12606367083
5602587113
13872658854
22621556285
8341239640
9299160475
4811234088
4711748161
5566516519
2617349794
6581292186
14015786169
15023668469
20237338542
7218539464
13498061681
7797349177
628085913
347093185
2375507781
6424337401
14304752795
7257036871
6845179482
16002901355
401431580
16253342865
9626341708
12994332910
13368530568
444965551
3648850752
12162050314
14993769158
3579172717
277824315
17507304340
10581553056
11463926070
10691938991
217184313
312654842
4825219224
14458421473
12112836909
11486848129
7081720115
2869638414
13650446563
5391650160
4465357795
9764058385
4899259496
3939780084
5627538883
6039236856
9052135012
9201396115
6194853738
13042249064
11345020058
17664468744
6866207029
1364424901
21013204523
7202640251
10537761923
2653317200
11291014964
10403225655
4582043462
2624030024
14202319897
10984934804
6401370566
1211977807
7836430592
9700639336
21257199133
14882845406
299893867
9683730429
14893577297
12920093680
3695542028
9198130010
2866035744
8376671611
4481030599
5583709114
5499192
3250371680
1990426038
11808896445
3079756746
17165125486
6270367206
3895685913
13208001309
2215522659
6374111128
1330555796
18639408638
428322522
11669034139
1012909125
7228445460
22744405117
5041298405
163673395
1928843471
7772241204
325991245
9572753603
731303693
1132102526
13689838639
13736514290
6525087698
6675901894
1562248624
886880011
9867515650
16689955619
3482521660
5125436211
7563313944
10093136562
6897147449
13680418655
2931779705
8199065008
4853498084
17324152662
15331842143
13712922187
5251245000
547423243
14365924855
13357581888
9326972519
21089190846
1349864598
8122896877
8773893653
12341323547
13463337257
3850791696
17818901867
5158678402
8601889918
2531795441
10341310180
438568418
3208895774
11548147029
4146167889
15644968433
15890987986
5986462672
4407801320
17413115942
9614157282
18581374827
11253800847
5564654101
3238714823
8375226179
1697728731
10272096849
9673006611
10999967238
9706854966
15049604275
4606575276
12423023808
6398212633
6548322423
5240530963
13346072912
897061113
1939272162
8877494465
17512941612
8620822183
636376793
9740688637
5891984228
12318463069
440168322
3857703023
7629271514
11738142711
10609187084
13431977189
9433272625
2607972688
6046552918
4582744596
12132648505
3339014696
6961212797
19733506950
642787573
14821582845
7558192797
13048190440
14232693650
16107127773
17908049715
21725895338
13523871614
8858356400
1969325593
3259311287
13367747986
8358078196
8358554699
2411927601
22549240104
3923853623
9299413483
1772494515
10169072626
11845233953
1952078076
11261360118
2841821119
8668303699
2287788180
4332548357
11036077366
5378121929
5843439212
11797169569
15130505174
20294843220
12669787334
10473100980
22589981174
12427216374
7988368178
8815662073
4368579066
12126325511
16663778350
15169149741
10374392971
11740732867
12078320002
715320992
2422978657
14701216865
10122478106
2089443996
8298289424
3902279019
3408945438
20905163606
7567772637
9684437794
264352941
4105610170
10980081002
17756861879
6225084952
661429690
19648024356
12971515230
12441872379
9364003187
1516129610
14002019622
3472718846
4292810078
12260009969
3365431332
4107144131
5643324563
2401659587
262272302
3192903712
22632137714
16815494617
17327981764
6260697974
1207509761
11224834319
4495729971
8522481316
1205990977
18657204830
5886219559
4099824788
16690974427
10252171189
5796057329
11431276032
3718411293
6778196131
1470593308
19485788640
4210812738
8753858142
14833576370
15592595954
2068989372
576871330
9187300227
8515641992
18654574588
2179061749
4660045336
3919965225
6326014511
3550522221
5601325642
1835429451
4420638923
7139851497
16985060145
5415126349
9092894042
11181570196
14900673943
1656374214
3519710772
16480542798
7679024243
11389425004
21131188089
6117780684
13070519805
10200311608
3222437663
3191380983
6423730979
2583014399
12776473860
17988548889
12520530631
1323379124
5145375526
4405876803
12906546853
9548214478
9674274322
10200846937
6391159751
5811993397
11050065624
4695681097
18980932822
8038714850
14967880466
2872204052
9997706561
10074680145
1201515324
1582441115
10775435014
7045878269
88137150
7870331159
4087580184
1597045345
14137794299
13305973908
11048392994
641112216
18153330081
8032923850
3896050293
19282184669
13882432451
14828272811
5326075942
11994330365
4964862863
4703366244
15085719470
3365383428
8523409891
20672681300
2566387789
14846621502
8788348674
15735286313
7197475777
4321474255
5854122409
362335014
13650042385
14941790229
4900587716
11569291008
16643240483
1423013420
1948915256
10067763056
17537349035
6236917969
1252564139
12070347335
8271950461
14359594691
12303176995
795141500
1260889829
2879090762
11775304074
6718722704
10496835792
3733659958
9612835923
8940134499
10677270578
4365849045
15108646524
8429621910
4162473017
14938988307
11395802016
17366143069
5501519048
5260494971
20619492688
996794498
17951874105
21730053939
14846054300
6080813787
2561199871
9754870102
1762421900
5270751047
11030639386
15075982494
963465065
2015236421
3737999710
2730033223
4277174456
6352132867
15519095631
1704979871
6395831396
12378964253
10576783313
3464168622
12386049162
8366415135
11866472571
20354362583
4135928888
8946402974
1735620384
17602933764
8548522237
732414621
13743040298
10137960394
11825557544
7739222569
10960547889
15453624190
1445107327
19846274815
12319871787
10912838190
9867522473
5946730213
11197011447
18399547748
7050297923
19347608004
22349636074
13857377818
11969148162
1996006308
3183604537
2582897508
12592256280
6957584784
9461096193
13941612446
3350095805
10531362908
6784600802
6226677185
4189633431
13173067894
121956478
8372183516
5353107111
14041709535
2185316408
2130217548
1133053373
14506476390
1273245652
13306999979
20294063768
10158558258
4339988258
18591605917
10449544814
10467294692
23857959291
17326059230
4676822825
6443610901
21348943913
8638967955
8589523421
17675653108
1462780857
15074241018
14788205668
10173350099
11322280981
2558665327
8088087240
18863155159
21805093715
4497596691
3651615116
17964190627
12147922246
644471152
2417758971
12380014741
7798501444
7797757426
17617898665
7236529020
12655658133
8355334262
6708799410
20971834715
4121927546
14838407097
12173908374
428078197
5984676193
2279210926
1813682077
183391310
4497790911
9582661116
13566130781
9595899983
2499401788
3291201121
15109631395
9408361612
14083564416
5513234452
6928814506
1259298127
4121735218
4504907971
6948557235
12459687490
1773070563
7981068610
10124734569
4765904602
3125857548
9965078572
7053426386
6356030446
13662817174
10315131055
6272482103
10026084119
10403113316
5498333518
2736927355
1522830902
183169447
5750657103
14320260674
1067611296
3470615227
4780551364
12742407486
16287096599
15596898662
3175799887
8008724418
12679311760
5538805198
5658148476
426547552
2524684023
4290141333
1939831772
2765843512
21525375417
590394210
17905245129
1339697508
7330052866
6726557938
19364012249
9036539906
14719148795
10281831183
4713893167
14667080261
2744712335
2412022722
7073407575
3642045390
8885240512
11177556077
10556470079
912522515
11167416747
10073085137
13369070351
6194916788
5232967464
938263449
7145570510
12619265912
6802210419
1453964870
6246040676
8211466
6038445780
4652463804
10532205294
17587273593
5620612459
932627099
6391926798
3189610068
3848432437
4934975432
17193700790
1827437359
2786130936
7830773082
4678747172
17500190371
6733745848
4322771550
20215656559
20368591071
3056259171
13336255757
4200319006
14529330833
12594693589
12558771996
24063230077
1250487920
1760815244
6496619612
3545128123
8066437363
5417973644
9989836269
18947528205
21625444080
8682185462
6774420865
1373263871
598586717
9655625595
18897653286
11125148964
6117769693
7658187132
6625180951
172287354
13677256061
10155637281
14641784757
11403367477
4576239371
7723404868
9278049372
5958685890
12543283025
10876341197
2374646186
17168943421
1581028641
410504622
1342795050
3422192687
18981588116
17640482794
2755141412
12765619253
16520482816
5601171980
8878819815
4379182267
3683145408
2083537208
11540473039
13001009374
8000084395
179447210
1048475557
3042009813
18621804692
17883316270
11653653176
7765139382
16445118399
8964898365
16364786387
3733938174
3080516994
5238973444
13819919685
6826719723
1459569858
7556861801
14630400909
23634487015
15019081207
9044117723
13932221358
1641433795
18165141383
5437110104
425445152
6004093288
9880604774
18776330817
20531748241
13528947505
13550319508
7761909756
2375813565
5359141657
11520614396
3958704029
10276815847
3536197027
16770305532
10499624981
16206399664
14749916594
7285312377
1713900274
15843160221
4197629106
21691992765
505277126
16860370008
7833875723
2711457016
4817832765
6144770524
17910273993
6307586936
6673827353
3578533416
2262379169
2510328096
17258842422
16081310669
4837841034
7804278475
4970293150
1959367609
4602682944
15527558050
10530234688
3586555018
763352315
15500609537
13782556894
1811137240
16067721618
13143719756
4820351873
1000895455
13819567903
7496784358
13840522569
8409536391
10080156192
14479258013
5691231681
6210116748
1932410777
2525552422
371589785
1491190032
1378633125
11754359485
13249723375
10085934040
9495741210
18801011922
6970546596
1360722950
1334234965
81914203
9545394595
3624959128
15997486296
8956609123
3740738934
2918715902
5785420463
22071826891
6478522122
2926803718
8867588284
18243180751
2847153622
16044370735
220907152
19217097257
1509834395
3602569952
4800056471
1951938200
18430884384
3747940762
10233703988
20356152577
4201087108
1885709380
7293108595
3727909981
10855972955
5856114974
3051907506
8963624142
4405078674
11669344800
3466184934
17508581539
15525053196
14992234048
5942869415
11798667569
2238620822
8085589318
4715086994
1200949096
8147196917
15208303369
2739154276
11428347389
12586902272
14708057059
22117151400
18553510262
9295970167
13819289390
2689093451
15410901520
4637333674
15094802523
5539264966
19014750191
12707407102
6092972478
1454140146
14971822908
9450144630
4439556421
20060673774
17914469167
10022881432
18688659943
140768899
7827237688
9333866771
12998114216
609305703
6789924203
17342851451
19678997137
4854673744
11821895995
18074118013
9394199494
785087737
10988036026
854146924
11963267914
4234447368
1063280477
3959739095
18607831959
3229695879
3205448575
3577429450
19785309539
21903748121
13635697817
3652982639
7937530458
2192583924
644272711
4212396985
17911048006
8036367083
13116099186
6433292355
17912704591
7948158618
841706164
9512075019
8485620773
11072600208
4493544972
14819664480
22626819757
1456238190
4077004348
799466115
15208985923
7252553562
10098986848
1307639646
1648691731
13552025403
10669858424
4275498751
4083798536
9570550257
2303142429
5998590351
4204474111
20303627137
2856472233
2084544624
18253899874
20907729824
20972148914
2243061000
5692116411
1522146823
6252511308
2408000786
16288092007
11784721315
10706196515
647866301
10552915699
5953985759
2584018996
13968092340
2538841886
5689024733
12486628926
6208352108
5813610083
6341926052
7632624653
4307424946
8731039982
6468537515
13490936209
6688600539
4521065567
1971863436
11453587593
4861792715
1034533910
9050939566
8993285855
11507860986
9458755357
9801708797
16762514352
3481891551
3597606665
2109231466
935325128
19399417238
3478213756
95480417
1231558383
15529880330
6964762130
114513506
3469289821
7378134745
15538797479
9403692635
12567228881
12110931083
2041000974
2963588310
3943291694
7627606444
4489608717
3556099235
1530654167
1294043914
1357814337
4565444582
5746939861
12875700807
6530552969
3001973983
24240545031
2564381858
4176078002
18520457777
1606457691
2644879980
11589018275
3610744003
997988225
14425362943
5989993849
3295899613
133651540
11432330039
15568426646
5060825185
11992524515
672865280
19509424525
6911800836
5180216248
14634373755
3637065002
9012585942
1943157244
7603449437
12303591892
9980040466
12965906401
17565251143
18806039033
12294319389
1824952666
9532281921
3424448670
13756758422
6027185376
2168221997
479953360
11990434696
16627947072
8658068076
8696966366
9853130969
825350202
2560295962
5926822417
8941745097
22137692244
10879806257
10083570121
9138364255
20634164078
2559394886
16251975316
14474639704
4474971667
9099413110
4367763741
6694907506
12598154725
2057897638
5569561770
12607417242
797993663
8047763353
8971371438
21122224944
18460213850
7577733145
8769468141
10518733542
820011366
8868557862
563443729
16463042773
20027780125
15696791562
14620340751
5598195616
12718718735
18352614750
10567131809
3914319906
534695164
13634984802
11728053897
2300205206
2340572896
2550444602
14205369009
6731784655
16949705794
4172288695
14029623971
17023202198
11438872660
11174087207
700758048
13797876435
5084263410
3974241820
9104002099
8226752091
8871093536
620294479
16452969126
11004543574
2757759245
583813195
6899740968
16971165492
4931625780
4824724472
958962647
6612852071
470086650
1263837862
15564502788
6059253786
5586152938
5165385398
19053355840
946352747
2254319677
10700258809
6997202225
4792407494
12054854563
3116933138
8772832548
9747208447
17990623587
6704987131
7277608877
17622748173
10269666562
6706665799
11209710576
8336999543
12696323707
8696441661
9855403142
19178490225
11039804645
6460096489
2285834464
2921627972
9795849068
7936575454
4910055139
3215945777
1540221192
2844524457
2015758923
2833376015
14434765272
14685627287
10328823169
10459792730
411491317
17114624027
23499400774
8654231071
18557156474
5457752981
6006680820
49283704
10908586334
11536374087
1341054216
4146189661
8787878494
6783837817
7381549362
8281872275
7786210954
2970285825
2609123346
4343211542
18938766536
711088937
18996460224
9225386557
14074633749
1314504827
20960105659
1295105008
4450018013
3855466071
4144840954
12344273168
9076087585
16397025536
15800445193
17373599819
2103546364
3797361726
2650810692
6733204351
6794350452
12756164143
40296527
3012831459
17548908419
11092084972
595475489
10870127913
169956633
19015889399
14014422724
7922477799
11140442097
4573601183
3822332791
990041487
2803424186
1647354207
426578592
3665994159
4630113374
139821159
7769947255
11746972494
7329340918
6434530507
913307980
9688315499
12637433729
8172765106
10844903109
16513738430
3161039441
13627191245
2130299243
2774366227
7274399149
12062080978
8091775464
13959325532
19374156470
13956385800
11067737192
8406797
7313726447
5994800157
10306428695
9683631286
4797692755
157529138
1327785021
13011833585
13043929472
8066815456
13159250326
14959493045
3446300123
19109984324
9976058000
16617533165
6068457672
16391914272
686643061
10531725617
3086367704
974072488
5139136395
1963010590
2035874885
10522449409
13695640074
448006379
11540229514
2243555067
2084732996
1517049595
8322543294
6223741270
3400531073
13744952564
1754949671
17540934651
3903017589
9869545669
19220086272
3095077000
2266348482
15038445508
13580162173
9959963612
15504734993
11303510807
18584728338
17747021832
36549637
15698956438
19350645341
9445806799
1616565636
9670201330
1271475801
3881837983
4380202826
703603587
15416072900
1493215870
19548337192
12910507192
7207541556
11237896083
19953527494
9042487618
11256798683
2036549988
5715044045
4684414449
1638618613
11254035464
2233733853
1019748736
17408420890
7584155993
5607132573
14690715481
4815153622
7279187245
1952383373
3721159652
18065125402
8993774049
1163221097
18602246222
6264544551
6586406119
9444323626
16180580287
3699719627
7269200901
20444782087
1297039167
14977771960
12193788317
9068443425
18847660136
17717203204
5459053104
14263152432
9308265127
4292674667
8337053006
9512014103
18073301627
3320178108
17266041354
3091118838
2012422678
1681350442
924335741
5593036500
10913737775
640058990
13129722537
3158990430
6056943386
16013512029
4969721141
20348310415
3781824913
13241496260
8393546377
5381797358
19247218708
2033678234
3832011112
785331063
1200667163
3218612418
10956269121
12111196642
10636018944
10756274354
7386814763
16527078584
4597148656
9167884506
1098343449
6305015713
9658132063
17082405340
10504744668
2098637508
21509037179
12502312683
2908243638
6228939963
12146382524
13217173207
8262543814
4965531620
3433135763
20806206603
7977079519
14918451046
2893273870
13168107723
8739596696
4755644383
3612040235
9683960689
2280218143
9903870855
11714924044
7653542853
7832836472
9377781313
531816927
18243256797
4957263102
2594692340
5284228578
12159786423
6736578019
20288601026
9165761135
8412928987
701644084
2896355951
1445150174
10125429025
11316143232
300587255
2259512077
8227763363
15964410723
21693898077
7702560376
6725420230
14179404915
3405712555
19646231406
4207822426
10022261734
18312686320
5121958904
14583910695
8319047014
6533768766
15972590488
5015118901
11989858214
9358098315
15881927216
572641510
3458972811
9352115130
7257421459
5944459338
9956105926
17693990715
3679161605
1956468994
2282991651
7090514367
7515515984
19808310637
19902639360
10051024335
22982054398
774231844
10945297697
4992728008
7347133143
11646887324
12523173527
9523656418
4612175888
5125769651
604631901
15160459455
4664944752
4855782191
5686917234
95399923
5837851408
4820930402
12843639757
17261370351
21442418664
23801338309
9046492259
14182618353
17583475201
8907246607
10010911369
3984407863
13474374458
4669828005
20025744498
3275294855
1684652911
5970142198
8473008601
2382946736
14404142226
1225586152
10299593616
3447704958
9772541466
10927933542
1946018452
17319269212
11588176381
6702645131
2456980806
2270385266
7452951454
9617902736
15157001178
20166762110
15801600297
7902271126
1030393626
3264788837
14657671748
19098248013
2332806145
1951603145
1962656386
7638069294
9043628768
18115265368
18795635609
21271421581
4193198481
7410551569
7518230833
2444224147
6090509496
7372868922
2288056667
15501058787
6127989247
551068950
650466523
15415255305
13403022727
15334733779
9861120519
8380095755
7918790283
20876124592
4014272732
10428103895
13320873152
108769747
10238455454
6507140185
3848095908
21349598989
8238424340
2815968485
4312088446
3278888745
23389812529
3733374243
3377058126
13264653268
15677347080
7442880272
2334820611
2944268442
6688794351
15197949046
8612908182
8015648437
10454320979
10820077156
13092672664
13081698230
3603945669
2173119105
1645646196
5272602150
1880407259
4717549006
14046279494
20933118117
4280899789
2576573292
15149776459
15042424322
5346481620
6829997024
1888297438
23941659587
5051494683
10931961072
2827075265
15511976312
7327477846
604777185
8376138838
5008184099
16896726362
3759179783
3847730157
17060348229
8144133500
21172048066
2874034216
4791586665
2344767878
8190287753
1823150687
4355882995
20774110582
1666987425
2790536998
18481093575
10193481380
63651868
5847981485
8936815932
33203687
2940878087
2882039915
19804026940
11717435796
11084151735
3651492864
893748896
19706413255
2334385348
12099302684
3187439665
2337836488
3450708377
6263013390
2216510657
3612641193
2323937242
11735866998
735338791
4844451940
738083782
8584262228
5216877569
18349618398
7799347311
2502640641
15995667714
21172707598
3229608122
1425535074
8245868321
7792282469
9207600475
14522066085
8068649222
4472067392
16352025857
2447247134
2892773392
3229848515
616536642
16094594576
4228501225
7378306944
5005660279
13392954040
5226963242
17729313193
18378110370
4332207680
2687525175
6808805331
18420278725
266758528
10004581087
9719735300
13951354284
4610361975
19380004901
6118952461
10097588511
12299236949
13757769639
14304134911
10491628569
373168467
4019262786
15800833071
12291404867
725486333
7120667654
8005987790
17736120608
8309252213
3807771286
1880337309
1123734771
6799894666
18503251869
19581340524
9409673927
4968193234
3995625809
15016040557
11956069698
9789027706
10401100470
21162713895
738543664
9572082888
724369052
6474566877
3191757496
3864312516
5412478903
15769297029
15269653579
5497685197
8530824992
17235263736
2937549223
5523430427
10476253826
179889818
17937297034
7958666464
4298764184
11093651761
11807516357
1105804418
9392744398
10667130345
5157337608
7392392106
9883421635
5648712506
7000316970
15465057549
413655272
10228117626
8413121796
19719016004
11484963735
16183244560
15854714284
6516731241
19607654884
4899210677
7894985421
5056783839
6483332440
5618001454
7390401484
14412813195
1318387476
2086625687
10717289561
2294399037
874925421
5042504278
12647197241
4726969267
6619299824
9660279834
10936280793
12950848455
5590901080
8334968335
725162867
16020237140
6069853551
10675542427
7820041678
4411751220
8226962643
2020149894
9155752100
1202562723
870054354
15219313859
18795809001
18100842979
14517365873
7398961769
116703779
4460406941
6511397727
7286014643
6978641719
12433326336
16750527390
451038722
622537119
1364557549
981246352
5326158567
5739734703
6338371105
7357670621
828414342
6872213575
7833799515
1219548565
3722163551
5003526963
1137536878
18682163589
950900269
19007019685
2978697640
16335965689
4229553800
2575512271
20362535284
5443900951
15016565931
8720189837
5198275320
3632332330
7620206458
3215591172
19520436618
5271980253
6621712550
3515795907
19535051449
3477379015
8725118558
4236115765
11684563055
508862196
2502277926
4142252214
6733610163
2138524534
10854243006
7681412149
9931114045
417283390
3854152034
16202491604
4605592819
1181595777
5108363443
7444687616
369310604
5826130967
5595223452
3151123461
14725769292
7858332068
11270580361
9788426763
7843748306
5546946464
18822248219
20948553182
14957384378
5753867539
4500238502
15681178166
17861216609
13722615266
1293056661
17175293869
3287639054
2623965102
8089119039
1987979683
3028561001
9593361861
10979833033
15896928805
8128877644
5081753832
5459721068
152657937
10382801402
4064555912
11244575625
5606009278
12595561007
3703723395
1727301886
6541689563
13998257210
18874512939
20566339342
14200836333
2743036929
13177358845
1358378395
14596460929
2528922673
18941245339
5585181821
500246046
620646683
194948794
9257283865
13304724141
10247017565
6199382400
7633610482
2985229641
2819390900
970009619
15687594853
13760618284
11575495040
19012891130
4388247049
2751694835
18605503038
1316088464
7362769366
3031296511
2570776694
20473584835
8611809235
13615920437
21560239015
3676472120
1327939751
2470915281
2650576219
2390172512
6854201079
5177900376
3860363664
7365250351
475222151
2360046026
7613887359
16010638067
10037711933
17684092417
3267201690
13357089532
3160501235
6906039798
11657498445
8957675305
8051142140
8469731226
4843689131
14057699929
5868147051
5495321565
16596616450
16051561664
2298437965
14759400115
375340991
8980475795
5398996379
14209082619
2176324846
11459222492
5774129201
3075347440
5384448255
3962846869
1591194462
11163517140
17687072312
9294386576
22110274329
21085310916
15386087298
6362194589
1471952411
2274262237
14631551284
20946076568
9583734068
6839742529
1951591632
18052234763
9157712642
7359558633
7886214173
5814157095
4637547248
13079191433
6038546903
8735656734
703377757
3351035596
11286992279
18494067710
270303919
480172793
7112169903
10096557274
405146247
17271644231
23754561503
7422517141
7976149839
6818279766
6218808293
4291022568
12219459547
4986158099
16306437081
9814803248
9947633001
306129370
14348827398
17217702450
10406833213
8200450145
7080189251
535941912
8619724381
9213538784
566695279
3336968635
2777643536
21864671963
13305866394
17401304625
18727469942
4326569313
2944244430
2717152870
209112918
11826743577
459663075
4559511035
1731991874
11683593929
7131095544
10633370004
1942695254
860750053
13784756362
1279668547
888259976
19512441768
7625962273
9339386685
3906904480
15446647940
18533555187
7020144301
2636059471
16972179612
9588393752
3086192051
7857132869
20283824198
9618754666
1643601771
3397979796
13149689919
10147778094
6078815682
16009107864
10292332564
2076733973
4392525251
15145933414
6779800641
2915671641
6039461977
1951090277
10630775093
16858601680
3266994397
787479212
4105841067
1925747926
5027390124
16809684358
2669713556
6485413902
3867710983
9115915216
15467348570
12468559222
8652049985
4770566990
9037744058
1501313718
22139234476
3634419641
425033821
1615137084
17722407106
3109452843
9106784143
12406197967
378120608
10256893260
2650142215
10821363096
3506128152
20928591186
5666513628
9871261430
20759353862
1730556568
7581351538
3172340541
8255505614
4259266125
1286070002
6484391706
10516481402
6641059470
3002654004
4164301527
12620412497
17231312603
6488224194
316869468
2698612710
11876487278
9901315249
3339905672
10507709024
1570453505
6922505614
3655407171
8648845252
2528745398
15888229090
2126688202
2251804156
2880622206
14705269934
14483698036
1154014303
1024897941
9038690392
4827301069
660990628
2452362937
16929984590
1030005925
4385937558
5865965922
17039703633
11867566559
15859132955
6408598977
3084239921
13988295389
21148216225
3126899939
1282471763
1208701184
8449948837
19804675599
1648232488
10979794616
281989192
13759197797
4302954853
7042571661
18459985165
1192892515
17228540236
5354424608
6562820095
8248898664
9426519248
18273123428
19693170222
7989959467
19388648413
16373110299
2184196625
1895949089
19155479559
1595486461
5343029753
18846444317
7615829363
7537238977
16484300295
2084445881
6153669265
20450706681
2386430975
1161015592
6899694681
1790020022
2039055482
3133127984
7516644788
19434245932
1594201412
2604616393
8856710835
892083071
10204882017
10072530582
9075740578
5980510478
14956127730
4957769393
11666038881
9927073269
1592785392
5238814921
19441082170
4235675005
14425024039
2451105882
11415478528
1189655290
20447338446
19284792220
14166909327
13321255077
12832293033
16699784105
3321149917
11365456731
5020758809
9284106091
8448326026
872811838
7943320479
12014435118
18701270303
13746432277
1514030725
7806045300
4367752420
3791972553
2106665777
6579354279
12024893267
7274040858
1431823199
7526793144
1354585404
2261465557
8380794817
4558855470
18050131989
4805931622
20733519705
3048347771
6938300961
17483415393
5226410242
6096192595
22341763440
4028032532
9875574601
4518114305
8450490817
6548885832
11573827634
10108674456
1161755239
10080063506
3095588944
11699458150
5931634363
3101210679
5711333500
1859731938
9949497330
8054730097
4608795020
5067159094
779654122
4670003178
5883721249
7921180838
12863258427
19784177649
10593702990
369085956
738603666
16367455235
20503478144
13412537493
9089229686
2286459963
2475114818
9572963113
8548723060
4766930662
14144039476
12178749524
15098946483
17489656352
17285713918
1768546341
5369279764
2291064904
11583423881
2950010548
9380014189
11453578763
14853868795
2807031116
10167262825
8434983350
10641458960
5143748775
7318689747
1526233806
6439657712
4274164009
5324417135
9867701513
15796676040
4759836214
2725183544
18458478354
6957695729
1089669685
20371779949
20496880058
20270990735
10274309034
5767213252
1963113780
2688345772
10099525990
853300842
948831979
7774084860
579692730
13542677871
9273252232
5906584248
17749556597
10026893946
4250128095
273829747
8124025700
3943864766
7973443621
21179061730
6600225227
7508015719
15730072062
10822717755
5490030925
9041034960
9536905023
10909465359
1903897686
2980824600
13059105797
17958131610
11782541176
4480745914
4816737610
9477936026
7698817677
8485521965
10490608258
2442133216
549996559
3250404059
330351055
8929898474
1611838412
20900578247
4331043868
14572369069
8345520416
21886307229
13574669725
7067435475
6241118184
5331703521
4855696036
13277243468
5199975059
14541274332
948645660
4511027508
21445470144
5878634267
2018670361
7940629256
5359796671
3106816912
12596293861
2186856252
9240894478
1517736967
4479439897
11834420086
1655511111
3434453057
8439265460
13728075341
12654368436
3203638999
5373684762
2480981371
3407996643
387967936
6289273635
10426815173
1700552690
6034186363
2058743228
1229479018
4488538316
1184565924
9450387256
439913478
13096139777
3465456838
12606559517
4052359458
15820341812
2157155089
922317428
6104304613
15757105547
5870309591
9017812842
13908234000
11454263159
16280705615
1652690165
4370411463
2659633912
15881553010
9406563574
1730353502
15537446004
14794105847
2505381675
2691321478
10538804602
12340737047
14106229478
3884217697
887517769
12846237126
5101114345
9878318620
11027884932
2817834273
12371683533
8048110181
6981654115
9363440493
518421494
3535324467
3151699349
14773920616
14605189364
11367116033
8636927340
14718049285
3065329196
21660612850
6534520802
12804282965
4498857646
1645686034
7956098654
17916497986
4169103380
10090410189
12415633229
11588154352
17432838911
2339347232
14239692472
13738689004
14995599231
4913997857
4406642690
12036577468
7217087774
1914899128
4780338662
6023668135
13659529145
174299585
12688387526
9936263632
13030618412
5772904164
21577456377
4326197473
6558157744
14941941216
869045921
17267648642
1779939051
8827119988
10450948207
4161851514
1201200689
21269509525
4861434441
1699649626
6218315527
10235230610
11226425843
1391036259
9938022387
1181236603
4331785065
18538017196
9345262003
975125244
12888020702
4463664628
2088203106
9916288162
3618375747
7654186931
8321896048
1038028528
18216620311
14666251285
3431826357
9804132699
8666141223
7748106824
4308727057
2150642852
5764457716
8551090371
1491763571
9428745137
268120565
18750665930
20379097272
20953829880
9912040818
1063124365
12436625006
2442948353
2591600827
2574271589
10816412192
9462655008
11179421269
548346253
6743769435
17284073969
9157689603
5960995409
12716225728
11302766697
439853121
515451587
19684069378
17798556581
1159104696
9452304537
3382307418
673394586
11985559966
8556826813
13484090504
18459565996
9504681299
8763408920
1470148985
4311197058
4775388246
7068564059
2160260284
10923029495
4451937617
2628539894
12430984731
1269809738
2990168220
11739055430
18005289034
12978288042
3258760316
18120808274
4063142178
15409669510
5428099340
5963467282
5653357126
12864445897
2750083980
5231828566
4026148428
4838277213
22555964116
8975501664
1871087386
14957033502
3464763017
432608739
10395997011
10707452638
16501454568
10565059607
7108964206
11991507767
10873637351
4743312242
1227789827
3477117234
5631849104
808228815
9868475124
8707738339
7014041792
14632442292
6068702224
17995317304
19973309548
8741318021
9395457342
5662257038
16213012640
2174700109
11391437508
12930761108
3299137101
12678083028
6150280387
30674131
5852543158
12064782599
11806308186
14649544463
7006302282
8298505607
1891613844
18172879048
4975015309
5399493925
2547948756
9750767635
23022486691
11060066143
17304435073
1438260833
3832295928
16726683553
34515992
7486039101
6494880593
7315422050
7109952509
9353849722
5608721928
9838955026
11882787259
15631054680
20494447206
16895485542
7395410072
278419906
912478955
959460448
7502829348
6826275487
779506082
13976780408
23922666664
10507902515
8154018823
6769278240
9313160841
1713564573
3255981275
3950297937
10788073942
13256148571
2545593808
16683367544
10662480332
4373257031
24182058135
6660280960
15630654430
6013755760
9714664371
13200297951
13818199336
6102078896
2747142879
9770986339
8737910991
601330928
21044885471
4928425749
7015890463
19412072537
8736359355
340415083
295976375
11975269569
19941091089
23296380541
13339635199
2528237204
18608581896
932180046
12049205280
4128343854
11124716513
2275090456
4605846323
2508403309
12302463882
1119720367
3102430832
7655475462
863108895
16506226012
17002305137
11093269857
10724714472
2309211496
20965112860
7115357177
5147273870
3708623907
8211916122
8879797721
12247214513
7766093046
8573966586
11346794052
18694637129
10019265539
1753192857
5425348476
6963764318
18932752799
5877852100
3036016436
6693921037
10214465590
5000197945
17420983651
6686666595
567901564
18979627006
8971614977
13969837345
5925364603
4913905271
1721979025
15955598902
23047792444
9681793454
824830830
761430346
19533980996
14298796712
9896362469
8786970827
22785421208
8117605185
8222383210
7233720665
13072899640
3116748018
6827126993
5538974230
18511838579
481086537
942643930
2841599208
7756660867
3651917048
293276913
15005842957
1747906737
1924036078
9477266821
8300454113
2662625638
21297590249
2478415710
6279045899
60693332
9293407293
5719441269
11985847970
14636019172
2941055252
5432916678
5732314483
7117467745
8026057600
1075480076
1846753876
5360837722
3841668907
2116495127
12224280965
3105643956
5455687765
4025759040
14278622562
1274983409
9177357636
7558082787
8738652143
3475875052
12007305222
6001442796
16633944234
6280411743
3182893136
2358912587
7135214063
16076680783
9093341963
11724712282
2028167370
15271049918
1159353298
6351782844
6364982618
2280942848
10698231181
1727215332
10343177314
7881168793
10085509989
3985987132
7533280180
11272209578
6488606537
2046753153
637681487
14957976017
1821638174
7304628762
13415164754
11527806520
14314121890
1673741972
5785550324
16106431182
20551280234
19759168616
6955836781
7777485096
1978336746
13005596485
2826502591
11028255518
7265361944
28924549
18219051225
3568426963
5601549764
18230658530
8901106924
4221071826
9459187012
3286439294
5676505954
1495551894
1541740397
1759259599
8115610226
5319466280
4174764602
5370053595
12840829140
3207153953
6543299967
8354707303
7962592629
17765609915
2027759613
5913894986
966888406
10805085255
14686642826
7288535652
9150680521
11138038637
17668877264
14397999118
10332923784
14246838599
3645647710
7056677893
11781852876
12965119191
4444385348
2301458689
4671365857
4110525818
811888080
15372621521
5246144680
3107274653
10844988165
14225181191
701230665
12782309656
13193852113
4100014427
2356655853
3375504249
10435808642
8090240420
14874276732
559340033
3026280088
10088145648
1051893053
10926955549
9738304281
21277081026
5638638975
20110504375
149889048
20368112289
4260257505
5253877877
20057839834
11168340551
6055435660
1150971221
21819434499
4376625821
2712942035
8412871322
3357205974
29358654
15893633391
4197248749
19072356533
15915918652
184456012
17586949153
20786945475
6671244694
986058525
13020442420
4192402244
2510556282
9052632242
7813114575
3738086495
15950251460
9856721476
8384895059
13786063819
6336618421
8377171294
9472095398
18934271553
2376397306
828685712
4358156462
2269617166
15617719957
7268246943
5412601354
9637625919
1177485957
2033621254
6734995330
10706004371
10644352481
1995885425
9184547652
7798709703
22479558739
2137459159
1823333406
5260225753
17153247688
11684518375
12924751601
19198088558
729718762
17598725821
3749775326
12027461558
9541323047
7053614049
555702778
3460613165
17572811751
8456922343
19043237599
3290851845
6819423757
6048029488
7295148159
835618538
14759790712
6564883516
410753686
7598280185
10204412509
2332671252
1670881441
4507367661
17757901170
13734162265
11757860635
14621580326
4598362403
4207958160
13358083027
2944231856
2082447114
7453941718
15404261895
1883214134
6896890708
23456646405
5151953782
13924649053
24142298212
3645304389
7165546094
4450886215
4351469439
973522746
5387508500
18290045305
11595709614
1355168936
11953353066
3902849557
13283718037
1611207546
2807352166
4171007504
2196523583
2972213949
4614526891
5328192133
1409272584
16116868030
15501908061
15011396613
2485519423
11338560826
3990278252
13034524358
16424117491
5718543416
4813836173
2569607502
13566242188
20960199665
1512359800
1362094683
982422829
9236618059
17467095586
9907216740
1343397377
2034035783
9213070917
425865463
15116221102
6491665123
18380157153
11791417305
7482983063
6739507454
11245865311
3981182864
1524289847
8833955130
18418765009
18360730695
3708834266
13987495953
18493290620
10290141653
6174721243
846313394
9395663353
6302435784
6988017758
8057438158
5794142303
7039259321
9059268552
6586865199
12482827452
131592572
11672671555
12278366693
3150088475
234398804
8493239639
5016300635
24051902404
7977939731
18760153061
10047100845
22850331501
9621079666
1849547208
12957478107
4386299840
1290906568
9037587277
4174162173
8736231072
12288626005
3816931044
7788255658
740846499
18327837683
5348273767
1878054710
9979363682
7060257097
2260241923
16231636129
5870071064
424168992
626258861
20399775342
5528199347
17375772786
6576265704
15457709100
374746407
6917853955
12032668070
11873883040
2085426954
11842438751
117984352
20116678001
12893842669
12893232266
15353534757
19219506639
16570320923
90023707
15789941010
3708857109
2878470011
12268963995
5228377921
13270676995
14012437508
16410612269
3984805844
7328679891
6264489590
8444488491
9468543177
6164092350
8784840774
11259250824
16934042343
16794631133
7055626113
2994315063
4527798569
21200798485
5846325510
11370803397
2128935250
9423160015
20365186472
6614852475
7203108292
8803188804
2517359600
1180578731
16931102422
200516227
10323846524
9902371645
14140461334
17957741627
19364431655
6811212022
14650751841
5675507639
4300360014
13492220680
8641366842
3776838344
243027732
19447043491
3907863899
357751379
4993021211
19694108186
2196321131
3514687422
2514587778
14527041310
19151269165
21688627516
4618929753
21162453538
13669353610
6403689711
13632474052
11965728759
418413608
20125018867
11500844833
11954498888
7047792496
18995210045
5038415259
9341577895
13559076515
17905889882
8582868547
10810695278
2772837808
16025271753
5902876406
23416632186
8755336748
10470855587
6302978053
20940893002
3661679685
13324104248
15397328103
12439242019
3682297301
12127689595
2088534013
413310779
12410267214
11133169418
449017855
16094226838
6655697784
15708095087
623532724
1696178434
17537220468
14907820747
10237173570
4093283713
16193363914
14333785918
759261858
1273865724
6502679330
8926941644
11309573242
1629546171
16552231052
7916149888
3120279715
6653327805
18622863183
10167818736
8384527230
4819150949
8961059428
5866569723
3156965779
7007734656
1658246197
11112405727
20238841273
7292049952
2320082645
20031141164
14589580056
15326743702
12678462647
6579443033
10923818853
758106230
8699569098
13351448424
9812205693
460287797
15526896113
3675738261
12735836579
254178433
17796385062
342232354
9976541960
6624012483
1298177705
13019182367
12596764548
916441138
11737941965
8265095793
10123068184
9188562925
4015180040
6697216152
15375057869
7072861745
10594226504
4550113725
13166742550
4628381926
2131437928
5742514561
6782389692
521796595
10777824784
10780971801
16280701364
15596772553
5105021789
5659232851
13088423274
16419200817
3363631697
8437737229
7508250105
1721278437
6211614275
8165538620
1997466276
2161725354
2180016512
100912718
1344826604
433130350
14808014928
5448506200
14109825697
10754762781
13493716258
2394038574
538855818
13224653375
18321610277
11827209101
2029523304
404338603
126284514
11426958077
10846274999
13651457535
9028582377
17985724926
9117824772
12099028521
12974521430
11113395372
12186988573
4978539854
12454105606
15395611929
14761868454
8780067628
813087827
5823833670
12631384343
19056713842
2824230710
6638455486
5138191531
5212226647
10657152959
375884539
3114009676
2664120676
7314948612
1546592777
3744952683
3935999811
6616106775
16455239535
7916303316
2165838012
6184110331
9529688839
3322946442
14121438763
1842675091
7959070386
10795306027
9118934475
10133973378
5951901836
8588077960
468665750
1694682987
3079283337
1979314806
15576677981
20395146143
18096334509
7261240698
11973971558
11472033789
6753336692
842985823
14824203129
1678336700
618950920
21685519578
11626457848
7970038100
706759562
4450106272
8397759382
1867266018
8662466354
1715410229
14196153563
142432298
7564555434
12473876019
7948906914
16154639942
3711618659
536168228
8560574581
10085310253
11082233786
12414294808
3999775518
21753245720
1735574376
4385182564
1848100259
7926904132
3522307113
20741673175
11874924751
6963207461
5947910332
2112495314
8569473848
4003800889
6285389561
9205173136
3520334460
10355090709
9909686728
5672361168
1813119177
13596812486
13434554532
4439866036
18880885490
17454234039
1554546124
994727178
10571540664
3075367434
11998547290
3716793882
15920967634
2193469352
15132625968
19735981858
14584960458
20627465990
17971555902
19789285787
4520501119
22065886851
4031403808
17592295257
417909780
4529097494
18680666564
11487586761
11158326750
15477070222
638213701
18147734694
14214762220
19050088075
3387195135
1243586489
7426571500
4674232132
2606211355
22986719710
3058594559
922315104
12592796715
2745577892
16037265393
7010071867
5046673112
4791537532
5715465317
16430472971
6999243153
17202949794
12758763113
2755648784
22661929793
6073889949
16413621862
15049460471
7646654774
17663985543
1512946255
12819126896
12172370680
6678959752
166877524
4915250288
2461415309
10176195810
4566897447
6995890514
5671847882
3995072
16445876257
1936408574
2821608452
598379391
6099146120
5177241695
1110056603
4287242286
10800535652
3762562015
1611152086
6131129230
4415973295
18224446833
6279805628
2642509655
17033999840
4333935354
13017085837
15711376235
5007492390
7539626503
660219956
12959442070
1939063377
2339653130
6898558859
14451884005
15804060302
12143261971
5106241516
366520066
15953106629
13744292283
12051461717
3534696734
6118992611
17826502907
652029673
5915279706
5898271285
8164628467
16078471700
365095222
10139621546
5312509139
1151573876
1882980439
4772060616
9644682871
5903945764
23181905800
13638651226
10400693825
5516130838
157069750
1051233272
15618693807
10505275854
18373759540
13242507384
2715702233
8751380247
17875675247
4686380936
7022007329
16486931055
13345492527
53761782
17606025716
7679720618
22299969308
4660219918
5948631813
447437429
7242461935
15132892306
469114592
1078891518
12791586177
12022337909
2174179978
14075585038
2011232126
5039861141
15498219979
9179219435
9284252443
18712309213
11997968955
23853170677
4089493623
2209622336
21837664667
10801630818
7429724396
972711956
11877795325
1922671974
9087543257
12858504140
2800804204
4315000242
4093512052
10228780700
4796784733
13951863291
1247376029
14416697477
20965478794
19230847800
15654309026
6842250123
1723596309
478492469
5095323336
18262546187
2866514746
11801704768
1222402150
19590555916
1117855703
2611030496
21903653318
5398406267
15276891535
1977933376
13570143553
12365304402
20454000739
2739408788
17562546020
11890786548
1525199956
14011850605
2646169886
4957756702
20975146550
15154673715
5942622912
14737305862
10008798236
6473360908
7935357918
12936636190
18769327544
10536338318
4851706953
4420246475
8133780136
7857796684
2410729745
8703751438
7905368368
6008118628
4573202667
2446827461
2270593699
5736576600
12419169623
8336083392
2816705923
5174271618
1963098041
14966565265
9726531494
4466537189
780477042
8227785972
8726748210
1174318127
13173369841
20440934147
23832929959
1923426731
2338678851
9498775899
6590798712
11189875695
14856046437
13287090004
14165095224
2820559334
427937671
6087151989
9084927486
3452370259
5258851079
10539908312
9763239947
12673301049
7407485109
6605511401
16582263400
4024521259
6635510365
11702714913
651164171
1104991019
5029525395
2707578742
12204370967
1147199551
1451129514
15378457773
8979393459
9984466204
19796938149
1241522489
8968887486
8902437374
12399760440
13031138471
5704116993
2078025120
17550815574
3309225090
15324909902
277286303
459483074
6880555318
7210248433
2439571626
7668592770
11069059723
5460998938
8382267967
4744634241
6326888634
20192597781
7381273240
12512910494
11816773322
10242470309
8250991578
5851548472
9493355855
5495120623
17169611529
78861710
3079980695
8600517859
142074809
19516269201
3263183109
1166536253
2631235794
15137378705
7183274411
19076961849
16288180077
5145769808
3007072556
11941382110
5961014078
12651302588
5908865798
3527566951
16140355097
7604716091
10790684862
5890969314
8451885936
11327282161
5398051201
410434585
5023415651
19102120815
8172802216
1777302523
3366920287
17596754219
10486103087
4193090035
548906277
6772857808
1416801942
18102515270
6545341066
11967425073
3141299803
4053298514
9884955190
15207117748
660458873
5059383974
5354147358
11687231657
903542410
459135348
6434337824
3933330679
6814840030
1131122165
3344519156
2957848351
14425667530
4898184126
8970263305
1942420934
6010903591
11062162222
17648862895
2485453334
3627394933
9914795313
15163873815
12639501714
8259727091
24142611245
18829845132
21835385144
6971565703
2659802568
1827202983
6871974435
10417501834
10844363201
14242054425
2957491002
20811558842
722193447
495094001
224728298
2659006207
8258988492
14946052859
9285396867
20538515608
22029020663
13763102049
2412844424
13836733846
805197720
1857140261
9945089210
9741071606
6987727878
9977075428
24128926435
1487307637
4844784896
14565713056
3324053208
12777638163
469211200
14606820459
8711492769
8458275228
2260540111
312235928
11429078088
22577362072
6750742225
3643974707
2088477585
5718918532
7384989430
14500213679
4114104874
935062704
19182627335
10826418709
3177610697
2095070184
2052882209
817280178
12259667639
1050343124
1191181187
12714742951
4615344329
14359517768
696949319
7883480830
1232822702
858343353
2877523879
8313483690
4261052921
15622747290
8208306531
6220488862
747089254
6025704641
5619641453
12857305006
787641143
7206983344
8576109147
2621109054
315892570
6467050091
556315843
73606247
2222837986
65573679
10275577364
22336179097
9610044299
3902983118
13148710922
2160109222
4191917780
4275310095
8515297206
22392072168
5859170777
9125956098
14906017859
13119473272
10123476993
244703185
16888947487
8945904482
12084882410
2641142405
13540640394
14660939088
11409687454
1202985009
3439222617
22134118391
5351522963
15284848495
22635384687
678750807
11997129909
20169218416
5905759911
613440506
7976226043
5683459717
15208106334
1475428736
17544651887
2617952923
14199416659
5596178687
17412582432
17814200114
1581234756
16362032680
4542592289
4776149022
4219556100
10244679548
63435381
4327824261
11871759074
3517513774
7289197078
14879388860
8383884723
6803346780
4717723767
4863127291
9094131621
8857126193
2624088642
3921799812
10873349149
7680867359
5309361709
8678229707
12522729679
1279738056
14530378481
5110997367
2700362121
7800627847
22950858483
3175994211
6274673874
1198335513
11258173700
13409209276
492085030
13384483538
2301743952
7321322768
13219298645
16704273568
7442662518
7357392509
12561436141
2421711267
6208322427
11822703937
15930407312
17806031461
2658800614
17414320022
7377626887
8781705358
14610118051
9843123631
11303520297
9483062997
3068454229
8024593075
7138728182
2270843497
8614436421
19074630898
12301430399
7658382039
5260822969
2609958120
2974741561
22616207768
975523255
14824030298
618021350
10865348038
11404700000
2203027438
6219338365
782745228
19125551284
18608468724
15458055952
3163127384
640236672
13099740013
8429414914
9126639663
3587756915
7682105222
13584555621
8239842239
18238947856
704924500
6271490851
2108780386
6530315775
3927951015
785528970
561679143
3860872579
9904466448
280458925
8849766306
2743071284
4804105963
1393781891
1689520622
18271441746
16437647214
4900538012
8007526761
5529261283
10572629733
16943759585
655747567
20132250055
14630395016
7376011015
5101847699
4064134135
1390611113
11514297019
13080483730
3973334834
17241118374
15831031438
5620970144
10811848510
482699281
12685023985
11741936357
14360044204
10473005051
18951020187
19161871314
6127119762
5486231228
2041474357
4961170260
2462819503
8802950587
4795780151
929493537
11652544061
3622957849
10786837289
14817033784
6992552358
2685093900
10492876420
801192708
2958230780
5731824996
16726806173
4043066921
10863639787
1259931130
4122683281
6230148112
18558582043
7424152531
18007607228
20320000584
561384730
4826514819
131715886
8440744302
3559785818
21776622938
11923850217
12878760461
3288088412
8742267134
3877073048
9174521602
1821542491
2585102687
14702020499
744554095
6869002824
5981979015
565523477
10547462578
2907442889
17540018072
10396807617
11649554271
4739977965
5610029127
4577136124
22964448157
11165843175
15513326644
13694489875
2496713517
3821164896
13333171225
6505609383
20337303614
13302720095
11280262469
12358348171
21106846820
17375342278
11802911614
6604355186
1801021875
4489062995
6640092124
3797362040
15884002035
21822056216
7301092825
4678329779
16149122359
10519836548
6042042526
2575054628
5063631502
2350080572
14194718266
4625850503
8680828026
10390127782
7786447170
6549799174
12497928088
294133563
1720531844
2010539273
5753846321
6540835499
2606701343
12710784594
18283716453
10675152368
13946420096
14035699054
5461366979
11973388734
16960033441
15672329936
5115696378
13811490475
3000282139
9459042404
1570417399
1833357001
1566726658
9329584804
6963746596
3026919729
20489050895
13467992465
15383401227
2409566288
19313940393
2334568056
13750208802
357450801
3621882059
4601403299
3120501387
794932415
5521548555
10954515559
864701555
10537391262
9708988710
7411426448
1135391078
3555202891
17501420135
3474972413
9313452396
1063229396
1697344412
10601312000
9487630843
12091873722
6216778585
2279830326
2806820207
1150193588
5768061141
3104415456
12543630135
18108078916
1430087697
3746691166
13367482477
936958360
10010350581
7958136305
8987707941
15179122831
543700787
2228182641
14410218028
4255972548
1780451680
9308534883
2996078274
11662379352
12964928775
2573512222
2124269279
1305522393
4611416596
5203597532
17694961103
216904487
18528264662
12019473883
8751350990
1223129067
263115716
3386691914
5030255247
5942117704
17345292595
4326818882
23181676432
1866285170
11687685606
2737763290
13021972025
13242120779
2094110568
16506461583
12762542123
20097733193
289153207
183544187
9381770670
1071359196
18528053290
3180713148
5276076510
11260577525
1531479188
4246123353
3639558708
13763678120
3507869136
14651007924
21967431190
13485217361
7218233387
6082418365
4012115890
4933912420
5678015409
7268091130
2934125082
11421224338
19493216702
10195904328
18372282320
8584547962
19164342439
2039810486
283522654
3721167906
22819680690
3095874116
13426943884
11218577966
4081152920
1988895893
5808480745
10460102640
5519583753
3665403086
4826142179
2708915006
8566787699
11641857272
13270603756
15212835592
8621475158
20386864006
5039212580
15460733555
125221846
11273293905
4444501487
8054877932
1166878113
747678159
5535867030
7055987457
12180966406
22051081654
7927000849
8154507167
13968742299
2246492903
16516143704
10769276382
5827840654
20359520149
10601184770
8721790216
6458321800
4660712801
15719209235
6420120989
7252257276
4674747133
14686619179
21028407603
21781488917
839619068
3091333246
6730353172
3826290125
12192471709
6601490508
5764222277
14982730927
9423354253
12106365212
2442939298
10999588045
19192564609
10925265533
3368326298
3487214781
5549654215
17655075563
1584011464
2176964623
13636772082
7954797411
9896434448
14316134336
5227403706
1339119499
3411598754
2402245582
4207804697
11982016784
7549370062
3856887068
6609557230
1277768283
20650587290
47926636
12903361326
13317281413
18834354748
9644603285
8841321555
2372037842
14710622196
10490783816
11881026180
14021344220
4170482843
2315985380
20621683369
14464791028
15680749387
115329073
19132244060
23855591143
4318642288
2831252615
5300052826
2356471048
2300466349
3167345964
12862589994
535791308
7154207246
5125804472
13643852053
6977938377
9966176437
22425660774
1975853291
1031057472
12230828885
8886954234
6858336621
15126021843
2087834232
27284336
6065752649
75743445
2596979546
12856565319
951077536
13406003376
12417467374
1917109887
7466566419
8439971432
19488465279
13470925437
7867858206
2201895906
7371689819
3825617971
14958558261
8840545272
22444491938
12586402497
7165915567
8831961690
7790380411
16479372447
1689092758
2855705070
23834830809
7699843626
1399510861
4027065642
14913090133
12430730270
4411584614
12956630207
16048288464
12894241348
13285911884
12709817069
6783247466
6419381031
13312869402
8898483248
3809943157
4713660268
4483066867
1557259014
13005963578
8837134009
13125223558
661252997
10097886921
4894460611
1880620119
11725735468
5974202280
7667681001
13748744010
2000255384
6604925730
10341422321
13889653861
8206405435
8746042858
1762266834
5483064903
2970992366
1661215955
5686650992
3421065169
6263566489
411270539
15030314300
953204341
2540268663
2086985312
13843664574
5214182761
9879436039
12002330354
15803045434
12507212985
8376385676
41949169
7492795565
14701324153
3867246962
8567239779
4093159735
3544783544
1251178128
2196537587
10179898455
3843571725
13090285862
13227145851
20601246483
34709689
8608589130
8239976048
6509811119
19268257556
9331130515
1727805730
19071160561
2784083954
10588191458
6202718684
3963953274
8441538377
21858354058
2147526769
13834405945
21460693129
6443662759
20357189799
3290345187
595809592
4387366582
14174117080
9873211236
2208256284
184629787
10124474650
16520127767
3192172224
11074365213
13068262133
11428363854
1078592606
15800503383
4626768056
8837521063
13405777965
4767064442
2773841829
16874778791
7464224706
11615845761
4848184501
19008591452
13111099706
4253966368
12225291270
379636642
5328222627
10065512148
478072302
1719928463
12425070091
199970897
3810105339
4281365087
13289691494
163209810
243465689
4398226465
5792954470
3863156342
11351623287
11927483730
11919262932
9427827172
6220951399
16047596291
4042275280
6514559098
5542347017
15289956588
5622903408
1755512765
4049550573
3376873873
9519165586
2904175971
7693351154
22930733979
15963002290
3132428726
10664852342
5236621628
1921252248
3701544248
4071315041
2977471257
3648015302
6002811230
8839672284
17457652804
4725981795
12196889634
371324598
2452762354
4882056831
5324021431
1492660398
7225903655
6249278925
13392362308
3872479964
11298282494
176671419
15337601693
5583808983
6872603254
8535480940
39164602
7356684724
14937055955
4911366828
5444548556
15585610910
19562760420
1545717688
18747504960
2328590551
936964585
215115254
942091038
7849977304
2426635082
8967022066
583746695
11448508620
15132146840
134729080
11595197779
2008557619
1071219934
1192908089
13158489661
8672606163
5898436987
10064288187
766972858
16665203807
10990901171
1328756964
2174226189
9983871940
14073464595
2222471880
9960475977
3860171094
4418620404
7526021050
2824628466
7786438851
4233868409
2224822725
11012226003
8831228919
12839350374
6554758911
5760791521
8650399724
9215855975
1287261642
5460724791
2610507253
3202934603
4206928476
2272656511
9646113385
11448847678
10645308956
16467703608
1797664920
6108594905
4452065201
9801119907
15852225833
14450909306
8946558401
1703581577
1055704882
7213491323
8510719437
715542834
17329788870
9296221073
7919105561
8488929445
431641392
16768796529
8845665300
10096071725
157671053
11679874249
8547629777
11190057645
8744239618
9975100432
17952770130
18709184086
1748220746
8363448699
2585027143
12108318362
3603621138
1570324878
15459222013
13730048177
6687941563
1442239610
18555424764
4576318908
13880765865
9589397316
8245080538
8107504851
8007682092
11912507070
16766552234
418182921
7659729828
16633785714
25992818
11182763453
4833894059
8841024307
10924229761
4251672797
21224258266
8235446032
12171588758
18965931144
15897976054
16149044780
7031096869
13283410736
7736114555
17633686259
15846028702
15256022893
10828490360
5827717474
3630394457
855601049
10555441993
11096387724
18420836419
6479114952
4284288313
5881615222
3383882866
1977573539
7722395416
395359905
18892363790
21984781140
13376598271
24509348872
4301905341
8012817242
11839314983
7601520047
2829440245
8953730895
2421410453
1728304224
172978818
14693382773
1081796078
12338798625
712015128
11085994126
10866706682
7728998982
4510964691
15707007729
4225456645
10978116274
12180139179
3620209923
15104165691
4159222901
3328713765
20768947204
1737779945
9358197970
6595303222
2997990162
2812767875
3330364599
18506250426
6728787026
3280595583
11757207698
7196256976
477985790
22470467188
15048478534
19444091538
7268011861
16180950936
7120918853
13879992396
13765968019
1867888808
17501443689
5205622861
1001363599
2188629869
18952378662
6340886685
3525437548
3196485221
903879420
4908854087
5503143720
4747624577
14535092063
1125807626
6646652874
4713420112
13394534659
10343905300
14211242010
14081594688
3306242548
8657535792
12253399680
6060198488
4883863368
6384300240
12730997952
20534531446
4220537440
8998992510
21717281461
10675152672
4160634835
20773065145
15978993148
5168099956
10288520589
3066564156
19966629566
5925446182
5985352710
2918088504
8019767390
5556635354
14544550866
5950073016
8021076465
8166827762
6856714346
890380613
1525537963
9487902255
7478017566
5604864453
2655365902
8953306380
1081335969
7332504373
4463503495
15290286797
13750981144
14479704848
12892266649
4391025361
11623558289
10771851195
13483363800
18159384067
14063786812
7285614438
2299492681
13550270696
4862902706
10932946738
7781707159
3332650347
6405151854
15113153436
4674325311
4305885381
8274135150
6852870222
1482829170
3857524447
1234983338
3858917871
6168157856
4436225171
7489522935
13612922394
6702277776
6696262370
67455898
472121693
15599626248
9194891264
4681871827
7470703106
7194260467
9667109069
6451835882
7774661613
818446157
2492052233
3611254840
2515333885
7502169571
773752904
1281257141
18048195286
14328446407
6663994007
836514944
227953004
9755830241
5633191611
1762067688
597532592
10246205874
13308420503
11619213153
16641528694
21350840840
4271360313
12499868738
17130397481
10085877415
2085145710
10992864032
16737321147
2042452353
7150938577
3328630601
1078490001
17671536578
3969049406
5486693039
2146365824
11902404973
1426496702
2650908401
15900263991
3625726579
6044179241
2903321863
23500738188
16308760727
10000846928
7234820984
8193664901
13254662791
3705709117
16366323940
5671348878
13421676002
8920900638
17531633180
18566117993
1357528073
407718398
5064666513
92323923
13480623715
14555619306
10838966288
5951875660
4084202847
8442783439
13594922944
580830801
13881372647
69629393
11584892088
75745327
14208389399
355386060
22720742395
3976432822
6044446613
5352165668
22733495749
4646032724
3906916696
6438721041
15568946063
21533664501
1549560735
11748154008
2847369864
10790134935
930664569
2107624644
13213003353
13964836217
7268471913
4862239780
1026258635
3611527585
4258232021
2314350241
18059445123
5068587154
1629257998
2532369256
17659242828
1333433689
19166520163
926679739
4532615576
13104233062
9332948397
8239372390
9532764745
7437769991
10685992113
9697798510
8143163015
7986229732
1195057171
4700642528
4675260009
5049120670
1535838636
11662708008
7811026511
254512302
21999983587
863179164
10069730872
11420650955
21431868889
277275740
7976730823
2548312706
12207333425
13771378261
6738852828
5739154358
16076369524
9699579903
3109639121
13391400012
10529332255
11680571269
6591166193
12656989341
17438410660
11269591726
15778569166
1390489034
10455206847
13363538108
2803896717
2370300636
3848980201
735077501
4054066394
4844389190
8489827694
6079769112
5676980454
11053862745
1389547728
22714605848
11311070215
15240404722
12666344028
3696107688
9006490997
9564385378
3758586418
12860573748
6909327419
15921011465
5548166035
5445079931
2393585003
22186332278
12836807054
18615277495
18327174508
1638170936
22323921236
20925856173
14414475675
17654938803
10866515072
11796899172
21805884588
8482737598
9939085326
16211789722
3215374476
7689089696
15649860220
13814593697
8933823379
1040099854
9176681166
600321172
9526648782
13019639182
492159395
337943480
12063045507
2324022011
251223693
1628523261
6634426773
8537411160
10107359541
21191423518
9025186912
22641035819
7833782907
2695780443
2501196653
16551938825
3925621401
3767663334
11833719822
17206428556
2916024435
6166356825
266353980
3684724514
16162032512
19877007893
12993510919
1529439807
1066016159
16687718321
2275484147
5771607876
3014015597
3325997426
3054699953
13192139679
2711234173
6298591334
12378518304
6599269906
5592588862
5231974259
3824814315
3175076464
2246993078
10628726454
14985126962
6138167482
6556245677
18431909385
5118002565
2379768669
18302324883
14650242286
5507718975
1201975593
1615423361
3476398865
3323374957
7654775027
9238020629
2900318848
6667235536
6510878869
5654156404
9958054577
11132031799
7640570320
6228651727
9655517182
11229853388
19817635985
9658803018
13894260990
4874575233
20703271380
9607305223
342990144
6077137295
6879259488
16383565926
6412029135
5173603584
13178494440
10241685331
3967470630
22739556087
11744376137
714675953
12998813689
4225271416
21491595329
9410995665
5121530434
3725439377
4234788157
574822072
13666036378
2145927194
12022102761
23219717719
5382554651
471888850
7397285768
4364721675
4294045206
8439740731
4318451153
2087426078
19465605104
19075205505
18001242492
9449890933
9070921750
932915051
791513741
18591198694
3993234107
5404442263
247454016
2299767578
5074449532
4464851847
14618357357
13108655592
7924805419
2387805408
16112210896
635507127
12581336509
13390450158
4689159979
22627324585
11864353935
12135334688
8116554059
6715320964
12981991908
6469392601
524559197
16955801138
5952856865
1505384891
4190542565
12982079368
11568687126
2057429742
2368601048
245968188
263049631
1786250772
6453094535
21059104786
1271121568
3177605708
5071244161
3809185834
7040085490
11849959065
3189543407
376381070
22266738133
4059332402
16073781045
2518591865
3683868655
621389267
2094599452
467371883
7867283674
1023542780
9261015170
1008934796
4017813416
9683089029
7496856655
4351885492
663637904
21801305091
10423287210
18004471189
7889550630
1137097751
2921097923
7760734932
12013363407
4118231188
3559058492
9580926515
2434647589
7315727051
10392730127
20377084044
16833776484
7190903505
12352440348
12090872774
8856964052
2741780059
16084166193
2644436763
972107992
5227183773
10901363444
7647475795
746689900
23898958403
4139649498
14570061138
18515536764
12335610583
12415899574
1961862166
3941063604
13230270529
14110266133
4682159089
1517139807
4404590647
1457549006
6728351353
11622312054
2470624307
15102683986
7188557918
3223499676
7088952683
4107210559
579584255
1326265729
1127076918
4252904890
18441451652
2383761060
5499419895
20522353852
11234701586
15161074977
16693913194
1220874000
10094449882
2511060812
175215747
4526256594
8713754467
15123356482
3681449927
6467018866
1413165894
188358000
17411236905
5234958425
186213820
12060862963
19083215819
11638730479
10079537445
18279557806
18035320785
5719056341
1589607363
1461599469
5139338321
7481632604
12838581712
16159950293
15923497940
1460116237
1380583586
17434599602
9234909342
6352078607
2979902583
13158892782
12471532945
2092708141
5029664138
12002982418
9870643993
368618526
8565359928
19679952047
393482772
5876350201
14447229786
3618604153
8737521799
11715526512
365425266
22423148917
4050436768
8664937282
2795472585
141663302
14399668972
14589718258
1190798258
13150126018
4127909987
2329116851
20460702953
4889246122
15168100602
1126873013
6283390259
16002385528
13769623371
15519460855
1485541401
8233444557
3762229858
600054082
1001431891
4731857725
5568044889
16267736626
440821582
2097728798
13797647009
948863381
8995820656
7920447754
10892717427
5409728477
2671502090
10594088629
109898414
12375187461
15092877776
8895388444
554364442
2062641818
16959201828
3110273278
16070084938
3654721081
17731316154
2683944017
22803969611
8555630163
14858819549
7242314860
15180099685
8475718355
10910057233
9002272132
4309809650
289819643
14700068787
97041921
9066161848
4565027030
5514931407
22036486406
1216162895
8427036999
13682858758
19580702952
9003872737
4997310500
3550914155
10012009246
11739267511
20396467524
20161921920
8421093979
7860091787
5812639050
2143058792
7596046598
489722137
11271889834
9959969496
21567249090
7392883872
107341036
3387021901
1589533744
13923054806
4177169991
10538536733
5629683225
6534014207
7182427145
3910358834
3078453818
1764298077
2396483975
13354907333
1595331717
7131474110
8676765350
17428972144
17433804604
2280213387
4686256406
2050021538
6467133739
3299716978
14713298591
8903618032
1604098052
10856109780
18758343782
7720456184
3447005937
37464413
498844078
12769109473
21837323458
636869667
9492332824
10395676418
8618714193
5306698780
7935257964
13108145000
22441881910
8014238706
13359907420
13009428050
6896993211
573165465
8739546712
5813487701
22410530675
3292796596
17229235860
1829100928
13613706906
6388870533
8516275055
9961927629
1934478495
4941415909
9677062711
1436673463
16292178331
14098996210
1258013715
12032477465
18916114295
1957143507
7189808285
16447868216
13255712378
2561535211
20585027103
2371823753
7293544209
23579840411
21373717124
5082277088
916749086
476311206
633378517
5475577222
3205664984
7013705906
5808551080
14669397467
3900961556
13467882779
2506875740
12237291744
19528565887
5258900263
5919852290
3251635982
12310651734
19122046897
2221567235
8372361409
940417640
753848705
16397066283
5044042486
1361456116
6350396745
2092443007
20331268400
6522398964
5051679709
293427200
760649911
5777136722
9677401309
561895542
16768000570
7829865426
9950819437
1194805961
3245241057
2415353029
6193784239
9241535320
2450292742
11726720745
6023499250
9693255258
3451376468
17920794057
16426231513
9113519693
17079169618
8583703207
12247458141
6967868143
8229943348
1886441948
12970273750
20538442198
9434273282
7262976922
8897035237
4719213264
12317010868
791355714
10096117800
4632595043
17831993414
12418521565
11882918178
3149902503
1598490973
7924305443
3632266087
16191692362
10242650738
12155873282
7057255567
18506947474
6502703
7067790106
14433557176
14023573548
3933263252
9945977732
17143983900
2526436846
9011537522
871281716
5832192471
11633534816
2483454715
10470760375
14037155238
17201929473
4083895625
1099153797
3000285444
11213532164
5812977231
4816658907
5109543499
10923875995
4431742151
6087513533
11775561200
6577155211
886978860
8157723700
10990637647
9425607533
1123233843
16328019500
2074174454
464760199
8464049075
4540298960
8052724016
10897390023
15219783597
3938972772
3023999165
11891010809
8455920419
6592448037
16412657151
6439207038
7637038468
16721392304
9223326610
4336489025
1923545292
54068548
15830326308
11906205852
10604547631
199827997
3125055145
10596688676
2067895435
7405477006
17999442944
18939335214
7382742424
42210876
18542876430
5108725070
15532998367
10499814205
4742557703
6875229104
8440801014
503609983
17193324024
6480784474
13745947900
13323121051
15390438280
3201630747
6500629256
7072866150
12926597465
15827559637
8756332637
13362548690
7490080840
7999095259
2585196655
3231689842
9784845460
14612677113
11812402635
7701457343
275277640
9371149019
10741305700
3739040295
8069380215
12288809669
13255794412
20260354045
3760208609
2179192924
499341118
10667804940
4163187963
12086453513
24445061282
2393618082
17358539315
3132578237
4573860165
20572465086
22350882739
7397803644
4221987277
12280388992
12118365252
1713587134
2967744418
4019674222
16637256917
5244856563
3093013174
15967934461
1163025461
7413039695
16469403140
10824142113
16036888694
8058516306
16003332265
15840015341
19587206546
1305991812
2577387361
468413817
9868741484
2542048605
7565014556
14002781295
6042024687
12456248816
14360637218
883257627
13739211670
2898532852
18438900495
18849188981
5295973097
708294971
694452548
10429118927
3326187647
20641833540
4662993071
4862073986
8883011451
8772189076
11319130582
20723467545
7940271709
21018339756
5314111934
9905746719
7468286913
5615187578
2717832208
3229686326
8839096710
13679143814
11922388746
14044057465
6239594593
15007029728
8194018594
11247098591
2802457859
4830460499
11508592987
5144707034
2161564487
8455390604
1594052624
13580285903
2768687152
10310196509
20378771600
19095994410
8490949112
3890772017
17059709586
6826135917
14469375834
4720899758
3072075056
19758115760
5858994875
1954016864
9563203616
14965467562
2480952708
1374771948
1844292865
8073257716
6027073488
5386605064
14173035941
10288503243
14552545472
13727504671
7551340983
11770952632
2359270171
11231211277
6571156209
19358821853
14541037277
6627001017
18504048985
243209986
7693681427
18752442221
14185249706
466105093
9152754118
4059378223
639698223
20246374862
10992442240
9015729318
13155704181
10783750324
3270242727
452724103
5229748844
5382851042
19720234601
3942830994
6759242558
12291001735
14003896221
5991724537
3457989243
11775974066
5617410826
3528244267
4596677599
9425378912
9483135771
8748310593
12401908959
4642797346
2391953045
9755618629
19260424298
2945990238
13397194184
4042293509
14411531365
11311715339
1345389596
13825611752
3221640222
15932631077
9091753833
16641226483
4527009725
9056342353
18281854997
2474275652
806136201
8048300546
2198742200
22318578671
2066729275
16002610776
6525126240
11374062405
6371791042
5436985878
12160708681
9719902603
2341861858
4043119238
9937522258
2499132282
12239127805
9452369025
10234438557
13929281774
11700090313
6706826658
1080678789
18598082608
12096918050
10995764452
8810426537
2949867816
15617605407
23670696629
12519749779
5505578551
8952205303
7381663070
2166144096
21039703502
587789915
830370736
18415169389
19072852700
14839598546
10498863902
3036381264
3156101460
11352358056
4893525717
5735187864
19952552610
1964905772
18540860262
3176070874
1686730704
21295728191
1291615132
5063405592
7730537310
7367624054
16472159117
4400591897
12804342693
4791185616
3479044558
19752710357
19501903298
8751294877
15300904611
7979438058
12910199162
1965591191
14916755457
1313136819
21926960988
11532361367
544643131
5168262098
4521760356
4660334337
16643435990
10454667777
22595639303
274124163
6129516680
5677128096
13947909168
1662765699
19937744177
17210833658
7960383079
15062175725
8033216553
13317634517
14008388774
5743213433
6111709868
851795101
2872586731
6547238535
4591788016
13586785917
14645193081
6375920605
995107896
6332833500
10410508058
10441493192
3715275338
1674710172
1155158110
3496341546
4221061354
6793407106
7986943652
930527945
892180056
2597501826
7287309693
7379107656
3562979084
17901770995
21940396206
6586696055
6514476103
7202297293
10885777023
7151780719
3920686717
17017146274
735302341
4247892486
3047497747
11741880614
13772927159
2541733323
6540775592
2310598481
9312534283
11980991291
8552347216
10850055277
235801791
4963205060
4085222872
4994168713
2553670280
14687798764
16094733444
12550461172
213521187
14447716063
7557891461
4841114944
7764885567
19084209309
17146381004
881865309
4410760015
7248437501
703579260
4465145926
9660503044
264185120
1682336007
37362367
5298797664
12662270534
2745475634
15707415180
15994913416
9223974588
15055866700
12285496842
22057470171
5952077994
993026829
2859476459
17880959748
2701283022
4132413953
2464900347
4745853314
4502698342
31250601
18311274541
13001884464
13345005065
11866577855
204255185
719742685
12659226784
6889361313
19775803187
10144432745
2129846948
2399085342
6465284974
2779348611
8367903465
437516142
1329464065
3922113469
10938517278
1307599362
8021190447
16975810322
9895994280
1756035042
662429297
10528223675
1631126537
915770485
144467576
8158296047
14758725700
2551882745
45136686
12829688547
13634052997
371454220
21279188557
5236819057
16878056727
12434033719
3128399502
15602009014
2594707420
2187942126
7765375319
8767886413
1064710525
3607668343
11979141571
20960359898
6359227894
9062385280
4986604308
11368144982
1932768824
806949710
4510732449
2530480323
4702011066
8626996247
16025319944
1575904943
1132459917
2696436503
7842277510
13622721874
3640903183
3649470808
13740540166
3218578659
5516470966
15689910878
11696276219
1315753572
4466942210
18425078048
2185474653
5430241710
2385102553
2904326065
2775021827
9822558883
7139500082
483978821
17039776400
18732519650
11739353394
16912939427
2130038241
15840069384
13913790956
4252558455
1478212605
9604092286
5681608190
1081865401
11695882758
5587270887
12482156512
20393971236
19638912668
389338335
11808712137
10965552068
3830521294
8292751278
2369794145
2153340680
1901335682
11390910102
6668517851
8984855075
2368109942
8227283150
4048573240
12747547557
13013155286
13396070656
7938782019
12647427904
5187144075
12413653160
622328130
6567336322
4023527897
16908064544
17894694128
13874755121
4578320998
13666428779
10523391233
1856831520
22584689241
5902283355
3103077193
20295865452
8714297819
10257585883
8988195628
10782161542
5662087015
12578207400
12440538277
3067171439
10447854493
20174598310
1863409418
11843618331
819752117
3597049117
2003207194
13607413989
10412136689
3781396451
15147570479
7275480782
28784216
10024513000
1219059138
9160774993
2105746374
11668893562
13652374052
8065773991
11875433585
8570243366
3189739368
8635883149
1471044892
12611126376
17898838999
8652907525
23137549618
4142161794
11945594812
5651197821
6887398904
4147101981
12022655186
3841327583
15821662587
2508642188
7137759169
18592028222
10227604425
10234574102
795126699
12721265581
15952491786
6434657432
3452318614
8686212980
571649635
14015431205
7802138612
13406655341
16312001760
17225984822
483724422
2869447507
5889447864
5212863755
3698236251
12827017468
14783019855
4644827841
10480696323
5529785968
6860471758
3177699306
2865126520
11001604
2660588017
2817761448
10984254232
19878196899
12916013176
18708503941
6610146736
3567819856
854290021
367547366
11158332610
14414212306
14306738920
1279390634
859416901
10827124738
448345252
20918553724
22315958741
7250101627
2994524568
18067359575
9663901377
13317590048
7525284213
15053879467
10359726113
19224821506
10155024967
6969956576
2037039424
603965856
11448305065
9894779075
12140635861
2600042726
12169021216
3352627362
6030599738
134699873
5246130595
152328067
3157506827
13643768469
2047647501
15632067907
8879379068
1613888572
2884257780
5875504726
10493146761
15197184248
1099928634
7891087759
10972880436
9043042036
17289318699
16162876194
16224668397
10997515801
5743500896
8702577946
18105378630
1534117658
14298140855
2062923896
2345973026
10509551578
4277106181
18765413029
4470910131
4599830230
12100455838
1290751026
3888015022
8460366109
455370360
1918728430
3383670946
10975065762
17121936148
969617007
1638656837
8212682176
8577884207
2979940338
11409943245
19319136366
16473575602
4544989753
7214490291
7623205320
657637982
8796631461
7790125389
13036463317
5507617882
11640239499
7319781009
590615923
17958347722
15460191179
6763297469
16942904674
4972952154
17310708061
9873574896
18990989706
3745280862
5502110520
5949289118
3686126353
2903332601
17446461853
11085026919
5485813928
1284178363
22217912969
11604562178
12695766159
4295717074
4071116086
4557206837
6685424306
10468727112
4219039721
18174709070
1915193293
7747302089
2060939103
18216274131
5600333801
20168984819
2670588163
15520627641
6882992227
3861243174
451502986
10805720044
6211200011
16710158722
7993395877
1944080672
20555006129
15694612064
10570116458
1403525390
10560958145
8487289899
6341633112
7637952822
2974909255
11049825218
16361141166
6322044158
18468359523
12167419617
2518985275
5131004108
7983017462
8750434536
1180551224
3066321664
6877201806
1580247875
1137050931
7637131352
12269234621
2410257576
10563334597
1353179912
6752384448
8359712110
14266431139
4944143442
3526404625
11778170160
3630152297
12566645784
15940653236
3502206208
19294069136
6777209179
11816063837
4213543149
8827136827
10038966919
6358925138
2970128570
1278179940
16480467925
3040136379
17373077252
5884858699
958765195
4124826837
16808600172
1679723058
4908723917
6030475676
12472273390
7010657185
13111125010
7406608224
14471102768
1961075303
5080769756
2588539020
12916357177
803603550
12551744842
1893138342
14891099772
2522911284
2563133848
739257501
2725087658
14519820896
8597728705
11674607971
15019126272
6049056135
3072144486
3496632317
18390390410
4333054863
809542779
9841524452
402154070
15008983559
9695762861
2802588612
3499425858
1907505240
9186804395
6354242751
14577324046
3447211380
12953167379
594725267
18475994091
19804030105
3052986236
3483799644
491331519
21419901523
6719216981
8736062572
3017389601
11914198547
3785035508
2829127650
7581247704
4413641735
1372195043
19035620155
2398637248
2426518034
17431007758
1522051879
479984565
475326249
5558991363
1078420995
2107215774
13440190224
6017384901
15395495276
5604231921
17803800204
2753453980
21437801504
13964512471
4616905646
10633976423
12851299032
6476946773
1510659441
6429894768
2103419224
1128625664
11302978486
15801659540
12170334910
839099321
7337705049
11076135865
4688104422
6470441092
12759196060
14705876309
1289850682
1098960997
20917815007
16798473726
20489739663
15611155244
4152611374
2235341759
2442619077
11862894550
5191246812
8947209073
660064147
2156713097
2854181841
23867676288
3284001268
2953195819
1208607462
1165532707
4515454260
1410364477
16810488225
472609415
10485031928
12289974210
2800808027
14841419918
3246012316
2101757628
11016482559
8478578682
7607050669
851989868
570545893
2943226656
10552458220
8259830053
16316663753
10739517471
10969565831
1614732782
11327329659
3047102759
3346465020
5590550090
5677033270
9352949496
2941288595
9495225045
4521413957
17187703111
552201725
21493591979
10252093259
2346766380
482866343
15038235551
13595603046
17775630677
258067967
20054697578
1093740864
10645645755
13385640193
5517457459
9162865698
1352395806
1870432432
3126142326
2660223286
12860665571
4735294277
11474538702
14181840416
15858980707
1779656821
5257213204
10589932977
3864201094
10763194028
23129429686
1614860738
246322353
34417112
14026456059
8893614187
6971269323
1115643683
5470204700
4732408608
8063688204
10197788452
17461205618
9091697415
16880718570
7636365753
5088606638
11925436759
13334180395
7847385260
17811918030
1625222411
9729792003
20821390714
18447288102
19436091641
10169476770
6322116415
9032494412
8860018336
18685570574
4616087504
2469888419
5367650375
15012772743
15315819006
1134254750
41583808
6813695777
8098987058
3444914952
2242617641
14711272746
15574385218
14450830413
4397480899
23250805119
16307169677
1352742938
9380475153
4491749155
17447414715
9925482498
6440625070
3113386710
609527965
11562189729
16999302344
7548097622
2156869803
9510326974
4239027926
7187543349
2199104076
2512342228
9313963054
16276300381
6016851614
7410010351
8470990412
10191000203
15494379059
1850657640
2921954597
3309944801
1593547231
3767358653
4233181370
13845756313
9049320959
4494230292
8797668453
10750048226
10899104008
9230802537
10553702081
778401107
1209824222
14632789595
5059099930
6473462475
3510876900
12791444372
4640834674
12752082671
641130086
341338835
9926027991
14264976054
6171116885
12640697269
19692996844
15970642205
16905484572
10530529003
16004896004
3367208824
11882622182
6598421682
4079352545
20597006012
12996715536
13707697850
3003476272
3341350001
263619703
7757224716
14169850298
860298743
13734242766
20708038794
18918289960
16964885027
19001331991
996242350
12936851080
3337246021
8165835970
4295878112
386147377
12462239852
70616474
902083969
9261608145
8349378379
4086979510
2871748894
844398139
382346946
193629161
18406857439
11554871001
8690521052
6103492488
13397916495
3111799348
15260677467
15121648978
7668902782
12555802499
4286184439
2612722292
1268379269
10463002280
9605551515
5030531656
1038492759
7476693181
2882147638
21851104055
1111421834
21901891986
19067549380
16787762964
4281224264
6874917946
3538282058
12163974195
4511515769
11541436939
19416114701
5285316
9439696070
2813323303
14202807508
18644566591
14376011331
8341404215
13025536291
3995609117
14814237197
17407115410
1027775048
4386490228
2774046901
16447325330
13507743840
3118452797
2959885964
7082150698
6759443921
8018676344
21124414699
13963502897
6271326354
2922461053
7975427646
11243618359
2409889360
13429269384
11645358004
4496788378
11812555244
913780443
10559641163
4404895395
250413737
2064553203
12707231943
191608715
6908060402
21431042704
736090657
6356254281
10893351094
4634611910
428416497
3369019399
887742132
6487376678
21766956201
314970987
2072396934
8013135389
6815764351
20655817651
5835525250
13871064686
563021066
2384416863
3504757196
22881479536
13624710366
7230272165
15189286081
13918334845
5220538617
17239997172
6404791878
5844402598
12838445737
3658465312
14779009052
6569913885
1063352536
4293220663
1709303354
8757540009
8734605386
12369276017
12060475155
9984863805
6873161972
10315805124
13811753227
2731433353
3078965203
22178962601
3188227453
13267782939
7448923635
7902923214
9796948318
9159107315
5162555164
6329182328
10457482759
2946550643
2986875312
490984001
11342083028
16791354394
13892416482
11077406378
1050813240
4482661716
12531735373
5236210478
6987704801
4553519081
6236445559
2045504876
4020028347
20557217790
14709750603
16034978447
8180475096
22130763370
3827120615
1893167883
19399140252
13996342379
18474232966
5221893432
15315489606
5289876986
2287620408
11752573368
10805012874
4860700644
19245934647
2449655720
7105697939
16971924204
6853505560
7130873776
20769160614
5377207210
6218577907
379942758
2559516703
8450893235
6120402755
1746559665
5714595778
7578580374
10430877416
7558176518
15693636105
15716152836
15571930891
498909432
5385415922
11779985711
11607133680
8172508386
7580129210
2184251639
17001849332
15342232203
93550792
3899917401
8050169908
1005428382
19286562668
10661055660
3631833038
4544248974
7046679353
574903167
5860204321
20271130175
3951605690
6503339131
2406476686
2016938272
1162392188
7104106635
9176108832
18483255636
4412938907
641322416
5087431424
18452008306
12047168591
10590847107
6790090469
1194551107
14283852866
12297342611
487393754
2420815716
10387183227
768574068
7992707764
19393684541
15148009830
8572483822
4206952778
13494925990
12273338780
1303327172
1691248022
6342172644
11076519706
17873977472
2146684833
3849495877
8745382782
4544535944
1118411923
7612460346
15317009666
16188444705
5039967109
8712053060
1170388358
19655696590
5291385497
18137856739
4347180489
16406974204
8485872676
14802140949
9986830818
14343583524
3144475318
626295282
5129104239
17584020159
18936491216
6383131353
4236251390
12276876582
11395071952
5984379688
20564123295
64045281
10331710516
1910084231
4054870943
7105440109
783835147
9098174983
10522776157
8159040208
1335809641
4765541600
8163868490
6491996008
1196068785
17602776558
15466681500
645401368
5745552634
10087904373
6435154251
1817389351
14561405180
9534619969
4533840379
787179189
17902586987
6912704408
4631320806
2264945549
6115509414
13837405412
3136551805
3927896207
4279979288
11700012281
18714627146
10511499769
12564936224
1167438452
1779838572
7322641923
4909774643
1883901260
2724027190
9131286638
10353557902
5847603107
3857850735
18912630445
9259090220
16392856247
21376245243
16791306281
20269842357
239508907
3879914473
16540066289
11302357964
3414686167
9218673434
10009075336
345978072
23368357356
5530707818
7731617704
4428336848
955306047
24176697568
12870668142
4423494605
776654099
16361721402
14149354205
262075517
11996621211
12028341157
21019063507
489725360
19568173191
9097414425
11733055584
2718269527
6315119365
7500004511
5499848399
3958346525
9108463234
3032819377
5977771938
15641651884
3428827960
3857371319
11923567010
14478984018
3864330183
7044777461
15407378982
15144455704
7915512458
4342975769
51748471
9758549995
4597368764
3290835720
11797638335
11256085194
7624934104
5469819947
12307427537
2020040364
617935832
19369014497
3569337313
3069533031
11237286461
12646743155
18586826788
5719894570
10844694357
7804292042
19434711364
888931428
13013097397
6894924299
22046616200
3119614146
8492300622
18098845537
22505097464
9294224884
8959915101
10094542496
906271917
14699573213
12108941050
4514945341
21831778219
466752473
2011510735
13641768158
2678311948
6024575341
8151519508
10236901440
13560112444
21099185227
13803161915
1105379132
17214177188
11775874048
1811218470
1864462416
3592388897
15705561279
4683747557
19152167656
7990215396
292250805
6653976817
18312191920
14382587543
3792859752
9482033043
5990826216
16430665275
466719188
6865920678
7468018619
1293873635
12164767114
14345216515
10665361041
2857611395
3406983201
15454583612
15302590080
23191380516
9926175074
1613952681
7496176476
8594190293
6625004486
6156846144
6010924644
3176432615
6124078069
10893438656
4982214354
1716232907
10781119265
2611227531
8310297465
12649428035
4353232024
1462083419
3780340435
3042574482
10680450749
22949206875
8218712066
14056364884
1727499611
5184311059
12472583288
10015396185
977025196
19499010557
9075819936
6048694520
11069822619
1999595480
9844833006
6738607473
13447941687
3452075555
9541034873
3315895139
5496640696
7712453308
7405533963
983429201
2945446060
1989494695
9193839260
5366244144
3757954532
7229219072
8628170768
5843176219
220921754
8431014545
7326946661
9039497935
81767029
4648628767
2430581003
11915453529
45488553
6507370672
6215068381
1681481693
9677266326
4783657776
8035177793
11383372242
4881089259
17873004496
8183357500
8225789399
1028917949
20012032368
8901831923
17964054297
12780208718
16013502084
6394165453
7029173204
17634891202
4924961146
5864178105
5198387173
48478531
21737815100
14350879597
10087904023
4421613696
13753131207
1783629223
3717114831
2867645327
1984854740
14204675089
6465522084
8691293367
4237433009
1581435945
21923332898
11328802912
2429199916
11371462336
19446341065
24483109208
1749840588
3690243572
3109119793
16151364831
13416027640
4050494325
4348484115
17811021564
1392207965
1426744633
15361938234
4667471150
13711035978
11223148978
6078208970
5423563938
3824982294
3783953141
851087291
4035437806
2311429432
11913613526
16681580776
475630107
13716276426
11605198036
20623274219
8534636835
13708752133
7210978698
51981104
1373027372
17451742550
3658326225
8298356154
2362925844
17191120836
1446868102
21288401082
16415571827
8203582300
703572349
22342587885
9781743079
11885657241
10474966205
9875938910
16903986846
741874255
7399140151
2494614306
14317085993
1091533473
6150412344
3000816245
17990417817
2623194435
11138953859
10614015325
11300984174
12650650451
5220696781
7121152328
13868169100
3725523003
8859879455
20268665994
16007853696
680754113
3352627527
7445603397
616351874
16188034237
12909901183
5451983812
4486073418
8494572784
5721887735
3855915610
10902575430
6400234740
20282826701
2775500013
4779840380
4594514557
9948679881
16568913727
20949406421
7141977280
10223935517
17130720711
873642786
5017501957
3497559655
9603072689
7980373548
5055467701
7934794041
2824669881
74554880
15644449514
5931693709
6456467646
14569343380
288972249
16084178900
12501665925
1219188607
15376732392
15687018899
6507197348
4039177982
1859158276
16340263778
11023154791
2355288393
12868313553
7200583104
3647341963
10558228111
7297491688
20627441101
10793492513
17466469644
4075805110
6272734139
7880765756
12549809695
3014297824
3207740209
6615881074
16798426268
1276288555
10818993409
13986971362
5138125185
5148371406
2156229234
5199381190
3113547858
21238208335
14133098333
300578961
15282226317
13646897053
2156143768
10538062183
9351876635
3132182534
8265172650
10310663041
293856484
10453586630
512131131
3798081260
10414175561
12215558596
8750881619
12086361784
20587018
8839283769
1643194469
8151274818
4679739231
7407659503
11095830061
11641407748
1759126641
12239846833
5227349038
11342037520
260016148
11259883214
3258249180
6777283154
5362714039
14857455560
2871414826
660160449
17074089979
20976170179
9999024691
627585882
10362879785
1778730181
4382314799
2355041016
6269893281
5669213726
6278265257
3424486254
3031692696
17609324434
1372002882
9339414377
1938196390
3011014086
2852060337
11614498535
7243252435
1164426599
8043510448
10929013046
4907645511
10448525105
8412346933
7101615438
7420577344
15547456312
13073821313
5073257240
6368367677
4362039553
10747026721
18404705760
16416290235
2848180264
2172754774
7683844435
18583816126
18346550174
4547449728
17628014189
997149701
5250781709
2206442789
13491435805
9394645630
10563440339
8007223241
8121196258
17788710370
1301424623
2482100979
7479269054
6069051630
3998912139
9899375572
14616009161
10588149317
2972174154
7525409914
13236775374
4078551169
14934391550
10483459573
478526900
11723269374
8752652251
2414972879
2909698463
2514756447
19263306395
651677156
171794425
5191245191
11010599150
1374536386
6547647378
2961588814
9760706162
3812661207
12032705959
8615034480
14110847827
5295039388
1397424606
7406428787
19503434149
20561699424
9699231237
16773545031
8149143533
10262863825
76611954
1732523406
5327964848
5921082582
6773291253
4596102289
10560826131
17398318155
3564325000
8696223082
7600595917
5965556415
1703309828
7613928516
3219183401
720234124
13779672723
19106938598
3548044217
14868696394
7412745549
22462150500
15243215395
7215554518
3902126521
21466972032
12741276375
9037221317
1730119096
1023276603
1625444127
14245189247
16269679915
5681768379
10255170814
566504089
11933852253
11091841297
6953815476
2139338571
6828783823
6251108305
5783347221
1693024687
2974805603
6166603510
12653518752
503351186
12786081789
11162261935
2404715631
9400782660
8215828073
11934435710
43469809
17504647591
17119732213
11466966380
2413283670
10691950659
9050046657
15591010955
15875486927
14108621007
5648191782
11399823676
1754808061
20110914983
14709932737
4205962912
4700810234
1095864001
4863831303
4977934703
16419089772
1900745641
5541505023
376691756
6597386492
57073804
14586667210
82699734
9507625327
432725338
3626797563
6133427002
2270528292
4333659804
6057297702
10018320894
9348766212
4121226897
6589849833
8621145570
15332891120
6546018108
5296150433
4619642640
2153179230
12214662452
18983815357
201087105
4248125205
8849596319
5820865621
4289241423
1211039506
14278052721
11089088551
12562090071
1474705535
5190250201
8861578244
4273157030
13427275097
5621597313
5754497087
4339923034
2638809776
10733644722
9187845152
5609450047
14538569140
4032615522
13800508067
24635782444
17519070631
1832662799
3379889623
8488654620
1383459971
11847346363
3923292180
9021482334
21288190642
4546634718
8734580633
15638222080
14762119732
14809473185
14496390593
2426178364
3544944449
1182611919
17352951373
4925626172
722842406
7299705583
3527755705
6636631207
14920746133
7950004006
930178211
16165024827
2321305215
22747384194
663533440
19258845144
1059130699
5850929400
10863405124
10542392024
10778282565
12124146653
2243291353
3228999736
5370938328
16676599235
9071103378
6994096206
8845354654
3887392101
17856298991
2847749171
13279412234
2091654551
4926813294
12461161457
7057060785
2900820201
2308777694
3983836811
2607612045
21353675391
111881001
3618117462
3502170360
5286382558
10927997079
19666603798
3571015053
8058448830
3708117468
15296153017
4381040424
3516930518
15478664604
3681775355
8592699660
9387079244
126857816
17271784390
8687945150
1665494533
3864955561
15391756636
4034690900
17142950881
11866126636
5117885374
186129896
3210936907
9736645403
490349508
1784671155
7472702761
15328131671
18592445677
9604831833
7747440299
8392272837
15591636074
3853934409
2777468787
2747900609
5767814747
1996901891
5043304881
9108895273
5652129472
13909828602
390381477
2027299794
15363126139
2923982253
1324762702
3120605259
4088861591
4139796502
12451965360
20633006709
4671076590
3731124365
17436001153
10455330991
3267930742
11214223277
5208636820
1162146993
15065663653
12131131384
5723771150
16654568089
8861892300
2190508831
5395622307
10938563461
15592871012
13417437455
2089664323
7586949588
6244639873
4729281415
14062875569
855473982
169241841
6154768671
15452351935
4104954706
2721867542
7940537236
4287298538
3501509563
5811559818
5632043803
18944781030
501272422
14447469799
10968837243
9126598378
10978067833
12009261050
3923223743
6092528282
9645212693
2028924049
1454350903
738609393
16087301781
11160113431
362280155
5764573293
17663442666
17438280706
6790315381
1476640802
17594932913
1278872316
1579499175
2240816306
17585580428
9936110520
7549579076
16692033625
1080396198
8567922633
2836248964
4762167666
8882123910
2938571790
7835255167
13260830753
7591669197
6504248975
3489001758
8817230952
13416255613
8789949311
2083899186
4324627574
19366929260
11822399168
12857588161
6172638200
10287175914
751353914
515761459
3905911824
8251694700
4345605715
8820931242
5696489984
464017256
16911746715
9149281247
6423046642
3292772794
9838782942
5184976421
20819511215
14948583271
20344289890
10462682622
2923486125
6795449272
16168997449
20141285224
6536618729
19632066563
337663943
4636042679
7378338565
18788746609
1169007616
6528286405
4298818957
6778633040
13165889022
4092639682
5622951528
5552750371
4127050004
9098821913
5559602505
7644440899
3333748485
5321068241
3438038717
20858471393
4191496616
2843899443
7925387865
7396919198
14791717319
5104526604
15319776338
1052400869
5901429629
3834037932
10857607169
7594887865
137158621
13599692214
8439170221
10040433661
1514690899
5053721411
7555200018
3599169572
3101893854
4798726923
549334370
4554128635
9616320629
136109777
7750532680
4917842945
3857459190
4655237931
20957296141
6883626392
2029909573
999192124
2019246245
18872916334
8235629896
8849740792
2110934436
23635780479
12034265176
4153675098
4245542108
2930949636
6587515457
20455531297
19297050070
8222342555
22018071194
9904965452
1663782107
4293687225
3614172750
9162005368
3638858591
6527288236
14176757759
10644093325
14686005108
1437714704
7832849631
3943307468
8364163904
22467082995
10224671451
761709702
735601774
6613102985
6837115025
9541199244
7105033182
7873570423
24423402810
2080025455
11217478026
19923064938
169104978
7544733460
7318144102
1342369561
7269270267
359617744
6038158035
18722085894
11086214053
1355605090
4608644754
4264621452
22371852
3835261185
14815309637
6841315100
9702131845
2310399429
14817855189
13375897659
7566216443
12806240437
3806689827
2882566045
10167229243
7196643643
5528494142
5353419695
14584142032
1014737927
6150956959
6996657747
1596951745
20309926350
8227544070
11759761266
5857352341
4213271362
533609640
10295857955
18989974911
14198559984
10105322388
20321395866
10074571202
5139984236
11472189487
11959986518
3057824294
22140241097
9108565952
6061272790
2416001394
5086431087
2844628948
9214650365
8376655808
2397965395
128165620
7753836636
3901078656
5925546884
7793401473
7403103334
19695624243
12176069387
805474101
578512922
18247997471
15262686316
10967688559
8430495255
1272169418
19637621169
4335449847
15618441767
5032444994
9475052352
5194030836
9680011404
21008081826
11824761874
5050751131
489388792
2237847400
1221210773
2045376542
7548805723
10698095712
88809770
3582117271
14787857645
7456105026
4102374036
10133925274
15478106690
11962265416
13870731661
13700887174
4264095765
3816139278
98984690
3537049702
9328887765
299470967
4026979842
8583032642
22814540632
11201569857
9107481383
13586036044
1605911362
7892679227
12140538614
5521037383
3640553337
10834238484
4555041643
8167532412
9633843310
13156679687
13773259322
16378860892
2936195161
12843099466
15054111899
2805898410
20316285502
13140963682
5561948725
22329713890
13295159151
3391727042
5110705136
11707639748
10327425129
17440318685
7603000202
3383973704
16191264146
10729413088
19992813875
17921745175
7293628176
3840582707
11968297957
6097440404
4420498750
9108395615
570865735
11291708551
11702216452
3993303638
14928972814
4374945952
2836135870
64311752
2630895181
3991857895
5106836036
4009618634
10674760055
17351397536
8223548988
9045140415
1434255523
3233279862
117507714
885285255
7175669504
1084964477
11056460764
9817053945
17253555510
13285743542
4764617959
6107589270
4253776734
18856377422
7087893270
6238239784
5931170812
17170551829
14545724903
13326014996
12550061476
3471858740
15230786696
2799255324
10493791988
21616893322
9398923794
4290229078
83100426
12492100132
12458316425
14869232125
1035818853
1072532656
8494645495
6835793569
1162384470
2722263817
10099182246
8497151989
5524518425
12392207966
4333138990
20027984107
1884227229
10689416114
1555505201
13727952387
13762998807
1976618664
9380638022
5048433718
7237852996
12946521777
14669197710
16371712507
17038765528
14557602432
13333468962
13191931992
997950151
529368768
8926628402
6224142744
12801445338
21351989392
3582134357
373566599
1888641625
13497459568
1487049088
16520682147
16151309245
8602789972
9853213354
8104382438
1350735449
14357222058
4358509731
241350024
3062225619
16840955865
11463513411
1265102255
5816870016
1236277041
1688799857
9025965403
579780295
5028160772
575285263
18160228883
8657361843
12983877584
17943924165
9175541462
12855173768
13865449943
3157757868
5550673586
16414589658
8440649267
11273248654
2978273828
13140204022
1403574167
2053090985
4780360941
18452308636
3140976819
984940635
14795616275
1859772815
10919765175
2279451603
4269172756
3640354078
4357816448
7343413049
4100034410
1468296889
12234098348
6764115374
12049002435
6093107677
4925390369
4724156984
5010686819
6428907990
17805510727
16857626679
2840637577
1102488616
17914640700
11549914110
12932189756
4949222845
10652421877
14886155972
8298912463
2041767659
201916507
10536831802
18897215736
10208614842
20757676168
8232347397
399241138
16502515189
2868945980
7012882380
504594626
7660665337
20739733683
5398076630
13698397358
19484893253
14027869708
116465794
13587624286
3463363374
1874682584
6012871384
14483039525
11587052748
9677390369
8456607786
273663967
7742782338
15792561742
16562979936
11927302954
20552117945
17585689099
9452252417
5782160698
1014405249
13264477247
13603826941
206673504
13948578006
18659428240
21761288508
8788787898
6734386271
16597374201
13058411752
16447322089
8541652828
2039361116
4937134767
2089827988
9106516007
3601254882
5015486272
1550654288
8325198240
14143658659
3272264073
6884488751
6743227326
5249267581
23287902785
9502082989
17715147075
9963775904
5738479797
13112520489
11301928395
9518341675
2300159121
473168340
10956310926
4323229682
2355844284
10606412267
11346787053
2853678945
12961201245
1276681426
1851748636
197640307
14055077595
6524021388
4091930136
13191361214
1214943615
21737152192
12811470244
595242772
11326429608
3823682570
10179778188
8599420724
18294241060
17095673754
6091895476
1687613442
20493214484
15129219238
2139858202
3455401581
7895206560
4261857676
8983575764
6331547638
17961135490
1963451788
6867085628
5013720969
8092220492
7781646510
7735550476
11612452998
19447260481
1330140201
845271331
16406501213
10128601009
37153495
5451517616
5015656840
6180573281
8071417967
9201425674
13100858576
12211751841
2621300368
426700722
5021066126
16372309541
13208156116
9716760069
4194175754
158095687
2921731887
16188778799
6612355580
10395837356
2934044355
6730570341
12093171127
1368171123
2987489576
14905382014
15045473215
1018459263
13211359635
12184120337
781943850
11163280894
83160161
2167544002
4789494386
3614769194
23065162985
8687272659
4646576763
3300130799
7925050484
14218019735
1696764862
7891179467
422530988
1041230768
2157350445
12136517618
1771130348
9103075945
2043897827
2370457054
14043489601
12904307262
13640815707
1623732422
12552468590
7395831460
18150474893
684341183
17787185804
10271453238
906922842
20707460023
5602677506
7546375933
3602768530
205775453
6207017469
7478429431
13935774237
3013458446
4072135617
10722864570
302405210
6069212437
48313815
16013919521
4692197657
14623745270
14125886355
4151594603
9629965756
8976349500
1081672940
19245358171
4329706472
15898781279
12198997738
11632209601
10828791694
9746521911
3981637175
1027500924
9438773611
3369082581
19215311523
15693485367
852106930
203967759
9286733065
2711738261
18935472425
15235736733
691500134
962444843
8391710108
1899977416
12061246830
10900335129
5676258425
9708863757
165447959
2193688808
6180255805
10540743685
16706092113
8764161150
2931274166
672250176
2558842867
4471444903
8457352922
18971161512
7555767168
12134168916
4048162362
3730562905
3548596446
6337000941
20516747927
20808608476
4572262890
1148047116
2590809461
22185999635
6881980779
10162769112
6284245898
3267889156
2111518921
920356795
16973447322
14667351646
2655814630
299700250
3204700374
8542487516
6868923034
348428641
18543561286
9217872640
449039188
4183427046
12347313212
13632660898
17716066025
6834373950
7309303007
483037375
1823640565
7111975028
6418011113
2609171813
932943281
13561278395
6401975952
9732767174
10479518121
13784052947
6099827798
5492406341
11886074381
3872621724
19444211568
14050021670
15417117686
3356209822
9607220275
7264304994
1529115086
9054217296
7267451713
4006503998
11060406723
3293640752
9343887412
15415110813
12058444278
898486989
6228765936
11897827575
6954827257
11503640057
10564669934
2571415962
13923258676
16988817172
9620178862
8584783262
5361535681
2477360255
446168742
1774872748
6452588152
8144208928
8867877972
10678375375
9978238840
18534211928
12124157604
14276993818
7047872076
9486589789
9422123089
7949024811
8451715241
7180999882
10448469411
2410560432
4620459733
7473753200
16399514112
2396692884
11924649395
2487479167
11846086313
2555114483
17799235692
1176810288
11844878349
12540176117
11345015562
632834655
17708702267
9944061076
7677326959
7033905152
7503395326
41218298
6758053243
9646750629
4306328757
6216905703
8653129226
7054482385
21929054937
5192562833
2210429034
4741670705
5938203306
12799485834
4629075575
12817642370
4863986668
13377736078
1810409953
17976629111
629144854
3829145481
4915923892
14545020983
3263738402
21827602312
6243863483
16744583701
9905515117
18975480272
18132653576
486611746
19574030291
10831046889
4257772228
1076666717
2367691107
6328636275
8785699691
4160635535
811733754
14189489175
9952558491
4034363527
932108024
2398607845
12426255264
6147903300
18902053264
17335308125
17093968851
2319342484
12145022624
1310639248
2173055520
17338890358
5232366757
11599452784
4233381057
4047323940
1903304617
1137949987
13525684816
1959765783
13086061127
3199364480
1655634233
13600790088
12266539416
341085244
7064959097
3840100158
191535961
3516962395
24356780282
108801176
1455621813
14256969129
22307052187
10236858434
10703951428
7012574338
6211012355
8721357467
1912216579
3617901478
17842397825
5832584221
5526611587
1136130854
3779139075
5981799430
14989023344
2168149507
20603376305
272683788
6330215177
2513408543
16428639238
6206632215
5024723280
3175946629
5418765614
10201588390
726632506
6507307471
14351848975
19354561860
865230795
13021254593
5445651073
18925723018
2741668875
10979790632
11899205836
13578632350
5512758308
8260867996
3231369191
4097951816
9893074860
8958657653
10633530627
6354815969
13738817030
1586164379
21217269625
20110682522
9456583354
173332922
6639115662
17719825662
20443479236
533068964
6806615009
6947745166
15974791608
611204840
18808554484
808380865
8633967262
17428174081
15694242140
2636069991
9964330056
17804248723
18203511437
2995574646
2436971795
6595816563
101776274
6651916845
7875074473
4808966870
3594508245
2386199312
17803387692
13459165057
1863340355
7746562118
13582618049
4820487723
5622438569
5294549116
13309436425
10855758342
3871089831
9901933847
10771730262
17280061626
6712398097
13274423678
13691360712
2749773405
12110026984
408361411
5340666200
4190549202
4999161787
8521821711
9766803308
13635728927
3379577140
9539063068
3172351469
8360960346
12540307442
7103440282
2617795107
8741884154
7811922365
4926575358
7873249013
4512158752
16274350921
727979216
4064903485
2988549881
1787900060
6777699669
5433284851
610768655
5386629544
7066097611
7386332109
2054930422
9318082368
1228793863
19876004420
7883913871
6918166913
8540831134
13573019219
8843504888
7421795220
5261044110
6899193052
21974580881
1575786104
22310045859
11210374354
3707599999
3422086179
4452033828
16341796296
13877376763
11841084567
19609097957
13735755634
1067409196
5567052281
8295058539
18950873344
20272261469
15204355280
10920762893
12006047048
12828349824
2708424807
1795416094
7814923868
2716578969
8120509967
5512596297
2034383666
15063527665
11098557462
18888107719
12790644482
13548363842
9329835897
9633563186
8013005642
9530691566
4308900975
3503749482
15386775857
13822149254
6074580016
1050761566
19873238908
760938602
18884665585
5822054403
2214102659
665693724
6064160964
5177273357
1550745671
9266436346
14715266367
3414267714
16423972732
5015826144
10222325671
3338139584
1503001158
161545568
16890420291
3613070915
17092607582
1860080668
8013726265
3474736430
2776915556
2824987628
7425366509
13233911744
14754504082
7204757441
21771025176
6910632030
620383849
5631467334
769501582
13406501622
8478447479
8206826226
3881929467
5304376191
11170980786
4547652754
5784443051
14724614337
7129989852
489492251
10329530154
6515628757
19131321946
7764789277
1174180801
11299132253
6640016556
18004108436
6543158767
3111014494
5466700556
937034243
4180486499
22219676653
1338432159
9983150561
7384471483
4296689331
17778453276
10609050597
9956646624
6037675592
3895356161
17828706957
233408091
3505109209
7089037871
10248188713
20066014851
18731438003
8031476580
22836066475
9492444390
204423010
3102861508
13870817230
2384893
2590829928
1945175826
1744659113
918691728
16067434762
760784523
1074243700
8508398344
8962262555
20915223123
17446565047
11588210998
6965609514
12689259912
14116797566
9475033841
2079042575
9872720209
12356201232
17722512758
11862050115
18911801178
81730397
8460456059
10908726992
688764101
22969821851
1720324130
7187183375
5805666242
140683177
9384179353
586624558
2831925149
15345979766
20307074760
4159992545
8616852771
19836131379
7456844307
15587493965
13923022509
14161645608
11610482145
9142366472
14118070035
6034777229
705745893
10706277922
48241703
1478248248
10097998800
11276550146
8905009433
6373006252
6036052382
4236442082
6040375873
9372771106
2060368844
7982392825
3240725237
6013461684
6851950849
6446698397
10247186223
15059475890
14537567454
13359119884
9393263633
8353361619
2904236352
8157784013
4972389054
5129000503
5240840616
3632148073
5495489178
20502896294
2084756321
18099445386
14036784591
11858972459
8437869758
3531551572
4955065790
2613456690
9868445993
10933957353
10413133880
2710114943
18871546347
12263309657
9790564645
8404087773
19861892197
13584562101
10038707535
10230010941
4322521611
4192859511
8195053818
10828892313
2840462628
14396231587
2894315047
2303951912
23775482269
10998208248
6387282031
20997630387
6935008066
16506539705
3179247433
4337868734
6582646067
6154717837
14068045701
5956581897
839968976
10988430504
2985990457
3894190365
325004162
11087580779
23853156
9572099967
5400051018
9805594170
860709935
18528350852
10767518977
4795526908
17262699790
1369242448
11340061737
2028273054
17257936988
6804078469
4305052825
2176566721
6185066377
3375867752
9551297998
10773624563
1664407677
5768382276
7040836586
1940772824
1032354437
1109356396
5115306583
8014957111
7222294557
3831724181
5813255951
17813310553
1205335960
6559732161
17412842556
4518443038
4322065331
1470922159
17838945
9608674457
3528473329
8921568122
17746820077
10778436226
8583369311
9927310398
8904432312
2616320159
551816007
12813572932
11411075539
10974456826
10426795510
5766023163
504304753
1538525902
5464469357
633466156
4828940130
3152774906
1356043492
6579210914
21864458391
12297985273
1156648500
1015875925
18599903971
7589748473
6436043332
584003462
14904359415
14970822512
10186392589
8676028910
2272524051
3331661658
5781412009
2404887669
2195138678
14863943612
13672941017
21023375003
17164666071
10278236345
11784939887
9350331932
10742828143
763543217
299230881
469234837
9134872579
15902897313
2322616882
779859239
5565781154
15768971020
2003521888
3818617886
13964944621
8015765556
7118158298
2257745497
7947745336
19572423236
5926551175
19882863511
17952987679
6998529940
8939822581
11058904198
19587234809
18956496059
10042924993
19626121686
10317015100
8025973671
2399981391
2750398033
23626772257
9260235715
9312365699
13279586917
3408531385
7064806369
7804352690
17736400475
390103691
4042249129
5553131350
19382440887
2593074237
15652983911
213705443
4365669422
467991286
14131032920
13028775512
5199715133
5938981956
14108346197
2139457956
5967641706
5267826664
17877412712
9925688983
4752162708
9436899413
7976078490
2670649344
17056825963
2767833845
1118121195
13588141562
11991898894
684304864
8626685741
145837192
6846027524
2001999008
23463885181
11638232612
10491364908
11946284781
4547433065
9000247656
4666831741
3234141709
3519330184
4819561239
3301788786
7719894455
7340185090
17837121924
8874856549
405951727
10620390113
5109047931
4615333364
4144531055
8379756382
85290133
18686047755
10312987993
9716151014
19736460685
519302717
9264870832
11302194230
2143262008
4442395080
17086689788
122708362
4000231626
9114399506
14822043846
3960922948
1910407475
4119119278
16240641377
5872355097
16683017137
7620893645
15710201329
1635687675
853593047
13478672445
13579218732
3431223790
9094435466
11801716354
269993096
4130971314
17640663542
19889078672
12737217048
6883158994
4336754156
18758628716
1737628287
6271677676
18943753326
1350667150
4818775135
17157609500
7183349401
3716811794
1985628244
15387235440
16373848761
1809385536
1408951635
17239829444
3023948731
10679199656
1113514253
5379567266
5929781902
3849703201
966084384
16696213479
10837664964
12515979944
18236601185
2471134375
16902366885
2274307005
7444188014
11398043115
6588955120
12508471184
18284280289
13757696054
11557362396
4441847841
1831340302
20818268387
6299163746
3997167086
3604800916
989785840
16567787966
3003643348
5215930962
13989273857
20164283407
9661087222
3369896866
9380003020
11681810593
423445085
20331707513
3486376332
7378500738
14416092083
6732062790
13664055115
3259551806
8568818100
21565304530
8102868057
972454523
587965354
18403614414
8420833233
17027546979
3423525033
3825263033
6082228308
9714868224
3348681709
1123559451
20778775101
14869263290
10620556889
11664332409
11723931411
6180686513
11502154932
517127736
15320418920
12244829859
2440302037
6241439615
5176656674
3001292379
2428683828
20375483757
16254548962
5768789530
9641340036
11711525428
9958132824
4220152509
22532744360
6555502824
4357469410
3001157085
2793532264
13298177997
2919961291
9255591721
1313191126
6579938918
6806809223
16177788164
8661808891
2760819680
7128500759
7699428790
8789457931
21593381201
20069111144
17797019380
2713437961
9265995968
2140609590
1974519310
7451913658
6406072800
18410018362
22792374034
10965266344
1022046178
2237391885
6695209976
19533533550
12911098866
18494173091
24043215387
7361017349
2768813694
13288140852
15292628983
1550184696
10951661926
2474503851
6267620743
106766416
12696892961
11479343848
15079182186
16557062106
16422438060
4536874628
6465759627
12670248659
5426254063
9139869793
7902509307
1056140607
5915002437
9220193048
9923470913
7688664643
2687311851
12108882794
6349739585
5332040024
20934732706
12955995877
3829776874
8470842101
1158984082
6444245905
14595838794
21673421556
12661539230
7498041864
7492883072
18764540540
5386962177
10685853094
8596632416
669150972
361440510
9727547553
11239783507
6596988487
3060136698
73690960
1484511756
3467987010
11144623700
5181744192
15749736582
6553915738
5684280962
6143765397
16284666835
12499879238
13452564444
12258876825
8478160051
209236795
6125039737
18136271191
4668298690
870571323
3914947408
6873631402
9616475543
7021029286
229485537
2252576530
4755793260
9444528003
4288037879
20212678358
9745847298
11870829424
18002689908
8043392291
20644131066
2440818004
5786349090
3196790077
8389469412
18974382992
8143677966
5994621414
7189017113
13460291243
7719415674
10095359275
613106191
11674481814
15125963019
4826687586
19209901696
7061618909
1680565296
2908502330
6299052035
9248654255
9517370287
12408731117
12724245763
4089520107
8516519767
6382345652
6475744033
709952710
3914291868
18431766170
674344059
11358908738
13964977088
8590742120
16924123444
11690078385
5096664038
4315285762
2137727992
4200948745
12090003033
13014885307
19055195722
8792623970
8497697899
17156021931
12635280451
5689723013
13794811747
7466946161
6854736794
14719570685
2451341866
15893910505
17699167663
62192581
16620592312
4062028997
8862967215
19175362184
6441885089
982205027
6635158616
2971526004
7570347470
7080552327
1979737188
584504214
11277623125
934197607
10178701916
12915193626
12369463218
5023487866
17206600688
10040571551
3153969865
17800067778
10218570172
10532752359
258399738
11976203210
3976492351
12374672029
10027475323
9524209261
16705886012
20618457160
11340652684
3047007354
8371513626
11221888746
493148902
19188570683
19332371750
2891369744
7849192042
4634441450
6747580336
954318973
3705585263
6547972392
16483604612
5667204042
2103134152
4518553468
9118519557
6974592672
2582015866
19222154630
8807637544
16616975292
13099333420
10177516636
8792951536
2177252270
12665724775
6183095500
5720070970
14638118525
5731292152
4181517226
13357738549
8858415748
13472935879
5506264771
14810537142
2479930124
1811127668
16928940751
2375505305
11785818145
7564474714
5713470530
10896483414
13771532637
13178204095
3353510153
8432148972
7288215948
558755911
10137884796
1214964418
24158375691
14385851757
7669933796
9155962699
41992299
6114969852
8812940114
6023541825
6748945198
2177140247
18821397757
22119913012
5826097805
3742323405
6033433065
7867483451
381848391
141468969
3296671280
534930608
9454922059
5239037405
11397525462
825730402
9345174263
2931675535
446645467
11814893057
7409946506
18037715352
10752890132
985506159
3750866467
13165813637
2293542116
15174891484
5725872857
5321215343
22549801527
2522179082
5286463193
7226602823
3733497659
20696183222
16919674735
8930887239
8922559216
11153049609
2048088254
1304064187
2959558679
6328885521
15452327593
3961821579
1122087126
922286900
15722972008
12268785177
5067174802
5296159301
21396804140
5473771943
5407191326
8781917832
693323900
11845892679
2390751518
4039228086
1770440599
9522439279
14806861134
4512208337
4493087013
5236094379
12095998578
9838538883
11134492819
10346932817
174755727
3643001382
677635754
10972010211
1523089598
795419345
1949353593
10477549935
14838873399
12714059191
9211394516
7876325615
3008688948
2167256014
23492878836
6446669319
6087023692
809391605
1066429892
12738177661
1707959874
1630759379
8146886438
3528810430
3270897985
10079173428
18858168536
8391634770
8763008429
1909911044
3479383561
3992855546
12137671038
11902502281
12513065596
18997959601
5915363310
14491764915
3201745191
13873760926
3034810922
12461563255
3169208223
14758775963
5261227692
4060122812
311093174
5049658744
13065494743
3028090610
17337796160
6009729798
8476353107
14015109999
22257710847
17534822917
7464810101
3702872320
6477485040
11127512288
10582713647
18836493565
8877790834
4173264727
5705102210
1205648465
2219512601
11786784611
4702666045
6779043466
8560980130
922012186
9547468869
12848555658
5822325172
2734991946
8087865934
6429666049
7563485528
12449089323
4811583075
9939993009
16150711188
119480522
6053024490
7938162934
16449780140
2927368946
3678890329
554833785
409060015
13372627785
1071347479
1586914159
5851713890
7709689987
5836167254
6517063180
14564569216
3759082007
9925968481
2055033998
8117763209
2065168013
4235138958
16325472506
12624754927
6302613792
5500498952
5173719545
5232563921
10395972684
4599733369
5720280342
8273411321
5974888488
1367063236
372668150
8162811657
19894973674
24490500074
10696821739
4163546946
6402150148
2618547193
6254737521
6001621915
1240056920
14798723973
7713656493
18078100038
6800743430
1454833975
7289160004
10855708840
14918340419
11844244962
2130809029
13618407656
1313272217
4365057332
16223420194
2258655197
5120251795
960561887
6946387833
8656610413
20887594969
4003036002
112371648
17475793956
8425992372
634372027
12784250797
4981230928
198257488
1474290348
7754893077
3177511573
5191725390
5889722753
9345955513
3714219455
12953694776
10175263847
4309610600
13133173419
4851911861
8213046284
2184687588
2015461575
8485682921
2671640396
13199220974
4626087376
1815431305
4604686336
8661234031
7187727944
7946492782
3781841468
4583119726
349215535
11680199801
3482837874
798509180
17071312810
16909965824
19978096642
4373250269
7931639804
5282152776
10607537694
14401442073
2049677080
6921298866
21613819072
18084303798
1913829666
11192501197
6371502621
1010357230
2632182909
3735463374
172388189
20389663406
13661797393
12108574858
6307070455
9345500384
1732125622
12766962883
7334909934
5977118210
5106218625
21457468958
12619183989
4360286358
18228264327
1127637472
4017031100
5598523581
23075112502
3933843197
10227052828
4918587112
7273350194
3237118790
9539327990
18088665520
5534187048
6142194133
11836502794
6986524801
10905394025
20842585570
2490427191
4562914698
19082217042
1434145304
14782254052
5095276031
19804000815
10061317830
7852931036
9957725876
7087664306
12987293137
5676526024
13348470442
16271564329
12275657006
10202451643
3097019432
5997203781
1867300631
8215066982
615126019
8249557317
11749228654
9033957663
4959365328
7137197994
1019412124
7253517455
9581334789
10412277794
1143148575
1175232606
483433209
2689492069
7359042263
15428679731
2784087826
6719529370
17383825675
18740457303
20094983293
963273828
17829983893
407324769
18221191544
10188886478
376565870
3478194235
15090441835
302191333
12645828414
4317869376
377217408
7970765198
2573493011
11549251039
1738343820
16145955709
6705938351
12084886282
2165708929
258528051
18354004853
7625224898
5051881902
12171126132
3600285017
3397715298
5070192982
5286637055
7821196821
10509519910
15974302218
18105999173
12875235994
1999304444
1467381786
5573310308
21360261765
2196535001
13445309828
6055020134
6017011235
5852103025
13638796358
1030555818
22043917045
242642816
9814509075
17676435358
9234443874
6650359763
790623212
6634280468
18755531196
1818748395
12611055412
3071444615
10533420086
3162259924
20465232664
930722224
2401673579
4630097486
5368360723
5681304316
17576766751
2548056864
13866335825
2772412151
5030048811
2787840522
13349016485
6774406985
17200350685
3497464833
8866299652
2351733024
1897892656
2430820516
1248573746
21014647850
2659962151
8835905029
6548142383
25958667
12058296026
155788043
11574355949
9604769300
8473415722
6863934277
5608368277
6450671254
14302764961
13101338306
14104793672
5642619171
2346889581
19237982961
8876705946
9540326856
17331001123
9875651491
1127854881
2946047375
1306876553
4292078390
17953299595
5167097176
14767964541
6189904461
17499563065
6109588607
20618418231
10831139647
5121253719
4660897964
1732713979
1138059027
8622299313
1110040715
20631435812
770680277
17441926026
8057524204
8148588367
11948909524
2869732068
7303239687
5505114765
15562780094
2948221651
1352470839
8530356382
6621236147
16766383847
7352459108
2008108171
14572944979
308386011
3280521237
1196554493
16240968447
2233408307
3653066169
7230129281
1827060514
7528701819
9562384453
21736038687
2778719595
14839489536
18046158765
15054792936
1144434445
8493168073
13256250170
6598147237
4360343457
17424912676
20005045515
2184277941
8659460690
5027736271
1427320542
5213308985
10888473921
8986362913
4403732635
8954676367
17894228149
8861787060
2247313284
3552440896
4373500203
18598541085
741997515
11465821981
9450572410
8899566187
3460133328
2462753408
4940018187
13805358999
23055330825
966218757
1596828446
8261977138
6944164848
15786308888
10224018732
9254710738
5576418237
4932253678
10028738496
11925029455
21887183777
5592958383
2663675401
3293432897
19593397305
21487878323
23692340416
8992667639
4874592750
8506270592
3772276352
23149484240
2124172688
5295768948
2236433202
13579479774
2791308092
7004921416
7629456927
4672307601
13445037603
7620166856
8169813269
2827889418
3679580080
20465676023
8282055146
9491145350
12512621526
1280367759
637375026
12479200771
6754983868
12656568012
13199772011
12421530650
649837337
5688882617
5145239095
3997563284
10253667916
5403484225
6008316292
41564755
8007208525
14234171051
2779241163
911827431
2511428758
5804907817
653874808
764795108
12469775587
4645444801
4484383730
7088055456
6612226630
9530231513
14251258849
1555131901
2903572958
10252091354
4074689629
17091290336
16793096326
18587500709
1542788813
4002414793
646490387
4202476079
1920616295
10366739674
1648707692
4872406745
5476877958
623955060
945082681
7136698201
5491020024
12389520521
3040158353
15503366619
3117069147
19295280768
14206674164
9642304389
17101972592
12291745622
2711989771
12614450831
3613456593
16837668675
11004448254
14475149904
12605586391
18694575209
8089708235
17179369954
5695074834
5197652022
5084236630
16721947210
10772462680
4589483173
6759649756
4607781897
4161247411
12517909013
10446228478
19585055264
17581105272
2519473736
5273934679
18921663304
3138468782
8804269992
19367258001
922280366
1776694943
9651193208
12955804423
2435361099
2638402021
8817226949
6989967718
1631563167
11705758047
2731747475
9042239030
19529199347
14198914959
2377610251
3812378639
5579723320
6142905218
11439632855
6104601806
14460922621
8710001815
5160777220
1509653881
389951868
13225319403
14285331449
789875474
3206571746
5580506816
8209933752
10353732466
10920764056
9949154360
5186487662
10213378819
6207852264
14666472279
1509762667
6439013620
6009650996
9056979089
16233776962
6791494206
13071492346
612490551
1258402480
6660550801
18862169160
12136408746
3957513092
6437383182
8028473515
1203539735
3028745987
7719448698
1356832694
10546010392
1708783471
7723435449
1694287884
6384553027
5380721558
2279719978
11279105380
5456204167
930814933
8551288403
10058455808
1316245393
9415974473
17482585206
8590435393
5609657659
14115983764
16790064337
5507920706
20876497071
9433623856
1538676293
9225263097
8054659553
21707823054
10278709226
3030429215
3741282680
691905067
11785729137
2277382085
6161348282
8585337071
7159600434
8758321431
415763845
22079438492
1013852983
15837797312
18737786281
11609079310
5392956725
19513654532
16412775062
2405261475
3470781510
7666276336
477829814
12432511249
10045280426
7602805621
6127037855
1093883432
8566502676
7822058643
582370991
1758740701
5635792473
1509524315
18522434622
4973675072
1241004882
9488015749
16237761113
993327117
2274705662
12175332541
6985035965
2332092445
792642046
9252932110
15663224467
166374624
725007454
8689614918
13980899258
4404357416
17004397833
10826357800
21919863370
1037138825
9137167298
3545495863
7544065497
18215212351
2950576403
14809278810
7702731047
12130842064
11974166717
6452348266
6572257880
588532452
11754257735
78953874
6782892830
8719002633
5174732755
8997713844
15142114507
18326806002
9666072489
17482434597
18520433733
11849523621
184801551
8194459369
5710192036
9957362237
18208534319
13584930886
20524550566
442777487
9266873952
10989788921
1075414983
6278078934
5647476583
541045711
7512508633
6234283804
7919793983
3864025906
10080209485
10082583810
13219719408
19371899616
14941071903
13602711562
6118856585
4892069093
10676636173
8319013538
3242103628
17571066716
8040787620
22074489335
5359443499
18762055825
2820126643
7738240723
445298164
10560356625
3214871665
3480555652
6131228071
3801849536
16328780102
20331461136
17767814933
6624152335
18197903758
5302922525
6348044229
3050357213
13442372119
6366130764
4135477710
10082711192
17151835294
13996212090
7075481137
2588391135
11528121847
15173219785
7428379998
18527666958
6756783915
1497520452
10229292695
7378725722
9458719858
1880972029
2682306152
9175959623
20680196711
5638839585
6745805802
10182819288
10972141150
7501652486
6302708381
10409282901
5834577535
22615794780
3549878155
1350856200
3477436189
9994976614
8513460045
7753118880
1534956225
5068729070
3263003325
5461728201
8342848895
9067538874
10009493092
12011132942
12481851764
8991342289
3971097632
10703827950
1961944368
4591198215
10178719219
10775936524
1493749500
9095432674
438251707
12779028210
1439990089
14712512473
10970228957
4097509014
10871126890
2668157291
8710277467
16157791766
1486140329
3579979852
18846821566
5604761465
7375252054
9223082931
5814823528
18338610408
7263659353
13087468240
2769234594
9155558177
2946586071
4121666811
6510323721
1387441363
1076707027
14653176945
3268385014
7824108231
3073153679
3078245328
3597874870
3075921935
10894091271
11067586236
10254156083
639739999
7112095983
1030802483
1309028896
14468721698
1189014050
14587602691
6827778318
6675458391
6146440174
4617578299
986798182
742476066
9159473921
1284164001
5872454224
11936052138
18033722726
17351446953
7552320015
3698298499
13464456483
662004884
6019409502
7872097423
509921692
7218533442
16422820
4643612118
13795912993
10974086807
9352706182
14874197912
5110925411
22700693310
13802789564
11120492782
1405812314
13220081775
21050125281
3708831567
10224427555
11672785487
7870863775
5455268799
11354305951
356954497
11000354117
15545401795
4398130351
7448452003
11104169842
6444462077
11769545686
5513235228
1971289315
13853883323
6223117047
1423148151
20020576716
5206660169
3088849584
244444518
1958597217
17744874553
4724576545
10400535203
17269252820
7503774326
6296209634
69965609
2161327431
1335596704
15269459329
18808071577
3358622354
11130613395
7306120072
8400522935
10700399996
11580284298
9482984679
4283293511
1419690124
6971196484
11766262989
12635117932
13085816888
11805032933
11757160813
19363889669
4787079232
19437674572
10071294897
6473236159
4195031943
9820315460
9592710960
10060513952
1072141706
19967203585
2658970395
10815955412
9393753041
10213220222
733785199
16743313791
622902890
2128398197
2474994447
1116144177
1903073200
12507043767
12064132264
16698074190
3599249265
19114509169
13502546078
1426426259
3696702154
3618126757
18727200412
2933893611
5206215554
17341951664
2348578153
16524939645
15654350527
5070347636
3005789824
14295951480
10212950494
1675129237
23868893541
1266067922
418431232
9612244435
3659089847
9527650582
11362187000
1031203999
15843791531
3613845634
12716566151
390523281
2246420523
8330736869
4616765176
8075420146
1422664080
17418764514
5188810837
8460448389
470422230
19511986878
704668935
2726438577
11211298457
7751935703
740622025
11353211191
14753134290
506401749
13628325639
13527791416
4631250517
300227065
7218456306
3970899861
8945086459
15736682166
378231579
6362146952
7737296436
8692883863
11969929152
17554365782
4363572228
1626930335
9494918427
9531284049
13815001113
21189022875
17216537093
11789241557
8996679930
3936792486
8798478071
5426777674
15328978286
4582974904
9570655525
4717164893
21223382979
17112729417
11687303913
13779714612
9558766188
13279294224
16233715929
3089626144
4723021808
2164424344
393435955
18214830383
9645684851
3080433206
597264021
6062311723
15747417488
1436602101
16181028020
6561604611
13922139406
21501930302
13849540136
4849856772
13867705949
4091215640
2860267713
343790782
5814567038
8856470914
9214089523
10551565069
10314361710
5200270220
12849208443
5641971211
1142829028
9526660309
8159943165
17037324171
4206949854
11746368710
12102974247
15384102802
4541040666
20446905693
4930867675
8227295889
10322865971
22968451453
1663755477
3475202548
14047297655
1069284261
3685181278
3405703248
9034274977
3009661056
15891203631
15489366961
5710009026
1274139374
10837122330
17598751425
1208658289
5825685825
19139818847
3772200322
11121389850
8392865031
16741291168
1676067913
2765576680
9241901607
18273827194
22874486635
11679215510
8146512287
734499854
16387976799
15848276659
16106183976
2549301447
4441425373
1968289224
6998196914
5377861105
13951398385
3052189910
1664505485
8866003174
1582857906
616148692
12522936278
10135332848
3591266952
18509325704
7918793784
4774520917
3984981295
4493523148
1721658317
2960740266
7202064870
1242841739
12490150886
1231015914
1337214801
987030093
3366937870
9716265603
7051658813
447570994
4105704033
9840592761
2148299030
3240678337
6425213425
1797474354
17775841237
6612786251
4120060328
12500461085
7916634219
24008268969
3616387322
3476372281
12208295348
2575405069
8396407697
4018556367
8420443289
5592960548
613329922
636328957
593407433
5867216670
133075023
4616606718
5851627503
2015509741
5240022514
8790295236
18339563687
3563739312
5479288219
833229442
8300193156
17201003061
4536468624
7983290030
12390821292
1266683279
9474357899
4953805592
1740406517
7390811805
7557024868
6650807271
19159097224
14687108356
8630778731
6152866400
9681941456
851970822
4744573107
258017342
3251555580
2389975174
2570393033
8784174732
927347544
22399793990
5097364385
3914977106
6758283822
5915932567
8267388659
7905967912
1333629390
2953178824
6304576477
17697708329
15696603160
2490439709
4399644717
3548702218
4571704009
5116468862
11143152096
13237889770
3795916216
11082752968
16511406229
12006907873
1183280548
20814437802
1182274751
7503525252
9501944279
7906886461
9411341743
14064137435
2091678599
1913171068
11097353696
11653065394
6296037683
10051608721
10854584521
11734921610
6700352806
13513177333
2747803853
5898123185
19061020052
5340870249
18508113652
14461744378
8412593210
14351024975
8760223661
605311611
1762713570
5412326842
6228123239
11166525295
8296335494
8144603933
8288713915
11273876906
6716890520
673022850
8562097957
10987806034
5323162769
7577134836
8842455378
4360222315
201930062
20722691777
8999773952
14088873635
16872766850
11968404433
1594734360
2753237982
1127934514
7002506547
7143713216
13181924769
7728930597
15357957070
1808564902
7305599557
8848818677
767685030
11933244668
1091597487
4083699692
18636416302
9700463055
6487774126
13853148315
2220677619
5880915932
8767370585
7776438416
16004228667
2461453477
4068566680
5395799664
5775805330
9805343947
1113075177
2742392532
20303460636
3268915243
2293545320
4904170229
2666157527
7949099017
11131342167
7694657391
12793322378
14759731507
8025856842
322500759
15315157639
5234617784
17171545385
13657812703
2782972955
250759425
4067356972
15330817493
1463834089
1864916695
1625258099
9929961
18196933914
9847841692
3716562986
1301999768
12333008819
4037483585
5027183334
10944955827
11117605928
13222545118
15746935980
981215671
12828200875
5379903465
706468395
134148485
11761250664
798726887
2015032367
5538502347
17113768943
3844687118
6415688031
8078798970
18691325023
8254310820
9722362141
3896852876
14198909200
704673497
10656361952
10676013027
57587075
11986488104
3066157699
18649804753
3273329945
5837825598
17755099664
9374058582
6349950456
2789655800
3914978711
6996127875
41699570
3198400893
1391079651
2472642936
2371850669
15444214315
2792728283
6768623832
4686485482
18413898118
13681554771
9259904850
2740692800
1966744173
2380827814
7487098006
620504762
3030134810
10612986985
2779394015
647892309
1047670002
11682614542
2455382395
10189835720
12044824169
6193642760
4972055616
5334089685
4266292864
15283732029
9491422645
2871878640
4224403017
5422757802
17563299731
12857384142
4069842297
4461681657
8963824955
7352441639
3315715884
6415505765
14068684592
21643230952
4419500068
6761792467
13246359959
331114724
11206460553
15575615270
2620834034
16670666103
86302955
6991058077
5239026107
4488946205
16665711353
1879680673
13020696389
13747511761
7305450018
15275448261
21199503991
2608921523
12662281186
2068421834
9040523173
11654859440
1906579646
1373470114
4131072746
3973059554
13633105939
14128486736
1023910645
18989593507
10935087072
12670356622
4498946922
1539271829
4057252937
21834697719
8371521409
15024956412
2397843708
10103862303
10533107066
845486885
4707250083
223843549
856607918
3435848016
6286501785
8018059937
7780853986
617947136
1606468460
11602195735
8750925348
4360655921
9840533148
11377321838
4420558369
4573713531
8830060239
8125802707
1279242231
8100450182
8709290882
3376125643
4620642016
397776520
1389072809
6601819094
17120624400
12019175252
12296249446
777264385
10097942288
6168727531
13102638649
5793715754
19306652951
14519492747
23439823385
7325245583
10640461103
664589706
12821958186
431718353
2121628155
18005498214
16489757442
14243821964
8487278589
8223761704
11013108740
11305222497
6193427301
14771725504
16610564962
6266916341
6950563182
8915749618
346228470
14293440752
158946884
1166120105
16985958438
16881044606
723797142
18562005950
6687681074
9373566824
6448676962
21061996756
6104053917
2310878243
12498830246
2302907245
5947738218
18606491943
3990951087
9406681466
12081799641
6110303876
3320779375
56130562
16685959244
14623477809
6017735857
2140952674
17768544611
14025249397
13847212526
10710449588
7004523182
4611106237
9613036623
8369718489
3780933774
13120043850
2680901652
9752812798
3766422630
7500391496
6218213777
11024847727
10530346188
5823862500
3849513463
1164767949
13740822728
2153953053
22809561492
1058570103
11563860029
16736238183
8200012973
18491533672
9212000595
19193690621
1295694854
2841750939
14746818386
7310281177
6454608398
16608037685
10344382986
7668740206
9167639572
8272390112
8828991312
10434169438
9770479371
15864560477
3397860441
14113732652
5366258308
17491627250
5378523772
8535532305
13505029871
4272833275
5274165683
281521662
4588572443
12221081874
4263432922
3042274294
2328778424
1434133618
5358640411
5048967693
3398595395
20081501686
5862024042
1664078595
9569108323
1352819
4748707779
7819296153
5318554105
2834520064
420459469
419407149
11029070986
11305451588
3074422626
8483040790
9315322149
1260029390
9027706414
6900567818
7933620917
5978153220
3663759228
4174304570
1092316324
9417713877
2327535445
18206341928
433770131
3431693636
3669951806
17889380868
722862010
21837995737
4278534572
8761574538
988777887
3876867805
7956059625
19923291231
20967523523
2134850184
6800263270
10981154547
3212127249
10406932175
11427942209
15444659823
7886673758
6335299897
2173164683
19264688574
2680909554
20824067817
10175415056
1696512071
1375938801
2437056883
2006119229
2565247317
3164730942
6706642482
1214641510
17575499729
8382797019
4217795340
3238496621
19186665687
1990492621
11660070709
16258936156
8163696039
15489937338
7019111305
5206404482
1059547580
20761108232
9278982708
13686849775
1192590309
9276846934
16154573138
9963025205
4850104361
392553974
2273183704
752073435
2550602895
3576045387
13141946958
3996778435
13098071257
6933119245
3182062420
1350202263
4214863365
9757282954
9087558409
8177442723
9333939613
16026984008
951486585
3532471210
17100639391
16379758169
7884910457
656464288
20178781117
14677820351
5220617288
16353715025
2870310174
10955538356
4603798351
1387483966
666223108
1749992309
2865970509
6862577382
1140610334
21575743262
22801259985
20884595793
1059342990
7488859706
11162994708
16695113473
1149916878
16568812031
6517739456
3597125757
15130302130
2076409898
15782865797
20548092936
3622991478
16078550199
4953980017
3563233192
2047661160
5219981780
7206909132
20184745086
19810061173
10604168346
7163220160
12422825118
5789753215
4187565579
1363853129
12482118166
2409713457
10763795842
1109873182
2191765920
5482479935
17926254662
6906140646
2059440583
2378317081
20112767931
11651431128
4240236046
1243259291
3010155282
15397368005
3395642769
11195224822
1422113902
5231003310
8550575823
12089656951
3515183182
1357828638
8194669353
16168259574
3384813552
4103829301
12116503295
292757477
2550256946
8103332220
19745770101
14881872906
16028726497
4346845685
5863043150
8553492922
15452561961
15172538156
9001163240
2147974273
14623792762
4476921163
764588683
13767822952
11463380742
721867537
7729435774
16392564638
14618167929
9408530494
1839308482
3583321364
15063758453
15940520314
7206128399
3595831252
12180550190
4537929819
8000061950
8433496558
3308706733
4585386003
5744323813
673525090
2022127294
9585560256
4416502244
8563313622
13412993183
18772990771
7146902692
2215449108
16351547587
2707596488
8502546153
12829433832
13815334904
3464497506
7109692581
1210690268
2188512919
11052171247
12048152196
17633926636
7605450325
5234997456
14683141746
4411299411
3956688820
14043602755
10945589594
2535758880
2650454582
2193229493
2286649020
7891272479
10852801590
8726572482
1184726200
2223240110
13756437769
7180861661
3697122712
2478723057
1904291193
35250945
2445884813
433718632
213574930
3559187893
9154573134
23486294569
9303953891
3961567939
6366053062
12735272020
3593724538
11467260046
4020458146
3860315384
23649612406
9058696151
656044373
17414178911
11974707584
8133111695
164727029
3739705743
6103025469
5669010263
1686268921
4883017740
17842847406
4397049807
12499119311
811518367
419884919
7852719892
11356202199
17518260891
1550174449
13592476229
20901363275
16682399106
17929798687
17238529983
3193826919
13547409910
17046568280
18603838777
4167646263
2719774527
4126816414
795499384
7141505992
8027494054
70452184
17617522966
8864773945
5435368695
8366905995
9438237814
13776004511
3993797871
8828264465
7177379113
6567122123
7320071812
3670912244
5903587900
9793526107
23680204268
17663459907
2493588030
11505281640
12323108286
17963480259
12325153380
3556950806
14999067607
10332860016
9107443969
17483786729
9489102146
20477795722
17917413806
639157426
81991681
44425928
15389298456
4170023025
9218893858
10855808254
2289183025
17787683804
6948157222
5393227958
12822216081
6583628010
7900602909
4465162266
2413660102
3314337681
3925263122
1588604585
14227367963
16435511000
5465675230
2636580675
6540875423
1028346997
6146701792
8369184864
3691692285
9622896150
6733104576
11678259236
3818102938
7822271774
15483519684
6499878883
14900204903
15051640257
9781392554
3732547289
3041549464
11566383958
3661424337
2815933672
5925911038
20579245314
10524199954
1222824867
6264238257
2139977878
6588610178
19263621344
19439459910
2078400033
4856604598
2812170692
12069175606
4322660099
15269228915
4201792407
7713076686
5600398543
675508873
33313922
2630845797
7756405033
20128095442
183824243
9679471597
10879007747
3825579271
9032179169
7118216659
4101669726
3841082881
12764672989
2638740910
8675555474
593324949
19095869352
414142190
3009920286
8045214752
11410856988
5831516105
477636681
17393090911
11586665338
17939783875
11149298807
11351838152
16579001975
11082286180
1642880940
5017576092
16039102065
7024256549
1258757180
9263543997
12507404388
11773607082
9196426844
1812288541
11823128675
2707011254
11350110690
6289210343
3214919659
12581194456
5723850124
14715300314
7971960810
6802225360
9068505203
4368182370
602731898
11414699498
2332478731
14006940803
6842957971
12598367406
2572025640
14944775132
4871582888
14084036549
2582107022
16440427847
19436808579
12325061295
12707865425
13077672212
7611462853
2028085950
18152467604
16581632106
9056630095
14258571489
8629645254
12183225663
11950475168
12157720069
7877328192
3738455190
15101690829
2010435949
13314392921
15254153504
8494275416
7000988189
9037311467
13291309171
12176434968
15630668160
3760199646
4906350967
9072095141
2418691804
653680166
18542978043
1374025055
904064097
1799739481
12530621447
6912888363
469561976
6750301854
3043457090
7072488710
17576419216
7218137352
11603207803
17706428252
9135557497
6955222446
4801931983
786562595
8601947288
15652086514
8681121273
10495224826
5615724942
572968454
9191085323
3582570277
7116875191
15481235911
15088071298
15291591010
8436582352
430196217
5726039468
17775275458
1941656005
7330713111
3099527923
3160834189
6861251958
10688645493
16583602382
2557504568
6639158442
10288067867
15281910401
11484903258
6395207661
17455972901
14421909712
3701227712
8805705247
7779807068
12221862800
6085119646
10996814271
9968887556
4352968949
9858589874
19718983873
2461465928
18153526376
15978589813
18853763592
3356822280
4377469241
20663863344
18039201076
15995391280
14404440080
1349197130
4742080626
6429196136
1375387886
19022200630
7775993004
7253680834
13361576596
510904626
674706675
2176344871
2554745506
20385109623
13778836713
1949857911
20895872597
2940039351
13733381855
649994035
11081694164
12293293867
135880466
21399258891
1373874482
2091608900
11194861657
1677583698
1032924494
11315207871
5793962146
13267111039
14045851214
5472034434
7102883761
12857023230
6907173306
4061888155
4312821230
12495165230
9518041888
19548576412
2414058757
16931112049
13105093069
21311657778
2159095239
7725608538
2489804839
2277402353
961008647
12408194233
2734831858
8972995185
8610890060
2430068944
11445044418
4895711543
13776967416
5460757378
13512070447
1260462169
12467452736
17901258302
10682715101
22756508005
5623652645
10813737105
10246423566
11032121346
19121386033
17582060398
2737323473
11832611449
14381403453
8194247558
10484487658
17306191966
6724085051
10963128920
20278260774
4030225980
5527067270
16015217814
2463521471
9171330514
2265712541
788887109
6922572377
11456765401
21867583002
21280659128
11047140980
748780817
5474798820
5634946966
17993245134
5879314816
13202874315
5465195152
3844916847
4180555488
16345577856
116251143
12009331797
7937716597
5925606456
2414638198
3085220611
18314747352
22151168631
15554442464
12043076163
7093834564
1667462311
10121353191
6112558059
4100094614
12240697822
6990510009
1521534038
12430046986
7379621016
905445784
7650186616
2535012548
12905401364
11594119976
7448063834
540010732
15434249572
10167361353
1837114779
2125102144
