3154310002
14328731480
2492803258
19762920546
15324019910
2176331606
19730510916
15715785590
9625284169
2687153897
7472993169
2048594803
4732248714
3875646015
11188298834
13671406103
9368419827
2786890650
10096844896
1341373756
1630710664
22885743699
16300897002
2247574231
4982850156
8503599232
16159608436
4593789469
14843444914
5153379660
17695714179
13323419906
1518082057
22886452219
8555765139
8917005165
168914190
7527656202
11205519964
20834377326
5063656818
12586365795
11949895951
13931226488
14545050946
16890046134
4851639315
1840882009
10863217207
13507766493
3124427352
14397314822
8630791564
18637646497
22191145556
3387447716
12842414540
16369059841
6855153104
4592218732
9304377621
4916975559
12011518779
11128279522
6896723903
158009147
695236797
11976131856
20611406841
11622717934
20517913462
4934074902
6021732488
1745096039
10399834357
2312522452
2543569745
17200629974
78389499
276137131
11712588201
15028275499
7385747507
11141631187
1956106313
15036098788
16994541424
13923485778
9929622629
8045147744
15228774126
2255457620
11533062452
9389034865
21235387640
2882325730
10358001452
8205405675
5204390251
7761129182
19846986413
299559454
1272852878
1692477091
18701112020
4631198766
76379841
16774239796
15201967190
15264918230
1891919780
6583932362
14056204031
2936966974
2266334957
13904244137
6162557923
2474944422
7083968694
7916878880
925975880
10989185353
16060695496
17495697397
6700818077
8175185328
22482196513
22129373271
4883743675
7273163434
4672681884
16278322955
3652351222
8789444400
16777233898
2748171589
3593107021
1307135258
9664278907
1366749248
5741968706
4853688107
3777568633
4939745521
192888613
8049633963
856795311
284413793
1321520560
157044253
3266580640
7096314968
138429574
5640166852
2677065608
18973636025
1132506436
7358193169
11429066167
7432495085
17496588215
9802001509
5413022250
16505202250
2504172738
5193950538
7053167205
8329440828
7765608662
5127066950
16237277667
5012985659
19028543445
209605887
5690332762
13410912745
241001206
16971030146
11558482690
15127728057
13920942935
18221296139
4773145023
15602132302
10170657492
3000487023
3624892497
12256324184
3692623042
23087996278
7653222267
13995751613
438189738
1791969068
7072293085
12764488383
14195709453
17028566910
7495910804
14274144206
10101908392
1672975741
9849256842
1731663335
1528881224
493455066
5596297065
9474264209
14387353342
9258215769
8274101262
3967884627
18357746845
10367830736
12606714106
17725094296
175914958
3847002234
3513774615
9345656476
14967300639
9422960413
15786219954
6359435840
9570409923
19751915437
4126766410
19572664559
717099731
1074003385
5627960935
11528518846
10480673889
11475139731
1965794589
5813205952
13322650278
10086421680
7470415856
19410178245
1256332306
2965362754
10296953806
4781393527
8006206755
5161477569
16089432170
10137016116
15453195624
357213534
1053061690
2481662022
1892833489
5641298182
1450543025
19688909291
18379943924
727944526
4459267579
4896966639
13284361826
3725400813
3838875553
2368557154
3750811019
19612886516
4587550291
369176782
534054738
11233873294
3433512723
11079328576
1663087096
14930759952
1210572922
15230237451
6907069180
4186020992
1326149206
6037314495
2401189161
7261417432
11128356151
16406335381
9236647346
2132831355
13840125110
3659141961
4440490490
1105081251
5564242306
4458238458
10526156521
5839206351
4834329913
8414302597
4491745149
820475841
802824379
1518533607
16145395996
1410759055
9886782379
18919075296
1298929651
7232294037
742904201
10752527252
15506489438
11587938197
15770634696
2532128842
2015328752
17020177916
6250650528
14390084729
8509650684
18136728270
203156868
20932014978
1032865004
4068650719
22017922490
11894073496
10503190242
21701497380
2752325031
7533002223
17549031902
14929297905
4088718043
8114291813
5833064641
453761187
9077623702
1807393139
12743785946
12523338422
9463038921
13995169698
8238856508
2399016291
15250866092
3908214309
5518157792
16806100840
13874694934
14702262718
5509096510
12525646345
9614715602
22142605489
1732637792
15425526964
14396735479
3731545557
17590581286
5111145810
8170443900
19452363838
11799343984
7998411062
17427306344
16825144497
3236277806
8260719465
4627332398
3537227775
17616967746
5131800090
681929784
10125837123
1025613199
12461261723
3975081986
7977513769
6808137094
8562492405
6545743238
5119659365
889671379
19286710843
7149509347
12154089947
367786958
4635657870
12080774467
10568529293
11720907938
11102920433
8762642304
2247671021
3699153987
5237967517
3903534006
19210910408
1953164667
6161096171
6287417170
1747613432
8489233777
12426021268
8613757315
3404078916
7175349573
4428379044
4123848159
10001939363
14578645566
23016045148
1831716061
17253912645
9657239639
950094286
18468168799
9466859408
2824140422
16694233437
4832084049
19727991494
10099750751
6901648631
16975124033
7498946187
7203867713
2782628494
10004195473
6713122691
2172705049
7958192755
8537167550
1657012213
2331389910
10709594289
16161703950
14241675496
4306751544
10893007910
8024850860
11091187261
9858244445
7438881270
3921726671
14447247737
9476973508
11058051221
10847196754
12970703652
4818411099
5525866625
11301175478
29653901
20687001461
4168344248
14391569974
10816883428
6454563522
10485714771
8679157656
16067037643
11965139321
896209419
9927522209
12285570421
7777281164
3278955168
4688299286
7730486923
15440417358
13947082823
2780360456
7330965396
283306490
15560555974
16051449352
6195204813
12324497760
10303548909
4254431223
2117375329
6706257088
734373745
10071086540
783317596
14726504062
7927786832
5435959513
18271230660
14494186842
14195907931
5084883134
11840937104
11329633262
3072888652
15523913479
5012093596
8368474371
7346830209
82911015
10017171772
13742940304
2849737209
4658408109
10273104318
288125033
7360409378
15625981310
2850429065
19266357597
11930165648
5049655142
539969182
11643892513
14686702596
4421181265
10274184884
3193839598
7894549168
12976751870
2932770142
6918491785
1315159938
13498887119
2361073154
15594228794
21989013680
1740950930
14829136185
23478582323
9455989234
2516515352
339617957
8974912107
8722394345
6691812805
10437775410
3048594930
5708287378
6763675457
8969117304
15208638350
4610356205
6403360865
11250320121
1241101076
5973274755
5635812597
150220644
6101780121
10981251512
4132861587
1965965257
7109356474
1272883097
11523826977
7350626823
6954219801
18132702961
4200734089
6677977557
17892175728
1891646482
1253510501
1582813633
3071277672
13769007476
18557934163
3810444631
11436820296
7971727555
4599979863
1768624097
5785711017
11865840703
24742903022
9814533344
8185670233
18122516350
5109906731
16545391867
8252978672
10939847849
8084712026
7189765535
3448730603
4892036315
10434385612
6246521384
1444215576
2400370254
3564608762
14258182599
6681698057
18644343494
791822107
20287403289
11209163953
14873735144
13339500720
109165516
12247254439
13926601321
5229803893
416791033
12897215414
9763124313
4208439844
10625526699
16593480056
4949418993
5758033711
11487545824
4167325042
3389538417
10119697596
4642302766
13352015292
406464597
590661176
13242976894
4710045283
5687394697
5679643604
19498257967
1100515419
6384009325
7912484090
18373792186
4302629693
2278981798
5652481945
5055695794
3511706748
15593573063
2299723502
16157583917
18239238659
5902147113
10890978414
12209824111
639299342
1902062584
8577368729
5502378977
6635671381
6146985650
15704360602
13053864025
23957994187
21744939784
18593953159
14488735651
904305776
610882784
3504090158
18781702558
4111713706
6950592957
10622183619
2311830983
3792594397
15112036045
248928375
13222215985
1176266787
910293750
10052435452
19009003135
13158523927
10434656751
6801521101
6400465149
21431587494
67057481
10793913069
9372500474
5333753894
6289917874
11758070782
5537482225
6314789915
584414190
11974806730
558113167
23597727865
2229949838
1653582360
16997113679
11370055692
8893239016
5735908926
1405851533
1845547431
8952013576
7721294893
5234775291
2660811317
10979450886
5281711671
9547550342
9867789902
19252749948
5221609151
22018219159
2580554361
4385902257
1911879145
7279217722
535220685
9051331447
5286883157
1991294449
1426088459
440318343
3329213744
3599150443
19164495470
3175322617
17070393993
7174940581
10484491552
1838677560
20139022110
12588436805
2562790284
7809508319
7064996483
9890416020
8146542170
352248640
1657093192
18441712969
6689107818
14982390637
7966008781
3584236232
3218152887
16347603526
147265492
412604371
5264832290
2479576636
2353378330
23302607625
9537318375
12847512128
10427111885
14760925495
4708799587
12448195779
5556175575
8838429123
7795692556
18820920063
14007156009
12003432276
3308782141
3752393952
9686474170
16281740189
5361374199
17190784066
7298884966
10316798635
907301116
3818678636
5527127706
6159124380
16135293936
11971287885
6015960734
2604731775
11326234387
264525473
18979427716
7137404482
12620731288
2895843232
7416066589
720078974
7498718337
17347398989
3811249959
5081819946
10537566594
15102481967
5598700647
16337486625
14424398145
5121909821
905704951
16165130157
492992954
12528024856
2266265923
14211557688
310509607
16658394057
5514042361
1792367529
7000431458
18960079643
6355227973
10466108127
2743284974
2079758824
2414321911
9426316500
12811931899
7578094852
3077618699
4099380208
14320668000
1911990548
7215529788
3901413761
13184674538
8415115661
13700657377
13645498835
812911543
6137388950
6393649650
13026205516
13428029164
5439006749
18148937228
11438300859
11893202439
11651344359
11410486232
2470466824
2032488827
13877639723
2095472110
2380890394
1379498326
7802506232
5512785949
1551491013
16996187171
11126862076
1910163643
6076367754
1131621240
8178848861
6883925966
673163273
9273791955
8781242838
15212213926
17355281059
19676619795
110409971
12245966766
5511717168
10061766568
1122459244
3155142584
1815271987
19653528762
2068897450
12379493291
13513079946
15462608096
2222851913
4911349233
13825653898
8715767973
16331181970
6164444967
7414189160
3135580563
15490142184
6441932438
1411803779
2445733921
4192454371
11733141601
6677817887
343138150
3299169034
285121119
251531060
3934592198
15976471353
5949519605
18481336579
3017177686
6391152730
1900111756
13059075072
2121522339
15349119074
1365769947
13121335888
16889453817
3917957763
686421683
1477454530
11755981309
4006575680
15620952931
116551001
6594776656
12414421088
8996806911
5209128054
1506150229
19205601811
20740819726
15842016061
3615996573
8920733654
1937489240
10141316962
994911738
8317461484
7743756399
336589708
15852457582
12842980595
10039299125
17526152871
3310547968
16674962762
12591568806
4211746041
5943949669
1127817445
3181772840
9772576195
6775465929
5153312665
5749727605
1853464746
1877422135
875009682
3387468108
19498377682
1063943944
6922295460
5944276527
17004232110
9770433941
16195564373
12783438114
5528328114
9003265019
15209280355
11138505276
2213477447
10162621952
4962730668
1566250259
14529033190
1254809878
14874094451
7226332550
6106615137
4458736211
11821764832
9532972427
9025365712
5058740711
2479803980
8360421854
10155151856
18769978700
7474130377
16747001434
8861794722
513790756
7282989512
359018499
17540640403
19749066577
20055638402
4571466269
3338529564
2480636162
1982068205
1826066531
549028039
7171922206
10325849443
493811050
12327485698
2547945758
11275643619
722531608
5234535251
7498462803
5524268665
4177970634
1857888289
12859459261
8352142861
4926583563
8213850809
15617683905
2885181360
6867317315
10018656054
20053500265
12707841795
10920652187
13727419368
9298582392
6323576077
8736145697
3953618674
6263031244
16856268121
9886693091
11458856090
6917511900
15935449625
1513476817
4808626860
842698158
10223620206
11224626820
6184171884
7616926344
13050397553
8509137508
18660792567
2834435869
883739906
14999592836
22464569020
14960686428
4196584900
3832224424
9116987354
13242376209
5403880915
561876600
8955111442
5441741384
2106454991
617910371
17681400180
6474757129
6878944451
12511143001
6360576470
12078007968
13689929092
13746094199
14129268802
1288767500
21337070480
293334399
367756842
6662595434
2570362601
12166207170
12178546990
8699640164
5139973150
12410789838
5090590385
14467918859
12461675925
10869714568
11002489498
11245578030
1936665880
2454643307
6818238194
8280509628
1665655962
2666043694
3156978907
3121806517
10772952898
2934143438
11168892777
669532517
14284848539
9913455869
14731724057
7479598978
10884752426
16796010748
11983422635
7952411873
13386860827
11532337425
340226903
13787644133
4251101203
1582513888
3951311613
14040575252
17922008709
6206709972
8162782621
5570988089
6590565260
7309314486
4500914410
381275813
4145185419
5305493126
1554438782
264347095
6280541687
641759112
4500067449
4023952342
19067801076
13727730810
4345729754
3975469354
4274761912
15967841443
4542781564
12402167953
11063673000
18433200265
11894974516
4594910044
1218350625
7781662752
13925999851
17853586455
9172889689
5410354698
2215411619
2132710106
10989728187
9932159232
3884134851
5812331264
6653086607
10476074268
2640119041
483900370
1646870596
11308152982
9059183255
3406477526
2824701510
17696788757
17620813013
992282216
19639203449
4272457974
14580010775
9516402194
542434236
4756806601
12246077354
10938460950
2824278237
6233091455
4005308436
1583049368
7079870262
14611122835
10968979291
1473236516
17119806593
1181917212
18131358041
6846315374
17996188476
16971540748
3301325714
11518254771
12017416961
6106364337
1558016523
5910465042
1264715473
5683366043
3277574337
5418871384
14036330466
7705438841
10503176125
17820181562
2786442530
14437336176
8844978654
14999282480
2316648294
1720797606
10543929898
8436017638
10941715292
9038656381
6952903759
9312764815
13343402908
3576570547
3430470601
10351049541
9604391366
11956471052
8351037620
12131437376
3634815368
13861801180
4252579039
3181712043
10069693047
13181444029
10252320505
462505235
7848887160
159140450
4265862448
4517215947
679038401
1082020799
12478747217
13621103311
11476189355
14363955262
5890579509
18405322607
7846939781
16194082499
17094089898
1126317297
19765171801
6383212592
1819526803
12784624602
3770533756
14102171037
15092117548
6062554915
4306059400
7450431924
4722599318
441903607
2835417476
67701394
9769836569
2880836417
7576275091
2067505920
2687026785
1506055574
19475209361
1329461077
3192565418
17017367100
7713418296
3120657503
11606603331
4743000569
3600231380
1822207303
39103999
5274478369
8607386413
1327891587
17712717718
18331608872
21057671455
12549678494
6874214726
3553297322
3282123123
2803052554
6219582540
8634105447
1538446119
5786107553
4757801480
3957377531
6947292063
1491412984
16010744948
865508124
3678148494
3583854798
4929119117
372339606
4772726549
4105919446
17704102340
5207273436
16247142699
18652738086
4069104377
12852897462
14998853760
11022097720
466229379
6896256120
1276262270
9532090759
6158135916
6203687245
14481785743
3554765745
1598426976
18053452815
13531282756
13729566023
9377731832
2614492213
616337057
20610369370
2910445631
11224200845
829263247
11328442971
4517621794
5046980988
14856907102
8982308884
5561359979
529174993
5915471934
17243658276
15251658321
2562573690
12184719379
5346564506
2475631251
6763424453
5043400755
7418166907
881865672
13858868754
9220711176
6745870742
4224638228
332763448
15451473284
21930713567
10398486800
11168769506
1605701694
11561323026
14783670647
3849582426
1708200076
8385683900
2464419282
1352454484
4643543907
3847658954
2721951775
8115299968
3301017061
3524401317
1730414106
12600047339
15173384534
7884811096
929080881
11483549456
5517612617
9309104602
1081824864
10760789398
10370519229
3834370690
18866290724
1006708500
5061938672
18496324935
7500084831
7220420268
235585222
10741039072
14129145787
1065258186
9534036640
4705659396
15883005307
7505779447
7112332175
8897556767
4739293006
884933047
13709022122
14678880656
4928583518
5448737388
6154788913
5143784627
5963575415
6771857468
9594292931
3696246245
13136617739
846999010
6332574387
11349931842
9883622584
2832980949
14216294811
7483619960
2752585882
1127991521
4540217181
20829875154
2031683867
1119219520
5355278541
2231220596
1436802611
13972665206
816544593
7908882063
1381142618
8155178858
1080406680
7767433616
9936514771
14475896797
3119711586
14098153649
22426774903
168762602
8971375435
316153524
7497042385
6608089677
2753378045
4550278254
6972932235
5675596937
812431759
6117490040
12386859124
773709712
3162111808
19873517350
12930787246
13991494708
6044911253
1741655591
6787795238
5534253612
15788323981
4965538373
1334827408
16081683413
1279799100
639117278
6487624206
1659236755
13394880550
16171020835
3525555947
1035092544
5658166050
4140289609
3925030576
9101083749
13289378012
5003039212
11371734213
2960944709
1880619777
18679391690
2090220862
11001231190
4593325822
11666349268
1324717310
9089726324
18390198642
13075081428
12065485700
8067118585
12125660231
21065967136
4631938152
16162052012
333481465
815566283
19016684064
16451707936
15469189439
7696685724
5013797014
1027942613
8763874941
8099331438
3313620376
6549699717
8840629627
11954228083
3320235298
570397967
15165323200
8896132361
20233706835
4267424645
12119121156
6338584145
14753842431
2107308894
12241589212
7836360080
647142945
3498811140
1338875384
7884621585
15106651027
11584151184
21012939506
5192910708
9282566399
15025680823
7465503830
4637437790
2142606764
8039546252
3125977726
16749989254
294071712
14858290134
17797003673
2094408771
1352508105
9735295601
1949660628
3967660522
7487545597
5003804955
6416082414
281623966
17900380622
7744853969
3947398967
729133673
2974755497
3774857217
18370409823
8850853678
14682218001
2285356597
10272967749
6129765936
11014152349
4130488211
2850358402
5987641655
13271008702
8374845183
8902113033
14999355901
7438289409
8259908854
7247610566
2072879464
18692359241
3239161882
2567767317
12460509750
16661715133
1379482696
5570755915
17504502895
16502857906
12263474141
1127116973
6223913858
8053891599
16836689994
1788978740
6573399697
16330397709
3285835330
19364497251
8409962305
11542519349
4600073683
5263953593
4946542162
16429599304
8641428959
5639386166
6785834915
13494958848
3862610644
6409476916
4933114467
5073458792
1747377580
12226743001
17799681137
2408969272
3799518166
8171506262
23677266793
2522595361
752895661
17055361085
17116473089
198376213
13169960286
12553403953
2762428455
3647628862
3014633478
12076593374
12766736423
631236332
10195392792
10330285095
2145607335
6711171518
1910212611
16611898595
20626299463
12313815699
5693344917
18525431544
5037982782
19494110735
1275009945
10579706751
6709640680
5049213779
9432537261
2168884431
11040608225
8541694973
3506506227
8037385339
13784396639
374122826
625437320
13903424652
19336708784
7672048072
17308222528
16175262615
5466763244
7306712648
17339864005
2127083731
1387893734
732932276
13264091145
15194072301
2051472084
17937574063
16039442401
5192315209
15895692512
8505036115
8947987617
13897819764
6630922877
5310012308
369984525
2997432049
24368466287
1058844743
12840619086
13652556812
20634378353
4019246229
2046521824
11613068323
7001974512
5921861904
3160247430
3572727309
3097967654
14185495678
1053934044
2530693907
6896279160
14401221450
6903180208
22972321927
16374076288
3216892071
11455584826
303193080
4173103675
15439787699
5835834650
10221523149
17721703723
10017494634
20008802744
2589846575
9781541900
4998586244
22595039961
8635133192
3568328477
12621955817
18901496041
14820718099
12709998054
10949521422
12987483991
15550429990
5599916848
6794336645
18226342919
8206648931
5219165733
9187998829
3263059252
6306889772
7573090994
12303434805
14891034165
9412052534
12470512339
5888022620
19687229117
18819475911
4189507654
20625541188
7854312645
13669785182
4429188348
14384105494
7892881084
7483000448
5854326306
2145844020
16557718504
6726651682
2936345714
885704837
3364733304
4191565716
3875833286
676225232
2446378535
9240799713
2722810295
17328053033
1266603736
7172310058
19836247093
16733714414
14537933760
3935531045
3501915919
3064116719
512654386
5420391918
9562627529
64533297
5381738498
14626669546
3781255585
13087572765
11488889165
17923746059
2532032124
2018289142
5575749872
1702328832
2870175386
19402123304
17932021182
18980182680
2177742204
16653313752
3279416033
4519751330
16722714655
2459841905
6959503934
11483636942
12576726131
5382552205
381008243
16773381628
10133928683
17281401063
9542179704
4143078909
526932965
17440350407
1578185362
13634108274
12828173637
9011803823
11754807219
9478252830
5814818787
7625377488
3625820292
1789092063
6127796571
10722837953
11397709244
6527262340
12790627884
18728256496
4015258022
1464934021
1464463624
6660497022
14795107366
2559785183
4108326239
1492941567
8018835732
2362318347
8204479114
5045389917
21444190993
8874956349
722938055
1801905879
5183576218
11579267862
10624432772
1556605548
4596248079
13717213453
16573384776
184966901
1623098897
1195393988
14073558164
23337980
6025217305
10411442622
13876657976
5144404130
7474705703
3918479310
9741862737
9760075472
13508435374
6781073477
8399318597
4903768248
11088747394
20192296043
13309887960
8742070280
14263293356
10982079731
19119285017
2733480224
14986006963
13055591153
2704114100
5344279265
6539451702
1765368385
1637229382
18507137980
20981500848
2437665747
10932380170
14073563653
11042848542
1434038801
129189792
7549437907
7076447204
6973582327
7249525460
4763555610
9237526159
1373287613
4596260123
7712260005
12186043656
13861263221
11421224096
9384911870
14093654863
5409616664
13192279630
2099755310
4823934551
14371979653
6961109668
3515414355
8143076645
765019105
6552576150
12973422125
9462134380
7596476527
2437095369
495381352
8252029810
20296680862
7649777887
9413069836
733226786
4843402377
6990544469
10839690755
10402655670
16298307746
2033102654
3227871738
9466929747
315862680
6711934581
16194640585
17273505567
11089141022
7525466026
11790487805
1770402216
7396576702
16300102481
9030324808
8757880385
20776536519
6700174952
1218266864
12562623124
7093345115
11847119188
3189855881
13174545190
4180642901
2113440719
7040701918
3038244102
5795476036
9205266775
15428679114
16771578069
1509506299
503724782
8985914970
15935410213
9878766709
5995061639
9646100230
13552536562
3106341526
11026812825
4765050863
5947179615
929009164
13920516534
7880549665
3208736310
6330895218
11526246754
2806125569
2469397829
2235123407
15608078089
14981253099
1262244285
1607035519
2943716784
5408513503
604876261
5085141539
12315878306
4398845826
233516576
729310651
11250713080
7077392454
596172895
3930168839
2932831822
3482868253
16138619972
5936441210
865664876
16360825726
9591836431
7642583134
2009574550
5035943073
8699981100
18457292737
1811094948
8376378730
268435099
2190875287
6449958004
2523919028
14312849018
18859399370
6996718439
9268853977
1075509450
5477461218
2564998316
1806852613
543139173
10464152614
15766223231
2161559577
11500618757
434140761
18700861639
18099043106
9396630976
12511203332
1099406693
2609683381
9308379469
22506942145
2454273306
17935143308
4119840103
4283047558
10537251911
8031023945
14775128288
13769816841
3832274593
18969656152
812344711
7903073738
6686489577
20742678917
9620541339
7383196010
13934649037
2601319839
13191936743
1445857394
356775523
5550709397
3954813975
5720843776
7053308247
20928256591
8074318106
14782052222
4798949669
17425550487
6506902073
11854951352
19002380793
16108376857
2675504829
6695792979
5576310881
4223274921
8973736651
8616292999
8104405790
380803314
15478874349
8899369080
13871147757
7646274157
600897894
2655764777
15472408857
10333615804
16570721017
17009515452
8445334653
7009349258
9426502923
8130575656
2076803421
3741113949
2415701011
13107681715
6366544602
1052760247
8763724766
12302047669
9943649655
2348587937
2741762982
31287274
18611053211
2874824694
1472708104
16167719173
1931295072
5704850715
2759109689
934929004
487812456
8683175537
5647416214
12334048049
9927577313
9195790982
2251078170
6070147774
18583689000
6673890833
671119493
5919729506
4423818276
276439734
10319141859
1101190166
1927753595
11376198583
13488857049
15730993642
2789287016
9669853463
7853348129
1765271414
10270653991
2064137900
706953601
8311710399
5437120980
1369775789
13458060438
14131995387
10768141329
3480507352
18773566005
2297813796
2858596008
15588385775
11990313120
4910170343
11701701414
1265722021
10058798126
14584181165
9301333007
17640187855
19018285704
3421302604
2207187399
15246465381
770437527
9737049212
7751994275
10142304820
18132777244
17071468508
5536630457
8293985852
18390858176
5982134860
1137386095
8356636668
16937182301
21084860654
14010743138
10993295533
9826177825
3538535336
18902618807
12058837929
4394224441
914695330
14802338112
7127616676
6123982648
13607281576
19064684057
19517031187
1130454725
1901156933
17591442094
7563359393
3469503120
756977678
21485590475
6283777064
7451807649
17268283816
11551743112
6144596023
17007375113
6678049988
10146067636
18610338568
8921600543
16093762773
19702660813
1422352454
16363971967
6589007266
13013839317
19955322173
3966818594
19664039754
3035277716
16558713340
2534397134
692287119
13116121052
14630248139
16952605528
2700959423
970805041
1947364686
7103760099
13721038188
3603616757
13738785374
4775107677
376780549
845169697
11328502753
23074815369
10105113359
4690570312
11055814418
2065041298
6981781949
13625723694
6145129991
14262661638
13098043503
1080639641
8343036944
2012585102
18448284104
5304507956
3464899944
16145369721
13320329439
412849868
9715060465
3833423403
8840664716
397670051
9436915778
8612827553
4162705920
4660776735
7829457358
11924137333
1457693617
6238160081
2896464326
8550029446
6290877437
15791806705
6485287891
13021173808
2648349152
2134394900
15961204271
18337763392
1201874585
10584364638
11204555143
7107511650
6414121879
15038267027
2873742545
7301487406
8557579015
905767443
2930934080
3290990149
4701793147
9421033031
21204970775
17503128708
21044456265
11501204701
843502434
5881670844
13140873719
11383285930
1616002254
5841507180
716377836
3263632477
5446616031
7145588089
10464278955
4247982648
2754690178
3856520568
14893060079
14158296378
6261385701
19680144224
3023039277
5512399406
16202087736
907847546
8566181948
11622242026
2673780091
12918550470
2844071905
2798373634
21578599746
19913751907
2450680807
1360629858
15550959522
11554175908
13712629855
2083336251
5997635392
9338059194
17568183006
5440159344
2438174701
4573288143
1097088450
14525557934
10787739519
652992173
3265102555
665779154
1262328987
1333522287
4124081184
15214294810
14413606314
23181743807
23259726303
11601723091
4703420839
1774718472
22574479685
3259753307
769087860
3399600323
129635318
2076892280
5983372808
20171968003
6321920746
3820580222
10809133965
7600542055
4578706062
9627444451
12664088932
13065911321
7527079472
1694924407
7948806988
9534444058
18917205752
7264097082
9727543890
2878722542
11481091009
6464083148
6082962485
5296512886
10232710848
52005467
19200659450
4359176832
11854967999
2203112741
6716129435
13955386599
8369570639
20371479553
7370898769
14475084415
7539978779
5579463612
13749961305
11281614707
9975773930
1031113677
5366120645
7611657763
1909754339
491337410
6629925159
3978760998
5384635274
13263683247
5975191190
2433430154
4928194080
4557256684
1226696222
12377375897
3315414449
5419592859
1491914178
4327565421
14966779655
13893332019
6399356546
1061699502
5592939510
7833877967
3142392884
7570886272
11360910144
11524133300
393904971
773526981
1707455702
18834453425
3501612915
920884278
4323583964
11815559078
8264552227
12035206911
11155423823
17300287774
17370103607
6937345608
16589543162
2757607931
16993041125
3051307980
2880173406
5800254293
6567185409
12128071147
4873371557
2539820319
7413777350
2241210994
7191250218
3386439318
2606059635
6448272580
2455272741
7207454192
4076815014
8762176402
15085461140
15679811001
12350986100
13610337424
20977834156
6786833000
6282889489
17587464458
12708502444
17022879904
3663766581
1521753438
925218058
988754801
11097295514
7195601962
13401238054
4771931546
19712297252
780584194
15786732406
2894224595
9669902663
5883629664
15778960227
2360705544
6417973401
9354588754
7921779988
8309100617
16789868670
11373851573
940047180
2742105858
3569865420
2447146214
18133275536
13184505494
1164583214
1880537899
12469749884
13225182620
4140792722
8090155015
10774185078
997580958
17602611727
20795233340
15119148431
16651986124
7846192926
1870506362
2484188248
991481523
3405530752
14251800473
286339922
10933400197
14593657520
473809148
809279244
1786101921
6200314307
7987426445
5229380500
440954275
13822693909
14004816732
3412345681
7903750924
12585439755
4383509185
8806809552
4388281671
16394408073
8512951841
1466945893
6728058992
2994744562
18382303326
7057436017
7396677757
5235394587
3830498841
5156182176
707350691
10240850486
8790107887
5040442447
4021629253
14516000931
2847878439
4655475166
8373411711
4366104909
10311732286
8438099345
4834865238
13691049706
5693752916
20194938917
1034687283
22197516736
3060747279
365699831
4862732785
13037439045
3242441742
982575360
15880638451
10856951971
6767958464
3134345948
12700710291
24033404567
5585193914
4363042153
2744950402
138027895
886337492
3290433601
3730913775
6849034471
2986348960
3992029938
14178583272
14850030216
10300648569
13151805268
3692282810
17446995629
10689162848
455169972
1645198584
3047389738
5619195433
11349973346
2150812089
3511625580
3618204986
12063560456
5103356504
851250645
19076281465
8788467216
7508997234
1517090623
11108194372
9826588893
1039950444
4954685965
3090289392
1033525034
1903819360
945824952
17084128583
9413162775
2878389841
2940252945
13735229399
4028925352
7968752196
11913700328
13099842194
14080123763
5083353458
4199976925
11634596405
24001760603
5797117621
2584902762
13800297794
12742947867
6512294930
9369787385
22682044839
506885395
1600338385
12665516059
22082498013
6778644698
11010475370
2025456123
22273481197
17480216964
2730916630
1112095109
1611052612
6255537248
4708094419
17972741684
4803067151
3104376827
1478518603
2666528651
3678539162
4706292110
14691315657
7703185820
2590634734
19689401420
6180603672
12686601331
635697778
15362213149
2850081892
583597361
5930560642
5902147322
1009437858
6197357249
8358845142
4713573939
14896334278
5619601973
12492116760
7467660181
10262982970
10207045427
13872308533
6624539166
6713743314
10867574254
9896521019
16469324677
6605120209
8028004376
2118158799
10012871568
18574669593
6517756332
17488635112
17841618967
9947004739
8776446534
5467150607
18737280190
8701158873
4418674048
18871616515
7957846458
15614723760
8303029106
1377898640
3617134343
3830246403
2232369897
5225261512
7777348755
16758389701
12086324752
11220577695
9986654202
9170772561
17409940595
3306932034
3203101164
10294974935
6103159892
6543756450
2106781251
5601569092
14837199889
18767295531
858244023
785649103
19131339481
11238116549
928844844
4783553447
5725289393
7269323821
10104563320
11885266295
402329898
34643808
20237475573
9906999691
6992660885
1722434562
3061993900
11210623956
9220697097
8347518160
5116464242
4225337939
1524570973
690169804
9661110211
6135258499
10495712027
11495771727
10784698229
15612209323
1387598910
7146779905
17160468969
632801110
15193712422
21638774340
7239006571
4811699070
1806261028
3388333551
4066638468
109302906
20394524932
22388646590
3957283535
1717631427
5664687156
18581126652
3706485048
8262922079
17959196342
19710237670
3021951336
8819628936
17678355258
1146530330
9866702301
818180529
1934115300
7546965509
14594113762
21718004540
11415748256
9877755591
16260250651
19019069617
5154307060
8820492651
1945116060
4790465146
12635575513
1588998060
8803136351
5210010616
3827688029
12641867753
2574454065
6645380307
4416491403
11903365944
198400976
10535695058
4297594119
8444475952
22195416767
1237987245
10192140292
2693454501
1754802163
5950688664
8547954033
9193880688
12928977016
22617055320
2732013911
13195152641
20862107119
17983095940
2599024943
22583320244
351949684
284898941
17899349576
19507748657
3216121983
12030779522
10546329635
1007319518
11689596880
1194157240
13248169924
3863682957
13040268754
12391798383
7349113471
1026756548
3218078853
3671486455
4454318755
11894712267
6695263110
2186481542
17541648563
7821886820
1551055729
6335404558
13566031613
2963244610
7593022782
13358040370
13206780278
3027305418
1205191028
8332650440
5341575481
4576689746
7093310736
5015007804
4278515860
7122188586
1204837488
5979836133
11191391312
4969667007
16406419244
4538880399
4610159141
6097374352
8723210085
13653536489
704552351
10481184024
7775714000
311339085
7884334743
10871651875
20359557917
2358440275
15541359136
10414985805
11123419079
4864365745
4218498444
3038085121
17047266457
3363619463
11772543162
3769902063
3812352516
12221586150
20628525252
1227261388
1868656127
3314655004
14683215653
5449798832
2276874329
8484837920
3692574283
4199249322
10021570986
9145414552
15330497504
8442339550
11703469204
4975727315
9866891717
13475672602
13241415584
4187236899
9150090144
3744347055
5371047229
15581717605
17322569955
7910054011
10241985734
6205565263
5418745537
14545312
1974468656
1669438893
9275634480
1395245594
6690363359
9871050588
11716481516
18657222337
6996844562
2472314505
15510830369
2819556206
2806410839
18952511
14290907432
23619970292
3436141315
458253657
1367614278
14366687930
2339939645
14582203904
372473659
7123366589
6858467070
2459129567
11847767653
2675729220
827781465
8737188726
7382052101
8332735800
11281235073
2592225090
5695599442
17388371506
6305272554
9625200578
12804451415
1569478054
8923171516
9592706685
19459913504
14335333909
3472611420
5786397315
16106281238
13081724636
826520042
6542154082
379921801
4387078833
9821612779
7188352107
11106722684
12330034278
17293620244
8200828819
7223715715
5668899772
19272417246
2727196025
8787843620
7121452752
8278641727
3599527320
3119224471
3734412368
5369891508
14189061273
9557476254
11576796616
3872930194
12764454826
2595673849
11351882692
21649704915
3399343900
7765012197
10584663938
5085890248
17834641724
10066780603
1041930215
2421557230
11553738412
3362652388
3944193628
3924577040
8839586933
23858416433
21274949394
3170872889
2901723085
2001146329
16902604598
7887357765
12153991583
15413138330
13151687065
8919803167
2663060716
2236228461
1636844444
14600655373
13318982409
2090898426
6602484562
652662639
6347075526
8320898871
4221911726
15674051372
2600173392
8420802519
10161457127
467426349
16467491794
12476064628
17891466457
5354743794
8528952108
4637585731
1007282860
14265531231
1057654439
8315933263
2607978959
10826976860
3281367854
16186507196
15508146756
5463513265
9666922856
13957286844
11346627888
9220988948
18917213367
23465026126
5284637600
11103022043
8283111515
7795553701
5293624013
4649307155
7962027587
7598101271
15151067356
19706347903
18314468552
602224249
23073244626
14702649510
1172683991
16299396580
4639914521
8882146818
67977225
6245729886
9747503414
13996654747
9812912231
6979211749
3102379344
15084651492
6687156236
4625411933
2635311643
4351037852
14632896165
6989271654
1755349973
348612769
22285141505
9783914152
277684575
2235723766
5979760932
15237969552
17444055969
18533354793
6714673368
12377863758
10447742888
5254560214
13173915836
4725386367
1104899262
12114895492
24028736081
344742687
8838264513
19088749171
6623418561
16967575601
12820585936
4328294275
5834696860
7346178840
3617795183
13327126834
6631699768
9119730910
5935124169
267217030
5616551113
1380208870
1719966455
6864754946
12596393349
5359476256
7833114518
6693975691
7403655818
2990775260
4683738183
3126353824
10409919133
18044256777
15525298716
8626642874
2852674737
11024647245
13095322488
15525899691
653005644
3231411610
7137369377
3784545151
13328618902
7444542669
2352841948
8720610751
19051936608
8577612588
5896121072
9055337096
8037130747
8271222000
5752028100
5830851387
4967010451
9481780241
18508670161
13139137488
7173491695
18172654871
125129838
7099688508
1572632322
8166939118
1908101103
1907847368
1825019369
7264202920
3993589096
7890403144
2601142264
9954534452
4079285519
661882433
496137604
6562625252
14509617957
9862525793
812041080
5198581625
775760979
12258954264
19871100252
7955476246
6016535361
916812097
11785198970
5552570513
6683476074
5167609394
3680754466
3731936545
18341028531
4895201304
15392716652
7523771946
1623145797
17701817684
4427301598
8082694053
4942913212
2118497532
5470860793
13140796856
6450150548
5186850208
17391934224
4962882080
13578613727
2111640096
2216487195
9122371630
1781646961
6869851692
10453477677
909425835
10993227632
16034673129
1485743934
1143511742
6152212491
14922000727
2841451330
9966713642
4698256726
3823886467
1693033813
3478531249
4038260828
3189808363
5396089442
35779075
3509348146
10056959038
21051240748
16898351285
12666924681
1799655906
10177571198
13611803165
2550310640
18103633407
2780874366
12402418844
3180315607
7247758239
567333165
1484984173
11848503455
17342866394
6084885443
2999500993
1355730454
6934937573
6642028144
6176718217
9911074039
5126806104
2111030157
5960494338
7681208473
10907771335
11428058118
105550093
3137109353
8353894080
1570205956
5738437196
6467491696
18377083528
1595068413
3189005836
23102027295
10557653760
16127652849
1695410834
2828001429
17198136593
12066305898
16260533514
12490241339
7745526966
9933862360
14740062351
22840357032
6688924439
17333729715
11518287446
9309801098
2057385800
3758328386
2909474385
10252895655
6862225089
6205444988
5749244479
10447303162
2792131869
17695191692
6966327730
12810701923
7455906937
711364051
16612741657
1142943666
18348181924
7029494117
629247060
20499219531
11360087201
9471192222
9326254412
3882906850
6217271856
12588527428
13720855480
14922355217
6868030850
1415695451
9811280276
1487534033
10265644925
10633843435
6252149741
12748458245
4303607692
803251976
2602420888
1766831859
1968752480
10012968224
2669466715
4679971897
2795265858
3510297221
6451812388
8480284517
11181821569
9375376975
7843051648
12771441859
7636046570
3476478208
21944618998
10114307490
8560157493
825813735
5159510708
4261225647
1026173794
2386444831
7299787515
16215103822
6087816438
16340180832
2895142195
2047094173
2108270201
2378319520
13755747581
21798396768
12871198210
500778204
8628389191
15535069369
5424686651
12776376383
4153048871
4144429577
12122960550
14413230684
14664001934
11647302017
7429214640
6583030250
7282443657
2637349272
19562637265
10429798437
10587756316
5907890766
1124633283
5818338163
18672841765
20118835586
2919888179
3448490682
2562824535
9538856120
9125125542
6213765507
4694801590
7380301817
4226268747
2516760901
4588791663
4987174242
13400478055
1797477898
11100033393
2744262122
8508098248
6924731324
9887284652
15716833026
12715536955
2497700528
2205998146
5917022211
140700520
1481842734
1542019627
2717055954
6427772217
13640073331
6742811756
2967620873
12094453716
6748535211
11446619748
14963925255
19428626030
6846122392
7266200001
11487516669
12922700704
17005948952
20046262631
705695042
8023404599
17731203859
2966406111
4635390390
5863893743
3421031891
5654401661
2706418220
11592174967
7507297895
15839230761
12874903111
7733754394
5157251996
12300564491
1360725938
10929793188
6245101065
14984644328
11331252462
3618680839
784495230
11467108284
6700515087
5927249203
2720186362
6990773491
9218809926
6154961025
2406533352
13992747291
2280063160
4152586920
21203549004
11591313667
6154362988
8992770069
7411862859
25026277
5838942246
11677566126
13376553979
7279592649
963738536
185142411
972064592
4044003515
7973891656
17204642521
14781979087
4266699159
1359996548
20612478737
3470186094
7258982361
6915694256
2016073196
4511479339
61939316
8233203654
4147858624
513790312
21841796889
12256420215
13324404575
16005882182
5377261395
13442966180
10830344358
261952558
9932451025
11916771250
2917227957
11191131339
4958688776
2619922411
6771143520
6272197221
10335015895
5317954726
5867569504
16799302962
259593939
6094453327
17559894906
8981540052
18627023620
11678753129
19881444214
629169020
3256861414
10695435936
1113635831
8160458485
1106019882
11420301140
7945156555
10051425059
6836983125
17887464121
19969413903
21912528468
12885865759
21119858092
7938433829
1419825039
8935188903
6777568682
567054190
7065265739
8123927705
13353012495
2102773273
7766210164
7877291947
58319399
21799329289
5793868584
496847544
5746911495
14082706080
15111906143
11908878125
8121223739
2687825284
15790738652
10020368985
1905797604
1885794506
9152991310
5608276557
1859271624
1651603819
7397273967
20019109745
8054787624
6413607830
12503931206
2638719012
15206915716
2402622609
22230696835
6816621139
8605344732
14700841858
11933514449
2425218307
10834196337
3792819081
6220637485
14681424281
6882605177
10762157713
8406182211
3995417399
8989434325
18694101711
13834842652
2111652655
11647473315
2487975469
13395313268
19868939170
3580308647
404124074
4268292442
7285055124
24080195169
10332275015
18628572664
18137679504
823731717
9580707315
4217717801
8690783412
5385134265
4997205215
2664831384
516587589
5281353549
19206765623
2693665638
102790258
15181167217
1003251337
6298219068
14772499197
18461294994
9657109432
447790176
5477521312
3020802115
9351665630
8433275623
3634395673
5111979994
8073987120
8238866102
1246498027
6543984804
19909447204
16736359260
8952674764
1192032120
9783613680
3556567010
7458899677
4021912501
2410362063
13113250644
2275490799
5198265355
6148339853
7242725134
19215112893
14959029606
8817150828
3202596109
20090706097
2982958631
16212141662
3674835405
561188108
11444936890
16291847437
1727974136
9973951200
19480080279
12285618337
3006568466
2001266445
10140535666
4123039730
16696100619
9525690810
7056505688
11717440592
12710094279
4440423629
10000990384
17665232209
9435384858
19226532605
10972763451
4791859445
19770868376
3247486405
18786658424
12015913113
10485941224
9573766552
4258171293
8228449835
3675284698
9866516930
15776847971
2439577672
3123024798
6798458441
7929958664
6279364020
10383913294
112238593
5850315035
13961832811
23841582137
22727812580
6540956245
6415105381
1668965363
4624954336
12909760468
1777469097
16604771398
630052011
3705263263
7133746915
2437871192
10518827161
21139291075
9956498432
5542146962
4151842857
6383027540
9720879074
7241471082
2272706901
4493618164
10224729483
562478822
9421321448
9015052644
2298283112
8465302432
8599698582
2341604690
1146961542
8325002521
10597093338
11694701269
22840769
4918304938
2366390206
7711257030
1804183943
4951112304
15263234499
6122154115
20086660099
3969932679
6563167662
11492683943
3946381810
8277857588
8161706173
6958065946
17866141995
4098212799
5373281074
11047150818
8696188875
19874937816
9593491824
11975996219
16523695649
8159873006
2259133014
1584985763
2874572660
8448607135
9860236205
4742131164
157522572
3995569009
9297422499
12798694754
477438087
12938955618
3437567149
1663352844
13072050843
8885621835
17705510685
2101216214
4455873162
15540443900
2796326084
3261180354
13887801682
4085203882
3844232609
12516140397
15186674565
4027072997
521852714
8161361497
2117946594
14949518299
3194513445
16479699090
1175342296
385851079
1669547440
8205743389
6511325441
4142358334
9097491979
17762857916
610469702
17647104453
1812160322
1783497524
8677366163
7177216628
11497118526
95978731
2085764668
5448108698
14036621396
12226848635
452637103
11875980241
11205972218
4137608401
8451048882
14624887000
2045173275
4165023687
5526816085
4026962095
13485737852
20594429565
12591933913
2580986352
11159432554
535818861
8713317123
17430030855
8886568823
21162252436
7983707229
7651088936
2612452508
23415324090
3073260941
4739468547
8096329443
8715792504
20389398772
10797886528
20578384862
3725188027
14054352459
21969875847
4139258143
6527257524
5851593166
13444771821
1651709294
8703873901
11749136188
225786623
5713300054
1274198204
11809315299
3533213939
2683149342
2168584017
3727949040
5866172676
20855584017
3756719381
6041057254
5762180033
17946408283
3725239568
3603533222
22711308621
5728645094
11117397806
8898395967
8965467530
2438928945
18563877358
5791168235
16288541730
17276711926
4593907119
2094609713
10418496838
2818908850
14691333139
6621324784
5404077044
848973546
8255372189
4204461258
18275858101
2112879559
551875630
3147873261
13806063959
2045686107
8421739075
1339262924
9854186926
2704544117
18183321319
20560776429
20770574666
3002147956
5997953897
3028274593
21921796361
3705681518
13239002925
5287799021
14892825794
2386800653
2892311866
18092971893
1799667386
12043186881
1346620377
5899586162
6929732736
987534992
19807512940
207069051
5970092708
3424776482
7297904172
3124220656
8123311845
1911600726
7038025311
966442316
1700127524
2969357640
7070735054
30641037
11883243210
5224141107
6169747857
278025318
20027184785
12275114515
2192494021
16052204929
8655562069
44661457
8475963235
9963978133
6204842652
10170020168
4849409730
1440989178
8221888979
742900065
4889690792
1458200280
14275685057
8132758832
11215475771
17440780870
7417229550
10597524231
5212589910
22890459287
13389145712
8615193289
19468261888
16064117122
7024058294
6832300470
7266055782
17906092222
4947636408
2005685955
6359710511
2687789697
9373337231
12950052638
19881525143
780390268
18775212695
4333368095
22718074288
22464840385
2469594960
8224191476
5669947152
1856370947
8608717476
5736175716
4860828914
15627801764
10085639539
2648779764
3275608039
6619705277
4295357904
11420319411
15958861380
3132967588
8271710316
9632365181
5115267060
4423974776
91845532
6596163932
19472855031
7551167847
374116073
8921405458
16764235567
993638221
19407656233
1734341323
6331547782
10390304905
5676161192
2519681626
12076225167
16350824688
1286191968
5211274391
12941644813
4223737551
18172262032
10369270589
2258819372
1308162955
259178058
4934395479
109808282
1560112024
1117889421
2317010968
7032057568
12027163359
18715453217
2081157082
14669126774
17108816160
8027590426
12939401769
17050333140
2114134078
5912824279
13043277303
127698308
723673719
7782962191
3894495845
6661470305
4014146061
12045011190
9853619565
11795161299
1139399492
7281227870
17634880977
6512283885
17143429376
646628208
5809939761
6826349544
17552527358
15395776056
12592604495
5562423480
14516421038
4000912035
4299786662
7169459290
12770875427
5271422956
4886414830
17689429794
15162439963
2523554639
4486182174
18891852616
4229315592
5683597186
804443071
7468785458
2728318840
9706621555
3478774505
8844262552
4004658310
11640666757
12738124465
9880322893
2202518981
9709353629
3166728586
5722896947
1265470415
7463255017
14044174763
10474364693
590797068
791609834
6120181753
18445833639
20031676752
10936818893
10885702824
86226938
17254906289
2272135172
432904770
13643033295
21521484475
12464741058
1212387728
3933713907
18929871158
8299859190
6325718272
9854504148
5436188075
15128396219
14688120289
4116335788
9737932200
10110455262
3599148373
11342841050
2584365771
9694414956
7997161437
2742165960
4248254295
175822258
21661740318
7587654487
8956453503
17080301672
138101117
15182992481
2081979892
3686074194
4247146860
1369078615
2721191351
4444304766
2095241460
5396224709
3994212355
8686953684
18520472255
15640618563
3877631923
11592956612
4141866469
1168796504
6649948641
22919460942
2761905935
16980837206
19399514721
8003376441
13463805495
633836509
14053287719
4150467662
5111067940
12001811064
913456231
1182636483
6340657060
15020663486
4640315230
3028404459
9033204407
11104646037
12276921144
6046391004
14013161868
2257234067
11959277515
23210167181
1711038470
3454332281
4033868805
12969640368
6327187820
12273089597
10361825998
1696447182
7811312998
3691251402
16633910873
5005054054
19832476441
3909845479
10799916574
8448131106
10542631511
7103259730
11991195069
5254359673
14303698811
16007773619
844420364
7151335753
20839288084
2138521148
4448131597
19398105713
3554785811
12395321031
4497933071
9060615758
19512060396
15325215862
18427750528
7168523303
19706968519
13253397570
2720945493
14274565044
1910459674
10423384443
9364465534
11902383987
13637252040
1317083783
17564070544
3038918300
12529208393
10441222485
7207049455
9119634112
12190857429
1976086857
6980836540
8588365061
12942424127
13926903491
14738674592
886629342
377230388
3544461034
221729454
11376009436
2399345145
7255426327
3452119650
13422219338
11862022580
21270259284
5553135979
9523804825
9704675633
16592351900
6723909161
3651276096
9635117930
1915744704
8610659280
18280896578
6505206763
18609927907
9666149447
4757476552
7268652710
18273208693
555049417
12348443870
4845357989
13950810453
22511779338
8470412285
13077905159
1961719911
724190604
2866046492
743709928
1540659384
19421205281
14443331566
9540321682
11365769378
2871562620
6213964058
3189433451
1548060349
1648022592
9819123253
14730174587
12212835757
17492842141
20334096815
12862472785
1119614585
422470497
6712031426
53843894
580962825
5085188133
82642353
5360870631
3132770893
1370832053
6206739520
19839182974
4346311487
13114412168
6027057428
623272232
9394907132
374573741
7188043277
6239886022
464989048
9210293850
7398556953
3410739563
5946335026
4699671525
2806087030
839212283
3566729691
2913423524
3937503874
6894818339
187203892
17921352265
10912831944
11108231752
6400907227
2985688414
2027188867
3825130671
6475535147
731041669
1190875074
14704271045
6022048599
7970626855
4907206701
8252201639
6814036062
17333255921
9494547595
2603977611
8164709494
13101937513
14058233194
16217829472
15890696620
9150047949
8093103850
10950751646
4300362874
5273989635
13707988277
1253501672
14766378483
964679529
10108007140
6727494322
1935257132
1097523631
3531175603
3512132887
10848408542
7080439118
3475130637
8883681467
1878099604
12067560225
8866478513
23290396659
21608910609
11185720176
1104445185
35915597
16433295888
21151357791
899889804
19330912803
1746854478
11711566386
10110658946
629181150
16341354507
11733860900
7381010852
21921973945
16083216670
2021622746
7998796400
14601043326
4122803385
13047682712
5076379330
1019808419
15308911100
5948416800
813450610
2949874445
70826739
4093577235
8017612546
356125384
10709431968
3134815178
3538339382
10348066927
6495182695
1348513732
11785847189
8747662760
984601304
16668735375
2863243483
13971261052
6522895631
14249173837
3792236189
7867045766
8835852058
2457303973
1583022600
2416438315
5237610942
9281656112
160371604
13887055202
1478773849
848994233
7130817009
916174523
3170817839
3031977699
17609047739
7417530537
4521013087
17969367891
11074907543
10208144127
225774890
11235252497
4062180237
3223327613
21554402643
9900398863
2502523670
5053394186
13479305330
600528099
8604078277
7323754639
7625217591
11773948314
1699871679
21609549041
14825599980
7653302385
8344587146
16775204354
20897666299
3038091023
8514161034
10550574226
2068663872
7726049732
14924035136
19034927392
7912498935
778460474
1940252345
1025647097
185328802
8142395445
2239907290
16886549938
18375741161
1076827507
9767240806
5482299836
6879351995
7421317097
14947269303
21709189035
13673873281
19423824654
11810963576
13427617122
871143024
7017037066
696871047
19048362325
19761361848
15069728856
21324219161
8723937561
3990936686
8735254470
15180841145
17659902020
6426124036
9832749044
3625686350
10420256135
6092018313
6092953654
5454939908
158640248
19412829467
3281583097
6698271148
8861905048
10540746526
6684149693
12047765281
7906952381
2021824251
4339903614
58361371
4550256240
4606766768
13167202313
5268257058
8471484027
607570952
1867853547
9455701085
3136477802
19942114582
11492744471
1338105965
7251890345
3546920569
13123994214
2748473345
12496414963
5708442290
34338281
13015141890
1652899927
12626666250
4270112901
118268355
1323825252
6987247173
10700000610
14041549895
219618455
6337323610
17081719671
10073596414
21538693530
3946611206
2929585015
1087663624
3625222160
716979651
25644327
15829959162
1702592635
17073699316
1273625896
4517984400
19659199931
7993100812
9946433597
1251763422
4029193885
11865098437
7476163252
14192712612
461034340
10110080671
13354726756
4786641017
3901856531
5712168229
8176932395
5361853370
6466042522
7290363319
440801664
3679843588
10215656790
2357793480
13603564703
2911510691
2739229609
1761766617
10320389671
16675330962
11122615239
15321176451
6928950595
6310136606
14753364474
14720067781
2464293782
3796355248
2380647711
2541671632
8391134906
1264611116
21332824825
123303641
5378344276
8669081534
3009001244
287566083
10248455576
6984394400
21996161450
15048046977
5604507625
16713659919
2697148942
9482660001
16383578739
9331825398
18745502216
689672241
6818028004
3182552454
6372083652
8058376769
4847490351
10441695506
5342170116
10096796418
13578018415
19806735278
14704159454
17571024727
5483094311
22176090973
6616600444
12239865341
21008794483
7920430601
12799406400
5038031164
2906223099
5319258871
18980874867
5278531795
1065050720
7774698331
18261439129
14477503227
13338709176
504105772
15403078580
3030192746
10037537085
17510285071
1151238073
589267631
10657716674
7666365012
2052843311
8522093777
2714376040
4332122514
4985863659
19917607983
3172558541
10826524985
4374803736
15021638433
11520269822
8342824940
17834669940
6203173566
9202687802
18315695615
14144882674
1673030576
7714105688
468316849
5586608503
14940799240
6180555642
7519682315
13519021989
6640307462
1292660541
3906437770
9380305169
15285102700
22893078452
2842971998
1779730740
15627572791
18615700492
4775821996
18958432200
21517522284
6967520718
1454082624
3808592704
21858109171
8545029370
10652418690
14283307589
8510948398
12168701819
8647620583
1853656083
12232487967
3402548877
11125052184
4132382311
15595665591
7225557496
13101423227
19515340498
870168363
197448465
14300938135
5333483509
1680631074
6985393751
5119320262
14367624648
5985211947
21304873503
5621796857
14337853182
2368171723
15927676862
5592211906
4760716724
3780113948
15905460354
12789051780
11046523580
5659090278
5370599376
3022507087
4801633629
1071040151
9244137503
1521322881
12008623496
5446272117
471098403
16654340604
16110518543
3133176760
12832503035
14405789170
10344515989
9971988598
14838499065
5402753431
1170813937
9536206385
5202747940
3506021729
3799037980
18277275434
2052972150
12955630048
18208183330
20208534182
4951609372
20060647307
4056414193
14400704255
15402617064
9322943459
15054094939
6460204806
13936988682
800082148
344074168
12359714767
3434630851
11497412096
271572319
3558132149
11237742636
10475112412
16752907112
3119613068
4197831310
23260276226
12202023046
13914710171
4162133531
19638421086
4314229483
9881492212
15048476546
4807466326
8565695663
5617061675
2768890469
12728210012
1449163731
7131926484
4427754907
2793029684
15491135068
5327903781
9825821154
1303324533
13678106580
2220590622
6089953872
9689765641
17041944216
5804129810
3403818766
523995494
15416792897
4246714944
6521358260
7332769714
23210912104
22630943806
10763440967
2265274259
9094377581
22230870525
9577208859
14976403
15753399603
2602627732
8664564463
1899497964
7277040318
6079915165
4423370123
11766451444
10333399532
7232827843
1864671852
348482627
12817988383
7910324059
6199197852
6212712210
8426589180
11118316689
12857952986
9752721534
3414787966
4679424745
5328262849
3393252640
9961404453
12974360963
11388117474
961888265
13996241091
8388982705
2572879544
1261083722
784880197
6984898270
2857371971
269020922
13917657648
3127022041
14753219089
648013027
889738894
1523133749
14890324137
15016718772
10772433980
5090731524
11969221844
18096505633
17309536756
3553836886
3250161016
4201846123
9960291354
955616794
4152897848
4793950143
21575164060
6192901995
2005206589
1159573121
12536764895
20184824453
696391232
7431056721
1312002404
2036667988
5138013818
1469764374
11988610598
415580048
6290523180
10836619034
15021153043
2046796800
8105184260
900280388
6541534137
8413027050
15817995128
8048916520
548551658
1530385734
1080726072
19130661190
4514994915
6159785049
7414043084
560621964
6585996162
16474062999
4020153754
4774494119
9139245601
520477029
16440725403
12646361370
4705661059
10060343664
2794213395
15364158583
9508338828
3319383962
959056090
13001278325
4153441252
8571275272
1974611439
8192493783
204358650
14075952055
11509849024
13658200585
7264803498
10674165528
14323499327
2021680353
15749379649
21554174864
2831970016
5985470929
3514977653
9354036667
3495716777
10974629315
3522669808
5398527032
5337345276
19206585274
1332665064
62179110
3817597809
6998551547
111574022
2344973275
5303079746
744150743
6645859030
582126125
644125714
1397103883
13751221359
3136448361
12303938067
9627888977
11594042630
10745144880
10806441627
16037632990
5373388316
12515221072
5191101819
4985500782
17045739152
21269021271
8270480445
4040851898
19833497180
2319090620
4439041218
1278163976
9513929278
12042158868
6310906437
13761253598
15216271502
7622024843
9110280801
5530371146
5130826846
6750980768
3729749294
8720503543
13492819985
4841011803
840019784
7559946105
14067049960
8409940458
5057756438
5182521764
3117682550
5795327493
11585793669
2495926831
6558206108
9971658787
645690347
4759608271
9093651050
7568570472
6576213664
13773754834
17181696389
10632161642
2827123903
6004285619
8818829489
11062131132
11794607398
271275793
6648323278
14563019350
14708078569
11470809271
19626955607
7099276588
5121098849
6101775344
3001957702
5390200761
18236894071
6704257206
18252392738
1964017123
7183966979
1538793973
5315087394
10036563761
3814358049
8754859394
3787296111
1821573366
14749625748
17236508731
14456302763
8771601653
7187396759
13867601069
4703844671
20734020035
12057884681
9926699255
2090836514
17235616749
10259887786
10265960988
11487515422
13650256430
15242600897
4190127290
3590430142
1080833076
6585711085
3406958184
14669822757
9127727021
4655448336
9920979934
20712933242
772697061
15172742011
4506474143
17460207469
13030870289
3427240355
710776036
10225796290
20676622086
2404159604
18224877092
4027612096
5469872622
13794971097
18968039631
266042447
3608341375
5625490406
10723325208
1276026079
10785534400
17286422233
1047378371
15329236267
19523840916
8346953323
11500221704
5592195388
10275795429
21280122794
3280901154
1895564579
5215525066
8323190652
1886199233
457508583
9411967821
2523767740
605350784
19076637545
11630727060
4058641602
1486503819
10546477765
14257876591
14742846141
3871168083
15820564534
1564248557
12318206250
8016360490
17856401491
1036852319
14035085465
5440560199
14370219041
581781814
8549405618
8675970170
7852650834
2425962652
747193328
8809320723
11976593944
19743595423
8073515248
1156593563
517783089
2907962075
15975908585
11573222813
3110203519
13755758052
1009264646
10435236111
2717056115
8481970907
6990040222
11059463635
6907255621
2487475190
14189502868
5487353467
684636668
7019898412
8280790839
9284056382
3263011441
10217325671
20128087278
2370271110
8986156932
22936274528
534712736
4140478213
6296569586
4140547591
12349470344
8140103046
1380677032
6310710429
16747634463
20799995199
2661743798
6879552495
18160420185
2246096878
12208491166
14855065867
12925295321
16106714088
14578235473
9274043636
14331474164
4167776662
11304821909
14552712262
2678418202
4764100635
18019983247
4114817626
22041825125
8612223138
3438528352
5355524750
22574885050
2965791095
17635655792
11970169274
6011751531
19429742611
13243714156
8094075715
4734541493
3373104538
5562977252
10857606435
2748046090
6274625379
1721469565
18737365625
3510523948
12748123355
7199061922
8422468378
18256864735
4188599455
1844833151
10715055354
9708476164
845811115
17593922008
10529040266
24484702405
167734663
10760075697
5351778119
17520076480
3413820165
16747084031
10641251981
22435862705
15395337424
17228418151
6275077909
1029586886
2388204750
3375937573
4068523291
5847765163
10053502863
14033996734
13286967782
17069787931
13128769012
9163555401
10958793679
2905960520
3199098925
2179713254
8555256748
3592250871
5535806756
3389993018
2785421929
3149409145
1489846559
2618073986
11395395672
10466059442
7529454137
19924298875
7918251179
5716194909
2110282237
235966071
15431460787
18753925655
7208793954
6435732251
902263987
20235267328
14110658389
12641576293
10198808308
7212961557
5294266679
9600943140
7512810994
24190311113
4619369909
11914200484
1337558555
13335181858
1757822130
8353778741
652641780
9756658561
6500022475
2543791772
10904197452
9009200831
17400803484
1358322059
7857297288
481584876
11168272036
15300614585
833008898
4897047353
10902988538
16161794865
12438027534
2218489019
7784576983
3118194808
4499449061
3149656773
2728838561
2845796462
21819184076
11494801454
13401410950
15824305448
5482403205
17182380237
21055584078
11276977239
1736340622
13312209278
10615277451
11145027122
5635447442
17100476542
1377023579
3263738666
3815008080
3470207835
605380566
11605168918
8146688281
10125772749
7963799605
6976750425
1772152176
11980406688
4473264066
1228492758
9189688066
11963722697
1508836121
16757756055
9821155350
12814917282
1464040601
12936452194
1338389478
14358238791
5857431453
7605924463
7001030420
776067604
14721435296
8734334177
18634570614
1074856813
19342185413
7329412524
19008932747
5823842528
16705228506
2130302931
10742670029
10984600167
9750169098
399492853
566490089
7608478707
8690983435
3363831391
11975576572
1779401428
718928742
5886930108
5957477119
20247294230
8948994331
2650451412
1965739081
2991248839
6363445064
7776126053
6615356930
1387750370
8945732537
2427409831
3557982414
7808097224
24562744041
4963479412
4050314102
9419138081
8607153985
9486326510
7754862417
3965058257
8190800979
2264221463
982488660
10417998721
2540965772
8511991499
14834099943
6220314710
7250912171
12158834142
11268291059
14097901211
8593466317
10045329274
2193507751
5776494992
18996289632
5260479864
3408574553
7064256158
13929077401
20234847561
1833211166
4080318505
7246739049
8073545945
18460431367
2076097603
8615196045
1310036623
10485443601
940481932
5128590803
2312093760
5197462554
11801956621
4423175035
6999105479
16294274822
10870482125
19029281262
14677922736
5638768275
9911802728
23313267883
4684143916
19865057275
2387063989
2424586759
18180429430
11965395935
8943756220
1349097845
1797585664
13017136874
3907952230
5943766034
22155765571
2540784212
9669614003
6660372079
9166954092
18865482987
12860595948
14714108078
414781648
4478249704
468645783
5598284141
6832732863
8027050373
3824822022
14273581267
16549405026
13027100649
3562249088
6283250299
3668018351
8680004449
621573578
5490599680
7156256054
940487126
516732470
6086139516
4130355170
1230409121
7255861720
11695171343
5691199830
3883703261
16938161191
10074712375
6755691823
3366553194
6935893007
3150893948
17579191341
7744244339
163859347
12839223229
9040690940
5536672014
17484063376
2529580414
20270487251
17946095013
4416949858
8010807169
1605785333
12003716748
3819041581
1563857111
3031431706
9794236697
2869023312
18125516872
8563141603
14673848511
3215857624
16427418043
10592195503
8227668213
9314834881
5086369081
4483999801
6304692604
5011730605
15281071178
21031273927
27509975
106559232
6670249925
17691721318
4073556724
12333430370
14580043962
10711915040
9897466115
9186435523
16622509681
6838358604
2090167712
16129768511
2811928559
9603493305
10761614419
2424904676
10036655040
9393329925
15494448368
10063016516
7632181667
14334739821
4751406195
2588262447
1471184862
5494598131
5631603730
16059610063
985336366
9948667897
257526028
15411000729
2438461658
9177936486
259955167
22181985660
8208989912
18945397756
5642073553
16513478898
10280493448
6596965319
10944449242
9086290262
2081211653
3871622393
16188723902
2477852692
5357403563
2793817887
12947436202
1059984411
15319642283
3001920050
22542154232
6513883549
17812050394
2683176440
2451438613
6880817771
1355592629
15313278266
11880545516
19683545669
17444896405
1369817956
8603314824
11791115095
16735011096
16184863378
12595906554
2443513161
437389699
21700443848
2298484930
14233987466
3877488431
2250385214
4487948981
8077940471
9210621335
1852193529
8167193824
7533548901
1218683537
15652623573
13173195569
3940233753
20618678421
10390865999
20981373241
12922690228
7040160270
9813899425
12697059028
20567691066
74073076
4433106064
372387362
2038784064
9301115635
10265552025
16607705625
11147961972
8786481058
2339499302
10783979690
1846018119
464969725
17747642755
5057695004
14614717394
4262973611
12021909426
7632031118
240628025
17478002192
15364123959
4285409243
4235767749
10589675266
8453781109
10025737398
6183162201
6044749563
6238544543
8274886195
7207366538
9194166225
15532915719
18984800346
1666928879
16966846426
20673511537
899783120
1016493501
18100592905
12001141860
10269237251
8921793308
12195127099
2735343423
1449592106
18162234815
15121301002
9619486151
15980921887
7839514193
14136746824
8830959623
15571183997
4791980601
19127019954
11524940762
4491633056
5501581545
13024336943
2638205467
4620302002
22961564383
1453618705
7569999353
4761141844
6980606842
285861827
395799503
3023876476
9337698676
14507834319
9258491901
10734926546
18949099478
7251642053
19304390550
9383965063
15182767543
813399367
2767959025
3565786890
1220299497
13733781257
2690788909
2425501550
8863637132
1096895782
607693163
3588177247
12478693161
18940339401
12091753640
1011571347
10336166931
14046327702
651670677
4832795927
3026657521
203252206
1197032892
8505495882
21575075507
20001448572
18591215922
13226942670
1767724587
352627935
7072252750
3703086718
10512016183
264217789
9945859637
5335310456
16253565772
13697922222
5248874583
8882873104
1897316841
14965343793
7389809704
5457542739
23426081174
17596377954
19303689992
16617175338
1785274448
3766379404
8828104334
24117541260
2310855875
2004431519
4872285482
7323374094
9727061798
6765103701
2541975337
5825556279
4190815984
1889758104
12342937903
8659612761
2480941481
2665646562
11770448609
15107298090
1128120126
7520054330
9155811393
3046362158
2924241824
1147446022
2154788283
3786439161
17058179813
73157671
5494629914
587354247
4181446855
517280446
1435270057
5898146080
3979958004
23610974703
9195641858
5023931965
3316252644
7072368522
4617414615
9886375079
5111108574
6977120335
3058268319
2387996606
2092094747
19495305770
9950328642
13014606777
17156052473
5736293264
4959049345
3443667718
3288340683
19853944534
4469918431
13681130357
6560658712
11003446092
7016252906
16056131432
4540072174
13201601548
2162254098
16860182620
13724266052
22557630332
3813293381
3393103310
9855053302
1386354020
9816579408
18416467897
9049537000
15522805677
4468756397
1769713796
21946289422
1361972425
4935579796
717608355
10302194
14471104071
2521101090
4033190017
3309782105
8706834696
20728293095
5794824649
2489274474
20938717764
16973420758
1548944371
3867797805
8746508995
13262349600
15158704440
1629347526
7908203939
507351628
8457468458
8893775338
15222646738
11566986649
3157877290
6062541959
4255132174
18386867547
3524239802
14742868833
1945142266
10546072408
11836753927
1123921641
16944362825
3170197042
4537338775
8408834301
11944896944
20331539777
18204195428
13863309220
3421249420
14905752674
12402082278
1108151550
10096785127
10146464914
14222290738
11866822772
2990914742
9582970106
4109813652
12339746258
6102477265
5639615997
476366459
3275417950
2205287217
1708594559
10084537787
15414347615
3927852820
13673431684
7507120622
8895897227
6760611882
9917373272
9962256025
9760433150
14467609227
14506263662
12076220692
13807689629
10023377108
8561923516
5415466448
10803633015
5133113816
177812547
2898324422
6028268556
3982775515
10377938115
2113562165
909071435
6009412939
8594530977
1278771475
1068689735
8550142691
7254872964
9091474865
5199415034
1144514881
3937541018
3872598000
7455790497
7896447780
1717566644
8738413892
18878653093
11661809071
338441710
7632893861
807065384
6657001018
16694873741
11757117804
5206429089
5943868143
14346662266
11902273667
729176248
1139278876
4078576661
6606488877
9943950505
1183514513
7636056225
16489117588
4444274321
8850838610
6150013638
8350766089
15818664130
14974695379
10740511671
5700919579
15084788486
4016059984
5047206098
72286938
7523975171
22188069944
19972304600
5549742794
1701843295
3553556254
4231488473
3423771934
3359204945
3572915546
1200795847
7111331264
18204994355
392264353
14673679371
10724566932
14309691391
7632899103
6884745723
1299044220
6532372360
4085964167
12025459318
1848455711
5486449262
1360689564
4514400366
2464054210
7847693695
3443774380
6883388951
797545387
20382811306
526597203
4899507419
1292198785
8444537853
9461548691
11170238687
6246259687
4225774868
2834363231
7057342146
12483775074
22415160635
15768092452
2654191633
5065067030
1438912932
3951442142
10062279730
4800798546
19310590211
3844473632
14302090522
7031221411
2229396498
10378133261
20537885870
1302873504
1678046612
4613228771
9655203528
2948180949
14795816456
4946505709
7170086640
8170450106
6077116792
10151345270
5443633706
2391963304
12957843338
841013131
11532162070
2705890938
10813739872
8255663486
3091442237
6124703422
11697682347
5576893860
9063344823
20278803138
7222125768
6810323121
3389665658
7442821984
8517493549
11269449741
2223655347
10037537
19535845135
14581135876
11252399895
4579671772
13810080677
1661218901
16412992699
5573851199
997179222
5788126209
189015063
10030253214
374202853
15809246261
9012668684
11723587313
17161911023
6299299788
14735294046
1389265950
1466945395
15797479533
5175150456
13566652812
6469650387
161946874
1236957973
225806588
13576359972
10468949904
573644471
4382379584
1515511923
412006360
19544281086
5089769540
8805216250
1556621852
10491410377
5212639528
4098346077
17962788800
2188265181
2091867362
7209872745
13945256145
7013529716
6689894370
8919002719
2739233549
1945597825
6925521255
4939340862
12974628652
12458752583
5422712978
4164080238
15742730784
2205757757
14040697268
12672736646
2481986000
186267109
11999945814
1506062955
1247296989
4958949480
1421908197
11396309053
1287632811
3091758421
6353130038
11993431539
22333499236
5974374565
13966370848
785220293
12153146197
4377060544
3877213081
14179891047
6954629160
718062753
6379912312
3310277887
7324054655
5662892191
11160281164
20859437716
7008162956
8080991285
4014592454
2874131613
14315417700
1749352704
1570172153
17267524199
3911565372
404600744
11322239327
20306667
13954433056
6342951103
3458827355
9838297945
8457686682
21373049
3618801457
15813164173
7997250132
15415383820
8374342982
8819629880
12623103705
622078134
5873430589
449110385
23271818620
5307640831
6533705843
4474391805
9712080180
3038703309
14166785367
9167433773
2448940962
4348462345
11190273240
17456862637
8766778073
2532030028
18718955960
2994889056
19870756640
10116451778
10340750412
9794868306
17304876039
5108107189
13338329912
18057573501
3230276305
8053846442
2688220857
1668419605
13872725746
563181779
3791112052
6661303097
14386261211
14411050846
6793998045
11714718880
4110995975
1536971031
13023546278
9056288214
20768449836
59926425
2209809753
8720669851
20797478838
9963731205
14169259915
10164851325
45185177
8392171674
14865621257
15604746745
3796756062
11192383804
10131060531
297438864
8325166368
2485735026
7226725471
13247636245
10158913352
8568265225
7225590602
3280969625
11741652911
4282915391
11541828354
4394581486
9955898699
4822483786
7467416586
745438027
3702396100
16237127088
18498078340
4219932906
11405227518
15377751156
15741996484
1771808241
10416429217
2528935256
7424992348
9251648092
21353103363
17744979666
3666126535
452676888
3156972061
7530306891
3501352119
961600166
15656833567
7061797246
2899515553
18276922995
15511064974
717154465
5475632669
23174376121
18464473760
9427042451
2504747012
2975464885
1892943100
16723495549
4026528919
370705418
10838734892
10482344166
3073139570
6235180696
2400211341
10989602889
4270903724
8449578320
18675450821
1036921588
1661275130
9577181200
7662316995
8974011037
1771618099
15266213104
11541817604
1208889470
8277642268
8886481046
19319270351
4509492653
11497159895
4570188866
2190199854
12681793537
3373705222
8898360924
9450754799
4024257604
12927090945
5398788625
165724702
10588104287
5269400361
11856995414
11920369365
3190062230
20541888448
16513932146
4194606762
2167386795
12919314673
7842768643
8869329763
9393390235
4929472979
14127309006
404929955
14546346606
3300373524
1097125971
619534462
16836053369
7904983407
16177995268
6246361071
5471452287
18258319058
2346443513
12884082234
16912828480
11083743412
16786476355
1095543371
4301231720
6610842373
9474410843
3547503253
102710807
13182030739
1001210032
5866024569
6951300812
6020017955
9331395380
6851581778
13814322328
6109638406
283735917
7718703849
8107694043
6310254478
7365451674
2088438489
4117493332
10129320609
6904128360
4639150793
9902358058
1866678568
11563975505
9302016213
1933280446
8781406954
12433862137
11440543283
15442015179
18216608526
715255718
13748629726
12585011747
18982776624
4947752501
13057537760
4630607046
2621838303
668908504
8004874577
139686680
9061934076
2530648943
16339159593
5618695469
5940051369
14584868810
3410843422
777398173
9324699501
7416214660
2365602187
6631496920
2767352433
2513649550
4001313188
8766090784
4386422981
15941756814
10688453461
11857527422
18701998654
10619467302
7921490083
2599032696
17881365094
331028668
6067074108
2938683366
7472216583
14180930746
6461184014
7194137898
16906697478
18781184656
9168399140
14888894079
8503519776
66849412
9458360166
7043406594
6298766598
18449705090
2001651630
3898921343
8313699081
7605286
17864253374
1548767305
14923367882
6165322938
4063356146
5630477360
21464980974
9436907453
847739561
7354271022
3238345626
7152267336
270094479
3042905994
1861924792
8298780437
2258671911
4535863857
13397697724
8453626227
20238604467
11850977970
9624430209
2670714124
5301149175
190676596
14939568314
1135098667
1191929280
597432161
9771276086
12072082462
13732432686
7770772954
14489699592
3171434994
14705966988
8019050195
1422924168
13409152168
9402181218
1295501152
1561233052
12035142395
11286142875
5081446361
8287909386
1564345585
15186675297
15780377094
7435811370
16235370640
16368217907
778887343
4303046910
5483186871
6960934509
9879635911
16757677709
2462441871
14591315544
23316611500
539220143
15323756587
13559561206
5832295851
6770583805
4816036143
2496117630
13210643141
17250111737
11261362822
19744160232
2710182375
5181858900
13004544720
1981400194
18482604937
18027473516
3692975049
3168606307
15337886227
15377250133
12889089018
1832471663
10005448853
14285578041
17414738388
3206900440
3922956551
17402799507
12028024040
7289644504
13126942942
11485197977
6411813220
2307693465
7325539468
20863468364
17959572846
821008048
18446143584
10093978529
17523386984
8299798902
17118729170
3860152265
13340377840
13678484707
1864103505
22614974632
7943977798
7279098659
11660519713
17736311231
1878367171
10770621570
13982101870
7489223400
18435017828
7905571802
2560485660
20133752073
21607270767
3108415719
1480708621
9626645150
18676153255
14172004483
22180378476
12936418659
5310659266
16853240884
1720861366
3259809
20636811814
8006342407
4041723161
21036760006
9060120181
20777631876
16871534516
10815947997
1060496695
3244059328
7039737449
886096921
6140696374
10518467045
574591385
591306419
16239676106
590095880
15401803713
8029089648
5992108465
428569703
357847082
2000824024
3011758553
15935230844
2222217888
648873927
1857197672
6655737259
13291246842
20372943179
21370780216
4231585333
6942617450
11383068805
7715728195
3500774102
1141703933
8847680813
15923965063
5308282798
3643195525
5219727
4865513552
5262543806
722322163
10834392744
1548194098
17887618195
20129612620
9142171906
2415820677
3642653964
2759539498
3510457044
2459344580
19323576469
6725303466
4874474992
3113672457
9037438006
6712693338
14895603549
11986320683
11538777928
3434522144
12307561981
3872678232
13193712505
20461638170
5117746447
15675715249
7725913867
3333369156
15644565609
12453931688
5552920851
23650273789
7976538044
2555653758
207110995
6525647802
4999930219
12619263705
1077929955
15782031260
1067647581
5557371782
253990192
5022850766
15692575526
6898983991
3522673331
1678429950
15467353912
13072273731
197252293
19872198944
12657808096
14919951681
8876611550
14772847917
5676434802
9707726489
1837526893
1804309465
17138843057
10889877409
7770405255
8811761397
3271926075
16973876534
15323862161
10896378452
498369098
2601290095
7029925422
10288739517
17776984212
5935500618
13343752798
11649129424
9000024020
4969589830
8412739047
18250932308
5182849361
4662568727
2479726454
5714337295
1722828534
7977684088
4145009010
13776534823
1270996185
20373146173
3848722492
6775602862
10141755830
6511519585
2003334460
17645994316
4316303231
1706570831
6382492628
7780132406
3950720946
3225295059
709415061
14362212689
3658270039
2647910023
13803539382
2898100268
20769838770
1776261247
3045309163
1467758202
6247567940
9099939976
13560832987
6898586734
17320100288
14767164622
15485706040
4484811241
8386880175
12386831609
8400988216
7676164294
3628992514
8225186867
4097213910
17905567769
13765393355
13014644929
5891478080
2196259263
1192039652
10046277624
11037726739
12676997104
15106726912
4190233484
6889730608
2716851969
14327721952
2596176860
304895317
13184949669
11863309517
24489100194
8036622808
16897877190
13504119209
8963115290
2781675489
19561839630
20797795576
23550757584
2688349215
1007247693
8706347815
3184234100
15007340020
15129682243
8066089040
535509193
2463124365
17538177927
6965540595
2499241519
14168090773
18944712871
6212972268
10431324895
1498217854
14345041267
8016313159
2604503675
6382846506
5839915892
14963979269
830172647
7957642113
116787906
1165481542
3906929921
3909766683
13397440390
11383460101
3075308563
2612235179
5285496747
2779076423
1255206003
8614141247
3581853384
3492308786
91089646
1458532225
9939922397
6105525065
6284057196
12415266000
15733873161
11984895383
614457993
9580554220
10079908726
4538085882
2066453121
4956831251
3446511820
14615431680
1747887815
3314941356
14180749253
4915489753
13037637985
9802638672
6063311907
11284094171
9880277681
16366863756
19878858860
665206585
17065742563
995048855
3684278018
238520609
5136954181
6792714723
19333995382
769647262
15131321909
19835333639
2119480214
274702128
11289177021
6733311046
15443711806
19219610964
14396068622
21934228674
14880802909
2657723856
17856378659
16410112946
4189428199
15687626712
9249789365
1621941295
9605666085
23245257659
3624827284
3686856712
6081358812
11648816041
16302903301
13498746302
7882589412
8686838478
6889147455
13646492320
14335429075
5109017725
5486970505
3842188642
10639668764
2308120673
9255750727
7981956460
3615601642
6164116808
15440091146
2926853725
13006408665
12910682686
10275427553
8401145026
16502945830
2231407812
2172038956
1582507483
12550537125
3770257963
15855446831
1553375074
7684413166
10239219943
9332644786
8565288148
8011403701
15492286360
2529059590
5891567784
9723747282
9561559678
2848528893
1417882282
1134333223
11944042155
5969568834
2010770859
12590500493
674087174
735723069
6050199312
9166091270
7999466995
4433761252
7400149127
1070945358
6530220195
4849466871
13391227574
10833163696
327190970
11112862207
2445868808
2409324899
258580799
8304131736
796318340
10265688656
18579708013
11941662658
2702006556
3924797798
1630308545
9169016768
13940935644
12173118140
7896665912
3990081654
14788176584
13108668341
3035555543
4855339511
8414218229
1605583288
20832093698
19946005946
8200062194
2755635562
1683765153
14418683176
1548182884
10638353570
3405972885
7312444645
2493689404
17941820723
4962746082
4209508816
366137466
2886499240
17576465390
5615596785
17686177718
12472711491
8002247444
14135694115
14744458319
7970733353
8312309413
8963654828
6966571419
10779009030
15214856964
1551565889
6221774403
2490447625
5799287480
14820389770
855692190
1067464123
15335291215
15102251738
20023363360
11292023376
12768913209
421635041
4515060579
9119998528
836652822
18541228326
7364640591
2681328812
1369410252
12237568959
6386730141
9155260361
2497471048
11401886892
15579206903
14993605281
5248443722
5388166692
2874834438
3081936009
1592160775
12155870390
4099519611
19799230428
7696289397
2974175585
15194960657
9916802240
1307965563
3832714692
7675243592
16806869090
10794705735
1702521576
5130285535
18678844094
7187102403
12504240590
9405054631
8289280386
14437727998
3438945961
11294640870
5517829690
10872334725
9334968128
6605362243
3569466968
12479065746
3286510977
790266793
296045090
1167169595
10146022744
7958972581
2025234094
14864997068
2555657476
7239313752
13294699285
1711355251
10663393146
6650396145
4904319234
2007441227
2543220920
15855572906
3568475779
214119933
7907044247
13853565676
14379219267
15869378664
3511444414
2734680438
3605566248
16045530993
5646198080
16726897915
21732101155
20711911378
13808012234
4723957885
440114694
2441370481
649843789
12081255927
6077185773
14571974521
754003983
6897173570
1953126050
18561457850
22077702968
8153238589
9313393630
12096509215
1912306497
2455796727
5531005717
357734728
3433663672
5449742128
970126964
19397354288
159721324
2877486118
8204505603
12509935107
633941365
2259004638
2654917538
2433280842
9127660433
1605659575
11698749527
2081223880
3163406466
1802522369
6431721573
365765828
12249024227
326410032
14163448053
4875375059
8092678161
18741115043
15682565596
4839014999
5037937225
19457186325
4208432371
15417171174
3076942610
8908606275
8138431875
1804033534
3438183890
12475369661
3697591432
18191919776
16409534381
3493103224
15996604692
15140522823
4287494624
1678351191
2013418775
11926013154
5041055963
5809787615
316176767
19613287384
326920250
2104752699
19122873583
4666715120
7050101894
6522927606
4615569256
8241562374
10543605358
9372785674
6184082616
17496192161
10353429442
6345311390
3181084212
2905943327
2856273606
6211651947
5272054309
5408503444
1999369841
6428191067
11526806964
10083736137
586012889
364626532
7578559741
17953013756
8294246465
17068701277
2011312162
16955575994
1879566892
247792648
7220192159
9526052423
5559338002
6852505793
1880832464
8135247587
11371166335
1264908931
6229488482
3556050883
5219115751
11880274600
12369148515
2841848824
9181236149
8579715208
765709293
17890792389
4825960025
10262698625
6543362599
927539673
13640821922
5112963262
5486985160
9946748654
7872522784
9840183128
13387294006
801956406
3238604233
9226584001
15826099208
20560995269
9672168464
3622574079
5811445303
5485695762
7505321333
1394725052
3169581584
15963432959
4334112623
7049533155
15375592530
7450826893
19867042370
12125209058
6826678792
14906457240
9162741889
7581104525
8336647872
8253151994
1222028752
14559509660
11359254308
8109423316
12625037990
212811999
10806288927
19100234141
17252227086
18889212084
3035198120
9447610811
17362208020
6810577470
18554803942
1600795817
16502367581
2377912658
11928695114
4569228278
10034924250
18151546931
415715169
9001053136
13841306026
9421032563
11602687555
13553886581
18356999778
8859007803
7943162426
4319790881
9156442083
1863717519
3678556940
8965054432
17579179127
10147396636
882600938
546360758
3808954935
2226242686
6022793871
432695834
1636642931
15486511723
14381546791
6669220022
2877419622
560354908
5988559582
2125954749
7249567267
22815520745
20014658829
5183908541
16768706673
4243995834
3144403208
4486001890
15012010235
13921012417
7311364470
5680925658
178855831
914527820
17654386366
126774725
9054075945
11238741513
13006200650
11147731439
898208721
4165280363
7057727107
2419594047
2735529793
20380303450
1347683586
3331981105
6826010970
5986595227
8123932117
12989303236
12312619981
4544822718
10376785676
5677854552
522333263
5122701476
4816455633
17573352913
12330699542
5447637166
15746509336
12656658974
7508258515
9876355907
22053731649
2444055617
3836480773
3993976740
9547701781
10802393743
12161287011
17489685722
813945139
3907288580
19697398718
2437890676
4687917054
5729160526
15870773068
2664072223
22451456215
15393758684
7494610103
3445107329
19347427425
10302171290
13026200214
3512949100
10075908630
9791313001
8282415238
200016612
3595805155
520237239
21223054387
6484157980
16011619138
475521342
10204998953
18114485258
132684850
4196594623
9714693325
8890443564
3200174103
5327046717
6471436341
1571432484
14796155065
17525137163
6197931423
6768679897
5165998896
3402380542
16253725373
5234631230
16839903282
7021557431
10862310732
7161423446
6264968457
8460651659
22363427614
17732222251
9726937614
854727757
11090600625
10562181062
11314107596
8489567727
3646976958
10995330708
11101058987
12718280973
4406188808
11116198857
13958027143
12150309956
10454537472
9011045433
5272976109
1977220452
11570841665
4818211926
19933156762
1727308274
4080876534
225115962
2849851894
7802445394
18404994924
7042880389
8230527598
17000808927
11765285135
11136449938
556067080
5148391608
1783923370
4136228915
6202305231
6631297690
4685176938
10993288128
20161425680
19528591732
17781755856
9295800052
2984867511
4865454729
1841051097
11714421425
10736034505
16003617623
15044865415
10669526990
4573113242
11275199511
637260015
799729399
8974374710
13746024992
15205454097
19459584282
7810795770
13696176495
6508893307
698718212
2673793733
1263874523
14269196116
12113729926
4985978776
9369307513
15533040365
256359498
639004868
8760095496
11115560617
364156417
10019686402
615321876
12408805658
3989740974
9013821383
18275069397
332216862
12893949452
8749578133
409940900
11164832846
4967313263
8140162620
4613686642
11528205595
12083409677
16240386995
6871688378
4349990652
22140959573
8233917357
11899383161
8310684614
682540847
254479592
9408527423
8157684331
13350824004
9183089821
3753359222
11672828116
72090194
4099304497
18735701049
6842448397
1190730962
4113977631
3671525914
2434008519
648896278
10998546253
15995145168
4356256215
4627928765
7491290428
4272543002
3711109161
8037873346
548938781
3575247156
9788786197
1899682612
17272073548
18309724079
15416773532
12830158292
11995012025
8024330902
5620137451
17969581167
6518624259
1300151096
9191769417
13004798919
7903468417
4321975157
7430213241
14955066859
586027883
16068393993
2309809026
4618823609
9778080871
6932598401
18786701540
17425602314
3258004624
12054168994
7632777314
8464447452
16094624327
2200426182
4268810262
3631597662
7595612702
6837234351
654429684
16510783848
22435352672
15904110960
135819479
12689506705
2245796345
4253206529
11369965126
14944847107
13439504478
2223813933
3442768477
3569418570
3044689718
8022084632
19427114628
1422431755
1298712363
6212178222
17208680393
7110915609
4374264682
16331273633
9858991217
6056371285
5812833117
6724583688
7489470517
11438167771
5754488082
11726488361
18232689643
989528667
9980752743
6643858294
2677023006
9798687759
15358104942
6890861361
8425686842
4786511779
9248316143
9335895612
363921336
9903258201
8498879740
688083188
9441215658
2882181286
795550889
9921230138
9476018180
10141075735
16074967645
1710622384
9808027537
4841936388
2952485749
4239435867
16043092719
560973364
8867447286
11448998128
151663060
13440297162
2549422511
9138563383
11138462346
6914975312
1961860531
8291926834
13682070231
1780259552
16553052407
9378563646
8791028710
8054714725
8614240277
10728580589
8424258919
2616026925
12552157648
4537740559
2268884796
8960294959
1724904881
7979960836
17126019784
13514879375
8005684280
2914807316
2335732109
2849340336
10729005436
8464494189
9976637862
6368900102
4565556809
18231067
17473751855
17793472940
8490767984
15243587476
2699866166
13998468952
5136536936
5129786043
9669462291
11186422560
1833556463
3566961195
5994176972
11619945988
8189346043
3590333692
4300115694
8188435441
11870080167
20792212948
21644467897
12396536427
12346420490
19421286
6162175172
17206407111
6573986
8547749044
5746184329
3869237531
3855412359
10441762089
7820166091
6940324365
15238049683
7052120682
9744949448
5994999276
19289168331
16491985271
19576740692
284246471
246740772
16189029109
7109862765
15159657414
6660117150
407898357
4035704046
1595285320
2521907900
1908006417
8457542063
11247259023
2539497996
4701609467
3654629975
12126149775
18819801993
10919429769
12152662440
1609892543
11539755701
11922741328
10488434279
3287913986
654770331
12389490429
5899686816
6227712432
36064078
14714947336
3888185618
2441735186
994769797
5223644025
1964483173
10757473774
8147639408
6939667114
561423165
14341748168
2146730823
5900124271
319477481
15930809645
11844885180
4083134353
8831064561
2050348598
2568729015
2164742367
246840635
11219687756
5423526491
19408050311
22732084985
17326047513
11949990363
20261724763
1489996347
1888246084
18240930808
9323268732
8750827367
10148254351
6731689197
3061431928
1309667789
12109110175
1313916433
7557072015
3440888152
6635578675
8900356318
6711499241
16105047900
15777620
4197268800
904798374
7435342438
11165250980
15024448329
12415439092
16682661488
18996280009
4689280325
15014439670
2888700935
16215726209
17058114495
20545017775
15821511023
4900958629
7612106811
6764223516
4446141459
17131017077
8689083450
8592347644
13119668660
2144295017
6447501344
21086850849
18372487692
1211065892
15530234778
3767511520
2784989519
810819930
1868525654
9644731362
13742903620
3591360624
9536757867
7485055694
3602230091
3976263825
9121385452
18834272645
10403241939
12344375290
14031942020
6281324745
18604387782
5240515716
10008081596
914925230
2350084968
2733505381
6424737219
559328284
7346535821
6262494699
5875630971
5411874249
5239842457
19261179444
2454867745
18139187733
223302074
3874537062
1131724233
15205860916
8114275403
4462917851
2938279222
6558911925
15815166000
3562402585
14458336118
14046648470
2536865541
6204384669
4044853413
1020173343
3953197033
7206111556
14390119314
21749378147
12161613098
8598458231
2370190232
2461536036
9053960183
7749773569
5864751951
2774556432
1499340683
10744114956
7586739979
10622301750
88242151
13318971217
6970614016
13875813236
5927262290
1408450992
2365405503
278216145
5666328408
13035641023
1200233761
2181662313
13981813811
1005297533
6297005547
6693985760
945883902
12798008587
11461528798
5273219167
8738449938
1639588251
4189191395
8893716001
19564482786
539734452
8031126226
18214536726
3565661602
6424238681
10615911497
14067743530
7795449893
17984851713
16672769000
14393735590
7098713024
17729503074
11634436559
5695800574
4453252473
10550631637
12341326941
9730629880
6357638395
4983683267
8203068879
12173565573
3237838999
8093805160
11282439920
1137482126
2353086157
21308432951
5115090378
2963261647
11029068926
278685284
5630812165
16657996056
8199839958
10549774578
13568922122
4992794430
1283447454
61839823
6146169775
11781437761
11567966426
375143856
7199616786
5412912487
15729843660
3128471715
4716266671
4067919189
5337874614
667976589
15527924747
18887564576
4077164079
20031285717
8783675614
17103113121
13989412249
8547888628
17258860458
10540758848
2630797762
6515245815
8943562622
2324564022
12226739337
9944273299
6076430854
1121229281
14348038930
16562453554
15334788597
7901421153
2618927576
8975419084
10611787697
6852814336
17817364065
5004722336
6618337889
18759962277
18810593617
12467036866
14143820720
3271174968
1528455369
19619237538
8401474889
2715433028
18151145841
20476315026
15217000933
8286037854
3819660808
17264844483
10179905230
2949089308
8315892725
2578736788
1648711834
15291626452
3739096665
890338637
1609802259
8212517951
22913168017
6212251755
12907022734
9469658098
8913477602
3934720485
5170509241
1949065071
4475124607
15643654697
3026538895
9146622127
11494623214
14746961659
9582025596
6184358561
7455170143
12800031983
5877330582
4479460698
1165408050
8483242389
1312119838
837941958
15150120942
7348537910
6387368825
8040988162
21550396550
600107333
22937665436
10005711119
2468241397
15434880480
11567023713
10185778304
1420701855
1534063360
12841802154
8874667770
12955842274
7519797274
1556762369
9412713278
1423563863
7171368765
7608627350
15003520898
556746125
3932810824
19597557855
22717660163
4165801536
1337776856
9745536183
4044215058
4388063432
5764874014
18338053319
3478410222
1426401169
1665592570
151311775
2697363561
16395689279
18772011080
9762726424
4175687837
3134457660
3923719118
14427745187
11581789513
7314599134
9918049789
2535909783
6523205491
21162241460
17121846493
3485664692
3725573523
5474257815
2718092528
15378480782
859527126
7965139031
15159772207
3331551345
7346282828
17597989380
8865507661
13889488132
1116776118
14684687167
1137444809
9990160036
649955592
2164925126
15316208468
15816041277
92554843
5628426654
10087395471
1234112271
8258942090
5157456628
11084881998
3296515217
11824551570
7960056738
7315080054
15402672013
984557178
9740421956
7556274766
6998788726
14829918082
14634804664
610959728
13594375328
22835572991
9296445613
19033847623
12109863846
7904512411
4557835196
4104724138
6199199199
4036989189
4563533719
250016917
4738072023
1425092135
1423806445
720765153
8775698857
8456466643
18479847442
8752577145
12893049708
12074622946
1448140747
403498003
10992121249
5797912169
4201977045
11288964807
1442632933
15836531373
8398866118
4468016728
14838613409
4035936464
14808392618
23965800739
1139904781
10258228686
6883039476
21474404439
7659524670
155170554
15086290847
7071800114
19256210037
1449283070
1775536276
14263922225
22926603822
15970709795
14928985611
176755998
56037699
2792968006
11053129075
17763629495
965961051
18405853679
12123001576
3807963712
4731662018
1214777695
8440144944
836635076
6908055406
6233816505
7670863405
951045578
10587749032
11466397789
10064669633
1920956450
22104133134
8183563304
9175630140
15179864289
6213653377
8156642066
4847936299
7287018369
6815677019
8235484301
778467738
1368837365
9491847442
3910178486
7604704387
2623570417
6601181079
7998407096
3902181807
9115678410
3939457182
3852898811
2793976805
3637124967
2682493270
7807712338
22071300065
18353625510
16643483272
8295131617
8345265202
8699889054
1220170225
4691038986
13328127565
359947967
1411216167
7813474022
600467915
5243206834
12544568497
10383902191
8252410551
20452066617
9227668625
415564937
18750540570
18987023199
8313947169
8384737722
3148439160
675987595
1979225904
3703463524
1431121094
14801858679
18327171560
3970673718
14769229993
14338848469
9171495197
635200415
13870549973
174971076
19402186482
919003642
2555299383
5049192306
122042083
21556827324
7263776830
13432562947
6145552690
11024862642
13082397663
10685556468
11293732009
7098305679
13570237864
10825945957
10039893931
9842244165
2787967531
10516149016
3245342860
2509285532
4625018227
5667284836
8212110114
1717296542
1704437647
3724258669
15763969051
1931600375
2075102545
6821746986
6809894264
5616864462
2953430282
3513977553
8221308381
7075572134
2774029798
4985331222
6967479639
3546554156
7234710390
20847680743
7491312441
5445077934
7577438150
6597459818
13867402520
3667344915
7848743889
9290862391
5979787076
19236019632
504075322
6918351651
16229660979
17709368009
169769904
9834419877
10509917816
10948760828
9169576634
18446567931
621638353
13628819980
9491469084
8595157215
8428733842
13840806912
10375228442
6858742623
1622466476
9951956857
12026729309
13204570998
12800920455
22054394234
14324772494
21569415637
6073670210
4573889168
3989319759
10757810617
368558591
656389340
9985899041
9874309283
10065346543
7369882626
9713324042
10198247600
695332916
9934738593
6278375477
7387427943
16666305408
4366908952
1363082930
7467962609
20228890201
15190118796
3967485665
6036717441
11979558954
9581534275
19625081633
3878813104
10282635405
5733207628
5235615995
16650921929
10853827136
4049192054
1924484601
3569075762
4164065543
9822460648
9915771156
6181626454
11603660724
20099778417
10640262402
13514820479
15766523134
15021945669
4450912675
6452468647
11910586653
10041310
9642356585
8750108878
7934431079
9733525533
7500681710
14147663429
11290590873
5388918892
5626560608
2436892270
6718788085
8079418371
9932947715
3699279663
2205486782
2330550999
1288694639
17673588673
7944789842
16252648292
4611868075
6097878602
13270966651
2334503217
20983354319
2814599586
5931240358
1077060072
3352285075
3482126501
7116935725
5755208392
14281693172
5658775923
6376599286
11760515684
9497624577
9407147862
3585977181
5113020064
10205315241
385935296
11424205335
684179257
4613183170
2389698370
16635344648
6494038367
7290360775
18926222878
3754522870
8533327872
258813662
14938436826
2569677187
284765505
9935746311
15184192860
22438306262
11133292901
2010982689
2019806129
2311920263
3715074770
10655054343
2012324499
6712841753
617093573
15396336154
14949003951
11113665168
3865569924
9017081025
17994514583
10112922106
2467067460
5876873431
4989037101
13018795613
17490696341
10254389948
9475613108
3746467921
6636768962
2309590556
7883633664
14680610129
6886358633
3436299583
13156335764
15557435828
9986288380
15272535493
3436978930
39425720
6625683984
11082041323
2212474238
14790251251
3757256283
1980112677
7051309609
9492473808
7529802850
5517485663
3537386223
3431706719
20609132445
4417288809
10531205824
971737827
1000076173
91454596
10275088776
18971698612
4417292036
3038770206
13100342441
10453889670
4153973704
15465534565
11471272183
7401565037
5807643583
5336860835
15793209576
5862320895
6285911225
17732734958
1035417739
11217433184
1986990369
4419862122
5018981974
1823395786
21886311771
3453539532
10491709565
5543398352
1638022185
4697280757
12024669940
13137982272
4350301069
6254378226
9408257056
8516365427
10131905829
11579890597
13517501889
6820334187
1416140803
6981814201
6752168700
4044461622
4691905868
12624514028
7091241431
5434962642
8725699002
13608596785
16839366417
4267484993
17605383162
9504504722
22589115586
10645301937
7638456904
1649094004
11316773078
670085833
2305475980
7546633749
470824543
657855342
6452066094
1668910683
11006035799
16977493483
7804911266
8162837278
7033564435
9610904413
18321565334
7632661472
12329675241
15320148090
1749160552
4144198331
4104709405
301481355
14057505047
9306910482
4487309476
12966884007
15792588837
21750615285
14948844516
5365998999
3916431779
8794646408
101058858
3757137988
21097930634
16791075383
10239136610
4687556168
9698883142
6106789406
20116927864
3524076852
4151061090
5887678624
8198896070
15478681893
5611242976
5971411574
8405027350
4382195591
2524603822
14605296203
7664554942
18318030214
16005267292
18760284909
2090439855
6378919730
19114502936
4532958045
426432211
6073499977
8417576049
4088646608
8329630374
8421613296
6628289163
17755257356
179140457
330209921
9473217755
3500985014
2474374037
2498750927
8849386293
1664422899
5253683989
22486995241
7311544520
13521863810
938242624
13616489541
6550209066
4225377453
989624833
5511354946
9750245807
2601844538
5538713160
8829033825
14664216987
11509256053
3167497529
7365612624
16436819048
5398753272
18619824462
1656536429
6126388565
5392462175
6141280436
3949932189
171492980
1709625729
17332629718
12480909946
9843294308
11606975574
952462020
14820224663
1344918539
16590167833
1153114692
8217499794
10181130904
17573679982
428359395
1014359603
14203955080
5275093697
11585995786
6514274297
5855187694
14643788742
9510917036
3835583094
18931749890
1453205127
2732249332
823964249
15385217460
4699996195
2816141443
13719721960
15873112783
4967708065
1996891898
11305914647
15574346272
791191753
1201630893
4495216702
9314345769
3023587119
1779362223
11548610265
8696902955
14744348064
6026529997
8821769977
1215236903
799046044
13278919296
17901514578
540371023
5110327956
1965894266
4062070714
7499513618
4083525555
7344144004
12959349323
10579433359
9461914105
6445515284
13992572668
6577219953
7074167748
2384263708
12779955277
509099146
14371196945
16975762860
6942302638
3545407969
19784169124
10355125507
11737864024
7435415784
9232409148
11191790951
13398613628
6421734773
11732041416
13253422340
1338045697
5856201838
2795785617
17072898219
7269431574
7535378650
1571867949
14045897193
13598495716
1562187755
197155464
8438813294
3197738836
8653582336
6816345642
3562789035
12895293964
10023429515
21641459074
6474783533
5737334436
4731653215
8314472546
22715558300
11986252299
8060150810
8652535971
11239419334
6877078173
7530965088
8452515659
352646588
1887315377
15948594693
8711065059
10745656815
10655780011
16143174443
8465943273
5202094796
6183176188
13104483602
6615631078
3846628730
15429317732
3251626648
18974356261
2138498743
4463627448
13596532962
10360487343
611279459
7433056393
3189649801
9103360459
15640495935
6435274061
17890721805
6578691641
8364417781
5315989818
13051773401
8330852580
4532334831
19095423978
3021496013
17121604878
10175339595
7841294494
3228221365
17642845847
17171305997
186600768
8899061949
4544286671
7236988087
13091601336
1048885154
18999807745
2224190708
1829368123
2428684366
7319491409
18440289461
19240256062
9441373637
2909193889
10526735670
15060273485
2158429311
12038739761
1960355900
21749026898
7744065474
16496646806
13069289939
8460043200
14704804586
8155046519
8701813972
17658227709
15165164075
7215809855
1430645728
5768442365
3961150311
17229868357
661523369
10611437139
2405012063
3170774695
14908727455
2081977847
9851473210
13592624435
3636626588
8044008981
9892542944
6389825656
13613134048
4910400817
7795432918
12033157936
11807469866
10287075834
7933939303
691300286
11621564473
2052424887
3920140217
8253019498
16356253449
3377502130
5104083461
19484729193
8861668282
1763941171
1996187029
16613353450
7203221346
991281158
7209310427
10824159174
3610422589
5983321645
3546579314
743392181
16478648817
4879517673
10825300741
3125195930
12124053030
21005381613
10466660690
19457640543
2542395116
4319099952
2433315157
6355110910
6886129473
7645849788
17687810838
5402603058
13682418301
4803743341
12742225228
14658369059
923994936
17508370866
7571647836
5701149725
4721537999
1223842298
11119192216
8727259640
5230942528
4602105109
2981323506
1150369087
2787458506
1216602292
867533990
13400368193
6792214832
1431118650
2816607125
6197073734
17732439020
16509517724
16471971392
3800374357
20322671746
2704758291
4851143800
10388747497
13710360186
11346714422
8542168437
8530643286
7549297647
2493625756
11587871531
5724183296
4424565258
6658453094
5706279912
14577099574
362366758
2802345485
643067602
659713580
7633620099
18835851130
5454551003
12402527117
1710951369
16510101117
19632487554
1030226440
8542684622
6272735046
7552749190
8274169372
9689533184
17698325983
1936604544
8780104480
14866702623
3841886199
3790001344
2643858683
12653821813
12439789104
10676790216
18231264225
9691870866
1017395686
1598561472
7150845812
17269182268
8356719634
11867562988
3220120956
2410338602
8854710185
9022400227
2099258407
10399936984
2760335632
520715098
10168993751
18679074183
2874353813
1498125144
10151421743
5122282788
15554405210
6532826947
5893060923
874878676
20420640423
9027807007
1937071072
10484071507
462614681
9463208269
4387568405
15200117298
16475095630
6269003945
3134803765
1898867821
6401368289
8366626720
768117304
20125177865
21144133688
8100190305
4928417597
7570356385
12020373061
14264824723
21613092881
7909989374
2930760098
4080901450
5986600278
19749719544
1084810655
9678438736
15737862909
6235868525
3665713880
1538926880
1477763166
2234936273
472062092
6774731638
15340624663
12686715421
10458405408
2406663542
403579591
1521073440
2294131693
1527339632
5231482682
16805681614
3162828477
19784876683
2386858886
10022305709
4405135731
8043065736
1660588098
16597417418
1832793269
12107166459
21536379155
2604106744
1017861719
6479273676
8637992478
12456816927
7709786620
4639342053
21509330537
8985755263
8470943047
7772293366
9701321055
4896687602
3168573063
4132107021
5333472368
10985047688
11040377474
12632518160
2401380065
5779159323
6575878570
9174181926
10092158266
23176416317
21228789054
13180930151
3838616732
2193864100
5513947994
1651980620
9628774548
4356160926
1489107082
6076099009
2971476040
12695514450
381418136
5130262373
19316410406
6609756669
7916979579
693223469
3476937626
19302297614
6752475510
1589201221
5040836502
14989855268
9527199221
8113493811
12948149770
12125760721
14105815409
2899971451
7908513188
881788399
14379104293
6700587269
1504002413
3706646407
956795305
3665181299
12465612192
19186065709
1541867183
2915401097
426817252
11888051545
4473638557
8550616806
12164489858
13209502622
10684575545
7613320180
17434321371
13194288679
4900928939
13136474511
10945835378
11904470822
11639560932
21033979953
11434587713
22268420184
17420148240
9891152677
9338448262
8114048065
16362673224
4049364654
19516379709
9005187420
114386276
18457625625
11952104207
763097832
7346410609
2305674113
6042463350
17915103902
1824389055
4635867209
12923731181
2671572043
9319605431
15940663914
10131022972
7192573767
6529640303
7041933857
7303394291
15527977441
6916144531
957331223
2657939238
3515384715
8935831255
10976924362
9933878117
14133428178
1586590363
9277467167
170414920
11575231863
3074953396
15463540707
10926831839
341266910
3893867381
14870474736
12510154351
6545334750
12466938392
5331138293
727824060
2810238899
639543414
3611852987
7059991182
16103062776
21468579408
272273734
4235656178
2890864047
7892510983
4049318448
16287811334
6331428470
20484194315
10650470914
4787361924
9206305827
4551465729
10230671914
16799590399
4905329491
11963755698
21739141966
15988526860
181651906
6913761653
10789838779
2384083697
8859087093
5564255086
8601145989
3424617259
23470743479
2926192364
2154114155
11358256222
5895725669
9993202350
2205405639
1704102513
7104386724
18743933857
18457585116
1724053248
2362442184
6864257374
12762524781
14602813867
17792398118
5970175376
4289461349
4714055274
19464874995
14880343129
9206820468
16630327839
947943967
5708048799
16421453883
6566330596
16688710964
515495054
2564794732
932676891
16412612846
1174310211
166175206
562095255
9024058297
9796457457
16353704752
8649709611
11427178917
1996398335
14038579613
6411772519
14643245017
2882342193
8040419977
824594383
9572163140
444413330
921973559
4388179709
3417579105
11794136180
18295893485
2932837036
5840237762
3443195774
2144257032
4202006916
16395335782
12584509123
9192486608
3113232965
3667496785
4887112505
17762664170
124436588
2878676741
5879062927
6826370164
2798755639
13104614767
20775862059
7336960624
8718717431
843743323
9435564060
4613586930
635400553
11606080238
10413595885
9895655297
13801384584
20221339849
3500760396
152170666
6379176054
3971930284
9281818424
14218772024
1042930232
17495116847
7009971386
12492832617
5141057942
2347621671
16913941972
15437534583
1847000324
9466149927
15740830405
11560260122
309770909
3901344081
13023179119
8133521247
81942856
3167720201
13633954223
8028385325
10925920912
5590865605
18887184871
2579828773
10279353647
2685970370
10258383603
12213786188
8201033113
4593362369
4528180185
7359181884
1147552061
21094523395
10939350260
18274753985
1057050601
12514242889
5092143526
5472492230
3948134473
14016823607
532041188
16373062220
3150818166
3499697393
1007058601
2058368163
13126222903
2275661250
7764209937
9424100404
71728889
9345311034
7224608383
18257581089
2780810814
3192756386
13509764761
7035577361
6941264119
16523766875
1813883623
2430492849
13282591725
5377539489
7456307276
9791367430
15667036583
6413675372
12533321689
15792102395
3245671215
6788409951
10755668881
22231187951
679582888
18637089051
6806881823
617061514
4596700797
4463289329
9966792838
3449036948
20535640780
18214274055
7070597742
7651965349
5515627710
15349289739
10745532589
4997054987
419396794
3243956990
14147003858
319207408
11965333380
10339408762
2049929938
6605188503
321997419
5685028688
1879433816
7891857204
7900173408
4407118863
7341359951
681626962
5995015162
12529445401
8381181372
15745928561
9540118490
2037587187
3838574771
7054284716
1093499612
19933319690
906499168
11977959868
938280089
12642914835
10523392036
7291445825
7724381263
10644373914
4414190015
4271948735
243534725
11454966645
6519179079
1195848330
15123128624
17078633036
1853283184
20000369512
13958843950
3148935369
14444061072
12761675106
14338285069
1142044959
12953611974
12925466487
7196010576
230938414
741639846
5695440236
6513187356
3336009635
1977490416
7218889869
12381083619
756936228
7854617189
5052333794
102946807
19735943997
1667147260
4513253462
12586345485
326153225
3390339508
7844457809
21671839994
10165184078
2964889949
2353387888
986941472
8930014227
14708159733
1436658446
7353977349
610668924
1264487497
1594850570
10309580294
11181996111
11098746371
6208261565
12023748226
834344329
2364758267
6937476059
16121630291
15621017525
8854473850
17083755539
19006817991
4218013326
5134091069
11228107649
19354710220
3161493350
2303791749
3489112907
9048989330
19893714330
4074410951
19077978905
11011322962
3874074857
8081405712
4004758720
14434821325
3835947996
83271920
6370099596
5321144852
7752725072
9034742323
5527253846
1948811125
2652559077
16504685053
2447528669
4263654332
1662944622
5362946803
7727757264
2273053228
7398682894
14429998472
5873183305
5766969502
7611606761
2257605995
5130415541
3948759928
2057275669
2957107581
8716068807
9078126176
13838653136
6801905144
17745958148
19978372519
15321610982
3684886124
10628905998
17505538154
10531160580
10123042209
7571788928
10527075332
8966937741
490804004
23965519226
297060571
10964065987
12154592743
286882465
8436439430
1669754414
15498232414
228135806
13617950881
19065000659
7505014151
4313465276
8431041671
4427619357
4294379896
3645576417
5072745157
9802804893
15730331522
841273645
3695322176
9959892061
14495654288
14482271556
3057214811
1451466391
5910207071
8811386001
600384033
7509609342
1678031944
1786331425
13295381166
2749186217
14614982444
3840404057
13720758064
1583039601
21559033506
11725697614
5389281205
2788979775
7838420300
6068281134
14777230308
2138378696
1469024520
24438503588
16765031406
5510225294
256273621
7196302946
8345707585
9996168585
3762633709
3492519689
2418840152
327970437
1680705937
16328745532
6589058068
12940664694
4135198559
14024668040
10446994227
1758937096
15482662384
5694337430
7241891565
8777722386
11710705602
9469993335
6468809560
7087571030
18748242563
9253407889
4362301287
5918058331
8571956858
18240643091
1661560909
5561511600
8580395239
7680787224
18320309759
2197337424
3068158880
3780239892
4409808352
18574975300
3619192010
4764188782
5795317039
19247997519
277287806
16049363341
19564055220
1792885850
12868862482
17410496727
5569242139
14891245451
2088229548
5180082098
8346470968
1657671963
16579343445
6606612401
1813503134
131410389
15210867920
8505483609
7416935893
1974098890
20842175841
998995886
1731533723
14241218260
18710719861
10785091083
2832564728
3543582654
2165340218
3231028629
15670943651
6409918900
13492048668
6236156218
3214707753
12112954362
13747507193
14135614229
6077435190
2851170981
1820996201
15681288209
21748413831
11580352375
3517522568
7000826951
3425040261
8045331487
15085657049
9911506638
7120069170
920461204
1755469300
1770548352
7728805130
3801742800
12270951591
3083429203
10541512055
23809582
11241912136
2525721760
14333375809
6898411802
9173506402
16507106172
7918404893
13796104069
3210914827
9204208506
476849068
11231020333
6100687565
5715476522
5406181809
15851996799
12622570873
3579215804
21849809454
1116245288
19163267877
10491431567
16147819554
1683678430
16630411290
5622194070
5943822901
6205711526
10635401842
3742643633
6858465767
6322071450
16409498880
5599821223
17559938787
13580405958
11251248205
4343275863
9304228351
16885978179
14393266484
13970123136
4725588302
1474007993
5750065182
3450258620
8043042097
15297588248
627845907
14809584
5324161759
11426524378
8746659489
604125266
4523750413
13959026656
8450697534
8383566144
8949805059
16061801022
6812060856
12730370213
10758385394
1429607131
3710669048
15844725141
3460572445
7271757748
8132408700
3631826565
241649570
3802610245
18234850914
13948756552
13409101898
16303449156
2235407805
17855080906
1620415859
1925443460
7213036553
2220093291
5713365024
704351139
6684810938
8323313367
1536574361
2655552936
65719424
8892927311
400598929
8949478261
395465838
15788717849
10876331729
15945060910
6703617059
15542967737
557759273
2001138214
3075972213
239942774
15673706405
1797401997
1849447403
6452233440
2367911682
23185650328
13295487649
6708886695
14965653066
18772415528
9824373400
1210686672
4480050795
9029253282
16519546745
6107991603
21607851636
1241850654
6126035201
3925396662
4964559088
21122753596
2022713116
5246504496
324832318
2662893920
23057778711
10310026207
3097616372
10931591285
14274596970
8011348673
6939503082
6971756721
6778803740
462919851
15119199521
19245988533
1944716600
10958323898
3664514131
1761067880
22046170051
4490229413
12565706031
4851786955
7112216098
5056926235
12081216633
1094545066
17403941889
13830478139
13391038632
5826089058
7428944639
2567400822
16549900876
489542992
13409002527
2298102630
5783086410
1009661723
986700521
16229181999
11866338322
14037893278
1567922227
10908997656
2016004277
1180677750
21169407886
664624059
3174034822
7681511889
20817508870
226854802
7042191974
18784415957
9931886028
4947669134
16228372977
3818538760
8580604964
3746010676
1512589148
3525725748
1993867408
14390126348
20259371280
2276057545
5492351137
3098132106
7362670507
3658194663
4697016427
5633464910
25008889
6401375073
959592267
16801041999
16289112579
3476103679
5724686135
7848094415
1968722573
2935067844
9010905276
18349844832
9224031855
4771276381
17905653459
9169724273
613204429
285671915
15728600195
11486777352
7930486004
869954921
14572523745
7960141993
15034375823
9919175188
2532555782
7081921231
1568756536
3087928614
1354582191
19832301880
9375542833
12182923164
22591346234
14177509547
7321960328
15414261409
17313850033
17378509759
8685677607
5674864098
2319606643
12887685823
4407370904
1223930604
19536552160
596554678
1869104142
2684158457
1262167774
2977628427
254043193
11493286250
265873631
643088578
4606181329
560413524
7676995090
12449563
2611195815
6761934407
5157321437
4684305443
11178615706
10987698685
7825912343
14282526827
5162239644
18860425794
4704516155
1395093319
994860153
8846193371
6523522103
9863990795
2126128181
20200285858
3992334048
1526415404
17829415620
9745323214
9714251731
5380090652
18772206839
11075559580
9139654763
15050209924
3606934434
6120176041
8762759175
13382567147
382799182
8605277566
15087404735
3640859100
11305959269
1030942873
6484281647
5681954470
15907985865
878054102
1768779276
19160408958
876890224
5395371278
9659837434
14865125454
4151888095
8361108841
798562018
3597878914
7493035897
6030007411
3929397031
16907975927
10452647928
2649178356
21645840581
499860490
10756207241
9437279059
2034188281
14134041587
2567661633
10076821855
13242848889
400795303
10137310432
4248934653
11565310387
12783060992
1694248749
6241331245
8547622728
12030432958
7132649092
14668128794
2174747602
21462180985
10931195236
9860423767
5941945103
9674662517
6331468004
20715354206
18163643113
4276946881
12170279034
2043591324
5162545365
16117689574
20041557441
1010086260
12121146075
3728871667
5387810377
10522308446
15576544019
6369667573
13867523185
16714821592
3249396727
1515777310
2618482256
5474814266
6849961173
2914477338
9453561602
13531558876
22689327064
9016568791
13719426990
8564416732
5382923729
1167928552
8224249005
16432082466
10540294109
20434278773
179409786
8448617878
3136389889
6555688550
8800188280
6817104680
17579555203
1182297095
14455950089
2168896565
12721441338
1714208910
11636952243
11165003200
11055150561
11966152185
11717533300
5448576408
3577208310
518394011
1134660097
14350670814
12343674028
2119012729
10282425799
1060723536
16261663194
6709457083
35486571
2084841731
11321471805
6958597701
10654912220
659997471
7901184460
12607842202
19174000523
6082655468
16338209382
7967698107
19665335428
8980075587
2475679125
5726381354
12258779459
844364189
4439517868
5785914109
2823474379
5747646586
1957145990
13078787965
11127123303
9120514489
3170457750
9560161362
21611053990
6862615006
2275518853
15109306408
14822489481
5056522128
2721483345
8339601631
2111740673
8392713489
4649146174
784364063
2318476632
2432157878
12445115116
11626530360
1042462771
5347064766
6299799525
10216441432
6482966510
4024244806
14077087960
13310615933
1137324446
551430943
12117647605
13182601834
17540400491
10414832163
596096468
4342157806
11365897119
10606959314
6958128930
10552400194
14241443752
12783003702
6979264195
203585999
18207208430
4940332253
1789318555
567360801
7853997720
4044516696
12005526597
578917856
11742484450
5517782386
11297682713
3358896767
13156660737
14933406939
6142449749
18180651279
11358779105
15030629213
3809624735
3839294102
7432015982
10135939703
16337381928
13697055283
6931224302
12171537489
15794718982
3941953829
3601142044
17594532602
6854343953
8957844166
4433522730
4243385781
11771452597
21772423794
16364581450
17894713334
21270391445
563134249
18662353261
4015244651
5401134528
8322991010
5686456817
977357078
18954976299
2336402807
6157833161
15259727788
20354158065
8643108110
1254422208
7391999046
5685880518
736444400
6004289251
13919910423
6425575189
12041360487
5238039474
3051095286
11402263952
4370035066
7678540277
4854284535
3658749325
1419166213
20263918637
5741774743
3093978163
1235035070
19635008528
10868521884
7425998201
387999221
6060128168
8792121478
4481203384
8230689150
11124382441
1573777701
12581714789
12541609391
13482539
12654862908
1623692093
14290617680
9525220660
12302466719
14493967372
13711945646
11187957986
14071279668
9061077473
8575849545
4046568964
4077467154
10400880969
17444635051
4466195105
6968321520
5049218492
9092669977
9820426959
5116669271
1979657088
18113665756
20106524903
9089626685
23835536353
4599153846
22298956080
12419354539
2280365231
1992769389
14256668806
8116400868
7260733246
1172336654
12445771831
9612074768
1108820108
8383849661
10494168897
21717340528
1204628045
7455347207
6990245130
5217514829
2715480639
6478690465
8112254491
2956633836
8340452687
712442092
5617964167
18112766592
4280565292
4068726065
215407381
13841776307
7887838542
12747613127
11973359111
8143847150
5668133490
238491655
9468923989
10555259534
18761550815
2814622678
20916685586
11029874515
1369800261
2211865465
750329013
20390958022
10522506562
19195741551
9071362368
11354826743
2966474742
9137354196
18075445289
3780774949
4061675213
2776055704
8116204674
3325715391
12515343015
2633074389
1327349958
4088164905
5777810932
6739377098
562389435
4902406606
1926925778
7317978163
9576200439
5318286065
7926894298
11096803040
8171855057
2236185354
13227813145
4234069317
11378661638
181531550
13373382832
6773756605
3645795164
6364139871
8678683666
2140860118
11837824796
2975480349
3580320564
4839454534
5351004610
13821066464
7103313913
37381754
4479110252
5818568528
5004190857
19262546684
1053806856
8750005052
2623796442
3232470782
3828860009
7242356319
15702834874
7221017659
18906834771
7558548856
6887388024
15935403429
229517022
4236366602
2940294747
8030099643
13819616760
144989702
10302727282
10966158672
826133044
878488259
7766676286
18491601868
3423300353
3586908308
13447462680
9938985364
11848870398
1879462816
968018917
2672506800
8842475668
4938589605
754865139
3779985096
9869094254
3758758681
5382480850
18067046305
18386533760
5499327642
16657980462
16944359064
6810442969
1484764406
658857541
8567281448
12762357233
8072261866
231382165
1925227529
4241732546
1557261846
8745719829
1826095529
5518408470
14328524310
4809208996
407745917
8777030411
7568260140
8821390799
12099823174
23547838066
6590361303
1874174291
330731556
12045290938
14231466952
16727054724
14036673502
7253345597
2279055143
13527794056
6572875339
11109428417
3977784509
8008391665
16107526022
5143323663
3485138207
16565773512
16481244536
9565517507
9340082076
11802460944
8071907943
17106135785
3334338947
8210837063
1075934241
24688064992
19683276815
4286373637
13403583583
12102749956
723679866
1956023285
24093024137
7794492496
2958755600
7571043254
15027593456
18834756211
7472476638
1535159368
966122810
9916337576
620000971
3732195371
814661844
14133044234
7877486957
3750904936
16471517570
833987308
17090632362
1190467064
5274839
8949893368
604710073
17194096295
5443710263
322676816
10219842951
18961926891
11145729514
3780559538
8788729492
18833677912
9464280417
11481638349
4329803823
1893114984
513510548
17674921058
3783788508
4948535451
2703553142
10442005473
9974174220
15140546969
3909830527
5469613170
907976179
13956725246
9583567825
5006926886
3218216373
4283470947
178297937
8021654073
11798906262
4128061504
399282994
58316939
8292964595
347953663
14041899340
15217470336
11506459040
19676214357
4664135636
1039718514
7421315123
1841348559
3205833036
11741805222
4204585687
8014928555
17877034543
3007798559
4978517492
9216919728
2871310676
1104135330
6606501797
13911983026
9538588486
8648977270
3077728135
4355649202
23849098752
2977720633
10535629122
21919621771
418978254
3618108876
6837962683
13514433918
5523842502
5471140770
1391463483
19900884259
1943251464
11649981481
7231391705
2933377676
3853808473
14321054316
2585436127
3459344618
9971566290
384266064
5220764045
2335372047
14217850305
18952038773
2719263134
8598876263
6078581670
7732796095
12553557982
3541450007
17592338107
9389332443
9213717582
1537426303
1111557961
3437466014
874739161
4509058936
362475292
2095951350
8553130985
2582926203
2969714240
12217832615
2898256545
16090251182
14917475448
386285308
4462575041
1077249869
8465933344
7044122380
12308028372
21356423054
3657902869
4932765279
16514560600
9826487527
16706909418
893648581
7396079510
6488106534
2815769369
4045642625
12631805637
5240122047
3805223383
280229745
438653926
3414789944
2765935732
9577488814
8172755089
1983411404
2460944254
16941674315
11331213782
18733619838
1841295397
20727292804
8955529740
9736066479
8004354593
4822059794
9276282631
11870683960
3786855325
7215559062
6035029422
5637782520
1242176953
14603115540
1589586237
3810893725
3081734049
485614041
2290544824
3229235626
693031368
9698403317
6260215777
4812469310
1761402564
4733226180
4842440848
8418483079
1636008076
2575315227
21292486324
18194290648
3133244803
22168514292
11178972671
5583558610
7978690087
16002635902
14739560824
18388113327
5738202991
9577442504
3976180592
7886929140
9684852305
8882760104
7111623283
12350777533
9345338941
13011770366
4061940665
19934214813
664026688
15873960950
10698662945
6781666826
1928351473
8722206228
11317439353
6860154635
4277261
12719038086
3732405618
2694464112
2790536260
20244399082
8196441158
15853938092
2296767399
9423157475
9426683282
9261803857
12009514843
22696791729
7339932104
4485214086
10441413392
5157619156
453961648
18646062067
1926573270
2427222427
8083837454
2491312176
8492465425
8397204458
7042534996
7905352455
6396258324
1711934809
15628973876
19267720905
3739436650
3707676771
12214020258
3910413368
6450325750
889001387
14926331110
17689496487
10821513533
12212766321
17415959857
1744565453
4697985443
12666898700
5025452811
1038870763
2071465182
45421444
12321734818
24278701843
1797766787
1316227581
14531801196
3655059916
995106071
16839670514
11357578370
1248049353
15973993689
2979145354
10446246987
10547105335
7943387121
4079924888
19212926951
205408021
5380858705
356029996
9507940634
9571864309
12667068836
6397592341
6836674613
2048609220
5547271174
2315909309
10708274380
5444861428
15540320135
7619120296
21685541183
17085313410
23040113369
8743100392
17055008304
2796337607
22713276258
3827437037
7675110256
7939609703
513996915
7602736117
3501876213
2715290085
14183796712
9068609260
2566701607
12827160000
3614457160
512395170
582484730
6012171339
5625224692
15822756849
1285709677
3475022311
3510452578
9033101135
441828955
502668155
15059902088
10506972450
7712300808
4379928403
11055451899
8883038888
1699126716
3478747416
12735954188
11435726273
13933556217
6444696290
3105909094
27499630
17586326074
5394954036
5054930230
94663011
2708200404
14837963806
15078420400
7844014247
12297866233
11491174085
3213278650
19692888926
6752672056
106030633
6631940786
6951058023
18697050378
20532857276
3605064661
5324688008
15402189091
1846848216
9257225325
14933248479
9785983573
6201952984
13668026254
9887496325
5548235794
2937046088
926254548
3735688911
15037032495
7240083973
9542414515
12350619967
3029645305
9674626486
12909971979
4062083551
11003710184
4599251559
2439517956
6905102163
299156307
740727260
20202250082
13774791932
14627472527
2971786114
3734163441
6295833851
19932711915
1385265961
16749819184
87379910
242848939
180133573
330521406
8285093050
4967440036
21383606543
151957482
4555784820
7170220119
11234798849
3465548604
4831042230
5371208038
15238764567
8245253281
13653712861
829849482
1164642293
17142785364
3045587466
8318051799
9841087310
4044870204
4999862967
11162805133
518900933
2201845065
8174451789
2281794927
8047651863
4396188309
11141785270
18826636670
10973075284
7888826544
2615284287
7668369736
8165306726
8499687080
11551409106
12954062843
9232441305
18130740476
5320733460
11330639343
14952898069
5945003232
11369986777
10006135256
9863176399
13911053583
7522803878
1863991822
11385503125
7304126574
19940851188
3727611966
3718901286
905774483
15643656758
245720248
4464697649
1374879457
5085407005
11956284493
1254186211
4494408950
5254126417
8467656608
1431644100
182742602
4628331935
22392914437
506666248
18033069327
5496610232
2249981340
11500697992
18885828251
1926594186
5379172231
11588189585
8325271236
10933000192
22448606931
5740131262
1339147855
19700521632
13675943726
5041070776
7035141608
10110368135
13364185475
3779915730
14778963469
3781805906
6798481033
19645852332
15616510777
14172347943
7005090118
2543904867
3943795700
3650572459
7697051214
6384482844
308362830
6744015178
2114682741
4091412786
5438185469
8586920518
12333093336
4702579976
1875052515
16409703586
3714886703
5044067092
5140287666
4503832972
14203078870
15469523002
23132653907
13950096508
16068195091
4784608572
11491885469
2098805403
13939295659
12436996081
1776268707
20421523725
13271730020
6860152679
3554822179
12112137056
16058789076
11901787716
12666392501
6516870293
466754639
16693171798
2231111328
232629758
4939268233
3435525537
12349086356
1601725108
1184461685
7647157490
10475737542
18897195399
3778790474
7391792970
11293328415
10547694622
2530807928
15008309684
21393645463
1116385698
13613895121
8576600848
5971261503
536132134
14685267840
5179951471
20496092330
5962042783
842008319
2126401076
1822349674
1725587830
9083004553
13060602106
9946516292
20339869412
18960080195
10053534303
2926721014
4524532814
13552708565
4409411741
15404176449
29233192
15035284102
5731050374
9707603289
9934812952
10532741845
3922943307
5761253152
809269244
1026756362
14065189757
16863501917
12790136971
1232251031
10201586931
6413896762
1527500995
4401055089
11388234159
9959292187
21569237890
7744844781
10450210711
15027579085
7932993196
15516234696
6472152798
13062679329
526473631
5620869153
16885445200
6419452791
5649948739
7644464168
10769261770
19810599588
1619769955
7723956788
16775362825
14137502922
14285793261
17012598051
15842550158
11231439542
379476877
14702000274
7959117694
8983818678
7349044241
8315906144
4924629592
2360430271
5382757840
13931705902
5356118133
7693976471
3017830728
18598753279
303558393
11896732900
6655195605
3891370684
6069045896
13704769361
6655667871
8504968079
2931447560
16096735965
4148325883
5806101396
8264300161
1556772964
7679968634
12979407841
4223726754
3165209618
11803067079
7374097607
7589017032
11640065223
6689106461
6522701814
15779010102
3608895230
220590772
15189789729
4103758261
4258241847
13196844335
11133585706
12085435295
6790246691
13126220289
7342244748
10420348745
5293510374
2464054953
15684244341
6728858783
8826535331
9832602973
3767561218
4204084736
10875988322
74194775
5084414108
9583682280
21154686919
88933399
1367416081
2638904520
1406665032
7946839136
11517507183
1777550694
23747527353
180373260
5957411172
5657726804
4999474448
9869872626
16491466498
13710574511
16747555527
6348939198
8419368224
10258076109
5063210976
21609558776
15770424088
3347751543
10862334681
870872292
573042741
17527541657
6911042320
2098249051
8156849640
8794402418
11947264617
19617383675
8426266131
8322788596
6662005788
3945992403
6769103073
661458899
1359635418
2289626779
15569570554
4577257722
13913565812
23978874373
1483122711
7828825326
17875096180
23265565727
11067017556
10692213692
15309060671
12948444981
18765742489
13156314889
22166379228
6487326312
21872057038
5556347556
6451377626
834655492
17238754508
1270356611
14591332471
8455314214
21474082956
12489289431
7710500101
6783385894
5969433697
10656696853
284329245
21452146897
16393376772
383031280
3414538517
693134918
3131245961
3862568112
11969996637
1711392170
547173974
14216098374
8391287883
5006725462
4698680710
18691466837
14706264223
22589803953
12067270898
3875022836
1803753212
21881791338
7654967788
16825836904
12509232808
5900369683
11584876430
20109382029
17427509715
4963010250
10717005417
5928728516
8914586610
4358219662
12706345856
7055444446
4381778891
735345397
12475976552
9389725071
5084810698
952627483
9163299626
11125288225
7453861927
2887581386
16484915637
3026144533
14935206002
10518882681
15218902193
15419209464
13113847749
2379272888
15466669705
5738178778
17867291618
18274947591
333464073
4623220081
2689678184
22862352
1448864197
13703075953
1750472427
6729293563
831676280
3271949294
15154550666
14421154869
761473598
17162073383
15986157412
13728353588
1329454864
13461298579
1835730997
7277259748
21300229066
14996444643
15868879561
11911851130
787874112
17193244693
16238396225
2554297513
1650505241
8127278284
1295206926
12020783700
4934838635
15045941112
12847512508
2102014790
6961937044
2386630659
5800337840
636391377
11430010878
13640179415
9424986560
1513681945
12222135342
11171449175
9023245779
4749929627
4098262455
21035374527
4235438437
17277996262
4873381609
1403147126
10682009530
17183211091
4926509513
5363004288
8614510522
4117030794
8590639306
12555485004
5802689518
4504751255
2369333034
7748323531
11224844129
10987580371
6436596372
4424040997
10025724628
6041880877
2691471397
5463864423
9920943425
746016487
15498945438
4136305083
21675710965
12476055887
23573199960
4720531649
19347359902
4034133894
10565676177
10661284057
14886668097
9808264443
9167730057
2796518101
7588907471
2308006615
8680736245
5479715937
16226326296
12383571004
3109501618
4596982996
12878836894
10791406143
356750334
3243970240
852687608
15689680348
8223773876
14494750205
8978477847
15478892914
1513320024
12211414960
17485932855
12317114434
1936795341
10736593934
8865052733
8651961238
61898116
5037380902
2178954142
1548940926
5863141869
1701010583
12316926177
3698865495
5186582292
1887648094
314948448
7940549380
179976298
7386076858
12792200405
19389271382
1061241377
19949797297
10678981318
14609212360
14590345808
17704045996
3195943139
4334823317
2592549689
10060113486
8292689038
2898034792
2955603831
6087108218
9780821505
1342928995
16695272998
3730329690
10591699538
12920801687
4698489719
16667679005
14410603419
7827030374
9463479037
21392518884
3846981209
15140640028
1958475339
5803486726
5178207361
7235352513
22245760273
7048005684
1620447447
6940629931
1699506400
395358475
935299417
11066941000
17230641222
16994311827
15068235147
4107398794
20921725873
4232696313
1698020299
1781786536
10991964269
13351654878
11687985570
20606085288
10559741246
5257241470
1845928375
200629003
9067518004
3610571444
626599582
4000001024
970401279
16462193676
12724893409
8418539897
683992974
1301006364
2240004842
1936340488
15044590024
3152835297
8750439322
18445960926
9227040965
15319288270
2544736498
13461846705
9813020918
5240877455
17213538866
22265037040
18061284427
7533606390
11015301878
7148469472
4416060175
5343805686
7358544910
1089416241
17385449584
9616518292
3236735218
1821000231
3749600496
17086468522
15559450203
2225035677
7272266545
13546556893
16448896482
10072460108
5358967882
7602689160
3675643901
2035447332
1394181942
9692432347
13611184802
4421538634
10301510616
2042993007
14221928725
4649904973
2170205002
9394392390
7819512629
14396609212
20557526335
2770122018
13398418
14242397929
13054572585
11090755890
20367159748
4896003583
7835100403
19183686798
3165032840
4257864383
17660811609
4934443085
7421641654
6493880505
6564193871
10887796164
8518495190
14714882917
6808672766
16435656893
14828957141
12409163167
5063335406
17411636281
15240434063
7968355520
16901748909
14149248743
13032971321
19965598312
2140733052
651436598
18447966726
20988817152
2310545997
17045520816
2282006044
17743319998
6892008076
1595365424
4953817303
13064664459
9054685355
19964263919
5623696058
3778478643
5857628421
9026840771
19254904966
473220004
792376550
2698347871
478994236
13769706071
2416167618
3889883485
5198716356
2554976897
7425908180
4928176406
9992910175
3747033622
8664578342
9480654008
5152550508
6860226629
7716722558
12454554498
5239432875
3825980727
12727626330
4699941462
6087608413
19966702192
2822658214
8004228208
2222954063
4600786623
20111962374
9435456075
6597052941
20651268959
15510180578
2463371231
15851393104
6653902522
4641319269
4262666867
19312444710
7105364751
9300982798
8737169660
3994817004
5855937121
4648547937
12786102143
14830620868
11011312196
17676336608
5097059850
7283300717
11883459013
12511249514
1943951228
21990621256
8410592561
12674286773
3283175381
9308622306
2514689311
8699550850
19072557671
2092024912
218609026
2754718152
212800882
12731678403
8494595988
11139205794
1515345713
11377429574
2348375210
9673533814
16937324717
11947075150
13714958446
14589597678
4787274436
10157070522
1098988284
3912728145
19284871048
667337783
16942839722
9030986142
1800056705
12076624340
11534183520
11831732066
4864108539
8515490919
16471798058
20495344810
515691549
19039978592
7000139687
1419076509
5953366385
2435454619
1529125042
8803945378
12851972544
281557196
4328687814
1437368118
283060213
15032626496
19779033492
13078352593
7759274395
13479011565
10403179178
6424907572
16860881341
1247652892
5239601517
15191825990
2022324938
19680669853
19299627207
3766055921
5761588630
4849047105
15176220577
231008864
21946726529
9117709637
2514890514
17196247580
17004150903
1536277935
14756726062
4579934902
16750378158
12868774804
91792298
1625782312
5709850892
9613457782
5643567117
12671752658
8400801161
5659619445
9551112251
14902848340
19340915613
13414772466
9956708814
2818890207
9167954771
1727489140
761183978
10527905980
9842214960
20367410640
2092242040
10326448963
12152388628
4704427036
4279787420
21087978304
2772188279
6152788028
12485259400
3619499058
15431677584
17523445334
20961583409
1969440653
7888964514
15824742235
11912728554
4037192639
6954089049
1354640401
2578642240
6856526024
269308260
21637549398
438589817
16603471642
4253032075
7209371623
5150814153
1226856452
2754336495
21164832409
9051895218
6708963430
1660443162
1367165021
15267239819
11525566246
2681122639
3583015647
10027675872
2370630100
8612928800
3685654921
5200361649
11388423373
11536875583
2120822817
1817481820
3156205725
9936681315
13193857547
20563442692
16746716437
8088193359
5605142823
2236156432
6367138272
1724102288
5183705336
10922781793
2099014282
3926962269
894540255
5184702614
15948758842
7527884497
5241232925
9115506647
8224726306
5971272734
6607695536
8294658769
6929904787
107582831
2128108178
14870285354
8853225176
9149139301
124644085
14414094938
13574787975
1481636630
10469209208
9868814073
5203568858
12838231824
13807827950
6366892007
989450074
15105722717
13555888159
2015398494
5929754500
7691745502
3783106245
102303667
5722138170
5687920209
713347445
20120338923
3890369354
6395488314
2312782793
1201521507
13778266003
8237577055
7819357267
18441607368
13519055977
16867796454
18009104278
10164603531
14215789447
9336776468
1345777144
10306121029
14476811797
5713070095
7298547510
9803456008
3087870122
13540325409
4557006553
20038873272
14538828847
2735133416
13842267104
7457023086
15418780800
9443184146
1347538521
3440942920
2705318866
16851705594
14001458167
8396082564
454931630
3698835343
11827075355
5569818449
14740111339
11108249700
1221866603
4797861337
14209910899
20197745761
4467003223
11850738480
3146817963
4858612786
5124259718
9512564633
6834083147
17522483333
2394198156
7944615971
8526545784
1656659438
12866147117
5213790026
2490921492
5358405426
20067906463
3468092173
2211031714
2591809204
9670115563
17333013237
8158280763
600711765
5412739377
3068597706
4703179900
7873150549
18554975289
16404052864
1219314204
12245960446
8413075887
4927018553
15406381534
8886026590
495564980
12920684275
2682563941
8352139591
709448645
2503691659
3803491668
9138456090
8044959422
14613292446
2725341465
7569655347
9985208596
8211595445
12568795144
16855691996
21275340887
18468302852
1688239525
2864150289
6316098986
1142260024
9018803344
14972711296
978242448
20970975581
9790438783
367096769
1301929843
84537384
5445046494
8217978394
14344440791
15339694908
2390665574
12671552821
6821263354
12662693949
3714026923
3045553378
17752318112
6067351076
8701002076
1125650493
10537251494
12160014766
15838506970
21185164942
4995888806
17596356984
4269474123
21860921789
3832719857
6139000383
1459779740
9717642733
8705476565
17272318964
26942449
19147346162
15541084485
935664342
191477302
10499093606
1432103623
10680020591
4315151358
595106610
9302880043
22434867842
5424952757
15499545712
6249910718
13239680839
3089077385
10316867821
3783554172
14103657725
3617813715
10364411715
12367713066
1566361712
5488935947
19374150131
20219303991
1425775374
15771560093
6688087225
10473566086
6333104525
8103848442
4527121338
6931747721
6966532123
8702295045
4675085915
17587952405
1457678556
1179908909
8301856311
17877268589
3591505773
1024503064
11140246814
4457806096
15132016254
9454120380
3389284370
2721292181
3258229766
16842549071
13780108748
13660013981
3277415668
7171666363
5908585383
2589957818
17408219527
13927080722
1001339114
15364463127
18170493638
18356501803
12724811303
19653103734
17886809798
336606306
6687404993
5031831718
6790895882
12983137052
19300126677
889697398
11620519322
9170789307
13815196943
4147165068
13250287339
1019944778
3429044730
12761679935
2359831969
2210957369
11950643284
4922813862
6111682204
16909786593
13162263315
15551078677
9048616863
2152760363
14402295703
13643691417
3774287644
8840447985
1192076843
5731070924
5467225492
22440991563
6736164360
17712950408
14756952953
63140611
10635829486
5047373103
11387027323
2335720565
19100129419
11981235881
7411684532
17718276082
3771365376
12051189862
3183105210
5799760349
7467050169
26873865
6969316063
13296514681
3967893771
9608185806
16910026494
1382421744
8110184196
11361542359
1369036875
11881832257
2131287474
3455725400
2466866254
6191284564
12520565749
8441437118
23160781958
9872306451
4649901487
10914314508
10613087840
7876050794
22205263815
6565382441
14316711661
11453004398
1807928046
11163425426
4813310999
1893829093
8771387943
897661758
6531717409
17492638174
6072642152
11920110280
5121677265
9716644586
2550859287
14440505066
11873750394
22087242149
2766731552
913138340
6544537650
249164432
13891898380
7314522810
17583978626
2003239102
15834486095
8309689020
7383425670
3918027811
4619503572
3504917923
86361298
9794321982
12039698980
12229403219
10526748431
757331542
315873972
5843334492
8404175914
2481262751
4635459908
2866290455
1535522692
8390785907
6878826299
3497977748
14078119433
4567368671
1748426831
2692516709
17139795691
119857599
7852907824
7244050352
2845529351
12663249540
13688663166
8952391406
7563449097
12465776292
15041818160
15702733680
9548081741
2379137549
13010006803
13302733949
7641542232
1881518117
5804741933
935536064
478528918
16647601232
6061980598
51800680
22074461111
10442322824
3372818800
686160330
2077795602
13634053528
7568933273
5539916197
11036325143
612263981
16797995733
6236974295
7569550919
9672787965
7858711018
2781035863
1443017642
12898627106
7123040896
17869594385
1883240464
3247646599
1312066894
13651273776
3188640614
8695287351
14873553561
11820601554
8231896918
13437644081
3848527300
10716551486
330421032
8022469542
18897851725
13816594035
4652343836
18771078458
16733882321
1937751038
13296233782
6634262105
8407204082
7424441418
12549176592
265102124
9456968039
9309082777
16764251768
13280596373
21196147509
8411967891
6111205585
15130177513
7590315966
7278651821
4207531641
6790936732
1613363753
16682775446
9810439525
5459968973
13812992332
6024520119
825779045
780456350
11541231749
4798302785
3852690507
2968085728
14182053174
2861453822
6967509869
12070534374
12866883304
5588320711
5472666472
7390464535
8535840178
14735808444
18189882208
635202041
7801234807
15267145649
12865943661
86096739
7047984848
10786377661
2761014283
4175111653
6039902396
2135852813
8119516508
4675864919
6380322147
9774700392
15148116267
16902311236
1673833487
718102355
2394128595
1129548921
6220390401
12964019999
6315345449
3246804368
1131466912
5521239044
7432627854
2802463684
7955129384
4458434574
12071179716
869529882
17609422300
5718915857
160489421
20609481630
9156580705
78792263
1253238057
9534896059
10537342764
11632078531
3273487151
17652104628
12263407487
4298495396
7139214515
4255452024
531231176
2282599049
10495045447
2874703119
14569841614
6079970398
14141125132
19917487496
235915477
4820291378
2001705429
451933121
3747557529
3982737204
2745373352
12745208893
787641104
19731159098
326163387
12069307138
9285471658
3340101987
588675788
5801502580
8428093530
1160832186
13348435755
2576907204
18140821726
7940753487
5616969389
7555410370
10039805383
4924679884
8864654053
11440806522
5696770236
4311403026
4039073860
10577209396
14749671212
8530449750
1347587729
13384788801
1440499501
4628634886
4576333731
8947661214
8124493561
6188662092
20725431915
12252411798
12659719115
6282544210
13137878357
3012662329
7620851502
1832427153
579066686
13082241390
14482911609
11327373556
14086928872
592475014
3966389815
8441217071
14195736194
280353281
9363899241
9290838266
8524610212
899540420
2908438461
5540868661
5536968965
4650542941
5572792887
16967005388
6074198410
8742067436
1308548696
4685697805
5914012392
5165524920
7512003046
7108764921
6142133862
1338595571
17585953859
8556027374
6043424977
13016926569
18174011159
3285327511
8589982630
8265905353
407907019
14343036538
9984161020
19374399822
4688398010
3308017907
359153556
5208915328
8856253626
6985729335
16210082027
1268507968
7060626700
8648362880
2075456795
7232153870
15371450327
12355230539
2845181731
13872826540
4956936265
11267442
203491056
9878613091
7467195472
4019822286
18893535428
6843673346
20915430997
15356288098
1992023677
9553669699
20123372197
19381779093
10268444968
11613566375
3181912888
4846055947
4109831495
6130295526
15034583612
11993880146
6067772398
5197247934
15229470459
7258743256
11397651039
2826711196
10227939499
20882248321
13439171824
5150394388
1638029631
22445052549
12640055074
12329872340
125727968
8606800937
11546938169
6435592915
8699725891
7565013995
2262952829
4499661615
8468486974
10826381665
13325781372
1150781755
21594089964
3398356691
10621468179
7089289659
8115041810
11339253627
19591908026
2060585115
1193762556
56953373
2466400673
6320098691
5479344476
7599620771
9980466427
12135919403
7591960593
15892415978
3359362106
9742746065
6681630812
20818550039
9040821023
13693834076
11475383987
6882440229
11260252464
5044417521
6094658209
20909681890
3049436120
24269779179
1536352619
5779579853
16659448105
15821321849
5663253379
11896970428
9109917829
5052852850
9422084143
10975641614
1479984783
6028902973
3025626884
5715888013
9132935741
9552843828
10872902259
9778959
5445875317
8517350534
10374394710
883902290
18097520292
20066699380
4515661841
13539761171
189382841
16566947877
3473817096
10586522921
2106122382
19929893923
388626290
11047451761
313192573
11833832173
3909141986
7998945816
351899323
1670152806
4493096663
2812393525
4797596209
5058348177
18617709013
2837388202
5427738935
457388468
11115315789
6745377369
20912775631
436814576
4946930285
5846932141
1534633950
7198746097
3384077588
16149972984
102852754
10232732792
14143793832
6857123257
1926407654
3429367962
5112489261
10096646061
450165051
5258515703
9815108463
209222517
13617502581
8051134909
4645833388
4449860580
10687018525
10182248920
10581977449
21470054771
11162084654
2946713913
16876375977
3803640318
1893513509
116905487
22593614064
12192586417
10718757180
5119160807
2559644891
10550769079
11987306283
7400614484
12956747487
3015045544
4878352875
13087538388
3638855865
20404666999
1464750647
14485399323
442318393
1455756113
5991938995
11776889346
2399069636
11596059534
11547849939
4848051564
14601707404
125884048
6327948298
6090148055
3258064483
11705107529
5656720309
13203711163
6578476929
8523567145
1578802705
6805348500
3730923750
3220890822
489271567
8713431385
5517822792
19572147819
8762857274
7471959398
12747287272
6752108518
2900119403
1389273169
1671268556
10311911480
7506279574
647750110
7389662750
18739263883
10740965377
2265488407
15835696655
14243596879
6548139896
12280876819
5975082143
2143501724
17628457033
6980447231
14390837780
3712665486
12323992591
3218171706
3764712768
5937053211
16105712786
9056923931
12112058664
12475910757
1475883364
6454856736
21704148479
925428432
15017425769
18304473091
437946471
12745037180
12610223214
6408796932
6899329849
11283838311
5582451649
5785478313
7497308548
22583027724
4430461066
7321915207
631572235
1551177120
2936154326
6873674394
11798791559
9727770932
6462012846
6146233746
6084226162
1443208127
4752084520
7221691638
22708645896
1918940596
1366814288
1102954793
4376395645
16597469193
6053236629
8593086259
12821500149
17314390237
14107536714
7613364620
3209694220
3309094892
9613672136
7316693545
14232629549
12937201209
3340380018
14154801541
1578524278
691111419
2296071763
3522028693
23135230397
7931216438
7342473536
4526655880
3090366617
9902712584
6754757199
5234680467
3419983113
11975873421
12698398205
9443344529
7401448424
8529451223
18520657555
7294307712
2531336114
14033904194
14293770724
1346109849
2912196794
13188027683
7071941838
686077456
23337280351
8570425038
20196201977
9694749199
11368776223
322835382
581478502
5688132622
17154008861
16055082621
403017282
9624793375
8688617140
11813436853
1599503506
5732494967
8406045306
12648732304
6581176414
20854903816
1468186691
3748192588
5774851642
15198761902
174367525
21783346924
21646212169
5701140474
7895817219
12831848989
10196923039
17167761033
8184808406
2858542252
8141068293
6289141519
6940964972
17351962882
8027454482
12215871387
8618202907
18652068598
7040738335
21925187554
289783934
2105557494
6212771195
427919595
14864924800
6649830397
5998094368
13543838590
18534527699
10924009617
8317989251
13954054574
4871266942
2316882328
11724142111
19732330679
1564178029
16316094863
1426048062
3062769939
7834181521
11600029084
5324594175
5750340852
2583915369
16570484655
4240234928
3958555893
11136850673
7603744687
4155462515
5435441370
7766088260
309394555
4750371583
9904221994
1636774333
5380797368
5900670331
15755767790
8651448930
368870917
6168327953
18930448638
13030936001
10192568591
23370603823
2725845200
4864477176
4634971273
189144460
4938550945
2218804042
12539882071
18733344084
4587036750
4941649765
5932527093
8049553412
15525683218
4368784460
6544770246
7181632084
2866934505
1169606344
10542684789
1232669487
3073526794
10483498217
12921394172
5743956483
10561047045
4221326830
15187510264
19830204079
6548537995
3246601225
3281353089
5240210205
10324288017
2376275061
3825682432
10309654366
3337258877
7653353126
13100130025
1036101307
20645010760
1950411596
5462486496
3946035997
84370029
10559493609
6252775817
3378500189
16880604772
4429536611
22349028660
3635343152
11895141026
7762298389
8951524554
17503012152
17992446977
10865130429
6219553044
18774137891
15608054287
8295390662
17971888979
2489247545
5768403152
13760972540
701331875
1408448089
205866751
10951774466
3346530910
5852559453
4483895874
14700918039
9444290390
8362006948
2763756088
11521108326
14957224452
15106203367
9666068480
2150254998
18620495694
12431319042
11027289600
1191103189
18534303051
20972053365
6360772528
17711657159
7176573790
781593498
1076846051
13784719463
9451276909
6217140259
7681337846
6916666054
5818024479
12185947994
5513986735
1145649099
14255961487
14365986908
7716885668
472410386
1394472590
6936134650
3729214272
8378392810
4695255261
2388888139
10206109126
15667111644
19875294946
11720374797
1881308920
14232546804
582175351
6692157858
14528741903
18235255747
4467861227
4494831622
3635870132
12114240789
10454924307
94077988
13794152816
18940291873
10319287426
4101979431
3252771029
4128288357
3131287654
12669390057
6310088786
9461691379
4404198391
5439859884
3912406694
16329954366
3586071983
10972482263
5706053943
1179773952
8198384717
1358212085
15508903652
21168546060
2701870403
11950578407
15832175200
7200265792
18378854577
20814191295
12039601530
1018675662
14223778097
22406967106
7877066748
4304978454
4536607237
9264538209
2889332385
1678321425
4029343778
3281419918
18457041700
17841891727
2415422492
951035853
14888813140
5438132057
18942753082
8463166861
10406455638
880262239
14039663949
2062144502
4443112745
2766671183
2396577564
21336777063
4605311806
2017952100
17045027861
3288667516
324018386
2468627882
371507145
12568562796
559583220
17444902706
6066329760
10861152420
534366514
8127485780
4079530172
9008383721
5248862191
3522533687
6752345655
15972295290
23264674915
14784987293
8552222469
14171232244
6457803622
3965363381
567144733
4200806799
15792967174
11075486492
7365534822
14868860613
11391133268
3156018833
3916066193
16181810663
18866936526
16366721274
12796432374
4172470908
20593158321
5306867596
3438180132
5513150377
3758043985
3407890955
11554684539
16782409020
10373698956
6537454663
18325151990
17855404398
14750101798
22351673228
11179609866
13857483752
3917834029
4558969307
15396863582
10072371261
1831602681
3836928216
14386729330
1601679166
15731595835
15294904036
1233703530
14674338177
7667931595
4454160387
15127245890
18905575867
5166212953
2478643504
12920251915
11708304721
11111527281
12391151745
4052214381
1327133655
239486952
5734845225
11822932809
2920794500
3026198573
641235105
11073163884
4789029075
20110163359
7445305891
12984212476
12272610122
5783022060
8304342317
9151898546
14793484908
5727897622
12452665769
6994732862
8560460767
5016463373
20694785725
12869076445
6113262142
6214666567
18068561840
15665931601
2754373749
405613306
8767409910
4384429049
12129404822
7246287848
1579584766
10994468314
2039583346
9079909829
15794599286
9756248604
8457478299
814398448
8541792622
12144680844
1402463679
2957286393
6688165499
5431318188
2806102541
3653854496
6131914983
2985482466
9728640414
289990990
11291768734
7026706608
6082850688
2710574451
14483600888
5684202941
360480937
5591652798
9132250612
820388204
15405036165
10493058236
796049796
4983722378
6261868463
2917775592
14348371138
6615406529
10861189628
5188363497
6347369702
1909217100
16175247593
2587480746
3084870965
7565285516
2566600221
13044164926
11575038480
4606115168
16553185135
18705091308
4964831790
5990242598
2451390078
5388472160
7154376694
1958506142
14359579116
4713623257
10065584169
20310184928
8648202139
8776634743
4103834388
18789761635
4125624056
15045659551
11456236539
23659692334
1743060692
19785257223
3737217757
7305099978
3478582911
1243508281
9750092136
10887056276
5943900627
1981001291
21181457123
1058382979
897412634
5158584209
4779523067
7243519321
8356436819
4696305438
162664362
19929570299
3774930104
697360786
3309950415
8116532979
5219247315
17143164117
12355096488
6786350525
7194982154
18893577772
472593143
9214196354
3086080060
10901564354
16714588790
1639257585
1439971366
10918131020
19481232913
11103742940
3048052714
4533083502
830743188
7477042548
14529059339
8002592915
1225602683
2861974644
5365110351
10158028912
265481574
11322653676
14817505900
475443015
2463196948
21707387862
8508240976
9927773022
13908781828
5271815617
13050722853
17506585687
11309185656
21847307740
15198947313
2584059826
5905947013
13129791748
3050562098
8115671341
377328820
21365195787
420431936
10439402265
8829058566
2325811471
12867347082
935384146
12522934554
1957302583
3151333130
8822325231
12532009096
2389312546
6618018752
47996876
16414172797
535476064
3899842336
14995050296
3750540284
14917195971
2510755249
6274443889
1556369847
11886521168
2797576605
17860689641
2881873056
450460429
9164887202
5198625299
1962308467
6161232473
290454262
2981961679
5040480267
12659263792
5548026679
959228107
1436718194
1942059757
11816339393
593479284
1163772359
1480566518
705899588
18432532174
6503694327
1099542762
13770177500
4212096190
1476535878
9764491122
21584910453
6134122205
1369266217
18128206574
7429856977
1426919442
7322542313
10734587292
15162834612
13079152978
869704368
15757121631
15665954459
4775240160
3224555481
22928865776
2171746515
9896946064
12230796718
10777483365
905231160
533934229
17180933839
6667444272
11816384727
1824656963
7933535340
10495303956
18783888179
4221425252
7935783663
5170382766
82023632
5747158619
12197103653
2287849397
17252416461
12803816175
7386206542
6918337348
1593786489
5608202433
9261842660
2887904252
7112220037
432757612
10708816485
11350129864
11003021039
4844705296
2795216579
556034278
2941473430
2325579683
17683493030
1874061299
6072460529
9763209786
571169386
13403298480
19009353730
16809941196
4372899193
1885756497
3248116126
8546935397
15641646060
3425403426
6268612222
3359152577
21661437737
17526826653
20768351304
18097493
13709206790
5433064270
12089463283
3762148624
5645680142
16417522841
12397483027
64045710
261829904
1987367410
3036417773
3582026913
2630926765
17904381367
6305166033
1527515727
19612338963
18441724470
14309037360
668573898
1687179067
4253873093
5148013606
7388420526
6179196760
1525183884
7196270803
6102223756
19268223731
22165817684
5297361629
378178377
10359780463
7621091588
6465167262
1269440551
7301773242
11951239477
1072317132
12188272292
14748375018
19387176713
1849731774
10110911769
17212716691
6387967229
7317717917
10327010612
2911566689
15630316854
6759091507
9396363579
14341479902
2199598867
7064355456
10407836380
18600372533
67304267
5693526323
8765774453
18692447014
4512673010
8533965925
3473116922
1734427258
9196729891
8409198831
6312619157
4276220414
5734066981
7163909372
16451471889
4313469453
623410369
17008665583
9093338031
6918986610
592033110
1834656135
170912076
15781130884
12200327802
5700746600
7930314477
2778538226
5990950606
3453071363
5112114135
3057503290
19012132039
18276265991
5039573400
1847096609
6968374458
3912514683
13665361097
4830044981
1477850453
13873055948
1014366416
5747113948
14043135555
5360842386
2354829832
17696268718
7106631908
7677213524
9465754829
4230843315
5099030059
1009556547
21199089872
13379655218
17730029325
1299917821
4436309713
1596645215
11014855208
1852521482
22600138357
7974498697
15935068716
3609861959
2851211606
6284033198
6090989220
10773027112
22304801669
4592581509
8400291105
12797450833
12711694903
3503950122
14484816192
13831899276
8767881616
12139568806
4362160921
483855585
113772586
6621660283
2467775149
1396671463
4993217084
21857244354
7410556911
2705842930
9079103312
7015276102
11697623313
9172428685
9275155737
5113252734
4691641893
7040448986
13533394918
6355105008
19818147441
4435154887
17450942016
13149446202
17910967746
18035775923
1471952585
11421458037
3115734336
1330738369
6196953336
16583059962
3990755804
7676058573
9494999391
3785289667
5996624137
7878710829
19820035886
10702637512
272618820
9776615999
4395044010
12141698581
6335966153
10489460234
12042667371
14393788292
1808850011
8309702020
19737672019
828408341
387970577
3627878466
7655825352
139480977
1994122571
1840227569
7372234581
5244049334
20735118907
6789839449
13488493753
5662501891
729176970
7648119468
1288795335
8892110431
12080050389
8828017757
1059800623
119928178
3349380284
8090921421
13179331342
1019868400
15387983136
1376903529
4533349766
6697334378
17549936305
12923198543
3020172302
6179363059
16687460234
17107440235
3344664604
12614050905
6654363949
6660944721
9949077651
6194581702
15972542503
12467509083
10220964350
3036695624
12917023552
16144286066
6994838176
1394819603
12497083361
21516258321
5298695306
23125677628
937902710
2240653454
15261699860
13688648044
3790331703
9736514068
16016532872
12521826714
3574652634
1768011290
14995949180
14737544914
2038758656
3226875055
19949940070
7968547726
4348324316
17889707347
1300252356
7387611384
11999798790
4109695513
537656646
2618969954
6068064261
7829766792
3149614754
15223467129
11078205879
7767820322
9183398920
6068018553
1624145573
4960294800
885587208
3244653241
449610061
4187018663
8603730342
7642765264
5085268942
6499755163
1928410882
19229431713
2322957421
9097960466
1706052151
13775047595
2053422228
3610837767
640745952
2911076908
15370155694
2876973522
16826989707
988400337
8077572887
6098669986
22654064788
14010926563
2573566792
19751866720
11980680310
5652572998
2465184795
4774750778
23767172422
2487226107
4624777648
4961081543
643647273
21171826644
3821869500
1631131807
14932036933
3920112918
821346574
3662110175
127948425
3494222687
2585946271
17308703855
11995925127
10821707383
7596663869
9413205402
825598084
11376550735
11566454265
383389395
4368166672
8272989338
16901894328
13691926660
10397734328
1827820956
964361799
3336960961
16060604701
8517429236
24331389314
3709208256
17776915222
16222395535
3748450450
14244630860
14135530297
8137583385
9246855290
1460253727
9845369943
2239537202
9852328305
786532625
3841191797
3569673838
3774472390
13934381535
897451315
4846928310
2052962907
470528452
9683943693
24580991
3427820630
22324556590
6768850252
10859575590
8348706057
2457117
7394229837
4321310943
3299320590
3056135340
9787481887
12488495115
12731767001
6197007043
2809816199
8122844051
4296679125
9010033383
449927009
13819105858
5376130629
16488982130
6082954342
1621823228
18602535917
5056855836
22628514312
5941010844
10373821942
10365033346
3460080982
12018986610
5728365255
10014030482
2755254655
743588489
8356041744
5358606395
2548511651
1953900898
17352296831
5829036569
10469057222
6291289011
6314490905
5616687376
19058929116
5297526775
12079150137
920628593
2523419346
7957988775
21084799076
5237339342
21038609362
2644924469
11259367019
234929646
2448243917
17495169029
13837093058
2215030397
22618184295
3877748916
2143866392
5515013956
4653365152
5756052571
14611337491
1736955610
19552749565
1497243652
6084301652
11503196084
7099425392
17091290011
187342065
7293645623
7304520704
749416480
19586316126
4158688843
13189391528
8943594577
11305272614
3669382574
4747470976
17917421087
11859939620
2687155507
9462814556
6284006332
2676021783
18222113947
15441429572
16322321751
19083225861
18042351294
20441919832
2540753240
5987400372
11886795844
2985171827
23832141844
1427034283
13456655658
18481267254
1828938617
2719810302
791629954
22212624219
8822003730
5610249493
701360531
8569613029
14937411769
2745361560
23027543805
971067378
6370679213
5789680140
4752457600
16529994225
9446164953
13564401086
9151587388
7756005413
12260127255
4293712521
14356649936
4770519649
2374682199
15185260647
7367678418
5735461921
1994993259
10905765647
2581035395
3898323563
7194672533
5664218876
4416443780
22110464783
17279772206
7230400136
8050026611
1315637096
11218645966
16946800552
2515724108
13648414225
15888587119
4284535182
11911795605
8541096420
1419003014
4128126760
15582969711
1887371502
9823093259
18679357335
10780716981
16337896831
17144473241
6998814980
84707253
20531541497
88312547
8534615410
2384491752
759202681
640144707
9384746780
12097467457
6060880038
11840091265
11459953203
1801007510
2296222835
438782889
8562295695
1678497736
4974593915
16665988818
3383969844
11467962994
1778849910
272847546
1148681278
12391884403
1098323189
448533105
470611692
3309499774
7337157002
12133008453
715006576
2125273149
2363692133
7063264577
3913240719
8315355751
15403730063
12912511038
1965998592
8262060039
2036659511
13945734316
18577890438
13989788263
14761205555
7478484101
1999371209
1519946804
19233995987
2161681764
3618719398
16361500716
10818136522
1254604093
11021240067
889795006
7141092242
850720167
13727719462
4876071008
3620484492
16947799993
308743451
17877654770
6581494161
884731116
1143869484
11661043271
16441552739
2632996480
3879029507
15444859028
9157175158
5347603226
804661447
9755806222
3775794600
6847291344
8398246696
12581506874
11505800652
1878682851
399683482
13184278717
1552437865
10348736324
7687524091
6565156644
18858964675
3070960141
1252875113
5535519815
4403283696
10330411576
16694548754
621372823
10852465312
16262211084
128046202
9418424172
15945941469
6837977050
2533403547
3529418327
264202323
14966880102
7202518801
1542256561
105250626
334374161
588314681
9342506739
4214186090
6252775304
17838564880
12219384649
12989851580
323479219
16572287446
410877980
1744565525
2153747896
7087569454
7010916779
22120056218
2426243920
4191868758
13679173043
5502533974
4183092375
1475232273
1112968810
18765927890
2619531159
904393654
10754451473
17223919205
7411331503
17521724664
4599994709
4989327113
8564826305
914080670
15951466864
21020868069
6288691741
6591948389
8318222758
4079296536
15136403995
12084369213
6781575927
3240845204
11193556043
6788320075
14599836468
10600635238
13654048655
6537376536
3843847030
4799669326
7702995985
695843370
2025693372
11551853401
11436332807
7746659655
7679504118
3079709051
21099590979
7200688897
2352874870
587921978
77963173
759626764
1024169602
7415610143
18156651290
11521883825
7101056181
5430460423
18166329343
5314337666
7084051522
349435423
22920203735
1886828290
6249100482
356500170
3530195443
11336750464
6646618608
18472019553
1653103936
1277638186
9473512530
810746912
12188763390
935451497
10106716404
16261805917
5902916798
7125223627
1677133270
18336738
3266209500
20697104805
14183478277
12922160354
12564490873
2370875795
13116710788
5237584552
9545166090
2340411363
5209512774
4211023065
3740422584
9939948
88098069
2805267977
8720358587
542114223
4693187346
9228316728
11671092918
17295117086
8374104045
9696363590
7924488100
3665556506
7619538702
4417799821
4786350729
2802944955
4675484821
10501612284
275018378
17332729739
7868888492
9228043394
4868993509
5390348207
16966934451
2315227029
12356282194
6120776520
3251627981
6911473019
11887580708
321172303
230078146
13487364037
15608314033
14994955555
13408222087
7648605622
94394495
13067075900
7660872771
4535952145
17661631937
2909662442
12478835607
2534542933
23519642334
3829201624
5559180160
4639803977
13211366290
14290828641
11280564156
4177799497
2986466698
1818829686
3484513807
1424613928
13313804645
19324181041
9429347599
9575249705
13502798595
2325983054
2974362564
406478375
7919195014
8774449983
3132846906
4393082906
7398436533
9846293117
5157936340
4880215559
16736549874
23211223332
18389579996
5495391863
1672575907
4688925664
14722559156
7556687437
855855826
1157069845
20669178203
20935426925
14639066787
3445539077
8988194757
16906475273
13143529390
7420062221
7710095118
15112089498
1730462069
5414981662
3630894095
15213246347
2108968296
5557206476
1791534347
1180777402
6415276632
3240148159
4190565106
1253949307
8403821323
4749890859
12023979932
12689072990
5618085317
2446545489
1249269273
7849279815
2363155445
19843742479
12927207523
14703841268
3756352744
6973635567
12142246283
2151951987
2146490261
4702008280
4644349716
1220406542
9392389738
483611424
10506919424
5486065760
13121642012
5730696793
4959452508
5856125110
7660936855
7752466899
6268278383
13107798603
16229809290
3984967701
5576199141
10908281311
22390373478
1920578500
10883320302
11154916016
14277897560
3391247583
13722093230
2518742087
1446817254
11192420192
14962790452
6092166066
6953283690
12235550238
2862499221
3517540014
9838317673
16848565982
2465031504
2329828854
23554246125
13513680222
10682877241
11020676378
10669822859
6151553230
12893689893
4844697824
3145013244
10878119475
11385427347
11421113142
2784097041
4283670472
1660279010
20584021623
14264127514
942629005
11449152682
7724282642
862977559
4968670856
6746116881
12740556114
22201094541
7669127100
16151458987
6115312504
1094648744
4095875340
1349030977
10799367548
261286582
199575334
3258044801
3878924017
4268849964
3112698098
2970966407
688437200
8600135285
1999650121
15392042174
9525092437
8888470308
7796775261
7017477958
4305651713
5587983923
8518013896
10718990395
3053573937
11574426935
9046859286
9778431524
3792591175
11671387641
16360660839
3383265062
13399344406
17078659225
5837951384
10888068824
18199315266
12366605640
13215495561
11653358100
6197907947
3995429062
3033496947
2823137283
11147495956
1121513904
8961338858
5675908916
18174910957
17917884642
4176001974
1660835506
9636433742
3719938026
20633158054
20077896333
363537861
3202594895
4055738058
14162447111
2851838862
15756328660
19192709562
2972906271
1432004330
20152112297
11868803738
1547628153
469471356
1056148109
1885600636
10986046615
4866781655
445748945
135652858
5990503973
10158907621
10812336897
5332340322
14873020194
19102808835
2116568464
13598466049
4091164621
10070308979
8729023569
23094371051
1333300320
381802595
4856731402
2171873420
18155025252
2911746553
10265623454
4241077450
8751642506
16954890361
1938002677
2568209560
13638942154
10017989456
5620472191
16681148761
14932105944
5090862047
4156565435
1864912486
3807505118
16725385145
18960093332
546776842
8007343375
458807206
18521373448
8841443286
2976811438
14225629322
5618122842
10536712194
9195134162
14830616256
14354744586
4173506031
9217168503
783754285
3187989911
12067804792
1304184807
14008531037
4011734763
17435028721
8224092235
3491343086
3339926704
16510358247
4024386736
7561919444
9051797559
9805238629
12370407347
10211503654
17578126090
13119650069
9881291808
16984532254
521452592
6605940810
18000922357
18116650224
9206989674
2044465430
11118240438
1326908564
10180307665
3872447100
16890663825
7082139110
9135364146
3824211988
9162950049
922784688
940881816
566038073
7212878290
8056501798
17155577008
6096718205
15963688727
1843860776
12430666357
3011631554
1237651895
15996954434
8955109383
4846523315
2792940935
923541454
11748795966
475725437
12837009958
16197832111
11676113852
4291622220
15563269231
11579913357
17014220688
13193616592
13782064728
3349892599
15809877776
3928482311
5813133745
7027558439
9492123805
7819788279
10544207534
12238220335
12006649068
6630195533
9154727756
8636131268
2818525786
19010252747
12959273069
270817493
12425427458
1780078041
17784908780
13282259443
10525853992
10533859897
94760136
1648123120
2718903334
608681092
219281898
3617927217
1405382506
1269347487
489343706
1962682822
3293587029
17116469328
11618421744
4040292203
10072809779
19647850452
12394261158
3612557691
7828028677
2293059495
696658898
8755271234
2989187592
3255914860
2854980938
3696755082
7514645924
8504786514
9891177284
6293072132
4246754562
7181997666
12078983550
24102716573
9990148165
3002096916
10787446662
20630858502
7391503664
15926829567
10195984736
14752074157
4858485539
17933029006
9343305856
9800192730
14199753241
2745423900
13535034094
2611192591
5544115427
7930259152
3171110106
15853762656
3583190707
3102279635
18429758669
14117160075
21827420766
2157387657
12505618242
9521261754
12347882906
3154650905
1415805009
6848684375
4459860013
13349455956
17745625527
5711359902
9014156614
1020113991
11693734481
11177436453
17208921849
260862711
8899311514
13760620551
13712511171
396405682
7852512695
1711647915
15189541757
50657123
3541745384
1619559979
6879777245
11984985666
19317506143
15597451883
437316115
6598543898
7685727904
3480418429
16402431897
5319971518
10401965137
8328117075
8859550017
10524609935
111521171
6619679288
9280032653
399567564
21548466149
4717022022
4113571734
9611256806
9143837283
4664891825
6955114022
4617284071
2304370474
15054341528
1115960517
1943068884
10258918614
11443651251
6089769409
2303062300
4742908123
1804179419
6122169154
2578465662
2688915363
2277302435
2015389103
12844986659
1582585033
11868159515
12046379327
4792417967
22115996294
10062637853
631135989
19159529357
5684112885
20619790421
12090473793
17650217119
15695294185
13801714761
21608816729
6266688708
5560346110
8836818430
10358522457
14664988990
15790106824
4253886331
10321490017
18747609326
13885944404
11737053784
17386603732
6403114213
7502706258
2505735892
10956252708
12393370462
21526723129
5264191391
2548284152
11002546754
10041303632
10600540687
7085992038
22815861930
841314458
6314471093
10966849472
14877815471
11853217154
11702480809
2473827488
5578212666
3747340150
9235518879
8894775534
11637542858
15904335957
14698744435
5491424545
18579528141
12643382068
5845080909
7082042431
687481187
9234936720
1221316710
12415619008
3706851535
7715435222
1338320938
1485460365
3819340017
17639545026
4947194669
1030043747
11167455110
23884672512
8619886491
5874547572
9909483623
6472194690
12386857318
17107893401
14065360741
2637001635
2337374895
6182040161
1909971453
206400755
4905690171
106660970
7433890959
11403520777
1070447548
6068606657
10351659127
10374916147
13673745584
3447323065
5654284763
19461632287
9362682124
9122590122
10476294542
12649338241
12745051269
1956024194
7173684763
16124045058
9713230416
12763135360
13759515424
2973759796
5448567676
13118448979
10579356796
9623731263
6577977758
301502092
11161104284
1560365052
5062060580
4786011421
19340842481
20323466619
14122949686
11711626553
10174130513
13978397562
20469887701
6529886571
7660951965
1487818638
1704978014
2243337156
8785248527
579636087
19681596826
9761656192
7667926140
22787251401
1968225504
6716747067
4229530258
12616405563
22678485881
3161767651
5668117167
13737996777
3196914037
2400822585
8134384624
11273582784
14263497850
4869971355
5265237040
3942457124
7610646719
13028941347
4713128927
3445775273
17303358802
5201814717
8580463568
4157170578
21244412011
14056681348
6664359293
11016021225
1539856950
13972933014
5472773360
4724703314
5130671592
4779183653
15215869921
5850886597
3985695149
3628847139
13313236916
9890960177
15070722785
8666034921
9678597390
3934843819
3172604675
6808792907
7897641366
5630237020
1574230216
19803674128
11142085982
3324485011
9118449398
7152616746
10287300814
21586922510
15052523304
12606032679
3224267554
4914035250
16486260337
4425569462
8551912620
19387525473
211904342
22035277329
3255347468
33184001
2025790308
355975555
1866655583
2973910894
11377666883
17137605922
5406241909
7771703296
8963488705
17246713346
8208731461
1716962089
470297088
469077076
12260506039
11511993210
18855079219
16377858818
9099197656
6771340849
1803640446
5900692314
3223880791
18626766790
3446151307
1934534100
11542329359
12310810163
9449248990
8889058694
6734842445
3596116811
9248969283
4372798055
11446082807
281929725
16413983253
15402059661
5928354554
5714927514
2331499159
8717934927
19492411872
11005192797
12834405187
4798355063
16750172157
6488254426
14843357251
14129433786
8405727327
10805463102
10739272707
9034587323
14630229383
6815202403
1659960035
6537219753
4522569973
10770577557
14856342977
13934120590
6574993753
659340129
5435473355
42531310
10841778324
4026357846
1207652316
11646455093
20014348841
2802813062
18578140741
4299423483
13674228814
2955344887
9262126572
11063818625
8611641143
3200864654
4114866606
9911759153
21537642167
2672114989
1032195589
3917021352
19711856632
6043550147
5169720190
5409597467
4733378969
893345453
6711823663
7750230547
10868230109
11319075162
3063261989
10608938022
118502908
22094366266
9391262572
10136380646
4734902747
7367888179
7957318905
9364718463
6118664991
16341590836
11356760240
3927872581
7901034905
3832779186
16244026158
18333695546
15198841752
18486310545
7129394940
4727658837
7682749223
9255722993
10047230380
24322379720
10193798743
4891036343
453119769
106904634
120768712
112191864
4192124145
10505431420
18575034064
3386846536
9589507254
4221976388
3235022196
11540352493
2101639769
4417756280
7643995329
5648063566
11887105777
13762308584
5799714886
18962042907
12912504941
18371944443
3159220092
11578593438
7329443451
7978826609
14905038721
16853269958
8640341199
8456893477
6371062499
113363919
10897568085
556814119
14458645246
1717371717
17845003600
19067617774
1088081850
13611912307
4593129528
11659251409
6614093208
4569128367
11580335067
9494331965
7618910529
9835426813
8037185376
8122133198
2243282291
5616571861
3757906936
6233157626
6423171105
4595556021
22703542033
4145061672
439818010
1725257162
18234041160
10636883608
3662220245
1272947035
9404253699
15304011118
11903066154
17217618802
7862237352
8029697769
10754517118
7781982238
304795522
13715406937
14054357827
109256445
7140260570
4840141602
4347096483
1043577388
7856694451
7930038513
1854838957
23550816536
19919294298
309205162
14472246407
16619501005
672427976
3646672047
4139644297
340731905
3447862781
11341353278
8298551265
4076778689
2354316513
7050236988
17002084535
6000506540
5717964785
3196100810
734826490
2899493693
1432632230
1478085585
3614976711
8009124849
7039931756
1803799355
12240578112
8719261977
13387619169
8347257318
8576709379
8070287296
2942981453
4329048860
7765546563
732045084
22003331298
1893207288
5807459818
13188066681
17445613111
3624220248
6586497973
8965416568
3270686700
2803084508
12710839700
1098368038
1578060210
9517609833
14023852493
7850570720
15812212000
7521001203
18549269429
14960132208
18769777678
5430227432
3744998111
17825040376
2409054527
9232267434
11707859588
3367476956
5542067684
6581914919
4820215426
12958220587
18280000817
18284765145
12904635903
305728161
18570625702
19007388067
6140548421
11989876482
4197100933
7160439440
6296526890
20606082294
7899369126
1165979766
9913935209
2306960222
4063634071
366691424
10808492431
1634230879
12341479334
13075553870
12539533027
8886119668
15964823506
2255674403
15420795997
8173136687
4577208449
10767891069
728887592
663180271
22056851074
7661945674
12318989603
15616446032
6024355374
6993728443
1532420661
12235762765
6766275218
13334855245
14638800884
8450020658
6109703539
2891326439
2213906973
3221827264
5678979809
3251473348
5598497437
3488175215
9639621550
19173355975
469114239
189222489
282113944
5981184110
5796351399
5246907293
14630731644
1472374395
843899752
3326552101
13432995961
16326216899
3138231248
18276800263
15569617399
755395261
13242285778
22175670866
10908927191
4994007933
8316167866
1325695367
1871807445
16991146808
3050077633
15612068811
17095871999
4438885427
11019931558
6567169852
1445475018
2436376615
8440232815
3843559208
1549656969
6586281427
18775617830
1005258905
11637125680
4563025482
4029760670
4280609931
14968524177
3590382919
4717453999
17716548533
14764605593
8458288981
8872302690
21527438040
3710628279
2410164770
13973733869
7197625741
7106896772
7954194477
13067563291
7033530959
260472806
12663133536
20861400358
8941302633
7773347790
2610297542
9326194010
6336201
3878337474
5060922357
14866351757
18813583134
10579768116
15219720724
19631145157
8174854560
1975845630
9639347985
15992967219
14660897459
5797943168
15655273624
16260059262
1452182102
16777663490
8741033775
1670144467
9126002390
6944569490
7099997279
2677828337
10299064640
2693982174
8423045051
200706281
13394194931
2522801846
19386356913
15915700460
3802627845
18115539712
7671606921
2064567956
3077702226
10301108338
13126987055
7175428847
5648627021
12910334450
12402174638
9785077855
4916597361
13681767792
8524579339
134058177
3651666559
5756578527
11884039739
15598702034
1858724486
17776616064
6229249619
10577955706
17507152431
12083569049
4380727436
2116660254
17736505699
4924030705
6391430801
6784171661
8811478103
19561701625
7827775061
7363786951
2243242602
3070131754
8496609114
101179040
8787079121
16486801172
9869816533
1095629073
16126174490
5174915576
1658416254
8786572621
3118515590
18636282948
7983526897
6299035948
571911211
16415946823
5572130261
7071265427
5174812985
1829136328
9954549108
963046920
19952892891
18808208322
4273622783
9754787087
2908189531
19782113459
7645575169
13238500997
608696794
21210852329
8628396088
9606038312
6473148632
15239013348
1582832449
11843461641
13640214670
2751774536
8193654959
8670595665
10369223372
9206437752
6000248173
8410452365
4530490212
1694357884
26319968
3056265919
2703663349
11421490315
5450570614
12517449426
7546350213
11859639047
9717388165
10903379885
4245304584
11417017026
20361391548
4985241439
2305577556
1903172491
3180641430
8954929624
5487497978
3571780016
3749036272
9380603323
205349234
8196455929
15723117019
11257285487
397258810
13824596972
1623990783
19358071416
10611730270
17530764719
2294596743
15383739945
9511061083
9187503588
3006785426
7321053795
1523457728
8865814387
2552380088
11182731491
16912401507
4920983463
11337554732
6497446995
7398499079
7394095281
3945098223
14624892447
20465408494
5906883889
5936099226
1620313793
7691250785
2449922956
2992088416
14071853985
2583809881
6967214691
1308109872
1114192882
6040525936
19012394228
489884345
11797931875
8223115943
11748308474
3070921002
6433538728
12840726464
13816049907
18029508496
15225566194
16021093580
17274423675
17878356238
11335139870
177782320
6080825273
730188304
4992279556
14058586819
2955367611
16316310064
9741601353
5145144744
2056140807
20087182806
7880414906
9126387573
23308848161
11108173512
3531871801
8752508164
10282545488
1403656418
16341180711
907960823
11085376514
461187211
19041275311
11995513908
21728353553
8708543203
17500038423
3141973836
872757516
1992059715
17482606279
14467032907
3618358086
14942451890
785129829
13059630681
11370751224
5571151079
19391789503
11099593895
17545295491
16112097998
10990105722
19564384459
10470343777
3967527674
2016273951
1112883408
7684249523
17370212719
954849770
15550873217
4016580386
14159253738
7174733476
13282141342
20592553780
18593527975
9527645676
1204147953
418994907
5803833371
1367061505
21348438461
16984272279
15337136341
2667799453
6248286876
1925292952
16309934226
10652581828
3647060524
14289850093
5595134654
9225802691
1008418861
7793201863
16321643174
7283260478
11234337295
1815970298
17611681680
4057635560
6785281420
5421389940
11776943538
7900255524
24520258215
4425044265
7434935272
8015300569
22745655703
4489744184
3826017284
15257455629
11902904111
5019865224
1657961416
1448009739
22418476599
16799684664
14393995251
2704773620
6774791394
2654712411
14079555239
4097642064
5987675166
5581169922
19059975026
4814125937
6595274681
12421523620
5473006108
10232770498
17615308036
1872098808
6017676051
5085061443
5532647067
13243737304
18268546413
2103260392
609620684
7599220897
19681176848
1002568750
14095375793
2824739199
18449257698
16310004628
6046907984
8426109170
19618399606
10340288663
17103960793
2118721958
7084789030
15363794778
15714896230
3615913511
2509667742
5059422404
9172096764
2187882235
4241589525
8720777630
1008409757
9640953454
3072045381
3746131481
7698101019
7028137067
22501568111
738323915
18644873474
2634678576
20948058456
6495616340
18837530386
2292727263
969040753
19244465950
3953661476
3668183739
12055300366
13643466455
5566588920
1891703705
8719878452
3530134197
1169746016
21441618775
21041080163
10912859782
15214238
8327971476
9175707497
11392280772
15674918525
5726597489
13511762384
16463148422
11449999197
22880377985
12665260534
9108488599
9445396555
3984710648
7203397068
3088905370
2413181604
467497867
9157114709
476234372
2316575532
14344642409
20887976180
5561346370
7887304186
8434788045
4574524264
19355462552
2895898843
9304457331
81244807
17425941563
7019643211
5521171757
702877329
19077712131
14814022316
12652412714
11064806658
20406381332
14382021409
14641472470
21210967161
16208207055
702016421
3513951765
2051603636
15500872174
13405582350
12057659829
16255271055
10005616058
10120917677
2740348994
13441639230
21631601567
6696974406
11045862676
4601653919
19214378917
7644218061
10969821520
14537288220
8999274032
10709373368
7938751558
9275200992
18732366654
7498909240
14041606200
852756389
7950361474
4272257371
2439582629
532820023
20487970497
13361250241
5803175827
5286017709
15766110999
17222849322
8712606525
3319118610
16370063638
18865371743
18793767697
3182956499
1513190511
1046628304
16586635389
8472883891
1649791862
8257400476
14330364536
13630705600
6926263965
3461407426
7453419062
2920282222
14041374944
15892243891
10620310187
595212107
17097151115
6576188511
3266275076
9109404108
281627155
9144446080
2407779862
13997996568
4133176661
2149800937
3834137473
23472373576
2558325138
4270550975
7602732460
5323247605
4456746789
14734150591
7294349068
10103953962
3006316782
10050246535
10965656624
10719263793
16035998629
7005965377
10098533775
6121812431
13563569526
19816547573
10202846737
3351435772
14522461968
1310026108
17125262747
8773608361
18169878523
12822846842
12183372178
8228982551
5095805096
8118040420
7943323688
13789769258
9533024168
4459102386
7409215439
16450124487
925633911
3866936475
16826349817
5140768434
3692798499
10274599195
17110149733
16316589125
12558456681
10217385535
7462161750
2910187876
2397738497
6271868083
5868460283
162096587
4363055771
5261883859
5442513958
1236497673
5635589314
17626981519
232562501
1389436092
15200799050
13126019602
4730425963
8763641623
896386766
20122224029
6170180137
14018913666
10257693281
3018694749
2747558182
5771527650
14293095698
2374103272
20294083773
10841609482
5958694696
4567097538
499900384
21473330600
12194851721
21395132035
5172489633
486261238
4109759410
7784736520
7276432532
19815525708
14047768653
5693384561
16509286723
437464520
3155729603
7454530471
15260538020
678968260
17821805771
3470976153
16092288407
12760423317
9627035204
1770056807
3844934448
6043552934
13430603731
5446920867
2767845282
8483940143
8373625131
6975366823
12772298238
6638043665
3298600773
10198960167
1368574475
8221740169
12277935571
1299838459
5321686716
3032104728
7272686771
73883964
12022209282
1919509081
20796182923
30341055
19952211654
22964516544
9515123972
10855577291
19361839634
19586256162
12261992352
7192176941
6240565634
9427827445
7410688098
16078959157
5445587248
496783769
22591538699
2544202605
2803458260
13923268025
13061401883
10718239418
87747823
4937540095
2496281441
2558046136
6494111090
3681740415
10000115622
15350743273
12097794591
13869158756
8494626805
7005875599
11313693967
3185836875
4125149633
1047888337
6505379321
16191747484
1121819889
3781773986
6420720866
1893347136
7358942933
10148435889
4941518750
1420291654
5506236820
2985879355
14705451819
8838382104
13738424884
20489997866
1050727149
17023730087
15581364962
4734172216
1445331120
10240424240
12013936863
7333387529
7789596118
1999188771
8229367325
6660542365
14712778700
14107210668
6693142133
20357541307
8287368163
7714050264
7207421286
7934506341
19320788646
1403135336
8194672300
3760128490
2049617415
15157359294
435762313
11081384800
6645154250
22222544491
2385783961
12582093890
20522005163
14589877919
10140871754
1713782236
1854099674
9378145105
4900673262
9671123450
9022156514
3085279700
1074707714
19197270508
9647457542
17952367256
47644155
1030154870
2881015095
74623681
17502961649
9078376619
2923298329
2397263614
741858540
12792689765
1905804648
864247804
20306013792
667797874
16473733968
2883708457
2400038142
3212022609
10597325692
11467600743
836938554
20856748767
11156535095
19554178126
550351388
19351912525
2142112577
8914871783
3970239607
8332758550
6203957397
14580596999
6587759307
11643415428
13622633471
1122602710
6640542624
12650939077
3239147639
13774969684
5124103268
8110584177
6755425073
1545247036
1714285820
14504554560
3695776343
15728724203
2603167614
18243241812
4440230672
313903343
6492234850
4744251379
1923282819
7181368664
1616717485
8474259931
16406120026
10208008221
7836944070
34203912
12455466948
11269579933
13576677794
7571519560
22777746886
17670015799
15920019933
6897656058
6997929243
11289240436
11610773740
2563568533
11715770096
16136824852
5627714915
428166211
16138807595
19355681927
6768085917
8438692319
8766383286
13077919546
9079162040
11475046061
3910084303
4213098716
4483447640
5043663701
13523744769
15729080251
8100036549
17158058961
13383824753
6758242658
11628187572
2307584186
15780742281
14063828472
9892291384
480666007
10909702938
21563716659
16330419379
13055150497
557120578
10848095184
10411184782
8801279218
1221836352
8824402156
3382672578
6446694670
5403981888
6925485699
2001357779
67956815
245476711
1529765544
723057539
3205201590
13174382379
1174301189
7345760372
14647953339
1984384943
7118571793
5070778985
4502562790
12616405758
9537048312
3750473664
14646387212
31175009
1958410848
7821141205
5246662536
18609496910
4947587826
5979637004
2020711958
10279049031
9419256020
5848602836
10940124762
19629915112
6357779558
264964235
4226497934
6215777754
13290419247
2543348671
4550569722
11590063359
9749908376
6714233787
1831036954
2464857194
13739363583
11179617574
2956601843
7589889777
3232075963
452881132
14205185217
4441981539
5181542903
12127611043
24010819274
7693010108
16669563099
9749288089
464030495
20550197789
3582156124
2284255669
11549202214
4214471703
1365459049
7735857960
3514562358
2534124207
6635477764
9790925624
4346110117
3049425551
9015052778
7649738383
11224760396
9378520589
12460595260
5538850273
19646396678
5506939091
4135053386
18359909309
3660049248
6996568154
17034824500
11121962181
8545283001
9049951495
7974084111
8941632577
2797577347
24275247524
13086535256
196199785
10365008938
15844204073
19845208113
821688374
13759456450
6169762973
19665749721
2336362498
1416904575
7006415029
12131241977
5633316695
15084392150
11706348719
269842471
4574898274
7304073801
345020623
6190460596
14662374582
13989859739
7585259716
12104251377
12046781156
5994989344
4113366820
10344324502
4402253217
16569392704
12989572642
13046955345
109585925
10028985013
3789361826
8711732899
5644325395
16289487261
3787535100
20612342600
13565765054
13356816696
4272375744
17048601153
10346612342
5455797939
1863588742
12695712741
6261246846
7384640778
20156616963
14463833044
6512949821
5900456655
13326856739
2608258368
756383853
7997042737
7257222920
13023359151
5530737875
2010857826
19337084391
1666830770
23256491817
4959620206
20359011322
3302775807
18846268982
6122865179
6135084018
2830874364
7774385153
17658247874
21163796202
15952361651
14508860170
3735647791
9042020795
21557059605
14540713278
1983185583
17447069817
18329803594
2904355357
4613661457
7050659423
3018348775
10279153976
6307846456
7563420760
7968078604
129807902
1242146317
2794455622
20869932786
7686053495
4851805960
8247964569
15087103426
10915996906
6725498189
4212071728
1559219002
5461263044
10650721677
20488342004
18989656740
1583134203
20755406640
488690326
4460767749
9528998676
20426330
7108101617
1639800776
12175717278
14776420689
1802140225
15159009353
1882772677
7634031697
12453769576
3597602262
584184354
7657622651
16780341847
470797902
2221511216
7017659621
13699728335
5160044547
2794088373
17165407084
1460918716
16061971003
5416900633
14269916540
9637930343
922887773
739972590
6558846286
5482259169
11235301953
9290029707
4125270590
18118054557
11988576079
3680765354
3282530578
16397450632
6600869087
3594204756
17547348472
4909739786
7437752051
11800582813
2443531964
9862110908
15847618904
2748206753
554071832
8664579319
10684373680
19840312092
2923162521
7741208734
3377924044
919722064
16862335080
14927916736
22103826598
7470150927
13222076830
12058261971
14461636491
1779866290
5822023154
20766912390
7750226916
3502254906
123934520
2937680188
9509807135
22934623391
13191180040
5190787243
14505364429
13608166281
8017925142
1050244817
18752194104
10078019134
6709084709
4908752325
19873273856
17410909933
8811711418
4466457448
1536791376
18259940694
3842011455
2860202716
14063238253
2860722143
7037919214
11276390187
12014544125
1598234432
7705366468
14178625315
5476551005
18238665672
1571174352
6369600747
4753378356
5436713502
5143977756
5108717313
5078931659
5205039035
3386901189
13876178090
19341199905
1846273268
13278905860
9114283318
14521180851
10670531571
1121967369
88417181
8596481341
2474012505
2555686526
3867842722
11330762665
8474276028
2559103886
9462909314
13687857278
9967732463
6749627969
4028188688
9867400889
162344213
2759893359
19390838465
8590632048
11113881482
640924778
4347839719
14442786760
129000608
6754150888
5578786967
843596710
15923721167
15733146179
6287541689
11556201547
21985545516
939835554
8731091500
2474755559
365608069
14651767426
11120393775
7626004779
13229635498
19339803357
509540541
3933136034
14200318821
8925011956
4209949025
1222329538
11662615311
7575665988
13899931768
3203001237
19680101174
714986637
9768636435
4137233746
4359758142
6163835439
1778343893
4558026967
9848391490
3439687446
8090442661
2070990055
7811894744
4831766639
5176822689
11761308885
7908012985
11323130820
7234384992
9793310220
8248469596
5326582450
8306737955
6886793448
1396805216
15811297435
21675286763
7544778938
2286380926
12143997992
4650352705
9021782430
11208436024
5077738423
9512067981
3789289619
2205943604
14193659295
9278548600
2601985719
19878319075
22426869449
12787444391
591595069
4514402102
8439366779
11746337896
8084155227
7249318193
7093881887
12994209129
14768000267
5102873018
8050494443
5884121347
1050300797
7035613028
18058673458
13276831363
2118386593
2388899862
1344800501
10737083520
12651407955
2608667977
8259365053
4481218145
288814860
806197964
1976009221
2713470049
14105169734
5734278653
6292356548
20790786403
12222424102
9300479367
13158207454
12905685849
13597995069
7787247305
9660101313
4156173574
2276068596
6913868842
2755738206
13170161019
7430476528
3990493671
21557607269
2525145662
16381032704
16049203465
11485620128
5281907036
4430449267
7634899209
12198262602
7872165044
22121828930
17659319311
15035271027
18057613466
12993854737
2534681567
4098319105
23397127484
11415898169
10520187440
2231089086
13025329030
11977355504
10751346452
85389593
5534116800
8992283263
7159329337
7243295301
5109391990
3418774882
17953603252
19313973223
13186751290
16496485148
3471875093
13327600725
1593128360
20784726788
16892785917
14532285918
15015234339
357656615
8268234864
2358263136
820302712
4251144853
4888191902
6942657098
3821661777
4963625104
1789875141
2179868695
21404044432
11500027679
15593718811
1074748521
10430569908
5179116426
12058403071
4189773160
14634543720
3028960832
8298846284
5711240510
2722651830
401397104
8241907532
4418895428
7434902438
13052117937
10627874728
12336065065
5756857045
638993534
9880224820
4539069979
4770635284
11188415236
7253332900
11179546006
3079256205
6818999429
418720846
4194655660
8377380308
9361709226
8452763994
18243235715
152451207
9308005916
7583925193
967757996
13187069221
9214942832
8878109863
17110560522
6063074244
11312614303
1418229428
20036189776
22162990676
13930931578
10868077790
18228663806
4949071047
12746215015
13091454953
9194152604
9535121895
9137295735
11859485321
1394563782
1031761661
2234565667
12719566955
8288198476
20798694085
6060116123
13237066046
20545594294
15024668232
7549059014
19334685638
22694107695
2613643772
11863086956
128590256
1183245527
10258275387
7121792696
4360987640
6437309824
5238922985
13667873109
16586292251
10229734797
10058312006
3795893768
11518319543
15725173095
2809701091
10186322393
5379183731
983904104
9688995161
8679344683
439997510
10267498988
2695271765
10664549327
3481710613
10550948100
22177484932
1081982916
10887852670
14531658505
1219015083
11472385553
2254293136
5875648387
10564342470
20589764342
991071360
6710354185
18460688669
12990245282
14944449860
2275274230
2322266993
10789798943
14961611346
14762173667
5714613940
2736919555
11334474429
22503992130
18344308339
11200476566
5525895495
19073179364
12972002770
586564723
8935509864
244747055
4913320909
13511064652
4910889421
2407468098
15786009008
982535406
13925127849
4340573872
20636650924
4471153906
266844118
4375183449
8958167915
1697578702
1479847869
4603335611
500502377
992174
9326900787
12046189567
1881194568
19021463646
9291663581
23203307033
5800690991
12468091144
10767815329
2310197177
4866927174
15960885389
8460311134
14571733703
53173464
7488846539
10769024317
20553786597
8544729579
14248835390
16242130655
6040226134
965150091
183816145
13361789683
4062973425
6264629973
1352653872
2292792641
10045444360
6111493976
12027341648
12558001380
5857691718
6775599555
3058250488
3839003482
12513785223
17259244942
7441992549
1345144090
9344747742
17470825318
11593521299
4668508168
6743299544
5929958620
683287074
11462067760
7792655382
18595853222
15067335642
8408759063
15515937789
14983117410
10615987594
453760903
9585038628
889725781
3575708591
18939499004
2194816885
6242839926
11481669782
950419019
11304461505
2256103834
12492490613
12880342035
14743151592
10112949022
8565943813
8922546743
10965286273
10444126178
2201801084
982028882
3637131656
17690261897
11007440165
6946592770
4915965651
938822245
6101611386
2668290026
12828211912
74939707
4808457429
1189917678
15826908020
5904402877
18870303447
14633757388
7146322641
2490530226
2458026473
45490813
11678150402
6332176985
23019423368
22204181738
3498012307
11833561461
9006479178
4351150707
3650301831
2559373722
12332602909
4794862370
13718232441
9963098359
14386222540
6295102906
3518000373
18891372230
17536241890
13167278527
6274160223
12234965722
8538306995
2799720359
852864662
13161815322
1510664660
11205539866
15370743999
1365007743
3916078853
8556399738
687572728
5606611627
841218338
20831201103
17762864583
10024830604
15175584127
3333015558
12933577493
10639755404
13986175648
225381255
5035417705
4719109955
1110723807
19089997835
10957421603
6461060529
195350413
14651139853
20576631582
6796799022
6432105804
2268184590
5851191205
6272742042
9149781508
7250287462
7697979654
21178321116
14712371857
14760663559
5988800884
1727717226
1197557419
14829743261
5002502937
21269641870
4465872317
4225448041
3721159850
13331909895
6011862990
9573519484
3823208924
16226594238
8642835283
8092478733
14107978570
641186971
23804389361
12928775585
6699323030
4733762669
1147628773
5318552044
16032475683
10559662745
2520954834
6120507702
6857689276
2424687887
1957208143
10506233514
4358561558
1704506120
5086624410
8858876233
15424188507
11322206743
2655568219
7766427446
10744141135
5424682054
4981019023
16280747134
7478224900
12852011431
5999664685
2261820504
15317602405
7030073580
5446332746
476747014
3037528143
1028639842
10745273808
11016488133
3715524991
19259436819
9385341516
2428126981
9753175896
6222626206
6934032187
892322075
13007058077
13307209353
1156927299
10623284560
4008822403
9403751187
891811811
3351738846
1821593206
7571840910
3655998074
5420599182
966761490
20698578416
22179219404
1493394822
11423601989
17609982068
1881420313
5495915370
4156216649
5882254689
2476233195
6566755312
5994753255
14919869993
4866804871
11393913886
6123087905
1516922226
1053602495
220734442
3944751850
2289609464
12489762909
15245244685
22921039461
13253896667
19855891917
21008558491
15515506918
219200797
15639821938
3595446350
6043242637
4011626973
5340992048
13270495527
16374150991
19968457277
9558138997
6652094537
11933854491
13080087788
5784493065
13062794289
21387443355
5515440174
3975457889
11115010990
23674333513
1658322139
892854075
21628810534
11116841246
16294708607
5543751253
4210401315
11892041767
11575194556
4436433772
7420944646
778348105
520452052
10285303231
9256593958
11565080585
2169331766
5332497225
2609027857
7705647283
12617920332
15816276165
5953502235
453250391
2133072090
9722777454
4882600228
9104865665
7429412364
4484756129
3245730146
1735530042
15584684483
4608278882
249725614
4692848336
20728783951
2328309951
10545876788
13889340144
2044682052
8973741944
4244711340
9685234222
5188489767
78682821
1646557125
2336975129
10767883659
374383654
16144732886
2851238755
8120403626
14725438399
1930622413
10702581894
4799129893
996112747
10347389888
17317499399
7020054758
16034010971
10347663210
15397606004
510239134
5101745580
2764753930
358144921
1056993413
7240618113
16585099271
23167026200
7299845261
1706185748
9961532569
4109731514
11104217884
11666663144
9532076076
5413464330
14343059958
16345004681
5936169170
7315624884
9378910496
3760565611
7035039723
2200188133
12390549411
13114068482
14104451757
5320299009
3125164996
6079599860
14025068695
15374478437
222408464
19327752389
3675701854
13184151211
3548000242
16056334376
2146521518
6237776644
18258933565
10991700492
1570797212
13617591573
4633747068
9121768572
11444804177
7105665590
20738778406
1843728033
2161147260
16622584331
11299189407
7480995854
3451637135
1009715774
12738785047
6943632114
7267484040
4805756313
4939095072
14354013976
1607986531
3473645409
4081428590
6541312905
4495772273
6868382864
5151723863
23610847398
7659732427
7758797408
2224929864
3556895690
9630047913
1387841766
11322068606
15828500283
21746381688
24173899776
13945469570
7698839905
16190641131
4070172362
12447555238
11196721005
5880562036
19297960353
20835664387
6342054280
14509946190
676449472
16335861725
10137272554
12224350516
10383594261
20825721526
6438413958
8102334291
4760789893
2276927893
2345451349
5720038132
15667170716
6762931774
2112703610
10900813995
286166595
13000874935
7008984822
10878311563
2765457846
9325789590
14499020747
5463230787
6314309182
12636326271
2982647912
1497174993
5270419556
7079592299
3757179716
4250065570
4079247807
5959875121
21095688407
19180293716
15228364470
7156277288
17976757353
10606455636
11528445793
16405709186
4663004787
17247294409
23420387627
690431104
17584171551
8109303218
1741054944
2051174468
2196697867
16823050739
4641748067
6798337842
9966112645
6544669717
3670979676
9260402196
2685112256
8599533612
464745007
23832709181
1475578643
6149289904
14993493645
11688642888
1109664737
9426403576
10289324932
14963505959
4458756732
13872031160
15229756818
8143930793
2492277364
20490015180
8950654780
11822001263
6899857578
17881824569
2308118781
7851828400
4583059797
7239623855
604138943
9015415372
18144334510
10329557447
21645401318
3107865527
11820045751
1327361466
6002750342
672296591
24256301727
4681964180
6551870883
5845095222
69736425
143377303
9383892719
766167805
11526177538
8000381848
243709887
2663074821
9937000431
928169058
4195646061
16711725815
23211121382
13297636472
11070114370
1160022139
6677344044
7881568132
4180453529
12440578280
9254150695
12900060185
3366441729
2588364030
15798776850
3020262342
5194615953
2132745214
10759247375
4975853700
11455405169
1001706589
21897628727
1290100011
14548591113
6086311647
16738642592
5119026621
8757473311
14864363840
3659260942
5417431624
24471977414
10867950238
3636122471
2260916684
4828417338
8628359695
1558748290
11625413489
4101581017
16179268105
3862003552
12105829016
3890430313
6586676956
15448893767
6417630940
2586801631
4810342636
11950042438
2509589405
7711548431
5383645875
12681884552
3135398959
9845038925
14256816566
1117146258
14245796104
12931114635
4611465540
4374624278
2074334601
2539813505
7905481290
22236801919
3802267000
1983532072
662391352
12326015864
12729491427
9679894822
5768485629
805028966
8982803878
11036184582
7848061415
18724123726
17680596526
3843656623
13333336628
14634037910
7209762731
7790033134
21002522209
6923982092
16061243693
2928204582
1934586961
6212206121
15537549416
9489673215
7343927515
11600587157
3068630767
19554778841
2538828347
4424875905
8111235529
4021211372
4845838287
8899959317
4227515822
6452638536
458459185
11131843251
15685519708
9913380562
1052295278
3180806292
1707884856
9455863979
7311964125
17037798600
5361246387
7785568269
13844340066
10955293891
8647462770
8013295264
5588934598
14934905506
2023347085
3739102457
6819766912
8450317990
1001807626
13520994911
16042945892
9708447325
2550795991
600260553
16510355355
16562126631
14089210643
14526933127
5838189058
7977220289
12030376207
8772772788
10320608087
7358852988
7491430653
730538712
13608768026
11190614505
18917898897
13739028002
7056717525
18033394994
9200565453
2205050995
14223780665
6719459870
3933750441
15088331143
5932721958
12471532292
2812885864
8376255111
7979522439
6188592403
6613539653
15698988249
2973040419
2466283845
6289957680
5972901048
442929784
17022707290
412510029
4064273246
13836029417
10143923419
12461456826
726530521
14760062364
5992975664
4255256787
14314299851
8428906292
16652515010
6982368580
12153371050
564200021
2440680926
6524474198
8878698638
16329570423
8109543662
3047436565
3091877437
2373257550
1398703440
735373083
4753128798
6142788539
12792987702
2144207214
13276568271
5217653306
2742461581
8719525868
8076222082
8671780155
9564915151
399771420
323769632
21889331567
3474519873
11324069155
17255314288
15460959831
16369186600
17595157798
9780193827
10644156850
16583148633
7527606181
1213174316
5995580480
3386614603
5894809283
21773124753
5121019664
4233446057
6789514588
8686081277
6412284492
14234341814
1784302408
11748226151
14962873941
6498824026
8542281358
1224667662
8975711853
12103680320
10534286817
9758569985
3186173660
3791839671
11761197264
5197060876
6950419479
4444227532
2206368515
8512864511
1445397933
14631693631
22301440931
4593262006
2199708484
8569921952
12623313277
9000993590
11905276362
2885389767
5641078265
7875341295
4355290245
1967892190
9982938114
1814085372
8963077627
5837731560
8526459673
12185822218
13919998601
23254877186
2967960475
2116276460
6308059511
1235602273
6788114330
4949225248
2454341593
3569985928
1165280165
1142239245
15620403967
2536986601
17020875820
7338384029
838101215
13212639306
5328918575
9500082178
565828956
10534979778
3269700935
14012722154
938572910
13359006880
12821754571
13693539194
696654783
1630326696
10044393382
22908106449
1793015840
13548240838
13416769634
2867974587
5717355435
6476422855
568472524
20309990861
2053153097
2315584186
5527205565
11348571065
4493991444
1598292939
22786697364
1250542070
1904745533
395998610
7845199122
11417419864
3553164160
8402540056
77252210
5148591058
6936858677
11596086680
11823470012
4941020771
3825961706
8171120722
255865816
4138665449
20864495075
4857255083
4532185661
3021157880
8537411377
11642909178
499953034
5582967125
4835963470
3760304405
4730081149
4849287236
15773474265
13580590667
4534387603
13008948762
14400121511
13665513049
1874423156
7386719585
1155802314
16965480850
779428180
10009731906
4226851208
12173768274
6351490666
3390474567
5839739028
14808416614
1171644475
11950990957
8442608395
5006311421
518308743
5416551384
11505593853
21995102238
16565129003
2150853931
2330983656
16834626339
1378091627
10965716662
2439810912
2024076267
11175271081
14898752794
10728426170
15054288655
2915304688
10067362756
3501721202
13207201425
13241201941
3570956536
1634965857
6935208325
10338228790
11797163529
17728060375
10230384456
8524834511
7920016584
8302227757
4669273178
4194167855
17280830431
9676272725
16525129146
18377095132
13602871487
17828406584
9682279297
490112806
11188934393
22953657994
9379825073
2885052672
8202195517
21065155095
5731790458
21541731949
22635943000
12219310015
458441483
12127047926
10013246836
2342181458
7215780523
8065942829
16292985541
4871655985
6870390062
1210850601
6320603319
1877883249
10475647954
3589089867
10426890676
18916775912
12934557818
20892871943
19815828560
7023659706
11535001961
7128759791
1357365810
16724387732
5759896850
2277200052
1392006496
603364622
16264100319
18173229890
1503825765
1823209297
1704165979
17532010359
5367652828
16760337401
6460829208
2687235351
19659511741
9325296828
22667598230
11196863003
8467219312
10377327774
386801312
9531621436
3715918641
5061641508
8092539272
6156295413
1947596695
1740471082
2224918897
15155262235
6244546540
15601286038
730770820
6839040711
8395258050
6089931632
1741552569
2559974437
11037573565
20370968579
7706125880
12192104725
8564992327
365373019
1156870331
14974447512
12213738982
14936828224
1042517984
9730790762
305146665
8660619200
15899890125
3902220646
13373461086
11712943330
903426925
9508186921
14537480293
18088919311
15483196644
14716917627
8055657990
10085816860
97667742
225650959
4755280731
6927204561
8301905566
23311839609
8303483634
5114868103
3859246716
21164398077
9496844285
18357146241
12211729028
2124878987
18567977507
545101097
5370023001
7540606589
824462362
13821958997
9594025305
3322517351
12618381638
4905200769
8167471819
892913916
11040444720
9838472780
7183170407
7331765729
13195362683
2562510525
6332961205
2334832230
7903865726
23513239860
6079803809
7682320246
682253009
14612966817
4990353863
1208351609
10582542
3350670415
8599767607
3074456081
21574270173
14638734870
6578861907
7621444309
762957125
5517497218
5145703144
7020036937
5622840425
2459433572
11384379830
10031910089
5175035105
17757363151
14163073292
23215466669
1909927567
6064644268
6142512732
16286629223
6209901574
3557889933
9379663880
5557366158
5260514369
607395915
15223949703
2539936223
426277838
7759878122
1644136857
22501244767
17784845925
1087884923
10276887646
6755166893
4003991626
18024563310
5144720219
13035643774
6416519899
18472891837
374555634
17659116456
4917474469
1446157054
8657767792
7790398427
11264477812
16273451923
16414098447
10725092875
14595359581
8699920136
1360780258
17698012944
9917410354
14882787284
20413892304
15852702959
10144262029
4332350814
17117887708
17766846806
8874614089
20771806619
18427887207
3394254677
3159747657
3295232427
23510591283
15668552587
23038488849
2545703791
4965006708
1950514490
13064914273
6574884810
4792683940
14832876364
117645279
4493492160
13191566567
463975584
11773008185
9656538864
16989380816
411640475
15411542717
6845256654
11097864901
10351847646
6439906593
6062409087
4918882167
722498071
1534081402
18778546802
6470000825
6220131211
4562953500
908676194
4645250612
527440847
8673758659
2528471025
6957733717
4184963911
2173078306
2816212398
6072248650
1381355563
21528563250
9544411016
13585340052
9114275571
8765959039
937650114
2462367955
10620592227
17249784368
2923705806
1385693816
3348885984
1939180722
5815232100
4151518616
16635588479
289378190
11719475967
4865959824
4083619612
11375156860
2529258730
11342772422
7014287106
11400573480
10171378978
214152106
21094523341
1355621425
6589274429
18054419519
1452556993
10238827716
4879529840
15265679749
6409883570
7172205637
19663363867
4692168666
8708503067
15842697468
18790952047
9817390681
13457004683
12850737343
8659755093
8530193110
11215271413
499775336
15387218172
11026319102
19844160852
2664755367
968492361
643709457
8685601183
492095285
1242199415
2835967600
19647415679
5173028237
844166630
4282917238
736641700
260231815
14400693268
1956567698
15206559787
1998596900
16846326399
11610995735
7113810335
2529449147
11187496780
3336646125
5126475099
16090301871
17352603744
12829793835
9409522145
3148799457
22280339192
363260339
13159386558
2383171882
4110362719
6008933099
2387215925
312735707
10340029667
21458544842
7978656471
912506470
11152502484
16959118955
1096940899
1455846328
10502045357
527574434
3732827717
928015915
6320669875
15953266597
5625613674
3618581818
918176748
7874449657
3902855100
15751071073
23170880574
7920934791
15339424907
4835202748
6774947769
6284685081
9138868615
6616104217
1996710958
9990071708
2608024819
172067637
2442970668
6278565683
17308887826
24836899600
8624813448
1284144441
2091709696
6087873999
5727110666
10295453309
5784874512
4452590671
19756948549
4199169807
6502932301
2336316904
4341568778
19639337318
11227223027
17484965671
5065284409
11458705091
8866731934
11409038974
9050281694
17591719057
5216999417
343569372
6226969558
1609171295
13228360947
1333924598
16432613379
7377818448
6414099513
4456196709
15872578920
16120150654
5216721899
6635902696
8895166827
424458734
5249105219
7903490463
6077579437
5708124007
9936626136
19444764635
9283151591
3489890418
8248972744
14529805151
2475713103
6386172456
18143543786
309452586
725411270
9295819932
108699276
12592660952
2517336533
760697519
6960739947
4862532515
7082373941
10690202089
1900272458
13446254342
12794648569
7945265387
4360239371
1827552983
18371759256
373505752
6465615857
713980898
5977692082
14246210534
5212801831
430918073
9756756618
14134121782
11234102748
17717422914
3962466755
16410158045
9446082780
10837437244
19507907471
6121073222
17744074312
19080216076
22393600370
6663123005
2814196283
1237831966
2771882171
8883984548
10689573710
10555204183
3849474228
17289707166
10855202718
5832666535
13620060533
6379264697
18340365406
15214432580
13960269013
3386753745
8230941190
4616751810
13365868999
1832196250
6432821654
18301337951
1370398421
1496280265
5111344807
3693946417
4600774579
10488029700
4752809851
3366868255
8880177489
1273301122
6192885941
20141119394
9894015329
14914698639
3617235395
13957184185
7252675743
14989093204
1534348693
21420551649
22665763132
1267933143
1470626260
4950803989
9662947728
7014608840
1442383936
2147269958
17926872061
1477025424
2356788645
17811413311
4533851002
12031540861
4672182981
17178360807
5701912182
16220322530
16339716869
2480912720
723595371
1848167303
2968813177
652343729
12836506361
8722434372
11096240109
3934013286
15110660316
2566998444
9979129594
3268395370
2040583257
16040012034
6149899320
7993441446
12960158040
7819974764
18428110160
10198241703
7617416991
4887830759
9588553442
10528975743
13420428962
3493653349
686355308
4416365986
3712837284
17147730414
10687205051
1802125319
1455657136
12678199793
17377489632
8856226856
9574299156
2536038995
9496084106
711434608
5611930637
21137376303
7990807648
3105577726
8575387996
17215217166
2570408602
9521560353
1929466905
2871746909
17308770807
18045071201
16253513456
14696671860
13120441301
11759117863
6806014778
2683005420
3613863012
15075124059
474446130
20347633607
19304779923
5168611641
4458168456
9850864583
3518760542
11454403576
13878091294
2410275499
10850171692
12115550125
11067802495
18379946655
18792733588
4378857891
9749740795
23372818789
7305316403
13296680534
17559145265
24307985654
1885987565
13108699364
3719700604
11467876759
19012322973
2866175415
1355574963
5984505356
3984922925
4666958266
19557511027
12512061672
20422432542
11452189058
12777288081
20118869181
2155379435
5748092096
3816030891
540162540
9952497691
7255421971
19205875264
8894344675
21248943504
11811163259
14863760921
3316419491
4444105323
627174441
12676113310
5762265734
276881015
14365874954
10160020657
7515865348
18805065538
13650911965
15327179845
17862012104
18004072720
633181487
5933809272
1543647328
4482087554
10797074615
8936835630
10137565986
2453112498
2185228520
20549391497
22451887683
14140140931
2264510891
12501231208
10585405414
14807558309
11096620369
16858712933
24131108709
16243153001
158196166
1991788628
9374868307
8014854945
5800345427
19086734195
8192920472
9902120050
17660148412
12285381570
4447621955
5584092448
5529858903
7396215007
1853038764
217927513
10340322736
12392449180
10594459263
11346551190
1505789283
18583656525
1662082815
14231329516
3887483286
4870233691
1778579347
4525335257
5979452418
3111451877
7624983740
4218576917
17972688057
7205369350
5769490691
14793831923
11881846854
10435358504
4851134493
10978034667
10757478969
768451867
7225555841
11356212305
4816705325
1345886508
23742158225
12610466033
13982702004
2509958605
7389171629
4871469818
13861465186
8793806035
12850190714
10592660168
3064658505
4456989202
6155966443
1159517357
22979360875
21931432335
12003525355
15977948006
7450578389
3232064655
14923711763
17191659459
15469886192
1534842608
1486113419
10041006320
7006730823
4808933507
4078779922
4350597264
2323003310
6416201085
10648019248
3116643821
6398073874
6347735297
19640985514
6023034108
6649768791
7227373396
19175354465
5214021661
1732122943
3855514926
21127421237
13115277732
19181932860
5125685039
18841972829
3268222783
4651651510
12934223949
2229556145
4038922717
7839115148
4737830146
11450004808
20832286837
9113703106
861597687
15414763962
1850462928
16676340809
22472252141
10307232675
11670917300
9453022479
575929574
14041696728
13061110153
16100422617
1447004978
6625553285
13220804388
5072903600
827126564
892973766
3090434010
4491949646
4447016061
12148332629
6508140858
8880220550
4490101056
8453180800
11133836696
8899438216
14185565417
19588504473
1192796431
1232931349
12926213950
4529307716
1347521147
20371148703
6686279733
13111989140
459587538
15260492634
15495623414
11503744709
10937210760
9069665687
798750700
103522089
18749040309
7243697521
9869873736
10616031683
18020598880
22761035723
177913652
6696954290
16712918819
11487743325
7651597863
756234678
3154043919
4034471023
5265395074
7950526405
215303293
9425117500
5868290625
7556523083
7170726092
3453473446
8232544601
1434743992
5776960817
4179230607
3813525417
2575637945
8189119477
8451942149
16116867174
4574481955
4739156431
14910340337
13723133210
16984406941
10129057505
5643133966
11150380426
10778322224
988251653
20641389691
10750315339
1246284298
4196780520
5494329055
12325853849
2895387003
1554615484
7157085898
8279839012
9375391455
10501595364
8501973378
6216759139
10732676238
14849801303
2059636883
20824186191
842548427
1932074726
294507212
3193471391
21375052475
12763540356
6228526985
6726202651
11947485730
697057944
18301115874
20122628696
13020967728
5939599270
7887386235
4455865978
5564468958
18265079250
5195483176
13206562968
2351464024
8858837516
10336040972
5349451410
14858294763
13209640826
6081717016
14756989857
2292634287
11254388461
9097547922
9701923195
11540917531
23556615196
5919482158
10953492749
11184090272
5894022201
2341744031
9479796647
6091325935
10363485298
5825164784
4180795561
1829082012
18316006854
7213232997
2652330258
6616585027
2111104425
15331675269
7326534505
22362366107
4428093840
16956520184
8261149283
19345052301
2594532703
3231660903
21381882931
1880466282
10464417840
16451107223
13646478079
16109288383
5984115956
23439132756
7697482816
17340421983
3657347609
4009730616
13100410523
7786907133
16596331404
2018664668
2518637284
1495611633
4390787071
7997513713
1451114096
11608805891
4068745700
17505464247
3135417733
16430389997
6459378423
4434533091
14542657635
12935720755
22175574190
992063649
13157237438
23035958106
7454767900
4284772832
11303165162
6487802818
817326215
14301568088
3928522193
14019345945
9297135919
15231184729
3699003987
7508922084
145577891
2968029164
2933032109
4107169851
2902621974
3359104109
4220735802
472560190
7311700331
2415380177
14951190357
3603288949
14494467354
1467039213
7033369765
16181767300
11758273897
10107291811
4671443892
13215713000
869755120
17923858374
5982695057
903323297
6069613495
874387762
565189227
8394420167
11982563818
3997413206
4331785360
7765226196
2659705589
1708492929
17399479707
7455879979
9754277798
8463474427
4605848004
12850367935
20864607894
3458692664
16055086720
7701317838
4874773802
9287697311
19211261119
4167089434
2913312334
15309934852
4123362936
8693577629
9597305640
15348148978
12416420661
14229355041
7238602810
11958650010
337037016
16942823739
5281172539
833434254
331824411
5230236864
4229914400
729446093
387603645
4300224763
13593473686
11668986601
3571700259
4045908593
1876762538
3116873182
15035302878
1409695662
11223172417
659919088
5532803594
16739342765
6927763528
1804579253
22270297950
11197749314
6355587085
11290746134
295314507
6921480698
9573762800
109108783
13710099395
11692920296
8160859746
4191000132
4924740994
3719551472
14637564856
4244525423
10384742477
17700887131
13609996171
699990244
2263874662
7511000466
15695073347
16289629752
3386023088
5211779200
13187022343
902079951
3829765339
3917812154
11978534656
18129896745
6880537271
19701775127
9275129514
8687304982
7216652900
13685510872
6289399237
23348820945
11759195737
23930863438
4977616792
310353042
4589324114
2924653338
9347069473
12868756369
10745126768
3453643575
20395797858
7028007930
3204504798
21593493750
365417924
17133491499
6601809629
18169017780
4399456822
16534771823
4192419065
13772322500
2452661863
5143290799
10276236087
18881208201
14984967344
13545780215
14995030179
17031702781
22562519677
617102746
3454523161
9941744009
5235366962
1263541636
19930017914
17607349641
1503477116
5810001644
4262864189
15757963536
11411947045
22834526615
454757389
3245782470
4671533611
2158657091
7049739948
2541083378
16369447107
12347013715
19725264887
3363984753
3510167380
3611843255
19852422420
5880493896
8077528644
4449705524
22131455282
12366423996
7999799437
10552949264
7069154331
7133880307
898875499
2015251709
5551175288
870591241
7604372253
836625054
2215991213
5108715858
9219656290
13504893355
1986470949
18688476722
3174826460
1845392812
10329831232
675796632
3973645467
5908884013
8477233650
13097529027
9642763764
4446597442
4024878167
10883683564
3272887169
6497643387
7200024949
2547510739
13412560555
14211063440
11327348270
8844652927
2801682896
5798907360
11887810745
1048367963
157751557
17093995202
4392700318
4710195678
1244275881
9944367815
10406278749
10433415821
18751157132
4883987449
1881456184
8943475042
17193811803
7809655868
8429302068
6844418237
4226754126
6059087587
9669120954
705940970
10918799940
11440499655
10433781879
47018797
1081070374
1896684146
11257675896
6934516501
6937045122
5583273134
11904815694
13271861728
10113466549
750211460
43999677
18885088219
13258597661
8456060985
9916671974
4872705051
340526058
7786674959
525530542
22008907668
4584130317
18566755094
2195891510
15618376917
1013531981
15021285388
7802869792
15308314947
8467828055
11389109361
1623908234
1226030641
1096809525
739840951
14690424047
8529759897
1327906750
12545374206
3384566344
11347304147
1436638644
6268774112
4698141823
1274405486
4056317119
841567130
4238992388
2431174929
4552288686
9413535062
2540558959
4714666353
7828330616
167823075
10536822669
5659215300
7517821168
1397325114
1879384359
4149537672
6667179683
16487457717
2352961138
14873994169
16228435430
1608175859
16830308825
771960648
98997354
6179180025
2535217093
3393718211
11199614181
1800882359
2754087021
2370711555
19236973473
5426151479
2729149042
13227319594
4780110947
7144149610
2583377215
8130567172
471792685
8066839479
3671884051
6450706466
15475292326
3715196122
11216860036
9248549693
2250615476
1780085045
1886003385
1563790170
1864891572
761150428
12916351676
3589975935
5297402099
3405792590
15740696557
14230854668
2601454236
19584151896
19782615673
14296436602
3673036419
4024547613
8763364905
8790637336
1457815073
5456289342
17608458969
8993949339
9824549760
11520702390
6459438362
1893810236
3122878361
5020895877
8367213759
10373927836
6284197538
14862641548
12222156612
18410285520
14508380423
10947804875
1516544914
7259763662
3004832729
1783034424
1559111849
8633224061
10900980863
22167445606
225243685
18195139113
2852760669
14553502875
12716045017
22459619599
10150208869
2174793150
10550865655
6676906008
12315310029
21208167662
1514443965
3237328554
1279753030
17326980044
8508716352
16876160853
2613175163
15586625388
11963575892
1812242272
16858978143
8059484657
13565645793
8111855451
2859092863
821944994
5557121964
7961893771
17978247498
12349721328
2001761442
16205868948
13237945293
8121952406
1229479651
10537348466
1019792659
18284557278
21328892092
14547403362
13057615388
9148706019
2534553541
5353927388
5275368410
11729384295
14481971542
4985158364
10581661299
16905421378
15477842318
443739923
4066664481
74250789
11579615151
3201852277
2000884449
4651435148
1673133716
18338432154
16602872476
7497154253
243940056
1678942711
20957681001
5494057035
4863628148
2178629923
7469625600
18071347880
3444518575
701744171
2967001093
17625858550
1898581400
1919952978
6212874120
971117305
10132926976
10315042539
1117880749
2069288683
2609708440
12959780177
6349409065
1424403773
1821470467
16274244270
165347656
3613971173
9026870884
18984991429
3184811069
10692435542
12215847414
12077531662
23064915392
10047377877
969203845
2497518947
7040832849
9318051676
1070064895
4024563717
14123122871
339690252
11518985434
18941757268
12175159527
17537037618
1232709348
4256240923
1417329433
3193630330
4279387329
1132896132
5895632642
12371358891
9519743694
915298703
15362873761
2701410402
9220677445
2478193170
6073391444
5074966302
1156761576
4557405152
456556664
10254846043
7591550686
9893673513
13657466398
4518528578
11904064966
15796417484
19490413181
16772485285
18485175535
4354531326
10138749044
23194540775
4888682275
11236851358
6446258370
4258730799
9498751026
5544032228
14408858281
334597872
13036497730
6634897642
4201937963
11163074637
8800736194
12836605599
18589384362
1474557453
16285985586
908948695
510451535
17244264208
2145249469
20137361484
5505755008
15857267931
64270443
3421813178
2524144909
11322585781
155407102
664537394
20901622372
3539251466
138836293
10688736425
18431636700
17069561915
9828485735
15078069971
11756606960
12281581174
5995669562
12712110835
4673368529
11247946874
1581142361
16817593475
12846137938
424285687
11079767285
13105029654
2857894314
8592274764
18678023604
8977731973
16784231768
13648409427
13811871377
3677394505
6820750828
9435429917
9624133618
6544517496
5204739504
1419232302
10970664889
12428418777
13105711210
12123055130
1060060860
743389679
7945869546
18517282605
18109146738
6634819832
7130352567
12987493110
5733857534
406772793
11693145489
15500680634
8739358420
15784243538
4623583869
3732919300
9475231750
5789354293
225963157
14669215994
21461765468
2564550471
1847367419
10292417663
5692881860
15138190917
10089910322
180210206
13866303512
9831581397
6963531591
6584278400
2888573756
12991817319
6990107325
5027771639
9329592596
7145553095
16283043354
4731961253
3896224415
148226644
9039813993
2205457643
133089407
11718060206
16263553086
5603652639
11042643384
122114936
3493657838
672076202
1996610463
1389096516
8038631835
1728474577
18471875850
1966697554
11012351842
15510848406
315683191
14895408181
6868399272
2678480076
2119299553
4841313959
10887532484
2434109121
5743918493
10717913958
9693185122
11934837630
17425562253
3663864787
15157180889
5358897716
3263582874
1736771184
8174455954
9161236854
19494130517
689860258
18365569206
6986836442
7094509503
6558375001
3534307982
2625163100
1343965294
8036781250
4369809443
6126306455
4716693226
5450113340
3337632020
10686927325
22060046776
12934910211
4226876611
7229159118
21813420107
5526774100
13755895877
6223989701
11297844198
388794623
429038789
5210908240
9429048161
1258312370
6352978589
12991509962
8350628354
11026077855
1842901288
12100832546
19600203229
3195976816
14710323312
1380870
2053091966
9167538343
7851565689
7602684636
296356007
11495648790
7185758813
4647930577
1342922042
957620469
14759676386
10479387918
11097061589
15490425994
3194550319
10532523606
10977388503
5244381916
16945745237
18160757469
15149662678
1315324213
3751177804
8372681031
16167378479
1407392312
3171075766
15526302073
11627267998
10336128191
14781575785
7566053261
976921372
4239418478
14158412150
3879886348
7553239223
5357159576
5458728420
12336319766
6014759572
17272276409
3790225016
16963766504
992959351
13647202455
13945857496
6274813812
10745966308
20163388966
373272623
11668781965
2484531557
2593001211
598964606
16864373824
19465492405
1423827898
14435867198
640613071
8151871717
14729460993
5800418624
2818668239
17008371829
7287727274
67123581
16497793547
11300387245
2514673742
22250517438
5056228923
278421233
18051020729
18275344131
14458279781
393124852
21659842911
2476279208
5062817281
15065498532
678569415
12105512534
4524526677
13414310879
19691360518
15772197603
3025776398
1484294865
6846758792
16358488653
10638975490
11877952174
13969119960
2222011466
1602760239
5666260986
6318497297
9962638528
2257665516
71987034
17366347837
811293430
2353336277
5838722405
4603588720
8380690816
3906560860
6231066875
2927783276
8061496239
15157328177
4884306439
182811569
8387734943
11040324754
4482184766
6178897091
4166278747
9289825642
4163390795
5862669732
10583912394
5680858379
12407980391
8981264783
3884141230
3489787276
4535375103
2757199099
933969925
10791714247
409579031
14411051560
22613586600
15594963728
1783416428
3060097152
1093877488
4471020213
1957738773
6024460304
11709950729
1614906629
11733045152
570633074
18905010221
6995402621
3258284162
7572499870
9532403470
9012493833
17428055847
285666548
3448147121
12732224989
19011718922
3156419313
6023019073
10328149889
13493859212
1802036151
17709208964
14543914018
7096443349
9301571247
6832774624
14371104348
5326832854
10503164382
6136372677
8718189438
9122593924
7112435631
5277806054
23893070252
8914374308
6420221318
12636657783
13415757819
9140162888
1854396337
1599460345
5856882233
5309558448
13682330456
803689067
11616097751
14353070139
22396038916
13099219754
218187694
14386323533
8081057470
2647850981
19576070993
23684694861
3108993323
10549008451
10026978826
6977110192
14500587474
1769431267
4132473322
1612161403
3216238842
3494384673
12403004986
4496621265
4761704472
1632057170
3373664814
6576098060
16629594850
5811411017
2477315478
5944791619
5263871047
6771691348
3394269827
2261596142
5068394522
10616911140
837212759
16346776039
13725581064
5127471827
14277424781
10425626302
8751857657
5663928679
9141527149
10180674359
14328739014
28448168
4917388367
12505017399
12933702690
10150790537
7477693636
8398445456
16999564276
11695450533
5709883690
6013221620
3923204695
9951822903
13262472459
430533259
6370579481
6170221256
4659847858
567498783
8310101020
9695550044
9463301664
12829189428
5284259529
22433127204
3305265299
3212664319
370808378
8645205129
161706198
4139956707
4586341171
2197465421
2141299857
4026967670
3695085839
23365991428
7972451565
15411917393
17685476173
10825195563
711252995
3931040149
8750054949
5409565543
1715807391
8440384101
6341195099
13326503719
7519199929
2507777283
12122595149
8807943741
3268962005
4063707443
6168535818
10203536046
18047407169
5987655316
2597737486
836923160
16880842425
3664220547
1761890435
7628211616
703435214
4345424952
4041526350
6370949800
2954582175
2156292757
9334669700
874728929
4240538784
12557954034
3644143108
21997969396
8743919422
304040604
6288504827
954107076
13351179912
3851241385
1022287085
10768681863
3812030985
4110032225
13267392093
10185025189
6594497252
21861969677
14566569783
6624657248
18486319805
276544373
1764743641
1244808637
13452634086
4378790269
3819932095
2548785098
21609917962
14992434880
12032497958
2691871865
9826951979
1699288807
11517825837
15770218558
2387828035
3249956858
19490720831
5265068325
18131542213
6293927723
21360227272
2309863337
9063555655
1034607499
12039120279
7309738648
1752278817
1998754862
5134563773
18932108190
18578508816
2018480484
8204049385
10281838422
2259486964
6415526486
18306135163
5564698004
32668443
6874043209
13250671106
12864101564
1251546936
9528342644
4006534756
11491753598
12980124477
6536891108
10075055565
16085949728
1649925465
4794418610
1305365954
10821274402
1858792060
487030006
2932024114
8960845419
4511126377
9352255236
17652330824
17026074910
16959241765
6623562756
5760813467
808147670
3077373669
8140264394
800746710
9174779750
4070485361
18826157367
6535781630
15416024055
3564113287
8522105781
6758514328
19116897286
10546361901
4800792908
10450076376
12180737663
3263503257
2977890648
15960275435
3916294857
19557937943
13156931267
7363520547
4964222779
713466732
5817026737
13289296378
18644885897
13551081538
3764752665
6088175917
1906859375
7034406794
9881374569
8006134250
12061971755
3764256190
19279242010
15690636039
16682182596
9869369414
13210559329
9177881117
5718844454
17077762779
8000085179
7656413956
5574071115
2561223667
9888496602
13476932930
4194868529
18914759374
21037740283
6259122370
732807209
788641636
8015345819
16988136071
7433461777
966770341
3333461843
9105995110
3931761227
14595843977
11643214680
7342933705
1031924577
9369528874
1320642348
20426240908
4972829420
11828584367
6218749595
17133485934
7086494228
3300024710
3165069186
7723753219
15809420551
4566858340
5877780270
10845272202
12542921597
12434819699
15488584324
1458600970
4793481303
5415902855
14516545853
6295949988
1311355867
7984954840
7334717623
2681917987
18650620109
10898937313
5102091299
1004847407
14302891068
5088765324
974319470
14352140745
11448808418
10492507699
11594851810
4083544364
9636104314
3429067957
8401604223
15540618873
14034127914
13930786530
12608049506
5216302728
5438661941
20596924735
13274726473
1264093008
4579989593
19138574101
10195902079
5143485036
9788842017
3904679567
13326623554
8063907395
10323774190
1047706033
4319560756
6458956239
1006110642
1702241339
3212855594
1636233982
12961148758
5558905340
6871584692
10242751493
4743710305
20862791764
5401415327
5267424307
1301539596
5268402308
5700485960
7768072570
11441430624
1661846057
20315842325
5283955347
7757300309
9063445089
7619521194
15817748115
19354494743
559720651
12343993216
10435215296
1492709434
7590783814
18069265899
7581647930
440920395
8526196823
4758945617
1106912442
655801846
2636053011
14774582270
7045552179
15306772730
1035758183
4218685292
6201214714
8216294186
3194144808
6513764906
8176248084
3418025310
851554631
5328453292
7438561239
4254706967
9902216224
1464542925
2983722981
834615047
2498134341
138320977
7731577257
18529141450
3607935132
2464302722
758591729
5341177319
516698433
6879246818
2341693806
12237553983
8975363316
512300237
9744796593
3529333295
1297398761
14457045445
5565507920
225766291
5932508247
5610556800
8482936265
21965176885
5222884713
19734658800
5729930481
3119109608
13418026370
11142381919
11053994752
10743110221
3584304702
7059613185
19293522751
3739115811
1192143831
9021583909
301278921
18090419309
3493798185
1450457787
6128829269
13316284531
4914835347
3205019487
12694496188
5910582294
2309782153
2190007652
6240122312
11240139240
3320846127
16292458470
11321715592
15321688984
8139449300
11488944187
826264378
6646017765
934274066
10661341376
13493220759
13707847140
22191926640
10244876546
5792099872
7376602635
2086610746
5744918805
115973061
20457225311
19900166749
9321644778
142793263
2013620703
6728485894
9489686334
3370931361
2074521189
1838312569
2354967384
17633777494
8494273718
845799358
6478641568
600718461
4453892448
11259555311
17476336456
400904682
7158264983
20872857514
6232989369
5980288652
13016143245
1483730509
722254930
3883653933
11335336807
6271111853
11266355743
7758978784
1283896406
10423535163
5548630161
3623791899
198213270
5286326747
2168636007
1057695401
19036755392
7974036576
5057700104
5815580214
6066979847
8044598937
5154404367
3076490639
10217151367
22051771598
3897786360
19366530921
8734823462
853801439
4689099096
9977652450
9967247503
2328874488
13886468673
2615485542
1549792314
16234431157
3461087943
10236204623
7551261376
3597673244
1942378529
12057162011
12592682677
13106425905
24278347823
769187431
13065146063
15653971848
9441611070
19956475065
11500579825
5519314873
12239380433
1467326346
15646644341
1659512196
3171340590
13967410297
5101430078
22977314522
22084444080
9864851318
5316064002
2769956302
8468086539
3226918813
563873879
3169742893
13385923614
7172374916
5322964067
999172169
6219422857
335565331
9039143716
11205651003
15588615093
2906808556
10353006340
9878891728
9969646162
6033133381
6549943685
1492242867
6620647986
5124245456
5347872039
6429687413
11600161939
14161950254
108808660
3744941357
1785300875
10656041526
12907465768
11490804169
9975385701
14351355567
4254430008
8544152379
685978632
6573635882
4087846208
11924155070
3877121741
17238637979
12356412445
7699484563
5290309974
14597605465
1920790979
3704282959
14282446731
2588043247
3096397924
13643366883
14972747021
845680582
1247245772
3550956123
16626455409
4511758236
2996284537
7805615605
17496592884
9560163995
7302720312
16338483496
9418630973
3891494685
657494240
12198752189
7771389780
7212500581
8807224444
1634721517
1778144670
188326875
13663783119
5743861407
3461063624
3222159464
14040201410
8343074650
4661655801
9902088678
5886441480
2866130864
65119862
8618544058
2702910041
8728797116
14292703263
2577915691
13476166486
6327770858
1045636197
409477888
8838650719
2197734898
14046856330
1235201942
15224615290
14727193617
10788780541
2298406504
3028910772
8841035985
1630412659
3147877081
5460456180
12973933304
22539492254
20571569518
5458726074
777890905
3417122222
2790037778
13582687723
3695504959
12752702919
11982665976
3995473158
3114577080
3599306734
1535037028
4601714656
11059909627
19244797482
14149356303
7786203790
7776601999
2201835260
6391362774
87268827
3556654935
14894477555
818950359
4925112788
7051759007
13218879469
16831924209
5418098118
4314901940
9773942899
4162072855
1037300552
5235756925
2092192598
3222482080
5077598712
11641480290
22930035780
12260740494
1522331686
18205194831
6687582580
8084198902
11979009182
24230185315
3481689409
1045822180
15060974262
2161725452
18653859613
5319840290
11276377044
2456093987
4686995292
8286944035
196873748
5992234849
2838234837
7759666268
9082195945
4591398849
11680071456
14144212577
1770063657
2132943149
7395363548
7059286916
17304337352
20452423705
19099492657
13253298656
10545999347
988146307
1496045852
3263357952
3517724800
10061556475
2519362447
6993494373
14742284971
335909413
7094823035
8973276858
18769051377
357178304
7310156325
14697041794
7977496412
10988724068
7644740246
3397604049
23900982623
1741219896
4174513297
6853261463
16731844796
13635267314
20992988940
12936296905
4120244664
8215536894
6865174622
13612312327
4187807239
6275094242
1627904655
8001070712
6371201884
14134982873
11979693190
15375041874
1116924491
10688348556
6875084128
9811260306
8640221908
4886182733
2877045040
12973403229
383073571
4005484955
9772940729
16473018066
1474626070
15878360822
10553685382
21775804955
6322323845
13358133096
6775981623
12949103865
497531655
194716719
2244892277
5128983619
1252217705
3520814785
2834005746
2745297841
15368022614
23264186697
4507849604
411797710
4422260551
4605739707
23652963756
17351324906
1874624054
18829893177
1150695718
3778236497
18550332802
2256946432
2026408925
2907227213
16037272654
7371382055
19827127314
6849875758
8430994787
6383561046
12675794417
7027048220
10075683173
6957376944
2770390588
11794044648
9053556738
16122833700
7747335475
2710934998
3858929704
14305423977
1780767912
17508555224
14557545545
2955872318
985514740
3729995705
299528421
9284562674
4627203480
19883051920
524507996
9952016256
9298093611
655910194
7166158010
2947173707
3024938419
1311326707
2803960899
3444813860
450287996
241217937
17699215410
9203650402
581240736
7699823064
4743625031
8215384395
5333388835
5632414678
3727802844
374583226
2326107717
3076519143
18897336214
17038887653
16295018592
10065224105
7023303808
11544720482
8472756949
14311546036
2652367817
14609472449
7944304781
5488809440
6349065809
4362563756
7075976631
21646287314
1131448493
7741818461
5834366904
12977350773
16193095533
8135020135
9198024004
1074330406
7775416008
2056460045
17313681975
13030296071
7273494809
8120593232
10310324975
4262733706
4684232915
4171956969
11500472930
4855669737
5365759552
3014080018
4153214148
2484715643
4790258186
1523712161
40688280
1253110975
8556760583
478741580
5767403343
15547788988
8331060236
6693557636
5089487516
21825611127
6883483894
9527651763
21144059259
3084756234
3281393746
3915020837
17348118088
4617138035
2259667579
2722960938
11359476976
662556243
8632981964
5765579366
4569757628
4024254213
6001332727
11206061808
14830694013
10526899726
2812675849
6330282505
9792395491
9310170121
8215756306
11516476775
16078253017
6442438046
4666737334
13103943282
7936317263
9588345653
10011874144
18793881679
15941832777
4048241905
284261438
11721536423
8819800646
6392283424
22911117524
15166468487
7524966592
7940570374
3918742204
4072407375
2657670475
13543037450
9274055873
13984092412
11655999722
11718998895
11025260728
510050441
3317160424
10497825040
491872282
9405360512
13368421987
5361392739
10116635928
13883507900
5588392469
5261948592
4617128747
6486598327
9498504656
843496556
8955320638
9774049241
885500185
3267763136
6573996936
5493266174
4312765897
3025893504
3802228845
8206820318
13557834314
4235211043
3854466909
8608321979
5128033479
12349239896
3061730628
11632531248
678985078
911749507
8799486958
4771895862
12307847501
11772728550
4200105152
18050469827
1823177035
11555819066
2799449983
18027839134
13853881904
3961195308
4934688540
840342711
16493653178
5457409360
1804990639
19939569131
6153834983
9703925445
7179717349
12661693749
1591013256
8919953160
8892446548
1038729409
9501686570
19752211872
15171102124
2503237289
437645172
9862444193
13552134236
1373446440
5643721757
1774724268
1665930401
12192066809
9746227822
4235172477
9264882138
3394009202
7399457144
6377805496
12960803542
12446266935
9445801919
4804252975
3307050803
1372806006
843846236
11568035933
10058410512
207965776
714064438
3613489828
4811695790
3934009254
13632946147
19361660704
18925587267
4162210205
15822415338
18030457896
1876052595
2381272162
5314289684
14398545358
729190204
13872822462
9214467882
1941012834
5692455765
4231537355
17657989701
1445804681
8654107848
18293119516
378450671
8654489591
13340907431
19528439413
5405910710
1909825379
13154284264
5746734233
9194961751
4943815879
2094518548
1348813352
115924572
14431672028
7386335253
10255587778
2540268721
6250439364
6664978803
9017370526
14587709880
16590317775
17775965831
10101768305
7857398698
7671696106
20555543789
2955430327
5816952245
11101206945
17525803207
1210188008
9130649754
3299704417
4404026957
728886053
6807749647
14837421856
17518887704
23512364397
11257365284
1608923183
956251013
10818207862
8845599327
7794988328
2541787554
700507856
6846327282
9043415162
87802688
10710560998
6071584966
4836641487
19905843944
6567825386
4988474986
3661711619
3361157198
2508893112
12101477486
17297457943
12859963506
11937008554
3260354770
20428210272
18713724427
9459494152
15260185980
1865668781
614329343
1214221853
4058085274
8709630340
2184347327
16597558066
4657275462
5991685574
1299279619
8034027367
8106202607
3038213964
8723204221
5463793084
4863943451
12171497039
11412540158
5562685747
1217374456
1978985247
9503753214
14106308628
2490229870
2897267674
12217528911
10523087695
6310343135
5478124722
2589503913
15843122031
8105565674
7613571480
6431323016
1897167841
21546131997
10617268001
18744854538
15921097964
6315668280
15291439666
2738657783
9309094043
18100119735
2552102141
9343228613
7422134306
13293052900
21997564326
14125433846
2919094120
12229168005
22258804194
3889277564
1086971013
5029934391
12308543634
21351471055
6076624599
10015853588
5784471917
13763054363
5375451671
3805909302
21669204002
23511266779
14542162592
10358573737
12611208208
2572838999
14753390974
15127277130
1777938962
3392896557
8564321805
2661433786
8464307891
577996301
103218908
1377604701
15174926527
8633630581
7267582723
13402227737
10584352564
5371875750
20098283395
2480099495
11653741817
8028091461
7260922433
18679451435
1958336213
4016453676
19046530081
1338114295
18135130601
12971450857
7512807541
9470688832
8530083084
11155394918
7900198517
3160309668
3548081534
12567459142
13765099656
8829955506
6697178112
1738539103
4307936726
10035669405
4722697697
6450534
5104155217
9552122912
7075139358
4359210486
9947782344
3678870518
12031159210
23613501534
3966059992
8841016066
8119813776
17919662568
3436009433
14386290131
22617130169
5007012631
4991875825
22073566244
1538717843
9236000851
13921346672
3674592825
17789954024
7364358008
9235172257
9230719191
15293557982
384677556
9072164774
5760893695
342617332
4785517422
3852720097
1569528080
5689927382
14802058511
17159744342
9841516212
2376418236
18790503855
10701310776
16345920894
8578237905
11629920841
5947806743
4675418397
11865379720
9778328749
20972395079
12701119105
11126525784
16676532369
4085115542
2681455011
13629342040
1060680178
7447287762
17645817270
14128372224
11670354752
2844403875
10663368409
7138030397
3542902466
15714235760
1250044749
4252336480
12787195607
5899597456
13159442638
19746969637
329320889
4553462502
10258129532
1278778155
21004583326
7030480903
2535913894
9935987552
11733552721
3233275782
17886664652
20769381760
16113602902
2119149897
2303868651
3155976035
3654397746
1283557479
13223251432
11299443921
16584082768
3964436795
1229437457
10733894332
7836059977
7509669011
8111200368
1748321751
6016937267
6399822435
11149499247
3406268191
8967684117
7181615712
10508967881
12529282014
3205473712
4949781680
8186084875
3346212168
85988437
82585186
12157405398
5292569825
2473331547
16939016816
18461213194
2506982547
1493452800
16674453419
3929839090
1044755432
10113663292
13263165900
10083938964
17524948805
8656519427
19377221692
3655237935
3902744470
9207332163
8417440708
7370394957
4483295472
3439000469
6912409766
6754482177
9949649377
7595998658
5501099996
8221863610
334428723
7047262035
5819217833
18961849142
18051880971
23879332844
1160539534
5418965040
5610518900
6701440195
2197665112
459740184
10689757031
2000420993
6912707571
16787390918
8202683405
9524412139
20964277121
7845654829
7143178192
11075355435
147437181
801440530
5234282927
2101974404
12651255020
92924837
7226293783
10355869289
333610181
5816149604
9041837697
4624042539
584510418
10859226892
11413541346
20265459403
4404144873
1760130583
19260214291
6383458732
4120409258
11439411372
9189253001
2757633802
2350427202
5015394093
1180230379
12440591079
6929422845
11306247611
18823799331
5507629986
21432412286
3355892511
1273344683
17999004681
703564088
2237342578
3187802593
1092677325
9695428563
9107958724
11184318178
22741464942
4358506200
7967190394
12055532657
9052009992
15381551589
12511272077
1392638262
3025702866
9406974932
12020329932
865477414
8636885798
9052708591
9151538411
6361914837
8975331729
7466071289
7937504450
17115732380
6209356654
2724106315
7773544021
2632585731
2538964554
15184382014
14594397937
4399353436
9824843106
4738058829
3077487399
1168778958
8864971984
9252111404
10198334936
18057947896
23185215566
2531367985
4246188628
10128928321
1153654751
9319337985
307358397
15593009954
9881947876
2515989990
173135252
15143045661
16683717120
3045915476
10321390606
3819952696
3975389551
1011319508
16133951482
8563251853
7928754261
672645390
18362166733
9528176041
14720075316
7335106043
5599778856
14870741626
17788085927
14830268897
14053057809
6933859539
11078858766
1188760618
21428153770
7194891616
10895160413
6012711868
16175414800
2621820026
8245953026
2545908439
8732249868
10103001102
5654655867
10572852721
7728280660
4127459202
117777706
401350829
13961956594
3450442008
3342779360
10031586011
11433731217
4099178105
6138941563
12643297312
15584226973
36723489
13056885180
5972128986
368803368
1749218813
2196701196
10229263974
8142746572
13711983640
21656145668
14360605757
8485368658
2009970010
20373126328
449546297
7068894717
18082476384
12772967252
5843377603
2040882481
183997909
7653643857
13611493999
10086911025
5906041217
13247027151
2549995649
4457947421
1713766733
2355323913
11942468667
8083095607
254305222
6663337179
9029912331
5027775266
11327899910
9408771489
7935440223
3398945990
1695753678
10829736228
10224133549
13482476258
5468835233
12214973439
10388510737
3055566904
3674830916
17246610813
8647696382
4654937080
3667262457
4796917423
9131939032
12633577957
4589477480
12682826698
864408901
1789319695
2927061997
723927563
16364790876
603561472
9943126740
8992022671
428199644
5367752162
9925776584
12289365433
8834062916
318024614
2526418883
7067395097
11203487529
4284271730
10146105857
3797909193
7933242209
16073824844
4010050854
14493217584
3923616587
16046896312
21968541827
17990793785
13203792043
2213455733
7087194038
5889733716
5975818575
7846907358
6478402518
14487895646
17953111641
2483942518
15321960834
5180890654
20478315141
7179302755
2577241618
1126021070
11552414980
5825595431
5773964440
5556167811
756951727
1568683598
9684641037
10988848159
7173190872
20288287055
15242270763
9268310452
17729187790
2169759549
1451981894
1645205752
5315364578
8681893220
4206863563
13996729768
6109494412
452557460
2992997440
3557443639
6487858057
35129277
13391581510
9274949811
200442790
9697323127
8708448495
1393921619
1281112899
10866400469
3200362951
6946238667
6684158903
3152342490
8819029227
5552763227
16170120895
11715709685
230145350
9322146355
4493650806
11964617628
8712016199
786469126
1755995837
16401200045
6129126176
6294078571
724822867
5457428103
7091281019
10352138039
14283515962
16114145350
1998798053
172247848
20315813267
1421138412
4651957014
6711806381
3432887802
17413508594
10933688894
13010779893
20660051595
7435770868
1921017159
14516291295
5742093006
17514710294
5781606209
2346542578
14930592347
14418234294
2085978951
6022556497
4313560755
5766793115
11686404461
6350925872
2665703837
10216622114
7575298327
13484249844
10299077549
2146807694
6001233306
15121658795
3718011072
10738115298
10871517398
3665788866
3610626896
10617965999
936989258
4346405948
16953537039
6683843696
12558799038
8999611652
6968781404
3575491291
299626911
12366790566
1823411185
6755917548
7772873054
10598000456
11035369955
1229413124
4683219255
19836242404
6927976511
2715275423
7894711071
10062530783
310570973
5885968483
3988761015
14737844753
5246760644
7639233714
13717678532
18264938289
2087268770
4375522703
10613333910
5179084905
3041502617
5212421622
11286447525
5617741338
14782417686
5674936944
5893799323
7696118976
18918738323
3048115680
72601421
3806032249
20760079789
23102218371
14236201456
382595264
2645146999
3791078802
11380143365
18699076726
11817047944
17105544758
7171837673
5723689386
2977849948
6120416568
14787148747
577327228
16485762227
18375542058
347229948
6084811793
13247487453
4351323157
14129834408
13269641421
6823309715
4182052091
6034210321
9644768207
5247752231
4945961697
642275071
5719925697
11573570794
170459539
3392340198
16901282334
22447930433
4786228397
1150425392
20379116932
10268808762
10968563477
13374081529
8999660437
11314326523
12999440518
20662987783
4066129097
1136309914
10036330467
9717373411
4269612648
7899362205
12348949633
13816245590
14526002498
2143578340
5576380961
7620656792
12884955818
16674537795
11437333129
8394200794
18830571816
2193726156
11664973719
4838751224
16893685605
9045595064
14452204083
18555336002
9916505816
16967171059
13969080976
12421812558
13098419239
8069146082
16596911288
10251416609
10556185724
21803456248
7065131999
13616469949
6282028205
13688700278
9098280776
448727780
718704924
20186443120
1980577759
15360955973
7218956862
1857741314
3460865999
18619740737
3938923498
3365857118
5203059416
9069364776
225179828
12101039086
7959935360
17246150233
1436214526
18739446583
14804394110
1586731791
12394028981
2463525849
3174388550
12629294596
13887828737
6660300756
7131402149
4463599042
5485381889
10905048060
7958526942
20786191697
6139469603
10998478002
12126603285
5439013917
12038187293
5064533004
4460500430
4095755932
11417537704
2552121040
334150261
1549181775
5565535921
10803594042
7108500284
1031750024
404377927
7526995041
164808039
11041897622
1718392636
12450646897
10626824779
1233934069
19432923879
15939815469
17647550264
8271503214
2984156262
746537642
7638841940
19201811226
10515884392
6636422436
13839464794
4193050007
14017558435
16919361121
2301346132
7627151524
6243804651
8983315265
14186572312
4906961373
5163010161
12595836819
2845565514
4170519295
10775913271
697596809
4216457841
4038356817
14347094637
685950554
1570873072
14866191935
7663551683
3381333485
3564909357
7872406081
1389003257
9154074922
9482876636
19078015611
10284151240
978730671
1813143596
287960091
1738571979
2139334233
12786709211
2661804881
8946864658
12039170288
5733413951
19556410139
11941855920
509319818
19011617558
4263636531
11655286197
6459009253
21910457829
16112559062
12699242686
15242964670
9657068076
9555112508
1154174277
8574732294
6382514758
13389391588
5111482197
14915019419
5035893914
16966153304
22306944496
1043049218
5820280613
8124499425
5018156927
18154929562
20654965909
13343039193
8878333885
1777803225
12364362739
9815942453
52945010
11023757926
1256044227
9413963086
1051638820
3336936144
5520542978
4227217311
5424479632
5373789116
21994029821
11254797269
12051631583
4441498307
2538693289
7364852038
7180007767
6092480774
10843604637
12339546314
9192692561
4207460944
13511888929
15770751526
8590128046
2655221435
7820244658
641727092
6510407324
2475761767
11594443917
8570549799
8459812642
10553586712
9968496987
4661275711
7530265363
12936634099
15982747163
93476336
16307109951
3634850276
9495954720
23867512033
6739441132
9550129051
13764673525
1109179124
9300993895
8886288397
4822974432
9620337660
15522533704
6918748125
4344173308
1992553792
9184087245
6621723639
6237045309
1439559632
15883939063
5779913091
18701887654
4636558769
9462418833
10796588918
8702026634
1002566052
7782078588
5270954059
15365197171
355951709
24270638357
1761438064
3861312793
640654186
3129760696
8696433912
11471546281
4285503606
5987627392
3997523889
10436085520
11232272142
8042291681
17379215026
14989459621
7504800357
19271210152
8344359302
65663026
12563686113
7284861661
3973474582
530928160
8303652084
3493520982
9513146939
6051055339
5158980260
13092653778
5362982680
18078111210
2081140407
3113103937
581096547
3540826612
1780774945
5347396941
870704391
6800526029
166615621
3833089932
669226806
8726029472
18702848943
1768259955
8496217903
1488215773
19548807767
9304394347
1745458796
7601688628
18762037906
760272388
1314003231
17114485835
17884617751
15853450217
248671069
12361001212
182803201
6149085853
5663318539
11214634626
748609931
1323791742
8445957386
2563280691
425050601
7552610784
7769736495
2684200467
5970731168
5280432961
75347133
8479138019
17667705304
4338400698
14694144026
4401338616
6458838813
13873430497
3489637918
17914348102
2592638718
3196675390
2748730194
628986407
1232152899
8496637725
5886675880
3098193720
4794616673
1940602639
7989906088
1708128846
1809062830
5800984046
4458637902
9099211661
875739029
17472376123
2647880347
10693461851
5172298474
3514060044
20024986798
9707749776
7846520226
14585977903
2187590455
5776048407
6796100164
6512625381
3171241334
12498004306
7518404927
645742338
300770001
6797577125
260872929
18910111058
17647316471
13898373216
112947076
3745153957
393237733
4009034919
19148123570
2531935726
13481726757
7962595263
6799677514
6729746858
667963106
167226038
3339595135
12744909234
2209156528
2342530404
9092099388
19689968502
1396069109
576426749
4905271796
13320257600
8533670011
17487664693
7604008029
10549784096
16531429274
15428736430
5631120193
4766653162
3141581427
11652810504
2372778697
16239598647
276477238
20616604113
12551664518
11199557312
1913347486
8682622848
9180271939
421290401
3343946178
686569353
6439089301
13807816592
18143497034
8754474051
5510321064
7341867168
4443608297
17801092885
9745611478
4052372666
22935220978
480829750
11694064717
5975356017
22469595110
21159943819
14674782326
5134243145
12970625743
12607641183
12246679442
8623488203
15955355622
18000063897
11810622088
13931227923
3739435615
1998824038
887636638
690555265
1191231619
12065463787
554213661
11957160985
2837615234
3946823237
3687507773
11474492180
11511810960
16679091677
13862137390
12808737549
19269477077
7901359184
2250249939
70675299
7897620528
13974739708
6197493885
11281310869
16126879211
2919175380
15013653202
5352183983
2404863980
5378112646
5632180511
6184251155
826606717
9568635729
22912446573
3984950927
9228969758
9715912284
2744067020
15099706606
19056715478
2125509808
6346362263
8535606890
4530854943
1137395309
2403109543
5790650502
16637659180
6500251173
20101415407
18218948800
20958492249
12572490120
1558495456
4165021950
13839305139
7751549846
8211323207
6396693064
7113443611
2318743367
1665914184
6708427249
7863528765
7106954671
17030152661
1516500998
2450555724
218962227
22508154304
9148927492
4837116936
3747789158
14912340500
9798041513
13040757043
5631896645
8041331309
1031157143
14691497494
3946957176
12607876270
8052005926
3277422953
16657183207
1143284224
3061737088
3690876539
5588447294
929238604
21910304256
8774002466
2173969055
12531174697
3044815953
5590387626
6376329946
1514848707
7580416189
1470862396
17901416172
5750030800
9328766707
5405449958
5225602346
1357956057
9200163463
9302893546
17842352662
2879595040
5080951004
4016279687
639642269
22766965499
8971804350
9415642596
9082050143
10655647462
13164285405
11373298876
6925591218
2985009408
2950860684
630273508
454777103
5034321679
1943918816
15409294349
4438464554
5144927649
409324747
7990320827
2691428995
12136316516
651648164
39978853
6578745297
12176022163
13030111432
14840717544
532264732
597312744
2265794003
7707731143
9303446626
2587880158
20069445624
12067351454
7173842786
263189607
7860921823
6205624510
10350068932
6434274200
4842427762
17705932220
6764625973
180042366
16351725945
10855353576
7269836409
9434970058
15975479145
16778326536
19242338057
10450250226
13457496585
18732324661
5443101795
15586491153
12735031584
4452344489
11375948632
2191469289
39083268
12064875094
16109236166
12907928539
15658890416
13582527731
240008001
3346309867
8314045229
14306341295
6526397398
9675570822
5735088292
6597682
16823713281
9834525521
2778605260
2748354089
3507303756
11575360246
11829618008
10379790876
4257860703
18188451587
15793018370
16771918412
4152896065
5883353578
11168304911
9400924550
17105464712
7396837594
15756533098
18730501011
11665788751
20702297148
7935899700
7851665879
18103710882
14669132525
10681555220
14002428392
21784485983
6265827146
23206610150
8668516203
4722360881
11326288578
6085884456
3627943244
7681187733
3006432195
5442177767
5338981668
3439885424
2491646225
11651287373
1371534002
882583296
4389887627
12478398889
5368017790
1658261779
13459203142
13721153445
7035047819
16745812409
521424346
8705190807
1516932065
2633144264
17144813737
8877569786
3029530084
3088469360
15936745111
5413169037
453264048
5936939285
2165074399
7674976047
3823050588
10231297087
4203140191
6152515485
665027621
618456047
10408262652
599964748
15531166297
19697490860
2865225129
7119348475
12108225795
16720765390
5821942516
4648170677
3270624704
10760217268
21894573644
13889976997
7372717013
6218373637
7856746765
8284138719
3078239072
7348798515
18555417754
2609619721
551761207
1220069454
17608537555
15414936486
14729049231
5311068093
1932734762
3613440173
16096609102
666744426
4715972500
15159040153
6448381634
10323353968
2724597280
1806159330
575289790
23243410191
4723437793
1596576168
2948887979
3464663185
1597968384
18812310687
10331987587
8078972693
3618713362
16465209855
7034623355
3093824773
837671461
10603214438
10966885283
781963307
11449849168
7639634466
1629843257
16404706962
3656383275
6802192867
4374511099
1735412053
5138209029
4645985897
3728052216
16378314536
14336624897
18414467932
7506558254
8347448396
6501317493
16589725500
1028390639
4106788824
11044587154
3378928969
10316397115
10091727476
12063514074
5016303517
16409290281
15406172659
5268759844
13394030722
2933771068
3796534522
6130777280
5108155600
4015350773
1472704553
8992145598
597055121
15724217934
22630517835
5208969319
2264038743
8593296780
4370748940
9528004239
5874408217
5078244481
11791697705
584539640
2425061099
15949916118
4889426532
7796965728
15136174001
2839967347
14600297162
2124562052
1017286483
9826043434
12504972403
1052896237
9921706664
1023986570
9085764286
8252685735
1656429006
12427993343
6151416268
20982224013
4901682282
12276401292
3674883374
3065607757
8442318581
3509387056
2050883856
268816460
5179577855
11468032006
3910031226
10351419751
17851905724
11571810089
4640751760
2627271761
1701548776
4666951509
8289156472
7912154479
20473471250
11676717164
1341749209
5553034736
513151366
7873321845
3625722514
398476673
11386066038
17591136362
2281706240
3486938995
482809463
10664741277
6684097244
7432527151
412864695
745857674
4826650805
10407503149
15490088923
20980501033
18038247348
1460896412
1488779090
7044462490
5624518605
4540115672
7553356677
3482695967
22798146362
6352500301
2220628617
2556378887
5709066848
11677105750
3587639309
13565482476
1752753033
15153716031
14207362521
1114513427
569869141
11982164649
18282384602
12584104509
21638907661
8789438461
1041762733
17706606774
4838960497
12801821189
1261546832
12476463246
3912542610
15980405150
7472483721
11757746052
4914809472
11294785347
417629227
2693678449
7022639203
8922176506
6484860842
6558859358
9066937984
762281782
15522967154
2123816090
12466623709
8733338534
5658131180
22230024690
15732484571
19225841719
1469687019
3779835778
2893392562
7778930205
6091407356
9337380484
3906415517
1605096022
3138260422
3009350594
12208206036
5922020419
11616454365
9069247539
9228510571
4735620106
2963151352
1546606735
5110853418
13399616283
5541122476
8905335062
5850379860
7129630810
385986777
12035335086
6936022743
16647424352
5917581812
15904229272
2417313045
1031277973
13984786750
2023288066
3794218123
2610375986
9144267518
5823447492
9958761695
2627698152
18815645862
1647669521
7805705541
2176079161
1876833517
13782559610
10907417399
5845815807
15267718587
13308143690
1555883178
12144719660
2356621590
6684871213
17349193468
1137646371
5184461785
8305704030
5570876703
8516073009
13916384582
9160271354
1940503940
9634888658
7479476149
16270984911
15161590093
6845484301
3458916651
8021788870
869658456
22611891642
10147824954
11413948364
6056280471
6167936473
11582171250
13901811477
11367699725
1594183209
6103264075
5407415892
3073002826
4932403004
5746485520
5710779776
1385933561
3829377581
7613049154
653943956
6458199574
8166707695
2517751081
13009071581
3933172653
7821187274
1331414741
12461897718
1646156384
7690426164
20562703867
3187007285
17794823909
17223142392
6112402801
13724542524
294799271
11760005658
4763187574
7026490984
22798870163
6888049395
5921684419
7424073793
5900465725
17677925602
14485355778
4100092509
16172095149
2251201360
4825782797
4527419579
10926962716
20947699587
2933809756
2940210748
15425858998
3062187856
4460141919
14398174389
4368373098
4597169436
6235123857
199850601
17761816330
2592020442
3351086552
945400254
10592899349
1184623365
19818689631
12647194694
8824497082
10777613109
6802833816
13045976445
9033804793
14497707475
12506782316
2827248300
11124676255
5124325877
1620904210
14966921495
22675579905
13517461318
13252041106
7364294355
2470993808
3349529264
12822810593
624361378
4780885338
6239568950
327882507
2473842777
3271781893
1801819082
11099497429
5616372512
4178432358
16842768719
18761277444
11221322957
4396780660
23978927768
1363046901
2279649596
5288776328
10815546142
3492675673
1446233219
2151489334
7512243454
2503545410
203174035
17302678340
12088895525
6753105234
9110091174
3252753809
2692006433
10622552901
13131407390
17815281407
2496298825
15460507037
2421633078
765376318
4635856294
6447342331
742716966
18708869720
9290295673
18641861494
11611411325
757657753
14821540916
11813768448
2038153698
13274559468
8084698941
1197090216
1643877201
1584468038
1914319724
10074783727
1441343465
1849412434
7795220379
21772865739
10419022444
797783656
5620363631
10686403338
4922770671
1990475192
12949058032
2130433558
14884913705
16959879421
7116682222
11587793741
5709998044
10727572602
13576139278
13867445683
11018144477
3410788002
943361191
4509156954
6490676117
473267665
4321612508
23152967617
1676539800
7554524760
21186045811
7591041344
4594310635
11263577124
2427778075
733085980
6498100992
2848046924
5452269331
1355102839
7911691683
12985243743
3872996366
3498819516
8099843624
5120198731
20572705293
3309852513
649261193
4399001424
19171401243
22317959562
22187071663
5946112407
1259550852
4117578721
7007684246
6723127039
5097349684
3788866598
1395399588
9924398712
6578271327
9956863367
7476510911
4318319559
13289908755
8606091021
3617122543
11255118466
8059461078
1103962818
14977436486
20697202557
14033199393
11134938304
13072082965
87310993
7454110895
3180351243
5086336264
2215850107
9955379966
9780386691
2179500643
11392822554
5334102764
7165832068
3406948768
6545764667
2229004386
15666559224
1523492106
9570131368
2228166972
4429356155
13776270231
4728826173
7873967097
4024786725
9310290439
23725792338
16651997777
13030330101
1676439186
20516634301
2376542320
18363695201
5205439023
6704145183
9241339583
17986256316
2321950003
7732976457
376669514
5771304121
7119637546
6914240564
11213975272
4378638963
13887209734
5032117333
11396651022
1038152498
2372143663
16874721742
9686225345
416580165
2956071456
19773489746
3409203571
2845234175
13293067751
11691021325
5896116959
7114397282
7887808329
10849256868
1681969457
63470196
6300875699
3575827793
4403178601
5882090288
16409323273
3402652952
2894981674
5852117329
6130737678
14741208040
12956360707
16219771843
10209242793
14235832212
4319742960
4866560713
14358160338
1763927973
8164514861
3143757536
11593567131
1961618700
12362605807
1621782215
8392849683
10909786169
5726126090
10539649192
16643789216
1782034844
9746915478
1091156432
2404246622
375517952
5639001640
6611307309
21081875021
12604560961
7287450140
389152267
11010144833
13977063926
15561286668
22366008592
7164373648
16187542425
767862699
4357535731
7981159394
3098952486
1114720987
10961315132
13528256715
4006199933
8112724717
12206343265
1087426648
3106757209
9361396971
3611075348
3653552811
8830964453
1798890151
11275580194
11518413125
1605013007
9892347849
13187061865
3364945950
21376423040
10783007018
5218580794
7522488716
11378922072
17254879688
11091557265
770597045
7118343590
8478621501
13687488979
8229683714
10362407994
4988626055
10152895973
2738470998
11230879357
6246927943
15912870299
9023117067
2386263950
1181173438
23030310900
4952691604
7818847401
4821107576
3076854376
7449037029
14113317768
3925314358
15500354044
10940754809
19609261664
2093966856
1257068720
6548122002
16832190997
3512996361
5123659846
1384590136
22464172429
17806846871
19041471046
800987588
2686958366
15746181007
2343961219
1372086717
12023733648
1873138389
12694266021
22750126434
14646792477
7081217760
16404808288
6911797275
1658232188
8242184595
20911041242
7282064206
4132786917
14153660681
2984144718
2233514281
3566039777
941343365
15027723763
7446440041
14640241611
13458960452
4848101551
1798265664
3444726461
12447115069
1434975885
1526987927
9238229165
4670374063
713514879
4476210210
5299652300
3101071227
5761373366
13836165947
10633798590
16354182830
11987958643
8243226169
6963964787
2642933075
21001959751
5885275980
1928467588
644680890
6046359942
676381694
11964865731
219197417
1317179517
20951375970
6968426609
4796506583
16670381720
20567503338
20222225240
3412987588
4569666042
2815715829
5162983419
1285077170
9283578404
10921226404
858074080
13748730047
9939783845
10163053942
2790614730
16058585979
9970990115
5268146907
17754480837
1756696004
2191888609
5024511315
4057739992
9001233797
14023099177
827514734
565355628
423002195
2806558817
13000246056
7151621122
3909846718
9743181781
1112903196
3571431395
9833033437
5188274069
8036212643
13358117477
15204930352
21289476512
11770254326
1835685875
7982729916
2585184380
1579731591
668914651
9612411361
11968663443
17770925589
8680217890
9651377126
1664614863
2737918054
13880985866
12444222410
1203037299
6648364516
11208910763
996200585
8085672053
9641951447
8232419136
3667098939
4465561314
5650179636
7990141205
10535096494
7279162167
13722092648
17007686764
14919406875
7015973887
2574631750
21675411598
3145928703
1248717539
11936110708
10065880195
8641460357
3644814998
2758771479
6267802141
7114306231
10944715135
4950363839
12523673158
1251868677
10269880827
14637459650
2230121941
5538377723
15749764773
17203807973
7880283927
6075544893
16883452027
5842255039
6674220867
10184595634
18048409818
3096188304
2539766263
352500842
9384360731
7909308401
1296077082
6074271439
571228927
9586690712
4915843364
14984676455
5265492681
17772594118
9282132327
7337748548
10930720431
5756321135
7659443171
1265538542
9777248496
13735791475
4446059789
21227684771
5397892642
6108593195
7594420269
6711239691
24332150
5583321710
7870477711
7261732319
10623043979
7844190226
103881681
14731351808
8346396848
2195656248
3859870161
8812550586
140989790
3446566751
1643904393
637605979
17454593688
1023162418
121996171
6894462148
8467445550
16774623504
11921333644
3250952447
12040590735
378330777
8813297290
824359600
12634168352
9399064478
312791820
3937219717
17285277641
17330715940
10700134874
4667319999
847620066
16215872716
7660402362
19619211960
8461165350
4549136775
4056354774
6209717207
1769408504
1640955092
15579159042
12572857873
380598895
5788517366
16248154901
9565628736
7398891025
672303669
14729629473
6442481859
9823060667
21999011526
5154096568
7763332657
18984226238
10773434590
2561453392
6285520045
9213664353
5864142494
4972554410
1505872512
5379751285
7024528252
9429737004
5280192781
11874597187
2469449428
20281454722
12647825370
5990993711
11811034593
2927030344
6876945627
10540520970
5583644367
15074255243
9406049012
3339094874
6517944137
12020895057
15358780762
6384796927
3124014325
10674713524
4928365352
893042033
3106328038
4619468148
4058317525
2947114001
13250698761
7894996215
12328649260
11270369866
1627078547
5989462258
6078040353
3784698924
9703579880
4078329029
5817464860
2457990437
14122766291
4877980058
9034493863
13398694782
8089419636
3997301192
4343652301
4991754580
6639700919
11751578678
13479789536
6406671794
417104372
12609453774
17636826761
11355206040
12231403711
13833137612
2218337529
22921866200
13565626786
192614302
1556333244
6146355532
9301763534
4717465070
14552891837
13891486473
1305895200
10086226649
20418544026
7910656712
14474284342
11374637547
3479797138
1963322918
1520983456
5013884049
9702668373
14824580705
16235728957
1475757633
168177614
8427092846
7578679201
8582745240
20315153649
1739760656
9072332502
2760023413
5503379266
1162929500
17055498442
14317938488
3028221082
9187130676
8446155441
11464442009
357603565
4492144517
4672025779
5313096852
16955647728
1708299603
4247101160
16968359626
6127554188
7318744234
7874519923
15313482845
5288909576
7513061707
2441630360
9134712845
8793902855
15394309134
4032434552
13910817449
13591690287
937232030
2499554799
12722667133
15934603989
13792743360
120180819
9705544020
10792019395
3368470919
13656064130
10964744941
2302423745
1662056053
16809525560
11289325895
1655606900
3907405229
9509000130
10986622147
10577363950
3621311658
787781293
16320598013
10774875132
2025289652
9641128513
8577714007
1939283632
11438568169
12644017431
9921674206
11145058746
10982981361
6902583488
3081350239
540154933
5943235223
560695563
14723869070
1130209217
8387538171
6533690564
666003339
1958662029
2781581893
3006274287
4381248478
17629124990
10785774310
15694440762
12856437262
21317115296
2360489399
15618219853
15437445965
839928658
10684961558
3572899847
11273366692
1318348294
9563517560
19354993545
10102312472
11434279385
8022528084
7636130134
13932904663
17931253226
4697404101
11453926392
3268547217
3161994602
6193094631
5187770398
20579220162
2470416292
10121209184
18826582291
546100265
16352316410
4451728651
6870641934
1225836762
8268657500
7750852223
8819401953
17411893952
10467715271
20118487887
19827042566
18503489575
15991178023
1996002119
662110680
4726895194
20236807444
15173731860
3484550390
210145506
5961708354
5403164987
10222453901
7223204079
8964425736
17130851633
6932233949
1575997872
3780955033
7295346892
9873823994
17984722798
11204732548
5010852012
685848915
13733822682
4249534664
17810439515
16636301483
11803119171
209210685
17223736803
7832635751
3734656221
22626859
13313734901
22266888296
6686178091
4386053192
7210261618
3971173144
3164096531
6373558655
10434638755
14324985555
18518404161
12329663058
3522678498
1955073893
2966739282
9899466569
7273470609
12768393695
4616117443
14616198490
278670029
13985256854
939951771
4845842395
17594063721
4570321758
16129946458
9161652261
9295347544
12869105174
4607945247
11303445828
481684861
6249773936
7512614776
18562191553
13855880567
3692699867
11523203337
4724545177
15160007100
14412284961
2285749405
13353976458
20158853141
8095214399
2952938718
6241678956
2285778515
12136549354
9601889271
5597738039
7010142680
505077738
9993636019
11615131023
22519467124
3264347634
13797228696
8382986591
20808815102
4779622607
20187620468
21395033053
13540928335
17785673299
7800250773
786492152
12015422606
16756800950
13218415426
8774401285
1794110093
3702639339
2342255539
4720250414
6687993107
12964811155
18257051569
6662916737
1144481654
12718699105
1320779905
8702017580
8178060587
7051644772
6728018101
368321180
18362842849
9258194308
19994510441
8475444891
18034705832
803653533
7742260793
12077254570
1432442557
9482762230
24067512537
16183460452
8209764028
4872145481
4540031777
3910249234
6717872931
3711484509
1954867857
1156812478
8094895953
913845959
11587733415
2419968536
3917268041
5235403324
22595851544
5405915873
15223141589
4364243298
18908881205
12783769075
12251604928
18997829481
521082744
5661367582
2006961015
4406643261
11392112629
2683013967
9976506518
3502814807
6790121415
9616399511
918664494
2506591917
17987280034
1680624368
7049492800
12181197688
10182777109
271174497
3315499098
13318942362
13844871805
7104367398
4275213124
7880919647
5797690323
5606575127
8887646313
12273803855
6657939453
13803688572
1864751474
11608497999
6121615178
8897150935
1095744243
17765146352
9974701235
3116556783
8012244252
18200460333
9166505309
16405191189
9348050968
4316946494
18926129306
10239558159
362344591
17754349123
4245921290
896401178
17236408154
1272064504
4737504225
5032433809
8453819022
7515673077
10944592841
13396899265
2659795692
2795883746
3018854596
16280694504
5052362008
6392370372
2511825561
15454437246
674228971
9831706335
2684612118
16370938012
5077161562
5945119483
1006584062
11087729754
6212625696
6919119506
6461058539
39928199
704668680
3097653403
9255293517
9747192156
1481361239
10476726156
6287909897
7826075685
11128736281
4076885258
5964985271
18221360739
6475357637
5394969414
11947489514
2349590171
7356417412
16953412225
6891322695
4050476695
3128239722
5505343645
8373336083
9966305266
5855451589
1587728976
21878427081
2922121015
5973115702
2824503165
11395405053
14471784259
18630459111
13131297924
334079635
21831909963
7882176366
13831657972
14680161647
11127090022
1168536064
4048241937
14260585988
15807920486
7195731570
18527793477
19932392635
19570299867
7177651192
3951788346
17997984545
1151049671
5809744034
1634554375
13913757717
6335417051
18094297309
1762035283
17272166176
1941205094
5069185125
18187861721
7647571817
4676018443
1455383010
2728714526
4675628483
770988126
6707086845
16129383430
15669296
19508687681
4852451538
8178429969
687688119
1605719857
1395448883
5014943047
11179307309
2102570475
4070970556
7580569786
51488771
11081330344
119905348
237129409
8084709392
11052179344
13421922267
567951989
3318378559
22269201448
8521221873
9045266372
2422527245
2367733473
1740926734
10310675056
12021257832
369059814
9437061695
199449206
6699651105
12277564309
4879026929
17551044584
7900546541
20377531053
1462725864
7170295733
18106883788
4411656629
9561629716
6700916936
4940674135
15720043134
18104008215
2784402214
2726496510
20132198558
1241169900
2792597454
17812809254
1824809274
9808290297
12402018936
993651897
2692652837
4861211644
4976573880
14337709059
18171668336
1175526174
4561322264
4601936825
20411637797
9224333026
7179261836
4504944712
8624858089
583716151
3993206590
15111132694
412632290
9558289700
14062088707
92273340
7346913707
14017905292
7605442722
16454423625
17580504596
9443001618
9958091364
5298001488
6671000884
10910517899
14806728908
10718252589
2691232992
2517127697
2967332161
394053928
2494113441
7364603888
12721149031
18452719046
586718025
9746915844
5872094102
2679041465
21505822122
3988595667
12556088357
11171191092
917139634
134932338
8183972646
21250418622
2705144032
5921666726
5683429662
4337302242
13980418072
11671947022
8117915824
13354882117
5283906617
20535855739
14648004422
7179374283
22189557402
4358912325
18706582811
3187664759
12665902136
8595388136
14576930090
8442568728
12241623588
6309849199
5560795864
3285819347
15881022287
1928848490
5293181124
12575159885
739607649
11688104520
15175899425
3495283331
8001749498
3573921611
9088659469
15958690898
15421686954
6850278528
14481209555
16194015474
4064867366
23109491012
2153980954
16739765108
2272916228
17405898103
1799173376
17493720095
9962243942
16323372313
14648811600
4246368439
3991790083
6392446402
22267731253
1127521494
4282082859
983772610
6680635611
9509269984
3493906227
6766504246
10378345735
295856733
1003211567
2926143296
2578511653
1364685769
23855168860
6775632882
11503454462
1051275848
275648227
14830500904
11437073646
21268902749
2873500714
2803791033
14240485756
9174604052
7676967936
9631762414
2337056198
4007645467
10073677702
1747587917
1527176142
5797893741
14274390111
40830550
1213566479
63976495
2679890228
3110616776
479736124
14271452011
5576886040
3265612917
2701174666
3369500127
14268861643
14227723868
11123734738
6772300843
7125504532
7893029635
18720610681
8091529003
19170669680
1033095584
526837823
1674305864
12574368242
17152301684
5146059591
335801770
13246650196
451599568
10471648773
77374110
233453152
12632678963
4955756883
8126528244
3090693962
11500719540
18007678201
2333897481
3719857325
15283802757
837461870
1104558748
8944839144
18968297397
6962279341
10214029916
22060713320
7965584092
10673853887
5569854089
16648217483
16467665538
13722092771
7225551613
1870586601
9769475617
17176851224
6495205996
4050501283
17212355911
11273370361
16424025069
13258116114
7312975126
14168327386
2338711458
8307747665
2908390235
10022212906
13313092855
4475920587
496503894
15105808166
656281893
3390024488
3432266377
5815084028
4488183166
17365518859
19488852982
8117498767
8357333558
14716395311
5678558782
9222840639
19623040385
6741603766
181721427
10449267838
11950172164
18495232639
2202768033
18646484343
3466492694
20183114116
12171533856
9588358570
12272465268
42324912
710072275
20947665774
13879719016
10798972291
4185716300
5856215340
14146503554
8556208083
10004303968
632159992
14752795377
22118784881
7889766995
3528815897
3596270749
4714117477
3671115127
14766062221
257628577
18627605190
2232273399
5586395879
8581119728
5964076638
6209044929
3818023405
6311783260
3479161258
5337257081
20061356969
2386566827
553340153
6292304565
6256796325
11178850157
1346192342
17604256433
16034134112
15641372154
4183583054
10240096996
10633534721
19372203326
10266292510
10924437341
9138046589
7884540818
1167027510
8532629060
8052244122
14107356674
3827845566
3589134229
2273187200
9472186596
5592039293
2799321061
10838407132
2042728685
2459930542
2546369674
13575771174
10131801869
2639491134
2201747297
3315692410
9624498387
3270510578
1115038316
9745203459
2083718058
7019193514
2610792681
17712188030
870456654
9201328384
883119536
441588729
261156274
2465590120
22567224804
13315014863
9023684487
4674408989
16806198615
17404219584
13365168285
18861543206
6247987458
8199599796
2304929096
3241817181
774081896
7589341076
7152350054
23168255012
15821075681
511139812
1129874985
9759795305
4927294792
2816146582
22691677512
10071477546
18058688256
12375802220
4330089339
5125751433
7502576710
12534654425
436016383
11797435220
2030638505
889562166
3773770194
5257619588
6081934306
11145169022
5966810735
304373284
6795464939
2253050019
11377551342
5364504152
4321052775
10624416171
15901060748
12707755201
15947634794
6765538404
6145479815
3548158063
14163403786
4310790005
3344660921
24268214384
20103787904
15032124712
9820436150
7703930466
1303980925
6894867851
8633938776
501316862
9046846413
17077143035
10028117521
11685942233
1684369314
11787847764
2045591808
2108557775
6590455199
6057132707
9477152940
7009698145
10487875507
17430827767
11809846879
3434117706
7455214131
12089176452
1925787100
7442162714
7387099635
5202047391
12847628551
11025883839
18289077688
3472859745
12648310142
13194363192
3145056916
12499169322
3313780693
2408462679
23425590910
17949540217
4009277211
11691706782
14904649454
11356641314
11283204416
21702960607
6236290823
2261649963
6642170839
1367437042
4183127630
16056594588
18444450851
8327957922
5035290144
8805795244
6626801822
24409872
7205212695
921428328
945135298
7689759727
12149942584
18951046950
4352114181
6435342483
10615541297
20808922820
4227889457
7961375109
4028310625
6220204123
6775663440
4839653401
8971377280
4884819975
7988646828
10028048381
5647780725
1730571783
10160937808
2166563661
18703596641
2613813590
5307938149
11973970375
2603262383
22416186958
12534744156
19236362133
7022386694
1435550953
2864206449
3687944522
13702511741
5459397363
1125677392
5003404063
20670830381
12180942610
9414039987
2233288808
922048476
16988549903
9595354839
16806763223
3719696954
7251243123
10941579055
4034911681
12100393482
6871706843
10712467416
17077154671
10640033427
14154645334
9130977117
22791993795
15229157737
1771113931
3588254178
1022491305
6266164193
236731896
1986415882
7597878157
993010987
5922783692
19430227287
8386631462
10700619865
2693813139
5117249449
18588775260
9629553187
4334543675
9968442408
1259532561
9395089811
7410542962
1134722850
12687526368
2272236040
15165529003
1419182731
85481434
7478784418
2998547301
11025963654
12130759821
250939154
6175265914
12158077766
12245399715
2386249350
18053351656
9127592704
8018459756
11590690820
9471816362
3055060933
531402180
3248345724
3285852995
7076444309
19300652514
4601338971
12606670118
14659663180
16290553269
20082201144
3459120340
3359402869
6999784430
17786378406
19027162530
9830513053
9729813322
23213307957
9632061255
6595825037
3310096349
6638414867
231415123
312555800
2296896415
2139215932
897836909
4497303405
14430982364
14059679067
5725554486
16560790392
20488483687
11916181406
17503183777
5597421487
10042995620
11284304624
12794747131
12777056526
7488274295
2409973824
3778382431
7869742234
10706979641
18329573153
10991476342
3931497156
3079516163
223760391
6417174539
14498765671
9800903617
1368875941
9891619496
21082102335
16657135049
9629343873
13650946995
4909337612
12906170524
19481955656
17725503315
14970110340
20582052638
22921690219
8520807096
18971417051
11675265031
11334842087
1661285066
702234826
8214260538
19982909995
10830560482
14829590601
170555290
1736969109
16235211625
19007556299
13467629706
6396776085
2516211462
5774471121
15903910721
5859444114
7527634512
2325218436
10519111486
21455240825
351407814
4018839563
18369047551
9308450250
6456950877
11288352474
4815084068
3005267356
14432250378
8810919943
15113590578
4711893825
4516748437
16019297416
20847847292
10765030612
4381427379
10560778460
1496943031
8412956846
7258844302
23351645136
4997650709
10723224375
8303613733
16469766052
807000133
1894114747
6945280402
11038427207
7290290415
5639892107
18886744565
627995763
11035872552
14522961207
11964667653
1658799972
16195033463
14777871257
13980230192
10760058859
16413161676
16978483318
3934783622
9653459426
1688753605
20311812471
4478022901
11373207808
12797178730
18679562650
8102911541
13606518275
3058047970
2107025578
8881739156
736320238
12727629257
16013517038
22246702222
2092398344
11881774912
22633048709
4923853321
14113841979
12360953338
7170831254
3091806208
5535798558
5165786830
3125476251
4294798833
13757575070
494670575
9984220834
15381537624
897245497
14248302308
8416910829
7064234174
8222326574
10178464892
10819289934
4345004876
7880158880
750533841
2183766627
1609122387
5698567212
2543068884
20980901545
11335483112
5205619336
4336052980
5572334677
18248181534
15777432117
743753850
4553031741
8259372759
8418445467
345969496
767348656
10622932465
6316451453
14418628184
174618897
8627124504
9248380534
3035690481
10226104018
1476920465
17771673844
12836917923
6471180829
9317694325
10211955476
452050505
1743364614
11372365926
14808313369
11174464386
3183462254
1016736422
1924357326
2059075280
6586199687
12528773269
1396466732
10363855814
12736253964
5077463848
832746325
20545915869
1306869687
2522777442
19822419690
2991964037
231517026
11554925563
22008645284
17100885252
3540346375
5372279933
3250822453
1472229477
8084618946
13121206489
8045510619
10458176499
786676792
7866783779
10855195607
463230851
5418937653
4666234903
8141346309
3810678002
5717432700
832666290
3882134912
2904714884
13950973696
9763741216
7079546728
13978736085
2395200799
4325600110
11619332060
2259304926
12975481158
5831219345
4083653075
18692718637
8182156537
3928543675
8502388045
7357428859
1607232309
11935879089
1836881474
11568877627
4398554643
8682504666
7116362896
9216117241
1395735037
5845291990
14352347510
299037968
6307008428
1970120295
2012846459
4825271179
4472273468
6005785248
5733470961
4362776103
3822281079
11893392307
6372267893
8720398428
9723536353
12957904345
9003073359
15157368452
7132665877
2398380919
11285408889
4985768149
12188034752
2807861377
2138752806
23262891292
19492042561
2175236963
3524685486
1758648423
4051375661
16466291095
12333201369
8287510404
3979988991
2789033182
154010213
3766100122
18756095304
9698021416
2375501634
2230188987
11941712069
4171342540
10698216673
17779125406
15497698155
3412320810
5049846687
862141885
3916776192
14512602382
6587955255
14508872940
4903806452
15930838292
2190796688
14156164479
8803487020
6694646236
389476835
13699673473
12085873614
14876980880
1508946065
5823864820
3609406227
5258189602
12978703796
1740417607
4712556058
16244198277
14452309684
12126484935
7205875003
6598476516
3009949637
14892376206
5404494340
2561850664
7338181075
2004724782
1594343217
2250154276
3936039370
14300183029
579194510
1903616286
21690804030
7443894145
6334893508
2110132013
20156239944
5679257371
7129448893
3945304012
11331979834
9269115429
1098221471
10604002854
8192539099
11653937458
463339129
5475338810
12318471712
13087353854
17184348954
4498003801
4216198352
4487775982
12326883409
16156527550
10226051110
6433315614
8699579511
2518444970
805896081
1379184505
13877871669
11333528343
19096510526
15526335704
11123262125
5552824285
4603064315
3660270754
2261007591
1955739643
1571177033
2181100561
12332526146
3131753617
7226476708
8196392118
3786430539
10099812506
6778024915
3331751530
12179274967
5507825919
8358706844
14624988361
20987378362
12638860014
14674537758
22864208937
16215871935
14363851471
2606195524
9059575901
959153778
4107347794
4949707744
10066002983
21898278183
502127761
8123744340
4789670772
182562603
5312335756
3154482230
777810903
3511040423
4505432572
13376664906
3593828613
14353337676
4710072976
12969699077
16729100859
18292828964
20107380291
15997717495
9611136594
6801723578
2277753940
5598005725
5627145604
13882292846
5229047172
21293716317
15140225693
9509576114
6040190707
5072724863
9593909454
23424608723
274688515
6939463750
9659534429
14681956532
17112115309
15857627058
342245815
2017186518
9079335723
1970666382
15369654218
9165195774
8775630816
7652270167
23898973922
10556287095
5022533162
20490629765
15691268556
4533940093
16133640404
10082713463
3836963066
2651426460
7825313194
12167259269
15339219548
10645582502
11574244822
5753600672
3641934459
12392370788
13383110640
2378263647
4716037561
24052504108
3529318595
9142929166
13742140051
3579871435
1973845408
847569631
5776877789
856730082
13690958177
19599377856
3475336765
21191148616
11856442389
10754408239
4421727300
18164788179
10653886837
1405224140
1602738698
3859702066
2067421478
8558283773
3670442981
7311994392
21501112659
14010333918
22446677448
3158882029
3107101023
8581150177
3594618978
13643815505
11178270804
4656457749
13089469862
9056720995
3410035948
19765232354
15804685211
7377479217
10389920097
12593349899
985911614
3039631225
8659932082
11627978581
10339202978
5203441697
3660946848
3990005805
5316274051
17343464639
8581004411
2858186209
6611501208
18957005685
13847378363
4296815137
6280835591
288803403
1130812518
3176916562
3103341809
1359700319
14405487392
9290822973
5633649638
2212362718
11067067487
9460445026
7947193255
4025190981
1011692078
18718254425
2770774717
905722277
3012444166
10948299428
3422142204
12268078258
15373304957
2422883637
2325022301
12633501605
2313304249
537692153
13324176480
2850376019
11851808685
15472519899
17889345818
12896158932
12362551551
1591195060
14191529803
4083670433
21252664413
6321972783
8825246440
6731655345
16872694985
14907411360
874019307
15588852250
6315725745
727950571
8240401453
7702406015
18281015100
2377166231
12476251920
6577349222
6975003451
6014926521
3305920454
11768033465
9659656988
312029087
5180788322
295573837
288932214
4034081248
15159135239
5647674238
6252814935
7592768549
392947638
900018379
10119236109
8354040881
10637343465
688834614
11282545137
17965071109
1619056191
1629563233
12010418733
18233849301
20851962913
11432028255
1020746597
1177365171
7795566681
10844704158
6835139381
6632951294
13375441517
5110355232
20512594012
10193866938
6643877172
236238619
1090648439
7279640798
16145006163
1664994484
6056409518
470806700
2046101416
3207926537
3896738124
3274739019
4772794053
14427421976
14785728490
5715330432
17005467759
18061809355
148932413
2123661175
558035748
16939604810
12828936531
6070451589
13436497461
22602060493
9590863209
1738767406
19051270449
12361617850
1786994580
5112551499
7344256234
14966089869
11892937384
24284442954
5685710928
14508101058
3248042762
1666248046
16135277015
31044013
15730197775
3242430785
9590717997
1141927419
11479882220
6409341343
4359540749
9482455607
7489294426
3375540164
14205070044
4396973143
4067816060
9598065718
21232250985
9650857192
3048892929
6406932817
7080959264
12410660967
19267128629
3286912074
2483998211
20795991598
2562708999
19571324578
13623827058
5764574200
16435232197
2284803031
21410591116
2800103811
10190234617
2892810260
8257843578
3648541042
6757587296
5979536231
11444383815
6917546989
4580973673
17776270437
5760409001
4502245590
13839783863
8101063664
14965771514
8954793413
11508279484
582146207
9486309033
9012723202
13372317398
4013597817
5866489442
4890378034
12427167539
6949247869
3966459306
1939672283
320029479
7200899162
1451843580
10334928289
9752856908
8475449267
4192895599
803728448
37012460
936519117
107010071
3466989406
9305261552
877378304
20719194841
681227794
1534378930
17267995101
9173964772
1748674707
2404024784
11811065292
11985163972
12886582806
3036419849
6460743021
2778239215
19105364139
17117257182
15246842239
4167120993
4769211299
5372524265
8152573216
14454659308
3772421767
7368448999
203234968
371774770
19756743310
2313252341
2159252874
7023672514
1228692452
13583085133
2049698630
5548457757
8866640383
9620149531
6541426402
13108227254
12804048574
5071377512
5118255073
10549078841
1063018952
2193197179
