4736222
8090983
10355707
10097543
6854635
10629226
11076768
6821429
15540553
7535147
7798562
8039943
10019766
5904551
9252509
10083952
10483639
6386893
10064365
6823331
4509385
5571987
11777258
8263602
16708055
11805302
9524487
11268316
8660596
7235354
9724965
9169009
6762842
7339510
7237476
8360741
7411122
13614406
6038980
8335841
9185290
7613872
5765847
8572618
4490075
10264070
12540025
12749393
7939763
11135903
14200761
5854763
5798148
5751994
7459605
9333571
7030487
7061109
10187156
7515320
9960257
8883674
10119679
4988610
9138116
6861880
9652199
6962536
2631698
6011972
8439912
11424585
9651374
12662331
9675937
8660219
6400248
17528430
8344003
11288858
8452125
12064366
4102489
8344375
10965697
7242427
8627147
7382088
10123431
12450254
6830481
7024069
11451320
7797942
11996759
6512673
9028402
6521412
8326429
10776049
14467762
5565869
10777119
8507020
12507496
6696972
6984002
10693139
7900744
11350763
9200008
8761853
11757065
7253083
10136308
10840721
8173049
5986196
6168765
10100373
7892542
8871118
9549382
10777759
12804422
7645491
10969677
7381572
5675610
10645642
7924073
5665697
7295252
11805784
6826164
4415836
6315086
7151941
11183390
12519595
11902686
6552800
6401325
10359902
6611238
8742374
9692793
10133193
8916642
12415750
8692042
8019585
5294685
10714133
7514227
7472877
9059989
10300587
9797784
5629157
4993475
8352018
5202324
9769226
7948180
7754656
8742045
11914044
6604245
8366081
11940554
7668531
14237825
9524084
11649228
9661242
6023621
11392995
15702245
10131222
6450629
6355873
7697964
10557131
6558407
13017515
6832243
8366141
9765914
9083133
13471548
11119779
4918916
10688743
11015380
8500863
9368824
4878180
11994873
9603852
6474077
12555327
9292413
9815167
11030910
9827301
6432650
6505143
10884546
8863158
4777642
9440855
12163028
6974193
11038098
6042610
10520421
9580839
5234626
10205441
7330859
8312400
4201483
9405695
9216478
7576523
13164281
9248382
9949393
7336105
10952714
3476672
10027076
4774293
14575218
8874950
8766132
11650448
12098467
8054428
9956481
12582050
6439717
12210095
14387791
8264899
10374575
10732582
6415774
9176611
8834061
7421255
7874926
6794142
12057490
7636227
5963695
9344872
6477996
10474835
8344475
11295658
10695358
9944346
8112364
8274249
14176381
8006322
10139717
7063513
8443562
11922045
7838515
8534628
5480798
6964030
5208823
9038564
6941346
6860317
11764270
11355711
10750853
13397809
4557808
8920975
3696032
8795046
8221226
13752880
3799705
7276369
13140971
7294059
8808962
13640284
10888541
13083438
7887855
10591377
7832603
6987578
11317792
7702260
8720944
13243193
12772010
5799317
8890791
8750759
10932597
7522510
8776538
7418440
7603794
9696508
8757454
12865131
6139439
11676814
5918982
6241950
10559718
11649997
8650425
10110122
5413492
9087351
6636655
5866219
10445090
11519817
8607418
10197920
11777853
10519490
10692804
10770579
6357267
9595392
7759082
6792181
9829775
7979997
10115171
4285144
11239849
6383838
8647206
8499059
7480489
6726888
7821908
12976655
6724218
12281524
8918447
6248401
8116861
8568812
7361940
11077004
6983044
9163055
9798225
8282748
13277173
7468417
12571620
10034448
9213988
11409516
6279954
9020958
9029719
1893471
11412216
7630364
12862322
9445553
8941672
10481744
13825423
13005879
9264349
13067937
10969715
11193086
10029426
11399255
12793904
6125099
6117892
7336825
5826710
8712056
8165276
9694108
10352084
8234580
15721921
6205246
9281624
9781148
7457398
6223602
8460691
6886196
8918369
8832365
9594932
9112508
9330723
7454428
12727999
11908921
11392279
7422162
9532796
6545698
8752905
8289649
7511705
10006277
11484362
7450225
9781142
8596174
10165111
10078800
11946585
8026918
9939291
8021820
10858898
6032343
10336146
4519051
10378225
2200811
9963196
8275951
11633732
12367447
9933592
9634830
9989120
8490579
8288778
5771885
7325570
5410315
11008961
6328141
9586259
9151763
11698527
8318989
7676909
10162168
6418613
6644182
13545323
9927978
8698982
10385264
9350966
13568154
8916273
4786458
9247293
9938524
3077802
6773232
12574859
9012783
7056561
9083798
9418450
9297880
5631828
9062104
11581071
8444320
14857087
11001382
5676767
8871957
10774360
7906706
6648511
7051724
6807788
7990250
9221863
11317677
10053412
13019160
11780342
9889855
9237440
7419874
11089229
14335699
10592978
5636263
11266319
8614847
6370264
10909275
10844949
8524060
11181649
8641690
8959699
4998200
9687608
9151357
13067980
7160384
10180705
11232190
6939371
10320857
8084673
8021742
8953967
8026809
12151479
7710853
13170084
9589440
7609515
6805029
3854597
6521628
7487043
7270013
3598204
8254776
6043743
10151284
10912340
8733265
5566991
6318982
13329365
13048955
9824003
12628962
10269873
5892245
9456449
7032752
11314035
8060067
10135219
9790086
9842467
7033588
8912260
6579238
8369070
9715015
5392418
8811378
12875581
9402657
10705254
8468123
6392447
10219143
7933123
8405297
7637958
6202125
11732143
5537716
4792236
8065939
9498924
7287817
9331471
12151247
10531246
9094723
3361073
3642232
10136397
11883223
7323499
9046975
8821850
8165555
9049301
6737980
6488879
5611563
11688749
9687512
8907918
10860324
4575111
7257693
3804014
12617407
13752098
5471762
9119285
10035366
14154465
10905488
11321948
5934155
8826900
5975628
3915443
10768520
9291118
12260877
5728349
10471443
4582558
13592658
10935100
10223501
7765526
9219609
7593163
6651789
7148776
6212129
13592491
5949971
12356126
9677212
9655345
10087843
11157286
6373831
9203688
11233192
7032791
7070889
12276480
5885528
7748275
6314288
12509821
7518552
11618011
6898157
10654676
4837671
9040941
11857337
10956410
6690525
10679670
6046208
8126087
12360978
10923932
7684991
13718488
6296290
10313276
7111617
9601428
11524998
9102885
4278641
8709604
9385304
14314833
9973781
10312183
9933823
9258775
6889314
11290391
6747339
9321294
7455970
8220798
5280598
7431176
8643684
4750311
9439457
7794935
6723651
7217010
9854099
12249393
6680982
7789411
16169534
11186745
12310634
6145059
11754878
9727689
14496271
11413333
8252963
9265511
7504148
8843921
9397412
8400663
5974993
7710071
8667715
10371722
10256091
8835410
7297701
4523604
7253780
8052518
10086248
6438800
4297710
10894927
9185247
10636394
10327949
6548282
7746551
11962567
6419383
9059965
8952477
10820181
6760165
10439215
12473274
4420752
5977835
7833587
9979742
7261961
7398102
9795177
10622412
8178092
8966807
7810041
12041744
4309496
9147317
11308221
4167801
10356124
11533795
5278645
12440066
8359371
10880327
9607375
14886326
14670475
8928432
11746400
16870470
9640648
12475901
7855132
4812756
10616260
3941852
8755331
10086359
10835146
9943370
7652151
8971720
11745062
10875593
6824917
13497927
8001687
8916509
10750368
10661725
12035969
5515199
10818302
10267220
12015252
8917174
10041871
7039153
9990535
14420845
8904140
6514175
7726457
8483921
7529911
12192279
8238229
11377982
5563473
5683563
8213414
6346317
6802771
8943787
13122989
7765432
7356023
12284882
9659951
9363371
9059043
10485157
9430306
11636703
6096050
11766949
8623741
12726265
9376131
8254344
7157650
8293345
8154449
10040376
8529111
10311080
10229925
9286937
12899205
8267006
8494843
9817316
12545658
7080491
7851505
4268544
9475423
6014917
9087991
7786973
11853098
8278775
8531311
10222583
10062032
8226574
8587526
7640158
5920057
8430044
11042163
6323208
13803572
9738859
7048416
9039247
11524653
11814679
5968867
5786279
11114008
8643346
8003092
8846682
7148124
8683617
9193609
5983998
11072034
14441560
10463072
11561546
5893180
10772448
7585186
9642899
9853524
7750009
5130744
9224224
11044272
9071664
8282678
8059374
9228772
9623325
9008284
5200710
8967304
4993660
6177207
6079703
5183027
6038327
5652932
13423550
9134194
10932489
7399596
11241676
10657267
13885134
7549074
6530008
12137274
9423505
15057212
4382496
13037254
12623880
7753381
7725837
11760662
4644777
10360616
10838792
10593478
9231766
10964333
8269435
10301742
10967990
8187241
12741546
12466518
10620458
2942696
4277987
9465714
10444792
13061529
8818435
10550659
10404780
12685373
9858234
2964417
10623241
8604400
8416529
6224147
11233162
8586197
9740432
6658658
4885268
11815098
7871119
7963695
12583520
10325988
9324771
9196348
9144719
13067541
6272149
2776903
5712825
10096016
10812747
7521657
8152150
7821440
7110643
12496127
5898105
5226900
7362088
6620971
9467749
7859664
11339869
8644383
8632476
14152426
11692035
8879867
6700949
10656926
6383098
8759415
10400617
9655477
6030657
4635823
7599539
10659417
7055483
11933382
6095250
5953590
8941897
8958862
8431176
10116318
9634712
9013621
3396116
8016370
6289966
7234699
11022544
12014503
10343874
8373010
6936736
12429828
6292451
11762792
9233501
10896938
9988666
11722076
3701403
6192910
6772582
9931824
7392528
7685347
9123533
9210902
11825849
6609624
6509537
8932028
12325358
9079346
5803712
11063866
3943797
8788263
12088771
7830989
8741461
10115551
9440551
6060582
11120992
10498705
8685723
14099973
13446605
8824780
13249188
9429674
6837215
9469598
9848631
10068257
7644720
7463447
8209545
3832641
13737524
12452180
12893394
7362226
7112837
12062096
4700457
9638579
11824575
8955913
7093743
9941904
7424444
8713696
4242749
6401389
8731203
6771462
9187625
9366966
8815803
6128051
8593991
10050225
12523278
7684213
12715757
7533596
9246598
13117844
8216322
9480232
12613993
13765501
13324576
8968650
10130572
9874117
8413747
6809187
11906196
13231443
8778158
8457003
11609844
9494386
9444798
10626373
9551791
12008750
12032798
6613811
8878026
10803279
5054439
11981097
8586383
6111909
9950068
8984321
5761466
7545128
9511298
6921913
14343910
11770625
11593678
11135045
8739373
9544843
7332514
6616411
9428552
9174397
7744208
5350732
10859710
8913219
11432247
5469046
8559079
11364091
12703173
5108671
13313283
7046486
10553847
7056205
10829999
7556707
8069535
6991666
8108304
9913121
5797480
12927622
5512999
9499486
9918950
11371967
6340311
9444556
10801894
9789151
7353722
11944038
5364768
7775933
11152724
7914063
12090386
8340990
6326050
9384492
4666160
9242196
14009014
9244446
3618546
10432629
6698462
10467577
11590495
13507069
10539501
11660931
10292335
7506933
13674834
12183693
7435286
11322430
9084125
7971707
10397346
3844168
14617258
10095539
7653983
7659096
11625495
11621046
7516404
8838299
10132007
8097586
6002890
3710415
9310247
7696906
7877978
8861123
9544359
8596813
7394396
10241723
10196724
11532028
8430675
7811248
4982812
10785747
11070958
6108251
13894326
11430861
6917500
8569691
9474197
5684838
6565787
7489702
7953191
10263270
11493180
6173031
10944331
10086587
11061164
12323055
6485192
9807408
10447924
6411915
9304708
9781244
10188806
6957407
9713818
7821631
9345006
7647730
7498745
7598590
9942423
10559000
13322241
11889438
10493674
11587977
6109622
5688445
10846262
10926763
6407136
11185147
8866141
7178551
7835719
5759475
5709926
7501020
8093280
9814617
8071413
11999211
8656921
10214364
7646607
6849208
11032825
11602256
5751614
10082737
10502683
6201821
7891504
8849962
8263735
7345988
4750931
12293928
10748609
7719666
6405723
8893736
7503040
10913987
7897890
5583943
7258511
10049428
5195590
10127676
7973287
7219505
9663919
8368794
7647328
9485338
9677261
8587444
9048524
11344571
9821447
10779907
9968515
7789077
5482330
9693352
8108585
11315914
8261790
8247952
8875891
7838387
6951786
8789229
7482976
8038957
10861010
7331418
9101515
9912960
8854107
4118242
11967205
6452513
5745440
13532252
4366611
3610065
9121415
10566419
10140951
9813850
11617136
4481283
10757535
9778464
8194607
5263448
4805795
8349867
6791369
8316308
12721940
8037775
10196947
6483239
11113466
8900412
11327585
7757147
11208511
6650521
8898473
10566674
7837187
15300904
12767555
9498153
9915980
10209615
8817521
9651873
7688233
4422140
7018513
7853368
7691465
6701597
9961623
8059660
9826825
5940530
8979360
8166651
11574078
9851935
3573193
12900142
12408997
8862384
4109807
8255214
6708760
6138457
10127123
6167155
11141541
13547131
5251668
8113517
6011988
7829981
7762958
10216749
9373122
10074388
5466829
10875343
7190391
9599393
9197958
10839362
4624017
11228831
10706065
8346798
12808567
9439564
8688633
6626885
10310235
8880815
8420812
11434632
6111580
9419997
7756859
12262201
5608096
9861127
13049495
13549840
8651978
9098302
10745649
6833326
7107631
10302744
8533765
11105577
8288260
11465463
8496325
10367361
11041128
6911715
8783997
10181802
9263755
8843027
8471915
7875514
6088894
12835655
9619211
13696589
8240199
4718375
10651480
8079346
7833791
6518609
7284178
7627500
5650080
5852706
5616284
4388602
9947796
10000767
8620467
7794828
8146979
8961736
8930509
8346050
8204166
7472474
7103542
11460276
10105260
5761198
5382008
11513126
8467991
11318676
11495889
9390831
6477068
9220179
4036981
650831
6301286
5234897
6957948
12407667
8559664
9116996
10895625
6138027
12303003
6880276
10866867
7288835
8879797
7452319
9653068
15666274
12164434
7301232
5081544
12070316
9188620
10155822
7141706
8415160
6765038
8886142
7438289
9188270
9085460
7980592
13733937
10503167
9948186
7787997
6787432
6934531
9884107
5430964
7878797
10229202
5670343
6110129
5158817
12484298
11580576
8885345
9195728
8218033
8076330
5463864
8486746
11139894
6965355
11356264
10778017
4740101
11952849
8839457
6780304
8018391
6637701
7183619
9581002
9719946
10403106
8636307
8741469
10428888
7657275
6178130
6519433
11077260
6956139
11470247
8645818
7219245
11548346
8126916
12098294
9711845
5959511
8922675
8936560
8135445
8064890
8883498
6273440
11053096
6893713
10663402
6178163
15758794
3892709
9438495
13867770
6906480
9512066
8533724
8224225
6017060
4572740
8006923
6395972
11534581
7097057
8572417
10625691
9975210
11126860
8393677
8233314
6253861
15778347
6821407
11251381
8509540
13527669
11635632
10717022
11505866
8727052
3527139
8025602
7834959
9794194
9298914
10032620
8163957
4429835
9741170
10526534
6604513
6894171
11533435
9713757
13169523
6165268
5984110
6925203
6156692
9836824
8350234
7812384
10364163
10045319
11363993
11524517
10170775
9565158
4946889
7371445
4431685
13756158
9244807
7879932
10106276
7281212
7775657
8676673
9768311
5226197
5351485
8074191
14099005
12650227
8063631
8144196
7914559
6243267
7090306
10170846
7906058
8768669
8131737
7789557
8178081
7517842
12234034
10525556
10257325
7877615
11551964
10893607
8438142
14384698
6575962
5688168
7722836
9282006
12828977
8829908
13896223
9821603
15715115
13908812
10685497
7796544
13188033
7122189
4636406
11163643
5537222
11356081
10233600
11619147
7519436
8673372
8255596
6468546
10991250
13323266
8568530
10733051
9038003
7131118
8441057
6693477
11118299
4775974
8102850
7280364
15110713
8047225
5163212
9999255
6179290
12565328
8230346
11188822
11757735
11811247
7085156
12750644
7147690
13438746
6894418
11843997
8988109
11112754
5811100
6403575
11485965
11189270
7725155
12844972
11034204
7992288
6814823
11472807
10563084
11843123
13356367
9817744
7603455
9429117
9125064
10843588
8088235
7639414
10516566
9100870
10219460
10448264
12745968
12454995
5597224
9650835
12154932
13325457
5256082
11260550
7511403
13796208
8716097
11824482
6831091
8997527
6245359
6641795
9479507
8184194
7136828
9444593
6037291
10016666
10874414
10208289
10859920
7995335
12217401
13322749
9392897
6947565
7389977
10214366
7647992
11327572
10384229
8966942
8114168
10311113
8818533
6791356
4727764
10642625
7991637
12100057
6732840
7880152
6967127
5801303
13307698
10528345
4659992
10994076
5643633
4955437
14158787
5969588
4707692
8771042
14238103
10286222
10550325
11972668
6182756
8962344
10324358
6422650
10373295
6771954
5959785
8963182
11625574
9169457
9036083
5480923
10522161
6738024
9355218
7479055
6165910
9231600
9464134
11093020
6021001
9241656
11036444
12364237
6736052
7710811
3902381
7650144
8354446
8797318
13262647
5638355
6242587
12886737
6163571
4935998
9520951
10339655
8345522
6748638
6738219
10045301
6453564
7493172
5632982
10457357
9784901
7004658
7135718
4030456
2459941
7715782
9345285
9130351
10305628
7166914
9228379
5835271
13323245
14112017
8637733
9208988
9143638
7699822
9522892
11376848
8978624
8140886
5244008
11180671
12149163
7450237
6986118
9710768
11080468
8802592
8142679
12209821
6807070
6971873
9361264
6883360
8444184
13637654
7870679
7857426
9348421
9077226
11156531
10403262
9645740
10456023
3153599
11817430
9359035
9025640
5398742
13949538
15673978
6795094
8378472
14173886
8857528
9730798
8150685
6811924
7244083
6415278
8513560
8464310
9744550
6477808
7396784
9556303
3145809
3707297
7358856
8744845
14435994
5848782
9333079
9231998
6319654
13050934
11870981
6649024
5557866
14037617
9829283
10690254
4933229
9508293
6317466
11653757
11605340
12581126
6777351
9994373
13670354
6645294
8717041
7178923
4473216
7665100
8872485
7846222
12376327
6967492
5424864
10367230
8236001
12840997
9418376
9897487
4125824
8493866
7239074
6984882
4120464
10604835
8725188
8672196
9641210
4741278
7523586
9915307
9409899
7064870
10311753
10859284
9232295
4769417
7577275
11253907
10550980
2931348
10300652
5834455
6384708
11271236
8994684
8177818
10953505
11452295
9296784
9718543
7499492
8386314
7300439
8126632
6243266
12220853
10678676
7390501
7611949
5306382
10738503
9874902
5633632
6665303
9810798
12074623
9140302
7145335
11384048
10619120
10923355
10571010
4721757
5134744
9353179
9891364
8401953
9776861
9306922
8948423
9677827
5438370
10979645
7981199
12621942
14214830
12305707
9248045
8439451
8301916
5290909
9963124
11304773
8546654
16718050
11775875
4155656
8902780
7607896
7771041
8181509
5944643
7116728
14235052
10526273
12592146
11917099
11823388
6839482
9898694
11073134
13965870
8997986
7358061
7002175
9766594
4539420
8684445
9689727
7888992
3147089
10221028
9046972
8916581
6542224
7239294
8362118
10015820
6890739
4437924
9217233
7442348
9171104
9916619
7943929
11929707
6332966
5449588
3897926
9367018
9668344
8445660
11216746
7201633
14048444
10833411
6543083
9393219
6583847
9440583
11183543
10715955
8559047
9792435
6721909
11445445
10029764
13153017
11603018
9964821
11250730
8379759
8462124
8350649
7995931
8054597
7751189
7239991
8551817
14544205
10385611
9313401
7278216
5960879
13841597
6716476
11177107
10631117
4715963
7824529
5094883
9290906
7550481
10147254
8528076
10451172
6162726
8877371
4743157
11455480
13267385
9992722
10990685
5433565
4497919
6231180
7216354
6809534
9942941
13552093
7736604
8603210
8525917
5748540
5759542
6537240
8633485
10264250
9423777
9908615
9373405
11663863
8183325
8370610
5657890
8203821
6058075
7811241
4688428
10266663
3825956
10430183
10175636
7603292
8569369
6876806
6850634
7065815
9894228
6961114
5089473
14346808
3635949
8263384
8208507
8874144
12152258
8360651
8902508
4762833
9583815
9089115
12731358
9847023
6827565
7104115
12950654
7783285
8513087
6376455
4672053
7238303
7272274
7814291
11801074
7234103
8781674
5560870
11359280
11146079
7655864
9650921
10224243
6723448
10979812
11001842
13583030
6341231
7722788
1506339
4511061
10335343
10839592
11831827
7593942
6440471
5489495
12318220
9787694
8759627
9740654
10411665
9092854
8313417
7664107
4618945
3846696
6514222
8965667
7844961
10276005
6372481
10362561
5348289
6819011
8786149
7076348
9204043
11587234
11490053
8473635
11198121
9593247
5203786
10337017
7242738
9459465
9548779
8199431
11957281
9176498
12599159
10332811
8757580
8543229
9671573
5194261
7373457
9409278
7886616
8098839
11850835
8477515
6458303
8688246
9925866
7782480
7334853
9229799
5521174
9372139
7652457
12821569
8550421
9715578
5111696
11342890
7749157
11542403
11989600
7445770
9675804
12360308
9263201
11155740
9291972
9607824
5123761
7022927
8721924
7889694
7114000
11222238
8884776
8473449
9272608
7755119
10637593
6404385
9571366
6893273
10626810
11988691
7865652
10401816
6627060
10290976
4852287
7225593
14131399
8764410
9348696
7952564
11597195
1776510
12690626
12594945
10906643
7816954
9475581
5708923
10624875
11940173
10399426
6826082
6922104
9205106
8736236
9347043
8068552
14147012
9462867
6747486
4127115
11780098
12766985
8158686
5473069
10823093
10241809
9430147
6587892
9599907
12308333
7476783
9880240
13456860
3525606
5283463
10726784
5788634
8134280
8222277
5501810
8361935
8420444
7558429
11988781
7388726
10724677
8011263
13309901
3844026
9212898
10162982
10443965
8610212
9367860
5338657
3895319
7048973
11578493
9970731
8672855
6935049
5196049
6460346
12824592
13418142
6171579
10834314
9944821
8363456
9993745
10231555
6309290
12092321
7792777
7472282
11812512
9234740
8861851
7861548
13505866
9671065
11538307
9825572
5557627
10379019
9748857
9354861
9435496
13263332
9891775
4301720
6025468
7011930
8315811
10459056
5123542
8565643
5522113
4341340
7206606
8574178
8481899
7602771
8244714
7979070
8660590
9404736
5954445
11093611
5176571
9103664
5879415
9516856
6196707
11248535
8845995
5821545
9501829
7843592
13522455
9583141
8966993
12992132
9820563
11415732
13592887
7886845
7914203
5535092
6323462
12816799
8774429
4996681
9197324
11365009
6941557
12392630
5803753
9413207
9033770
9428630
5953518
5782422
11834153
10946890
4481846
8779429
8843113
9912078
6908654
11559002
9770125
10780137
8899244
12464177
12219860
6050595
9196274
13014424
6036691
9354090
8459530
5822663
7299138
12397831
10343401
8039516
10352878
8933603
9653790
7073683
10245337
4347509
6462086
7573016
6405868
11215771
3001873
8315697
10103987
10736369
13095051
15799125
7303984
8878865
8597699
10521041
5523093
10025793
6642862
7657667
5008937
8300964
8726579
10289187
8775726
8619524
8619017
6353552
9119689
5899869
10690865
13203394
13450037
9816305
10348376
9190243
9613429
11325849
10695861
9193665
8591994
6743604
7265151
6058051
9703341
6316760
4776575
5613904
6340886
7523246
6986221
10420373
10081882
8961399
8338807
9245791
11545837
8529761
7493511
9108052
4875124
10380089
8524096
9290216
8281260
10007452
10890067
10529648
10275245
8811490
11502033
11909261
10298204
8774935
4692053
8292873
7298095
9674367
6422190
10266942
9488718
8447960
9884353
4291926
6965212
8920682
9499458
7612385
5967222
7102481
12536742
8344025
7760542
6917250
9540540
8021010
10016769
10523351
9057546
3954733
5824720
6330741
11746309
13911946
10981434
9695957
11071793
8780261
7630369
5835096
1910021
6174891
3717548
7236440
11044160
12679775
9780584
8962154
5569100
6872460
12767698
13233389
7609202
7790409
8756005
5489055
8923092
3278575
6671123
8001009
5936592
6547997
12749670
10294650
5380042
5024621
6100235
11933045
10656428
11107687
11541464
10326209
9602567
13672485
6484265
6709881
9488022
9859880
11757052
10486158
8758351
6399966
10312735
8395248
7074215
7584956
9203568
10760793
9591077
9714274
10089503
9713436
9202497
11577490
9423158
9941123
10959624
5920229
10225722
8700060
13741678
13706815
10064063
9201192
12147639
9939717
8342715
4552291
12175339
8322348
4370612
9794696
7266059
9309118
9624631
7324528
8063380
6692808
7338227
8126567
7497881
8626624
8137686
12765424
8070312
10373286
7942232
10647674
11960713
6798857
13046570
5303966
9601263
10022006
7276305
6986699
9075723
8121482
8408594
11291337
11067700
6360028
5937449
7831774
7662125
7313703
7084555
10966626
10111825
13205379
8450661
4604143
12203981
10716894
7986459
9828075
9495298
7593250
7429385
6694169
8169303
7283740
9414353
8839319
6538235
7915913
7671770
4151274
6267967
6243547
11704208
13865316
9560430
11455381
7948760
12157173
8193123
9604120
6384531
11659031
9682206
11723433
11506800
11816333
13100316
9695111
5151315
7546722
10208439
7794918
7311020
9460266
8676284
7292689
6763175
9742828
4465288
8668586
8696946
8712324
8212512
9242398
12121950
7713056
7266766
1765891
9959320
8916609
8488895
8880278
7369331
4876515
9914209
6986648
5869668
5751232
6873868
9211427
11936224
6877386
7004766
5068220
6303606
11242389
8227920
6652475
8782885
12417472
7239230
9996059
9973138
4946019
7647041
9220654
11429284
9504898
5050622
12265006
9568510
6443758
9263003
6450825
13903264
9941886
9599510
9428463
8367005
8416526
10964216
9980028
6020919
12743059
11844043
6407614
11356411
9678799
10319953
4682235
8846744
8932477
7273241
11197755
12176972
7425000
9058624
11426886
9151553
3614277
8765103
4171358
9165607
9632269
10194814
11088971
8327500
14715763
9594235
8649110
9234691
6270223
11176960
8871643
12049349
9301469
4810776
5453077
7670743
10088012
6560346
8155903
8964018
12121205
9184707
11571697
6823730
8389355
8054401
9438317
8483502
5118878
11819558
4098707
11989704
10005534
6505089
10430920
11548069
8131088
10162214
7725560
9617073
7127240
10565057
6696318
6760812
12114656
7597525
10694803
10381758
5367839
6727768
13757419
9291336
11368932
13419911
8172395
9906282
13122091
8551262
9577815
13497699
12302633
10394927
14589659
7902513
9449857
6887364
14301014
8035748
9794646
9339104
8735566
11098557
8053750
9534431
7769689
6376641
7953737
7588047
8425278
12012089
12635165
8623842
7661675
8998275
3025264
9122787
6069170
6689114
7426376
9097810
11778597
8306746
13272008
9286640
8390874
10780663
5292543
9215307
12329873
13522422
10378431
10153748
8238725
10480098
10412158
8773277
10302013
5668455
11562383
9180757
7673356
7187693
7513230
11948800
6836207
7080085
8431253
12965876
8116000
10283401
8438032
6080204
6505429
8243958
9610767
13584478
7971403
5500968
11332413
6935284
9304484
12900628
10624520
11097618
8577255
4986605
13072402
8490506
9341442
7734005
14284346
12711876
5402328
10982186
8036676
5665631
8568257
10352807
11761796
7764007
8627392
9953501
14288620
4839161
9256091
7772157
12130124
10347338
6966980
8500551
11350597
11222228
9409669
10843954
12115016
7613515
5609669
10176241
10911430
7829636
7090871
11755667
7538395
7282857
12680593
7208011
8597567
4168050
7700674
13486772
8995473
4429729
9953331
9614957
9502597
10086911
12454075
12057774
8587610
8521968
7341225
6742452
6504045
9033355
8371299
8142335
6915230
4664597
9082765
11525343
11806755
8459641
5654166
12371773
8530968
13642881
6035094
10102799
6787147
8587578
7657323
7031454
9623046
10189837
7167445
10394914
7785478
5472575
7937833
8626636
8849923
9477309
5830260
10845545
5514010
9920589
5968828
9122962
8067484
9867321
8820820
5692507
10480879
9884238
10945567
12259164
8266074
7818803
8493437
11323855
10715566
8356730
5932110
5336088
7224809
5457762
11812788
7090366
7424405
9127950
8501239
9727614
9216793
8777054
7157066
10612038
4111824
13569557
11483515
4569620
9048720
10121967
9409699
7486441
6647635
10762817
8903667
10915768
11509100
10204915
8744202
11207801
8495354
10326624
6025403
8693766
15633018
7628782
4478339
10570329
6776084
6080897
10556694
11952863
9616853
10379794
8530043
9304901
8504327
12888872
7677953
8245545
11955258
10550548
8280342
5399369
5014348
7993013
5738316
9110236
9623419
9421012
10629275
10782891
5878876
10169555
10396208
9028803
11785387
8495780
11270534
7026020
6278457
11665780
8935337
8693618
10341240
7247274
6198329
8879198
8632035
8926908
5903232
10775215
8144139
11041111
7597479
7828451
7212276
9407131
4756067
9145793
8796395
9961124
5635375
9432386
7606738
4137477
6434293
8205503
7186791
10247255
9635903
10717382
10676200
10011535
9868354
15325915
7264822
10061578
4657742
9204724
5829592
9466076
6422481
7597564
3874209
5752283
10374781
9213933
12338199
9014981
7147197
6680699
8559368
4826012
4599768
9059203
6867179
8763198
7922179
9638865
7512763
9796209
8213641
10032517
7798902
10874568
12185342
7881431
5178216
8573076
6558763
12042901
10551430
12416215
7454953
13875094
10520330
10441404
7042710
11868916
10871872
6436108
12611625
7224411
8607039
7489982
9449648
6550167
6438015
9452534
10462972
5189829
7196590
5826086
13687291
7121011
9579225
10700931
6116765
11820613
7522167
13393151
7453553
10879411
10722793
7715867
7574027
10764701
10799838
11397369
6461406
6027437
6047694
11068693
7406679
7802711
16303056
9519893
10409966
11348434
6976581
6129295
14039121
9688830
6394347
8003898
8713063
10851573
5906635
8190317
11389976
9298218
9034977
12706179
8966255
4670938
6243680
13446368
14173939
5456519
3701472
13067119
9097423
10208226
12688920
13527171
9649439
10307056
7437572
11463948
6892470
11612875
10620457
13797732
12200899
7733410
9677099
6502135
7209637
12096706
6843384
6282206
7103438
6101813
6382705
5194858
5501178
9104044
4197030
12354989
9141214
9508041
8984987
7193224
10098350
7560395
11311044
5191409
6297510
10722936
7866702
12915095
10138417
10637796
11747693
10786071
8908547
9844075
7760314
5079198
10994522
10869472
10911863
7666014
9144516
11876067
10450138
7057685
10522506
10419536
7355870
12088375
8769335
11285774
7215716
8638777
5354224
6126886
10875078
6888933
3177527
10082190
6132799
12108168
9832815
4683280
8447301
8076109
8224703
8020805
8541052
11186855
9245512
3429925
7194149
10388401
11467066
9567164
7172326
10131441
6857652
10788895
7517224
11000488
7407753
12524810
9524290
9281909
3885063
7636242
8888154
10033934
11413620
7201621
13305852
6524910
10139143
8877736
8347796
12213273
8503259
12642504
5782075
5528283
9251079
11009078
8936318
5476379
10851300
8848530
10114898
9525328
8533948
10517219
12731545
5721385
10401212
7718491
12437863
10190006
9413813
10561203
7681869
10276439
10160405
6983926
10179329
9438057
6585138
7346417
9038317
7159070
5662944
7860431
7826565
9816055
5553661
11291572
8095716
7391982
8901040
8055840
2696529
9634739
11286799
7759128
7303041
9211411
7797459
10172872
7218494
5207245
7083171
4974273
8438109
11455093
7767059
3669595
7859416
8246891
8775067
10651202
9928870
6297784
9230547
10158687
9333124
11726520
7332466
14080492
7127897
8194223
7780636
10748194
5000940
12606860
8275140
7414516
5155263
9399044
9706978
6459698
10480160
6969065
11816964
10128776
9617498
8724091
7001623
10824798
11571205
6670616
6706420
8515536
12063761
7916994
11332536
10696992
7541742
9929257
8671628
7181042
11787280
8177487
13040346
9702893
11314609
15146323
4117631
10155939
6790572
10706530
6797084
10817791
7502557
6205227
8163805
8931680
4762255
6640894
8445756
4897755
7400841
6276694
12030222
8752822
9883580
15252716
8240561
12513042
5433501
5260460
9931696
6832882
10078690
7464262
11573545
5920000
13899479
9699611
7144896
9703424
12721603
8788118
7936954
9801540
14074014
13310248
7170096
6790058
9456537
7116033
6565931
7806775
6740533
9841719
3885866
8013404
7648440
13441332
11262408
12084946
12792046
8583217
8801529
9370207
7766859
9042415
9266729
9601760
7971019
9819845
7701121
8426051
10406793
16658103
11490583
12381292
15935478
8555428
6963227
8165906
7468350
4034422
7851890
12402667
11386811
15607987
9646243
5505076
7147010
12902333
9002409
11382361
7595290
7788654
8672892
7558657
9382811
7953456
5606692
9766971
6705333
9572894
5692445
7437506
4948120
7861103
9574952
8368812
10995000
10906853
9910066
7870156
13295009
13401816
8845846
6834780
8284893
8457347
11265731
10322686
7760175
12338557
6927915
8168254
10204652
9655869
11567670
8985760
7617433
10778548
8805873
6843388
6765807
3620854
7817543
5916963
13086601
10669248
10284814
7205407
11161389
6495867
8026147
10255247
10710109
4792433
11613282
8770987
4206172
7286135
12134686
10532915
5414711
10609652
9514674
10102507
6685208
11051440
12965874
7817873
9771314
13766728
10164242
7537765
8512670
6832822
7812878
8803688
11013995
12677786
9054637
8413127
8041567
7026298
11601253
7303415
12727008
7760811
7250008
7980646
8221152
7344438
8708069
11126094
9116184
8801588
10950559
3768276
8834064
7625670
7622654
8249643
10965467
12206468
8202092
11302562
9403945
10437992
8196154
8759681
7690933
7435335
5813260
8144922
9065325
11524001
6352830
8436539
7827979
11949176
5614594
9025035
10876881
6603408
4147547
8650621
10487328
9466406
7437561
10719987
6287914
12318799
7002468
8178512
7869108
6436855
6777969
9669412
8681607
10399047
7216189
5945622
13481747
9093605
9575590
6474191
6982806
10052644
8231811
8918853
7917091
7665764
10803147
11567537
13976663
8626393
11533685
9414927
10110201
8305139
8878643
6282803
5017674
6969616
9215379
9614650
9213514
6552079
6660337
9757051
7776242
7595133
8996679
4875435
5804901
7352209
7234326
8851825
8075284
9663356
5222369
14591672
11136971
9125103
5934743
5892654
12296983
8131457
12211555
5487755
12645420
12065946
9151457
10514412
9047823
7642858
9747853
11257774
10150217
10917677
5198784
16636334
12899087
8622401
7576819
8199707
12696498
8814264
9756426
5465113
5359228
14980589
6368525
10843453
6136732
8402039
8669954
8842427
7333884
9992500
12443031
11926891
9672260
8542011
9531167
9283591
11731103
3632892
11916478
8786361
10033616
7013557
10178185
9891474
7644085
11109795
8846927
9651373
11207984
10822828
7519848
13907790
6976476
9116947
8304977
9169123
9881886
7815069
10055640
5722173
5215669
5728021
8776052
10117613
6985852
3813980
9592248
11341119
13410253
8239580
8361997
9767583
5146570
7082088
7158767
13327535
15512863
10851839
13439172
9744360
10044549
10867300
6305139
10730487
13003385
9770757
11475949
8812368
9940759
9726842
6469265
8675268
12137250
7582075
6299102
7773082
6271758
7119434
8871562
7400778
9617591
4862732
3581490
15148590
10203632
9815824
7895063
12693308
6894156
6763589
7235387
7993405
9830288
9262775
8728288
10003804
6705014
5316402
4603818
8642820
14829332
6427184
8833337
6018973
11218714
8545628
6586474
6585931
10730194
7736535
9916259
4180089
16507376
8596257
7427136
13277449
7379762
9730578
5960837
8630219
9512449
13850939
9214000
10099374
3201153
9695704
11779126
12556856
7008113
10167475
10985863
6815752
5082311
8510753
6628846
8682786
9481397
9390086
9545200
12216895
8776543
12231727
10094778
7943741
7824062
9937680
13266109
9981552
3916832
7723919
6351652
4669716
7683206
7861790
7008877
8281869
6625438
6115283
14558479
4296284
8213431
7303413
3764033
5497787
7148280
7976621
10441302
5082019
9109610
10318030
9321240
12532095
10391461
7039870
9043951
10215857
5193697
10585197
8800448
8469375
12384270
7363552
7802062
12750160
8822915
9472345
5266922
9121800
8065005
7659759
5193505
13470272
10251755
4680704
8822554
9847123
11005109
9118924
6082226
8309938
4859448
11810233
5399651
13522512
12121945
9825430
7686119
11167660
11030353
13734161
7503037
5369638
9964565
8399549
10845132
7745132
5301038
6741891
8719627
9592659
5703042
11671591
6245135
10891093
6937015
10329426
9990259
14023521
8912990
4916191
9899589
5591650
17120345
10667515
10407500
10159030
7171300
6697976
9749421
8547978
6577947
8384306
10850657
6019117
7140492
11421687
9473779
8506512
8419273
10147129
16122361
7301388
7762229
10458137
8401322
7960808
11433813
10163170
6288769
8334121
10034018
10241836
6022054
8909148
8028690
7808305
12384696
8651447
7035546
8493559
3758506
8935681
9661156
11610203
10821631
8935235
5411150
11293041
11570614
12050789
3875308
5555336
9431303
11269105
9996928
11068907
7405699
10025060
8416318
12195239
9027759
11342871
6088432
8294319
7002940
11892106
6422473
14196818
13498844
8883635
7267899
8042274
7654298
4596594
5651926
6768672
8676426
11383658
7435519
5443201
9420322
10412270
10186657
12964466
10462985
6840615
6981585
7477638
7482229
10732629
9510853
10292742
9644922
4272095
6588885
12889673
10732858
5273214
6557270
10671321
7160349
6163636
6698636
8109378
6599083
10841719
7320199
12464715
12160562
7680813
8180940
6990831
9209332
7947983
6053557
9857877
11374426
12634811
5048725
8109772
11150416
9546435
6035597
9940931
8102453
11237864
4715581
7180065
8924037
10638964
7780458
11529413
8397456
12155114
12079080
7376652
7168670
8239301
7290677
8219841
12690858
6633219
8413796
7862606
7076463
9189102
9902635
4060058
11139298
8409203
8383307
8226613
8736574
6500488
6412386
7329018
11066028
11558125
12263575
6672560
7973719
5082876
9085459
6844903
7207495
5728272
9215518
16045583
4756748
9191207
9112122
7664643
10957847
10339758
3786155
8506717
7379616
12470045
7988776
8243088
3333127
5620432
6986458
14552381
6949129
15382892
12163856
6733967
6941756
7793042
7540509
6824956
9195095
10188799
9958355
10987317
9962304
8924230
10781093
11957677
9678914
8598186
12821700
9378863
5852768
7079688
13983637
7430019
6340330
7166766
9186058
7056645
6760851
11511682
9991724
10864442
9194878
5143635
10944299
10521583
10633531
7589578
9574041
7636371
12150766
10796096
5573802
5908490
10647392
11132761
15229776
12011921
11724025
6790193
8518577
6201681
7651443
9105107
10748424
8123154
10153340
10943519
4910702
9422644
12269008
11774638
9145511
11596021
10831802
7101226
6473858
9344518
10961584
5059080
13343133
11071183
10120155
6759361
5924030
8701580
5183945
9964038
5699210
8307563
7956754
14546801
10023348
9901224
9813634
10841254
7861584
11079627
8222866
5757181
7516441
12011505
10239120
7060583
11735677
6954305
6794255
13675737
10654621
7180844
10510038
8798483
9731093
3869251
7498398
8906602
7025378
8208527
7479983
11009143
8963514
6348595
12104062
10391257
5233762
6618675
10328546
10169242
4856472
7871525
11884540
10345762
9686109
11031204
8646484
11344375
8756071
8211776
10633249
12342717
12476061
8469710
10166318
9551826
9992983
8859198
11790799
10454535
6575968
6552387
11466573
7237159
4671325
12298809
9732551
9767471
14625705
10135999
10993787
6894448
4443220
6872382
12278274
9453599
9874037
10675957
11388376
3429404
12730494
8903554
8321784
8972682
10883814
6971228
6782989
8438025
6260926
8746334
10515307
10913967
6579473
7462267
6072209
11801875
6531707
11693387
12443705
13667834
12364414
9814344
5543163
8173130
12006660
7232124
10650035
11679861
15724890
6099200
8243505
4084634
7406255
10761747
13366087
9852872
11170360
9815204
10827049
5717793
8579669
8286038
8412336
6717675
9902367
9632178
8344175
8006555
5420449
6997969
10519397
8422936
7580282
6202233
7693885
5631802
6526600
9990862
5200457
8934549
3164541
9262904
10505181
8162651
10702224
5798212
11360675
8888226
8459949
9554876
8543182
10014514
7679029
8639607
10040608
8201695
13058379
11942301
11942292
7679152
9280812
6152333
11402350
8269899
7338553
8038747
8626512
13979930
9421825
6076278
11375932
6175038
8989527
9081356
6950452
6947747
12606469
7655922
6932048
11729775
9315425
9923592
10808569
5011440
9283320
7480344
10143734
11652909
10440562
9129791
8217617
5035764
11400443
4053746
9452225
7026091
6636841
6980936
12876492
4914902
9600313
7325195
9019811
6939857
10318282
11669408
15802247
7848627
7018371
8542262
6186156
7460260
6180839
5967112
9021222
7847662
12708869
5738343
11945959
9060762
8891482
8121140
10820337
11360704
11006837
6138643
9492053
8325238
12818049
11586969
8755020
5733103
12134528
8905752
10211914
9022419
9310409
9010256
6585989
10260818
9558548
6680298
7473048
11890130
8558287
11073577
8286124
12863747
10535025
10023163
10515341
4226307
9464023
7964117
10104574
14365667
10469769
6319314
6960960
6745386
12127978
10384432
5909106
11402522
9640793
6331550
10285239
10165600
9636639
9229043
9133686
12058053
8661953
9529943
7504816
9914591
3928849
8301938
15543400
10326275
11567628
9002745
7088388
8356278
8914566
7173465
11305887
8840373
7333305
11648948
6352122
9861861
14197104
5645585
9293569
12214047
7924768
7149453
10060598
5109652
7402931
6673763
6414333
10485586
11279915
7993126
8554305
6864683
11374968
9530655
8841976
5275652
9325118
8655009
8902389
5239937
4961531
8213592
8543558
7962389
9095250
8863212
7364320
9230166
7845972
6563208
12397872
6877001
9917448
10687267
7968351
9033908
4379776
9561121
4340086
7626233
9151840
9320753
9628507
6290788
9535955
10941624
12207408
8346968
10038735
10609019
11358674
10639661
11035509
11729038
13886012
5537203
11969567
8128362
7077941
6135128
3005943
10682549
7823100
8497109
11813399
5065492
4477491
7823231
9782001
8056886
8378298
6213882
8751006
9610484
7662636
10002335
10376446
10141875
7213644
4886466
12341955
7556862
12341973
7301769
8008624
7818238
6490163
8297105
11669942
9706922
9038232
6387672
8667763
5548524
11574120
7902223
10432883
8266388
7518955
8099952
8378999
6558566
11695093
8224642
10821563
11619423
8627597
5265768
9037015
8444180
7377145
6837244
9966284
12071906
6807542
7583343
10784398
7908703
7658095
9570218
10825701
6082707
10050418
10936690
3948229
12032635
9288685
7496077
7784992
10029580
5973742
5400420
7407127
17745347
9572314
8864506
13681091
12738926
10150095
6652596
10509583
8094334
11095138
11282944
6905068
10665945
5679647
10684889
13806445
10434563
6725653
8707138
9398468
8676266
8456376
7640520
11048342
5002152
12248192
14771932
11689978
5406908
11079334
8137605
7367493
8252727
9132841
8930593
9254431
8098912
3769206
13790075
7429237
5965779
5206436
7894212
6173568
9705026
11120414
5868819
9175911
8542258
8950013
7570450
8974087
7461245
10529757
5497806
6247166
5605242
8660371
11707345
9034569
4776246
9164600
4806112
9663239
9101905
6386282
6810225
8286402
9855841
8491902
8330300
6842508
12338384
6836110
9208368
5488590
9627516
11178539
8544030
8586202
8973456
10263625
16044672
7107955
8992758
10887946
6735215
3239793
13320094
4752531
4253858
6811576
7246668
10762787
11319461
7773240
6539505
11708951
6561078
10370661
5681566
6825457
9625018
6804818
10602527
11062521
11367887
11559768
5630548
11334402
7185358
12952950
7293844
10781225
10195404
11273902
13881808
8096865
3917342
10045127
12407475
9563122
11427751
10470925
11772192
11699714
8095147
6495959
7227226
11478749
15079347
7647311
7255252
8593804
6749765
11776690
7653446
10327156
9819090
8252669
10188605
9318289
10478290
7449410
10138102
6247870
8373613
8523719
8629838
8932515
9407983
15071257
8597090
10953963
10635357
10399312
5081344
11221872
7149266
7394405
6135878
8371677
12561128
6859751
9799013
6992454
7268167
10407774
11074286
8024491
4647417
8241811
9450227
9446235
12815355
7080806
12135339
3698023
11607723
6841951
8409113
14203384
9143041
9535704
7340994
5371880
10083821
7197887
7399298
10029925
9671564
9237452
11050777
11839441
7224040
12002150
6841305
7288742
8388538
10797819
6959272
10334096
7400221
12166940
6022743
7132460
9601181
9827164
8625588
10825552
10723985
12513803
7027041
11666826
7012275
4980357
8044383
9426712
6544043
9807669
4885740
8433002
13614428
10145219
9646660
9224771
10638724
7671603
6359051
11792383
8333629
7474789
13473345
7674499
9855671
9147659
10050453
12203693
7904467
11628509
10170480
3479795
12514741
12170218
7272294
8044283
8419606
8868631
10523198
11485662
5160960
6786270
8416504
7617834
7071250
7677645
9664695
6993210
11262374
8731636
8805986
10475808
11593930
10224444
10218851
7413245
7901542
10711304
11653044
7658198
12921922
8140860
9674887
7619113
11748215
8428503
5412153
10538256
12053479
8504671
2612271
10180509
9745687
10124806
6820698
9469437
13142082
6992978
10998193
7471028
8477754
5706049
9896541
10494574
7316085
9846840
9468376
10666672
12986969
9930893
12102000
11153419
8102572
10971077
6290273
6544141
10671779
7849320
14851175
8916929
9679758
14230066
7109624
12117722
11147238
8298340
9844069
6634819
6739256
9450298
9007163
11128757
8884859
8429569
7853262
12079704
7509170
8734472
9653902
9681654
8215374
11813287
8293658
6799816
12079928
6788991
11006946
12417365
6453419
7637600
11109833
8743819
4951299
9914468
8684250
9508577
8284133
10180523
9751883
14049898
10650423
5753644
5311712
8260616
9639403
11951805
8443258
10483376
7769357
7312931
10669666
11499265
9427991
8759920
9328262
9033140
10444226
5969523
10456650
8862108
4061961
8787182
6651598
9393717
4875645
5322798
5114818
10629441
7727995
11415661
7060874
10217079
8238690
9761491
8569803
9597707
10663376
8825733
7820644
6479167
9724286
7721815
9213500
14072447
9650307
7035081
10598067
10285454
10567194
9893924
6849806
9064708
12709875
9847265
13448724
9718248
8725974
10119271
10070973
9358083
5915708
7620373
8784051
8827351
10154719
8304953
8968487
11884421
6330563
11286369
8323053
5182738
8494623
6538236
9062426
9298237
5325958
6192780
8829102
9451166
10228062
3796324
8084346
10889456
3444479
6477226
9580235
11035618
9460574
10112665
6411992
6445074
10515495
13015063
8411405
11614170
10187920
7643623
7765069
7965700
7124414
6999307
7716497
8043365
9029248
10373679
10015694
10818683
6897227
10019278
9392559
10703545
5465585
12297827
9876505
7459662
5531805
10117725
9915768
15190568
10700637
5627225
10719343
9540899
5588790
9106929
8561100
10711085
7225644
8350356
6301288
8527663
9538392
4081983
9236891
8654692
10556524
7043223
5512668
11769666
6212198
10089732
5995444
8713436
10369194
10032528
9416190
10804462
11999796
8145502
10262608
9293076
7894544
5367730
8726917
7428639
8258067
8246383
7575543
14364202
12385645
5267865
9865869
9404549
11827342
8796832
10501125
11069666
13969183
8092076
7630424
5776327
7659565
9748026
7744152
7528065
13867418
11909108
8952571
7134753
8353817
8869038
11547297
8697683
12126973
10063779
11250925
8652891
14685239
8072177
11353074
6726780
9995498
9979886
4289345
9923664
4841243
9956936
10190344
10107610
10124554
6767505
8533792
7275327
11953252
9597657
5991620
6308299
7071585
10735041
7416744
7451158
11327381
7252855
11915756
5758563
11791881
10593664
8803324
6581804
9187982
9583601
6834446
9489836
7995348
9768287
11944798
8643161
7530120
10250766
10648660
9646322
5046820
10745984
10793246
14335814
7949842
7779005
7751831
8220095
5999873
11652606
9229087
7486331
12390159
12264165
6312339
9485144
10178869
9243713
5304093
8433071
11167457
8173106
5536835
8614261
14357245
5159299
7413310
7772950
8432660
13112848
11924414
12658143
11560587
5940408
9059550
9980516
8671021
9787769
10640305
11740366
11739672
7092571
11928717
11267494
9710727
11131576
11537344
11100685
5416814
10746454
7437629
7463150
9409305
10573170
6563208
8818722
6151706
8505493
10615641
7183746
4960163
10210083
9723601
7911222
8492227
6031413
11924172
8369716
8299360
10209476
10179913
11311101
9087322
6444181
9291279
11262948
9440764
9194382
7108710
8577929
7025799
12158606
9405656
8714554
6735506
6998160
12122189
6290901
10631786
8557046
10084766
8769896
10554499
10937369
8072690
8080203
8460233
8782538
8121921
7533396
16697215
7892981
11507981
10182789
9945971
8118542
9085234
9779865
11613992
8422195
9031684
9997927
12632655
9479101
9960912
14893177
7613744
7989462
9497811
9253589
8543826
10938716
7104661
10164636
11556544
12521548
8528550
12746720
9890542
6772152
9545234
8231839
9218546
9108598
10577206
11505281
4559343
6416700
14615436
8734674
9220530
7627198
6558516
8791875
9451997
14491459
11999665
5906589
7003023
9628821
4621488
8977371
13042057
9325178
8415343
8584088
8369672
5204652
12006043
12327993
6108946
10812658
11874647
10969725
6156114
10740966
7253940
3908566
8448977
7422004
6666313
10432824
7810501
9119952
8817956
3392581
4767512
3005539
10819095
6552971
9738402
9697130
10008845
6975204
9950239
8616053
12933705
7078521
7149892
8697999
10239656
10013891
7711554
9704619
8609704
8545973
9472991
8085050
7649198
10774167
9209550
11746074
10401010
5878326
10922445
10353777
7894232
9383587
8441434
4014426
8894935
5565129
5965901
9190403
9769420
12736307
5345713
7402288
6039434
11387323
10355159
10170196
5324918
8303125
5662995
8070131
10084505
7809080
8727097
11962579
9183816
11690599
5242272
6012622
10213594
5820316
8800915
9835945
7289224
6274813
10197351
9976513
15091013
9367719
6328003
5354407
6273109
10456521
6975713
7654803
13222445
9312317
9817544
5274746
11586640
8746300
12825807
11586975
8212082
6868862
5275407
9182353
8215474
10716609
8023695
10769536
4078282
13253042
7930010
10581768
9856522
7500323
2718521
13029246
12343596
9640204
8046710
7129798
5712609
8505394
8985554
9905327
11605058
14754922
11737576
6654059
7467935
9239376
5839305
7952297
10452658
8056753
7460186
7225268
10216538
7836547
8163118
5722547
9441843
8272851
9295823
9205070
10087341
6679495
8636412
10246116
11098271
10267937
8395644
9662129
7864483
7559948
7788935
10799370
10714411
4480421
7296394
8484539
12445588
12333409
6875843
6904978
6558348
8871914
11214013
10385365
10632140
7374559
13182603
9778858
8037269
6515027
11001420
9894548
12242429
12922495
5832029
11102745
7620791
12739054
8724124
8983277
11941926
6378372
7137658
9772830
12652201
13715046
14622789
5696774
5779714
9384243
6521350
10141926
9486012
9750515
5901871
10183098
8532948
7925608
6925128
5741280
12412705
9499992
7379208
7974502
8378898
8711736
9788261
11033872
9775003
10820867
5966358
10040059
6055860
10042591
9789346
7799628
11490583
8335038
9607287
8533915
6722729
12085024
12474986
13397318
7272697
6248300
11036601
8492502
13113261
7297681
6305839
7345996
7967157
8165015
12860712
12252107
7185494
7258008
9377089
10147738
11688450
7341812
7301218
5511036
14294019
9195747
5680958
5912069
8312468
4800122
10315970
6570189
6860715
8636757
10783711
10240678
9561599
10071308
7803433
10350455
11236861
8748613
10076922
8347564
8755435
13693352
12285155
13247485
5638915
7721475
9245503
10817101
11468569
11033173
5583809
6545665
7282288
8268818
9394753
8433359
11322814
4391434
5925257
10111708
8310939
9434937
9109751
13811330
9882295
11176250
9111645
12163465
10224046
8815512
5748163
7856831
8464682
11336043
7347833
8528425
8193597
10374957
5895707
7057222
10023370
6502089
9450499
8167898
8257215
10578567
4828950
6540557
5537883
5101844
3850121
5145399
9878225
4510432
9561744
8366176
10243900
8520421
4826773
8499289
13463143
9109821
13576716
8120160
12886174
10410127
4511912
6210520
13232102
8796528
9660339
10295119
5341101
9655501
9446600
10037922
9900322
12544130
6034504
7814088
11319886
5504614
7211719
5608730
2241449
8105788
5967567
10330474
7165987
12337704
11831240
9597064
8003111
6341970
12962932
11821639
9303021
12088125
10785407
4208937
15076797
7979391
12211300
9858839
7307058
9542804
9747169
12959431
11422486
10178764
10355317
11091003
6485187
9444405
6209933
9498166
11210689
8134813
8525585
7872222
2197383
7266704
9621724
10080274
8170887
8990689
11081330
7204005
8942285
6354650
14347376
10161670
13882250
10142402
7396886
9078356
5843329
14485365
7540760
12336883
10721156
5811501
13176489
9869143
14293312
9862793
11332591
11099394
6294837
12534604
8411679
13535883
8131297
8179898
5811652
10244583
6540921
12294282
7360537
11526661
7328499
12958561
6686338
11356035
13447327
9443261
6639708
11046884
8130659
6268882
11864878
12633907
9295511
8635067
10043751
12586320
9348892
10476725
7574150
10961936
10075536
9954295
8710258
7201669
12319217
8325836
9947352
12199724
9486016
6738228
6716150
7267139
5903980
11288093
8457296
8085513
5450188
12208074
8459540
11764675
10643777
13284884
8615337
14601243
6617924
12572460
8685879
6090494
10299473
8613565
4783804
7529677
8933470
6556867
9286341
7063849
7280962
7066458
10592177
7653852
8200799
11260746
8584057
7391041
5455102
12218885
10153476
10985262
7239788
10660458
6328526
11181340
6859360
8720694
10773837
8729185
10439894
9280830
8062591
7156828
6802439
9816833
7286191
9078027
10373612
11601618
11951534
10758931
8546283
9448158
6308117
12839161
13991665
10401324
10430700
7852703
6488261
9902163
7044787
10333910
11804262
8176931
6527647
6043787
9088652
9069160
9038640
9079402
9315191
9731689
13040127
4697833
8546343
10618599
10974142
4554456
6283632
9319208
15921611
10278841
4099319
8097430
6246621
8299294
8831622
8852044
9248042
5264452
11038289
6603308
13245057
5349852
9109434
6264038
11330632
6515621
8170576
14260588
9325348
9841051
12471685
10484317
9267045
14123888
7903263
9513934
9837937
9162151
7303643
8620887
11316453
7977184
8622179
8650891
6821651
9627000
7448950
8268640
8800298
9410522
11761811
7607345
8695363
8257133
2483197
7172200
7981214
9455900
4676699
10343733
12791703
7920563
7741655
7833321
7455464
10923233
5395913
10030854
9712670
11042591
5546610
7220078
12162411
4454585
6053428
9243809
11384448
7261651
8793623
7696689
7452866
7999057
10314402
10782659
8005966
7938093
7969258
9714143
13086518
8691584
9165012
9506122
9564886
9821010
9263685
10186007
8709689
6269394
6603301
11375407
10753666
12351806
11654182
6911894
9613225
9621784
11165377
8586985
10248276
12458062
10477188
7785774
8515381
12271623
11306835
8335027
11769739
11204697
3405046
13738795
12552123
6260770
10410579
12688005
6335306
4996794
9901095
6816729
9000533
13714164
10188686
6380200
7237408
8077677
10751902
7495362
5246266
5771115
10431645
11076769
5516213
7897341
9753048
13413992
11508341
12157418
5389130
9591250
5215795
10564600
9568650
7725908
11073792
2921321
5580396
5690168
7368743
6651446
3599582
7128632
8798985
12751034
5987304
10614853
10377782
15816230
8377823
9033304
10769678
10546983
6683215
8589427
6409648
10968831
9677823
7726674
9116470
9445886
11544018
9609618
8903202
7071345
6775373
6662582
11135532
7635563
11396528
4140563
12043428
6540417
7669292
13943216
11205923
12178586
7054764
10931679
12981882
10550798
7357498
12206741
10177130
11696608
5761174
7232922
4255492
13245088
6782867
12403025
12578836
9954502
4484225
8257017
9921797
8647691
5644496
8999084
7667621
10303492
9040521
11521845
10313473
12422734
10143365
6391397
11292760
7143307
10515453
11445112
9201164
10029504
8446901
13607841
8837619
10994828
9258913
6937399
6171993
8529410
15872415
10008134
5375895
7005581
6639061
7889569
4108233
8619517
6824205
8088473
8316041
11996485
8074750
10631949
9029514
10951321
9418582
10998047
5041757
7515789
9470556
11939962
9924535
8992509
7212311
12376389
11754187
6777363
6342526
8740038
9276799
12625437
12549364
4520782
9102850
11916829
7663340
12824124
6432183
8821863
9779295
10172628
10090298
11663428
8203465
9956416
10053957
8208414
8571773
8015240
7509785
6863426
7750096
9341762
10002852
9416447
5079331
12284239
10164233
8870532
9285629
7416717
12250398
11077446
4060036
9022513
11004598
11288426
6806355
7860462
10843304
9320529
5838981
12323041
8965682
10091762
6162564
8985581
8113960
8747828
10261623
10158461
8889243
9859195
6929666
11595165
7594723
11354338
11220963
10133244
8697680
9424243
10083540
7199765
8257639
8181493
10902074
5650142
10926106
10927297
8949081
6245636
11132348
8221806
10177443
10031931
9778986
7426215
10253336
11737621
12436630
11401905
9752306
6792637
9679402
7320902
5800371
7111951
11151141
7517863
6149720
4918848
7800047
7695358
8537742
12681027
5099742
7154290
11948741
9732641
7973410
12977094
7548361
6683098
12888665
11148365
4583123
9970065
9954548
10035844
8244617
9552648
8646951
5929624
13445208
8760843
10244207
7138084
7644279
9062015
7638995
11560646
9954115
7450530
6358203
11767409
7525368
10108636
7568393
7021801
7948383
12137517
10277048
8432695
9419908
5995988
7313660
6221146
12938715
5714752
13705795
8614663
11058802
11952909
9675135
6423737
7087918
11189454
6287267
9948937
10750854
5215637
8859772
13521487
4709741
8771663
11178293
6823539
11055037
11040522
11201577
6715159
13483512
5782825
7592631
6015650
8335044
8562031
11955823
11406032
8739995
10817663
6990701
5743446
11343595
8629440
14295527
10896505
8790828
7371152
9177140
10808637
8131056
5040915
8342205
8969621
6422693
12001178
10381550
8349927
11011798
7747475
13773339
11707994
7647975
8971496
9287441
7693068
6206514
4525356
10661085
5065408
7340941
9765363
14404286
6565886
14058087
6352905
10209209
8006788
8279782
11628868
2306926
10418938
9328862
7062373
10308217
8546225
7493143
6870895
8891007
5740791
9101446
11319008
11059421
9301591
10920150
7261316
8416618
5337531
10627238
7039146
8554450
7392712
10888429
10418291
11878968
9086464
5809692
9259736
11558944
12215623
8550263
11802947
8997350
7489284
9720173
9298300
8488031
7593687
5971945
10604425
10735271
7258927
11111843
10546677
5751543
8342178
8514491
5788950
14987514
11416866
7716045
12072152
7249464
10470215
9342392
5913093
10840103
10178377
7329694
10766483
10738266
2177909
12145951
6028107
8309225
8188365
9892966
8779890
6275118
6232894
9879568
9650298
8550070
11047172
8172334
8532832
13805511
6866946
8507468
9558969
10332251
12600148
9464264
4853704
10114331
5009594
4421989
10338487
12164049
10568123
12455897
8201005
10487695
15692427
7608954
8993547
4064409
13741742
3255580
5584029
8310052
10534748
5715627
6024413
9251642
4299581
12998734
9536174
10251884
8029574
12664966
6625479
6247676
13396071
11279032
10067173
10868830
9427647
12034720
11641729
8329423
14796897
14668872
8069424
11730934
11558797
7229553
7677192
10282123
11569123
7447145
11449617
4817794
7281910
8434594
8459702
8284145
10604338
7357512
10524123
7626375
9679344
9676131
6055649
5792143
12215529
8366234
7040211
9805996
10059210
12278604
9926013
6832684
9667968
12664712
7218528
6277083
5904976
11062780
6837118
8135747
7136704
12720953
8353532
12837879
9723849
7706636
11401968
12738487
11819650
8150344
8410356
9285768
9011633
8257754
13438986
5166120
7976079
4221070
8291779
6070552
8504632
9819234
8909171
8207828
12554660
12171086
11413468
5934608
8523246
7453721
12671954
8474087
13529739
4795197
7094028
11270423
8952304
10236234
9125473
7392232
9846645
8970545
8550652
11046247
7419173
8410649
12997701
12485772
5260470
10446659
8712181
8571237
12424521
12193635
9978247
11455593
8240950
8978752
5976721
8391613
12901045
11230089
9699077
11615461
8389921
12801609
12703318
10516707
9424863
10099594
9413654
9817802
6569959
4904085
12277760
16448623
10112190
6519866
9774989
5842142
8649476
8747958
11263090
7877543
6057970
10690647
5892117
6732038
9798675
10577524
8971986
7780636
7138334
9826167
11590132
3449492
5423183
12888864
6405544
9190525
12802786
8470002
8140111
7601901
14896663
3339465
9367640
3694136
7618992
7495165
7269326
9098761
9236662
10172819
9266416
12968836
8957839
9511652
5308658
8988111
14039598
12210159
9165977
7187719
8726397
9107070
7209191
6555914
6865233
8445098
8747088
9386620
11764281
9134687
4982361
8723131
11842841
7736946
7679607
7997835
8958618
6176371
6423267
8170071
12442464
10188474
11072487
9004036
6046178
6305687
7338464
8140516
10076868
12770338
6019461
7590554
10238159
10144904
6777656
11816784
7620446
11880524
8142651
7309202
9067129
12259545
3628905
9418391
10088367
10869443
8456748
8876729
8611326
8235369
7149651
7777518
11445391
6864258
5245578
8450795
5449986
10646649
8104497
12146178
5006117
7985079
7401646
10697990
7592800
9033444
8232936
7378890
7793905
9367620
6993400
11185622
7589362
5898591
9553221
8469537
11446821
5456683
8649948
8813307
8906288
8774334
6456813
6859222
10230251
11545158
5908871
7439362
9831274
8737418
9779445
11044664
6615863
6004974
9283303
9374730
10903475
8478246
13105171
6807404
9338253
11948104
8001986
8302442
12304953
4606985
7756030
8907042
8933047
9623240
9867284
3292050
7998901
10330864
10140756
7577961
8220476
6725856
7293852
10871382
10294223
5534701
11487355
5150850
11042949
11034116
8029345
8331589
7668087
6624523
9065746
6386279
5843602
9400979
4934959
5710970
12677071
8521624
9056968
7378326
3944352
13010549
10805276
13847195
11605725
10040435
6672357
11879169
6936119
4225007
6194402
10955335
9211125
7790223
8874559
10721910
11600849
9328535
5296413
5452119
8546082
10004716
7494810
8116087
7532698
9736329
6898480
7388984
7901364
8078049
9764948
8468675
10874319
10528625
8040104
7209726
9493585
8820549
5733550
8922622
8132531
6289253
4505562
12209060
8610881
6607488
5285502
8628540
1259233
11796908
10348444
13038871
12807765
8603660
6560345
9945614
10965734
13122394
8598622
5604743
10526993
8949017
7455860
8902661
10710082
10638708
7934799
11306901
12366601
9101484
16936344
6972850
6741351
11039552
13180468
10036409
11090368
7656017
9559017
8930179
6939455
14236276
10553812
7047657
6141250
2762301
11622030
8506397
6735386
9902444
7034972
10581655
9899929
9869780
7039270
11372459
7941496
9792136
7079891
10778220
10882430
10264965
11166115
7209919
7181710
8871185
6655343
7844103
8856327
10979707
8745257
10072811
10995791
8136336
3256458
11438343
10357230
10811746
10425697
10243223
12025530
7081368
9259879
8255051
12408582
7686572
10961073
7884818
4678974
10242935
7021615
11540366
7103675
11157337
6473422
6289266
7713477
8860442
5510175
6624408
6433402
11750111
11534596
9758847
10490305
11343036
10216503
5880363
13199001
9453912
9673794
11725836
12025744
8066083
11316397
6134240
11543901
9711535
8997731
4964825
8301864
10080956
15496129
6828089
12263641
13328439
11618833
9400009
7983368
8481605
11785782
5288733
7127894
11178956
11124091
11235144
13802054
7474937
6049497
6661997
10035119
1451118
8811892
10507173
11969221
9880596
6523495
7642214
10541771
10277953
7710428
9311057
8388009
10502950
7163680
7864448
9032027
7379537
8405545
11475738
12380182
12149736
7167305
12775548
7242585
10773399
10834682
11407044
10085612
9924659
9290417
6224345
10940500
14365098
8445356
11338154
10362870
11391470
6183780
9256644
9274910
8409563
8984104
10579402
6428939
10608245
8040684
11989732
8106948
10206299
9214567
6449811
10017016
11082829
11682959
9127353
7051457
4296717
9674819
7858060
6557965
9525818
9707628
5503252
11701619
5265025
10961912
8124394
7323806
11637013
8680011
11199136
6592313
4645256
7799193
9967048
8482261
8299379
8750249
6945788
9633911
12005065
6767416
5862999
11139855
14651554
7402093
8581654
5907293
11642892
9722941
8482560
7821157
6486908
8362213
12600974
10570047
8458041
5925007
6183313
8605990
8429481
5626539
2783037
10391364
8554195
6666001
10208917
8002460
8846844
14116346
11120863
3843131
15161059
11616191
9744764
13439213
11508363
9467261
8573817
9153206
10753181
7201452
12730054
4061237
8522260
9366264
11175851
7181555
12154200
6846692
4694214
8289331
13420876
12101975
9990814
8757085
7563851
12518542
9511714
8091811
12815013
9856870
7639892
7840946
9379199
7523018
10930831
6063028
7468767
11398163
9951165
5201871
8335697
12043320
8134304
8014543
9122285
10038491
12409306
7081958
10253887
14543758
9730917
8440555
10633222
10360109
6887673
11509388
9471264
7325834
8201944
4141256
4594918
5806316
5962306
7137820
10379606
13279650
11470985
10037445
8966926
8395234
9551913
10047359
8890362
8825629
9366630
11924347
7002472
8765245
10205322
9811681
8542832
5946759
8931517
9670441
8679182
4780449
9962715
10828542
10476239
8507173
7419712
8706246
5869842
8469168
4973096
10781005
9132507
8657243
5713649
8444970
9257323
2997546
10264478
7171080
13183171
5519158
7405799
7711276
6652520
7924784
12444025
8311531
11847121
5919892
9071772
13659513
6317197
9871148
8059024
4858693
10140729
9331373
6419827
9453880
10092011
10881182
10945209
11935579
10232833
7188282
9878599
9008052
9213453
8565678
11996134
8591068
9994016
6503687
5158566
10127951
9348892
8751410
8339977
8259289
11108530
5979613
2597520
13380096
11054632
7857079
6640983
11048466
9366826
7830594
11933692
11263089
11182142
6404208
10331940
4025483
7808214
7522326
8889275
9871406
5991409
3554637
10878198
7962415
11655288
7244447
7859823
7622818
8501890
8151144
6852459
8266463
10671935
8350953
7862269
8511921
7505736
11628704
15654131
6271953
8074502
11984005
5745544
4555571
14794692
6975924
12378792
9842162
10463289
9324970
7999537
6616315
11052212
14405430
7148444
11637500
11341314
12638754
13266421
11224462
5806096
8046899
6454432
8614909
8821169
5575439
7485291
8449600
8982577
9687228
10046340
6901216
8117779
8491987
8438842
10456681
10793954
5277046
7042373
7413071
8935940
7465904
7197511
8798458
11675795
12879122
7103546
5876656
5494255
13288901
12690429
11481477
5965777
9812391
8700406
10459685
10832513
10021795
8188217
7778913
4407267
7461999
9099369
5682850
7957702
7704536
12662858
9540072
11059701
6441345
11450576
6422765
11540095
9197063
7036674
6704705
8609893
14659020
11308082
7603754
11156109
6884211
5191585
11141793
15447537
5518488
13809483
11177143
11360619
7338714
7647521
11754154
5716238
4897959
8465174
5772449
7300083
12114708
7856224
7141905
6502178
8165256
12269080
2848124
9785587
5790052
10040113
7691735
7761541
10578101
9020853
10363507
9182582
14884719
10657813
14419327
11630778
8621579
10405452
14058672
8903979
9257971
7264331
7121453
6284289
9491106
8828898
7523979
7138645
7029282
5540549
8302517
10842325
14588679
8073608
4611229
10733432
12039697
12574431
6614181
8818722
9206927
11487240
11696264
8667085
11287925
11105165
7537718
11487501
10417296
9473580
10629903
8692591
5541326
5649438
8348418
7480728
9018123
7235922
7353071
7863709
9444667
9237351
3886946
11668417
10980715
8774115
8998680
6683035
8132284
10264366
7833162
7882582
9259782
7169632
10310867
8994382
7825532
8825848
11533005
3858288
6052319
9741837
13929770
10668094
5758708
12219391
10630815
8105334
5796685
6838812
6232687
4525447
7883712
7582278
11036028
11957703
8043079
13664758
5593994
9613841
15117018
10251206
6862077
7971820
5907614
8843899
7129088
9122822
9968096
8776652
9888633
9747884
9169308
4574018
9950333
9936564
12079180
6756643
11503229
8726604
9358203
2603381
5427373
11821526
6041907
12149919
4474723
7732862
7082684
4849918
8923709
9765921
6939414
9124906
9630787
8194917
7222093
13228927
7132427
12580878
10774359
12751985
6307338
11161900
8784021
10912251
9948572
7633082
8889611
6587151
6340226
12708299
8453684
9380708
9850139
8251952
6853010
12648182
7153997
7230881
6635609
7834379
11528890
9247603
9549090
12166022
7008302
6018363
7837116
7926471
8636999
4065038
7349338
7374612
8530569
13429130
5449018
9138010
9765853
11489445
12375690
6839573
10202302
7096248
6960582
7562205
8079810
6300008
7528030
14182725
7675954
7088795
6688301
9444594
11237264
11403988
8135779
12725338
5343005
12031402
7784159
6927192
5657498
6982705
11611713
8279339
5244531
4654607
14660629
12679899
11176395
9749947
6582857
10051128
8124774
8600605
7892834
7335511
11018474
9884485
6347089
7833142
10934768
9810420
7659758
6467050
8653594
6485419
7447384
11099311
11565104
10257797
10704219
9688853
11196317
6919303
8628347
10079799
5588293
5395061
6486414
8797316
11365268
14382899
7665443
6354119
8502323
13735460
10576609
4940219
8272924
5251212
8442607
11643451
6384408
5307491
8686693
5899708
10310795
5777582
11869291
9630344
5509078
9194855
10576204
5788268
10119370
3768889
11439082
7429954
8886362
13422675
8900600
2479287
7171127
7613387
12161358
6718584
5163896
8074645
9340236
10371477
6540653
10663622
12417653
10793849
9461975
9545908
9749538
6994931
8225713
10741186
5492771
8094271
8155645
5664970
10359632
10292684
6685282
10183404
10972623
10751838
9453702
7362558
5680590
14524841
7513301
9931927
13857928
5323087
7841736
10459066
4683404
8635085
10272189
10848064
6281782
10686495
8168849
8004441
5981123
12682409
9264997
11800769
11755931
10128422
9611865
6872510
5766817
6681007
10647945
9831194
11018689
10483396
6853573
7573005
7502923
7502488
9683111
5584337
6470065
11640505
12871117
6610474
12124479
8666728
10558738
10698370
11668486
8584542
5570583
4019755
11159425
9396362
10224427
10596794
10039405
11519205
5117084
6814502
14091767
9466986
9568977
10693685
7974033
11291431
4946370
8141002
9057342
8747500
6676912
8016134
7625233
6271241
12692450
12472871
9443858
12264175
11229995
10017818
9549955
4548475
8793512
6613579
11093882
8391134
8693257
9755089
12312826
11350203
10027592
5136372
9544865
8756531
10594891
8066766
9717155
6763162
8661984
9041757
4882900
9560093
9906882
9915238
6601041
9917437
9003823
4908297
13157902
8373157
7320158
11924258
12681209
9610601
13071826
8116290
10009187
9216898
9433922
8997484
7568449
9541310
5547028
7355125
15535815
8178986
14527486
7078453
10853393
6373985
3800398
6026405
7315639
8794265
12378173
15190972
11708713
8056016
5875382
5494983
10128378
9072683
4374683
8638235
10158824
6479647
6500431
4138810
9329231
10305762
10979636
10928748
4771060
10822358
11656258
8895526
9745679
11777188
6891815
8158163
5950235
9280262
11929945
8777984
13035012
10169059
11513147
7118649
11897653
8399969
10248152
4759172
4814211
6478749
11177986
10710578
5349354
5776258
12631509
9344210
6408014
10530382
8832199
9245288
2716924
8047562
8248741
7328230
12464384
7978743
6535084
8299614
5923329
6388816
10225526
9509958
9473324
10350835
7353282
12306047
11768010
11531878
10199032
10786583
9585339
10186706
8826850
12139539
10005232
9297735
8177308
12384974
8501882
11647226
6752156
8610727
8162126
7399491
11671557
7064462
7709801
5392726
9372859
8165704
13541596
12372445
4404532
8305870
10232055
7440807
5360433
8678675
6522117
10660860
12150217
11101218
11600344
8704875
8838913
9542497
7899075
8712887
8122481
7519510
8614466
6636981
5289102
5040093
8282425
9012671
5832532
8825036
13344901
6125267
10227772
9832065
6313432
9383600
10507307
5053824
3542453
10246248
6502513
7778330
8340891
9316637
11926090
10646891
10455445
4546632
9542298
9313266
10276015
9338747
11389427
9236946
12030367
5140554
10941108
6088721
11408420
6634762
6319088
10596986
8159730
13223026
10381086
4656328
8616995
10036470
9453989
8138596
12199717
11813582
4333176
7479938
5903953
11241768
9431712
11898995
7887862
7703169
11117874
9328247
8418504
9845056
13614421
10523975
8672012
7491401
9926326
11397439
12403942
8197760
7895846
10033570
6770057
12644564
10333314
7529573
9136862
10490578
9151829
9978348
9300602
8261277
5434288
7383176
3786310
6757027
7818554
8990132
11953212
5642089
7629036
5844225
9673030
10310314
6349778
9208762
11116060
9550391
11307017
7002078
7817936
9406451
10467625
3765307
9568640
7979846
6281923
6230407
9968872
6896463
8333216
8687495
14046262
9735441
7042393
8500190
7614468
7807786
9662010
8619954
6392261
9366114
6646652
9719272
9284070
8850564
10279673
11095327
7835185
10334980
10164684
8804687
2149997
10208733
6983842
11670273
7668727
7780913
9987521
9447598
7528613
10093776
4766937
12933731
6956701
5593185
9460237
6968441
6651818
5629365
10540899
13320375
10781603
12968111
8264613
5720989
11612168
9521614
12599292
9029379
5645947
5257000
11872034
9294628
8447372
9221038
6936653
9431112
7681064
9970139
7443923
8593067
6905877
9518897
9880487
6286325
6154907
8941455
3856432
12029088
9228221
11637853
9285337
9224836
12541409
5381394
8757046
8675296
9441859
7356828
8068569
8323242
7774106
7047796
4412327
13395551
6121351
4958456
10723878
6226442
6516626
9253989
8902125
8906094
8417910
12807603
9798730
5901246
10474188
12473324
12849216
6363912
5603604
9394841
8443454
11060217
9336969
8795850
8633338
6767398
12173404
8248672
4267550
8018852
4601279
8352857
8983443
10490166
7835319
7937230
10767144
6642429
9956319
10962209
12440350
8365200
6491639
7597467
8005354
7184603
12706358
9650618
11920014
6842859
6266808
10961993
12206185
7465728
6335888
7497778
4638429
7537977
6976890
9526695
8275842
5838114
9567097
10211161
5088410
15965725
7097794
8635437
11672613
12494517
13205619
9522369
10116873
8809604
8075570
7666674
10268171
9856191
7853777
12224267
5378967
8753600
9523189
6601885
13174883
5875104
8097959
8832269
5224941
8507677
11443772
10301676
11141587
12419876
7630322
9621999
9054163
8090999
6115291
7837510
10065660
12959241
10067981
11173117
8759252
6108408
8472951
7908626
10630382
11283059
4637832
10190555
7032003
6332792
14330844
8835658
10360835
9250875
6524659
8995088
9583990
5878899
12640743
5442804
10226208
12792367
8598837
11267394
9661029
7142396
8288041
8755512
6867651
13464039
5305111
7009817
7262813
6798437
8096616
7841874
12355965
6163481
12133823
10563568
8322084
6150352
9256221
9453807
7104655
5455181
4197697
5924573
10387128
10167752
8280260
5683825
7958878
6686630
6523694
7654545
8527260
6519456
9458898
11946006
11948073
8103138
5450441
12405558
4529045
9654871
11265428
11130543
9323335
7355444
9865122
13824362
5716467
13688562
11393843
9097897
8497830
8268889
7049630
8195592
7569605
5577849
11863358
8358063
13219020
9142583
7824813
12345673
5940405
10535640
9335231
7435773
10394441
10961621
10040111
11907802
8827656
5849672
9914357
10238369
6606740
8580549
7626959
9418747
9878171
5101047
13903701
6433016
6308046
7909320
10621515
10906964
8940395
10949974
8904833
10008162
12465866
7009159
6829259
6786649
10075582
9607403
14491539
7793063
10034463
9962435
8059530
8186252
9545380
8637485
8884579
6893588
11476211
8404294
9724621
10924238
7927342
13467038
11777450
8563286
9094994
10700507
10631613
4185681
11157822
8778431
7299628
10716153
10083396
5911354
12549904
10599964
11238862
4385395
10485778
9639947
12996544
10213616
12008415
16006612
7804434
6195998
7233906
9416464
7460228
3150957
4594367
8386243
5945882
8562967
10295474
10408030
11794138
4905245
8909351
8487224
9696142
13187175
7735865
4273397
9545042
13915358
13025082
9133270
10247288
8087948
10123984
10520637
11511867
13142994
8885044
3616535
10547860
11729155
10038955
11270212
11710690
3904880
9188598
7418634
8897785
9672122
7981959
8667534
11483974
7358421
6316453
9635338
8415876
12848397
9939367
13176302
4645429
8334731
8772921
7496391
11498910
7281807
6779944
6269198
4434614
5683844
11165968
7889178
9164395
7925644
9785485
9154734
10118052
10706358
10060183
9595532
11380351
4691347
8003628
10041611
7003336
9486416
10361793
8129553
9220824
7768720
9914819
8026286
7475331
4528605
8510442
6465613
12661361
8496350
8807971
6634337
8160494
10637323
7970794
6273743
8446459
9595598
11783698
9062569
10577561
8424919
7491838
8965943
8585973
8780135
14307460
9821836
13475583
7182928
8180642
12126297
7838537
8640371
6791591
8396383
9469148
7604161
9601429
8880289
5835010
5606413
9604620
5731129
12605072
9182784
10057688
5897822
10185793
8395279
11291062
8277776
8641208
9974778
7278511
12024032
8136645
5865439
6672041
12800538
9137599
14504978
7648635
10323588
8092488
10495164
5948597
6940068
7985156
6910588
8340891
8435839
12061752
16145027
7742022
8249941
7839690
3252192
10506509
6401857
9096097
9780469
10215291
6192336
6957970
12049577
10167518
5837378
7512921
6885515
10930284
8782891
9623921
5403397
5627155
9168592
10442543
10967352
11356172
6210695
8354807
6353088
10502551
18012410
11334754
10463108
12133460
5002985
15910838
8991838
9527547
8847634
8082623
10675110
9796727
9091525
11328997
6641066
8178067
7533262
9704915
8371744
11161076
8065788
9754655
14025406
7652930
12192243
7882352
11525281
9850331
14191285
7233356
8660760
8086077
9598790
5523972
11240764
9300998
10444048
8495888
9721356
9576214
13873349
10579201
8595307
9589627
5048189
8627257
8015643
14054249
12712149
7667344
8226308
6694998
10118342
10373363
10051588
9642254
4371058
4233571
10563065
6547813
7489549
11757906
10009964
10079559
11785218
8074517
7736747
6048285
9282080
10590584
8590857
9977077
8258569
6337908
5039246
10717917
9215207
11209953
9759331
9221330
7406563
7565189
14460898
10919413
8327956
9149766
6252619
8601319
8670542
6137804
8576559
6086441
7802069
5012850
6603806
7630101
6987882
9068607
2868261
6589693
10089791
9165697
10497395
7938115
11357132
7091637
10806569
8246101
5996080
5651878
7502339
9430255
8414244
5411579
9203136
7852115
10813488
10416789
7875684
7586025
6232790
8587772
10813416
8163162
11780819
10115448
8248313
9398566
9135949
8491535
9549076
9105130
6538738
5985156
8592786
6818512
10855213
8214070
6052276
7104795
11347144
7053147
6058814
10028563
7330309
10754044
7838925
6043998
11965778
9049492
8325358
10074221
5755832
7125941
9275872
7680160
12445595
8144698
7646910
8080393
7524762
7960703
7099369
6260347
9657448
5888489
9977578
9894774
9929255
10265463
8450392
6280160
12445567
5799174
10069563
7582737
10056591
11125425
7517843
11834644
6821978
9892327
10895456
11239303
11243162
9888892
8085925
8075799
10586016
10737142
7230668
9710521
9518524
9627401
10510321
9513503
6380864
7675342
9723020
8302087
13565198
5551453
10621618
5584745
10797140
13116613
6564412
5528396
9386366
9175286
8157530
8523157
7537612
4619523
6243291
10032716
7661074
6951873
6881401
10050258
5108720
7667842
5448468
11295359
4840464
11259771
6828678
10901004
5293016
6855474
11611297
7602774
7653962
8223480
7669192
6417692
5731187
5750965
10967964
8222102
11057727
10036786
4253262
17740952
6304859
8571521
8298538
6640880
10675424
6801169
7916931
6560484
9719542
8964296
10989672
13068218
8192285
4095267
11470032
10087810
6669944
7290666
5274253
9754032
11199976
10622177
9878789
6257765
5238204
9720135
9685039
7781289
6541463
10664957
7606484
8013768
9538982
10480471
12761378
12326394
10048986
11630877
14386821
8306323
9339936
4073253
8617418
12306843
11251590
7876199
8272038
7521410
10578175
9258577
12829240
9333673
14783346
8772971
8254087
6874381
12868874
6143468
8089955
7006597
10303114
12111045
7341519
12897248
7713060
11687384
11781386
12999990
7852457
11858733
10570566
7374035
10515756
7454327
9611985
7077385
7776571
13391329
15442850
10050472
7938524
8248335
6994867
9506543
12298688
7271072
11267622
11134382
9424862
8314967
8752901
6713222
9464328
10303555
9709609
9093100
6410526
6159698
5924094
12186971
8664294
6564682
7727633
5853431
10739493
10404835
13139979
8098658
7224112
6138034
8235921
5994325
9746479
9831651
10398022
5228805
14474750
10497881
13105933
10716871
5909340
8498355
11598970
10659533
8148480
9705995
7172343
8332805
10504450
5761919
7246163
5675585
10972044
10186284
8580769
14633898
7524946
11567735
5044995
11676857
9300171
7208001
6722777
9660189
10131059
8383927
10332396
9739389
11692825
10325768
7826656
10314657
4759130
9123083
8399543
10303175
8035134
6133037
8839090
7710078
18089802
9284305
8377566
10256754
8918142
12176121
9232148
7632189
12666565
13192653
8241404
9480677
6064897
10641296
5939607
6909528
9931049
7279445
7498471
5185523
6451489
10853567
10184948
3605847
9176602
8992355
10358440
11945689
13472313
7038975
11783943
11414563
4536604
7495671
8158569
7867637
7750315
13916542
6730301
8567724
10146827
7881254
8618362
13073024
14304089
7927063
10372689
5468924
12992728
6495908
11231274
8833704
10504097
5543729
11391091
6255954
6734848
7586396
4958031
10937885
10364178
10164710
6251747
11540279
10848828
7258600
8953099
4247757
10861863
8958742
10381216
7592633
7761674
8244267
6132171
9590577
10367156
7065510
4229260
10240069
14264631
7222635
4798150
8775248
11825418
3788054
7927849
9130125
13710458
7888697
4633201
10090496
12684410
7773874
6743080
7114634
8841856
5970563
11710904
9274349
7585103
5980461
8280460
11110745
8858862
11557032
11766097
9572487
7256270
11317906
2351191
11090764
15168696
12130908
9858244
6462650
7915933
13418275
5735419
7159545
5293949
6088112
9113259
8191856
10028499
11213987
9640096
8512442
7364321
12633720
6193514
9796638
9029870
7213106
8224519
14386415
8597518
11416631
7679144
12219147
9188668
5609850
9679161
11954753
9911677
10128587
6899215
8661695
10551233
5452035
6818477
12488784
12740714
6300693
6644492
10448656
5713488
11641453
929748
10664951
11750810
7980334
7029696
7868796
12154289
9859119
9268013
12691657
7016683
10335239
7681596
11097432
8767125
11230684
8015669
9355724
7450979
11034136
3825792
4594925
12058563
9055387
6618872
6273011
10010335
3913579
10724719
3633088
9424074
9377496
10755938
8687808
7191647
9245223
7638244
9294165
14388339
8400859
11520154
9213676
7568196
5095065
7214752
4540384
6870674
7115400
9666955
11495253
9964512
9634114
9746696
9103565
7883329
7085284
14711478
7884384
8835993
5547306
9467468
7264677
7826142
2473878
7205552
7961073
10204291
6740619
8488712
8910139
7191408
5798561
10859752
5739352
4893723
13224141
8201409
8878166
5795046
9679072
9286360
9610424
6922133
3091005
6533057
8118567
9489781
7272277
7835737
11530718
8782899
16113151
4680771
11401686
7528276
8709641
8857302
9020085
13116354
9518940
7828787
9524772
6594330
9382661
8109919
11951730
9621155
10089347
11195356
8919853
7509961
9735784
8696477
9524269
10544098
10158736
8101295
7907867
10468715
7283568
7718272
11753885
8566179
11603763
10079954
6085835
10827753
8984622
8043082
11251242
9343216
8893166
5711392
12178495
11677775
7701737
7388002
9732140
8969456
6091532
11308571
7693732
10514845
9576311
4254281
10263877
11083528
7641243
7951733
9857567
7210577
9668488
10903755
5912560
5695392
11748063
11118223
12916314
8013245
9433782
9724789
7615687
10812371
8978539
9339539
7199318
10217189
7694139
11740353
6225849
2408643
9393825
6518408
4366728
11781555
6040653
10471944
9125381
8261194
12527132
4708117
9390581
10167169
5652382
6557782
8851405
11471089
6899849
5454051
11207312
6146240
10321877
6066903
9411843
9643953
11527372
6163886
8329152
7402546
8867535
13250108
9429012
7204135
7361816
13224623
11172047
7737810
5801724
8598957
13413591
10017959
13233028
7448329
6337823
8580066
9390683
8247710
10284155
7947973
10637814
9957578
12168518
11420646
5082624
11119354
8263092
6234568
11924620
4492900
5884304
6509842
9542885
7002710
4950755
9397018
10853876
11307282
9640773
5600367
8755722
12034900
6885399
10267021
8201133
8464076
6914405
8553020
4888484
9549206
6743968
6399504
8713111
7987782
7271516
8630600
8097149
8041221
10569264
10274090
9120025
5815152
11004990
7299171
6721468
5607248
7909236
13797410
7737734
8788928
13158968
10130777
9429668
5476678
7546501
7390778
5056046
4736321
5276467
12726877
8965225
11193670
9464609
6585378
7310344
8171193
7748503
8728629
7240660
12230380
7739244
7025635
5008173
7862587
7946166
7784262
6208904
5364244
8878958
6795268
9350386
5877540
8992505
10043083
9179528
12215958
7931915
8568842
5010126
7535359
7350806
12163241
7924606
9315714
5209359
10160807
13329196
9505571
10944127
8305418
8952783
10014903
8209075
5320831
9407377
7308745
6858749
9618908
8612253
9194818
6878156
7167984
8345640
11648889
9051435
10128941
6267472
13095136
11109983
7434398
8608554
5859265
8611141
11315156
8229600
11496937
7791762
8020711
7880817
6194452
12378668
4875691
6429966
11205869
6068315
10071761
11645389
8457486
8439352
9987315
9388910
11901794
10472041
13960876
8557939
4561876
11282877
7516888
10294042
12835699
10904456
10385035
6317637
8812062
5449032
7453371
9438503
8756822
9469487
6678253
6632039
7682946
7302818
10836067
9307427
6718561
8041213
8590126
11087799
11236683
7164331
14495265
10332305
13246857
6483597
6954367
11977327
11908448
11464324
9329859
10698165
9417037
4633300
6939486
8649940
12351205
6078198
7228289
10390185
7534923
8003256
7530853
9601656
11292042
12817540
10381176
6713062
8119804
11299240
9395229
8813940
5541911
12510014
7617614
9506664
10267740
8119123
6279788
5141466
9915649
6467721
9823399
4812909
11554482
9839629
10380313
12307349
6937649
8959763
5889399
5468951
9323304
8759428
7962954
9064251
11761743
6333416
13203529
4309169
8873829
11516082
8742845
5364423
6204604
9829634
7259377
8018734
9323153
8590498
6758788
9649902
10836569
6166571
7188462
11312240
6693477
9098916
9373065
10900099
14793095
9793056
8524765
6492625
11810036
9309201
7632598
5927072
11101237
6123618
8093007
10705898
11180367
5230044
8099333
15919662
7547681
9767770
11570741
12177463
11403726
10067319
11048032
4636277
8742668
5311353
9790995
10580374
9083228
10208759
12277961
11747663
5316701
10732673
12444497
8150286
8518879
11549534
12113144
8605738
12710913
6231822
15220452
10550183
11909311
4297722
4937906
11658240
6438745
8447871
11076864
7765598
16500332
9400316
13863724
7899506
12006153
6793039
8811851
7254757
8276686
10351180
10391951
7594631
9070964
11168066
6629738
12973166
7651108
12101780
11460878
11173738
12407246
12632899
12097823
12083860
7608920
7937210
7891359
8244786
11724491
9152295
7082003
13836641
12068969
11517707
9751576
9616561
7127251
10832191
10008221
7503506
7171732
7645788
8666333
10076867
11134049
7630991
3760588
10281187
9706557
8306810
8135207
8088202
12750635
10684447
5681518
11089103
6768715
11169112
7961510
7299082
12738003
12811369
9427365
8902319
7343247
8433402
4769019
8171752
7528822
10022037
3699010
10369902
11613932
7042552
11139502
7872147
9312188
4434883
8163911
11558299
8832795
9083944
8079020
8728740
9794620
12228548
6685376
7333929
14415302
7218470
12000317
8835686
9692696
5859821
8664331
10371466
9070377
9844781
7066244
5719924
3213823
10013974
6243936
6004333
7541844
5296277
9201625
6139316
8310875
9461207
4555177
6249425
13042514
8375382
7895511
7390988
8617918
8144077
12432158
9352584
10821394
10383068
7632502
10837137
14093093
8951808
11348558
8081293
9343530
11286054
6608993
6562976
12057883
7332953
9747791
9188201
10313839
10987736
8167625
8316035
8853738
6979286
5625507
7223806
4014386
8253390
10982783
8491947
10511451
6190170
9262510
5510557
11205353
7712101
8764264
7412343
6718209
7392969
10789127
7593212
7652941
11657069
9495658
9271808
7358259
7677383
5740208
6957603
5740160
8956217
11212562
4983560
10421693
12832519
14058812
10461093
8824622
10380666
9072458
7872476
9108956
8501140
7284707
13726017
10334668
8424394
11469713
10820846
8115626
10692263
10797774
11993345
9937558
7917255
13397433
10616175
8276971
8344541
6537717
4079094
9043864
6696956
6846251
8728137
7454565
11231702
13122852
6500571
8869383
7400184
6423466
9222870
11420050
8667126
8384139
11710287
8055113
10527326
4543429
10005636
9212374
8775503
5676620
8509844
12384464
11021253
9356236
7189363
11397369
13984609
10883586
12547188
15404937
7705206
7915593
5452439
9872261
8006885
12146062
10120065
9493800
8497039
4046730
9448927
7629140
6055968
6094532
9838487
11121477
8257186
11109389
7787217
9873864
5618692
6002191
6199826
6774122
8245920
9866588
11288011
3424880
2265482
8043526
11443481
7956236
6328904
11506634
5876991
10120806
11490731
9658483
8715953
5106261
12683069
8718251
13142472
6141742
10167555
7134596
8157014
6107572
10477233
12017011
6004794
10920345
6401799
8760029
12947953
11459675
10012341
10793757
8895481
9194738
8885356
6713994
7856004
12163961
8495775
11406896
6420894
6510563
13045673
9018230
7614114
13121958
11692046
8396193
9130076
7761356
3867248
5956102
10469292
8113282
10230516
9305136
6336106
14246139
14111849
8573311
11552215
13587805
12221906
8250466
7647346
8170560
8299162
6009368
9563147
10288164
4684573
8632551
8530307
13137854
7045196
6170131
6505099
9998745
9681758
9477978
13825785
7758954
4957146
4169785
9741035
8756042
7458071
9705515
7167729
8453071
8161954
8417292
11805453
7213631
3902229
8029672
8799085
13508429
8353210
8875797
6885484
10459766
7970720
12109063
12726764
12326437
8439486
11303491
10475037
10334237
8096574
13751657
7379179
10439912
5577176
6229846
8494379
12900983
14010347
10141746
6964447
9155537
5177016
8045749
9229881
14078802
11901053
11722713
10001813
7784627
10705762
10388666
4969971
7015717
12899840
13531882
7746162
12661578
8081199
8567886
8104779
9828008
5405551
7848488
9640368
7309175
9192096
5995451
6660044
10129708
12002616
9472760
6777252
9862830
8297038
10005557
9906941
5983586
11750409
7609125
9028094
7468081
8011393
6751131
6483926
10217920
12221292
7267031
10813559
6760865
9553440
7866247
9797534
6878358
8094504
7451195
9449368
13368819
6255790
13277205
7171380
10628670
11253573
10824167
7673795
9001348
8363022
10668455
8716414
12464775
12845817
7657598
7032379
8220513
8617720
8876252
13801974
5389903
6823644
8736025
9141259
6707414
5795158
7996821
11127413
8180107
10614505
13341527
8202993
10660483
10896857
10558293
6357806
7421611
8839114
11955175
6074337
11513146
7351445
6102116
7803513
7260533
8197589
8281250
10413808
7610004
10269361
6317822
7958576
2615349
8325815
8685520
6450732
8436386
8270967
8607222
12029387
7704765
9979619
6698409
6157531
8037317
6689134
10855367
11107958
8855877
8026398
9575062
8867372
9876307
11538835
9156737
13848534
9399727
10928885
9863954
7599379
6486565
10663338
13548089
9068435
12469163
10993232
8469816
9055868
11338843
7244586
6005774
8104740
8900496
8505823
13234538
6672020
13216089
11790793
11501302
11762901
5923388
4915583
11593310
11094017
9767609
10782419
7090384
9349690
9560111
14039760
13948521
6282007
5179773
8558108
12761442
6074460
12119932
8439826
8875437
3376726
5258356
10027734
10598064
11539905
9196842
9683161
14169602
6636928
7303012
11037591
14349270
9871002
10712005
8681595
6134110
10679481
8240440
3920162
8156846
9417859
9089650
10616924
15305518
8180876
10137073
9397147
8445399
7378265
9341900
5484036
7682996
12771875
9061783
5664116
6594039
8797783
8061533
10531034
9559263
11193253
5901377
9349956
8536782
12868145
9609790
11661578
8200401
10058496
7150730
9853665
9822242
11836913
10295580
10024750
5137376
5069678
7424245
9812779
7759929
8668456
8445776
9198982
13707325
7062513
10759771
7282150
9106631
11513639
7056667
11575234
11621016
4903244
8885743
11703817
5756464
6544854
12312845
9437383
8739458
10237590
9992881
9756350
6220129
11382399
4641865
9271291
10257512
6697351
6878077
6842146
8436396
12127646
9123733
12524117
12098917
6259501
5179559
9347234
10362712
9933491
10738106
5052255
8719058
6766071
9503504
7034651
9026237
8658782
11415668
7638917
10689940
11844779
8123283
10017583
10080715
3654044
9938064
7402767
13704534
11931542
7041156
9577705
6517395
11064630
4752532
15568606
4651883
9571042
4742196
6468605
6345514
8657883
7380645
9306740
7353920
5142535
13340026
7923996
10304494
9872079
5952426
7307540
8092512
9923612
10134142
5593685
6355247
9979587
4274934
9418608
6696214
6490574
7099089
13221171
10185076
7839807
6131535
6481892
10480080
6434056
8805219
13117962
7639662
11863552
7484754
7926140
7202511
6002402
9016491
11749176
9123579
9346967
11002348
9166722
5725892
9509677
6328415
11072004
7379321
4021366
8913505
7999244
3727528
8445704
9619902
5915557
8237476
6619003
6042275
11550441
11766140
8474602
14113457
10972843
12111414
9079291
9873790
7462734
7125197
7631423
10796055
5395023
9229457
10975510
10384005
12960455
5815193
7922455
10701091
12735855
8599805
8772659
7347831
9166675
11411865
7550364
9658248
8757796
9364497
5286397
11093329
8008161
8611444
8243646
7850043
6221734
9847321
12213555
8172212
7650080
9895249
9407331
7568933
7096496
9410572
11400606
13797346
14470542
8775121
11632291
8927085
11481977
10898341
11274267
6660696
8698213
10005515
8968116
6443915
10523020
10593574
7063681
13538156
11875426
7071571
8353559
8508885
10092525
5482241
10015352
15673947
9001229
6555024
6969726
9078459
8074768
3972200
8844287
11489629
5363674
12800053
8515452
10093310
10121160
9536293
10200003
11263203
6936856
6843511
9465808
7016912
8266233
6221814
7254075
10846920
8481742
7598831
12548205
12172053
8634841
5493809
8684408
12283088
10076217
11504384
11008883
5016024
10999346
8130794
10162092
6659382
5161889
7332699
5609982
8797815
8322332
13283085
9263042
7533091
4576629
14080609
6513051
11960002
7116749
10892149
9795475
8684588
7234351
11542027
10503085
10476357
8007603
8502502
5287316
9819896
14812114
10461907
10572854
5330077
7856822
13439997
11036480
12117294
12503099
9955451
8226781
10173448
7418347
9070960
7050714
11191870
10657147
7143558
9171208
7333010
8653447
11313030
12010659
7619683
12405186
9082694
8764429
7488573
9743461
10964114
7334624
8705052
7634029
9343805
8126749
8865521
11841116
5075119
6483362
7418819
11122153
9148707
9649530
7706613
12622608
7635788
10170495
5915075
7610935
6985952
8022565
5994132
8366479
17678545
8108477
5793376
6498028
10874145
5261901
16754875
7459391
10713352
6454833
8158927
9481437
5241462
9712534
7347607
4507810
4668670
10902256
8175816
10018542
7759896
6508976
14121513
11405550
12918523
5413315
12196383
10886614
9626869
9934239
7494535
8115223
4470184
5729962
7064883
9909170
6678423
5603782
14496789
13181927
11281841
9693203
6663013
6452721
11349739
7612808
7703290
6931391
12474225
8477551
6717574
8716804
8367144
9887551
6205466
3558014
13208563
10273356
10922865
7155410
6261858
8840914
6339771
6803942
4512755
9013296
5477041
10322353
5798614
8748588
10427858
12755870
11284249
9935594
10000370
7699190
14883129
9444865
6515828
8938678
7967435
6910125
10783840
7606103
10972031
10638773
9623127
9235463
13641435
9391760
7403304
12974211
6488701
8248798
6904233
12375276
8340940
6293837
8481423
13664705
11541804
7068844
13868492
6387335
7676772
6444867
8666759
5849988
12133977
10213707
7871143
7297356
8385413
7381602
9026160
3512131
8391028
9927732
8657482
8428096
3535484
6683778
10446888
5072073
6258551
7176649
7030228
8914208
7290757
7456696
13627986
5257474
7047768
4067887
8936190
11142066
15084385
10169595
9093564
10150499
12558036
3818382
9958867
9815468
6679628
10161615
8698286
6298079
8553078
5647355
8978031
4764023
5918126
10463997
9323741
11314518
6181610
13846958
9862221
9743350
10761632
8115255
10592843
9191139
9194607
2520463
11849246
9762069
7918542
7100400
11563324
9109336
7104411
5701594
8114880
7013831
11942633
6706021
13461523
8067537
7495481
10607364
8757337
9914465
5689562
11518026
8004028
10168881
8053161
5467315
7512205
9510168
8486079
9288423
8178009
9900967
5961238
8497412
11255924
13078653
9786270
6190570
13661897
10718106
8724411
9771131
9174943
7723021
7634674
9731434
8662390
7696850
9697487
10910117
8710959
6709355
10395751
7748923
9436845
11744691
11335594
8865290
11910313
6821901
8979682
11715851
7708631
7415387
13089240
5198798
7759028
11712918
11233922
7518999
5273458
9086284
6489327
11856422
8938588
3498394
13973584
7349285
13351888
10034211
9116365
9719259
8504874
10739970
9107343
10897557
9273322
5152925
12261279
7033838
10113534
9234303
8203336
4844475
8739368
6503850
6587158
6663252
6464458
10449640
16333100
7663597
12979466
6957839
14240615
7912100
8727175
6285026
8492473
12144822
14813163
12432983
7250415
9247466
11642383
6093933
8396785
12979657
5951401
7636649
10112284
6590857
11224355
5601450
6748212
8302769
8992994
10714346
7153056
6262350
5881634
9345161
16662506
8521601
5714560
7748921
9992879
11637492
10734772
7884476
9757893
10166129
12451926
8877550
12682875
7789724
6798453
8426646
9436955
7678835
11547210
7111046
7483012
11903097
5020674
8105446
9143847
9770037
5825727
9146080
9486144
5916302
7567587
10732839
11718416
10003223
7586132
5547856
7347305
8057919
13596614
9809000
10135921
7015774
5094829
9936743
6684487
13930448
11532625
3564273
10809654
5505667
9525960
7953571
6079245
14691442
12777023
11920398
9130565
9509312
9297827
6909225
9442532
6799078
7622429
8376051
11350233
7037760
6071119
6298079
8463592
7730200
10386534
9355011
4720291
4135932
12063156
11282639
8571520
5246521
7381962
10751101
6698056
5921711
8586473
9710136
8211989
11578186
12894065
9223193
13122416
8027175
13084937
6379968
14177408
7209940
8878664
9328877
6932133
8630178
10161562
9151762
8287672
6931231
8460009
9582664
3491751
3914935
5999139
13876091
4661346
7186257
9755965
5823840
10303911
8535302
9548627
10265162
13960130
9086046
10072420
5656429
7245725
6042841
9707951
8606171
9297525
10689454
8983135
10280588
11379952
10233356
6142012
10328055
10556156
11889188
9165196
14526892
10854461
9608500
7479572
11159175
7339239
8468493
14443364
6348635
13468083
7149285
10705222
11112912
14785917
11998777
8393684
9551637
5105800
6203830
13309730
8423144
9986304
6663156
10348592
9768965
8244455
9518465
10667059
3970136
5859380
13897695
8451197
9907029
8694143
3569961
9792435
12618455
5377275
9556392
5229807
5698274
8911703
6562641
7225850
9345323
8642662
7599990
10184140
12936682
15949601
6717485
6626889
7648157
9634132
11032916
9901596
8945423
7844958
10485282
11292419
7362788
8327110
11525896
13908657
10908684
5966083
8325958
10070988
12887353
7501904
8425038
13569400
6517164
7215542
7395980
9815233
8966018
10306084
7647434
12678176
10426034
5948183
9256656
8248371
8910225
7104081
7758386
9461856
10606715
7058833
11209012
14895761
8876254
13010694
7663374
9900906
4167120
8186938
10222370
10158213
8504363
9651123
7006846
7512259
8907622
10476607
9880177
9571341
8355488
11486993
8408063
15375166
10882944
8930956
4448823
9739576
12449390
4305323
5984071
11873836
7961007
13346349
9743992
8416860
8302163
7818700
8577283
7351805
11005061
9351039
8956104
9749090
9165579
12743473
8263154
9745379
7590999
8261947
11767465
13233538
8960410
9643957
6610718
10131021
9303533
10239898
11994123
12816115
9351046
7993572
11513041
8919917
8020540
12235505
10951663
9919452
6708891
4617172
13456617
7314202
12715146
4809388
8619549
7676642
3048846
5240319
10504590
9177863
9120347
9663955
10045072
8809342
10799842
7347160
10464123
12509671
10956090
8770023
9862482
11729128
6938356
15389207
9172319
7722230
9996441
8642435
8879868
10793949
10569877
12402573
12455555
10999207
12322609
7770645
6885335
9373225
5230047
8850125
14228567
10676728
7792347
10390566
8124244
6685367
9557146
9403649
8834217
5983268
9049227
5469845
9046560
10440854
13477995
9143998
3667387
12316901
9879043
10326803
8811161
7345498
8498575
4348127
11396484
4900752
7795947
4420246
9525356
14889373
2940442
6493752
4718851
7852194
9486400
11588104
10124862
4593839
8331865
5169922
8178415
9171388
7684768
11243814
5460836
12681948
11348818
9250226
5178751
9914108
7834434
7362018
8637372
9010935
7789173
10676360
5665470
8696387
8325875
9257256
5374871
8774400
9235757
7122966
13751217
11198723
12086881
9539888
13680527
12022143
5856667
8792912
8039959
5074255
6099960
6132592
7308572
6025507
12265344
9379344
5957192
6408799
5728438
8995318
7409621
6802276
9615842
10215577
6499578
10036108
7753720
6983669
13251871
11499468
6788322
18371317
10874877
6083724
8799570
10041777
7245864
11308262
11103168
10229488
14712223
12163555
7111824
8078488
9064759
8449180
5538433
7670482
8849098
9020609
8534729
6328090
8950437
11578786
9028512
8394555
11144516
7449758
7783165
6957452
10161712
7354618
11362794
8977049
8969766
4438965
9870288
6636800
6301950
8891244
11730489
6657965
5723719
10996191
8491928
10863777
7556203
12435063
13696785
3732540
14151421
11383968
7637548
9546272
8725276
8901610
5614887
10464463
12084278
12587614
6653990
8080491
8847787
8310061
6173141
4088866
11695429
9217229
7408231
10478886
13424973
6405642
11370136
8674681
7859501
5556863
7152964
6991702
7625480
9831088
6947426
9538632
9262497
6414964
8610375
8495528
12359123
12259694
10180422
8096133
7719264
8386306
9462293
7186731
8258913
13381806
8035148
9871535
11313537
7735571
7473634
8364124
8960559
5683732
10319303
12296111
9012798
11793850
6919067
7712475
6949986
7597222
7992148
5945681
8744105
10909251
3902162
7011422
12208771
12246458
9574546
10942325
11264867
5098824
10720154
13701135
10560970
6439350
4022107
10887475
5272677
9405921
4886177
8451691
9527532
10488158
7547737
6945399
3419882
9095206
5580663
6221082
9445195
8870953
8696216
6221052
8587073
6556595
12056920
7099982
9896321
7816383
7978223
6607428
7018663
12896389
8744440
5367689
10748531
9245856
14256532
5403231
6841834
7780104
7379998
11684232
6413911
7654981
10160040
4176054
15019407
7615832
8401007
12235948
6577554
12573756
11926444
6331321
10247346
10295641
9827158
7166993
9557602
9974357
12301901
8730265
10981065
1708288
1477906
6293300
6559086
7751491
9461162
8480150
9616457
15369156
7731677
7311698
6408564
5378589
9317158
11524038
7955313
8455016
12732748
9911357
8796038
12756130
7997686
6221251
7632492
10527072
8347872
5168567
13512301
7119492
6810035
10432231
6283847
8128646
7028535
7005485
10181888
8419809
8904072
10366524
13464371
7559903
13677762
9015470
7138806
15216354
5946070
10003472
9434227
7968666
6031987
11379142
12908153
6337503
7842864
6258203
7238987
5805932
9420285
11636524
11921731
7659694
8645527
13788861
7540200
8525445
8801814
11358359
6303682
10744958
5745888
10654644
7278323
8362134
5700109
9036707
11573837
8183250
7672601
6959657
6820215
4962419
7384714
12419716
7217668
7800966
5799215
7843421
1542783
3950476
7699109
9182067
7026328
10646857
9977089
16439327
9192612
5218353
5399435
8774270
13006845
7545489
10218518
6457529
8278653
6043620
9937920
8436266
7136106
8529563
12021283
16601430
6899949
11361877
10889623
7325944
7061027
11743764
6204655
10101347
8091693
11036404
10225371
8848871
11154875
10712940
5205658
12909775
11597183
8431836
5891409
6300832
8855820
11194481
5764193
9254957
5761847
8759544
5923641
8928643
7674841
11985682
13018849
12015789
9332142
11410620
11267943
11134025
7370855
8994829
5117037
10459990
7380380
9725523
6959566
7038973
9607809
8563582
7714895
7109553
6988959
10592009
10650572
12594599
9627333
5466468
13202286
10956186
7104619
9145471
7760020
5114669
6523420
9865606
13289557
9605257
8476151
8929798
4577876
11860893
10996482
10289124
5520095
9439327
8987535
12072806
9777895
12659009
11394448
8118800
12731576
6914640
10814370
10081742
5515185
8790020
7243749
3871014
8033424
10871368
9219382
8114468
9164709
5463367
9383029
6669112
9375129
7727573
7367839
13031911
6055161
9205725
8816903
7720527
7588320
10876628
11396426
12036510
8269600
11709561
7356251
8536064
9078447
6615880
8446843
6831182
9484641
7640580
6880585
8345445
11229915
6559024
10490472
10188335
12788822
9246896
8409724
11975215
6924369
9975413
9016068
4266673
12896544
11996888
9443217
8913534
10396498
8774908
12689109
9422878
9396875
13018226
9450269
7890443
8424453
12521743
10970767
10632028
5883091
9549666
11946681
8441595
7883268
6759465
5624200
8676829
9352655
9146478
8487034
5533390
12377093
6972864
6084099
8252345
8204238
12957683
9405204
15113913
11733754
5741885
11220807
10803599
8822299
14040391
10969367
12021001
8553795
10424635
8534682
9479225
6089750
10366987
9135277
8884408
8055196
10516742
8819588
10218825
7817354
10279247
9600884
14177939
3723730
7474087
8687849
12167235
6793586
3095071
4928632
4651261
4579906
9059939
8611247
8317210
9891370
11617169
12345713
11279311
2928339
11887164
9720957
10207165
6416019
4933069
8494599
15040113
9874299
8102551
5581050
4113972
6926716
12539098
8957587
6993616
9403680
11275211
4899585
10702897
11740586
11740043
10221426
10188617
8663575
9181259
7806103
10926634
8411452
10604700
7659825
8630197
8309806
6570978
10106200
5919126
9439395
5054756
9502060
10412249
6621197
5630896
12240544
9753136
6363846
10140463
7936863
12697444
7109607
15459037
7215099
6713776
5876321
7353541
9560582
5389753
10044186
14900723
8082724
5866772
10108960
8606420
3065973
7747123
6864951
4365775
6968944
7484975
8537244
12607579
7730248
9323866
11275729
10977141
8650063
11865821
5395150
3842858
6927939
9553026
11927325
10143086
13196478
7152376
9567880
7572860
9164824
10379310
7903512
7115700
7158358
8355944
9653077
9997475
6279799
9543604
15145735
10556053
8740453
10817228
8463723
8975135
7958746
9437794
10075766
7917512
6512463
8368729
8993253
8774641
7341889
8237625
9942158
9921974
7754005
9972080
11219327
11480126
8442099
7553307
8220994
5144355
11920739
12579878
12188262
8391872
12969058
10466599
6543401
8670222
6094875
12041708
4810070
13361263
6787736
8837612
10881818
9921934
9479691
9102209
11649981
3705893
6864538
10061109
6081967
14919683
16053830
13802850
6159018
10570290
8363849
12620635
9138251
8768116
15897635
6430239
9930868
10453353
10095345
10318931
9602989
9561716
11069688
6934701
12697567
9400670
10779613
11291253
8543838
9695694
12917540
8599531
7535008
8851337
10104830
7700268
10595273
7518047
9745310
6438817
8714909
9127989
10465741
11980883
7487458
2728100
9349110
8581435
8542914
3735955
7000443
9257433
14317951
8632771
9146056
7701722
4317109
6792946
8481208
3933899
8186071
4717101
12285437
12696702
10152596
10570304
7714526
11166074
9865115
7723461
5236230
10536662
7253197
7276847
6652361
13698407
8332525
10727822
10807616
5878183
9109290
6989194
9624025
6270618
9468271
6760751
10789465
6574566
8785100
6254850
9277161
10763464
10065491
7909039
8150699
6822514
13127244
12906077
7503949
14920290
6747034
4953709
11776828
12374099
9559586
7256131
8009976
6912628
7660814
8124013
11160761
8387717
7228012
8132195
6168262
10019616
6955383
8543407
8122256
5955370
9957874
4466278
10515627
7943335
9414813
2020444
10622610
7254800
8899862
8650575
13579873
7045491
7198236
8181421
6723899
5368542
13705273
10303571
4733564
10645357
7415932
10080794
10789178
5757077
8216732
8184592
8592468
6588323
7989881
6986348
12865930
5714237
7460275
11182341
12540554
4715184
10186158
10560651
12541817
12531431
10936478
7271052
7759626
11212491
8232120
10367201
13230411
8781362
5005176
7664753
9997370
5196385
8591215
7948495
9048951
7703109
11155854
10735827
6970082
10034554
11189914
7807100
10297360
8947689
16429463
8308439
8816459
8293315
4941667
5551928
8064163
9388368
11428187
12533532
8504727
10571385
12888198
9389164
12437515
11352435
9957565
6081273
9332059
7552398
9807566
6862453
10295539
9202644
9981649
12883839
10058864
8718953
7264642
10852613
9094044
7121548
10549559
6668225
10841365
3344184
7061217
5530101
8445230
16679468
11460408
11364255
7670952
8696461
12728371
5496715
7042819
10125324
14002522
5780305
9635398
8696207
10540940
12384375
13764825
5098161
6505942
6857448
8423019
6589455
7334566
8968948
12182436
8435853
9829364
7542941
8472015
12598785
5382253
5688652
9323708
9220255
11631858
5605085
9134217
7224946
11910657
7079088
4856098
8276958
11246673
10478635
15346990
12510857
9101124
9242463
4020862
6843368
6365374
11476183
8771696
6665443
7416324
8851048
7892982
4676293
7948241
8516103
6511371
1733265
10011780
7355972
9073464
6793545
5709799
15343749
12391310
7653097
9976236
11946713
9607588
9384474
11463018
9676743
9376504
10472270
11023248
8929414
10201015
8436051
11443105
6984681
6497806
10846855
9958329
6374077
7701763
8971333
10890040
9400868
3598199
9339890
8050359
11692789
6063281
12192831
8581751
9159377
9132833
6310303
8549287
7762570
4434271
1784464
3485622
7767341
5824387
7838474
9056096
13798079
9372438
8798406
11330917
8412150
7379754
5898526
7779841
7310007
13251709
9965580
11385858
9219693
4108950
4959835
15013034
8299801
10772289
10705584
9911392
8267830
8631055
14597301
7483814
5787300
6401767
6479843
12753677
11856278
10576331
7858054
4911557
7331814
6099955
11198772
13762328
8916775
8546122
6775871
10434745
6090291
9512675
8285844
10781455
11484450
8255388
6399617
11164848
6521190
8559108
11139996
6492101
12574375
8725329
10241843
10064106
13778167
13010882
7079042
10065032
7756314
10789051
8402630
7033461
6134841
7732077
9700384
8396481
11922451
9124395
11728778
8223516
5086623
11599937
6527564
7222428
11006130
12109956
8753969
6096994
9969751
6135815
4191134
6985162
10525300
14256653
5964625
9180350
5881175
6227274
10898560
6366480
9713024
7947847
8357689
19312494
7505053
7983146
7472902
7882581
10007661
8046632
6351181
7345172
13810384
6890552
10392474
9099746
7263454
8490214
8792572
8470182
9225035
7974018
8741870
10157623
5467314
5282931
11897719
10619567
11461828
9499601
5821953
11055657
11218923
8957280
11801635
3642373
6097568
9130492
7306321
9887742
10850736
10538152
9722220
9703402
15368470
3522569
4360962
7108759
6880252
8092502
8811901
11932414
8735123
10134858
9287681
9732511
8652362
7934474
9687603
6901797
9011010
8896404
9890164
5118633
6363730
5396083
9194657
8626998
9729321
6771402
13693980
10195927
12856703
8424480
10781014
5244493
12514091
11950188
8133868
6677842
11363916
9015311
7930094
12989875
9373981
9722022
12543889
10068287
8723666
9905953
11865175
10215337
8100358
11255638
9482488
7760937
8997540
4628139
10095876
12720064
8187932
8742878
9402104
2113119
5751735
10917464
8157699
9216701
7048713
14815463
10959677
11550367
8318947
8596659
6164855
14926482
7360856
7272802
8778868
11604091
8222087
12369450
12230578
10322347
7117471
7319646
9565201
7801750
11237205
7146770
10931927
7707786
6212162
7372029
13406618
10396850
4693363
10523009
7520892
8547115
10299837
9893529
9588735
14623887
10774975
8666299
5056507
6229873
8722570
8543805
3752681
5806273
8402769
12697686
9689515
9236463
8013792
8878300
10090442
10617083
11704185
10001941
9942722
3756368
13923555
12238783
13985959
7826323
6421976
10269465
11636014
2881517
8970333
9290255
8244390
5406110
6794335
10882793
11918106
8275368
5626461
5337670
5759657
7614458
7412824
9335501
8265836
4754988
5417684
8818263
7886534
8457443
8681061
7710831
10623663
8493346
8729526
8776760
6609230
7322538
7884037
9835074
10033861
6328406
4856026
10624743
12760339
6727035
8461519
9547425
7549776
10286343
5976573
9014291
10958374
12982720
10563780
12880169
9518872
4074469
7857326
13909907
10357855
7706685
7958608
6966383
4809945
9735649
12485676
5234341
6803342
9502300
8300158
8199436
7316078
9788334
11139855
11324235
10761498
7691239
13381758
7083765
10461382
7187477
3997820
9059685
13847084
7508963
9127023
4054875
7566869
7710072
13238440
6453141
9287661
7470871
9907485
6607961
11829582
11636455
12346920
9241186
11665953
10605060
4655665
8588297
4153642
11047539
12694076
6323406
11683682
12244949
8564048
8859759
6311089
8863538
6449666
6413639
10727974
9116048
10840833
9452437
5732029
10654808
10781847
11351799
9898098
9805734
10106752
7902811
9697468
6529480
10286970
6094198
7020568
11677716
8458069
8075171
9254035
6660876
7082537
15622151
8640184
6148473
12316449
4229460
2649092
11475376
9425539
9403724
8116222
17595154
6816928
9675592
8517101
8909948
8607309
9532835
10635163
9543519
9508856
9723523
4519541
6779529
3582685
8914931
8902252
11433326
6796100
11197253
12735745
12888477
10154167
11290052
6660486
6974189
7946750
7157502
10058627
9107858
9727306
3716909
12342751
8020101
7762088
14382775
10127712
10671691
9160712
8379964
6593158
12385630
9436034
9865264
11575687
13456562
8184807
5257974
9819216
11424561
8421271
14772033
4741763
10969796
14376593
8642746
7417809
9434289
7578968
7713566
9834351
7035315
7607404
10982355
5243107
8279483
7793563
6538521
10901073
7235131
9076315
5872412
12855663
8391668
11157323
12394366
5824626
9485340
10884083
6315264
10104840
10171666
14165642
9295283
9608970
12041498
9007100
7225844
9056442
11537735
5299438
7964790
11002431
9730930
12083648
7922201
7307024
8664545
7407114
13012027
6511278
10406065
12975976
9096971
12729397
9038122
5591024
10466910
6436127
7493796
8645427
8859130
4778705
8262345
7903137
9405761
14898427
7739850
6506167
12774707
7183755
6402965
9039151
10352696
8259446
11541333
6307692
7119586
8988550
7378149
10660210
13190683
6760318
6870146
7600615
8465625
10692427
12466208
9353295
9719908
12414637
10084454
8357971
8161331
7070316
12074114
8090693
11198428
8452909
12905554
10742539
5274316
10002520
7396815
11239040
10236432
10498499
10986192
7483573
11794147
9414997
6277682
9235625
8786563
8320365
10441822
9604744
8969537
10650756
8422141
8188837
7327466
5395841
5263433
8551792
9098111
6538488
4436155
10665993
9273606
8045019
7703555
10116845
10628782
6680616
4661554
7359059
10621779
8108327
10285985
9494733
7526598
6636127
7292557
6477788
8444138
8725136
11361350
13555701
7323272
6505009
9868305
7685271
7263914
10123763
6068784
5507848
12759822
11145120
9190247
10417232
4704682
11795748
9451044
2061337
9650105
8244201
7524968
6588060
12584978
9793146
11175059
9529174
11979676
7361390
7163547
14368889
10807151
10322139
7605157
8950418
6381868
6909501
10851725
6105009
6243711
8151056
7256438
12838950
13320222
9407239
8806941
8880608
12737594
10207545
8719243
8965622
8624943
7085216
8262402
7965590
10144694
7447714
7165509
4234904
6841456
10002560
8612426
8015838
10932398
7452623
8586360
9854134
12177200
8419395
7755633
12028139
11395516
6267724
5313624
5164507
12054856
11312916
5544004
11507442
8456316
12262476
8529997
8290059
13176315
11830532
8862352
8073605
10878297
10245884
12706376
11856906
10007599
7211762
10755009
9684636
11609637
8041233
6168346
7742028
8570134
9703958
9516384
9908664
11438821
11145494
7868335
12354967
3753870
8482486
7229860
8163405
11488659
8427634
10286077
5514615
10395871
5976657
6541439
10744352
7150262
5267657
6297992
12289715
11013333
13834378
7162215
7406424
10328990
11486098
11415047
8454102
8427208
14870911
12828225
9702302
7892176
10109817
2429512
5462056
5928669
13686475
6336197
6624678
14639125
8930333
7382634
7394059
10444677
12539485
8571921
9703437
10350329
14175476
9627761
9549045
5844425
4596523
8323598
3013624
8715991
7517823
7914307
8491668
6029190
12568602
4433612
8110393
10258340
10179427
9096302
11268141
11433448
5629885
7699876
7356132
6081960
11847450
13178635
3558473
9778515
15113255
5336827
9998333
9286728
9195082
7472381
9123811
6501207
10468924
4234658
6748454
10473782
7978527
11531420
7121355
10666522
7846980
9191157
10617697
12996879
8186333
5967756
14308276
11563948
11003951
4157460
7160628
10457726
4049324
5429319
7958331
10632616
8006642
12743474
12614423
10752315
6303397
7769391
6732073
3179791
4165452
10528870
10059278
5649515
13633228
6778311
5519217
6667036
7474930
10108341
7329979
4190963
6067168
10726282
11351556
13594803
11074650
8223618
6990895
12148777
10729473
12057044
7546267
10617120
10771622
9367184
6796597
11963638
8903035
9552718
8334287
8005353
9152261
3973967
7185775
5876009
8434390
12922521
7260073
9410311
5386763
6843644
7234656
8317199
12146641
9524306
10586105
6332865
11072060
11035081
9055276
7288138
3178173
13239554
6533426
11240607
7980460
10666020
9254246
11243761
7352726
3207176
8335806
6204228
8764957
11739402
9921624
10475970
13435864
9147785
11883505
3980608
10015185
16433459
11557499
11686087
6489805
5389061
7118492
10200619
9594096
8772981
11052311
10431835
7895003
9120299
15037946
8933858
5064651
4181967
12401386
5687315
10054392
10502478
8254447
8785987
10682264
6012331
6741642
11645173
9260400
7937885
9400432
6557463
9170006
13154285
6701660
12571833
9091432
9910231
10552270
7682788
7548839
6583856
3953034
8365293
5731939
5962318
6538178
9245977
10728711
9347286
9969000
8537093
12788904
14193997
10111519
9964499
7864226
10088218
13406229
10562353
8567024
8174453
12348736
6919268
11416680
9551653
11169539
7799737
11319788
13684352
7883961
8888395
10105568
8209314
9486365
12529904
10266988
6343763
8273604
4946870
12401711
8733383
9328742
10558608
7394799
14202334
9131336
6990586
8830443
9822206
10337762
9307246
6274563
8267176
8696246
8879025
10221077
10671891
8164715
5059308
9026366
9802083
8785269
6880413
5206817
12227004
8293817
7786918
6440290
5941716
6787154
11060862
6169417
7148913
4706122
8607299
4145189
13649675
8211269
10546372
12159551
8613548
12444418
7865406
5327116
6507653
10341797
7561604
6356346
6357260
11102104
11049029
6916724
7023327
9116185
8075469
7492154
10397132
9563823
10826543
12186800
2589785
5284627
10746492
5000882
6658246
6093327
8474949
5577891
12296807
8643070
12067093
6790591
12599528
7503308
10759494
5686382
7869466
12242791
7109564
6292460
10198515
11215277
6731837
9446548
9938400
10012280
9289474
6353056
7111124
9807444
6833385
10788901
13992671
9730231
7374752
6591718
8399459
13123728
8325449
3770410
5946064
13106635
11065169
9712108
8933048
10885748
8149127
8598981
7147965
8486232
10230502
6405607
9821167
10329938
7153496
8439888
10159669
4635264
6704596
7929913
8242848
8523832
7379122
9678259
8808933
8613729
11073792
9475428
10770489
12313133
10834537
11495563
10709698
6161598
15163327
11275671
8993774
10265816
14107726
8267487
5686270
11338753
6465941
7280995
9924643
12598460
9552148
11084913
7316247
4470175
10041481
14615272
8759417
6403908
5297880
6541768
11478286
8454304
9143285
6667913
8501933
12871053
9370267
7378858
9275290
8720476
13372224
8181219
7431027
6493720
3854032
9859650
9027783
9243815
8494461
15203140
5862603
6864632
8333391
9874505
9038308
13051442
10175140
5131737
9365474
7934669
7362381
7901914
5078042
11254598
8239262
5779560
7206726
11311897
9621016
7857503
11344002
4855738
10323836
10356597
7125870
6330303
7682792
10851032
11428536
12974554
7111223
5518120
10252964
9083235
11432571
3737497
6764987
7495995
9720804
11035137
7042492
10440820
6988286
9520734
9510518
5520992
13107243
4069324
8850558
6588045
11650020
13815309
7594305
8108411
7597920
6859045
8396476
6835889
7080854
11076423
11358457
8560560
5946430
7249286
16476812
10269847
10011909
10159707
8940661
9571083
8935841
6617439
9342037
9441246
9021433
8684980
8353445
8893896
12485945
8654668
7176824
11103771
9888585
9633452
8869148
8825145
10280724
12371792
9406431
5063982
9912010
8242817
8501427
10356381
11418908
6237931
11407372
10860314
10085709
8070918
7149630
8409469
12324396
9752503
12902045
10606966
7718776
16006039
5899348
5515381
10604538
7630654
6786933
8683089
7928533
8115844
10782741
9971124
6324584
7048208
9235536
15044826
9752425
6129954
5674468
9514852
11298251
5128315
7182981
6786386
11774059
8464461
8046092
8110313
11666662
8033994
10233273
10491107
10194924
9389261
10398559
9129464
6602948
9653132
6510506
11038185
5699577
8747643
14990772
9990782
8217601
7665947
11601979
8694227
7025934
12360337
10504554
8876729
7585790
7653843
11745572
6554957
9414377
6649843
6106595
8723693
8643669
5554211
8460458
10934092
7916875
10071108
8746255
11798651
6223880
9598720
7965315
7135223
9795880
9543673
9506780
9386230
8411200
8175984
11168210
7951085
11306608
9798375
12563440
12718092
9220980
7044979
7364548
11631377
2947894
14645543
8037306
9810646
8817511
13177567
11410408
10616645
8930108
12041372
7915918
9267441
6677508
12606321
7766915
6739204
6195034
8353163
8305298
9959313
8395219
8019614
7940010
7432727
7483227
7205606
11532571
11069696
14510557
14145542
11450639
11689183
4037657
8271806
10653319
6696841
8000177
12703177
14599640
9267788
6546918
6305941
11381617
9939244
1363465
9380788
13464550
9089468
8837807
9638196
10387693
6943453
9767962
11645073
11568569
7256865
12066002
11021568
10523742
10042952
11273572
9769768
11620129
10653172
5893270
9969750
11121953
5799001
11475260
7529439
10456783
7106216
8760913
7439631
8940661
10507816
7564826
12460174
9602755
7594485
7449089
10170878
13089041
8444609
9542031
7751458
5671458
12804283
7167676
11170273
9217425
9234199
7636157
4121923
6031380
13300106
9482017
5792841
10702060
6593789
9068375
8334366
4364012
9672802
7264551
9255476
9857881
4963597
3190070
10095858
4968429
11417454
6462626
6387106
10873758
10893760
8324636
10211954
10476045
6903347
13696280
10641248
8515762
8873209
11735839
9794634
11383982
8127728
7368740
10803341
6653710
6377257
9448309
7549934
15539636
10384556
8061962
9744754
8346867
10979883
3900967
5700935
10820090
10952343
10038689
10393940
11334066
10681141
10134289
9569474
6271464
7131377
8563556
9752258
5809656
11782417
4022147
12903899
9737762
3609970
6599715
6626019
6680955
8203306
10836752
3583077
6655781
7602298
6797602
9863189
9155450
13812002
13943334
9303061
6375747
8949330
6162734
10751369
11534948
9428659
6876350
6067046
11697834
7859813
4099103
4277071
11543851
8759153
5327176
13370903
8218399
10273179
8249409
7953174
9299408
6102260
11509695
11142495
9468933
3703124
10042160
6031762
10233132
12778722
14159713
6558725
6294745
9828807
11766533
5573128
10801967
6863670
9436662
7425319
5914740
10954502
7853697
7662445
6227922
8351327
4272449
10537826
8717839
8575011
9391191
9845695
7520519
13129748
10342344
7437900
2926351
9797328
14080704
8656319
7608954
8304915
4576584
10214645
6137497
12240772
7138230
7488555
8683165
14799997
6207600
8305970
8884973
5600449
7059163
8647393
11598940
6039824
10096588
7884995
7399089
10813131
6610685
10819041
8642737
10306169
6273892
8335414
11324511
11649521
9084453
11714360
9698417
7066067
8623227
10354419
8120797
10017834
7102447
6945679
6590169
12329118
9152507
7560804
7521930
12188812
10024497
7207272
8940381
11026134
6367608
9194957
13118187
7419768
3615423
9787764
12684551
11523280
7055935
3870285
9670624
7494434
6323412
8685128
10390347
8004363
9465833
10274631
5030193
11436837
14495456
7823378
13062751
9061858
15244220
7687369
8649217
11557339
4714598
9761333
13127097
2681157
10774734
9718644
10148624
2642106
8770483
11873463
8538437
10987979
5221332
8210234
10237461
11786073
6805262
6351733
9645418
5492837
6820510
9423361
8076847
9725607
8072486
6302678
9694254
6298706
12061233
9113691
8357020
13113504
9214406
10464786
9862358
9449766
6225920
15840899
6743792
10996848
8955037
6618658
12899624
10800589
12263831
7252054
9690868
11202556
7896997
12054796
11023947
7237213
9244570
9896345
7827577
10667798
10390181
11876105
6982473
13457799
11296436
7207776
10462479
9885823
9163743
7847231
11668899
8838217
10819760
9864681
9171338
10760352
7424928
7828200
6684390
10451893
5925795
6224599
10264769
9969831
4666161
9745865
9189808
6748358
4106411
10393898
10712812
8759092
8310510
8271715
8220687
8576708
5664207
11351962
11020051
7351904
7953817
9135411
9793760
8154670
11015037
9341995
12259210
9339772
7987592
9259563
10735007
10818974
6874438
6013956
5484941
11192612
6678481
10771977
11322277
4313459
7069191
10790107
5308924
9302762
11385746
7773869
13302300
10578342
7326756
8827907
9969632
6739061
12550834
9985943
8159002
15719358
7262128
6395373
5949948
14235108
12829140
11123074
11674461
6201733
8714765
9602111
11394817
10148996
5741358
2257822
10111335
7665680
14543426
10516138
5263173
4374901
12081380
9047603
11133212
6548152
5983996
9026270
9542680
5013741
8843284
6382008
6160599
9262164
7802139
13126207
10109148
8765809
7529768
9028577
6106387
6518667
8472257
10098233
8297646
10827521
10169813
10943455
9007294
12148398
10414290
9866888
12519114
6667579
8600597
8719669
10184300
9174274
6732459
8129905
8262752
14381506
8698121
7136061
15339454
8619006
4993909
10635564
13815426
7851588
10922697
14047083
10641733
6054290
9520241
7864969
6473309
10695999
6645088
2543375
9494957
13659524
11476053
8300857
4601674
7762386
11048259
11375575
13035046
8026336
9793684
11082944
6970424
8873263
8244739
10938407
8589810
8823666
9495206
10069309
9412124
9358205
6527411
12273563
6471772
9898297
9099816
10509813
10103015
8859119
11602556
7743161
7087502
8734194
10123455
9907539
14875825
9777596
7310866
7073764
10817288
8792504
10105985
7364917
5471201
8846994
7214433
9321046
5217657
7282270
13571096
9365426
7343727
4483257
11239423
10797930
9726418
11422700
4829785
6727850
7574160
8492374
12991655
6003629
8875044
11313196
2231455
9591103
7819217
7334760
9710573
11111163
9797329
9035453
6102546
5296147
9477329
9511665
7287286
9262521
10565957
10711016
9904891
10735487
7466227
13131537
6754692
11446299
9750486
3301131
7515925
8974027
10821924
5195473
11164359
6578791
8204939
8405277
4710123
9795292
10234686
7286708
13969451
8865776
13462514
6269048
9483081
11649659
8823155
8424339
9115645
12109825
8578919
8088826
8432906
11593923
12184859
8659952
7133587
11268179
8042669
10758765
3733690
9081990
7574231
9393548
6535599
9412120
10449234
9370604
15680641
10745820
9000823
6352780
15757473
8788321
9291767
7492862
7657630
9217467
8601195
4119779
12419633
11605976
14401355
10256177
7722417
7911691
8932278
4954543
7402934
3743345
10587870
8806719
6354983
8216781
4433181
5633096
8993481
10398787
10286406
8748086
7867466
9446894
12780148
11888270
8538519
7276990
6959720
9141019
7013295
5392843
7963861
14322137
12725098
7561758
8493003
5216841
7784320
6924749
8438248
11205203
12527896
13100191
7275770
7726852
8656420
8558676
6875428
7957511
3775713
10207251
7240540
6706079
8439975
11561451
6138102
5383102
10018360
7157628
10848246
8173884
11004072
6822581
7877021
6897441
12583377
12137080
5936405
7047652
7814637
10960487
6125132
10108016
6085755
9003294
11485710
9996383
9049314
8062608
6963396
9521767
9254987
10290239
9053010
11373510
12682373
8869336
12275767
5622667
7493142
9919129
12894305
7140931
13759690
7684958
10177653
11172553
7893595
9649077
9908289
10286345
9004299
6594650
5303000
4274974
6173356
8748253
4097762
10294431
12071809
11644221
7529095
7744105
5480601
8691291
8589208
11787739
13662887
11113006
11492346
9005653
8106502
9824512
8169694
8589203
7213228
10403463
8990075
7455527
7419476
7128640
10560650
8292295
11461876
6355516
11492514
5986884
9748439
5932470
7782982
7122022
10262377
5938759
9689849
7764047
12768738
10212931
9865707
11117099
6268438
5968250
5820360
8737040
7641513
9139836
7283436
8994180
6845256
9288532
8201378
11751710
7235737
7576246
9379408
10676142
9961743
6899299
8931623
11958641
12864814
10257229
9502056
7894706
7867351
13234375
7533851
8089991
9811876
11838881
10674326
10267804
11737546
3976876
11114161
8088463
15341322
11496531
4963367
8319557
12003202
6582777
11312859
14112155
9117164
8301924
10261361
8540067
7729429
7869293
11351685
3828187
8709169
10323841
5927466
7657238
10634391
9328483
8057568
7872149
6490569
14698211
7205598
11377896
6569071
11251712
7303013
6685725
9013752
9343056
7763848
14769660
12721609
8594333
10301788
8408855
11827195
8328575
11910726
7474313
11515388
8530180
10655827
9851078
3981421
11682775
9345831
8733394
5946619
9351558
6320355
8866047
7845002
4549627
10300609
8197408
8857418
7767392
11344473
10930264
10964782
11097872
7091473
10215167
11267059
9317832
11889626
8858850
10156607
5773892
9207432
7238045
11697568
11613961
5934216
9108715
7557983
10304610
9848088
9875973
10314141
8074854
9096866
12481028
9002826
7167789
8035741
13018190
13606432
6996368
10695069
6065440
10342979
10464373
6148916
10462971
11104759
8881025
11003856
9055623
8535238
12426138
11637120
9233339
7225315
9134962
10206975
7646208
6693887
7673322
6919766
8684273
10758376
13018672
12294419
9028839
8766496
11858582
10480690
7276893
10581164
8647903
8712920
4911572
9476647
6717542
7741755
10212397
10305495
9892328
10985856
12255147
8061943
7427178
6754103
7382586
12483269
12601980
7429661
11183179
8937030
5147288
6406904
9187531
5431852
7937385
6402286
6298094
6792738
11798471
6655119
10593683
5271392
10923859
8511249
11259662
12131225
6826866
10874933
8115048
8350210
9123289
10362655
6533057
7261266
7783131
8434211
8593477
6048927
11005322
7963706
6483493
13673838
10561139
5692912
9410050
6970295
11001584
9198970
9121541
8539535
7167929
7680529
7578854
6671785
9865010
10572168
12181662
12147614
5753588
6802551
8791438
6879651
14114577
9428802
11255169
11584021
11705205
9226202
12163107
7028662
8845812
9544661
8040603
8370811
9660884
8460744
9354582
4402036
8979424
10732031
3556678
6990613
5312300
6180132
11239263
10900297
3468660
9690446
7973636
6394628
11648630
7065724
11958581
10521920
7807776
6854358
9493802
8662601
7854708
7275688
12788877
6711825
10707888
11967863
5610223
9487610
8228617
9766485
12438552
7791370
7392710
9546701
11715559
10385119
12236425
6207012
7343661
7543202
8680731
8300090
7101823
9036895
9199834
9390135
6985013
8545577
10049603
8412019
13517646
8168630
14274102
6687701
11609325
17478238
5942494
6699845
8771106
10729899
11941498
11342740
8237612
7734808
14574830
7809742
15721301
5065215
7423151
8209323
11784741
8611666
6269495
8652605
7537794
7751934
8644374
10574481
13443099
12214624
10227756
11115149
8125503
7953051
9899991
6558696
10795062
5186489
10147231
11203463
8496975
9389548
10010112
8002272
15864432
9469992
14488600
8939031
9846434
11132433
8259795
8912713
7636723
5013910
8156509
4103214
11898338
8396789
12951754
5352651
7047323
5938134
7300171
12990980
8145574
10302891
5375844
10015956
4814650
5477258
12612805
9889517
7744153
6191140
5661447
6718748
11186642
6165083
4567412
9027851
8106616
6595824
10712426
9708090
11169749
9532010
8187148
8246256
8466293
5056928
6595223
14931312
10673691
9573654
8416374
8885430
8920001
6864530
9030926
8316057
7157664
7369214
8096467
7969557
8875941
5771233
6441933
13056053
8934655
8371560
11325476
6930029
9540712
9792796
8558543
2537454
11707917
12464005
7441239
10110458
9658538
7322181
6398774
8225272
5791381
8212252
5004890
11125248
11564986
8138812
5929468
6413885
9988450
8223917
12931613
4169518
9473262
6900622
9292612
10292086
9022453
7992176
6464942
4443718
5682318
10674474
9029448
11082184
4294728
8994197
11591435
10913086
9184078
9785324
6882191
7714902
11420218
4792657
7885115
9001090
9521456
9430439
8153076
9664968
10095328
4635383
6808483
6746881
7495323
9159140
10245493
10486646
8778032
8286557
8221754
6529750
5375592
5213509
7109677
7231517
10381692
12745540
11347745
8762978
8486731
7745172
8145994
3512080
9081400
11871851
8894832
8325506
5681735
8111554
12705842
7654745
15392586
11061697
5193179
10143817
7854460
7046841
4788306
10722949
10820622
14069170
8571799
7920283
8561917
7029031
11490531
9833313
4792308
9854210
5747639
10866942
7398158
11074404
8655068
8460317
12564781
6773109
10841509
13335077
7202216
10418905
7211035
5092674
7743762
10799518
11562870
4965835
9342356
8369435
9435098
5750581
9785281
9706885
14204427
5411145
9725138
11104879
7276485
9323081
11954970
9303700
8707485
7036314
5724331
9190009
8295201
8127915
8709963
10600760
7351002
5235869
9940520
7745784
8793903
6797590
5923233
10220120
8064947
12489683
7385404
9483308
7121481
4493573
8983340
9805987
6484429
12919017
6816344
6397945
11245160
11582674
8111214
7001577
5980080
14154164
4770860
15421103
5983152
12017636
10393838
6561037
11359008
7651369
10500228
9547779
9328489
12430040
5297371
8080772
8687871
10246761
9271389
11075118
8216165
12053400
6349866
6849236
10187000
6459331
5968490
8570135
5726526
6962396
8000507
7147085
12060465
7474513
6506680
8325370
4960231
6317928
10719829
3039603
9492900
10344960
8834818
12982041
8680033
6632255
6284701
6925606
13529658
6552119
9924015
8016157
6618926
5374825
6350127
12017953
5256930
13332402
11033381
8011919
8987511
8138484
8311454
6481947
10292328
11051163
9592149
4966720
3098525
5771498
8590394
8477051
7600221
8969038
9234272
12645553
9120521
8372291
11744099
9316940
3653223
7008615
7633861
12413322
13502641
12047934
12966806
9542587
5246542
4441940
11659390
7764017
4769182
12779463
9889084
6654285
9762629
8600021
9182881
8905509
7579455
12735507
9119476
14771890
8222740
10466377
7612475
9472080
7432312
9828595
8714477
7807809
7422225
10333238
7985401
6213162
8928963
11701191
9915818
3879831
8535432
7997261
10641886
8393183
6984816
12869841
6594748
9789905
9767877
9572591
6548618
8912137
6403742
9112246
11682029
11432668
10726502
5395755
6345470
14850331
6832076
7252628
10490101
6087410
8402464
4811144
7194350
14948796
9077452
13355656
8944085
10945136
8724853
11904440
5064628
11092368
7948686
7681435
7891900
8834075
5402922
7969300
5669525
10908209
12403499
7935965
7693680
11255553
8476300
11442603
7670865
14060007
7704409
10591032
12418230
7620354
7058563
11266264
7145749
10584405
9502379
8474287
9267736
9957280
7071830
8546758
9006584
10655836
6317764
10285090
10919061
11518004
12151794
8296517
10576987
12904145
8877688
12035742
7120150
9920633
6196370
11383142
9302821
15077811
4279156
8779588
13263294
9670329
8310382
10148022
11302855
11902921
8819659
10750760
6822075
8876647
11256892
6063057
12333538
6621153
9617354
8411743
8353768
9753455
9050775
13496333
7665531
8772941
7235764
5074978
12179715
8766576
6205761
7642705
13689541
13475513
9904751
8017221
9108339
7429406
9741919
1790300
5834869
5245220
5695319
13477103
10470772
8694713
10261914
8165408
4794845
4596820
5137541
5934031
10763892
6858701
10094335
10778469
8486484
5440490
10031950
8487603
9466105
5407267
10255187
4994918
10162151
8890979
6371098
5697609
12527635
6947747
8462563
13511309
13127692
11867387
10570449
7536453
9912450
11332391
7221965
8393908
9478050
9127093
10890798
10692656
6506703
9394043
9515163
10591665
10013891
11757387
13952692
8623977
5769713
6500215
3476467
5798547
8070655
5585909
10935465
8480024
9828527
12087250
5417387
9679228
4869851
10538888
8942392
10367756
10012880
6513514
6955279
7619177
10163346
13295728
6669957
9575908
9883438
5702768
12280478
9790421
8984770
9624528
8841025
8179913
8239591
11388154
4854755
7378602
8883918
11574633
10040836
7557975
6928184
9093011
11977346
11663173
6041570
9501313
6696251
5226987
6722758
5275776
7138501
11550147
9011023
8101262
4221945
9341758
8082381
6875243
8374363
7167997
11944244
8588062
6255041
12390484
9019409
10334452
9321817
8573651
9703744
11628708
9313221
11202495
11995827
8049644
6450964
7229704
9795947
6489343
10546288
10253670
6623170
7455658
9608357
10698351
9223071
10918766
13027204
10561929
9745240
9139199
11244146
10366986
10855711
9211018
8016360
7332758
11217135
10775207
9052505
16178882
5721895
11245110
13976554
8309612
5251851
6342183
7476859
9533993
6002320
11298651
8444911
11959702
10875681
8448939
8732721
8643117
8291697
11267146
6071510
7445580
10947480
7669702
5985686
11937101
11494993
8409290
10261278
11376146
11405924
6829470
7194111
10977580
8497601
6390114
7790408
8403297
10330920
10934547
12637573
5071884
10676164
12926222
13142066
6689236
6859920
11065188
6685152
10524247
3783273
4732237
7229217
8196625
9993743
12844092
10693200
10389269
5424447
8960183
4197380
7588435
10780147
8593430
5262907
7892995
6379924
10235195
12206851
6509573
13538160
8940569
9469723
10996065
13283448
9479439
6885443
13104897
9019431
6848742
8641630
12626616
8221763
8107713
8198799
8850619
8517314
10998422
7269388
8495559
4599109
9909786
8211327
8111264
8181490
7767609
12304466
9321277
10837711
6124047
6943972
11456500
10027477
9596056
5654254
6361830
12835892
10737643
15324430
7112780
10120260
11512981
10022748
6079926
5262691
10268949
8874026
10314139
6888535
12950270
4970226
9039681
7425031
8843436
8547762
8486118
13019700
9559118
5770957
6878613
9968408
8286695
9917334
9772517
9600556
5312823
7467738
9620746
13058135
7367962
4669633
12123949
10543668
9368342
9082274
17729562
9890386
9438859
9224936
8268861
10979038
7903451
9902817
9239866
7142251
6803610
6763253
6553742
8950964
6198396
9880597
6231611
8892278
8834988
12939098
8900716
9569866
5745940
8940067
6895020
9338510
6546860
6093527
9692987
8683603
8838778
6335817
7463445
5200338
8752851
7454864
13300518
11126876
12702776
8202462
5793988
12617752
4512044
7473111
12191340
7761215
3818274
11884812
10142997
7322576
12593481
10682677
13548547
5369808
12282688
8669913
6497145
9835987
5065985
6034415
12231452
5700588
9303971
7380073
11470411
8154432
8377886
8708187
7813644
3725299
8384654
9519383
13744092
8135402
4253873
10895816
9883169
8669320
6131503
8684710
10155762
7340659
7430550
6553802
8595831
10437128
7454891
12050721
8471006
9081094
10583835
9792976
11744945
8578114
6300748
9180722
5960059
6633683
8563115
9013968
7756661
10568943
7613936
8730907
8852086
9045050
9007292
12465008
15753174
9681719
12252411
6903042
9458726
14864625
6425380
6508034
7378160
9267682
8013922
10566441
10392622
11219706
8017135
11721117
7459370
9652705
10715886
6005378
8580656
15044119
6811865
7133878
11157344
5087887
10157742
5067418
6556371
14247623
6579027
6063964
9527602
10438039
9754346
10054843
10489681
7077373
8447753
7921875
7870649
10215162
14018603
6126448
5759994
8590829
8528382
9880163
9184438
14396869
9604614
12926379
7979295
9413244
5883425
8385412
10165443
9371185
10939860
12895193
6496614
6866857
7856799
9676864
8786948
8687494
8297666
9598589
8896241
8290341
5131505
7737558
11211197
10183377
8024174
7159904
16074436
11551581
12605574
8160466
11354558
7051346
7403816
6976248
9374195
9189814
8697828
9347211
5866062
7737622
5796551
13570694
8385600
9846358
11062082
10176260
7542856
9453277
5368689
6788408
7620723
12496085
10103167
8175553
9719958
9183952
8966929
10640080
11448565
8889768
11055872
11925470
9125960
12238857
9748571
4841289
7545127
10588218
4831526
10300808
7147834
10475578
6367153
6538237
4845750
5673763
6024491
6735939
10587737
12669926
6233601
8869592
5002388
8759241
9790624
4803207
10987267
7619848
7386631
8725449
5583221
6523414
8963951
11703591
7929407
8649285
8380651
4373331
9250468
6564747
6903420
11017193
8149817
5902851
10051773
9859974
7700933
8490064
6383735
5234102
13478376
13940462
9593285
13724335
7289079
10443562
7306872
9575680
9549670
7976819
10836005
9300794
13503166
10518481
9839235
9491770
16176127
8877514
9029176
8746616
7274811
8753405
9375026
6274925
7179044
16488882
13877020
9455544
9014793
8968957
12206744
7905009
11697789
6867505
7435701
14581351
7833760
6425459
11248349
7322279
13903931
12010290
8654092
5151204
8968209
5910866
7689995
17412143
16091054
6941702
9564414
13742840
9755190
10027560
9970174
11726428
9104180
7476016
10687386
8613839
8011414
11535924
7112746
12637352
10714939
6950025
8474930
8610755
9535985
7026866
11390946
8904205
5299610
6315883
10239190
14272873
12541221
11306831
11253335
11976780
10654127
16072250
11880802
10248053
8952042
8518052
12367050
9942857
16285119
4921190
8152954
11677808
9163054
6320297
8427619
9310044
10810890
6549781
10537005
7525074
10840634
5972936
8512489
9752629
11786105
11355091
5980641
7948987
8676069
13407646
8234436
9192688
8963211
7637182
10647137
10541493
12356743
11288516
11813137
9862551
5727001
8896190
9792652
10190626
4504489
4963183
10744234
8101440
10653410
3037724
7358207
10312685
8238866
9528373
12121482
12076445
7896754
8171001
12811676
6784534
8877132
11052652
9912340
7433103
13433361
9361827
8685892
8016162
8564143
8384990
6742091
11720996
10053447
9467070
9343965
9157717
14506887
6748817
8058582
7531483
9417573
9078825
10304830
6188511
10384888
4640636
11785801
10404599
11336534
8959309
7568525
6814841
10750572
6117209
9506288
6550443
11921540
7681084
10901894
10411938
8413548
10569497
8949301
13298287
8754277
9678683
8236008
9408747
11633458
8238013
10167628
13683721
7346114
6945009
4640902
10285128
8922716
10057058
9484076
7335436
9177253
13212099
9927081
8356012
6384935
9206355
9559607
10902348
11353149
11902760
14423735
8393549
6446139
8515178
7762375
7801723
3738505
14127863
8167579
9768276
11548353
10862251
12239480
6805368
9736582
7937465
7491465
10518971
5992592
7597273
7600375
10755715
6119215
6854234
9696443
8531081
7050836
8942366
7305861
7738949
9593221
5329462
5246889
8113725
9124088
12519671
8898240
9179473
8454408
9936804
13623429
8184521
12966854
7965321
11570279
5025401
7979372
12718659
7679852
10887277
11347906
12228207
4868881
6191495
7342575
10757633
11956832
12270999
5461709
9884696
9375914
8065638
13483357
7961055
9180036
8136880
10762646
7272014
6894550
7327031
8543810
9892257
6339957
8427375
9789612
10889708
8127915
8367413
11080067
7369200
6459626
8662256
15312482
10393865
10482718
9147792
10478216
5485539
9942942
7074870
8816233
12896490
11856411
11371769
7742695
11367891
12132755
9064943
10707684
5909323
3562022
8908159
10638458
6713610
9244292
3804352
7566022
9531770
8539740
8137298
4609209
9809394
8132730
7279478
9703262
7495064
6689623
9323081
5722392
12318369
12432915
8590382
5984237
11899138
11525788
7691113
9389946
7616241
11867437
8455575
14212751
11004509
5650390
13588836
10547096
10957425
5974787
10609736
12849260
9770012
7906404
10014868
7055400
9447848
6229393
8266494
7753029
10456354
7442697
12321102
10564910
11955786
7009565
9394535
10626149
10899435
11432055
8232522
9456917
9006135
10717684
7634731
15444742
7636749
7833316
6603911
10467106
8512534
7912975
10045127
8921044
6705586
7883874
13561221
7400203
9166509
10647412
10117549
6759416
7851822
7708883
10558047
5414409
7673094
9830021
7668712
7362266
11676947
12665427
6606121
7283349
8771144
6800910
15599882
9106479
7957640
8280980
5975072
8427934
7647898
5239648
7377647
6569741
8323795
11816317
10177467
7432363
5940963
5286337
4905938
5817425
11920041
8422134
8266513
6730528
7002022
9544830
10991816
11981982
6930706
11555585
6077420
6942337
8070070
8634702
5403969
9202065
12861153
3734683
8084746
11371037
5445539
12056731
9291355
11436571
6690479
11548147
10129414
10445109
5853331
7167957
6917417
8579267
7259892
12414583
6617823
8904918
10846446
8048808
13403905
11430102
7464288
12180254
8137625
8337330
11721199
6282873
9882848
7596939
6344017
9556069
10574469
10383355
11753603
11737913
7472675
5392939
9165144
11638473
12042360
7548111
8809157
4851362
4707030
11110548
8659443
12076711
8545229
13992783
5885996
10087925
4364971
6354168
9051676
9027078
11904073
9472461
10388900
7566001
9918481
7835880
6508943
9066303
6984031
10612855
10777967
4305233
10239649
9735461
14102066
10821050
9112452
9001035
10893355
5304786
7375950
5902293
14012830
7722915
7663279
10483180
8825975
9810863
8512754
8322368
4834106
6559191
8388755
5757471
5472844
10786532
6172449
6637295
9766850
6496819
6847760
9046238
11278502
3173116
9759340
6784837
8966714
12166712
11458147
10145064
7813823
9410417
9849249
10021553
9247731
11942184
9533719
13053108
11300602
9704100
6538404
5478948
8730256
7428752
9527337
8804438
6907780
8702869
8340958
9756917
6081723
9178088
10935438
10278917
5520286
8752813
8241315
3382721
10093222
8604049
10220966
10960904
14184021
7634240
9084915
10065149
5643474
8732962
8019699
9055366
6929717
9640153
12285775
9472925
9856984
6742005
13338143
7330764
12961544
4803662
11644314
7455037
9628884
12193958
6448855
4902654
3838259
7407988
12928651
14027020
10342138
6832853
8922357
10903899
9744919
8573095
7785561
8404391
6362260
9561743
8993782
7332973
7912944
8965173
6233627
6773665
7235092
8922065
7746369
9254694
8879150
12612065
7606555
10822961
6576461
10159012
9071241
7629729
6309366
5983659
5542467
6979241
9076837
8135415
10567703
6891922
7436083
5490090
6972563
8525323
9094359
9255318
9934709
9162806
12921667
9872019
8945305
8188633
13618177
8092992
13733524
9824869
10349550
9626231
6260719
7695868
6967881
12692301
3617813
9037265
4753753
10725372
10135440
8800134
9508929
6189294
6329583
9759546
8435494
6793900
8104251
8944762
4544323
12170559
5046526
13725025
12072309
6826236
10404739
11304121
6318679
9558470
7107662
8261015
11839761
10397831
10159966
8443836
9094667
10987767
8486239
9069083
12000177
13325171
11957272
8307478
10427367
10321382
5448557
8438800
8424826
7782265
5640711
5676178
3578410
9667085
7199994
9123631
14610464
11910660
10626501
7910433
10003656
7364635
6867944
9226929
10202144
6700118
9239532
9655439
14089288
10182954
9956031
7094714
6027823
7565978
9538594
10672278
6537935
5832421
7145886
11654440
6375578
7508871
5742248
9042261
6201183
4214912
9746290
10074496
9035256
9724697
8480801
5284453
6991796
11726912
11690766
10391571
9465634
5251154
3217770
6930569
10109300
8707445
6900958
13176523
7374011
3777588
9242166
11922010
7286784
7186316
13629461
14771677
6416809
7909709
11203996
9985289
7508189
8497982
7193275
9330136
9662903
10286872
12999596
13645744
8197024
7812438
5046744
15344247
9704933
10364067
6761828
13627978
12035536
12786486
8923126
11744135
7487553
9402771
5704516
5066786
9589104
10007329
14037983
10048835
8496685
9730655
8502690
5873379
9857597
6966594
6915168
10645111
7197573
7099661
8829331
5955791
9697076
8094828
10188949
6894135
9503203
6903600
9890034
8990494
7879556
6956290
11990053
8548699
4373252
7091076
9867947
8563731
9454803
8868573
9504277
6560742
11928039
9396919
10811862
6345847
7109043
10781248
8096619
4563575
10063103
10977527
9571498
10474630
10509785
11421946
8672726
8932821
7555603
9864676
8762945
10098164
8804346
7096138
8043991
8493607
11114638
7377064
6083694
5865910
10848871
11834790
9438530
10176906
9309754
8384902
8754582
10755555
10080104
10280215
5847872
12548676
6793941
12294404
10715056
10700383
9165173
8594078
10273083
6697183
8611010
10636805
8322410
12094921
9246890
7494370
5525208
8409393
6489518
11031027
8279695
9970572
13370468
14160350
8144625
13160328
3773338
12186463
5345490
6163035
7666093
9034568
8638468
6710604
5396761
7757058
10246637
7087116
7366087
7588333
14475314
11797990
5697657
11035302
15063875
11115406
13181949
8920365
5836264
6752740
8175267
14528687
11259998
12503433
5773843
10118670
13176525
9316079
13559571
10262630
6500736
3840409
8029585
10848318
9838507
6433594
7449343
9852021
8270138
8862324
6494356
4424914
9031896
3370564
11730697
9092731
6493968
8778466
6493455
2511884
13653763
8931870
9827737
9742748
7936937
9967211
7130989
8393959
10587105
10512308
9653227
5004974
6210600
8763293
12469267
7126574
8122219
7264414
14530378
7675783
8432372
14796486
4874479
8744541
12694465
7607221
7906004
7569967
8270860
7227897
12215404
7570699
9101407
12297004
4245566
6851645
8699301
10245190
12501221
11771866
11315742
8044999
4911477
7214583
7192524
11760087
9194034
10856418
8025938
16171589
5743195
7559902
8836172
9279521
10111863
4871703
12045995
11524468
9406946
11598980
8916357
10272881
7188884
9548999
5171211
5606371
9083706
13465834
9549156
9005434
6977290
10704789
7473744
6945276
7131213
9140839
9228345
8609848
6793754
11179878
9368954
10266713
7612000
8316383
10062972
8515565
5734855
6469584
10507246
6601043
7052806
12794458
17634062
8680358
5416614
6703112
5553908
9197951
9752652
5879118
7933215
7948740
6992369
12890394
11702137
9882802
5426701
11737507
9478167
10347413
9610589
9190882
8453738
9585964
5571065
8019563
12767672
9074788
7525681
10415783
7779589
6034151
7641730
12099619
10253009
6867692
9821256
16590201
13935951
5693050
11347338
10219095
7745943
8204825
8530016
12246777
12204870
6972889
8579887
6496403
6106210
7671179
5113626
6300378
9279249
7011531
11265394
6870101
7687842
6154730
4784773
9640104
5938530
12809714
10456439
13933242
7400997
8863621
7960942
9066937
12240880
5586523
6980316
7871791
7444901
7134394
8332193
10591131
9423954
7576684
11907184
7441784
8234211
8248858
4018198
6540945
8127668
5985245
12389188
10022435
10001484
4371265
3981455
11066653
7718826
6675031
11098398
8447856
6192236
10548769
9846731
9730112
8275792
10502017
9881361
7233545
8241288
12772345
6192252
6662083
8730741
9083182
11771191
14032178
8153844
9744713
12662948
11110738
8139212
6634030
7751460
10591517
10580508
5472555
5241850
8698535
8711452
12990102
5282249
6977220
10497159
10892193
8687128
13443758
12819511
9689057
7592378
9579251
10672293
10638537
12642793
8700043
9687207
12739228
7751516
5721853
10012482
9847108
10203721
9198645
4607701
11346058
8605465
11801754
5714811
8526625
9729860
8637528
10510947
10407801
12723881
6969175
8470888
10498000
7644463
7199128
6332215
4160598
10207182
11826807
7648094
8393205
5051454
6666063
5996979
10680114
7743597
8837538
5195496
11039627
6748514
9805101
7724585
11384356
11362668
9149079
5692200
8320092
9584283
10651722
8239618
10944140
10574675
11560318
4315373
6066666
11344041
8058687
8147268
6977822
11365690
6369838
11207447
8593146
8709114
6566410
12421255
8481372
12997976
3960223
4350841
7801082
9861585
13700542
11167222
10829709
11459832
10403056
4852689
7105350
8971169
10567248
10026093
9858953
9083471
9605854
10796472
7297762
7511312
9430155
5734127
8203114
8150589
7326481
7603024
9457795
11069502
11885680
12183362
13263257
11844363
10413368
8258552
9821723
9252075
11183853
4586085
12387314
11650275
9898075
8591115
8153066
11877697
8296587
7124227
9103030
7078741
5519766
12066101
9373292
5465119
5831677
5271272
5358815
9600817
6263514
10758395
8052596
10532967
7436794
1081800
10376444
10991044
9083146
11072800
10961059
11668780
9823459
11921875
8752824
10824562
9727797
8430174
13169173
4255443
5446095
6317528
8966312
7762859
10041740
8885272
7788476
8092757
5743074
8190780
6947289
10109758
13157242
9986434
8257223
7882287
6008035
11684054
17425874
8711083
4636356
9094119
6787299
9557372
6885846
8640457
13251829
11786681
10937281
7538005
10413080
10603498
6830543
11347568
5585346
9092038
7789259
6317343
5353484
9793946
7797650
8768738
7450392
5921049
11375342
10742210
10592156
11192561
11343038
7238507
10292573
12170683
10118045
8716475
10004714
8095203
6609443
10182975
7664560
5572836
7673995
12085134
9495347
12387380
7201000
7309378
6905508
8599870
2580715
10060358
9945305
6156267
9343137
9775505
5194372
8576458
7204066
10091253
8382244
4961985
9747041
6944574
10716514
11447871
9769925
10924463
6256001
9910283
4664735
12508010
8875177
9261966
9481592
10877175
7831396
4978071
12218403
10054439
11123566
12076621
9235681
10917087
9990623
6384800
8551209
6741836
7866342
8364487
7229100
6700680
8693330
7694018
7229705
5973023
8242260
9767968
9480609
9980565
12075214
8698816
9276945
8332445
11277814
11689242
9238662
10118435
8648972
7934541
7573991
11577065
10959001
9592670
4389898
7767873
9474543
6123054
12228817
8666330
8816547
5222919
6735787
7597726
6938312
9466237
11861805
14132921
8578374
11117926
10745682
11737262
8394487
7502407
10333364
9100064
13202842
11587053
9599211
14452693
8205486
10594956
11039907
10503564
7640810
11898973
7520425
12047971
10956976
9675743
8730970
6742358
7646665
7589967
5613746
12350586
10227726
7599649
9294931
11812882
8239024
10223414
9779022
7343210
10346986
11980396
13000043
9541581
14761265
10199399
6288698
4123914
6298024
12017911
7392063
10660688
10261517
10173716
9619629
7931896
9054104
4728006
3689651
8171418
6010582
12005746
9740173
5978774
7375543
7654327
8133471
10599174
8219441
9060292
11122327
8477696
13773089
8300501
7914816
5825127
8679427
8384637
13449329
8847757
5564647
8478417
8011153
7089556
13900740
13966019
11821818
8779842
11628882
10488651
7983692
