5393537
8672642
5243306
9255317
9450665
10330576
11953436
7525931
9666412
10846627
13812905
7327362
13833893
7098983
10979883
5668990
3751090
6673368
8629581
10412944
12742674
7487345
8117312
6865797
7495965
13625796
7174181
5263002
9581672
11979290
6947697
7943643
9939733
8288726
5922687
9178187
12947009
9265356
6504076
5526348
13228605
12467146
7709380
12558261
4722203
7272456
10643572
6366337
7479823
10301397
10517698
5967216
6874265
10539671
5606083
8767372
5765393
10904132
8458599
3593112
7397615
13805107
6741555
13322512
10339330
10989185
12015162
10078101
11717901
9439252
5550967
8979706
10357845
8693054
15196589
10747581
13764546
7398408
9810110
8417507
7482493
9790178
8815129
6297411
9160470
7952263
12838268
11173233
10662799
5692800
13704875
5711822
8883481
6109185
8638266
7874436
6184624
5473460
8980914
7491232
10917941
10315954
7911874
7787794
14192785
10639471
9238718
9874538
10116008
10107785
9911882
8360056
8366913
6423955
7484341
9944150
12279518
6177190
3663070
10768986
6133011
10770049
10668685
8106703
8874615
7703512
15531573
13124596
11452126
9860317
6751906
11835293
6634544
12242466
8361011
7055680
12743876
11802374
7986201
8012758
11136173
8598042
3669735
10466942
8684757
10444691
6781500
5439031
6735534
12806839
9032563
6829044
10412799
9997274
8702292
11174641
6429532
7163578
9893894
10178574
11242830
7561008
6845413
10514754
7480510
11833637
7019898
6617811
9882179
7229333
13294703
10439185
9396961
10846158
7222130
10784581
7639447
8279729
8243721
5472494
10350720
7079014
9711956
9499073
9231166
7160283
10000859
8925176
10593099
10614824
9510805
10494363
12831556
13506583
11487530
13238332
10753539
11352323
11416493
3767897
11765969
12426559
8933084
13797020
9339817
9677529
9659488
5050799
5566313
7146259
10242166
10951105
9198708
11100699
10200533
8415929
11942540
9219564
12870406
9005985
5952181
6804252
10155998
10258846
8282953
5065008
9586426
9766520
8439906
8168870
7628630
12413650
4016408
8962459
6717053
11712616
6245479
7382318
6863631
7763781
9667510
11307761
10097380
11721327
5118928
10837856
8850771
11901989
9546785
11251164
4377888
10324515
8026466
9165685
3613143
11733064
11777423
12551633
9601458
10428074
10926978
15690062
14148452
15660346
7002946
4241487
9626205
10095187
8379041
6386900
9806160
12064044
7521410
12912607
9127039
10911907
10669498
8928298
9181808
6963511
8243962
9361254
9851705
8231386
10289431
7987537
10845757
8567891
10979895
6522361
8692928
10502743
5862429
3741075
10640041
8301944
11187720
14560571
12963590
13317706
4991261
12269833
6263293
9191641
8583882
7224880
13232646
14775227
8382588
7152762
6834206
13254305
10451697
13715393
11055353
13731227
10385770
9102655
10683115
12187578
7549303
14325130
5455980
4176156
11376281
8992835
10023676
7663154
10232578
10182678
10281145
9380244
10760706
14559547
10186788
7247522
5263026
14784994
11332369
11499382
12008219
7825832
8689306
9483537
6729289
10723121
9173549
6391016
8056275
12013005
10782730
8693029
7754737
7788618
9570922
8643998
14110052
11768877
7171596
7449701
8990554
9280368
9718412
9665523
10421118
8400849
11729763
4829905
6936222
9119145
9680830
12043176
7536107
7436270
3844021
9964849
7445716
8077476
5691111
3666403
8985324
9673114
8243897
15057713
9828737
7307434
9515101
10155345
9554526
8973164
9440011
9270776
6203633
8956429
8839873
16201823
11025593
9373699
6386607
8623431
10681315
6657014
7262672
5486009
8793150
5205378
9758185
9600611
6006084
13024286
7759701
5421408
7723729
10890469
9453456
10509945
8608210
7508583
11984959
5995067
8208112
5929662
9895417
9412016
8691466
11925465
10747243
10305014
11454802
6234945
11458939
7802319
11436490
8810882
9097494
9007159
8428556
8583900
13404258
8056347
14136691
11956447
11700235
7710386
5408828
9255178
13361883
7682883
9520496
7292935
14236171
8738037
6695296
14987104
14134719
11027121
7376472
8162663
11257743
5393003
9962721
9545467
5322520
7797790
9474697
9427463
7565350
13568359
9168429
9731403
5126505
12240315
7743641
13202687
7960080
9744369
13017040
8713618
11581579
10340812
7082414
8353254
10031490
10074880
8430475
11956918
6553949
7639910
8245782
10793502
10431415
9109329
9585801
9319306
10512118
5611028
8525313
6599555
12395613
6820852
10799544
8706633
9014486
10089475
10757330
7635330
7541738
13896353
12054718
8901726
10115598
7326838
8534438
13394565
6179652
8846231
10864432
9495251
11857288
10286836
7111064
5974809
10663006
5512871
6277174
9702019
12296543
9975452
6071039
5517143
8883124
10335072
7736462
12344275
3641302
7353100
11765455
8805248
10072341
8338351
15456906
7554194
6314576
11377675
7197227
11297343
10226110
7200416
11469950
6661870
10673435
3342985
11262972
6285144
6358604
7112168
7583249
7998296
7912435
6772141
5931507
9439943
8576097
8595450
14689248
8269407
12882515
10141077
6567059
5954600
7969130
11077099
6917761
11863773
9288038
5851405
8448504
10620120
10432535
11373278
6541160
9873576
7548806
10126615
10783690
6918769
9621694
10267638
11941375
9974334
8817956
6583097
12281487
8313712
11140110
7849177
8332080
11817240
7233307
12966929
6620953
10972573
8491148
6465484
10459840
9137370
9556779
9692238
6385603
4631080
8285820
11940423
8513257
10016454
9287114
10396462
9206803
12231138
8330296
11505745
8126350
5997439
6015023
6449897
7968469
9724401
6586561
15782573
16338574
11058402
5581360
7776962
13217404
11250295
9270975
8390250
8773901
13553324
8211015
4034612
4875702
11452807
9505993
10522491
9779959
8920231
11603553
8500525
10874369
12013022
7385165
11709423
7479161
10171439
8807364
8976207
11046736
7173196
13269087
7123434
8262685
10449434
10714208
8169874
8164499
8754955
14637904
11502835
7930004
8259150
11017632
7144584
6709674
10239331
13887648
9992215
7699812
7525855
9984622
7177903
10336977
10936161
9269704
13276910
14963265
13016042
12945762
11179396
7094286
10259535
8429516
13854391
10048790
13378590
5783422
6946368
17049364
8357420
9994687
9882565
9391641
11217229
11436723
11591625
6407305
11375971
9212608
8856231
6497989
10858566
6147819
12142565
14174775
10848163
9029727
12705050
12749419
11058430
8714503
6905757
12577014
6231450
10308586
6964080
6473757
9111083
8794482
13334445
11599816
12113088
10705652
9510727
7262741
9041343
6763378
8265868
12546542
6296682
8555251
8908484
6743897
5518343
11003288
8536826
11195008
8757594
11820958
10065418
9642910
10265175
7017795
9530493
9977536
9423657
9381971
11603651
6518517
8497698
8977991
5850673
11569211
9099819
9746305
2546345
9892825
8870477
9011243
10232285
9017383
14989474
7935895
4784536
9002932
9339831
9018412
12001816
14643239
10377757
12462535
11814406
5521421
9741225
7779350
11885216
10702638
8727439
3975805
9626034
7781080
7305648
9708991
12404428
9110839
8850378
10041117
5858539
15933195
11866557
4116410
6764575
10023800
11041599
4194875
5641127
8741595
12114928
7571470
10218911
13546965
12054544
9152500
10462148
8801419
10683503
8357402
11749893
4683506
10059771
9724168
9188465
5859700
11090287
8416640
7915706
6379311
11087855
8202213
8359266
9983002
11407157
14210125
9643078
6837509
10940387
11377766
10053738
8798745
5793151
11938486
8851606
7499640
7248600
10898441
12269297
12014089
13382224
6098129
11446753
8730287
6485835
9339146
6891216
8687380
10182490
6709902
8735726
6803886
8748302
9116796
9295698
12498696
13502732
13432125
4966765
12951976
8677322
10739552
13751154
8275362
6663281
9562956
10102667
11699817
8910039
8100534
6419040
7059992
11226944
6016043
8500151
11687986
5592942
13256288
7772043
8338014
9095683
8615761
11798206
10601105
12990583
11730704
5758300
7798887
7197097
4955242
10390664
7207404
7608927
11357062
15710397
10538496
10356939
11209686
6592647
9187465
14429650
5902619
7177274
10999768
8440735
10029910
7442145
10891568
15476029
11444973
12482708
9387321
13042660
7827529
7086816
12217151
10227427
13204890
6237486
12663544
9210540
7813111
7914693
11857586
12468190
9680433
5740369
12250522
9836266
8343295
8882517
8889091
6601154
10423917
11072372
5844042
8520289
3718825
15096292
9615061
7704040
10039824
8299826
6940736
9352856
5064663
7279342
3446745
11338167
5335388
11127693
8887704
9637191
8550639
9853760
10389430
10601600
12787520
9975367
13435636
11201392
9557070
10497711
6669077
9673437
14601327
9087710
6633088
8372176
14290954
10176541
4586116
8038403
8913190
11344860
9856392
12609533
11746227
12271207
8980998
10158134
7971846
11409093
9804469
7699759
7543438
5848877
9331294
9789198
9558471
11174325
4582889
7498907
10796263
7696017
11293928
10225095
10321391
11740208
10550969
5793144
7302325
8132469
7291940
10187358
10183289
5245588
16351825
10938059
13552217
7139346
12717378
8540843
10240888
12361520
10897215
10905747
12010841
8462352
11539011
10786653
8031800
8639492
12267546
8989268
7713570
9321063
6592934
9753233
5251974
9844010
7936986
8004673
10852819
7493843
10045428
10550979
10732261
11928274
4655727
9327924
9936165
6383473
9119160
9479312
13910931
10815583
6363253
3713871
10238431
9160661
9878997
6533742
6057501
5921279
9506733
10493671
9939957
9813259
6158469
7173759
11165050
9825107
8500779
9822747
9633274
13801099
8303768
8190738
8399709
13568178
7947615
10191330
8163036
4483821
10755222
8835249
6721611
8133269
7780701
7174284
12871096
10613311
8113636
10512687
12389775
15907106
7493847
10490480
9615530
12967747
10103817
10956459
5326126
11552888
6561940
7481583
10177341
5688579
10762997
14238575
15088184
8542973
11940453
8330513
6559817
8100270
9112439
7026820
11565625
12544607
7585135
6838839
7114263
5086337
12045023
10280574
11322470
3798982
11793517
9967897
11773787
11241192
12113730
12599521
5710635
9639334
8071315
9398113
11706573
5621431
7884537
7483354
10456521
14114651
9214393
7936756
7465517
11691671
8747861
9014039
7812020
5662739
11328153
7240589
11992073
11212857
10682744
12754347
4924025
11427602
10798561
8415079
11631782
9350504
12050804
9493204
9150558
9683111
8684727
10420414
9449161
9706150
11399002
11899744
6176038
8434399
6153105
10179278
9406298
5726990
8736178
8193116
11707530
7174784
10793268
11499033
13020185
10477309
9218296
4616094
8153694
10235469
8716339
7548263
8455148
13834315
10543544
9756226
15828840
8656339
4921306
9159376
9528447
8576434
7884050
12504556
9041416
15771214
5236839
9260173
10743404
13424952
6374200
8181249
13249631
6138666
8366835
11637266
9943360
12518586
9246036
5023869
8710396
4997418
11312818
7596212
9650089
12123327
10684572
10725796
7873398
3602578
11100987
9511639
14427376
10647310
3223340
9708105
6750486
8470975
9058392
9607241
7299659
9754074
9597113
8993496
9057665
8383909
11958145
8277219
10293317
7985810
6789707
11624895
8786855
12005408
10939876
14599559
12819521
11438960
8434039
12695422
10925602
8852540
9392040
8446294
9491027
8119556
8306438
12973000
7452689
5930618
8722924
8459330
11271128
8100207
12299293
9555703
10119940
9925134
4640587
6593206
7426596
9314524
13186880
7344336
9150049
9349791
7633205
9113431
6328783
8633243
9491121
14742949
13526141
8207124
5576623
8897066
8981828
8099691
12304684
12234291
11390056
10788676
5553506
9609323
8532714
8666083
8852850
13846159
13091664
13097849
12372863
8502461
9232406
13849020
2173614
7692084
5195665
9046676
7478748
4717477
9684155
9247075
5968155
8835708
13588217
13782785
10425921
8328855
6424980
9107821
6057501
6775345
8284515
9315319
9402643
7552967
16035822
8001289
6794624
11578199
10085761
7433913
10416510
7561476
13036096
9940884
7561944
6175519
8544072
11081870
8570561
12660946
8100214
8132177
9820355
8797656
7526450
9046257
12228090
6207971
9076387
9218509
6920780
8076406
8551974
8913883
7338136
7940942
8739350
9969175
5646592
8699296
9696761
7113687
7559469
8251496
10644002
10313646
8984534
9354557
3470036
5837345
9738174
10271744
6959214
7663753
7659277
12882033
6300383
8224127
7439571
13635575
8381232
8959825
7346325
11827877
9576860
9869296
12806312
7607822
10024635
11993310
6332412
11079542
12579195
11458689
11229598
9834692
7579548
8538784
10077794
11315129
5617861
9013504
10799951
10394415
11571125
14087794
11842970
11743461
9323283
4510520
12037899
7732126
8509781
5184569
14311234
9327536
9851324
9258883
8077576
8371559
9197510
12741629
11998143
14962877
11097312
8956210
9190858
11190626
9135817
9552593
7642820
7701710
7848487
8641780
5645805
10341863
11936016
14253102
9928086
10297312
8423923
7380984
7987871
10286372
10727204
6755857
10563515
11846674
9718340
9419695
4195193
8227633
8350335
6523452
11553903
10757076
9150168
7522542
8795955
5588178
9024882
9849225
8988920
9335067
9377932
4950126
9281970
10980708
10044632
7778196
6311701
10712394
10196860
9005221
11712953
7820879
10920228
11873057
7865709
12340197
10284914
8679672
7353162
10619131
5699292
9024152
6784780
8266351
7800731
10853483
11633766
12429080
9127554
6773814
9963609
8712691
10389494
15531261
4076769
15049028
8009720
10197814
7783770
9505086
11453791
9672345
6958098
12557735
9707927
13184042
10556458
8578092
12283294
7925676
9791387
8490585
12349973
11042564
9767294
12259449
7084078
10504431
7197707
11719291
9180448
9202630
9307659
8761384
9457722
11121340
8433014
5562188
10287618
7175802
8224167
9337719
8361861
9105646
6837429
10609131
7519962
13366516
6225111
9547346
6372021
4326720
9361132
5991659
19255889
7597623
10178014
9583132
9727058
12538764
13343474
9989985
8223187
9006007
11821135
9355926
12339403
11789451
11657146
4905092
11261812
9121203
9217938
10354019
5166217
4411247
4124433
7226494
8095781
10601363
12022326
15622390
12296274
9289761
9678545
7969316
10902874
5128540
8556099
6920585
9127498
7849113
8793184
9543627
8644049
7988487
14032966
12034791
9188352
9902936
10523465
10362898
6044083
7847256
6035747
14533134
12045335
11755856
9686807
9929966
9900017
11564318
12745883
11835870
9008933
11984693
8741128
7152547
10574385
11446144
7629624
8061864
12728767
10221973
6258284
12041172
9678517
8587938
12312933
10362645
9328296
7780708
8781937
11264170
8696193
5289902
13448289
7371753
5106002
10117761
6899727
10732044
5751605
14186532
12211942
11111678
10070591
13326888
7262112
7856850
9206633
7360023
9513783
10416681
9954885
6685667
9621323
9650438
7474814
6633866
10375340
6673898
11242893
4988260
5321042
8155524
10208300
9170503
6544590
12316338
7497909
7534889
3535700
12649594
10718565
11856081
6710417
10859142
5441648
11530927
5895281
9288594
6776101
5932539
5510389
8038833
8591519
11863352
7792639
11649280
8418135
12495029
4044516
8367614
7814020
7629574
10377133
12997050
11922913
8548314
12760976
8551638
11514868
7158047
10833435
8357361
9089526
6723091
10182185
15300941
15720222
7730531
9339960
8694727
4911446
9541487
9026330
7717661
9949399
7696692
9435528
9929931
6369314
5593336
11424037
13843648
10625519
9758193
8418230
5767917
7518541
7775061
11614735
8759725
6677931
7725451
9185165
9018456
6871982
10081627
13112322
7635031
15397375
8736840
8482076
10948214
10600635
8734086
12703639
10210517
11202060
9159980
12807288
9828534
7580969
9553744
8453020
7696389
9942208
7650334
8418483
7954957
9781088
4991998
9547616
7979260
8308762
9234118
7919148
14329225
4124369
12289752
9692145
9512792
9439926
10044875
10255009
10573666
8242314
10380127
9793259
11124336
13429367
7933180
8045370
10610679
12264055
9570795
9088235
13576136
9761743
7991775
5816997
13486195
7541284
10123405
6250452
6704391
11383263
8593322
5626039
6438737
11072428
10131740
8986543
13534627
11943247
11963092
10904575
12338564
7022743
9047773
9943657
10395674
7013636
12463313
8871135
8314387
5312552
7224749
12144445
8640890
7944269
14609760
10054045
7136533
8352972
7388390
7385622
6182283
8650462
8034469
9504641
9020256
9240224
16376899
5608421
13205593
11854395
6177467
9507290
8994157
8867734
8567437
10111266
4501964
12571907
8112932
5549486
10329817
7736302
8343350
9669402
11236247
7352763
10432586
7818191
16417332
12142383
8104845
9282971
12017293
9061228
12121602
7876638
12890898
9469942
9091194
8462689
10602353
10016340
7130335
10490999
8982866
12397671
9222359
9735998
11471999
7585770
8541369
7370453
6924088
12925109
7119836
11426529
5471081
9300292
6796114
9830729
11638612
11934361
12857657
11490181
9428743
9235729
9253613
8194671
7161046
5393473
8337086
9992614
8809884
6453498
11310404
9100708
7213410
4147115
11061711
13201307
8929109
8787491
10270418
13398463
10942115
10255749
9491892
9084160
8475569
10840699
9010618
6641909
8320904
5726049
9577594
10469408
8132735
7045679
11193681
8829225
11790162
7459960
6921543
7617789
14609491
9687215
12692791
8440657
10363800
8623779
7698717
12085693
10756174
7296704
9918661
10001011
7427763
9005251
5292891
10570078
6108467
10771116
9155239
9004700
14604723
9754974
7481447
7510412
8784024
9726281
4853465
2174970
14307042
7567307
10453313
10664757
8380797
9251266
10954932
7868503
8688982
6642841
6790148
8429166
7838734
7118779
11969390
8053036
7066846
11823379
8785208
4960975
9063755
8144677
11841228
8828534
13484210
992182
10692537
11227384
10102710
8125329
5199678
9393171
11226138
10850913
8699660
10182097
9793384
11341207
10868574
7776233
6254758
11472964
8281313
8903490
7436251
4528052
6501024
10103512
9190641
8950553
10724742
7177285
7591715
4730690
10065716
13107800
15616008
7499743
9063855
8093562
13073613
9585764
13034484
10909066
9648406
7539678
11457209
8105510
11816622
8683729
12780926
8573854
9693258
10484446
10078445
14327347
10674418
7277486
5991454
7418287
5230976
7864206
12432731
10700825
10311613
8896565
9492845
9090949
8843146
12847232
5898760
11572059
8905484
7842567
9901472
12874457
10951783
8841878
12187074
8568673
5688778
5972325
9601669
2603926
6356660
11548447
7421005
7666945
6679842
11360403
9934201
11704498
8383279
7706394
6475742
6010990
6432701
9221640
11029613
8415583
6600320
7481090
9027438
10176868
11165913
9367046
8974888
5622936
10776171
9343947
9013912
9038370
11470032
9071098
8058499
8600241
10492856
6535554
7100489
9892137
8814366
9398211
9684462
9756737
6944942
10205970
11915042
8047885
10733858
9108067
7243407
8178144
8517091
6461816
7700840
11451271
8473679
10196918
5630463
13232007
13701557
16076109
12096551
8392178
9973213
10399567
9826343
7838282
9883053
6703692
5229998
10334513
8187612
4308862
11315411
8432797
9419536
12642387
13394311
7176149
13743582
12356915
12513700
7741344
8318787
7559384
7076276
9168788
8837400
7369525
6042800
6696216
9234783
7909443
9336644
7254816
8631278
13504785
6966832
6926022
8367110
7311840
8480691
15411283
9151978
10076240
6402364
9260924
8756025
10843134
10709672
12134186
9722245
7836164
9038557
10435658
10253603
6591583
10192265
6268493
11970538
6994164
8836491
7279235
10808043
11810439
9502616
8550796
7372417
8912424
10871954
12937986
7876583
14092639
13134307
9875756
10768850
9512111
7954025
6028253
10632446
9109474
6965601
9061895
8637216
8854430
8896349
12991863
12168573
12608977
16909759
12046304
8888280
8824456
4385814
9598969
7409425
9488854
11358167
11115778
10911059
4886483
11182972
7551803
9433073
8833812
9294540
7107695
11287705
5512228
10476404
10288926
11528943
12217674
10004152
15957404
9443542
7366024
9131769
10721160
10856783
12466575
6641359
8355871
10475823
7207550
10566731
6644419
10904587
10058290
8417603
9135405
6523685
8508048
9065056
7412359
14598930
5745415
9510103
8121600
6689634
12483922
9621870
11929766
8958323
7211470
9771495
7369127
3539344
9885354
7810064
8400406
11634663
5827099
5980054
8274418
9024378
10179320
12732736
14361112
8344907
13337403
10195330
11594923
8547678
13670231
8934849
6032195
6297380
6585563
11215980
10629556
12588153
8862621
11311947
11265381
8684729
10649576
9438017
13193292
11554834
9600706
8544468
13715265
7736222
14737224
11928275
7120370
6254261
10729155
8427756
11038325
6980260
11199745
9165812
9352553
7578525
9270201
9605598
8082665
9990020
7034085
7369366
10815083
8567076
6715900
7213583
7990063
10350693
7125739
10416042
12379477
7886010
8535167
9531155
13152845
8627781
10099448
11944171
12130230
12872907
10649084
6351537
7457120
6419244
3380968
11306505
7447167
12773145
6049099
7510461
9545881
7038734
6968228
11640317
10023106
14247741
13567935
8240032
9581703
8667404
6192117
8383908
8374528
12239081
12090142
8048137
12871066
17602232
12416954
10662345
9621222
8518468
11749666
14256168
6989326
10528408
9217878
10869790
7474793
5108387
8641597
9225726
11547563
12565636
8849362
9912743
11295705
8617254
12424956
9934413
7354000
9560510
9889954
8790912
9093626
13225137
11841103
10858949
4170567
15141779
10532829
5806809
7910199
11094799
11751389
4683287
11923835
8164681
10694789
10237989
7788776
8877836
10251479
8491057
14928125
8790518
7084706
11957743
9846874
17179881
8606937
9818623
4916375
9461916
8965553
12063029
17001124
13040864
6882554
9850799
4767312
10812084
12663163
8746587
10683092
11163416
9079907
10981590
7703200
7529618
8879551
12194518
8159591
13793199
6698455
14654778
7610818
6987563
7945327
11861152
11307036
12188082
6876562
7226757
9656799
9081069
6361092
8305832
9674480
9911119
6606065
9262128
7585888
10209819
9682253
8411156
8833586
13732655
5995616
11047601
12575095
5970233
9335970
5699912
10309795
4930919
6666120
10471673
7663561
7922996
8957715
11820235
6712832
9332953
8437852
9557707
10962076
11522752
10674052
6270136
8191915
9128440
5924742
9078006
7771590
11600102
3721086
6662914
8972687
11484940
9677945
12075434
8290319
13127311
8796062
8684791
7049689
4460693
6187470
8166450
13655152
12362062
11383294
5260707
7538378
10166278
17204969
8548729
12202824
9523541
8495181
7848107
7859948
9262792
10833220
12670638
9525382
7191308
12968140
7871374
12723198
2815982
9588375
9200706
9162764
9107884
3748791
15762930
6092007
10107383
10394561
8304343
9930654
9142131
9207646
10404348
12520297
8787825
8816026
6464532
9677958
9315267
8612634
9658303
9617904
5005142
5350952
12744629
6729883
7667069
8048136
8027438
10883310
4212633
8076361
9771739
8286463
7032003
9875400
10333278
7846186
10495958
13715913
7803912
5838227
9878019
10986973
8291073
8660443
9406727
10352716
9260020
7928213
3980848
8806069
6647074
5407785
12518050
6099911
11894980
11232353
4891294
10328433
11481528
11842530
8923517
12215226
8044913
11823422
15136954
10290334
6270454
4917220
9333365
6173813
7232157
7439958
8300199
6088163
6103365
7177606
7574818
6398018
8919112
13249751
12814202
10080382
13184851
13040198
10456353
5910082
8017320
7687737
11297100
8446061
11465633
12019063
9151267
10587437
12100053
11144727
9116654
14754768
7693743
8998402
8476904
9834144
5828815
7820050
10193316
11044530
10225967
8735472
7313008
7225473
8710439
4866707
9860738
11911871
8416413
12427111
6773467
9228877
8495877
9122275
7426778
7540778
10739529
10598300
7036213
4376916
8133112
5148134
11438862
6644511
8730271
9962624
7673005
9805838
14028639
5618947
8380723
11389929
13044037
5377044
11203288
8677711
9051027
6568924
5713394
9456949
11520435
13771018
10880808
8032848
9701518
9070896
11237360
8932939
4894870
11354077
10346245
7936792
7030156
10397882
7847453
9262769
10409304
7240729
9202188
9951274
9272637
4702226
6770398
8994451
9235104
6655572
7787121
9403361
7477034
6994960
9487803
9257664
6296483
8536462
11686362
11613266
9242653
12089214
8834671
9041709
14525621
13386748
10301909
7343355
9983096
13775594
7696078
6549177
12870928
9364884
7093263
4510695
10006847
7804598
9214310
8409841
9124137
12966481
8993453
10177066
11433578
7787263
5486286
10002207
9632118
8474722
7326592
9970891
7964231
11845978
14115069
9508819
10359491
10110633
7241227
8545112
8812849
7723237
9080850
13366372
8326839
8664951
10135961
7918933
11968778
5307002
11577172
10134147
8992520
12436335
7807469
11868328
11356122
6318833
11577051
8715666
5700696
7906176
11220132
9029934
8089284
9957494
9703932
8180124
12881979
11160412
7647355
10516483
11694914
11375599
12182625
11195566
6015407
6641580
11391420
11526369
11854642
8455631
10275104
9853598
10813835
9387590
11741103
12424251
13750312
10311472
10734076
6652706
10583902
14080679
13010439
8818811
11189372
7938870
10288704
6396642
9347788
9037077
6009355
9731183
8226257
11158879
10632198
12122313
9083554
11099522
12225033
14695321
6464212
9503692
8363767
5471192
9939416
12836074
6473634
10793805
7139866
9622703
5634076
8599916
6952576
10637336
10294732
245352
12419607
9064212
9127950
8608807
10045949
10357675
8005937
8975749
11883191
9347694
11209814
5904942
12398948
7286409
11916361
6651527
9973768
7477513
10738116
11875662
6603056
10592857
11150317
10434742
9127137
9944822
8473244
12243262
7589642
7633646
7347112
8609516
8624608
8667543
15401283
7379028
9538904
10604191
6324058
11611392
8635305
10007920
6788796
8688095
6827043
11450492
10033214
10043925
9507059
8978771
9076548
8514771
12231178
6783568
6507201
9624811
6162989
10965903
11166212
8608745
11173418
5494826
4992338
10805124
12088888
10791184
8825686
9539596
10037815
8326851
11807654
5361637
7731389
13534919
9286884
8274352
6686465
11163793
7328793
8187418
9245445
9740163
7831149
11084135
7520686
10692451
6147054
10295047
10635910
10237563
6876820
11983127
9804838
9063109
11699651
12939001
10624003
7205150
9940730
11688785
7557166
8842909
7282218
8655513
9153846
8370428
8452469
13605833
10147783
9320916
10382065
10654452
11904726
10775346
5020559
6345042
9878385
8037469
9357951
6588254
10787739
7122668
10351189
8187195
8022644
3727348
7250907
9566680
8007310
6763062
8839715
7756485
12086825
11742833
14059485
11917107
12350934
7843796
8419540
9172506
12375766
7829896
10813222
12618394
8352073
10274388
10522517
1936850
9480963
7185886
9572346
13213208
6894519
12477107
14326510
10405324
10899578
8278345
11089746
11437629
11135909
9298021
10770756
15086249
10212064
7725604
9974234
15938486
11002146
7636252
13334848
8276187
7867494
7667442
10232564
7717487
7622986
8373102
6271625
9310527
12746737
4246977
7853196
9632345
8029761
9495197
7801231
10007366
12053884
7179462
8777016
9900298
11842385
15901904
6984136
7642166
11062355
4920762
11644114
9223638
7976978
8345737
7660808
10999194
9643451
9538221
5956169
7968003
10556025
10879951
7648769
9847196
9644738
11416825
8493570
12858546
10159251
13122298
12159912
7658460
8244096
6372434
5165013
11502191
8349696
6393159
16050522
12396556
10693099
7903530
11846583
10208339
13396526
10215883
9582353
7727189
9927260
10570438
7129301
11108991
9961828
5111366
8851216
9905462
12149631
12751317
11313499
10227826
10166855
5475021
10631191
9013823
10291525
7777269
13137398
12218330
9143165
9409773
6481285
7177605
6257675
10949788
13069921
13309154
7475151
12749576
6045710
6936355
8848782
11224671
8918151
7177602
11638014
6279880
8624543
8923668
9039450
8649016
5633555
14507516
2539805
11506285
9177180
13655256
6881273
10546070
11298716
7358154
16600491
12120775
10798338
6072988
9726891
12066306
10743090
10385700
10785582
7769385
10596898
7830455
10006826
13668311
8144666
9142526
13033500
10831654
7744758
10994671
8284685
13084441
8854799
5715541
7770973
12052909
10002740
7525318
14368491
7477713
5951569
13321448
7456280
8165902
8475999
8500332
5564856
8258671
6241072
13856932
12859916
9768965
7433540
8032191
8038765
4666850
4898094
8372590
10728831
2692330
9192859
11265808
6600062
7437331
13992189
6683027
11146755
6676704
10219568
10045191
4762380
9554554
6751359
10410582
9715019
10694839
12827325
10468867
11440327
11099682
8072234
9685039
10144691
9896838
12716737
9941126
10155815
11957944
6906061
10760876
9902144
6362155
6833520
7836517
7069686
8509497
8881868
12445723
8315789
6558347
6227869
9157243
4909172
14115516
12140949
8623578
6526447
6554861
12605678
10584614
11508809
10423185
5988967
10333087
9203727
8088278
3061735
5571581
12681872
13248676
9084494
10195530
11528718
9410708
8335041
8635563
8759141
10424498
11769358
11736201
10620723
8016578
8296719
11411551
5603171
13046131
10266873
9951907
13834137
8306263
10637874
9379063
12522008
5249283
6565519
10534142
9678890
6873685
8303932
10713981
9025888
8329669
9157366
9483129
8835853
11236239
6998969
4932801
11488867
8977534
6129890
12162964
9289679
9704189
6674590
9934260
8075634
10958927
11953232
11650704
8167189
9141018
11268580
9037325
6959587
10440081
8721102
9552241
10162578
12221947
6873660
8410318
7715599
7590992
10549799
12282896
12247885
12279685
7875261
10351034
9572652
12604243
7155720
10037767
9423614
4840748
10353463
11877937
5348809
8297560
6863756
10807760
13713681
13243557
9648914
8384762
9644582
9845542
12022300
12031252
11054430
9031484
10296542
14856117
10357062
6799997
10586181
10521351
9419406
8084416
11702845
8065873
10009127
11548356
14688947
15196828
5953077
6916591
8004056
5594378
4783736
6709275
10246276
9931686
9412643
9173880
6634245
8969091
12421965
5413627
9432726
8006235
5485385
11514426
13412217
8444540
6655819
8438053
8840852
7815240
11216656
6904184
11703287
13129000
11338947
9004288
7780025
6689843
11508309
7748580
9736346
5280894
9230154
16008111
7239629
12444334
12054094
6988350
11670141
9847214
10742668
10093224
9801007
11459335
8573405
8000528
4219400
11306722
8604194
7209254
5796258
10373913
6909190
6924009
8775624
9318228
6248821
9776541
12004055
11850302
16470381
7294464
9905695
8829311
7378219
7055277
8208992
14527955
8335365
12445805
13757431
10263220
12796514
7927346
7764102
9637641
7626751
12589964
7822877
9690732
9480881
11972147
10136526
5769543
12094586
9056227
9313495
6636213
11311795
6879373
6409237
9944207
10925789
8626116
10766357
11608183
9876493
11140008
9249134
10754648
9082889
9301095
11357676
9408096
11287465
9346163
9422823
10116421
11467536
6161431
11570830
10521693
9968454
8826452
6293714
7176268
11451658
9318288
12309514
13374644
11833746
7880630
8548612
14013798
8433292
7290105
4872784
5716855
9232226
8534322
7349961
13462171
10224830
8939857
9362896
8948927
13749518
10011433
7787420
14534253
10324094
9185187
10769300
9458592
6344984
10535024
7515407
8450750
8251452
8830529
8780605
12720262
8572081
9871510
10851515
8567418
7328769
9150815
5372856
12308759
12436074
11316261
5986161
12755426
9959565
12232858
10437813
12054797
9576230
8591496
5604951
6332474
6985974
14159263
9954472
10717007
9501082
7297095
7652779
10393389
9039236
10618322
6120706
9972233
11352451
7243828
12736898
8471695
13922359
12487816
7276397
11318552
7826531
10646951
9061683
8043010
8033480
9804636
8543507
7156262
12285313
8818924
8148867
13247136
11962981
9012605
10446891
10772422
9197518
7802243
11996394
9618916
8894736
8952581
5450284
7357557
9429662
9391405
15425754
8259585
9877807
5437613
10077926
15494592
8983322
7612688
6173291
11671637
10701572
10462887
10732172
7964836
9331614
7202677
10928254
9856190
7045011
9340168
11991343
9255564
10274845
10114136
7249304
6059314
9526246
7768954
11023060
9820731
9731420
10309935
12035134
11000662
13414175
12186788
8055811
8714808
11460002
8907338
6404456
9385233
12171197
8694385
9934795
13121527
8110314
10111604
7229403
6948150
12255155
7284294
10618355
8022834
9637617
11210841
9703026
9015831
9118574
10750248
11657780
9724140
10919195
10902390
3396019
11337611
13088202
7586026
10257022
11634276
13018830
11657198
7194084
11704523
7609655
6065314
8760579
6813041
10331787
8944964
7560769
7888431
15564678
8842215
11413700
11688908
8704820
14924315
7720080
8022743
6582108
12458004
9130819
6808931
5803121
6954271
6320268
6721459
8519411
7121559
7988019
8384883
8746314
11134713
10296247
9973271
8528937
9991610
10537166
6423954
13826021
14335505
9246596
8000854
11727951
9353367
11043014
6700178
10063291
11123009
9022798
12833924
7998692
8077421
14801910
9038793
7445226
10498840
8363265
6752118
7485119
9178923
8127586
8855638
11974404
6775500
9326118
7909451
10756776
10485054
11850925
13101863
12917607
8178908
6465595
4948048
11768560
11458970
8190172
12217707
8280110
9235139
9232124
8363303
9167902
7992549
9937504
8085645
5279811
8410766
7435493
5372051
10045698
8763035
11175615
11531490
6022132
9123294
6908701
7558868
8823396
9259567
9779946
14160724
15080008
10062099
10662103
7518488
7432062
11646723
6861181
10117196
9241472
9245892
8769696
10152949
7063792
14536826
11292549
5151000
14538017
8835280
9941190
10102200
10379954
9454742
10027812
7862634
10677610
11625791
9461580
7812987
7593636
9674894
11235006
13951347
6484562
9053827
6061054
11383474
7316935
9151184
6708019
4447866
5581862
13130260
5987339
10639498
9424916
9474421
8342512
9642011
9361358
12155741
11933214
10472501
9803015
6099796
10758193
13022966
8457116
7101593
7144578
8293714
10444358
7722846
13546264
8587639
6856834
9258808
6021608
9529275
10582186
10138489
6253842
11717248
4475089
9647191
7825497
15493703
9500619
9404397
10567981
10306920
9845171
4419900
7909438
6427105
12089913
10282648
10873838
7929310
13003084
10026815
8044878
10039623
7632811
12205096
10640149
10991800
8587726
9492180
6395403
10227033
7854141
8490857
9152869
7887538
9779327
12336737
8620964
13306988
9371183
5600406
13988639
10769711
7262751
8453526
10978317
10549121
11627173
8808399
11921311
11917111
7611500
8288684
7729851
9398894
8680594
9904017
8297389
10824909
11195366
8007496
10627269
8955203
9582794
13788699
8350994
14083235
11760381
12953518
7591024
8837746
10539333
9002646
13507769
8978656
7034553
12810593
9751733
9944650
10010866
7959205
8539244
9776955
9926856
5174368
13916845
12343294
11657307
8752830
8983708
12444304
10397083
8987923
7289852
14898735
8029979
10884831
10254628
12834262
12490227
12363495
12762213
9179416
14050932
8626227
10388532
8734723
8338881
10235581
4916053
10102982
13756712
8050229
8801485
12775944
7234325
10514573
7973113
9553149
6018038
7687809
8004110
11270510
9719588
6247484
10373200
3301904
10731597
11017491
6517618
8762256
10198455
6665725
6111886
8207556
9440801
12054707
7856295
13371868
11474066
8072182
8542540
8950013
13021424
7259608
6649917
5773346
10321356
9185578
7867430
5722376
12171453
5544222
8779903
4884405
8000937
14871764
7387609
11102201
11293983
13548217
7390535
10651927
7687464
10211331
8565063
11393197
11402496
7644119
11175859
10060699
12776637
12257237
11069075
8590527
10774766
5888502
10697213
6401371
10571834
11413404
1902249
7406257
7897824
9626849
9024391
11616797
7311975
8064191
7547020
11920560
8358985
7821137
7525316
12615678
12534033
12164414
11334671
5527595
9794534
12528414
13387860
7419238
5195923
13138093
10899425
10187865
8261490
10491423
9171719
10180239
7515860
11368197
9159226
9518696
5312743
8469981
13144761
11040590
10936523
5558840
10085623
9641722
10715605
9599030
5306624
12142882
8888363
9820393
3377981
8296315
8874537
9380341
8345667
6616262
8841417
7639045
6432456
7744207
9328350
9075180
7345439
9129027
8055100
11818180
10493784
10143809
9578455
7541364
7069438
9017439
10071202
8577481
8086726
7105940
9790249
5636307
13850282
6487532
8147702
7227055
7732418
11282069
8007396
7378488
13255075
12486247
11045640
9666744
11952851
11832639
5523552
9493610
11129023
9989681
7458391
10080710
8075407
9642943
9168941
11744076
8039332
7125495
11169171
8787414
9577504
11225184
9924913
11530310
7050011
8910675
9896571
12210199
11199494
10482019
10322869
13115288
10415384
10117803
11339628
10722945
4102776
5213281
6626102
13308727
8407966
9917976
6056693
12416887
8258185
9469172
10863217
11639262
7916430
7707749
8409235
11546728
7416359
9405097
10906484
6344319
8518084
6895841
6970423
8098708
10079652
7223127
9448814
6931511
10243146
7116605
5976833
12863451
4905355
10597232
15661991
6592424
7630209
6608233
7369260
11765772
8679451
9308067
4882669
8338055
7495112
11814129
10953172
10418566
7733160
9984092
11458971
7761713
11018679
9075128
6669296
10963493
10383695
10403836
11368742
7841243
5955804
9854216
11588365
5469822
11036917
9974785
9095574
9088214
5806067
9025505
12573757
8570889
10670851
10082402
8001395
7771030
8575231
7408836
6192637
7992914
13234708
12100996
7643748
11121083
11402510
8748411
9548561
10591589
8820155
5286360
8394412
9579286
6899931
11903365
10813791
10071212
7533367
7292358
9059506
6109313
5949042
13017557
8584092
6673734
7822751
9202728
8741880
10405187
10923810
8928956
8314294
6396141
12933726
11930250
10913247
10908991
12117027
10117928
13545827
5978961
11538952
6160353
8634871
9508029
8277293
9747098
9392944
10773122
7172419
6302604
7905106
8202412
8965159
10508587
13961492
8500762
10490958
7759773
12139911
8902352
10193380
10334608
9840388
8640781
5083926
5008876
5653966
8443538
8050401
10903942
8143239
8755445
9527930
7448905
9242708
11915807
12704829
6672921
14670581
8127023
9380527
8713121
11962734
5615497
9279939
9440386
8669263
13643325
8817204
9003806
10592450
7623104
5386313
10619716
8544502
10341852
8502956
7702336
12201555
11979239
8980352
10141550
7535596
13088416
10257290
7828531
5579889
8752038
8520513
9918634
5343544
9004095
10909956
8440669
6419848
11238497
11067116
9243620
8830315
9027182
12920710
6636723
6385608
10873294
11231934
13890151
10797631
8574478
10958784
14031995
12209477
6302054
7125436
9009749
12134747
7695536
6851641
12839017
11811948
6203904
11549049
7507298
10559831
8744908
8872831
9924793
13781036
12035178
11001751
11626103
7693819
7672935
7378198
8065534
5931344
10934556
7855220
13158291
8628944
6224769
11851365
12964223
5997057
10110332
4673772
10063781
10301647
7720935
8520537
10438201
7430036
9997674
12362454
14773320
10995096
15102328
6650212
7595003
8631863
12045983
5205502
5085083
7891005
7538825
9469412
6459684
10831977
14058570
13118740
7980597
7592609
14619061
11088480
7986166
8876614
11348728
14091664
12459723
10854155
11507113
6710883
6047596
7890249
9309056
3748638
7594230
10425375
3325164
7976860
6894697
9551976
6439995
12410146
8457467
15169255
8576680
9809773
8317120
10961893
10523395
11856932
11749041
9726705
12537738
8179383
9081622
10251137
11432719
8605824
10140901
11651250
8426366
9488275
7176906
8556968
7477325
11137342
10871177
7029613
9256216
13872639
7602996
10314294
9469484
6019410
8642232
4384666
5682155
11480486
11140813
13282601
11593654
9513803
9771229
9806790
8198943
12979049
11560104
8759246
9879521
8413318
10489714
8535713
6944053
15078347
10090212
10470349
11956283
7497699
10840242
7760873
10600723
6697854
6341885
12581064
7245036
7337144
10543577
14353264
10436271
8883295
5543208
13504344
6979020
10721797
10896927
11387998
9871086
12626008
7655318
13117623
7861969
7359180
9198994
10792248
8799566
9737390
9822551
11849530
7869485
7834575
5656697
9149509
10225347
11855749
10580072
6733799
7849899
7886682
9467076
10661532
9842005
9028039
8968250
10060387
11606824
13255013
7665988
10745538
14601662
8716880
9024891
8054889
12499765
10040631
12030390
8760757
8177767
10135603
8600017
8935944
7911112
7773185
8386806
8136691
6182089
8288495
8338709
3765398
11843702
17176987
7597166
7997172
10612683
7412842
10156079
10850490
9386234
9777687
6181435
9436893
5327619
10929245
9390030
6196021
4983054
7899390
12469183
9058933
6189160
8303462
11068533
10228302
11151471
12822320
10121581
7581453
6667276
8021133
10984513
10524361
7931455
9064493
7528023
12453812
5809516
6664826
8043513
10421366
8122307
9243404
15525521
7548137
7889691
14568722
7362520
13832828
6482720
9021704
11039668
8287003
13125103
11300966
9703927
13348125
9958175
9460252
6907942
14621024
9902345
9377924
6691964
11024999
10368262
11532886
7480270
9092152
10000553
5725582
10144346
9345761
8114787
8642684
13010717
8791205
8455868
9056518
9991601
9229611
9361930
8943563
9743751
11057879
11725675
10097866
5810935
7924665
11058136
8159561
7643616
11489756
9587563
9332641
9246180
11733266
6848938
8344638
7034607
8522469
8778210
10372655
5856418
4628437
13401241
13519443
9646398
8172973
10812180
10707874
9269933
9597283
6587343
8262408
8048074
7518096
11810576
6375367
7656300
14559293
8168005
12480326
10407612
11145505
12618318
6774162
9278794
13986332
12281404
12128326
12142612
12326136
7373298
16150912
7425148
9631009
3055964
5454425
10293034
9672260
13356630
9144775
10778696
12010421
4282867
9844194
7758306
8734252
7827375
13597865
8144971
4611240
9663993
12479611
9764512
10177495
10296626
10810114
8203806
14838404
10537865
5585617
7802511
9283927
8266026
9062913
9761780
12579980
3842968
10187792
7686451
10169425
11153795
7591622
6831218
8535755
10813740
9395030
7955023
11156732
11001664
8882461
7183001
10418263
8837257
7266477
12943069
14635638
10649006
9436806
9963388
12770905
11249387
6258567
7805231
11515669
7023970
9620333
10610340
8736279
15053480
12396236
3018644
6448090
6948411
12921779
10317025
10028607
11676349
6555759
8471034
6572367
9224708
9010565
6723342
12670776
10408088
12124717
9534915
14771343
10470405
7095889
9261926
8819203
9521772
9746601
11185633
11483854
10593518
12082151
9173539
7994728
9317207
8595667
13350430
11919816
5843111
8579252
9945073
6847594
8642361
4436204
9580523
7254179
8746240
12322507
7260513
15224975
15388785
6014292
10320944
10688657
10923607
8329540
11339408
9642087
12351084
4869714
13984839
5325088
6737136
11326907
7837756
8769374
6213497
11060474
10769696
12014563
9327303
8829420
7433621
9433155
7473289
10316091
4855741
10460688
8332988
6223535
12998111
9905167
8244107
9130539
12161598
10082044
8203625
8873567
11313264
8690038
6393228
7520757
10656798
8167370
6502481
13956013
8121473
12298150
8050171
10373649
8566746
7615349
16082074
7741380
14127624
8647847
10820819
9063204
15478119
9103439
6934003
5890637
9070419
12782207
7358790
9499510
7822387
9425614
12723177
9692590
8493427
10867006
8022912
7477288
10779253
8302116
12910088
7747288
7327330
7204358
8947548
11604419
8988939
12341027
8279159
8989478
3222459
8708520
7929015
5645233
9118116
8340850
11315450
10965372
7588823
13730673
9717678
1962190
10711814
9329560
8596137
8512937
9941701
8585509
10506308
7055098
9619450
9110592
10751038
9518676
11062612
11261436
6978911
10963482
10773741
10073596
9119297
14126418
8751700
8717190
9986703
10480437
8092871
9079778
8485800
12400270
13292235
11409021
12387241
10068127
8314955
7869237
12174111
10356088
8627149
9386062
7588340
11247998
7466528
11770221
9186754
12212046
10251348
9006852
4877640
6087562
7443488
12285688
11279958
13299829
10307385
10388979
11204128
11308740
11633472
7127359
6046285
11145190
11048100
12433703
8933635
10838587
12595979
7500163
7214300
11898700
8653455
9669135
11860803
9065214
13382426
12823342
8810705
6748511
9762451
11958459
12003076
7215053
7984233
12892313
10326193
11646313
10175557
9967949
7893051
9203851
10965307
7381146
9063551
8730226
11817099
10433273
7169996
13149799
7363124
13310103
13038837
4563516
7462910
7727746
8937688
9819469
5663531
8998954
7736426
8254714
9223115
9310573
6099330
8417218
10523646
8576538
12167005
5919912
10607528
6616343
7363417
6700503
6110313
10264003
5820990
9287172
7913674
12384222
6916876
14350513
15128327
16614448
9375902
8546405
8675634
10528422
10102536
7550893
13164441
8959639
8982633
10337666
8270206
9013057
10719407
11630223
7320869
10955885
11355231
6673209
6860672
6446745
8124891
9772668
12339917
8982280
3908239
7793907
10239489
9343311
7706109
6976844
9813005
9826664
10674570
9485072
9105702
9898397
6173242
10466789
10994342
12404175
5400456
12467313
5211293
9515101
10027769
10787084
11049083
10649922
10863114
5508513
11321353
9214638
9270903
13757232
8707141
9196236
8415872
5918408
9077554
8232407
8382838
7054830
13998667
7056250
7578382
13026311
8915722
8368556
8832662
10059404
13264059
15133477
6248528
7364464
13551469
8991510
10478012
10393803
9604424
6416191
8454515
11502494
9957191
7720295
6826867
11567601
13330836
9845212
6796320
6863734
5301016
11742501
8192608
6187453
6529556
8766647
9400790
6470971
8905132
5085303
10433765
10545848
6521415
9226758
7543465
12079472
10935769
10976957
8727735
11807894
9492432
8217367
13169758
8510698
12063183
10334374
9861591
12801016
9200681
12255341
8931640
5506676
9466990
11651361
12094986
10624565
11592939
8826482
15377060
7377859
10462446
11100083
10437134
11261950
8769623
8224265
4828982
6842387
8784257
8754112
10704658
11229736
10747107
7936361
9521425
8671053
7694743
10948216
7253135
11501602
10032317
8982294
9260401
12511441
6201528
9141199
13106939
11790783
11963689
6640805
12286596
6989792
10125183
11971361
10329192
10767950
9239522
10492942
9891343
5814563
10685682
16322114
8267181
12714068
10544186
12350739
8279038
8484925
9770352
10957202
6777470
11560336
11497704
11125039
10536814
9360005
7943569
7104546
6915621
5164270
8488513
3775237
13850018
10607452
9015218
6683042
10264380
8856539
12184839
6497710
8968507
14109137
8092266
7215530
12098824
7061160
8480334
12150130
8271706
10323767
7396346
4008545
9099437
8013341
9839108
10598117
8226531
12530539
12513768
9171266
9725711
8315752
7606262
14050091
8800943
7539698
12071725
7599664
10258740
5511273
10959285
12521406
12606881
11553127
11911526
8636141
5142312
6486029
9351823
7376307
9255242
9506997
8558373
8534907
9852848
9513171
9083014
6320967
8183472
8800661
16237377
10373723
12650565
10223886
10864891
11795940
9696442
6457833
7815803
10176925
13956609
6650923
6770142
9548965
9714312
4835649
8348981
10105199
7331947
16047449
9438768
9527728
11757972
14151153
10488049
11744030
8660103
14624969
17693118
9641129
10261567
15760344
10942686
8582835
7444945
9253282
7231670
9536065
5841129
7509719
11439776
11650721
6392136
8897263
11187315
10218068
11036213
6573893
8307228
9254402
10998750
8667636
10151148
10390923
6833838
10860056
5417165
6919808
11709217
8276628
11132565
9210184
15406382
5913083
6513126
9119342
12553467
13319910
11648731
8591467
16851126
10821155
7445558
13286834
8440752
11384915
4220626
8322569
8864552
7985750
7192555
7118660
9191271
7904483
9828729
6652155
6446648
12003928
9527592
9439815
7666697
12676857
10261166
8393981
10737027
5738728
11010655
9751882
8067151
7883033
4168757
6869392
10713551
9115161
7405343
11733016
8154495
9421704
8737324
9765367
8001684
9334062
9123894
10046512
10589649
12888415
8113548
7051341
9957873
7858086
10998320
10525769
7272075
8696185
11920184
7420078
12030356
11875862
7059376
6181675
8448679
6182083
10587427
10952652
11461844
12724248
6952627
11152393
9177137
7381566
8049915
4599650
10809692
16244910
11233556
7171820
11146401
11694587
8433770
9632802
10415891
8113699
11507135
12706767
9524626
9481220
12174741
7008836
11734681
13252250
6840653
10822167
8885514
4511685
4903856
9466647
8299172
7503293
7107838
13184752
9343574
8708883
9482550
12889334
7609210
9296026
9466327
6411591
6113347
9351234
11366973
14606177
9120603
10646254
10421906
7753496
8344795
8542108
11816695
9795640
6656588
9592128
10182450
4982852
12725025
7616613
12059403
13358508
11111934
11181506
9184096
8621248
12806236
11063396
10342496
10571521
4687135
7017891
10788271
10686602
12813490
7799301
6659167
6960024
9146743
9027368
4990533
12461400
10895994
11747543
8643169
6551472
14013647
15560832
7468570
8268319
8329926
10191251
14278072
11021997
6056359
12794245
8467555
9776213
10791137
8550240
5736291
10519166
15491050
5282776
8137088
10978306
10439734
10165926
12992743
11361685
9348862
8926898
13232578
5469645
13454838
11176782
5164067
8101970
8874379
11207019
11558362
12091498
12519117
11666464
6464496
9964478
8196728
10193293
11935403
7096995
8596175
10531654
14681497
7412595
1136369
10290992
8877414
13726205
9246348
12127933
11782961
5439655
12880724
7696829
9583351
9838114
13323596
7596693
10331063
10938756
10073340
11125878
7856056
3613936
11195855
6736488
12787683
10827390
8254656
5730892
11687785
9307236
8430875
9280861
8737194
9626992
5706425
11657347
16803787
5795424
12547856
6810637
11181374
10727332
10444673
12985449
10575206
8700446
6352570
11204619
7137998
12249036
7680515
8830334
5697972
7935082
4681420
8530385
7593258
11712206
8249695
8070230
12959972
8319590
10713921
9823673
7642816
14232865
11560207
7948570
10947735
8657561
10518595
7305020
8892176
5836393
10503588
10712405
9739914
5314270
12200811
11462858
9957061
7850819
11582090
11379311
10845764
10678037
5760682
6389935
6285421
8836875
6385197
9681887
6818529
8418234
9596975
9415167
10252730
13996874
6154480
6458859
9593332
3986342
4839104
12699217
7593265
8432437
8209860
11533306
9614320
9416771
6040784
8425560
5649754
7303642
12685567
6791574
8450525
5486658
7095955
11249494
7694272
4474382
13413625
6971544
9800811
11304721
11113755
10451101
17337460
8647424
7241729
7093787
6799109
5808058
8850143
11744344
5652394
8589762
11101367
7827987
11636368
11217295
8685446
9625392
7916077
7337675
8508998
12732642
5871623
11211755
12732860
6531023
13969408
12347097
9778332
6569789
9611822
8867821
8372459
11408466
8675221
14417615
4264240
9216482
6059950
11605894
8175038
9710790
7032311
9791475
10650075
11798408
10704445
7351373
8031360
9114188
9554627
8628974
8462678
9781823
10468495
11938393
6433245
10543351
9345120
5432834
7744460
8711266
11627526
7641574
11924481
8312748
9362870
9454398
12130901
6152519
5212354
10958207
8670071
5777506
6080049
10304398
8518701
10185822
11437258
7435217
10081056
8965327
9558049
15043141
10625114
9365394
6420823
9088494
10555469
9680194
10051203
11170004
10257400
9829297
5881665
8849213
7496190
10191598
11124313
7847212
8029963
8770511
14551327
12294977
9669368
6915588
9709481
11996258
8273228
9552372
6993921
8052873
13430780
8589649
6598817
7828379
6460258
12910042
14726358
7684668
8728042
11139127
11307922
8207908
9698510
13296227
9577714
9933791
5289406
9478137
11786914
7384260
7171706
14007604
9306369
10335973
6227410
10479303
14642495
10802385
8548579
9572721
8108706
11093540
7745888
9710498
8266179
9200865
8871972
11717982
8416337
11886156
7254545
11743465
8520919
8828050
7649477
12385956
10521387
4571887
10847556
10649095
13122589
12227113
11545391
6131875
6406330
10359865
8969499
11500414
8808906
6125388
9009688
11781315
11045334
10401501
11782657
7351523
10775629
10384288
7576991
11343804
12863087
6214878
7263006
11273886
11072360
11039125
8677683
7501160
12881881
12527975
8755291
13695252
11299528
10483073
8575087
6149318
8187239
10351431
8041907
12998115
9165320
13989509
7304788
9858644
10452618
10782710
6331406
8810273
6034974
9397894
9582186
7260805
7827885
12266260
10030989
12648040
7042141
12427961
8549308
7430159
7428209
8408386
9386336
9955238
7009857
9426382
9387805
10629202
10014621
11395002
7351275
6120544
9755908
10650765
15563918
6667090
10400509
10551493
14396199
7205223
9357612
11677920
4331608
7495374
9637679
8620970
11785101
7002861
12378922
11271574
9217540
10346376
12277406
7805369
5972645
11061486
8967595
9150942
8422831
12529020
11551162
6975440
11430731
6570840
9364444
12178697
10554595
11021910
9740427
7921334
7641984
10186793
9576694
7467234
10937211
7034965
7797668
12597682
9243095
7538004
8053303
9763339
9140126
7559003
8726174
9543180
8290115
10200938
11935387
10226744
12770696
11527216
6816208
8099960
11765994
5188030
9158452
7924520
5248235
9210530
14661796
10545444
7890040
7193318
12012102
5629574
5989836
9989192
11657635
9556537
8582242
11426797
9401431
7034244
13234027
9539182
9004643
7494900
11375986
9693984
8029205
9652839
6239064
5303251
15326803
9256053
9212792
6300861
9285955
8048473
13613033
12014572
9966687
9862964
10891274
12689541
8377463
9035354
8077830
6140439
8264488
8098178
15083975
10945419
9203919
7645779
8099735
10404671
11040821
9620301
9558408
11289195
11093199
11049222
6870985
8711976
9223150
10925971
9678503
13159326
8478577
9137010
7942896
4871657
9353080
12963604
7832486
6326181
10060293
11202518
11708120
14372747
9539663
6360956
10572624
15237177
12236220
13060598
8448298
10382290
9256131
8246473
8999691
6628770
8702580
3804314
11043852
11596753
11125474
8942244
5786614
7631182
11365153
6599902
4556869
13834648
10152901
8048504
9621699
10846242
8895131
7669569
10628349
9270649
7720494
8003721
6985645
12592621
4806080
4924830
9374711
6940828
9515086
7544071
3871532
13710572
6016816
7821515
5788400
11742966
8479478
9006159
8568932
7023403
7166938
6482435
9731627
9123067
8234354
8113785
10800294
12095181
9105881
10170211
6117902
4873037
9241612
10358564
10436952
8334421
7884324
8157645
8666756
7463720
8297072
6489481
7465178
11085866
9640693
11165950
9544010
9783431
14564131
10772133
7972401
7241107
7968880
12880361
10725650
6687563
7859514
7228235
7357594
11271995
10252227
11798832
14301746
11985337
6473223
10690670
11133404
7779775
7638413
9976336
7908462
10821151
8889986
10584729
2731951
9045754
8500150
8028121
5616764
11701991
11350926
14612482
7812242
13016560
7693237
11850564
10900868
10875486
9853522
13870676
8232863
6336372
8778864
12846349
7846858
5847770
10034754
8302543
7849146
10511151
10472039
12047389
6324487
7099613
5061774
9443202
11911542
10843398
6529661
10892068
11649346
14150366
8727646
6432455
9120221
9679204
11775924
12629257
10130828
12079284
9989797
10884823
9612954
6976838
10107153
4885573
7466038
5901262
7850240
10787501
11986731
8301834
10860554
9672935
11271376
6024966
9785759
7169372
11258016
12974381
6253124
5587288
7780442
7241932
14042364
11379677
7569570
8290011
7190244
6759425
6865663
6154867
7844896
9558370
14739038
12576589
6464402
8392052
13850146
5502217
7032821
6092631
7012531
8527652
10705909
7793889
7428886
9970126
7648124
8288531
6060791
8682952
4781968
8543814
9441199
8595264
11601395
9245547
9263233
7381346
7179014
6966154
12075084
7621459
12613739
8537640
10276873
11366431
12839410
6770187
11839074
8933818
10759114
5230768
8005130
14242372
8643727
8775355
10964861
9704150
8302030
5129374
7993825
10468560
10555975
12870908
9165441
11076684
9715614
9678262
7613803
9115376
8171258
8823164
6145514
6258498
4898383
4628920
9852150
9091564
6663074
10429715
7479985
9232096
8452994
8191337
7276800
11357306
12494149
9285489
6124452
8200232
9197010
9431554
7588320
7059996
8859899
6992645
10105800
8063388
4935216
12077130
13365814
6951440
11866062
7890174
13439834
11158473
8186722
7258787
7255930
9231582
6953378
8808421
8590352
9891614
6739737
8123772
10803110
11179619
5598125
11585689
8664746
12601002
14114399
12529202
7152250
7091960
10005439
8895351
7026806
9423086
11305212
8471275
11537286
7602323
4793600
8871027
6409234
10344826
8382675
7298304
14063306
8583082
10896252
8603186
5061464
10608851
6793863
9023695
8334400
12902400
5626342
9414508
8258355
7468866
11122715
8317189
7960546
8498270
12286045
6120951
11444933
8969776
7527403
9061849
12163822
10433825
8189729
10628828
9980532
11574037
7790599
11619317
14343715
6059279
13617093
11861586
9540406
10572193
9492758
6848325
9701939
3589047
11709523
12177467
11521220
15684730
13448273
8640324
8423841
9129989
8610694
11553159
6701625
14598516
9760714
11131621
14553904
10234011
7176975
11237451
9576881
5428665
9510026
11001469
8490287
8985866
8841782
6611758
9178609
5975004
10960138
7398736
9911733
5633545
7356336
9665512
3782283
11869148
9554277
13765279
7577160
6005655
11000441
4081768
7864401
8068015
4197280
6580748
7497325
10129155
16604751
9475295
11975532
15866605
7979818
9657277
6692525
11479078
7040111
9908107
9570399
11850630
7378613
7759807
10215611
11380366
9892676
10238431
8473292
8633366
15283834
11792427
11044125
9902289
10638957
8330331
9816235
9469480
3237522
11395675
7598616
11364186
9872152
9251823
7856296
6590093
9823185
10512643
7602399
8170910
11197472
6673581
6796684
10241482
6483584
9173822
5087224
9866795
10558779
9815393
10030732
10403052
11700786
6751977
9326771
15234859
9080859
11646748
6441275
7655531
6828922
9785060
5455700
5039312
8577482
9634466
9815493
6841263
9098538
10586178
10114830
7097431
9473608
8595414
7882032
9706504
6630451
15664217
6090366
7312692
8606108
6152696
8046255
9050842
13124526
7719571
10340889
14347258
9492620
12482805
11233944
6104250
4789726
7316416
5579863
10975605
13168069
8638038
12014739
8588748
11360871
11895640
8337752
11528543
9445027
10774430
9146780
9967734
5653665
5080897
13308986
6902969
9345515
7862988
7734335
9316023
5955065
10470985
8891851
7134875
9643828
10758931
7560337
8542200
6961399
9893189
12478052
11092050
9018847
14117506
11218513
11713435
7472123
6886618
6657466
7834806
9466311
11166910
9090223
8409190
7279585
12223771
6502601
6563452
5782910
9158200
5434164
9971741
9840712
6446632
9851856
8900868
9676210
14565215
7990969
7457764
7975462
9238613
12232632
8675089
6014064
11463226
11798651
11848376
10918290
13832011
9679434
9730987
11772746
13376148
9710971
10253985
9003276
7885358
9868151
11782565
10061652
7758917
10993178
12188166
4933347
14019770
5753712
10804308
8827323
3156993
6299533
11546744
10554193
14258732
7573728
7860480
12585280
11018979
10581470
14997424
10492459
7077162
11248593
11035783
6914548
9864518
10819319
9525314
8896425
10466532
7422023
10114307
6437639
9632578
11253437
6066130
9820440
11638446
13458992
6228397
6035383
5262671
7414549
8371130
5076872
8065073
8011892
8018459
8820345
10784687
6740906
8147092
6170004
4303946
11771803
9675506
15536702
6015314
12094923
7563535
12413247
11866195
7241807
7951785
9463350
9230415
8002889
2426108
9714232
7962904
7738435
6039864
9101606
7438829
9882989
6671373
9003811
9910067
9563968
7130885
10879667
9746244
10758474
7559835
10722467
9977983
7400522
9970547
8630908
7904077
7087756
5663997
8250576
10992688
10235069
8016219
7534918
7079626
7981163
9182755
11680676
9628532
7598588
10469435
9986478
10915906
11585957
7827865
10717734
13717190
8548445
9393042
9373480
9447921
10987787
8524063
9607106
14603928
6239137
5886507
7076881
10298550
10807155
13185739
10724326
11796319
7922234
8710765
12543427
7471275
10977910
11911265
9422350
12197799
12347658
9636179
10245428
8441895
10304547
11189864
7193441
9322810
11196252
15950924
9825447
9312430
10759482
11513440
7281292
13668018
11422388
10374740
9892631
10104746
9160621
7728367
16729505
9624754
8644618
9118307
13582479
6730795
8637594
10326633
8423944
5541840
9087845
13159750
10728848
7844290
15431763
13258735
11902038
6568687
6081702
10780233
11027271
8684789
9896465
8903225
6022184
13516501
9719377
7236241
9815829
14218948
11247159
7980090
5788021
12511065
10124517
8457808
8894500
9942801
10219379
10009445
8401338
5906754
7982746
5237273
11359673
7400114
9311079
6167990
9352661
9466447
11056172
5480381
8033308
10569920
14267910
10540457
9612531
10204265
7320433
5463314
5714999
4753164
7539600
8690812
6797887
8891214
8326468
9539993
8189616
11988619
12225562
6832699
12503257
9545965
10547861
11848429
9426544
11148902
8165680
11179971
8428304
8532148
11250111
8553799
6162434
7598689
8114309
9446842
10441177
9843098
10140486
9420482
9193763
8425661
8166347
5581441
3501492
11598429
4486365
8534461
11465823
16277800
11996275
8690853
10723420
11139774
7633653
10619287
9649223
10408255
8048984
8291291
8607259
10092751
6527337
9566349
13706947
5918339
9191117
10582690
5270384
9349137
10698535
10251105
8111447
8473988
9031528
6968013
14134741
9437075
11727943
11102153
8114363
11796797
9347441
12259395
5640004
7358242
13084529
11691431
9351772
10396004
13456740
9494327
7807441
9770523
12160657
9297635
9487880
8640454
8932339
9086071
10098851
9126891
7665588
10906436
11644755
11937457
7324655
11362203
7078978
4606773
9713911
12539519
10913692
9743081
7270352
8652964
8215878
5928198
7831949
9890919
6505477
8957863
12637190
7767541
9127837
9949945
9996208
8866996
11666583
5271962
9504346
10585740
13298298
12024103
8571407
6792303
15628534
11070818
8423616
7104793
11462938
11276517
7134530
8234659
10508155
11932122
8169186
14014185
7026782
14264455
10832297
9092753
12975352
11708356
9395127
12483858
8114476
11875152
12720507
8719526
13462198
9708865
8190934
12195415
7752156
8922905
10566254
9768624
3768786
8020969
11064981
8297236
7453078
11336606
5940633
12037389
10714679
6560181
12229776
7663389
8542505
7265844
10573375
6710331
8610535
9778065
6784784
9281186
8480871
8089605
11960248
7317800
8684331
9054018
9426994
9349570
13644203
9213246
12079349
9675866
8205820
7449251
7892055
9923313
11469482
10513403
12940856
9713042
13546228
5790970
7605363
7548957
7611452
6899796
8786986
12444576
4537640
10123592
7070174
10004275
7296919
11729915
9892080
13591056
10353417
12320424
6474843
4680946
8914954
7828379
8713047
10220683
11986415
10754950
8153790
12271942
10852935
9620682
8761550
12990400
10454075
10151974
7882033
3875680
6398261
9726882
6697748
9902843
11530805
14006174
8776079
11491612
10149876
11760106
13062265
9498967
10911202
10367349
6780465
10035057
14713982
11671514
9390720
5380855
10183386
8705466
8876281
7043756
12097322
7709621
11840478
7369865
7706051
9295280
9842651
12758125
11751302
8564280
7890172
7666403
9578626
11350930
9369740
14925548
8574192
8234053
11615360
12522724
11785594
6947961
10458706
7522108
10018692
9859504
4828411
13599803
8277604
6425750
8786884
10032777
10521383
9886066
11654742
7476625
6821989
11838760
6262906
13913948
7417837
7213011
9731737
6959937
9388071
11492521
8931731
9061911
11449702
8140504
8845584
13867668
15475550
18319244
12377963
9169264
8904829
10979081
9010125
8956015
8954401
12066349
8213465
11001639
9293360
11712892
11696704
7647367
7951315
11984692
12467304
12224039
6806763
12322297
8557813
10075106
9640065
8038845
10045208
8750395
9450610
6419420
9099977
9335161
11902702
9293019
10117183
12069706
10478492
7727119
8410442
11461883
14153513
12640880
11612227
6557186
10105560
10269149
8450586
8178246
9734527
8799450
6468775
11499857
8168928
9594901
9763159
7228327
9506990
10589659
6201542
7494305
12329834
9707823
7690763
9993956
13999965
12140848
13478962
9261838
7209753
7790372
9565304
5972818
11614789
10933458
7950913
9703449
9784170
6302491
11487130
11320617
7015559
8860216
6296058
9283484
7150326
6149049
9081416
10267406
10510862
4943596
6706899
10520547
10546897
12783452
10202429
6296574
7628117
10623855
9418419
9296139
14049421
9078038
3794114
10683230
9531351
10437872
12340685
7887378
11431043
10582607
9050043
8243889
8741332
10750551
10463549
8065551
8953653
7465839
9629026
5534067
7723712
15412698
9637372
10788277
5933413
10215693
12185975
9343679
10004438
13518527
13647365
12414425
8449416
7114654
9526016
7312882
6991192
9620820
9788003
6713424
9140015
10727722
12604137
9744117
12333914
9175696
9423035
9975966
9945326
14774943
11575134
3910214
8095909
9976579
7771311
9312872
11385710
15181181
8937798
6058900
11520514
12324232
10333985
5515822
9443131
13126060
7142085
9315557
9901089
9678189
9918938
9805187
11814575
14487456
9739674
11623122
7673092
7296948
11719489
6300705
7737265
9284254
9430117
11674548
11703042
7504124
7764315
9831860
8314252
8857362
10498345
9423970
10558745
6331508
7894977
9181697
12090528
9818961
8524351
12434228
4273149
13615317
9097452
11529913
16689898
7235406
7551191
7453005
9871787
13147496
12188302
11787161
9052226
13394707
11635070
10610543
10944570
9084482
11609401
8799853
10541903
8024750
7096243
10067050
8826223
11945134
11654442
5484731
4065080
11722544
11055887
6034259
6197327
13466882
11725291
10977371
13759336
8862917
7729990
9121364
4812095
8415559
5128298
8010900
9201453
10549848
11239766
10200503
10737849
8067118
12036514
9186315
4751485
10758264
7767880
9114412
9711765
10162200
6151727
6832412
12635180
6646465
8822629
4533425
7482172
10036802
8346352
12584850
13099620
5192495
9958720
12002696
14426923
7420243
9821267
7184007
7825312
8663018
10435168
9696571
7117496
8161513
8128161
9009105
9504684
6335213
10983985
9406599
8726783
6338084
9566463
6674509
6952921
9853507
7345539
11574395
8175537
7919289
8638016
7153042
6460208
9195146
7285072
13138834
16202572
14465841
5528322
5787414
5346343
8771830
12184882
11509123
9985863
9328364
7804823
10656006
12565003
9453253
11779964
10782291
7113589
10109420
9585708
6137212
11146432
9867325
12567794
7508134
8956732
8283569
10051065
6099460
8389319
11079800
9630627
12266549
14856050
8989224
10405085
11930103
10606257
8584757
5389704
8636389
6922633
10257026
7373989
10421287
11621910
8256014
7368773
4890019
11846741
13141550
11711021
9686122
7519180
8456750
10168340
14155399
3813427
12765408
7368871
9412709
5373973
8188426
13548578
8336780
10292387
12610628
10470652
13327049
9150967
5077977
9285637
10583264
5786537
15496507
8936038
8947410
9297897
9984516
12692493
9845877
6397486
11101539
11037286
4767246
11864402
9824401
10144362
11899634
11273508
9860790
8635155
6796410
11629916
13969242
8737585
8644928
15284992
9658708
10164234
6949972
9223558
13589076
7347179
8304746
9400425
14097040
8236535
13577146
8919680
10308755
9705471
10683420
10376821
14267009
12771276
11909429
7505214
10355138
6806160
9715986
15371687
12026142
11379759
8819123
10549712
9786607
9680324
11530902
9783759
7301756
8839506
13423244
8172942
8760719
9861504
11922061
7979717
9367637
9956134
8517663
14096738
10843528
9716204
9051749
7770510
10212021
12064138
10096213
5433977
9370892
8436859
12402629
9638061
9331414
8589845
10834694
6352949
11062337
8825111
9970260
12091525
3651992
11125221
9252606
9678952
8360417
11349856
5449425
13227026
9799210
10290028
11428485
9396432
14737073
9885198
7316854
8973795
9173256
8901204
11815621
6607278
7388076
6389559
11408336
11591177
9430403
8736395
8186215
8609193
8946031
6473502
10917987
10021883
16016390
10670041
5343146
5088323
10440633
12248752
14191805
14300503
9995545
6166036
6896461
12882197
6923777
9845268
7901448
7548879
7397527
7183643
11635013
4854523
10173480
4568524
7068023
13267921
10739661
6569177
13267130
6978019
9863113
4481644
7802775
8481585
8935657
9160669
9062584
8372406
11023019
8104894
10662808
7435027
9842062
10979208
9797922
5499345
6740657
12111481
6927518
8250850
10785087
9722725
6059672
10177146
8225176
12757830
2185241
11963929
9644743
7135945
10119193
14510716
7695928
10436427
8212543
10172393
11520013
8066042
9067602
11641636
13195430
10015960
14023676
13546865
11775320
9765829
9748272
11590689
9558910
7177578
10065934
9029165
12995122
17037470
7714491
10030884
9962735
7331230
8176868
8464096
12669900
5862755
5399187
6574564
6835604
7416307
11213336
11397691
7432524
11748931
6680816
5874045
11092326
9400593
7472652
6770426
12519538
8907766
7213546
8332321
8126212
13739891
11754348
9488439
10974456
4204861
13053091
10698505
7274143
10094816
12346040
10167284
8815934
10452113
9038252
7822648
7495839
13914300
10843505
8698328
7733766
6868010
5661645
12386589
9687983
8817109
8805960
9320768
10993984
10510626
12358693
10107246
8151551
9776847
7606656
9260631
14662884
8660323
8179643
10258286
14871551
7001089
9440074
5069023
11217391
10382280
6691868
9401188
10137241
10924239
9648375
9868265
8252553
6664171
12200847
7060834
6943013
5367681
10028550
8770817
9417982
10398862
10060595
4805154
10826887
10052645
9927778
8660686
10139885
6945230
10378680
11842624
8924507
5999567
7044653
9592685
4521790
8952341
12342755
8135777
7668150
8613108
8802541
8190563
9338377
10112295
8540932
12213753
7309926
10449662
12495114
8319430
14380902
11670261
8629476
8292913
7029532
6837048
9951871
11941168
5233014
5519567
9674535
10836493
5527053
9510174
9858693
10662619
12677393
11822669
8395317
9217068
9203353
7600530
9561963
8609153
8622168
7624394
13557139
6532622
9820847
9587549
13094549
6744439
12659084
6187239
11802265
12976972
8423055
13057291
6445985
12240925
11834308
6841938
8789337
11552018
8224151
9511905
13333502
8464079
10398526
6581107
8030836
6859279
7695283
6631097
8378825
7252409
8493470
6768227
9693427
7638428
8770811
10931613
10939008
8369679
8875358
8455665
7374619
4399495
4677385
8527512
7452250
1825763
6908796
15962149
6855059
8543157
8649354
8367419
7130754
7588935
7863885
7212416
12078157
7933810
6024462
7580167
7151060
4857096
9536208
12066683
12711473
11535551
13307106
8273020
8416536
9985629
12396235
8843289
9100111
7371053
7770461
7602882
12355283
13017417
11050816
8508370
8470854
10309173
5504751
9831500
9000614
7092978
10659170
11170119
9070840
9605215
8191630
7890998
7402728
9843114
10193178
7112230
11689841
11024221
13330786
11155936
11196604
6307276
11814535
12001226
7915449
11401275
8147222
10849256
14753274
11451165
7918675
12994279
6546078
7539680
7952084
10326444
12625819
11274804
14169188
10258107
9491617
12830614
9875222
10370800
9897922
10288404
12079783
9023339
12203302
5328748
6095115
9393829
13437817
12799679
12412401
8566827
13876833
9305501
8772523
10746131
10968486
9314758
12129594
5541829
9226896
4734744
8537916
10418979
11102847
9936072
11885537
12977967
6155382
10106877
15817203
7772015
7828400
6944144
7556597
8508394
8504696
6472212
11026213
9586516
8108917
7089502
8913135
9307169
9325126
8592212
13275667
11560818
11394260
11919057
9179364
7408774
9336895
12226533
10411263
8989918
13394129
11378049
10794726
10676496
11378539
6187637
7680735
14629107
10089269
9725276
10874224
8547766
12020862
7068678
5527097
11996057
12255536
7649382
9993943
11280336
5019324
10187536
8719827
5990026
9707638
9488935
7838207
8542199
10386338
12168259
5756711
12247095
7589243
9706703
4912099
10339001
4930907
14116558
12275355
8228756
10429104
9341499
14481263
10574331
7435754
12141514
9055041
12146517
10807411
10663913
9209334
12647013
12192372
6602809
5502913
7417239
10301698
13732932
6998565
9718314
9104091
9358592
10202854
9186077
9929379
10396841
9382746
4828107
8417799
8697330
8393230
9782390
6955476
14496017
1615184
6037247
4089702
12507044
7247234
9067612
5785794
6355021
10338190
8615732
10468079
6060281
12655752
12083677
8237468
10332556
10956478
8418595
6587349
8206796
6496422
6558962
11458415
12715841
12113167
11449292
11396712
11979680
7445239
6585860
10501572
9995955
11511855
7510780
10776266
7465478
8441829
7742624
11214171
8531959
12432391
6701381
12099553
10410544
8581049
6007194
8841102
10583402
12400906
9111548
13273041
11276957
10776399
13121480
7298793
10353958
8184508
14103283
17160839
10176517
12667022
6899352
3291805
7098388
6282514
13426326
5118837
10931189
7921997
12991221
9855519
5608876
11420226
7398944
12375801
6449067
7168656
9038728
12206247
8943456
7507036
5342869
5779248
12908296
14179703
10488936
10758392
13175940
8174348
9609941
9582840
11552016
8954355
6008624
10295725
9500013
8742370
13031166
14018969
11370758
11346395
11142254
8049375
9038200
9542347
9587681
14669793
15298590
8684915
8716267
12787698
7711607
10228788
9580387
7574339
9511526
12101016
9261324
6588322
8205301
16965578
13664952
12664124
8796686
10731557
11546690
5648074
3740428
7326746
12692663
12383304
10520989
4738228
9293807
12156954
12577261
5629379
10666130
7286492
8536844
3596520
6335344
13264214
4409003
8201473
8067183
9387129
7376564
8238969
5063393
10694520
12756347
7577902
9975475
12350806
7722162
10997252
15380419
8000524
8654420
10437357
6933503
8800599
10451889
8582885
11110324
12969662
8158714
9975726
6533171
13340654
10600176
10259340
9262441
10836998
13695746
9898159
12772552
8877472
7599633
9926578
10257709
9468140
8173390
8413442
7320417
10008493
10498998
8081271
9061729
10560060
9236626
4676818
5659406
8599662
11801528
8635274
7657852
8566077
6703181
4398212
10825620
8055469
6981672
11238172
8990500
7677202
11477582
11170221
10935302
12496055
6928814
9142142
7739481
5425742
7200967
8943187
6915330
5611534
10885793
8705378
14280225
7118248
9153782
10268220
12622516
10646624
9983981
12880213
6379501
6304578
9124491
7516047
11612608
8421525
11344278
7565983
8806491
9359281
9208185
6251624
9382787
4251628
10123903
7316830
10799173
9036367
11187510
9324847
7314818
12963026
6880036
9885607
11014316
9017672
16147149
12078243
7112000
11346964
9560527
8313068
7522502
9947743
8979473
8648096
11548478
6778245
11097340
6654431
8562972
10800999
6963017
10488796
6642168
8282925
12075023
8175237
15354434
9876836
10520789
12024369
11374375
11298983
11625044
9277824
12970927
7874829
8257410
11882360
7751476
5947977
8505631
8989879
14810477
6850499
7770537
8585692
9001774
7624332
16269913
8245836
11778891
3927128
8563292
13414266
8112103
11869427
14044595
13479591
9367504
10159875
8599677
10994988
7221541
9357465
9142725
9231304
8453611
7743973
8297291
9398176
7661139
8610473
11786116
10065076
8147824
8085744
11526948
11218300
8013215
7891042
10226912
13274128
8836066
8912828
13285291
8856209
10210306
7003044
9785488
11020398
6953281
8130607
14015831
8901027
10403010
11170140
9752195
12505806
9261173
12516982
11619005
6927173
8891506
10793918
7643553
12239289
6807963
11519626
8316358
8225005
10272142
9189958
7769075
11858448
7918198
8475031
11663050
9651576
7289421
11906755
7905254
12289662
10622968
10312996
6765561
10397612
7563849
7617249
7934426
11274270
8768609
10604976
11276168
6420682
5921454
8958480
6815806
6245925
14616690
11833688
6001967
10309394
9692733
12071844
9627693
11323614
6387026
12163868
7857927
11150739
7702288
11451231
8823055
10358657
11274164
9605736
7892125
5291672
8061067
8942285
10779884
7038538
9037932
11000837
7811150
6566389
11537075
8923404
12255342
8530782
5380458
6273574
11440012
6985397
10489752
8355679
12670836
10589049
10519030
9452131
9572340
5165110
9722937
6483338
10834343
7247577
9883273
11582540
10295525
7620915
10685460
7968506
7215321
6947046
11880429
10509947
6122770
6756450
8537377
10393622
6446707
6951283
7580259
12915734
7239271
4174177
10066950
8820441
8519701
10382184
8219976
7045213
6698772
7065787
8259454
7654534
7837015
10952788
7426237
7341510
6951950
4048340
9113575
10498453
14447148
6946774
10946744
9402639
10010442
7359429
11157409
7257472
14350206
5578666
9116526
8533660
11548015
8357166
9620352
13889436
12031937
8091576
5334380
8750916
11857113
10135423
10235866
6981060
8692479
11104733
9760415
6630088
5854439
8737657
9082309
8692091
9313399
9154848
6307966
6965430
8921804
5360051
9615193
15143906
11406505
10833250
13093077
13339931
4932100
11744303
9253787
8542355
9839225
11408090
6200635
9179526
9660655
10050955
5960528
7073749
12068078
7879894
14455117
12855084
12519927
12209798
5500254
10279089
4741419
8733964
7890647
6348586
7928535
10562149
9114880
9045448
10668227
8392146
7955460
8916937
5327148
11967393
12092364
13520775
13246661
11491735
15468472
7506094
8572617
7679350
4633235
11321861
11797250
7579654
7977682
9726812
10097220
6272958
17790910
11950195
12976416
9937016
7362488
7508891
10224493
8382442
10521058
9216497
9226091
6959948
8869865
8806380
5869360
5467714
8757339
8238049
8662788
8515865
10989889
8668432
11696721
13373888
8239261
8431059
12195974
13900721
7609722
7838670
6168180
9998404
9783238
9607256
9961214
12019788
3894757
9950899
8963227
8443015
10030757
9680093
7489696
8260506
11280552
6111546
7409615
10754615
11413926
8282314
6417013
9083674
13957740
4068530
18204474
8539798
10791897
9107696
10786433
11759939
11969226
13196200
7944376
8356556
10137501
10372356
8640589
9846144
9422356
9533160
8983126
12735669
12289753
10475377
7797304
11717652
10851891
12474983
9458516
12757672
7218840
14142024
8427479
9594535
7164190
5018982
10937425
15637568
9384864
6861796
8530998
9449772
9319184
11110761
12056724
4880906
10499505
8560786
13463879
10595108
9189837
7949968
10912412
11526360
12135064
10554054
8956229
7990500
7310090
10394810
8257500
9461752
12027131
13677560
12603750
6076583
8441789
10881168
11381047
7981602
5226844
8694447
9477987
6417133
7512117
9386102
4962997
13258238
5905426
9574571
6709867
13105815
9998804
7324413
9348942
13767002
14596660
10234371
12573743
12953288
13117641
8986713
7413266
10045187
12294262
6409542
12943021
10196505
9233500
4432072
6138837
12627136
7320048
9256003
7047716
7649560
4269526
8210661
8008836
12135636
7088195
12104832
9261657
11819083
5052639
14173027
2895020
8020141
14088326
9735615
11274719
9859457
6586011
10053963
11889417
10620405
13030619
15116272
8927176
7091718
12159761
10619448
5176670
8340831
11746053
8567920
6521981
7144734
8265413
9190104
9528550
6541710
10271833
9288675
8903642
8469875
8549915
8127920
8576172
6713866
10967441
8691617
8285390
9181050
13018275
9959024
9663223
9890029
11404649
8506293
7971868
9447129
9390790
12514383
3849483
10502666
10923712
10450188
6119160
12835717
12421778
6537075
7571279
11185188
9925033
6758610
8970803
4162295
9586168
8198629
9146065
12317071
7339177
6555861
10381003
8478575
5763486
8888841
8547234
8106739
4272467
9551451
8465423
12004829
3812160
7131445
9571778
7152276
9095093
10213767
8690739
7635425
9244722
17121244
9846259
9646132
7346907
10897523
6459626
5694944
9273757
9028198
3933217
8903614
10219596
8322882
11202301
13004631
9919442
6829278
11052801
8736267
10609268
10315286
9597967
10636246
6958759
10599368
9256191
9446523
8965942
12093945
9488315
10526152
9774741
8186951
6631741
7689516
7980000
10390777
6419765
9465628
9745753
5722895
10712817
9118707
10042571
5536064
12528973
16209967
6751861
8660097
12120174
9942434
7259503
8441581
7390691
10048990
9949901
8316303
12197183
8551265
13256945
13230361
9768564
9709420
10948626
6707331
10048377
11442118
9815323
11168999
9838289
8047007
7457291
8457895
7523633
14784172
9470113
6575260
9300242
12269045
6432811
7355736
10198099
10426459
7236681
7086309
9843204
9083382
6289189
7798244
7857810
6279872
8493627
11912639
6364316
8669194
11105928
6721289
10566306
8330313
8601589
10014296
7591607
12030509
8341711
10186201
11257638
8617645
6915926
10059828
7655865
6727436
10865063
7428425
14717118
10207536
9229181
6917332
4298694
14524856
11004071
6269264
7408604
11754374
11927978
9026676
8284511
9369914
8999966
9860013
12853709
16166642
13297997
9729539
10703820
10662541
11190458
10126352
7050418
6916439
6880168
9192116
7250878
12032456
10790995
13076925
10555476
9362045
5203053
9920794
12226314
8571111
7146364
9961339
12296036
11677237
13643479
13059158
11986016
6581655
10531229
6939994
7079514
9407331
10989078
11501779
7791360
9743067
10237388
7477195
13227505
8845429
5557659
10366415
9146275
10367153
8044703
11943818
14059625
12895784
10349012
9208110
6163952
11867651
11930628
10235102
10194884
6466624
12504079
5968809
12487054
2629919
9687277
8645637
11162203
8205874
9587499
7171006
13557968
7253492
8538256
9020772
4576839
10038205
9067283
10297851
8206935
9990081
7700769
12820386
7735846
10625827
7481515
9164241
12420760
13338200
10965383
9113459
9849671
4684554
8551352
10757573
6549946
9441164
6059814
6656312
11146637
7121444
14011228
10086660
11894574
8093369
10646376
10227617
8681736
4050254
8432129
10735005
8055326
8572419
9284370
6342315
13781422
8931204
10879473
9765369
9044021
10534139
7804602
11237723
9511225
11806945
10314048
9802003
9792191
8040834
7981869
8930671
12288341
10249145
6546921
8834695
7445260
10385195
10124336
7449171
8760913
7914202
10384396
8796530
11496576
7702843
9822952
11901146
9785996
7162192
10416023
10050932
9090994
9473070
10969364
10894461
10309848
9699076
8886992
9971929
6236164
11959178
12746855
7018885
9721094
3798554
8445244
8614434
5708088
11867690
7670770
9387918
5750546
11276913
15636958
12266432
13961893
9339161
9559456
5451786
9417245
9121191
11342512
12205893
16128086
10505750
7363442
6590644
8492823
8122576
9568997
13393747
11767320
9969647
5991436
6336389
8448080
6766801
6322103
9548013
9014594
11727282
12120103
6721219
7838159
9369978
14100308
12139675
11039423
7928284
7203424
5713023
9105126
12328337
10454597
10175680
10990563
13423505
7866531
9846280
9572439
8732100
4265249
7599115
10786831
12717666
8589096
7651904
9526418
8671798
9579560
11314857
9336942
10142442
5331269
13191086
8160656
10351691
12185766
5244397
5177032
7114920
8848859
11203413
10728265
11297904
5168998
6911629
5789024
5841460
7359935
5539255
7321360
7171603
8518205
6773735
10294181
12136174
10656459
9190733
9273336
11107671
11016491
6452491
6898361
11022948
11443745
12139368
7297662
8050779
9311622
5735308
5774765
8993660
8947604
8670923
11389206
9491425
9757805
9302649
9322444
8959841
8994972
8980544
15711538
4679881
3486223
9253519
10159826
11306724
11927482
6146398
11728341
8404841
11701165
5199375
14231946
9796459
6234845
11234800
8275974
8056577
7763030
9398253
11444514
7941933
9511023
10662104
8599069
6053039
11294906
8716387
12418432
10545529
8084757
10097832
5616179
4611191
13462510
9734483
7412993
6898044
12232220
7564291
6044657
10769833
10619166
9332631
9996127
6831193
9046644
9321468
7981506
9864200
13020795
10124179
6086852
8409592
10541278
12391155
13577421
4509566
13808857
7516071
9271186
8728110
11722472
9561510
9077534
9096959
13095316
14274740
9932058
12846079
12235156
10549393
11339665
10485686
14830271
9321773
7012879
9362480
10997753
7656844
9030282
10915915
7596847
8116071
10804857
7406658
13871772
8894520
9088121
11560569
7682105
3576404
8299544
5009613
7539777
8901159
10771926
8356666
8506559
9997900
9214499
9414045
9017919
7295309
9963256
11982546
7530114
11712377
9133902
13754610
11320551
9405438
10536342
7856022
10135396
12730782
7024193
8031640
12542736
8712283
10549154
10001215
12934110
10101546
7740426
8436949
11962686
9267059
8799724
8206876
9940711
8990584
10495998
11376652
10086948
6511692
7545003
10549297
9679735
8770046
8216036
13302938
8713584
9033832
6796928
6973968
9878361
9075098
6662269
10766681
4740074
6714682
10971662
12292582
6062780
12084302
9440242
8180780
8454822
15740412
10911384
6250735
9429303
7516632
6664924
6378485
8533260
11190678
13354013
14605144
10298913
9252497
10009691
8460336
6426835
10038126
11868137
9082586
12411237
6106762
8429367
9188884
9574523
10536596
9906754
9307978
10687560
9644423
14716880
11095807
12427892
10288836
8269845
11469293
6656978
9697551
8118117
8656040
4176122
12830771
12980291
7335226
5417920
10290731
10089198
10986790
12965267
11644850
9450648
12903416
9502890
11179330
3706612
13156408
6089686
5980864
7533006
6546769
5347974
13717411
8856703
7733389
10712711
10717888
9066882
6845896
9332505
11241507
10077862
11560511
11914176
11071759
9767051
8953459
9055898
11430007
13172976
9777244
8950997
9999420
4835854
8471667
9663242
10253800
10074092
8470789
12750538
12158083
7948561
10498966
7504069
9596088
8753123
6161401
10099527
5915576
11060263
12685009
11220562
10403268
9672810
13560671
9559480
10414907
4768860
11218524
11645660
9823815
9598718
10265417
8936409
10169291
5012039
13277188
10393280
8695369
8354903
8080919
12040636
9545191
10638505
6378542
4388867
11707465
10281511
7218736
10371660
5202469
9087885
9800868
8468791
7952801
6150075
7469956
8474358
11613377
8441006
8799328
15099795
6811805
6803511
11299819
8226042
6764846
14157430
9729372
8712723
9059947
8507618
7664134
10747399
6794195
7544152
9136283
6382592
7596575
9729455
7217488
11750918
6690960
8957494
10596435
12666468
2388029
10409120
9003362
11442485
8598640
8964913
10494735
6894888
8446311
5634990
9911081
11481729
8342753
8833338
10016607
11451826
9948077
8374871
13886360
7778497
9728205
7676141
9944374
12444834
5175205
4421769
10156970
7057604
9268075
10834340
12794299
10555428
4942882
8481935
7834779
7778784
8824590
8089429
12419085
11214528
10505235
10183898
15392737
9456882
8701561
7927772
3922178
9737178
10442754
8143173
10339081
4852425
7767756
10160533
7019146
5704921
15391712
6238368
11628802
5546336
10324501
8308929
14019319
9281627
9338001
12593069
6987588
6358555
10451945
9539943
9656051
8371850
10621559
10037078
6488066
13140341
9788826
7215542
9008990
9846269
8163259
5698353
11091406
8646845
12511885
11072388
8926838
10913789
13509124
8677903
11606678
5346437
13000040
7732879
6847284
10929812
10066840
10677846
7700244
8729510
9062595
14705738
8208428
7242232
8520152
15164781
9075804
11197096
8364727
8612695
10379081
7274003
12564066
11133693
9163837
6592936
10019451
12935913
8053982
11505177
11266382
9821327
10827201
11441587
12967114
7504760
11322797
10757231
8761605
11775460
7930743
9694035
6515987
9322327
6971825
8640045
6950838
8374771
8224663
12037593
10500290
6766504
7622756
10831346
10199319
7865486
10748420
10841384
7642652
8148328
12078894
7644870
13559223
10677851
9137384
10170207
11913532
7462824
8916939
8070389
6397818
11130800
13812820
6600751
8513520
10535635
7034723
9357759
10603097
9984258
9686707
9518347
14252515
8727383
8908224
7167046
9419039
8245309
9346880
11559029
8414770
7603080
8496551
9114501
12109912
7817674
9967264
7191534
8657436
10440017
11032755
8703475
12111975
12756403
5981369
12427842
10442729
11199737
8110341
8563926
7431338
9197482
7207382
8105440
11433272
10097476
11484021
13163229
6164582
12272612
9788928
11556006
11684443
14155961
6843138
7500602
10523462
8664632
14111017
12004770
8949983
8798992
12225733
5815435
11389181
10265571
13149476
8102764
11730817
8817946
9127193
8161418
9147329
8128330
12296191
12721737
4751938
12880931
7699888
12068626
5796558
7447111
12446652
12378154
10916830
8642613
11256670
9871953
11423117
9138979
6687180
10749051
8660349
10113539
9259093
7198772
9538830
5888683
9653847
6003377
10131484
10609883
9057808
10771074
6732274
7994377
9168565
10075891
12382378
13239364
9327972
7543500
9302402
16050288
8351622
6331009
5801564
12594864
8429761
13319613
8556134
5594413
11932112
7495636
8232555
13514302
11639934
10534183
7439668
6403747
5066199
7066850
8798604
7853572
10590168
10816417
12021105
11275763
9549330
8653981
9600612
4640100
11372314
7319034
10072952
11881693
9072189
11838313
8446067
7435754
11943629
7210612
6304041
8093847
9818707
10111301
5519030
11877780
12023738
14136217
5742184
11709186
7879824
8538136
10501849
5590973
13985455
8115490
7753022
10209715
9705282
7358325
9846245
8789221
5254289
8545855
12684230
4497940
6233771
7956188
9424574
10278152
13032560
6266038
10013890
13039652
7178259
8262508
10064330
8169954
10785804
9145929
8267698
6425600
10383348
10055107
7996037
11806951
11048457
12566469
12105758
10147236
4928528
10730840
8509208
5073836
12182320
7427234
7813809
11748906
8290113
8164414
5453308
11146132
11438394
11933888
9456272
10950270
10638197
11184151
10145805
10536062
9841350
9359348
10755246
12842528
10364925
9614969
9293196
9701447
8107661
14238563
8292665
6764320
6800525
6771510
9393545
5454677
7180501
9599649
8826717
5655120
10864062
13437174
6805204
12213053
9678896
6852594
8948203
6830734
14120222
10344950
10200775
9689761
11281332
10435080
9091232
8304686
11535630
7532110
6150223
8399136
5898613
6620088
14946064
11671638
7825240
7207917
9878645
10475587
13178629
8224657
7830465
5304208
11339110
15121555
7551220
11589044
5976348
9620790
7868052
14154683
8544950
6693186
8843162
10399947
8996863
9811068
10505807
7178630
6798447
10936976
8977845
10617303
6557681
7705260
9345775
7490726
11078864
8973746
7523800
9845270
13268528
8815748
9127370
7918762
13362992
7055178
8549835
13513060
7745483
7306125
11454178
8432866
8038018
9043146
6653440
6736863
13077446
6036266
6047401
8050357
8676253
5961626
8471036
9744093
10476284
8579155
5560607
8316536
6637525
13046714
9878205
11107541
10994279
9231343
8900447
16244929
11622640
8029998
7995135
12240592
8982498
9427839
7797592
9338085
10292613
14193980
11656890
5166021
12564374
12360349
11265862
7384774
12099542
15087711
12138770
11526335
10422185
12453907
7517831
15882738
8459338
5730321
8417003
11650145
7720189
5434036
7015163
8095589
8533184
11497496
9313036
8179249
7525812
5520099
10245767
7378761
6891792
9807607
7308772
8719361
10347792
6560558
10153763
10272359
13125351
8031967
6759272
11027053
4630080
13681399
8440513
6928530
9417828
8508911
3846543
9642424
6435030
8089500
15333734
8916982
11685999
10908086
8708024
12380866
5390265
12826243
10719215
11071896
14145623
8863813
8567050
13349198
14106274
12421661
6761906
8916658
5590709
9979393
9824978
4930583
10702137
15314218
4810101
7716643
6837986
8023836
7259178
10390468
13145319
12651939
10808497
9114973
9809306
5284186
8029585
7220175
10260496
10513236
14924212
6947658
12547805
9083201
9220074
10851114
7329914
7662940
11354319
14238376
13343525
11543312
5281239
10506553
12949981
10729218
8659267
7801393
10017622
9168958
12165412
6043513
11486566
7601529
8128958
8760112
9151366
10651674
9387644
11161654
9941816
11489620
9610947
6622661
7599057
11853601
10063911
8405339
9082980
8789658
7116960
11266542
11155050
5466229
8591900
4577342
7937089
9221219
4629427
10220658
6892153
7754666
12230372
6534420
12492297
7305964
5823945
8153840
7746300
9262199
9796077
2562402
6401075
12871731
7334692
9977106
8843386
9395707
12788851
10425202
4781040
11259942
9813932
6900545
8648508
13268280
9266365
6624349
11232478
12741600
11862038
8056647
7107562
7250256
13859235
8303891
11928978
9076413
6970072
10445206
8833036
12954016
10172159
8741216
9502399
12892206
10444253
7743846
8884610
7697733
6438149
13391880
10302685
10014685
10773007
11492326
10706275
6749858
10550191
9709143
6483383
10733211
12620564
7232303
9026796
8045435
8899942
8196834
9858075
10463094
9962008
10590982
12257407
5589061
7738170
9938010
8735313
11527174
8897436
14676717
7333333
11303735
9127247
8598688
8377319
12248278
7308189
10718957
5377655
11989869
7307766
8602835
11846821
9234999
6389554
10613548
9497999
7509794
8871217
11600693
6889515
11731839
8249931
13438482
11042133
11475477
9926319
11348353
6527616
4798298
10008989
12155857
6203032
9191092
7836927
9212508
9117281
9987791
9467320
6263485
7819176
6197654
7193594
11590422
4178452
13304590
13071665
8147969
9026257
8502863
10543759
8102779
8192587
8100952
9268252
9339715
10823126
9831203
8941939
10071647
6087847
5921579
8293297
8738444
8381223
8248510
9984294
8165621
18187230
9696479
5748572
16003155
12702931
8352475
10387035
7693170
13131769
14149098
6305585
11157091
9231116
11964361
8741457
10671477
11526294
10476889
9354755
6257941
9423953
3690228
10778884
5609974
9417469
13102035
12229350
10122078
12178804
7418641
8978838
8954471
6754569
6316224
12352296
10155777
13167565
10623218
6103933
8159547
19085194
12141616
10503193
10422186
7106322
9357265
10462387
9935458
4945317
7258016
10572557
10555627
6734484
13849414
14059229
10889929
8476284
5832941
6816253
6622948
12845153
5078472
10542658
12773303
9017837
7796561
9496912
9763050
11269388
13431515
5900874
9653353
4002032
13561562
9852731
12937053
6279264
10584759
12303960
8594927
7852261
8020422
14534321
7451076
9237635
6263381
12970626
8350369
9206220
11851053
15463383
10550049
8007307
8217817
11563800
9341319
10405064
4477538
6999939
9382343
9685596
11281588
10318616
10930242
12504728
9430668
7416318
10576611
9355913
7105702
8927286
12838906
11306529
15642853
7411351
10286111
11077828
6511131
6083427
8379046
8083854
8414258
11765668
9619199
9532022
9072884
8031145
7296312
10762071
7043463
11106454
6661988
7134964
9832797
8295418
8149419
7317261
8274360
7869275
10090048
12506435
11997740
7097393
10709963
12641862
9777954
10456996
8757065
7860949
5947854
8765030
11152710
13988088
7391322
12045505
4391315
13430973
8768171
5416738
7991266
11029446
7083312
10147149
10236906
9555463
12604048
8287630
11162612
8147776
9734385
7529520
5605777
8432116
6641596
8106482
11874294
12407288
11326964
11604044
8202282
10925129
5715310
10087971
5852156
13314421
10703565
13394720
11220750
7955737
7462527
4979745
13510004
10393410
12867903
10164374
6978143
11090292
10351175
9031225
9978608
13358233
10758950
9198081
11725092
6881205
6781031
10681270
7413955
6653858
9194144
11081321
10741744
10086983
11528330
10030474
11806329
7206038
6186771
8575238
6739630
10458828
8981106
8222857
8684151
10945575
13572632
8274271
10512393
8489333
14133603
8981652
8591809
11310404
11059184
6504661
6198662
13850915
7873945
11000559
6968477
6656889
11636781
10114440
5591557
8654158
9577837
6319057
8523225
10469816
8942406
9638277
8691940
8882517
7781350
9497910
7519437
9043668
11765713
9379346
9592294
9024764
8225321
9916914
10337200
9422463
9427086
8321174
10522875
7644260
10980088
8809192
8754015
11872459
12504943
11926827
7591833
9445676
8579922
9270540
7026047
8861592
11974470
11422171
6351073
8644451
11558010
9439600
10158594
11071407
6918648
6492134
9465357
10886642
14877053
8357558
11572119
5296071
8979066
6093788
8233356
12494635
9856053
5892875
9569408
7563316
10336355
6646212
12913155
11547565
8296256
7823182
8597911
13728288
15620296
7223407
9307654
11301591
7037801
5666429
10019755
9689637
8577923
9139118
10974183
11503030
4867932
10529289
7974763
11780529
9432007
12024158
12220489
7860992
10772458
8691120
9688910
7898559
11052328
5968399
9746236
12536521
10201928
8627676
4733515
8094383
9371212
9050451
11568209
11585228
6894399
5055029
14691509
7850335
8755946
7502831
6874843
6803789
7282253
11867682
7037559
5695409
10382458
7190471
8645707
10382049
4121701
6332433
8325769
10912173
11016987
9069017
9985442
9792692
10364213
6498398
13383214
12021482
10576787
12748181
7980656
10660337
11570269
13910798
8786671
8636854
13703707
947598
7785000
7309401
9601275
12878670
10470994
9041607
12126547
9438915
11137064
6840650
8419666
11157205
10008714
8606880
10748886
9514818
10972468
8905300
7587270
6829645
10555412
11031806
6921153
7711595
7474902
12080387
11851000
11102673
9097350
5820207
4494116
9116809
8348592
10514936
11211853
7866642
8239005
12822516
8768307
8300079
15052135
11366505
6692132
7424066
13990105
7689792
13345989
8916840
6665579
5860481
9142273
8505134
11101112
8087948
6858131
8558141
12573417
10412002
10687090
6793598
6370189
12563988
11007307
11864658
7967836
10276215
9507209
13899498
9334436
11593491
10314269
10829162
14477639
11736163
9789155
8765919
7359681
11803324
3387957
9584697
7205707
9196349
7852809
8580190
10596346
12683938
9692016
10939131
12793304
8609189
7676376
11029888
7214735
4845916
5618944
9023629
7027993
11485806
7183069
9075017
6959118
9802408
11472030
8958395
10143156
11993279
10913960
10202653
15237056
13338609
6711799
8576377
9739460
12619748
9491044
8750105
6020068
9524804
9377879
9081801
8206394
9917029
11317508
11595735
12294115
11523758
3962610
5072818
9768230
7981038
9037608
5396097
9463307
11942224
11314068
5249502
10881585
14799646
4045912
8089964
10377691
12253749
8016691
4478428
13185545
5422033
5095526
14618423
9421972
11129582
12578009
12632312
6188645
12478428
9608045
11224637
9395478
12010764
6007916
12649369
12901444
14918499
8881848
4776080
8532730
7858509
11131274
10321078
6861804
9399935
7932996
5246986
7025969
9385920
13046246
8343118
9061921
6740779
14703488
8265959
11077672
8412214
7358779
8689532
7434974
8321088
9852704
8853755
9087083
9314468
7025558
7163318
5006684
8025733
8023271
10203076
8300401
13509182
4729984
11937541
6620483
9039932
9544428
14788728
11383781
9760676
7037973
11681337
6127641
13776586
7147710
12731709
9804000
10186785
8301606
11089908
9974978
13013533
13491856
11461389
6474588
8162094
7955328
8265171
7322507
13152332
11242124
11749011
13650922
9011604
7653048
12766272
11598996
13554636
8718389
7654733
7293070
12285501
7915805
7915123
9435422
8095255
9424680
10254349
10332199
5177153
9811155
9548932
17907814
9148493
8301990
13438158
10958602
6196512
10626021
13582314
9295346
9358792
11075380
7679969
8959007
6657880
7362637
10031735
4149400
9038963
12458417
8204985
8613819
5345527
7798212
5891322
9105436
6405736
10857454
7135955
10186642
10032869
7598559
8597230
11129062
9493167
8004060
11170219
8633872
10781392
6034083
9136672
10305523
8228738
8875492
9192288
10142146
12134885
2936448
11702636
12745639
11705646
9346507
7726696
10394846
7000499
5189624
11930706
7501900
7754720
10215170
12097384
9362025
9027518
8700634
9323566
8461635
5967460
10922858
7497538
8492211
13551902
10218177
7554868
6048042
9899404
12045999
11340968
9652366
10920762
6533249
17172687
5991256
11190487
6102243
12140443
8156221
5604026
8646228
13894303
9539221
10908364
7205567
10134669
12852053
8358476
8310899
8969346
7297302
11192774
8328587
10534656
6801005
8791411
9821121
8421049
12276672
10022798
8309714
4030196
9946643
9509236
6674605
6398475
10061868
6745365
8827821
7663698
14334097
11493423
10616294
6213054
8173908
6536170
11851591
11614129
8286334
12318627
10187325
11397770
6333812
8987898
7092590
7321767
10101301
6385109
13324775
10510525
11934375
4954025
10280662
8255506
6564501
10183632
9338696
9371054
9102677
9655098
9009666
12465474
11906085
9592807
6422733
9396683
11976062
12636535
7682879
8271306
7815759
11937354
8344102
5647722
9938734
7250214
9750307
9386621
10087110
3993231
9680102
9062710
12624238
6384659
10685007
10754214
8748640
8486411
10729435
8358172
5824819
11859613
8287985
8572180
9169258
12290197
6800691
9531283
8524807
11663506
8543658
13822806
7413225
6002956
3769577
13227809
12746940
8141499
14011571
11960317
6249640
10100750
5177316
5581955
8107218
9564167
9936483
8771811
12054812
10784064
8165065
8796518
7410826
7249299
8232008
11130950
13107959
11137601
7118374
10802434
12922870
8417490
9272356
8327158
8883804
7832824
8576607
12315534
10352159
10684929
10331418
7824609
9589198
6680850
10427024
9820041
10955750
3321654
9722397
4814762
11436420
9690246
10915830
13601364
6365343
7957352
7061439
8039957
8242669
7271254
6882350
11947351
11486076
11796290
6034406
9964964
9357586
6631908
8776957
12068774
10921343
8604828
9140695
8038694
9368963
10472780
7142617
12750860
7460154
12377278
11017289
7724308
12293401
6780778
7163773
11467674
9773448
11575636
5722061
6757571
10518446
11862466
13425687
15252610
7651688
10145438
8477531
10373923
8665322
10762138
12758097
12306776
5210462
7374659
9002539
12932139
7825946
4771778
7319385
9787450
9767280
6497622
11691806
9174905
6288589
8197194
9408238
8387643
11789441
8694293
11214813
5564863
10606302
9355806
8710557
11962064
10467184
12302961
8651677
13115690
11251722
6238853
10465140
10392451
11878024
6067296
11782427
10323829
10902079
7205350
10698549
13238467
9265109
7837747
8364018
6507017
9525245
9353944
7290220
11005779
14775553
8316931
8786730
9114080
6142668
9662808
6457881
9436607
14584764
13214922
9550373
14387493
9455829
5773161
9492666
5781572
11458360
9487232
6531816
11410675
10321113
14291128
8376035
8998992
9447680
6252474
7839110
7544475
12892657
12995287
11132991
10058610
10102185
7636983
11474467
5075660
11966463
9938787
9025161
8247290
9164957
8800949
7684183
10198482
12657179
8896930
10016265
12542919
7811198
9927169
6559703
6177643
7990512
8750375
12391993
6473046
10273895
13109777
9253707
10785645
9025902
6938189
10091035
14810176
9847742
13928662
10682367
7558194
11372195
11655292
9890056
7523394
12788389
3284964
9084433
6285856
10745248
10919316
12210944
10469055
7414033
12649616
7633043
9348185
9710335
5345790
10867176
10434656
13702300
8227540
14153190
4869063
6570586
13152692
7798173
8368700
13498154
9771663
9616622
11352294
8094835
6480009
10030940
6320042
12738405
9283957
10796192
7646317
6837860
16582799
11470245
7392801
10326950
7108521
9763732
13230202
12881350
10735266
9342545
9735490
13303989
8745059
7558817
6660235
8359795
11183841
5855420
6679686
10106285
14136514
7229084
10084924
9200551
9555941
6829598
10388999
8890317
15041496
7452901
9010931
5910981
9165557
10390423
11778434
7891041
8257657
8014493
9206800
11265111
9800984
7979269
10496016
10175872
4669254
8027448
8640543
7470092
6070747
12020946
4907505
5951469
9958706
12697564
7560984
8468432
7244062
10480234
7835603
6113624
7304127
6173934
7045507
7994363
6155415
9203699
11813863
8106834
14851134
12105627
9685941
10607925
8422069
9845589
10791093
9135315
10630111
11609156
9799805
12667910
7808481
11743135
7887355
12430232
8248669
5891577
9034613
12182328
12539482
7484162
10620000
10061932
7233061
8158503
10825447
10474012
6256294
10281740
7966942
6968138
12548754
9217307
5340139
5664010
9276701
11890085
8637720
7367544
6749416
7900747
11322181
7294781
8376230
10206093
5887076
5761225
7168016
11744809
12099567
5629492
5339983
9080025
9957575
16645357
8701574
11238793
7207346
7916694
9242795
12051388
12222017
7410135
10126011
13404489
8741440
15075257
11414559
7263628
9968590
9680348
11727240
4496422
9761857
12322989
8303022
12095696
6860419
13425686
11593447
4402018
8861793
10865224
7333110
11184775
9583073
14371230
7513496
5687608
11328104
4839592
7233181
9760570
11381350
10768943
9442828
6888172
9772479
12745785
6543469
7077653
6871563
8176396
9188297
9907974
12052415
10053476
8913673
7274452
8644159
10770973
7060729
7997909
10713814
7777619
8778626
7440260
10751673
6251217
6631332
8481962
8624397
4489387
7918732
13180607
11330104
12123959
10880259
11242153
11772749
8549476
6908706
12393319
10805709
5268556
9924198
8336957
10844061
14904440
12703237
13643688
11642361
6452703
11355536
11714181
10523695
11484638
8305991
9811910
10325586
9571400
9755173
11993904
8543771
9056244
10158966
7541996
7652828
13184348
11143350
10907408
7487207
10234338
7857297
6592287
7188585
6576524
10443847
8094213
9582927
10258158
7754580
12895116
7058648
7233955
7191106
7616900
10394786
8711404
13421502
11887929
7692791
8193334
10862683
7273287
11217221
12460228
11320887
12341428
8768494
8868463
8928329
7952620
9055684
8420091
10858532
7824995
6577685
8564473
9858747
7771275
12091277
8101655
9829751
11813134
7501780
9504321
10780212
7483527
8980809
7400919
9968051
10186166
10728691
7048075
3829966
12476608
7102395
2994424
10178701
9278704
9219644
9732100
8601343
13342262
11044840
9963632
12508759
8409820
13018337
5327924
7400285
13068866
11893657
12998636
4767628
16469357
10544065
12936309
9562018
6706169
11441054
5582602
7488498
8737465
8318811
10250248
11271276
10042689
8836417
8167869
9522915
11271925
9840271
12371505
9175365
8908208
10053753
12765852
12946874
10838640
8483656
13756565
5810372
8124852
9079744
9221909
9627343
8382851
8300164
9391617
9601222
5377779
11509061
7944790
13225367
7722389
11960467
8042237
8885683
6932703
5845184
8470138
5497998
9641769
5496748
8565214
7045781
12687892
5774583
8281931
12895067
6089119
10233905
12638356
10488478
8889347
9268526
7176206
8604196
9163838
12061159
5028157
7564732
10310077
6737162
5502037
12721056
9519654
13528707
9832872
8299765
11015506
9557753
6380189
9365254
6090079
13376844
9427547
9176055
10334552
9843080
7892926
8242839
5770116
7981864
7283186
9772179
6205797
11554171
12535530
9223937
11239900
8952825
9468436
11091907
9573299
10647975
8819991
9221030
7458491
8696204
13682783
14194358
6263211
8701773
5436569
9344768
9348148
12563034
9516918
5052054
8571336
12932977
7613731
11805337
4915096
11104714
7881634
10958089
9848736
10160484
7436583
13625566
9977060
8606947
10904197
10947294
9091416
8854124
9471427
10473791
9052793
9493943
8198216
5156024
9589327
8585944
7497269
9641799
13110787
8907574
12959397
13002434
6592363
8872607
9735079
8416144
8397897
6748938
9304728
12247839
8585115
10370134
11791199
10318195
10638523
7791482
12392033
9180324
8797021
8423556
9618133
8166570
12798474
12921875
7064970
11761004
9533043
12300391
9921405
12500413
11292326
6573706
11974629
13081363
9989899
11071442
11244649
9462079
8964999
9121430
7175843
5994951
6693116
11829483
11280483
5781715
8426093
9624753
8120412
10114799
8919922
11760536
15970128
6940283
7901772
7157309
7072685
8368078
8808475
9366458
12217643
10475857
11370977
14875241
7868033
11499786
10004464
6497274
8126454
10719614
11858334
8446986
7811439
12071032
6645534
5064827
9614685
9109185
8962167
11391483
7061551
14755118
6863905
8561582
10180111
13565649
5205961
10982834
11196687
12784411
8762241
12845987
6676347
5683520
11739429
8026473
12980938
10747154
7603461
16089708
14522460
9994776
6070550
13110508
7249977
7881966
8624003
10257471
8552723
10086241
6808697
12172421
12859888
8407757
11492468
10498404
6676896
11387664
11370918
6269837
6654250
10411570
8322479
5874551
10008426
6475065
9686419
8070513
7718678
6430736
12693722
11764053
7169314
10679234
8601062
9145705
16207219
13123233
10106671
8816325
8119819
12017515
11774532
10433394
9195140
9563816
11496518
13175215
8150763
11022904
10628642
12043804
9646526
11049271
6804235
6463420
10282422
10087907
10168877
12879078
9869409
10880228
7825729
9059091
10136060
12966598
8487340
7282722
9272358
8364123
7813882
7060651
7684272
11598409
10673047
11041434
7617119
12979668
10044935
8818640
12242476
9433962
10353704
11621974
10362383
7873903
9550290
15642374
9593131
6868639
8886141
10582349
8980967
8710200
10518673
12083433
11775343
13091379
8902678
8296847
12237492
8726093
7583437
9419133
9614783
10418259
4693871
6995280
8219953
9423790
10504561
11210456
9991734
8034528
10363313
5176798
12242074
8882434
9422722
6766219
9950757
7132461
12321177
9013631
16029888
9793107
8674342
9984282
10582019
12166132
12505391
12401698
6842513
11771479
10843702
10546015
11867696
13350171
8939237
11220478
9066629
8368311
10119038
10264338
6824726
9206652
11503132
11531886
8208536
9346668
12163788
12297210
14014647
12810409
3937757
10232304
12119738
11620911
10161899
6713903
7015581
9630951
9413145
7795753
8033518
6299165
8616807
10167186
9194208
8039205
14930515
12159018
14018785
8936697
9920713
5015865
5679329
8693184
10989006
6780069
13055973
10334802
9967078
9444625
13060979
11218008
9508178
10753451
5755112
5992085
8324730
12055575
5829147
10419943
12124844
8609990
8007685
14236089
8922239
6405753
11013628
10223087
9587509
8398349
11414402
9690810
9703117
6647316
10652586
10630025
7311101
6949944
8859987
8866445
10341850
5659131
6411548
10734391
13810802
9014299
8191995
5997014
9135608
8195870
12439446
8591434
6359032
8716927
7270362
11481750
12255797
8723280
12691059
9807354
7183662
12279182
11039545
7884605
9262943
10134585
7095844
9049987
7872912
4152467
8999897
12714006
14155347
4011614
9450279
11078526
6456075
7734453
10579827
8244732
8358412
9744311
10576612
9794405
9778937
9886202
8135343
4614822
8992447
8077386
10766047
9959839
16101422
8572408
9794701
9750810
11348296
9356865
9949448
8495386
6613076
9925086
13620147
12059807
11797590
7586373
6660395
9666380
9354176
7393718
12276938
12391967
8971650
7255190
7526773
12130844
10899115
9515505
10659131
11058511
8810970
12963381
8651995
5717643
7007695
9636259
6393370
8168775
8046405
12820342
9556611
10174135
12355382
10106713
11734756
8117320
10526015
4061068
13440374
10396299
8900738
13748221
9769646
12025203
10033611
9858445
10006083
9092298
9707791
3842370
12520877
10466247
9036171
11337878
15265121
4974279
8948933
9237947
5007976
6552120
8275740
7481774
7686952
9568559
9254063
8797673
8108787
9396233
8120664
6119729
7918525
11239052
8158728
6055450
12148070
6957735
13422141
6891789
11039796
3877991
6965872
9884361
10245983
6876155
7317072
9653567
11723916
9962269
6855980
8289663
12631160
8726925
11235046
10498505
7644441
8233103
9908149
12134284
7102651
8609478
6593381
9609522
5421961
8099064
9328644
10921357
7324837
9494558
6299435
6137664
9826614
8803972
8551700
12494897
8561249
6107022
9989151
12594065
11101900
7713581
6885732
9460637
13273575
4108842
9944411
8616432
7208141
10861855
8713877
8578224
10511133
7008648
9633710
10636786
8226024
7869583
8444148
7245900
8357218
8148417
13504580
9621776
9572032
10593345
5713243
10122338
11239072
10224688
10269525
9903726
11434194
7502284
8473217
10937281
8379994
8399067
8961280
11928892
12770348
9017759
11881386
4346264
13038683
13543694
6398154
9245713
8038024
11043906
9493023
5349420
9415278
9823703
6359477
6509802
9194112
12566300
10280290
5627227
7145123
9176294
7981706
8457493
5230470
7199373
8140357
11852860
12644178
12638309
8852715
6816708
6844075
10877032
9330629
7064447
13004588
6751579
7960494
14119072
10401327
5966384
14138545
10456894
6389613
6963977
13645306
9216367
8268635
9386438
8019293
9078270
9252187
9412322
9008754
11878478
10928776
10774152
6768235
12775956
15011928
7452680
11068157
12394733
14625427
11967274
11736037
10211529
11740137
13557772
7031013
15140259
12980322
7689007
12640304
10209874
7315292
9571522
12656272
7988577
6328646
8054160
10877320
7680463
8374168
9748210
9261026
9871609
7024521
9169267
9421788
8299785
11296627
12893940
9607139
14151068
6364598
8360804
8061480
6992906
10357835
8781922
9245551
10741723
11499185
7358901
8815121
6123409
8270257
10759810
6876437
6256591
9468049
8960853
12036748
16431668
14215722
8715342
9799158
10953888
13135658
11597052
7591684
10944434
9747187
9004976
9599190
10763292
9292269
6428920
8254726
8191809
5635748
5130675
9014549
8989389
11870855
7704854
9740517
11855230
8759696
9585462
7267190
9611759
12009166
6663291
5100091
6745170
10344700
7102569
6766732
5267594
6593686
5279558
13133489
12183244
9880044
11502038
7206479
9713909
5138832
7674304
8505785
10797305
13413307
8416559
12700491
4938053
12740313
10566997
15499978
15354332
9905777
6560578
11184411
12585955
4196688
10556583
7424653
9420209
8845392
9735433
13930110
7304519
6067860
10353461
10642589
11681844
12985577
8157130
8854602
9577006
6262653
8762460
13598780
8574610
7785039
10326001
10718952
7403380
9600328
7857283
10771429
8728708
9171742
9983730
9048540
13092572
10521854
9988928
6869712
5656496
12658181
8048729
13835526
10109806
2545166
6314958
10242523
8845568
11962075
11191086
5692099
10820280
9487911
12705165
8291679
9317383
11149747
13234285
6931282
7944761
11269324
8108504
7899396
6437615
8837935
8067093
7232537
14956601
9382482
11546618
6844659
9733308
8203885
12582060
6290080
10674445
3219639
3871644
9334068
8341040
11272384
8446594
7675626
9384878
8911318
10072237
3631518
9748420
8038126
7363857
9131365
8470605
12341748
11444652
8524709
9473069
12247137
8112000
7429537
10785844
9414052
8569839
11170357
5000953
8616515
6897991
6409703
9218210
12268792
10144159
8166125
5901954
7680045
8104023
9421687
9094072
10820416
6488762
8819891
10184136
7236704
14169596
6370284
7664905
12019805
8767126
9887545
11939233
8946416
6230686
9779877
11530515
8543564
11767298
10709289
10629189
6774972
15142546
10020285
7299215
8340355
11481645
7329593
11599341
9237394
10962214
10883015
6962185
6464657
8737427
9829501
7591391
8063526
9372592
8475818
6306408
6206437
8371336
4666214
8813242
6198709
6482035
7145882
12624081
12929134
8258442
13515736
10039240
12777661
7853509
5809804
9595401
7185061
8323600
10436412
10800238
6720663
10410909
8137183
12804931
8512171
8698718
8850567
9826865
10628226
12993613
10153139
9271647
8303488
11295914
7055721
9997631
9662186
11451202
9961537
12606163
11555182
9557930
9045639
10703704
8940395
11748886
6412058
12068306
10361787
4997048
11409249
8720138
7356395
11420538
13410887
6958572
8727627
9694806
10247607
7173257
14814245
12225363
6461811
8593604
7541110
10376704
10806992
12333684
8048868
9767718
7384927
5248319
9297034
12531242
12975454
11998093
11002698
10331473
8300966
8636421
7767681
11768621
9873508
10251296
8779823
12709561
14366620
5777497
9784272
15704860
8699262
7877067
6687385
6891198
6037729
9678423
9803984
7297950
8994719
10322993
9210853
7634285
8240800
6530155
8811134
11389609
8029809
9633017
8432058
9354076
9465284
5888362
10042667
8059554
8620829
10875923
4441662
6334559
9119304
8940263
9732007
7731746
10843157
9380325
7869948
8905854
10205919
7623415
9220549
10523025
7574492
11040648
8572898
5371050
10535438
10190397
6264434
7778916
9898369
9862782
9331946
4384755
6623257
6457384
9936916
7052253
12949083
10160116
10778322
12244467
6983781
13180031
12706984
12166001
8868620
11620373
7932210
6271622
6444589
10990427
9080341
13061888
8221806
12204303
12134323
11954755
7143725
10802663
11533892
10806083
9804003
6704606
11508454
8904352
9638565
5392745
11577833
9788226
7568997
6356622
9731409
14631615
13385827
6802803
8754127
7610162
8618837
10529686
11131446
7483915
12392541
11053448
10140434
8538105
9443087
6490614
13293591
12907397
6971040
8324419
10086152
6750314
9863470
8720386
6780254
10347950
8496645
6505401
11815481
9061725
12116428
3375438
6159668
7903325
7558394
6598523
9407643
11709179
9283570
12815030
7270103
9773965
11110944
9216847
7947322
12735868
10839937
11122053
7418089
6583723
9187379
8014173
10112415
7443969
11076836
10009531
7516307
7790914
8365075
12226845
8660146
6933450
11648767
11174980
8045614
3537683
8208992
11505599
7000044
12229385
12445462
13913298
10980697
9218669
8156283
9002267
12494136
5974389
7300721
8341012
7897354
13830155
4949885
7918113
7621836
13535868
11102485
10517708
4605298
9263773
9146093
10148260
12046491
8521281
5800519
6791824
14912134
10798770
4816309
10547721
6684234
12540922
7418095
6740492
10343921
6623793
3410726
9875620
10198156
9431188
8913873
8925994
10376220
6532639
10576814
8696289
5285253
7283682
5927149
8425096
13267071
8853455
7584665
7356530
10756224
5442161
11530013
8532121
9181351
10587489
5250839
11148183
9798294
12779334
9386771
4840314
8702829
9021927
11243292
8943528
8318267
10847538
5736994
9395023
8019391
8195905
10309250
9311713
10126358
10932249
7353416
14065308
8108605
9187345
7140023
9989698
9754079
9739205
5774124
6364012
8766524
13491357
8593384
9570293
9787551
8674860
11187143
5097546
4420336
10573610
10224261
5310380
10560369
11623541
12037449
13456268
4528087
12538729
13539374
11489527
10773311
10458028
11790148
8267117
10578928
8157919
11781924
8766977
10703625
11615427
10797530
13961123
7639115
8041403
11917424
9650231
9668583
5879808
6829266
10112965
7032476
10654485
11121072
8863325
12531570
11948507
12384915
5813377
8878206
11536959
8035298
10755332
11747751
10902733
8142333
9880366
14017674
12483325
8333740
13564110
11687110
9165739
9794274
11406600
8385210
16312059
12380182
13243920
13931386
9882509
8178631
8149446
7363370
9825171
11190518
7251584
9281877
12648489
5944408
10844853
9231727
13604199
10293053
9062254
11272699
13186430
7535443
4277001
12559795
7377366
8899355
10619961
14378902
6554988
7494845
9797072
7922722
7415300
14050166
9607999
8723070
7885110
8174756
5388090
7354545
7128246
12134236
7847195
9565922
10962204
12183943
8853010
10354454
9244911
11420806
9762318
10296345
9380903
7297918
13287856
8463509
7082342
12272143
10826698
8635644
9647391
13108782
7698720
14202068
5698898
13326869
18483042
16777772
8587670
11473110
10561956
7137248
5208447
5787667
15765684
9212379
10466755
9861050
8441644
6424723
6300075
10308922
12031914
10373449
11260018
3159359
10563888
9740044
11072003
12076707
6304277
9067501
11506845
14833715
6055561
7019449
9034233
9100960
8365719
15679512
13380371
11728540
10843871
11931192
13189632
11800322
11259978
7743130
8356227
11980406
11282696
10267927
9809555
6914921
11408498
7964799
9224753
10464316
9289940
7294664
9496509
7033611
10466028
10084499
7269845
6650545
13476195
10974182
6893976
9030813
6023337
10291632
8974516
8065858
8119232
10125345
10226006
13446481
8992673
12280399
9352747
12767290
7244543
7680258
12387031
12507791
10350135
8171168
9404837
10625923
8158796
5931140
10619645
7265581
9273908
6159917
9670156
13463936
9043842
14096457
8123020
8559104
16334344
9796863
11044820
12288212
12948707
6477525
7843582
10511438
7660443
8303167
7754038
8056838
8810135
10332291
10815524
9788557
9684442
10301013
7549151
9095804
4865667
15236467
12186478
7910222
4257961
12472624
9219876
7626423
6390052
6401526
10925876
8556177
5441529
9598829
9755421
8049560
7893777
6822481
11652059
6742644
7982630
3783059
7176279
10305373
10099584
5569552
10118218
8758444
5299470
6133384
11679086
7508891
11636765
12097496
10285883
8215010
10558047
10153880
5724558
9423227
11212379
6271703
16907919
12864295
9161954
9274403
8984290
5338044
8655861
13813975
9990481
10383699
8159059
7880111
8930849
13853983
7821448
8174822
7973844
9125277
7397257
8696405
6290638
8336907
10839489
9211957
10992048
9529140
7090000
11614495
13433315
9768397
11617983
8088413
11145484
12730337
2173744
13707922
11878751
8567394
8684939
14409012
9381840
9674284
11389395
8831953
9153949
6085153
8897944
9648097
12121162
10800788
9833295
11111031
8156071
8580795
9592554
6607386
10762143
4679499
4578500
8523841
4813637
8607668
9065132
8703263
12004722
6310907
10614275
11547957
11885438
11168121
9361890
8556256
11700933
11436574
9909729
11371111
8716295
8810747
8920850
8432142
5842091
5843718
10216648
8608270
12791702
9385941
9433672
5145617
7843879
8262203
4209236
8994653
11818387
9137970
8894866
9632977
14405904
8399305
12242052
11182861
5722095
7108573
10482692
11455808
6474893
13946046
10187151
12109606
8425701
12961906
9555344
10162761
9751980
10542098
10929973
11202241
7251048
6004420
9753174
12063837
9030835
11874588
11140519
7778568
11649245
13043222
9418006
11593695
8320385
10116291
11149947
12140877
10044709
11046821
7972735
7699770
7115937
9488496
7146462
9959331
6189836
8563976
9272579
11510258
11500664
8156486
11156376
8736584
10484253
11947832
3505704
10518482
10393953
11950373
11410706
16890550
11650929
12936462
13246893
9442617
6504105
9772784
8026610
7037748
9244913
4646963
3697617
9472616
7808842
8401407
14991744
10128140
14117681
7711533
7586860
9498082
7952334
13920665
7572845
13366466
6641720
6238016
9704258
7703963
7134012
9428407
8941703
8727009
9618142
9943150
12179389
9004748
12834328
12499534
17432956
10250818
7005856
10038368
8337008
12423960
8938199
10720003
8111894
6575639
10301943
8674308
16326523
11614909
13155139
7323076
4218196
12905806
5503128
12874455
12421504
10369768
9717381
10733709
12274396
6428623
8350976
10473451
8477681
8648683
10514199
12281778
4205585
5907944
11683328
10322446
5135172
4716507
10813309
8075424
12234491
10051302
11535807
10586571
9641889
12485212
9050346
6370112
7558591
11759995
12774065
8957956
8156047
10302145
7191801
7438266
8119456
9170655
8147578
9707687
9733628
9024565
12399817
9255945
12797213
10894437
8903731
12292247
10765564
8283408
7376199
10519071
8947930
12619206
12867631
11435890
9910545
8367235
8040526
6476167
10004764
11764713
11278145
6421471
8240895
10637630
10261598
7118378
11560885
11428091
9315008
6242976
9936945
5836162
8224723
7399820
9937332
8153195
7313346
8471427
7809023
5761477
6719849
8445998
9076735
9140750
10889259
7117452
13991154
11002016
12878845
8608959
9327884
12045025
11064958
6008552
4949367
8196317
11527326
6458643
13154851
4814778
9034836
8154770
12544128
9833386
8730585
10556787
9934067
11906129
6927623
8337696
8568440
17150083
11934704
8013265
7295066
11630375
7289349
6034128
9337511
9994681
8767814
8337745
13824665
11521286
7929869
11397235
13799151
8192967
9491631
8895861
8292381
9206134
9388872
7323856
14513135
9957433
10118694
6926631
9182470
6390347
11038398
8532448
6863590
10395875
6501901
7916551
7135545
9743360
9264992
3982835
9384005
13092007
7229588
9795206
9742161
9069460
9012099
8068277
13566503
8126589
9145572
7742679
5831755
9010146
11330562
6132050
10757119
8369037
8021731
8377476
9541605
4845312
10037854
14413248
10526121
6534805
9213656
6833073
9894075
7694907
7850654
7357228
9936215
6735317
8436589
7605250
10881527
10143594
10975465
11347997
10397883
10004341
8038643
13580637
5074881
10279316
6545730
10830115
7196532
10410532
9528753
10066499
9185845
7562231
11887178
11563786
5315387
11552639
12763463
10212694
9444389
10183783
10201712
12560589
11891266
3514601
7151022
12153164
10704973
14109630
7730655
12719100
6067698
5083718
5306747
8252250
5887510
8935361
4698372
9010117
8866424
8209336
12538461
8978716
7759024
7590122
8136748
5353327
7581292
7894170
11919834
13752640
7259801
7440661
8695011
11417718
9039528
5955054
6514885
12973017
5700722
14135217
10527553
7146315
11211355
10474294
14717256
12662428
9921325
6245389
9920521
11472343
13090061
9265583
10641995
8250235
8522750
6430675
7960973
6387796
10568675
8998950
9928442
7149277
8173910
12201337
8512757
7043506
10997342
6667517
10478532
8548652
10631448
9649748
12258079
8451567
10875886
11463051
5097205
14484491
8131504
11405403
12241226
10513679
8951368
6227083
5589031
8221531
8936397
10185623
7651296
8431101
8886216
10411159
8258917
7221799
6343584
9184222
10440162
12521182
12179555
11487810
4971471
10448559
8632551
6838026
8747096
11112192
11297410
13133701
8121551
5225498
10536338
12179130
10483169
7960562
10343515
13714043
15072975
10293211
13420022
9629557
13549551
8840860
9529039
7841161
12071759
4587037
7427239
6127564
11416097
8948030
7805490
5186838
9127320
10371948
7427075
7708526
4711962
11284310
9047819
8425702
9199570
11546954
7490024
9827185
8706490
9037995
12157432
8161918
10374991
17364945
11240010
6618862
9876282
13279204
7174849
8018167
8909264
10849920
12125492
12076006
15224973
15496616
8532877
7115571
7233194
10900782
11202028
6061578
12944687
7564596
9682011
9351175
8396696
6971369
8807971
9392384
7221531
8378561
9073131
12449351
8851365
7294888
9992512
8797407
13252784
9211247
5283504
8524106
7836993
7683107
10911200
6213735
11714129
12279625
11782068
9971040
8649478
8959085
11350359
6526795
8731378
9736433
11961599
10179937
9320133
7476860
10195067
9992148
8637838
12764088
7548291
7183962
8017788
8176189
11371421
6191416
7083884
7741473
8170477
8538725
17890136
14066945
6892376
10312304
9003629
9072778
9594004
11363894
7667215
10950794
8927254
7217704
8555435
9681012
8067325
8305558
6446012
10369163
12039289
11133065
12302529
9041659
8771539
9147099
8495871
12612266
12673140
14263179
12049531
10509539
8147964
11675880
5400527
11345966
13353877
6759181
6994066
7705984
10502075
8110004
9530375
8233641
9677633
7082164
7906013
6802768
7190811
7534999
9858637
12096346
7374163
13117146
7088136
9773108
15187502
8596073
8665258
12700075
6113240
11535681
9915958
7442278
8584159
8516520
9829294
5520769
11398940
6865734
13128511
5119525
4619190
11719691
6194312
9727696
9032943
10432232
11289877
13493300
6952969
10620966
8101292
9003651
7944633
8276284
8898449
7172366
9877144
7465831
12217299
9921897
8279144
14141498
4224262
10691301
14043760
9405933
7789927
9107633
7913641
9283624
12128536
9932982
10722234
12902468
8951399
9041649
9848949
9960367
7433509
11017689
8287997
10955398
5815781
11488544
11343267
11081784
9866227
10965731
11678895
9959126
10024909
13727847
10550418
8800598
11634738
9637326
12343031
8438468
10440952
9159087
7880840
9300670
9879077
9695959
8961128
9358424
13221538
7450928
7797464
12288018
9589392
10530434
11080050
8438663
12439359
7654712
5005768
9325547
11706465
7449658
6709331
8578242
11529266
10463437
12143389
7346345
11448132
7357415
11309526
6963164
6960775
9729432
10969592
13713282
10280209
7132444
11432653
11086081
10743079
9603431
7219726
7286624
10074159
6629458
7272200
10696936
10016224
4378397
11782289
12611829
11256033
8102917
6588942
11157679
11931822
6850701
8418150
11045373
8097901
10316393
13822621
12305070
7598725
9175023
10146960
12992598
7296607
5783138
8073548
7340293
7683853
8599351
9347811
13744112
8883113
14011189
11264574
8896357
8523494
10763763
8565595
12981819
12478729
10521208
9366439
6739591
5895669
9826352
8678948
7565941
5478120
4256895
9082633
8428401
9251350
11922318
7520907
10863672
6443572
9224184
11612540
10339470
5906717
12674349
11648703
8303576
14089000
10389818
5186161
9616305
9853484
10957637
6190484
10008583
14990848
8135016
4328156
3756121
8953421
10046217
5386578
6708599
13126782
13153878
9501853
10848226
7136940
8734724
9306573
5942064
5867692
9922550
9493769
11144519
8097886
9906130
17502474
8007622
10762409
8851024
10524081
8350922
12852507
9887472
9052369
5826101
6849948
9384232
5954614
11355808
10324116
10225294
10822135
11941498
10392406
9492323
7115862
8864036
9930480
10029358
8907849
13316938
5945550
12506785
11160565
10554495
10478357
6586665
8251154
5132252
13529781
9620188
12949698
5489062
8584830
11410985
9443720
10245373
8289124
10643501
12517193
8076538
11229919
7428299
9881093
13845579
10281230
8665504
9925909
10132018
8410263
4518088
8498748
7585490
9424148
9797077
12005066
13569551
7513859
8015947
8939542
10841979
12766318
9308041
10399044
9585537
12755517
8621327
13472393
10168733
9045440
9903636
4901247
9838345
6841735
11117933
7237154
8634425
10857704
8796124
10835345
13081537
11453160
9062801
8304620
9896460
11351096
11684694
7007977
14365258
11458838
8978589
11187474
8731407
5109700
11984398
9184862
9451502
8296710
10670604
9582604
6411352
11014398
11244537
6282194
10598684
12530866
13367370
12311989
6527900
9676111
10185386
9941534
11882145
8118775
9397645
9357731
11534195
6985531
8752711
9937846
6585244
11014518
8088324
10035616
11451230
5298818
9089573
10032330
9754975
10046403
13543738
13971455
12224479
11559814
10639473
8475593
10487356
7876273
13430904
7866559
11592148
9938919
12513836
10401558
7729226
10961409
9887520
7421563
8592946
7418568
14478184
7558469
8965061
8776980
5354685
9375380
11178481
9297976
9977728
8548496
7240384
9055230
8448857
7021856
12217509
7432074
14271415
10545713
8409980
11570129
8593762
10982149
8678140
6679134
3892631
9151771
11351729
9827927
5625222
11169212
7204540
10790506
14129874
7210387
4729210
9594693
11735475
10021767
8801336
13825146
8656395
6829785
6653238
9099259
12977389
8410197
5223021
13930480
6006676
6380957
9003849
8284768
8223696
13227819
8491401
9663970
7112616
7278634
11857331
9953891
8826954
9582768
10759292
6748667
10397498
7920720
9613434
5803952
10547753
5937237
10097796
9421579
7809011
10553260
11045202
5895850
8377661
10836273
10409081
9240764
6736875
12731674
8542813
7045652
9409549
11574948
7901121
4885583
7069824
8217094
9487834
7883631
8106402
15339189
7018636
6906898
5370775
9555894
7574414
5675845
10260141
8100243
11587343
8994516
6503554
8461112
9334037
8385784
6042542
15360451
7421428
13649007
9677698
10409339
9607782
7567022
7256827
4139122
9784632
12360511
12776278
7124513
10474691
9478489
9980858
6357079
9628960
7880573
5946965
11969888
14210446
14910166
9709517
14971539
9875980
6274060
12474403
3797690
9623013
4929837
12883336
9087390
10633276
13027244
11265386
8756568
9201400
9221586
13300440
11476583
8709164
6566511
9528270
11446986
11747950
7796887
15530832
8034275
6748101
12314636
8416813
8527281
2792152
11567650
8715352
8194717
7807882
8137686
8438307
10009595
9255718
4618358
6887485
12663932
7852615
8446679
8209742
6846672
5994623
9547415
13888743
7425422
10807632
10109019
8572419
10359803
9049580
11749451
10094875
6634126
11694190
8230127
6571257
9919357
6668475
6753956
6757529
8299502
9591027
7844984
12772331
7988765
10576215
10569127
8803348
7005959
8484540
9473197
7874141
5479003
9720000
6599084
8655045
9713745
12542303
8066574
7317299
5512029
12646458
8632422
8546543
11077925
12684418
12821457
5778261
8451025
6475384
8502928
9468538
12533565
8057562
6181721
5786411
9005965
9130503
5840879
7868324
7723601
16498467
10201035
7559162
5465158
9765171
8663729
7571170
8335776
12561351
6041197
13407951
12474616
7028275
6765811
6495464
7101161
10692198
12744017
3734100
11006982
8213999
11752064
12652699
9148302
9735325
7012101
13497746
6932507
11836344
12806115
8539624
14067794
11152923
11395005
12791040
7078412
7125102
7906387
11718053
7263575
10779183
9557799
9099432
4930088
10008496
9839231
11533439
5717058
7183977
9950637
8072999
11501827
4546675
11782274
7920116
10013740
11041739
7740234
11111159
4045972
9505402
4336839
8511372
11189903
9637134
5759505
7059223
12635548
7864910
5484523
6877838
6451207
10673565
6437180
10899133
9974583
7582428
13301632
7843927
8347534
10740505
10547906
10690251
4981380
7881967
5564437
13440414
9336311
8487316
10268033
7880668
10601812
10973489
9644350
11692953
12062579
11296330
9010323
10816262
11087573
9053377
7211820
3324561
11308214
8432961
11606228
6779875
9686466
8515550
12586316
8116445
12583077
13410312
7833164
8195098
10880429
7791920
5908599
8773796
10202832
15138280
8278965
6220743
8265227
9968257
6427740
10463564
12955434
7132475
8971526
7389458
8716765
7594405
7262429
9369421
9079618
5500684
9039937
9486011
10496118
6097248
11614821
8014855
6533240
9572644
8303674
9918869
8447275
9153551
6395790
9887414
9312415
10021954
8467633
14219974
7626950
12939765
7906592
6791983
14622755
8283781
13113020
11618535
9413926
10228444
6244638
10463637
8730280
9703441
7954482
9938112
10613986
10915521
8768053
12492202
8482924
12629953
7349796
9557949
9717841
10723850
7287649
6917160
11340732
12900851
10254795
16487040
7677458
8081139
10710604
6560584
8289315
10972621
11364755
7825038
10418323
8093171
9045904
7236606
7711746
8299087
10403988
7408137
7915498
7361328
7529007
3945555
3599740
13018694
11470951
9877720
12897093
7001599
6618984
11695849
4818169
11226485
7451146
10820979
15097047
11000030
7167209
7813953
7911788
7252390
13024119
9069230
8396675
11765782
6712511
5180348
12716790
7405002
13849734
6703234
10930576
7639170
6805370
8136980
7794233
7189788
9548024
8026675
6338884
4950227
6433689
5883700
10567894
8567375
10320965
5796725
8398288
13135077
8325425
14968055
7464120
10425158
7601784
8803631
10245601
11735397
7887930
12861910
6882547
7785833
9505864
5317436
7041792
10269469
10352473
8417443
9898370
8413086
9703465
7690842
15326760
11290430
11974561
4536220
12881828
9099209
9110493
6643137
7566947
8798577
12657304
7843087
9252292
10403795
13010516
8370310
10454036
7484687
13015403
8264820
13201793
9167216
7543580
12710525
15689543
4830588
8828012
6222266
9493452
10335246
5932065
14435835
8361261
11408951
10951578
9342424
9684476
10675952
8780551
8983604
9061860
8303158
5439432
10871140
8589111
7567208
6198749
9927440
7755277
7657922
4811728
9072000
7922784
9288978
7347571
10073726
7190835
8329662
9964080
6902895
8335744
15569889
11272663
9170454
8214206
8696018
11571875
9817527
8358748
8384816
9285254
12156858
7056075
9825806
7904875
8692744
5871185
9368230
8776421
9444355
10743504
9619452
12536312
9584498
9921136
10477907
8497520
10862313
7304320
9662035
8496478
12482254
9436065
10738169
9573969
8693573
9987665
9773117
8156539
12625857
11799894
10347490
8503717
8478130
14801860
11919138
10299576
6257031
13309470
10848612
11960304
11960313
7138234
5104244
15049168
6183933
8640652
7819508
11059301
7855243
8498463
6611279
10349550
8155736
9240565
11826950
8953988
9598094
8688671
7879218
10083268
10496342
9448933
16480739
9292490
11648533
8082277
9082086
10604124
7709904
11337402
10685638
8751657
10022236
8518753
8028818
9973079
9654984
10539511
8734587
8233574
9608127
6156374
7668533
14897492
7847136
5784582
9406090
7852040
8130589
9915500
10755728
8485654
13687012
8987662
10113060
12074511
7970449
10266642
11155584
8590657
7139270
11190877
3330573
6593033
10139519
8430234
8865173
13554189
7768737
9076578
8804576
10963328
10454691
11425388
8755253
5175912
11142070
5711989
11021146
4435648
11203957
6226707
9955192
11904959
9890407
11754312
5051088
9800850
4281217
12127598
7839086
6633152
8405448
6875004
6707126
10771337
14718446
9196255
10356105
8836157
5866429
6828194
4928018
9315546
7843953
7614778
8858827
7957741
10486849
9587378
9105988
10290035
10936995
9828201
10399269
10807206
10446043
7448821
9954266
10747038
7726581
7174009
11838161
6973011
8010657
6645315
7521279
9127892
10605377
9608075
9242660
9535507
11475894
6378846
11895218
13333787
8408342
5529355
10532984
6729147
8499621
5701962
8661633
9821376
15350404
10095511
12459007
5717028
7684355
8569857
8280963
8862935
7941695
12415586
9406733
15071618
5760417
13483216
11059341
10540419
10340858
5322307
7103532
13012200
11046503
8147704
14197212
8856482
9569610
8230048
9158585
10637634
11086171
6809489
10390946
10726236
10465584
6667139
15968575
6633580
6409467
11124327
11888831
10516491
8813900
10777953
6964050
6989358
11764868
8014519
8042539
11474371
15156736
9204681
12097048
8167712
9808068
10866679
8951328
10349530
8747929
5231824
8145689
11930867
7237807
10750657
9623857
11126456
9466209
10882296
7458574
11870146
12807127
8594643
7929501
5702705
7797528
7701963
7828521
15051951
11077951
9755991
9817487
6974873
6227587
7872255
10965458
14502154
8048039
13615098
11527297
9333823
11518163
9016011
10971628
12174270
6586067
10670083
9349544
8694040
11368987
6847730
12738474
12732536
7490794
10385928
7682707
9217505
7203261
12084782
15295898
11551129
4242892
8192849
14719947
7701025
11744888
7727112
10664589
10673592
10944318
8041401
10213485
8176900
9103061
8164225
5507116
8411451
7611811
8894281
11967699
8655976
7861701
8585810
10037428
7439758
7059591
9960084
10211052
10706872
7591331
7391623
8486090
10325910
12407961
3195894
7060645
10667984
4945471
6931152
9349064
9474349
9916727
10591631
11658690
9872102
10633418
9556199
11623007
7852238
10623074
8673801
8650973
8999133
7519293
10976920
10529592
7921433
12715471
10053284
6826346
8543816
10989840
12439702
7273435
9001392
10823294
9003335
9369341
9466377
11652541
5215127
10847297
9408902
7698295
10850186
3833750
7558406
6084518
13313721
10953571
14727245
7566781
9031850
9338274
6646593
12116804
5156033
11116921
9608570
7181057
7595708
7486644
11373309
11883127
12222459
11600542
6324769
12055051
10005341
8191839
9301491
5756184
11683048
11038664
11784349
6478668
9887747
8563477
7419664
6365760
9075183
9190930
8520980
7160971
9765997
11766219
3851883
6101304
12858784
10734031
5972437
6872874
6427687
15155118
13068329
8197829
12599976
8287003
7625243
9042804
5567143
6239681
10037482
9966588
8160124
11646938
5937538
8701487
12471428
4878786
12293881
6341763
10124694
11458858
12124424
9144971
8236086
13304629
8667349
13657975
11739209
6710859
10973410
9588839
8517504
7426432
11617154
7081946
6260434
6155642
13618825
7738729
9136913
8327578
10553081
10579353
10018146
8852913
9039798
9349275
9888851
8983452
10251254
7608577
10892341
10188431
14599281
7681885
9042074
10628461
12749399
14483412
13298873
14534292
7662504
12212091
12874239
9772216
4542833
10361421
9246886
9972465
11625815
10396774
5364674
5318311
10786759
9474300
6662838
12428810
8036148
15812847
8624329
12933778
13543422
9868849
7040807
7776605
14664548
8280268
9934749
12038215
10514606
14133376
7687598
11451188
6596839
7251963
6101242
12821065
6836351
10173672
12332196
7104586
11226014
11131234
10708029
9076377
9330588
11463001
8022333
7831448
11904441
11708643
8958484
7959669
6348109
9510260
9411487
8263233
14149960
7038109
6016077
7842911
7818711
5256950
7629699
8547504
13294501
6956132
10178916
10735763
9436404
7885221
10401664
11709734
10935722
6535759
6418944
12685328
11974206
9907391
7579933
12476667
9666932
10571852
9079785
12033667
8271378
6070199
11040907
9613835
3916129
10993452
11516454
8371788
10459798
11798757
11290713
13937030
9319721
8213315
10444006
10564558
12319086
9174830
12664531
11133400
11472332
9992315
9351353
7723646
7315974
7448112
9248625
13761579
9444101
6453051
12002383
11123017
10720479
10742455
15567779
12087873
10103802
10929191
7542545
2239347
9836999
10781479
11546127
5247322
6124745
12189162
10562852
4379948
12794151
7819930
10481559
4557067
8084028
10072252
8197753
10363059
12873686
7613504
10311832
6418447
9035333
10305275
10484823
11210029
9643992
9333161
7984946
10965054
8030486
12009145
11631764
10800357
4435967
7191474
10497345
9843839
15799521
9909923
8430400
9172231
16116068
8224835
8566394
9418234
11053543
7929560
6371474
10802700
6136771
8471047
8725993
9690818
10580489
13871864
8288970
10922533
11405996
10019257
9355123
9621024
8082287
8154953
12434961
7102211
9997198
9592376
10459923
7512469
8181215
8653160
14059932
8623331
8586920
10576347
6657389
12240032
8673610
7948551
9303347
10616646
10657684
11161437
9089851
12060947
5144463
10517119
14379170
10248806
9863834
10038106
9975461
7831796
9539896
10370124
9814316
10654670
8373132
13051909
9728615
11490815
12786492
7987221
5718495
9838425
11384097
5599406
6015605
8492995
12722222
7050327
5717484
10383096
13958387
9614306
10113422
11176222
6778357
8664295
7641188
9327134
6772353
10454650
10668586
6313085
8565009
11382643
7103837
6245489
10155803
7834189
13959790
9075107
9928594
9591727
7479206
9133695
5781896
11441647
10000706
9262281
8179326
9405575
10645445
10821334
10771494
7872349
12403026
7957288
10162390
4635876
11464167
13158987
11698585
6764305
5972573
9065071
11561889
12483296
10254824
10523461
5309493
8840274
12088958
11764165
12777361
9683618
7683701
8229050
9003440
7715684
10613216
11512264
12106944
8642644
11067935
13625609
9280019
13087126
14145127
6911123
8143531
10428224
10083375
8224125
5967379
6405120
9582572
8261645
9285212
7473008
9897861
7580404
10333142
8418923
10801078
10612832
8253984
7463329
6705472
12151841
6252332
10927500
9350405
12161524
8269302
7408286
8041438
10756795
10937070
6970636
7238476
11124101
13827346
8943507
10050581
10865545
7259784
7940739
10399689
11782610
7832409
8854838
11049336
5908232
12582831
12547911
7139783
11163227
9006417
11770979
12626302
5789633
9534060
8911536
11812148
8956944
9922132
6553662
10240244
6805070
8216937
4593190
9185753
11812056
7871080
7720048
9648221
7242070
9187481
5179703
5686465
13750146
10210485
6443443
8916638
5494853
9232648
11715699
11667369
3408218
5693070
7730311
14012767
6538529
8814424
8082350
13076026
8983135
10108655
9020795
6897596
7235520
10999789
7045214
12218715
8947918
9554691
10625438
13995061
9967082
8695541
13862475
7170327
8435493
6393280
5934100
10995526
11266046
10534001
4009748
7610121
10686671
8529474
12686214
15902975
10683550
12075134
10619103
14398749
6979989
6228253
7659539
11356527
7485843
8389137
9257501
11841054
7338612
9066366
9367121
11287475
11923016
9633969
7306669
9880937
8874822
7503454
9829618
10970248
7520812
11887594
12665041
10887076
10589609
10757933
11754432
6285452
9741505
7119413
9437279
12978152
10891960
10441225
7337760
7654328
11629282
11519352
9283943
6005388
8825765
12632010
8104370
9816686
7173698
8508039
11006017
10915183
8831099
5615975
6065643
4932473
9773544
11953364
12881038
11001537
8554762
5859003
12145431
5409930
8232748
7929223
8515211
10308460
7315310
14300927
5955626
12702916
3116962
6808604
10274169
9185506
13386705
12836972
7880949
8860211
11690161
6069751
7990203
7133273
8090761
10602123
10816726
7930124
10514208
7527038
10859993
7085686
2942288
5298771
9257445
9995796
8294832
8338810
4615857
9786016
13609305
12324164
10382388
5155246
12663198
10018391
6598980
6169174
10504390
8580819
9689987
12879549
6760436
11191384
10637587
7537573
10136750
10594421
8173602
11465816
13236244
9435794
4652073
10715738
10824097
9980719
12555157
10633352
13942438
6732375
7619809
10530456
6976402
7685261
7674047
10819806
6789260
9468461
8910136
19083661
10132493
12486876
12815789
14310965
8725075
7332811
9950681
12679413
10925676
13124815
8364407
9026072
12878697
8245768
7798410
5706913
11469811
7613212
6806242
9619882
12682465
9333314
9950900
13769263
7216213
6674001
9248591
9442880
8841185
7942044
10730147
9385974
10807894
10940309
5735422
9006972
12532733
9449295
11968202
10899941
14849115
10182043
11632783
10188845
4441931
9834917
5022486
6793104
6365484
7535374
10470144
9100338
9591263
7662289
8915163
11148159
7664123
8091438
9410560
7868207
8378586
8737431
8167616
8130934
6870458
10258834
11274789
7630439
11223056
11920666
9602773
9587855
6017150
10358338
12313051
15285918
9175789
8955370
7351530
12711112
10820448
9999946
9533877
10237276
8942748
12339077
4185203
8682510
13427348
11802934
7070938
12691336
8860980
7910119
14319122
12173327
3335286
8987949
12406260
7304885
10244831
10454501
7593787
8826584
16568199
8752027
13224016
12609137
4845932
8993204
8056298
10446914
10716844
7477709
5961548
7859983
8121203
8442314
11442090
13732437
8541622
8082671
10393790
9491375
8728823
12036003
10508629
9906627
10318115
4891255
10393091
12381362
8309866
6540600
16124106
9725979
12503940
9727699
8140916
10226763
10880359
10021779
9778845
9695827
12220703
5362766
5902386
7024707
9256350
10611021
13551337
8138029
5786148
11710037
8033371
14660337
17100396
7709571
16406475
5593653
7565360
9709737
11510202
6347645
9804072
9227989
10779348
9989169
11577924
14199811
11568706
7679149
2453178
7922042
8177065
9998637
11639340
11107336
8662722
8458019
8884521
11077410
7707719
13565429
9089177
10255502
9947989
11708326
7458851
8639139
10811991
13178993
10711173
6966746
9884662
9767270
10238137
9870766
10920645
6574474
6994349
10005999
10530976
6793113
8389351
5691847
12428855
9463681
11379965
10547136
8906096
13872435
7241413
7825793
8980923
9897652
10695364
6755804
11063710
7391408
9161482
9923555
10798224
8901149
12622468
7424526
13341769
8687242
10256733
9013509
7685799
7147503
12833786
8842719
13868149
11773658
10963607
5443891
9978427
8235056
10387177
10961401
9256371
9792483
7187434
10263335
4699077
9063576
9135887
11460267
7362814
10472282
10189655
11933579
10267580
11311559
11816057
5897256
8389913
9655457
7718080
9271164
7790715
11447319
7906022
10986941
9745400
8476011
9625304
9589500
8076436
12976431
8363287
10605858
8229702
11171414
13589974
10986203
11895123
6348479
6599556
6159887
11031908
10076339
10900187
8651995
10234538
8166096
7528295
8471680
8854083
8135600
11105201
5922108
11286442
13193405
9637818
7984737
8467799
9277487
8271828
11198238
9302794
14537440
9398867
4246965
7938012
9074606
5530502
13762467
8791534
9429249
12132449
11722393
6867226
6553296
12592492
9197862
12801069
6410830
7296082
11275300
12757678
6449742
7927318
13547689
11692338
12085172
11902557
8042543
6461820
7660044
10725129
8821031
12853539
11750726
9515112
7137528
12341767
6503742
9368918
6927892
9806323
6357096
7625951
12464784
9662968
6617950
8653960
5546889
6380118
12285673
5391326
8244489
7420120
12126896
7132665
9617956
14580805
8522722
10995070
11948103
14568169
10712202
7878858
11496043
10751874
10328374
9698482
6027903
8547403
10823113
10425597
7677334
6319998
8599626
9624025
8410782
12252214
12390282
6001352
7496042
10261103
9539840
9386119
9084875
9291932
11302500
9866867
8760572
6413095
7740577
8464154
9352430
7227636
8140227
9715933
9761865
6469024
9906016
8901945
13607509
9759181
7205519
8428348
17054948
8776254
7854569
5846968
17101318
11921022
14755524
5830258
12131881
10544320
8116640
12000305
9076480
12330003
11162427
8244722
12895635
10948738
9189203
5167652
10050618
12353907
10299365
8168155
10949939
6608623
10260594
11147282
7281886
6671378
8464980
9940714
12916197
7356109
9044609
7698876
8948446
6053319
9336974
9827541
6852703
8816513
9480640
9217889
14605230
10802062
8364233
6467421
9792718
9541140
10839901
9919404
6627619
9674524
14017279
12084153
8205835
13811753
7376210
12208209
7562924
13083160
6240368
11647379
9565399
8503865
6008875
9290624
11169543
7429498
9456167
7788416
7028715
7836502
9810643
9745220
12202205
9181070
7469166
9569710
8066948
11492917
8743317
6742777
10637372
6467623
9457154
10290231
10148389
6300715
7341052
14924366
8366474
7632926
4874054
5933761
11407672
8110193
7176249
5090742
11041046
12118952
13216664
11435334
11371745
7722210
11524885
10904278
7803058
11469204
7767190
9957558
5625398
10167427
7930188
7803386
11030976
10916905
7138524
11033837
13725981
12250408
5832752
7496318
8774708
5196722
7161803
10247202
6349116
9413775
6663630
8899219
10230425
5028242
7633507
5661875
11934817
7536780
13845881
6549422
8554197
10673289
8584471
7935372
10640951
12757544
7095416
10469930
9267946
4269284
11226488
10250724
8961171
7541512
6614583
7246097
7515116
10045362
11582045
11205989
10068194
7217479
7955070
6430389
7655523
8205651
9333224
8199668
10580341
15614032
6679689
8441967
11375061
9026876
4987561
7734377
8831524
7404434
17568166
6268042
11541617
8837575
10631606
8645835
10157335
7266731
8334611
5322428
5935361
8142270
6509771
6777203
10395968
7445821
7713553
6806572
9226083
10335544
9474607
9681197
12415358
7035897
7580098
9958197
14015068
10784072
8188237
8669661
5288229
7218339
8305313
6737683
8564591
7705982
7269796
8606272
10643157
12277451
8177347
5543124
7930209
6450369
10414943
7755277
8251089
7316706
8329584
10187478
6824209
4951138
6665433
9618595
9859017
10383987
13928841
13268357
11206103
9670351
6894609
8986986
11584250
5237739
7742343
5841165
7225902
6414766
11007294
10394963
11323108
12398095
9016975
9579076
11141874
9871077
10923389
8871975
8866408
7715898
9684680
8021035
9042369
10510414
10983277
5851095
8008271
7495750
9856261
5649917
11512269
11962778
8556223
8492421
9492931
10004906
9134062
6018820
8546424
11318860
11367266
7528171
6894885
8641715
6497591
6399767
7160497
8323720
13193267
7565865
9975358
9790831
7814969
8817856
8432166
12014885
13914746
9372526
9800048
8992960
5747968
12618816
12520045
7688344
4929635
11443582
11707229
12550554
7524869
4965103
11967702
9360860
7922772
9158948
11783988
9313670
7453023
6425428
9634861
14317404
13328605
5404265
10333165
8347006
11239148
8805255
2108467
9974151
9664804
9744917
11100875
9294301
7387740
9128986
12602204
9891754
10385101
10841155
8709077
7763093
11849463
6494631
10151962
7205367
5235866
9619184
8210440
7822558
8940969
7438718
12334148
9506342
9508835
17846286
14946721
7090278
5523131
11493452
9571335
10977481
9412791
8302583
7850057
11418640
4456740
10671911
10160019
14825303
10080431
6172047
10749644
9142037
12822213
6490986
7378802
5037997
7701251
9745911
9015777
10088783
11085822
9548125
6218644
8844385
5415300
11781914
5772958
6846714
10151278
5424169
9959845
8381880
10588776
5838339
9351308
10312663
10522091
5129820
8920509
9790563
8758663
9274211
15130257
9028415
12998109
8185191
8081927
11459119
13468199
8207513
10748234
9992694
7213507
8241905
11496373
10568501
16482608
11497473
11639954
9197656
6446012
7307161
3626998
10938177
5593056
9760782
7571279
13429337
6984602
3797164
10653209
8997686
7520751
6040005
10530375
11920230
10182551
9139089
11460315
7812473
9239778
9036973
7193872
7303513
9888171
5265606
13531962
12186548
10394965
13864202
8431447
11093566
13999359
6911168
6175253
7734752
6035575
10046392
8372802
7767237
17333656
14343820
11257905
3395273
9480805
9927599
6691488
6935660
6363753
9746280
9686477
13529340
8342537
7901099
7644711
7194426
11681570
8220127
10795178
7917518
9204130
10096591
7624280
10641756
10744472
10082686
6630578
8688160
7026542
15368484
11086313
6161331
5946027
11311745
9114352
5301735
11042691
10150882
10805282
15543718
12563247
8417741
6831331
10400003
6296481
7977728
7753936
5912088
10851127
10723486
8301320
9684023
7933504
9989195
3138952
8018502
8177745
6299138
10475310
8638987
8308653
11549234
6317698
7348843
5331462
8121171
7113073
10908874
5456256
9554664
6983928
11807883
11203323
9682794
11990573
8896178
14529343
8046585
9750357
13196865
9561719
12684081
5083821
10085264
7489474
10538262
8634394
8646952
8511715
10643057
9525740
7484572
11176325
7258638
6390704
8912460
12158748
9984962
6270921
8554486
9022903
9105934
14842243
5642091
12490353
7181048
11917191
7019445
15078936
9822302
9966929
9164283
9963791
10415056
8667993
5973043
10568771
8753813
11415015
12030744
11899932
8740244
7057534
13550766
8003815
8628313
7534645
12513518
12979147
12355467
8704862
10789751
8465185
6925745
9399685
8135066
8345454
10091300
9357751
9871436
9962931
6658090
7459516
13050473
11024748
14494429
5572589
14172277
8973017
7919997
9234463
9130037
7041955
9308098
9005336
8691163
5198015
8900166
8839442
10910054
8081898
11429213
11553775
9576135
9060223
7130999
6823481
5776199
11233957
15458869
8056488
5962739
9578191
10186526
8910781
5697866
10509408
10050826
10233418
10167422
11581114
6813638
9835541
8589932
4648239
8017123
7814082
8313871
6128113
6686226
8434090
6333151
10491816
13501023
8655663
10284714
8452791
8822110
12751338
8884704
16092942
9992475
11911847
8853392
11418279
13586014
6441491
6430823
13059172
8301253
8367940
11139153
9238846
10251713
10958763
8823448
8939524
7765403
12217634
16980849
10627030
6692604
9717511
12949475
12150218
12467963
6375389
14164427
7756157
8948688
7230798
9872174
10522842
9059113
12465736
9327038
11094491
8865816
11815803
12098640
8784047
5492786
13268713
8753677
6092254
10156244
9260640
9254608
10208688
9192064
11612396
10107026
7345551
7848195
6666551
13299959
12454454
8516108
9404866
12565342
9611578
5933489
8251929
9193850
4254541
4180889
7662965
11016168
5797309
10688270
4016140
8214565
12728521
11402206
13152973
8624256
16437511
8876171
7520473
7293974
12118737
10627814
9818908
9507431
8809019
14050954
7709985
9591922
9161618
10163387
13839252
6536158
7369295
9287646
10100114
8544393
12212183
9981850
11627641
13239214
9744936
10881150
11350645
8088578
7884399
13444425
12135004
5751065
10406381
6882501
6757138
5495381
6398748
8713598
9289765
7747352
9898304
10506091
7130358
12892794
9707106
11903819
11181982
7989305
10090525
12369700
8862171
7142523
10848276
8531577
10284778
12654644
8851502
9217223
7186290
8696766
6425523
11807586
10307332
9799162
12263101
7448966
9331103
12613413
10779180
11298291
10020613
10412854
8526334
11275231
9229569
8775586
9532838
9638919
7619914
13674971
8762764
6918151
10934482
10133999
10885212
15697800
11485809
9365828
10584895
8413853
7386320
6831268
10422385
7081040
9201257
5168244
14971685
9292057
11907789
9579957
5957224
12397210
6458450
9055207
9953487
13131417
6721457
14592049
9293368
8185249
9295204
12421778
12711091
9373554
8262320
8399056
11293252
7286451
7966344
9723537
8729419
13215599
10980953
5820426
9295814
10988627
13433580
10713228
9635021
9125561
8150663
8650949
5971818
7923120
5655489
11108676
9825342
8141072
11289197
9945906
8357028
8857529
9253956
10863696
7308594
10262210
14467910
12000399
4843062
8414792
7216916
7297997
6858646
7325434
6761318
8890071
8054270
7020864
6207034
9827284
9317316
7616950
7544807
5506834
7193443
9343391
8289672
9991093
10948250
9711209
8188800
11084944
11041250
5775615
11190021
6721295
8960239
9884950
6902250
10910855
11327420
9399200
11518424
8292261
11117096
8861700
5846480
10823334
8748064
9576221
8864794
8869488
8758361
9008699
7820249
10516366
9135245
8050651
10108888
8193147
10638606
8484220
9635238
7467772
9845127
10712950
16272760
10147816
10860889
10652534
8834174
16561879
9313609
10070011
7303919
8511879
14333089
5726184
10524849
11164403
9932377
11457032
9598159
11826075
12148887
9151430
8182127
12866998
6241132
10300904
11012295
9394432
10357510
10143369
8288977
9310401
9720069
8454366
6729642
10227007
11758896
13086437
12214675
6726263
11811571
6380112
14765696
7729970
9983050
10464587
9973530
11170273
4248094
8138278
7811331
9084513
6000932
6122030
7641833
7088151
6651380
6514852
13894860
7844536
9954139
11984891
4467194
10526887
5902513
11054233
7321637
11099727
8718111
7351059
12038993
9151858
7785191
11422845
5913008
9976304
9445912
7606978
12897964
8210986
12200888
12896744
10170521
12364877
8709894
10956039
13592180
6597460
10957625
10835670
5863616
9752198
11224774
10252109
17239508
8162657
7965971
10113864
12149685
10316088
6855038
11631822
9736008
7647108
10865705
6495135
11171362
4959374
13657090
9311262
12097647
11682124
13311850
9174748
12133505
7603842
10241998
11609708
9069121
9363482
5583279
7973523
13792219
6145615
9570825
9910590
9265770
8147515
13764650
10744655
8966262
7001324
11652671
11906443
11042769
5866260
10241530
7167464
9161941
9070172
8121090
9179178
6407506
8694001
6468121
11257549
9162364
8802994
5430161
10217061
12458748
8918874
10910156
10404708
12208551
8276296
12589933
13552968
9398209
6076000
5845181
8420921
7724589
10613239
11523019
11249303
7435650
7306045
12840387
2972184
8063150
8393825
12216088
10095847
10616942
7403511
9007733
6182095
11389373
12109729
9150478
8899409
11896015
4562269
9393842
5981498
6853936
12328972
8988277
7074104
8283679
15600731
10393409
9703620
12230691
7477345
4314257
7032737
10780204
9283850
7001835
10436040
11340582
6195026
9168184
3722888
7117215
12783110
9098103
12954991
8504623
8563763
4342755
6549078
6944227
8705379
5358319
8690555
9356280
1507818
9015482
10000154
8917975
11144114
13103381
6987289
8240370
11921258
4962429
13979853
11533721
15933394
11289611
6451151
12281213
9269394
11765744
15380604
7734384
9071162
8384086
8462556
7361082
10213901
7453852
6551310
7799395
9035316
7541804
13360437
8774143
11290692
8749447
9606733
6701719
8904488
11913437
10599561
8862692
10521456
10633846
7805191
5847673
10581370
4945961
8797462
6224604
13887006
7968620
10522173
9052997
4895702
6039387
12382304
9187958
10859315
7063479
8751711
4309580
7302044
6434495
9862461
6912369
11086709
6514155
14640611
11088961
4051386
7662503
9873739
12242266
10844686
8743842
9035072
7706021
9019348
5352884
12341345
8978438
8968686
11043088
6999967
8344395
6071821
9296122
8993357
10231303
9685183
10953958
10116020
8318146
11278864
6886378
10125828
9867336
14025124
9283551
8377274
8601266
8526219
8926686
7811642
10910687
10398678
9003423
8830083
10083111
8721063
11569006
14585329
7940496
7806315
10646767
9358472
9089222
11549139
4832551
13341224
7906884
7535973
8423160
8469127
7807309
8149240
6488075
12638195
8666766
10655106
12515875
14024413
8610942
3536230
7105856
5882596
6422403
10187546
9633682
8724732
9139037
6748336
7592299
8664998
5610472
8136953
11194065
10688087
8587538
10527038
5735718
8130042
9635344
8082992
8362449
6993559
10613793
9397402
9801812
6156027
12314035
10946732
6827224
9217570
10909340
11052175
6787069
4879020
8425792
6201933
8702709
7945246
12133334
13608754
8607782
9005637
7816002
9100092
8047576
12190697
9776943
13409616
9583455
8916232
7686514
11650313
8275133
7006707
13409051
10906477
8122654
12366140
10639945
9898002
13466811
7975106
8277001
15293736
6804843
9858341
14984499
11163831
6026596
9199274
13385729
7601246
6191516
10051882
4947387
9953966
13969337
7287701
9518879
11570648
12729350
8169373
12578564
9934349
6312436
6530152
9316300
8944981
9598322
10469598
12387305
10612287
8017203
8444136
8970948
8246222
7768689
10417024
12803782
7629983
9912771
3040311
9686236
12922587
7577535
8091248
11123304
10621877
9816679
10234677
9680136
8961260
8156618
5111414
6380507
10820863
11967856
9025234
5445028
6208901
8319034
7710726
9936774
5364178
8709274
9594249
8167373
8263227
12385444
6189919
10906610
3998440
9298362
11279926
10198786
12065534
6726092
12152416
6725143
10525152
12663684
13490861
8344477
7588278
8104445
4928221
11577239
7677147
10183337
5773076
11511320
4520141
12407503
8715815
5554131
10303845
14564021
7994812
7588905
8291186
11708102
6587086
12849747
10456226
8630231
10330388
7108892
9034398
7948123
9425726
5171355
9217764
7923279
10232318
14400177
10095662
13439035
8674859
8819619
11996255
7488562
8975225
14171169
10285349
10790872
11360210
8535547
8625034
8921285
13999116
14669239
8931605
11630924
8649036
11298402
9703472
10743711
6890847
9953968
9391425
4726420
7790098
6456763
12590747
7971629
11591545
13423050
13874035
6010780
10200057
14189992
9590693
13055904
13682135
9278039
8316357
7720822
9080819
10991430
6894899
6494586
11141699
9536697
8717307
14517674
7048218
9230433
7824771
12780198
8479358
14534715
10454208
9914671
5078275
7264979
8645517
12220227
8351754
6946221
9501577
10131142
6113814
9423698
10974017
10630569
12020455
9917482
7916135
6490067
10373909
10153902
12267068
12659443
5807862
10457334
7277931
8475755
9815929
9485341
6099033
5945313
11007229
7881849
8745861
10660981
14691702
8884721
10506882
8912858
7977675
5645043
6107768
8759947
9173030
6702050
6332319
8160374
13296946
13524219
10592371
10213840
9816003
10507062
9400337
8755567
9716076
5064240
5907441
9050904
10682810
10422515
12292004
10049944
10939051
7976188
10370002
8655532
8581732
7068734
11650613
8037702
9346846
10863353
11891344
14410300
7406637
9757713
10599830
4433322
6936098
5244527
12368668
6911074
9473427
10591253
5242735
11059473
8094690
7479176
11315584
8526949
7289908
11166634
8627197
9157169
8804618
10830643
13868103
10582242
6921216
7519785
15692591
11832421
8245409
9625152
7181470
8802404
14776313
7912250
10595616
8001103
7486277
9157482
7641762
9985041
12581281
8712019
9297839
9284142
12556846
8840878
11395179
8317374
12172585
10375192
11884779
12940759
6852471
7029680
6828912
10001878
9018789
8442680
7144653
9143920
10124040
9751040
12497909
9789495
5497001
11233129
11215759
10857290
8997385
9368212
10499341
14761633
9515386
14124266
11075970
12209142
12951749
6469819
7084722
11244416
5806422
11780838
11343550
8791184
8133525
13183940
8065456
8150048
12027592
9302557
6495909
13162428
10162056
8595215
8721599
10418639
13298141
5868547
11090824
8625787
8763719
9959979
8035859
12347130
7322832
12071191
10080152
9618009
5742743
9979073
7966121
12292351
12048162
9391506
12085145
9449567
11339589
10135473
9120903
11140606
4122658
8047550
8462130
7497636
7983069
6277738
3577779
9195446
8840146
9705482
7097006
12141926
9346763
7841073
9668517
14826537
8066567
8091945
7966888
6209164
8181626
7749580
8177534
7798853
10499101
6110653
7910633
11732232
7325090
9346046
10355550
12032295
6854460
10306117
6309670
6678798
10868331
9641829
7673065
9667077
13455426
6430963
7173563
4549153
10268063
16796310
11868347
9753589
11968508
12372016
9705278
8239481
8023688
6252370
10616567
11160702
10924482
10546128
11359745
10584932
8299559
8042741
9890029
6736657
9273413
8186433
5649889
6089795
6131512
9292508
10790193
7687827
11928686
9790303
11387572
7733070
10399701
8467258
8862498
9449392
13136920
15234502
8473291
8727282
10084683
12900359
9281985
9044963
7185909
14092110
8012340
13733112
7323409
10593252
15106337
9217680
8774475
9184921
12619444
7066952
12296216
8838696
10823598
9802141
7463112
7762959
8599592
14301878
7467631
13011525
11173612
8249527
10170924
6946375
6864757
8536464
12990853
6647583
5614496
7884581
7826931
9714033
8063563
12030405
10408689
7048357
11835085
6577773
10904956
11646256
10081740
8074895
11138281
9194051
11559286
10348934
12283595
5528576
6877428
9446497
8113712
9469715
10183200
10440100
8134234
10855364
9424262
10329606
8282017
12257949
7571819
9125968
15472577
11997857
6094989
9246946
10198708
6418920
8728251
8549331
7961531
11424312
11451038
10817207
6603243
3226949
7731091
10859925
8128691
8434539
7332597
9067847
8563416
9386593
8980394
5945611
8468060
7685349
12712820
6408247
16870730
8443403
8364892
7289686
6206841
9732699
10587065
7521111
11374073
14661955
7587076
10290973
5929504
11832364
12887035
10414585
3366414
7930515
10139344
9263632
10529656
9257801
13917517
9629376
9796004
11730049
6864093
7623627
15241289
6590302
14230426
14936327
7016667
10732931
11056127
7969083
8838004
9071588
10800328
10429914
10936385
6293228
10322573
9929123
7645541
7714143
8593547
7438370
8775034
10402384
4608787
5779124
10304306
13134026
11365125
6135509
8593125
8381857
10564790
8199854
9785121
10623301
5295058
8133873
13576674
9624223
9982213
7835422
5084961
9606033
9946420
7191843
9545983
8500185
6817655
11939483
11191642
10865506
6510054
7286866
7471052
11412603
6670899
7844461
7708224
9256546
11548839
6557252
12665813
8676002
9615365
9571288
10377455
9765577
6053554
11322542
11110280
7981167
5099885
9788618
8117202
10707984
8271782
6907806
6046171
8555887
9199307
7239160
9349759
8371718
6201785
9920650
4529732
7475614
9705093
10412036
7792437
10863942
11398044
7262570
9847532
6828779
9731841
9642551
11717737
13235422
10406976
10628632
10854004
10492526
7580340
8836709
13782987
9600144
10731378
7700931
8483695
6702306
11375614
7287355
13035052
7823443
8166926
10076334
7757658
13197929
7113666
12860947
7158528
7575118
12700141
9039746
7774666
6097046
9803338
12872497
10073426
8977719
6289458
7787970
11486759
9095571
13577039
7407597
11707421
8347663
5613276
17507175
13396399
6274697
7739048
8971317
7426906
8232281
7093794
10178019
11212974
11123970
9484396
6526681
8828507
9747996
14265632
6926756
9955225
8854052
5976539
10985875
9345591
9858535
10176628
7509090
12021997
10417804
8946205
10392106
11899463
4737226
9013760
9414137
11418502
10646617
10776384
6077400
9344869
10650321
12033198
8930463
9594453
9427023
8910176
18240374
4253919
14312984
14078246
7912554
13207480
6777009
9678783
8645512
12595858
10735035
10527124
12091788
8955673
9565443
11421913
7327918
9527613
11178080
7688544
9056411
7852778
7558011
5469475
7912875
7942360
11061125
12183298
15181309
9304088
10567810
11619745
9344035
5649362
9728971
9678151
7282951
13750499
8875901
8189386
6503044
7148698
7755159
12402112
4944455
8457723
11233233
8304755
11220379
13213493
7249181
9980216
12309124
5866199
12153439
8614933
10566659
10830494
10692137
12236515
9105734
7383305
8813965
8114977
9104047
7992896
12410510
11957083
3831953
12912198
10325015
13860772
6434332
11837692
10412491
10396089
8746464
10635825
10361287
7131655
6355841
10967048
6933422
7895581
5337834
10485925
8336721
6735679
8770017
6048661
11128800
6149608
10876334
7716882
12584206
10416870
9732548
10281479
7613343
13242852
10780129
9126575
4987142
6132703
6652000
10035920
7591874
8034515
8854221
9912465
6554497
6318022
10266149
8237305
8555463
12818292
8499491
13168994
10907292
9442976
6904160
11806245
10447639
13064156
10978060
5693464
1037199
10790231
12628022
6196142
8694584
8566082
9903629
10682791
11887806
11319167
13714899
11707141
13413959
8162418
10609534
8436597
4447944
7329482
12919039
12087964
10599763
17196000
12248828
12953068
4989387
5480254
15988984
9624976
7207283
11981263
10088759
10313167
9171221
11065574
4269605
11828766
8744444
11406274
8933322
6997610
6665472
11892335
12664162
9492268
8793259
7518022
8996171
8260560
10360573
9921875
10880913
5317485
9993425
9922913
11428431
7142903
5890162
6709452
8248951
12112917
10179334
8864446
13111567
11799091
11040107
12748139
10940832
4683485
8713102
10654211
14584925
13140312
10261744
10236946
11118082
7818224
11135810
8364208
10511771
9001110
6831202
10502794
11434611
7719077
7387619
7422351
8572749
14861643
11498676
11556697
8803643
13533777
7155265
13557142
6235595
6526713
9047586
11893527
7476457
8634192
9490302
5026101
9768499
8783532
11883947
7440611
8430253
7206283
7220712
6746892
10532283
13632277
5052452
6366210
6643865
13042826
5773583
8135734
7836366
10031490
7472231
8680241
9083388
5477924
11795977
6979348
9215267
8272297
8155354
12269922
6520886
7261327
6889758
9899024
9203276
10630529
8153722
7423366
14354224
8110050
10218491
9389742
5317615
8316729
7961608
9589633
10786532
11968390
15166152
11304851
14206336
7901755
9941963
1924178
11524986
13444571
10216189
8872923
6812937
8674897
7062327
11147279
10661728
7650703
9959781
9974922
13102372
11403673
8135355
8921953
7187500
7933501
8470290
10143876
11255615
12055374
7313366
8318764
12609222
7166173
10894506
8967395
11368882
9550870
4739235
9518321
9192142
10879700
9832476
7519748
8164866
6354631
7247211
12827890
9741047
10523249
9891309
10420509
6463632
11153764
5903143
13003618
10384271
8919549
11804863
6609445
8402994
9690517
6325627
10133690
10227431
10423504
8499904
6140319
6248146
6111619
10457941
9185001
14014141
13271591
8285758
12647941
9315296
6407010
9901380
8596866
8060560
9432257
6573243
8297904
8733364
9591330
13315266
10396829
8691031
7217386
7696148
6294072
4676302
10504536
8849093
7807447
7494436
5852347
4954984
10744955
10329273
9336526
8194401
11347014
11158372
6138010
9367260
6101918
6085946
13753856
6376281
12870003
7048709
12642731
7947611
9252249
9118464
8206543
9009678
9482984
8891739
14340448
6583022
8411846
9876333
5813485
8965304
10092195
12546983
10900278
7272475
10233163
7062968
9507661
9285607
6397766
8610414
10732848
8237187
8552168
9662152
9889548
12803064
5318199
13735460
13494316
8764794
13831248
9765339
6744834
12241014
9085478
12597688
11612029
7934051
11933167
9749732
9755055
9421057
6131384
8584262
11215207
9410636
4459481
12028125
7694652
10166836
5168181
4826000
12255847
7900273
12043881
9846764
10181646
7656761
4306541
8857396
8096171
8141603
13369194
12817517
7007546
5527415
8156854
6151549
12101994
8162268
12030520
10820309
8173441
5330175
8952283
6201727
10847970
6978289
10959956
9603976
10817482
8168167
8388799
7813376
5411211
8034336
4533639
6721701
10455046
5706035
10031144
14675096
8622692
11854754
8003061
9249488
7735267
13138252
12610695
4230327
8574045
9427128
7440451
9754003
7806398
10427015
9142451
7886652
14292609
9055695
8818111
7837829
6212597
10737361
8727373
7413847
3477748
9994346
7100407
10785217
9294728
9394776
8391372
12660220
12686545
9808038
10405556
10277829
9765595
10463178
11070865
7306095
9354714
10864778
8494293
8254543
14242147
7884832
6162673
6528398
7118706
5458077
10233498
12094928
7581057
10334380
5285615
10750362
11467751
13227532
10384247
8908648
10401842
9019754
11380518
8873334
14030397
11700446
8547604
11844189
9811607
3868500
9102652
10117047
10656248
8468355
11670316
12043516
7026806
9763844
10554567
8096544
9645436
3976605
8039815
5637937
6427335
6595402
6017807
8665948
10839629
11527626
9668939
10792532
11142158
3784079
3779133
8611005
10994022
9113967
9104538
14538569
12108228
7585571
6435845
8951717
8765407
17103167
13554183
12761991
9395146
8636657
8841360
4531814
13321259
11206639
7137485
9347365
8098618
14223250
9990541
8560739
10793279
9737043
9471379
9985892
8734954
11821043
7062232
11716910
6653376
10715341
4544960
12090573
10241984
7841549
10649717
11023765
9134574
9831256
8174561
7473188
8601855
9500413
6823887
8968985
14359730
9221234
9040960
14247433
9976032
8954126
7778466
11116666
7650734
7734494
8821104
12634397
11696239
7944698
4630863
10305074
7979079
10743186
9832437
15103785
10419615
7257247
10000554
6043727
10564365
9592438
17192145
11720348
6909354
4638992
7741397
5392401
5016985
6668885
8473945
8844321
9616681
13307198
9359253
12728272
10979736
12486340
7055060
7828777
5680769
3769789
9328834
11498527
5888697
12668271
11608723
7010058
11558398
8663758
9879335
12049831
14644506
8077980
13681997
9476258
10798221
11574402
11008599
7930842
9092210
11011377
10249916
13230502
9819013
11560278
7828100
4195112
13285488
7078237
14573587
12416115
8165009
4832311
8888151
10038362
10079381
8838845
9803368
8063593
7705905
6159613
6551190
10415596
7353587
4416660
8763472
10440533
7680707
8368489
11953011
10259531
13206920
7654819
11927016
9356265
7012984
14705729
9605862
14326514
8949092
11109878
4993720
15162510
4703952
16027347
9032729
5578770
10705014
10977427
9013217
4952258
8475662
10171928
7382959
15531058
7135121
8512853
12089996
11719726
7105980
13510314
7420551
9184140
13138795
11826971
6459851
10889391
10396794
10756322
11477324
6970464
10167306
7224580
11317479
6176673
9975416
8302373
16832670
12725694
10562030
11480953
10471744
9871340
7561685
8527491
5933215
9849971
10555700
9535475
9732221
8125806
9200214
9335433
9200731
6416728
8597574
11426392
9517063
8223223
4557756
11446078
12964728
11504816
8623104
7612922
9315882
7415360
6839889
10593821
7718406
8684461
5925512
7484126
13049623
10488180
9168310
9115380
12889738
5816223
5837662
7111849
6182278
12697804
10071289
11400869
7692660
10114271
11596808
8331733
10986286
6502206
5227275
5241208
14770091
9612209
9588235
10331201
3391387
13365306
7362748
9676784
10554108
11592210
8063860
8859575
8704860
10066081
10706579
6070941
9370517
10230352
7153651
7857057
10896747
7962465
8794149
11040286
10906651
11935309
9975885
9601551
7804797
12434306
13643384
9695881
10085313
12208095
7158755
7302820
10900810
6009636
8069511
10370984
12916419
9504127
10117631
12163737
8269188
12710053
8443552
6984773
10562420
8052197
8454234
11250742
8029566
8781470
8369433
9466500
10217495
9862681
11515707
8380682
10993238
8570249
11851407
6366992
14436621
6912119
11229147
12363900
8674501
7965650
6668082
6731471
7358473
8694423
12525362
8140857
8214258
9098578
8798352
10919254
6511482
8247541
10076934
9215747
9261937
7108179
6311639
8736086
8193779
10205862
9158458
5540677
9574090
8932532
11386240
9870520
9168195
7544428
9853375
9015997
8426361
9361996
7965100
9061182
9636870
8014898
4086643
11722721
8471799
6146847
12592240
10653378
13103470
7120805
5951629
9299040
10645734
10587070
9030594
10832636
11334756
8745730
12773059
10962230
14783004
11115691
9292202
6616956
11603638
7478123
8440217
6754316
8727420
9735266
9552438
10319291
9162026
6587950
13929458
10457148
7306986
8277376
11797493
12772416
9282722
7636077
10913647
8472517
8724095
6753925
14631861
10212694
13759172
9514945
8767512
10102362
15777912
6735759
7868905
8545255
15350939
11158155
13244579
10708438
8885889
8355137
9327387
10745486
9034418
8802873
10323339
11503942
6884971
10733446
10092005
9643703
6389528
9793565
10349561
7628830
7824251
11673025
14538579
9510398
8397649
13735250
10010064
8321052
8748104
7259996
8261029
9210969
7616903
12933240
11160590
6305644
11039920
12938827
9891091
11607616
13772243
8802520
11786864
10351693
8945202
8765759
4282661
8412768
11199370
8342557
8938904
12131962
3989690
9696731
8232083
9874811
11410840
10988094
6734563
9614062
12105068
9939560
7677870
9651562
12137592
7527217
8163557
10102478
4663560
9673561
8198669
8653846
2636219
10960637
9745718
13216615
10811703
11867021
10176590
9665901
8385781
11941420
8809524
11589250
10993173
11274466
8221462
6670764
7742576
11845375
13616791
7935266
12553157
9108069
14128572
9217795
8427059
8112429
10532702
9543752
11272649
7449955
5998619
9997187
6327437
11384571
4814755
7849148
5281211
7688033
14143658
13350624
9406633
10013958
9363329
7504488
4702196
10678040
10802432
6635501
6724744
11375300
13184947
9223153
9819563
9956183
7414687
7956440
3435104
7849791
8835542
4707349
7859840
10673928
9728304
7877745
6708666
5151721
7993246
10058836
3837925
8339723
7123308
8496343
8738231
13512008
7833318
12086524
8709533
11292713
7006749
6228359
8796284
10847785
5373950
6913662
5079199
7843185
13886409
8397169
8718394
7628636
10520226
10468568
5520326
9247000
7595293
12102432
9315953
7796396
13322982
12396938
8373234
9461978
3768339
15487979
8830139
8320576
5552673
9024861
10077797
7800694
9727555
9868308
9720373
7796781
8772790
9125832
9328823
10317886
14002401
11526384
9678899
11553338
10791119
14369054
8438234
10048929
5198096
12386374
10834950
8869773
6406074
7867278
10831493
10078132
3562625
8162407
10583030
11791825
8497241
7356794
9186986
9066328
6570743
7175059
13301504
10761070
8713365
5927490
12235409
5060266
7610343
3263796
7587318
15612385
7829974
6362021
5879864
12697266
10201592
9809857
6422753
12507544
7238191
6413764
4592977
8977877
11315614
18907478
9657939
12093758
10012548
9750767
12113708
9532565
3235870
9249646
10643141
8959420
8763641
8348964
11450275
9877696
9741277
5770416
7882833
10831332
13155815
10951438
10303442
11546530
13531295
7582406
7932823
9953998
13188465
6454738
11818717
7273559
9785759
9572946
11112674
9002564
9436368
6126579
8422153
11940875
11664197
8338956
9534395
7675253
10084643
7071983
11475281
6756006
7912163
14698951
12149766
9735272
9966070
9221511
12588333
11875134
11958507
7504668
8108698
7459302
7654903
9347517
8830372
10379379
12204801
10626416
12783887
13367916
5412815
8817371
8721002
7153347
7329241
9776466
8488378
7931383
9305005
11490221
8498864
10442464
8793004
7300433
12429966
6918395
8707510
11100177
11230480
14253574
9455954
10423538
4808226
9382108
10861904
8722526
9925651
10562438
6811223
11090995
8469463
8655050
16894772
10533796
7605250
7707703
12735583
13717054
8781699
12843576
7520457
8600849
7885071
6624539
11776184
7573744
8638824
8362761
6847692
7323970
11191501
14676627
11448926
10958561
6636500
9392672
10344274
11725940
7327660
10123329
8810440
9532286
6031524
10050724
8054000
7691022
9747049
13974335
12225880
10291641
6459830
6914663
12683547
11974247
10707870
8113770
9313509
10570838
13411296
8780461
10047423
8503787
8514734
7449795
7054594
8874382
11377976
11458758
10125194
9633097
10200043
9812025
8704947
6946151
9348085
7527990
7176400
7606967
15473540
9030566
8968792
9132048
12753881
8948811
11502023
7428526
8111462
11562629
11283615
9198057
5871000
7997097
10503671
11034074
8037652
8532156
10846657
10621743
5300493
12118394
7399593
7937266
13869937
10156304
6543352
12190615
10207603
6808411
11047130
10052454
12931304
11395220
10233880
8204450
11098448
7773092
9850447
11883332
8200732
9324535
6752802
16187340
11591900
11622795
11584938
9094051
12629479
9760597
7782217
9802853
10347121
11515712
6948368
10434503
6621503
8448754
12565890
12861337
11858298
8579880
8493889
9115522
10352500
8093890
13038011
10361261
12949814
8892986
10599365
9976673
8969030
11935466
8222866
6879921
8730280
11338459
11457118
6247630
8775753
9077182
13349543
5859334
9941598
6215684
12495300
13774935
10245580
7355798
3883364
6767283
10209819
11407992
8353163
9460956
6004525
5412236
11038487
9876883
10645473
6023591
7679428
9142183
8259271
9465117
11563683
8026704
11078605
8806048
8058575
7744919
9068353
10304401
11763067
7943468
6969103
9626310
9633717
10397034
7442135
9662177
8361937
9380513
10612891
8333533
6823091
10383473
11508009
8511573
12654170
7480058
9824336
7460158
9505695
6726208
10755648
11207355
9821679
11003931
11496852
8969250
10340840
8680770
7262784
11948260
7231314
10240071
8663302
10552296
7417007
10504265
13908585
9675233
8158105
9863986
11144148
9873419
8253766
10218550
12467923
12077831
8925649
6016331
7084000
8876130
11133515
6910456
8050904
8471763
13185860
5128451
10206602
8756485
8490647
9634109
12481461
13302956
9273203
8996459
9337537
12692185
8303457
11466678
9181587
9409928
10888440
5955424
14459417
8293579
9150080
7982692
12943374
10163184
7051847
8981341
11156540
10499126
12872416
11067700
9644744
9343932
10370486
6851598
10198659
9875506
10114520
14625650
10615014
9603955
6774711
12053933
8994323
8727884
14541877
8932305
8388262
2952579
8872957
12393264
8049179
4685238
8451686
8668114
7977201
6656319
6305713
10781588
7840135
16712052
11305144
11246066
6382254
14244181
9089605
11043864
7553554
12559689
8102129
12362785
9038048
10310457
10235570
6062404
10972496
4520018
9795218
6233062
10591240
9990916
13739308
10388713
6013940
5400650
6599914
8582918
7063898
15666094
8390840
9120405
6351531
9018468
9928606
7065840
10484272
6684727
4976312
8101867
9530725
9402371
7918742
9853857
10032131
11322583
9526084
10775132
11794820
7479513
8116206
6817897
9862055
10725872
9574387
8367638
7757919
10727116
5945233
10347857
14209473
9725183
11930081
11182486
12120211
13007194
8078203
7153999
9883832
12765718
12517502
7971537
5634862
8909199
9078025
9957640
8653218
12159836
9074919
8814982
9757116
9005627
6760606
4835320
14586314
6413803
11185145
9342477
12823583
13058194
9697151
6715503
8553244
13278723
13068516
11242507
5682032
11052563
7624795
12233574
6347145
13308919
7611567
11020593
14508215
6309175
10205845
9913247
7467161
9572306
8811006
11251728
9369588
7803002
9149033
5178802
12791447
8479778
6882921
8410261
9596972
6988989
11297086
8556068
12059195
11429721
6428402
9219802
11698486
6275502
6910840
12622988
11101995
9203387
12920571
8995424
8875476
8385122
14220553
8254061
12257300
10666367
6668402
9290279
10750639
7026532
15926424
9877511
3288867
14665008
7444897
6390303
13663711
6472439
9397526
6719663
12421160
6897038
11437350
7866962
7916178
10404058
7689956
13371238
5412705
11834335
9320766
9511700
8418744
8574087
12814827
8926707
10998495
12044433
10518747
11882629
10595021
13035896
10300040
6710042
5814376
8446820
8983452
11374742
8077437
8337495
10832161
5515961
7773816
6605005
13915820
9780494
10581379
7454947
8944969
7924149
9218654
12771785
12857026
6899948
7349995
8091562
7493760
8430791
6980333
4948568
8487153
5398675
4285146
8115284
13003238
8666330
13788470
11053410
10607376
8737954
11445778
9251472
4826501
11667459
10603978
8941744
8003635
10348211
8589517
7637487
13189903
9482034
8884322
10907928
10295208
9530255
9232423
13187773
8691270
12342326
11641833
9407205
4650343
7996401
4912197
8896285
14315709
9334817
8870204
7578051
12226657
11084583
13709105
11577929
10540803
8810399
7255117
11629978
11620517
10721506
9937466
15114749
9195092
5424702
8531918
12201132
4375711
7464377
12346936
13430597
3933311
11401999
9230240
9733689
10018264
10546022
10783655
11030619
11090469
11975725
9749398
11405224
9326325
10659377
7291678
9855481
10724135
9797650
10909435
6998389
8765562
8315907
8815238
6015142
7540714
10902815
6364069
12797065
4874222
6842304
9763805
8026390
10891979
7792046
9024737
14504523
9321545
6620281
11758051
10174661
6140477
8251930
8331958
10263319
12273603
14452521
7699767
7498275
6548607
7382795
7654786
7201543
10210657
13659894
6436266
10332112
8977497
7485660
6949459
13700465
9940868
8167620
7769429
7492763
8353697
9249059
11707317
9244853
8824794
8182694
9034368
9117531
10781274
13583227
10740741
11108870
7397314
10815932
9861817
11103014
8097741
10197770
8832695
6372994
16223531
8600839
11208857
11605526
9349178
12127541
8395712
8738257
7604512
12901032
8627582
11333499
10687340
7622790
10472163
10644065
8275688
9251210
8341929
8541226
4676079
11781802
9657442
9201445
9443735
9542665
10769328
4582823
5717980
9992187
6681801
7351875
8412046
8855705
8642782
9744075
10113354
9902812
8559174
7448766
9387470
8394631
11732079
10930825
11713715
9753445
9919520
7078684
9572647
10268560
8199686
11344947
6956473
8840130
13281999
8666838
6011549
12353457
7996325
7991824
15864018
6105899
7400865
6606684
7291488
9227736
11902318
9110916
11029900
16421156
6651917
10582044
8305264
9196897
8473041
12380204
5667183
6851832
10170520
11790679
12852787
7586303
13484018
7424036
13543216
10154339
8271645
7547917
9951537
12080329
10462981
7454613
6750022
7228960
8648717
11299564
9498357
6529831
9656428
9442724
7046244
12080809
11491841
10753526
11930310
3214756
10370549
10895758
10465594
8927555
6244192
7333241
8103120
7751482
6849721
12187516
7107345
8570190
11635145
10158192
13718260
9296970
9195809
10630140
7837086
12403426
14006308
12793687
13795824
7811131
12167778
9775384
7476627
7249133
11453602
11160836
11344557
8765640
9977133
8635302
9273284
10851837
6814192
6901970
6876979
9177076
10495214
8608927
8728263
7577510
8993637
10368741
7971595
9507330
10010116
8675930
7739796
9729020
10970394
4874894
9807837
11258974
11443098
9666999
10290710
8723017
7966191
8115543
13057149
12512502
11213036
16885990
7997416
7093379
9611840
11141975
7405691
12889788
9991602
11340221
6529467
8068439
7852243
13063014
9055057
7855710
7509814
9603801
5142259
9877722
11351760
10764625
8144627
9542506
9379083
10090149
12812042
10766726
12161047
9379465
14580050
8529959
11521325
9111559
7671493
8666693
8553595
11184067
7219984
10562235
10208647
13478028
9980661
8864487
8026148
7470733
10137227
11197921
7301420
10108946
11590582
6610453
7948326
8989571
7349755
8728747
6743252
9782344
8465529
9604309
8854358
7300768
9506275
10790772
6734755
7922441
10729740
9324726
10082549
8690738
12520438
6676801
8335591
15900906
10566069
6694045
11601877
10629028
10229425
9289061
3612835
10228119
8346464
7951057
11542860
15279235
6605888
6329078
8802740
11915298
10025211
10094138
8453034
9851365
6367989
9255935
9823278
10180261
7775352
7821068
11191840
7927534
13014403
11630882
11745859
8704795
15421085
8657089
10878436
10183476
7763474
11652198
7848220
7009937
10965306
9596938
9408528
12664317
9170577
7172699
6286923
12168586
9941182
9447983
10232653
9387875
10799276
13504742
7736038
7497796
7287380
10978867
10297193
12687545
13961338
6387286
11231121
9835980
8841665
9347147
7673028
11967326
8011515
12646220
8945800
7493374
5578502
11051385
10273830
5960569
8651160
8724446
9119599
11470053
9299735
8459205
5284412
7194505
11387430
7540219
9517806
7826030
10802291
8611230
12281359
8447604
11821882
10900651
5404648
16272430
16690672
12757867
12869913
8072667
8993364
5394981
10597205
5359856
9888481
6198902
10529491
8149123
7366157
12563493
8738212
10142574
8198158
9843872
7662573
11266557
7048782
8733614
10673948
8789182
7094499
5822490
10145830
8513363
8831196
11238795
5898026
10336918
14213978
11951206
6068876
6310899
8700388
7364215
9129856
5045397
9584403
9762149
12811919
5377367
7621800
9344662
11738532
6620135
7751708
10272541
12982577
10605274
9021831
10420107
7767249
6993456
11374920
11244739
6078732
7557270
16481289
10723111
10579341
6862134
7722713
12086240
9033905
12452989
11774312
10318279
10495900
8116605
10557231
11467177
9411341
9683327
9086819
5710388
14468469
8564271
8360954
11430870
12869832
9322633
7137719
7673650
8099069
7552008
7733982
8017256
6830193
8012443
12814828
8636103
8147575
7363621
8940395
10351333
11157553
11533139
10250695
5313084
9724191
8909844
14200018
11055926
9260546
8672516
12068804
15830113
14393584
7532759
9341142
8289587
9597402
9345410
9548078
10428981
8650385
8402946
5985294
9338620
13306050
10744456
11751562
10241479
7382523
7949059
8309828
8679267
11342936
7418863
9173740
6834406
9787680
8897405
8608551
6219763
10859326
9530336
7321805
11948450
10607735
11133312
8939094
14652756
7977207
6727444
6164273
14025706
8768394
8833465
10393948
9883220
12047769
10206113
8670022
8979940
9606941
8545125
7590207
7244157
8950665
8915386
12509301
5519970
9977297
11134596
7695051
3327064
13443006
8130182
6296123
13231861
9362647
9670072
11331623
6613814
10946047
9180543
6255459
6456395
12840066
9483658
10067949
12010776
6324015
15108708
7970426
10718777
6714108
7330515
7522092
12397011
5683231
7286738
5257605
15177106
9338817
7649802
8288854
5822152
8516519
8200635
8465368
10810129
5690697
2937343
7724482
7273225
7186634
7096874
18415786
5508981
6320794
11487694
8690314
7487249
11443502
9617004
10338247
8659124
10794991
10659395
8666644
9264910
10341326
9828340
9914753
11350026
7646712
10389920
14608750
8874686
6150017
11017677
6453328
10512040
10299838
12230747
8433620
8198314
10296297
10939621
11812468
8637693
9716197
7225407
6902222
9533648
5148975
8125817
10084660
9306451
11592984
8349143
12345287
8052600
11263018
7092986
10891264
8790287
6175075
10087888
9074042
8507894
11231393
13344387
7209262
9600410
6463953
9348729
9269109
14037957
9017058
6649697
11181812
10558853
14532221
9554847
8932179
13925728
6443673
11293395
11247215
9837822
10178410
9198314
12460210
6096211
10734607
12268318
9391005
9990088
6813859
9625684
8026678
7323370
11507865
6957864
10326685
12978292
9944154
13696594
11645187
8403725
10619925
7233680
9077366
9998442
7430232
11619859
14693189
9998180
9983342
6448888
10794445
9940696
5531241
7748839
7509203
11370015
10524814
11390418
9981669
9958586
8681238
8859214
10790742
8071302
5667486
10118663
9941920
8480609
13998860
8119701
9030061
14102908
9288210
7957675
9030465
9218445
12011244
8535504
8657496
11384224
5492527
8735745
8195689
6576033
10183694
5940431
7803220
9058238
7251016
9252479
14607631
5464199
11651533
10367491
8352792
7884674
14460229
11339190
10994403
1655727
8756332
5957093
11967766
12944207
8723113
11329130
6686960
9305595
11308817
8792374
8782554
11234259
10657763
11294938
7450721
7580977
10515510
5653130
6062444
8181661
11628217
10470414
7932230
9419228
7483082
8594576
12401204
10005005
8216015
8524469
6762299
6740382
11369935
10513052
11778120
6530103
10211430
8864246
4215908
7761818
8702723
5495457
10838737
9790228
8766458
7050504
9138180
9960106
10273583
8367142
10162154
10399377
9406439
6525467
6218577
12723840
8932657
10307694
8722155
9210228
16108729
8053407
8481283
11895344
9779080
6242159
11656531
6208362
6487024
13118740
7456681
2924828
10073299
12056394
8919284
11678747
6980503
10805965
11531923
13244370
8548921
11593121
8870272
7871567
12405836
15338182
12221319
9041491
14199006
10888351
4093321
14833457
9410596
6631733
10998746
12329216
7159105
15272973
10459630
7705607
14708877
7798153
9119071
6627554
11336618
7846568
12545065
9700055
8939241
10513037
10204315
13727628
8358462
9649181
5592737
10491646
8519992
8433148
8097331
13021024
10926954
12181192
11883116
9900585
9322085
8995451
7978560
7906026
11051658
8342148
8938683
9850716
11222839
12171412
7925693
8507903
9211188
13787388
5457022
10221752
11045971
9035483
12548863
5881408
10014563
7945351
6565878
10011339
6134050
10785994
7724888
11459955
9546660
9906346
7738281
7461839
5652815
11047323
7638704
9177381
9748713
7819734
10389093
8402255
7206735
14799256
12341991
12435152
6348791
8228707
11680876
9946761
7653099
8443504
7963852
8189246
8860389
9966905
8054356
11824324
9493186
7938520
9460084
15081486
7281664
9558892
9096948
6276292
12528918
12694081
8700008
8894022
9181502
9879972
14467301
10425139
12184631
15296213
5876144
8418296
7220087
9688113
7474392
8678459
9479035
11211075
10383842
9164078
13681789
5103253
4038724
13147986
11989507
10695376
10946206
5652532
7622165
6033509
3859909
7247228
12984453
8648457
10680670
7835884
9259231
6471750
14729428
3732782
8806948
9514585
6308325
13774189
14004896
7474124
8027471
10385122
10114194
12626304
10138783
8614064
6097377
7502406
12287806
9059710
10808730
7259551
5254261
7988926
6586800
7406166
11114741
10525645
8122095
10606383
8787508
12741819
10670454
8204917
13466216
8963454
12827692
6195042
12190624
6764916
7809374
6324365
10508335
8281113
9245240
6618006
11695873
6066563
7081500
9741188
9109128
7689805
8766522
8031595
12774011
8596671
8828091
8531139
9299194
8324465
10175957
9329281
10347412
10800840
10992092
10979947
8844656
10572945
7522675
9129132
11706624
9699247
9616349
4250257
8729984
12281935
8748806
6214599
10185630
5421699
5608550
8950377
9369193
8087172
5792830
6766682
6771205
7527115
8432285
5847802
10535346
8231545
7303129
11475966
6921143
8014770
7795395
11448787
8447164
7122482
14213691
3163442
12912494
12107473
8976175
10712905
7421036
3154805
10116053
8933870
5034260
8514083
10146336
9781897
8488111
11389611
14651522
9446049
7389555
9433617
8818182
6764014
7705722
8350153
7848476
14010681
9669938
9475822
9215787
5768971
12342506
8904517
7714300
8400700
9355214
11707650
9264210
11225764
11657294
11956661
12714053
7816238
7937138
6287611
12904983
9933893
9339482
9129034
9745403
7496081
9593898
10501202
12170423
7656625
6191334
10326471
8872317
8069616
9347450
8839529
17086609
10101300
7416884
13329910
10789306
8481960
7099001
8022381
8450525
10959393
11972477
11355169
10223742
11423283
12063855
9579015
1023673
7126294
6505531
12975740
12249959
10137079
7573880
6278191
6420156
9179949
11570809
11184217
12020883
7053343
8919643
8907493
7959000
6404927
9578039
9185696
9193760
8616075
3743742
8247352
9999714
5027860
5760869
11818631
10539320
14978983
12721081
10971007
11352354
9893064
15916256
8401342
8908996
8679711
6945234
12432277
9911275
9051567
11672263
8152724
9509653
8532770
7948643
8730963
6721294
11302174
12612967
10421405
9235463
12162383
9882595
6629147
8386405
8708914
3824177
9450889
10752995
5036115
8846450
11325394
12867344
6831798
10697731
11391324
9012034
11155826
10957595
6964831
10688627
10739749
7713628
8069816
11186555
9919668
10097344
8231415
7116204
11301994
5880098
10178330
9736585
11071489
11662935
12090642
9999819
8419536
13079166
6535581
11436921
6679283
13671397
10638019
8751166
7233971
9609845
9772722
9147743
7124693
9303878
12196554
6076352
9241902
9532891
11532949
7226890
7402683
10661288
6560770
11772314
8231121
9465991
11351173
14023621
11729212
14323798
12472435
9934962
11577929
8544568
7692230
11524281
9971734
8460336
6260624
9681883
5820646
7298240
11292838
10925116
10946476
11507834
8698366
13461154
9259285
9485760
11933231
12313404
10214575
11431342
9020910
7375470
6874320
13053101
12911187
6320516
10966760
6300384
6136023
3717656
8960006
9967923
11407307
12077517
10429733
11528890
10543633
11351571
13377075
9034897
8761263
10611426
8996578
8695932
14070372
8964593
5655797
10486273
6974549
6099482
10057019
10929589
6309856
10968406
6867418
6099525
10120923
11260649
9517448
9425795
7828456
13123869
7935486
8837261
3828413
11037654
7227758
5839317
9130510
7497411
12576253
14921976
10362383
10966316
5356947
5507922
7035826
7881453
7111272
7124072
7114333
13355752
7189085
12179724
6443230
10341554
5384267
8373920
6723753
10713707
10823675
10563546
7097661
11067550
8138981
10413754
6251870
9529961
3565396
12287528
10335145
7679729
5935128
6126866
7266790
10853803
12394437
8163481
9107966
8188692
10124197
11724238
6763096
6456289
10850327
7288067
5557521
11602069
9637030
8245461
10346992
11016639
7848842
9337645
9062590
5463575
9274617
10927574
6503930
7881018
8251456
8081274
8051147
6865689
14047835
10969341
4986720
12026027
10248602
11557738
8005685
8780023
9830003
11397942
5220217
12132554
10132066
9478480
8174112
5816581
8237484
5425874
11507714
11331026
9645639
9932296
7687504
9587611
7376531
4125510
9370364
13050744
10003066
3639781
10243182
10473608
13627569
11438248
5355297
6661729
10624230
11009121
9131307
9475443
5883665
7398486
9909941
5765874
12909282
13237196
11471516
8490974
7520807
9039599
11698639
10975269
9571653
7225527
5687435
11270170
7677012
5126530
8451649
10922869
9126440
9164051
8353427
13714503
5073708
13123972
9471862
5364017
5900754
12430128
8711827
11486151
9674082
11677328
15130452
11295061
8357926
6337464
8249230
5885079
5503701
10938365
7506281
11698475
13491847
11663860
7958882
11689720
10234334
6847851
9278807
6721176
7867888
8921142
7111597
10448107
10887576
5091888
7463679
11923055
10061050
9713590
8461129
9140160
9030846
8351077
7028956
11015781
13369327
9387907
13672965
11271948
11690833
6574354
7413168
14329379
8414412
4228250
9159822
10294458
10286482
10885714
11491433
8469228
11445021
8863120
6315516
6558875
12663157
7832222
7774956
10545176
9196545
10923983
9042785
10137772
8843330
9372172
8916479
10155730
8800710
6167930
12103082
9510480
7301576
13844300
10330066
8817572
9624312
5474891
7220807
11153315
6926186
11550835
7146091
8757002
8080457
9513179
10739804
11339359
5247920
6396638
8532762
7849249
5669693
9444567
10760548
11061521
8457463
8804150
12579616
7723123
6455194
4617159
9962313
7207730
11411784
8610198
9770611
10522125
13065005
5431098
10151482
9339928
9014195
4547378
10424332
14002563
7265156
8818969
8983870
9390480
6324450
9284929
8040121
6721350
8794596
8534062
9232976
6422280
7715433
9836600
15464645
10312902
8167007
14473208
4579403
10825897
8125183
12514328
8851092
13860461
9322753
9503194
8147581
9973612
10264704
10284012
8699308
9930696
11900210
6878315
10248119
8579640
14445366
9007996
6346858
9610472
6491148
9784233
16981155
10443946
13311706
9096819
8238652
11968917
7549387
8378334
5638040
5755505
8921192
6397028
10399138
11810876
8122900
10012649
11739027
13193462
9184674
9189940
6251388
13119200
8733058
9919805
6842998
11359776
11325165
11059242
11399779
11140558
9638605
14366177
14711780
11760434
9492340
12610712
9104028
14110988
8690189
5892875
8610621
6445363
11119209
13506156
11180153
7998688
9438176
10473516
7751959
9899356
8598426
10126601
10745235
12655567
11741328
11020649
8345086
12553151
8715854
6808330
9874934
12079804
9251428
9374289
10567560
7423012
7772604
11192735
9640965
11220013
10872298
10858402
9613482
11754361
2676094
9965350
7417490
9149983
6628712
12081002
12710866
9498752
5529937
8358807
13075191
10957080
10814446
10339808
8188800
12398709
8991002
9798292
12228311
6549567
10679541
15634968
10523602
7304337
8006051
11280227
9197092
7486080
7108490
8671007
8419684
8872470
9513172
11620036
10779071
3129601
8905330
12137883
10907821
6881583
8917099
8374904
8974221
10823919
9795224
9977396
3377480
12720258
11834322
8658076
10398989
9081796
8839264
6740091
8997706
7963273
12868460
5107639
11289784
10998980
7072421
8596618
6889385
9241280
6217079
9386946
6570032
9690318
11946184
10702585
15726506
8511166
7809726
7369428
9269137
12259731
11971725
6140992
9940886
5836576
10120838
10822898
10881630
10792457
9880082
8513599
8902291
8886749
6648270
9058858
10000885
8205520
8919604
7681995
7186195
7226090
11652348
8296817
13360720
13060710
7221241
7091842
9950425
8258502
9477923
8506769
8750533
11832634
9849039
9135670
8849578
9192702
9825407
7824295
10618153
9625497
5958035
9204932
5566167
13230258
12523113
5267045
7967633
8985304
6345673
12045386
11375930
4984544
9894238
11125946
10303426
10680496
10235534
6952884
10644097
8202470
10863446
9987548
9841109
12228550
8320871
9794297
8725898
13342170
10449359
7595652
12721855
7709994
9927218
8205169
12233532
4967910
15206059
8868466
8421563
10776992
9922508
6694902
10910324
10951208
11290080
6075809
7838938
8965435
8703934
11696714
12177662
6918801
8779147
8954955
14101064
9294639
11094944
9107856
7996827
9527646
9941118
14766922
5645355
14333640
6513699
8892655
9036969
9759558
7436448
9437764
12651063
10045455
10073279
9348717
5989974
7533023
4769732
11210865
7490986
6437141
12593824
10046574
6989323
9868172
3261632
6377410
13169123
8868468
8081605
13221946
9260453
7770817
10034576
7809276
9330695
8371515
10641894
4928345
10854228
9369048
8655511
9082332
9913825
6392076
10195934
10937712
8299677
6912895
6393878
9173044
14404353
10887786
9284789
10430154
6160409
8560265
9565347
12686685
9272671
9398896
8784231
8036223
4890554
9401105
9332146
13840256
6261835
7424924
4828607
8496508
6951164
10345031
9292922
7811072
12302063
8654156
7508469
15171799
12680282
13219611
12052134
7874544
8783632
7230356
9052422
13221913
7209806
11417835
11350267
6492995
5709197
10594349
8896314
12110830
10174007
8213820
8454804
7901063
5248909
6222136
4415123
8867285
16859149
11394613
10453466
10710182
11835609
8433099
12656337
8824562
6918282
8288115
4973087
9409035
11593912
8191262
5626700
9314731
6909334
7891322
15744314
6980008
9165453
14798881
10254593
5216181
13389236
7174428
8587312
9786174
10784593
10960688
8035844
11292682
5340728
5594234
12798266
4451334
14714227
12199145
12402003
5894551
9089937
10363935
8155341
5700565
6438560
6057937
8094309
13640357
8629373
10720482
7926821
7973490
6888110
7238139
9318879
11718221
14259523
12872127
9618964
10118845
8721984
7803079
9349216
7962880
6870630
13642531
7936396
5510230
9512944
12177307
10380496
9027214
5387856
6641649
8489917
11871134
7799678
9257037
7202116
6744101
10890559
8433872
9291681
9343179
9498499
10279904
11316084
13276341
6122807
8987810
9935192
14593132
9974710
8858994
14015336
11459638
6997657
6770679
5543266
7593014
8216907
3893886
7472345
9214914
15972017
8850801
8067997
9619431
7650284
8878300
10682529
9570531
9852229
6463793
7021808
10181192
7811748
8894557
9144451
9068839
13708467
12783686
12566660
8765207
7458432
6380915
6700140
7116705
5522122
9782392
9299665
10877940
7448032
9566542
9242935
7175697
11151879
7535461
3155297
7946256
14130140
12804970
9914491
8778282
10304079
6622137
9032128
10707894
9020282
8762096
4510790
10710151
8117677
11063187
12314296
10897659
6122579
10680259
10970506
11513072
13515186
7983499
11919760
7393539
6254948
9477012
9444348
6611720
10071732
10492618
7479031
6760725
10491385
9437335
9959987
8522687
8843019
11744886
6448755
10746154
10857986
14229961
9997768
9494343
12536139
9495377
5311720
7348630
2770312
7671200
7812412
10551934
12600138
9427501
12653329
13209581
4910237
7159329
10746952
9529200
11109965
10034014
10004567
11704258
11637120
12852768
9079608
6390281
7714478
11728435
11339499
9501438
5162814
7844021
9973621
10475024
8085007
15055318
10216452
6605055
13583304
11959825
8543368
8222228
11727923
9630508
8774980
9859868
11071273
3948524
14084016
9561827
6242206
6764038
9825653
11453506
7380593
14777138
10582535
9791000
8629951
10271246
10174802
7000708
7374124
6141917
12788488
5590990
6971623
9327667
8653243
12606749
8455222
8989541
15883662
7817347
8985562
9799635
12421306
10671061
8228365
7705447
9747984
8173872
6444832
11022383
12567055
17007693
6322126
13262445
8340936
10301452
11908799
10712256
14092637
12167910
7505087
6412274
10356185
8147433
6187224
8384574
10713873
12213380
7501819
7535071
5275004
7215357
12079254
10700495
5972611
10610005
7421635
5169704
12323353
10817220
5778267
14151599
9169363
9997671
6505715
5213954
9360668
8204696
12276530
12699441
11882905
9575989
12729905
10804771
9118943
14829442
12046335
14165606
10392083
12782939
6811894
10463902
10127277
12250893
10528864
9005291
8536228
7607540
9558119
9094921
10109110
6402663
11306343
13068457
5863389
4828144
9002014
8171709
9738155
9670327
6340073
9441938
8988033
9379949
9870278
13217969
6558680
10611642
8960744
8242597
9750152
7875302
9795945
9773444
5760180
11719249
10874745
7446021
8673519
4986880
6548934
7493361
8212735
9688836
5393423
7227968
9314918
5479616
11754832
10810339
9428853
8524656
11304606
8680133
9543362
10795090
11975943
8073660
9188108
8428013
11655411
7759059
7385767
13127638
8565860
13650879
14739694
8557401
12607527
8459914
9687409
10284202
10001870
4999940
5834877
7437612
7220715
6995433
11228726
9819100
8824844
4895180
10628376
7933233
3991625
16535229
7625621
9845870
11157112
8662163
8187387
5723936
14817883
9731191
13817819
9632776
7940525
10484334
10410209
11653165
10032123
11830577
6015893
12293992
13805344
8655598
9101569
8134575
8914972
7622496
5806912
9768213
9261806
13154449
10172733
12175496
9244633
7086504
16200333
6076903
8776329
12069583
12423787
9936924
8827569
7054943
10898441
10459978
10594753
10186561
8264263
6702260
10429411
9547848
7731258
5068035
8820901
13661134
7259358
5802556
10444565
6483785
6764838
7882665
8584410
7895031
11429870
10651956
11386793
9559492
10442087
11442566
12591413
8600355
9170794
10637972
11768635
7579083
10855074
6289103
9336573
8323072
11612756
8864746
6409046
13190184
8978219
8314778
12477714
6858556
11110495
10409420
9261992
6280912
13377922
7212767
11411211
8366743
8948869
11412348
8202379
13978042
12476876
8317216
9809998
10353225
9657667
6382637
6207675
10004094
5872373
8449534
6999348
10074384
7482387
12635709
10095369
9685352
6749201
5580475
8895226
15932931
10003627
9189303
12616355
9195672
7424215
11067450
7341595
9850982
7673682
10896444
10553685
8431605
10314675
10911275
9218566
9808915
12833160
11200754
10191790
9380729
7891365
10557682
7758347
10950631
7233581
7535400
11442553
8092483
6276096
10452207
8874837
10368552
4127736
7866337
8398766
8045311
6670884
12203829
4864473
11776060
7373259
9559007
9159432
7796120
4954122
12873908
10633402
9260592
11133301
5780830
8542624
8302602
9068975
9566205
8757262
7151374
7212085
10332269
9122343
4780629
11838320
8904541
6728522
9662880
5603569
9602609
12124330
8809091
4530882
10281580
5750150
8729678
8702815
10016811
7557524
10876599
8123446
8826902
11143290
6467124
5989278
8265556
10776091
10578740
9705734
12077821
9844609
9674682
10056929
8939761
13611914
9067378
8135972
7676753
11236119
7190095
6809874
10410730
11039304
8291445
9661628
11373376
9166730
12209658
10033947
10637184
9771786
8564977
7448299
8745054
8257112
11552034
11412349
4166955
12256314
12040791
5028669
12680413
10911428
5856573
7499014
10016198
8482194
3669329
5863796
11328983
10787528
6265045
6223404
9189480
7311386
7655964
13386048
9353867
10572008
7916357
8122012
8827521
12721056
7160809
6584321
7106436
11163135
4898624
13653856
5855022
5287904
8120544
7606438
7818466
9003442
8996131
5165813
9472399
6646641
9023919
8145701
8984028
6865325
8852606
9035291
10919001
6434428
7862767
9719953
8766210
10643038
11683046
9083298
8926882
13390410
12176180
9106999
9846273
9169170
6767830
8603225
13368191
11614340
6734232
10597743
8790942
10606499
9862101
6613739
8501108
6542253
8183107
8967706
11155162
13325305
4424756
8747648
8775944
6807166
12308007
9429899
11625156
14388415
9948229
6048868
11499556
7725256
4277991
9857163
13144357
14852221
9467707
11838834
14831080
9589123
10048261
7465891
7408387
11920426
7765606
7639012
7632088
11708247
10214335
5801295
7086482
6304798
9683701
11743413
12139172
11094420
10294925
7755422
5990366
12352521
7926845
8525503
9182105
10983894
10108334
7632464
10021415
12191200
7687459
11134421
9753182
9631492
9722338
6542759
7675683
7031996
9509883
9572015
7419653
5767543
5624235
7173351
14984481
7321422
6007426
8600170
10221511
9856248
8220577
11887746
7896653
6062849
11800476
4238299
9254354
6538450
8096903
13179661
12077467
9726108
6874721
9763131
11905813
9936567
11245823
4909947
11026132
6850304
8192012
12190833
10180979
9927190
10873814
2678681
8429369
14932623
6092453
9623938
8262409
7509052
8587999
9075789
10525188
9916876
7290702
6368317
8463319
12735419
11393635
6977130
8686802
8660814
14774130
10251233
7966129
11772848
5015083
11583359
8579490
5263528
6706313
8089000
10321770
8293720
11825964
6369482
10322638
9962318
10457437
7101806
9585537
12103254
10263634
6935598
9322833
7527179
9560768
6978249
10667562
11159219
10558402
7579144
6618844
10633827
6455117
10170725
7744664
10313397
8374812
9845085
10325126
10396924
10840748
8629285
8724343
11956033
5535230
8292147
8076570
9260638
9872788
5580655
11579550
11554974
11438527
8935464
8509536
11591279
6722019
12772539
11849095
12324121
11046225
9413657
12990460
8199351
8409457
10549645
6764830
10974119
11609084
11065288
9340518
10045534
5043845
4526335
10246855
11415485
12931110
4504560
10778192
10062237
8808796
12684255
14370141
7510783
7781214
7517317
9878163
7731669
6639674
10155465
11541321
7737076
7438068
11498973
8511956
6937008
10325627
5407781
5823657
10424179
7799346
8037218
12032574
10469364
6813685
13972912
12100148
9226358
11262724
7677643
4282296
9526241
7071250
4484703
12772652
11227008
9049672
5500235
8838030
6203922
8239847
12267591
8646267
9459234
10463575
9999619
11985275
9579522
11919279
7059093
12701417
5375770
7873201
7497550
11135805
9180221
9751288
9620611
10088391
8176151
9128674
8624253
8653752
10717168
5948542
14166010
7403601
6732365
12967249
13655709
10913760
12051006
4804503
15267516
9575664
12343423
5766418
7307020
7508324
7721926
10663924
6422040
6976826
8959682
11473939
9020205
10316655
12358185
12194230
9300242
10612534
7786415
11537909
8048656
8954657
8533096
5794833
9542971
5706324
7130196
9487792
13051111
10015127
8019995
8238474
6670761
9851163
10392384
8647256
8770429
10640379
8785963
9573802
7207318
7547770
11676068
5357165
11147118
10779651
7436345
5762898
8082860
6697816
8809876
7654035
9019393
7975489
8180658
8616188
6229149
7087104
6276741
4131401
6909988
10218471
8401604
8949374
11334385
11171883
11487930
10520434
9671205
11460749
11911555
12393914
6408868
7747185
9717170
5595975
11078851
10829813
9410055
7762835
10343607
8747949
10586451
12470420
8736667
12079794
10766915
8721763
7919490
11548624
6228557
10220245
13294879
9371499
9653088
6892997
9211425
9437001
12406844
9862957
11123536
13864573
11277977
6596253
10298138
7553399
8928034
9436218
10922154
9264340
5306131
12920043
10035499
9988638
11319837
9346265
12080363
7206893
11283203
10721427
8864726
9260600
7798209
7764397
9387176
12912213
13583684
7323160
5700078
8327024
12114445
7147368
10375445
7508983
8490704
6774934
13571822
8578983
9023259
10006103
7449955
9706874
10905861
7189171
7966292
7614111
10754030
10719739
7223371
12664742
8639631
11290479
9002671
5395183
9627264
10303403
8177574
7293057
12311663
10270633
10801800
10338957
9741237
11042138
13718559
8755499
9978801
8215211
9350432
11018565
8905143
10412774
10551211
8193715
10789413
12828203
5855651
10494878
11440112
8516440
10573869
4945601
10060095
8640851
9126706
10069508
6446247
9284377
7250697
10069581
8101362
8069919
11443183
10839320
8138383
12083580
9431245
10908911
7213793
11090582
8074375
8653856
6527525
14996729
7086290
6475553
10143634
7565524
6682159
11582372
9595611
5248772
9026050
10436748
10315112
9834160
7957618
6732450
8129247
9088722
8823700
3513109
11311002
9051829
11610470
9771755
7389098
9207373
7944490
7332970
11926096
8972269
10704097
6853063
6799072
10922677
12273503
7646541
7742947
6994254
7814171
12130198
12299882
14798423
9550098
10604027
11563045
9144159
14516421
8426750
7893207
7008079
3882862
11844113
4698691
11370308
8501988
12789552
11545366
8811605
9353931
6959676
10438615
10197868
10071289
5986994
9082376
9590451
11488725
9850802
11153248
15838522
10434405
9717457
10105716
8457006
4067537
6853794
8439172
11105484
9450613
7921456
7530563
10495735
8625604
8036869
12580861
8132774
9948406
9671697
12466515
7997883
14014803
9872812
14534068
10451043
13628550
14985632
6029823
10832465
6190249
9625792
7150856
7421395
11650558
8072539
4595851
8634818
12447390
8500026
13075400
12429155
6115359
3483989
6888470
7005285
5964125
8817602
7295029
8931546
5464784
7190043
10351444
10769280
7756785
7581046
12134346
15908256
8201881
7679575
11119886
10645670
9669717
13603349
9524952
10360409
11460475
11606903
11986426
13340436
10831376
8165413
8564768
7013464
10086114
12848116
3201727
10636659
7201730
8988030
6981202
10404238
9722762
9093036
8910443
9543889
8375114
6245974
8054048
7530756
9931631
4583687
9497782
8108643
12013012
10811937
9369180
8187125
10403054
8930400
9829698
13478159
8232553
10459070
5852162
7368084
7397928
9142978
9946835
12741242
10209228
10302378
9188562
12211389
8481938
8860887
9836491
14208778
7734693
9055171
3858857
9850266
11879759
12735064
3252043
6033224
7281453
7768611
8196545
9599764
12430664
6607816
5390868
8801263
7914607
10861164
10199583
10198734
8353370
9976728
11303270
7202511
6774351
5416279
7365224
6211575
4685486
11257598
8511118
8247895
8768141
12811783
9162173
9669740
6898759
11065326
12773911
11193100
6367258
8259590
10166366
9017258
7733164
6021549
8504497
10701025
9732810
10083056
8330372
12098266
9002997
10341914
9007662
8520168
8170616
13940666
10342480
10062724
5791931
8270005
9926423
11664888
10423614
6074325
8992707
10330345
6250926
8322325
5701143
7991048
7733849
10538864
10398301
8156780
9564840
8234032
9433962
6877045
11973126
6765702
8606226
10967103
11689880
6185007
11399116
11162973
11198115
9061477
9659677
7612368
10679115
10752190
10254022
7808837
6938336
7537714
7904987
10851599
7559905
11072373
8993082
8281156
10177150
9168825
6630856
8321333
12382119
11878455
9789126
6182286
7576293
11497648
10638449
7902409
9021090
7266970
7186368
7275776
8877626
5947437
9108651
10495221
7871649
6533441
9419836
5462055
8776347
9589078
10177224
11235544
9484641
12292155
12054503
9666989
13003651
8926939
8048591
5393005
8747632
14394935
9865399
5677689
7678382
11419000
11759424
12303944
12987019
10122531
6390284
7619932
9510273
12193806
10889136
7259973
4933459
8334138
9938252
8929644
7822863
13979416
8223513
11596523
14791525
5620822
12232612
8454149
9714088
9610224
10607676
14341421
8944873
10619042
8780523
10698950
8809192
13873346
14239796
8662157
8769925
9937582
8940719
4190748
9017156
9476159
9499182
8849948
8772640
16652636
5729360
4599269
9761643
9105699
8479835
8255248
9322626
12799661
9821564
8389001
10816904
9056983
9591934
12823765
8987110
12771303
9532256
12270368
6725137
8261798
11765235
6389653
11628332
14943211
7244675
8586210
10111991
9325097
9457625
8684769
11092835
7649415
8103982
9316009
12905347
8924620
9170253
11755861
9180539
4568143
10911856
7041042
7959688
5560741
7643579
10023794
11409452
9707578
9244277
7871079
7505646
5271768
7785569
10709344
10824463
11742109
10156804
9291906
5318718
9645982
9155367
11106630
8232926
8929598
9062347
11954995
7695274
8533462
7877856
13139247
10681128
13833586
8345543
9522613
9961443
5190935
6924670
9701055
8114597
14247209
8423692
14548005
9171955
9326143
9079161
12191081
10078835
10978060
6201661
7210129
10103091
6814839
9856874
9211305
6076248
9361367
9066259
6616782
9547068
9346731
8243921
11737286
6317007
8072541
10886548
11414729
8467787
9038438
12196032
12769830
6811032
9700952
7137292
9169742
3475467
10287687
9604206
8450292
7847731
8011306
7916466
8502432
8474160
11054864
8653666
10688584
8010630
8958696
8137470
7733524
7589382
6837552
7077538
7043001
12108791
6845122
7985759
9510318
5051644
4734302
8824238
10912448
9246123
11306824
4419692
7432607
9399412
6904265
7715009
7601571
11010886
15058680
4826574
9905222
11349154
8335455
10661074
7798366
7532600
13695333
10100086
13296602
12856555
7744448
5186406
13795586
8671923
10125980
8677937
7462296
9465144
10772906
14061842
9020809
9021645
8242547
11558047
10633488
10961379
12209861
12726763
8262189
2314588
7242663
9871380
9165704
12382600
7600486
5270632
11021734
7437845
7679084
11297540
14758976
7163037
5859402
8222550
14659714
7941954
4319003
8419333
8398368
12161412
6529571
5111273
13770713
8900251
10734919
7108444
10701376
10410168
8479254
5694941
12073644
4858746
11480854
8473325
7525471
10118968
10781696
4462116
9161084
14261832
7039860
7231769
9679287
4656320
7747462
12035081
14419505
7599013
7778120
9182857
6715137
10010357
10499513
7822551
8627231
9347112
8481847
9244535
9291948
5816309
9396214
8689849
11729248
15131849
9923449
7346978
11429780
12105405
9372394
6951334
7873148
12986808
12502241
7608023
10950725
5694564
8054121
7870948
9067538
9977110
9681534
11325970
8164106
9219357
9978376
5287008
8790997
13794424
9532219
7987758
12666082
6929467
10826258
9834936
9711483
8372063
12129005
14957862
10092300
10108443
12009709
7181014
9958924
14364209
12330245
7707947
7702059
10463180
9590209
11225073
9094526
7621274
7628805
8855542
12430683
6295483
8682842
8253486
9214895
12575276
10374012
12755031
11535631
9862618
7217940
10147302
14096651
9989968
11709528
9556384
12849844
12481258
9259877
8431439
11594461
11273660
7406077
5500930
7462359
9472377
7748080
9362776
10602223
11533093
7508603
10868190
9501750
6508271
12443455
8799295
10157033
8543181
5182020
9484803
10031904
13110422
12484643
9541698
10585094
8910653
6642390
8925278
13110701
9211831
5397052
10088184
15255681
5301544
5912106
10922509
5908320
10177703
6828108
12861367
7104075
10891077
8886171
10990992
8317598
11292781
8865399
15672518
5245610
8731613
10764769
8131546
10592339
13396450
5834881
12677824
8798327
6100092
8096138
10773966
8928754
9186498
5338487
11936162
8315289
8152598
13976651
11956660
7491414
8045041
7521465
6739377
8434029
9628743
8770474
5472968
8876766
9670683
10165336
6620595
11756090
8211520
5178328
7552025
9416520
8448700
9090017
4937061
12065739
5428636
10810379
9600095
12167930
10631942
4733366
8629786
9562165
6958172
5391011
11766855
11522752
10512337
11241500
10948715
5393765
10882052
7623814
9676169
9272725
8092409
10295704
7652083
9799868
10446619
8193958
8596893
10977612
12500739
6604608
8544438
5577060
8206773
9782435
10800572
5256631
11326972
6076372
8570242
5994706
10723877
11034110
7084892
13266222
7868147
5647555
9163737
11947773
12101382
14390527
9571281
7343531
7121050
5171284
12279042
5413602
12623907
10536665
10563841
8954723
12104196
8602528
9985136
3158507
8243478
10601271
12540809
8963788
5849888
9244730
8411424
11467415
11492107
9816380
10589933
7503327
11166341
7720278
10132029
9849332
10353031
10013164
6632496
8139177
10020393
7226025
4203860
8980122
8856164
11320877
5782936
5749846
7198734
8795200
7697609
8700390
10708019
10607624
10164060
10285020
8747672
9049984
6774393
11212948
6560517
8371381
8672667
8074488
12598271
11904653
10609538
12734142
12407207
8155977
10722506
9466384
11143561
7004035
13010137
6846474
8871560
4402046
9419441
8991376
12402771
9966939
11868681
8925865
10428761
6475073
5189412
8881722
13775409
9961218
6258399
7311108
8937531
9605997
6614060
7425154
8194288
10615640
9624892
8209007
9447725
7529661
7229058
11797177
6942750
11173592
12914646
10652314
8975932
7545060
5758196
8193647
9875690
8566767
9808335
13697675
8336289
8020843
8012494
8901024
9169072
6206806
6679675
6717227
10888786
7246302
7871330
9586895
9936608
10288102
9391630
7229109
7312124
9156936
12109791
13139126
11576175
6072085
13601335
3885898
5943469
12472674
8390415
8849868
6915118
6552038
9986757
8318317
9137917
9795377
12223428
12864082
11034222
6587010
8712475
12121411
9955321
10264929
14634919
10005839
6405957
9354163
8599879
11875177
10425253
10146832
7264140
11580902
4668766
4761131
7280709
9693572
10172851
11105391
4268438
10826252
11817237
3217255
10240518
6908068
8097875
9767706
8026199
8141879
9999892
10139757
4993249
7758294
6660599
8666239
7904746
8595435
8239532
8228577
8635657
7909843
10582202
14761264
9841702
12899613
8704821
5302198
10635469
9827564
9302965
9930765
8511785
8340059
6156612
7560363
8023921
10328715
10314018
7181161
3673492
7528681
9361886
10837624
8058069
8127734
11950587
6157390
9558275
15373166
10804937
10116130
10766921
9212294
5473282
9850287
8218735
7816089
13074297
7271552
7706493
5580610
6061189
9328251
9859964
8474662
7332450
10921901
13199981
12709001
11435902
9210897
15924538
12666772
11333785
5542962
7814388
8942206
9021406
5817019
10642034
7617708
9854536
8083874
13290812
9442565
11953808
11073208
6101260
12312166
12083763
13954116
7623424
9821989
9605410
7686847
5000075
4652443
7385904
10175191
10585423
7046406
13083393
7193278
12125978
13554686
8822877
10427578
8472083
10321282
10539087
12681766
10495986
11888884
5764792
9594565
9904710
7489905
14561773
12729643
9993519
11252192
13368689
12570562
6698845
11965303
6907102
10366723
4765805
11216635
11143467
7158451
7850675
7151254
9454938
8812667
6636293
11213873
8695831
11876483
9025257
8924124
10168458
6310700
12646678
8035520
11525086
8885803
8736125
9082724
15966273
5637363
10456701
8808912
13655371
8881464
9343262
8468836
5300049
10687880
10431538
12531999
12019440
8325726
7146219
6549628
7777715
6899191
6308164
4481235
9549973
15072003
5925773
11830114
6844782
11265489
11335987
9445985
5715344
10765071
6585591
12802679
11147812
12329643
11354816
10129126
11631878
13934527
7396140
10747657
13797034
9931657
6877419
13121056
11737418
10342921
7018149
9065811
11402580
12009885
12770990
13743548
11541378
7170582
6310774
12469417
9152424
4950771
8809056
6342582
10223745
6735694
8680391
8491089
10361469
8275901
7021079
5963808
14185753
7539778
11232418
9175107
10498942
10741275
8590386
6791370
6341164
10424801
7732734
11193384
11456536
9029446
13230182
8903157
11677078
11109980
10623426
9067355
8688279
11266430
11042864
7744775
6494329
12517332
7898827
9984789
13876360
5007768
10484805
9312962
11837006
12409211
9154159
10405359
7731760
9177491
8379681
8097003
8223643
8123205
9491727
6945512
6063694
9120194
7504837
10059093
7085586
8586426
10427443
11410735
8795483
9070981
10392869
5942835
9209958
14909729
7513268
10197886
11472147
10023839
11906527
14881502
9030444
5273633
9200461
9796952
9639970
12926489
11130476
10146828
11988704
6687763
5127450
7769084
8173052
8643719
6460547
3139526
7474234
6605499
12338317
17157644
6797301
5261821
7097448
9175226
14362037
8692169
4636285
12405656
8154361
9285896
7334107
10937874
10287578
12017292
9853663
15425298
10945499
5383326
8265019
9599910
5908773
8093720
6123890
11648020
6498875
6148395
12411583
6827580
12287810
10863096
11609517
14860222
10532678
10112532
9881028
5415250
8971941
6090022
9926661
12039264
10805116
10021588
9842620
10851790
9664035
7249976
14576565
10520138
6360807
7244863
9978606
8056562
8389337
8247131
11530652
10023773
9112227
6391758
6597137
6094012
10312558
4971879
7796314
8253724
6621484
6827813
9748043
11411508
9908801
8930560
8100757
12408029
14221273
7090610
14547786
7316458
8122427
7397300
6843863
11368100
8370599
11353866
15005964
8109375
6319686
11180061
10363791
10313271
10532662
9553374
5891845
9491072
10560890
9297728
10365694
9616996
6455075
9923513
10636524
9985627
5448252
10114345
7558710
10932036
4765716
7697865
12845045
9195506
8936443
13089277
9389752
11224701
13570282
10389156
4167764
6852711
6389707
11675877
8005342
7994057
8646994
11803970
8836470
8766595
2895136
13936869
8513030
8251904
9697520
9700026
10143781
8001371
5217208
7166184
8795453
11446934
4216769
10302053
11652037
11348431
12930479
10385425
15333571
8900758
8546585
9930812
8534654
11785617
9269176
5282464
6450733
14510820
11388344
6522526
8781199
8949051
9117874
12001445
11161228
9929719
8093961
5909913
9704463
7583637
8235426
9591648
8992615
9280084
9398578
8898091
8224891
8303023
7030408
9477941
11184201
12024757
8494871
10072075
8793092
9995202
7716380
14326488
12151499
9503612
4925541
10575165
15742480
6658719
11594845
4813031
6269586
14790392
6208291
9698773
8945228
12831199
7528284
7672351
8956300
10328660
6786967
13880989
12710214
9315863
11866426
5439907
12508764
9303850
8692459
9391071
10738158
13657674
8944429
9913934
5670396
12159988
17145518
8147995
9370223
8454133
8451831
11249303
10941779
4606255
8746486
11692237
8731690
8233835
4861513
6399086
8556190
8091238
11204062
13623470
6520160
11923727
13216578
12417450
14121745
9769144
13377358
11266315
10227913
8964550
7935188
11777750
10286960
9658388
9961582
12468783
9182499
12377647
8098113
5611141
10964671
9049342
4848162
8559630
10404796
8910045
10556126
9610480
7655639
11338246
7663675
12685854
11088234
9557114
7868245
9574056
6433672
10625550
9758211
10811602
6134221
7814736
10582234
7438923
7603873
13839273
5065315
8990999
12511879
11456235
8884036
8659438
12167181
7942557
10027256
6090797
5370523
9102411
7668733
10144956
7284408
12849030
11745989
9830253
9186702
10028644
8650823
10795148
6964984
9036881
9096711
10094184
8175803
8539332
7830993
10208930
11126497
10163630
9115357
12831226
10868185
6358467
11330346
11786811
8977779
8663023
7453222
10057689
6958519
11180932
13099918
10365265
7629509
11481759
6978497
13757731
11804580
12069994
13705153
5807108
9599166
8049316
10129954
11073760
7684067
11480409
8931931
10176552
12547157
14428824
9343231
10659989
8604348
14019685
10397517
11497838
10778283
12752345
8321418
10155441
14324639
9585876
6901041
10495396
10355507
8325224
11189475
5498675
10190834
10869796
9861575
13368434
10937088
10847880
7508985
10185534
10877614
7333105
14937878
8398236
9956087
9455962
11402594
7548979
9601652
7119179
12936766
8776402
14144338
9956351
7688220
7748541
9158584
15689910
10981869
12085615
11693786
10818661
8714050
9606788
7137881
9407149
7577204
9010157
7830605
8286772
7288977
4057075
8847684
6170564
11092197
6922157
10521715
6193785
6822343
6145267
10759038
7128570
11847755
10218428
10177816
10302771
8997740
8995828
14841181
11396279
9290056
9524822
6787151
10814216
9589280
10178796
9790597
10661007
12005196
8287537
6284707
10680161
12455561
6745807
11010197
11042182
11824119
8714982
8946434
10822885
9535564
8693027
9202774
8965502
9573004
8556495
6820337
9456180
6104877
8461341
8205829
12200394
11448399
14805571
8485467
10537611
9882456
11022164
6674358
9717918
11832812
9746373
8050609
12709570
8097855
10722782
9300981
11270490
13713139
11913599
9013258
8273523
7746195
9826820
6462048
9137593
10031135
8850875
10961177
5539763
8882503
8999295
7777621
8297376
7459430
5801465
8146181
9870689
8857554
6972917
9485016
14047158
5524229
16115682
10048530
11102206
15031831
10816850
12442134
10607569
7862890
7534959
12364652
11742929
12440354
4613734
10431383
11676836
8863470
8069014
8870038
12638425
11365533
10203649
10769760
12830694
10481398
11853553
9876731
10610869
9740859
4127070
10319272
13664913
10878355
11136965
10737495
5974744
11050314
14251665
11500775
11506834
8506773
6308662
10392343
9535757
11071250
3660363
10782070
9696993
6637303
7666120
13270307
7133877
10356384
7341617
8856164
7589929
10414036
5791197
9257966
13023489
12069056
10113008
9190500
8873666
16336952
10797909
12588458
10565386
11442070
11844361
10288856
10433846
10303179
6949877
10629076
7286757
10920857
10470760
8608310
8180305
7266187
7620777
7664344
8919510
9433202
6511431
10921387
8328375
6738592
9616442
10407213
13252793
8581499
12061530
10404709
7531856
6366512
11196620
13664373
7819927
9204314
6659919
5586267
11981784
10555236
11345821
10040170
14828858
11018946
7479339
9652255
7368218
9460132
9767477
6377286
9260055
3943672
11103361
9169728
9607604
9862813
8890138
5724450
6195815
8279507
12720613
5028585
9094396
10451681
10771316
4961441
8664446
8309821
7050539
11060722
13341918
9076219
8573661
6918696
13221911
9686908
6289167
7852628
4551358
8321255
7487606
11309996
4944360
9284896
9759059
12307973
7801406
6495902
10460474
8313669
7291700
6114400
13125044
6469232
9633467
7342295
9726713
11314578
9975864
8135020
9618416
5626377
8165909
8944432
8780466
12393777
7421173
15400844
10162816
10387324
11698471
8554649
5081098
9017917
9468812
11360905
6336960
11747056
9058601
7324157
9503573
10799900
10171110
11642708
11315879
12935004
15898572
8403898
7142168
9547137
5268203
13291096
9909878
7797995
5964718
7024460
7145609
14543346
11904148
8802155
7397035
13075349
8762793
8069525
15360345
7048092
9883974
8231330
11836184
5394493
10780458
11775294
8488592
10736838
5439967
9377770
6217643
9728155
7702855
8808749
9757695
10119769
10809102
9426275
16482806
9123452
12330433
6700396
8001100
13616470
7432343
10465514
11675842
7370838
8424299
9167918
10501726
10651841
14429709
9282688
8560185
9633128
14418939
8580227
8669350
9385996
11311286
6821343
4863832
14360375
9001148
8336641
7104876
12749340
10690684
8909263
10040439
8637285
8207054
8863911
10574791
9584768
11083231
13044295
5972574
9326901
7307240
10790475
7506093
12114623
11096427
6223150
11149018
13657760
12096907
14757689
8424840
10153981
7418915
6504788
8799620
12955538
11320154
8408015
14360958
4541110
7672783
11650058
10758125
9396756
7598737
11634582
11401775
9989500
6776352
13555395
5352611
9826190
11090479
12762974
9562031
13616023
5629102
11056788
11793272
9363171
15499896
8467881
8277438
8914021
10272629
6815738
9473759
12406532
9512923
7972012
7393840
8984121
5351111
6484249
8263105
13408961
9828356
9926098
8549984
6226051
9163094
8454597
10177566
6534911
9748091
8192744
12973401
10153324
10365564
9339064
9442750
10471662
9641412
6412959
9334831
9626565
15275585
7093072
9407643
12941531
13497893
12010963
4589368
7543177
8113689
9873753
12341019
5995732
12192196
7221319
13831452
12983654
10364373
12044644
7143532
13166700
8708510
12321579
7687291
9323782
9118100
11578368
5546935
9017115
12980570
8449642
13133500
9084774
10986650
8652445
5308514
7512908
8956593
9647581
11170373
7028106
12872720
8651540
9842274
7419005
11138606
10442635
11096048
9506102
8824388
7721421
11708914
8637901
8908482
5842907
9423773
5443565
9659958
8871111
8957820
13215090
7199326
7772045
5646952
8625911
9025634
10708364
7197335
7945937
12515065
5876471
11774013
12559531
11888258
10387442
9697290
11847965
6660124
5233418
4188665
12657151
11183058
11453651
12719918
7243097
14775214
15102867
8305648
15303713
12527278
12934200
11210273
7677234
8558441
11089593
9352415
6252818
6056127
9335257
7668372
12872276
9231652
9699869
8982379
11115254
12558613
8831226
9674046
7891016
6516459
7210741
6554858
9398014
10605068
7664598
10389670
7229996
10138391
10786662
9432070
10668925
7292895
8255271
12425810
7922709
6700162
5986916
5780506
5922721
10009929
8984508
7333314
6940990
6442091
5547538
9323099
8709774
13559455
8677002
10735600
10439527
4437987
8227434
6917825
6744691
6817962
8883763
6805470
7882791
8740572
10591408
8125136
6473250
12445324
5995775
9606535
8257169
11516404
5226931
8897872
4732752
6424084
8620970
9220770
6129407
9384281
13763784
7239850
12005736
10664135
10043744
7510187
9832782
11190087
11519021
5568552
10093651
9653342
7937068
9860333
10911001
8874446
4452128
8145906
12982288
11318660
8290197
6752234
4787903
8599003
6284856
6771193
7893796
7723425
8388217
13987063
8829480
8845521
9328277
10886619
6524546
11082364
5028858
6851461
11319064
8132933
9756429
8424214
13773421
12076765
10280105
8845462
11683282
7672207
5788378
8657981
4105694
10358243
9502133
8393016
9190836
9344710
9640517
7766103
9822579
11549398
8136474
10415254
12173578
7778611
8067952
9432441
8829627
10726875
10686130
11593089
11084245
7051107
9359674
16267753
8137268
9092718
12532802
8070564
5848011
10570044
7446876
14898672
10118185
8484946
7460489
10015791
9386333
12101260
9832793
11694964
10352068
10544317
13030865
10410957
8629042
7391762
9627198
7256020
6022389
11494640
10653841
6965869
9014331
7497170
10082633
7916496
10327877
8986083
11132295
10070508
7555483
10388617
11581568
9264634
11953296
9942618
10272887
8611093
4725804
9316447
10471446
7267714
9904894
8875116
9587474
8217616
13873520
8295658
3772134
5214163
5180203
9562609
10133432
10462661
5955250
2986149
7477764
4754699
9621170
14262029
5644765
9381911
8276671
9920312
7553470
6016253
6326799
11679109
8361998
9720213
8339705
8842178
7289907
13223230
9383399
10680199
11723707
10008732
12886240
10467515
8333610
8882583
12179065
11256346
10700926
10356721
10258488
6334357
7520485
10069172
8991690
9794407
7357209
10027667
6761179
8402422
9746600
6997232
11426109
10942111
11547385
8080899
9539389
9835284
8327799
8636037
8368208
6523994
10319232
9056543
6281604
9900604
8127288
9290202
10647176
14077803
10062245
8881254
13590200
3753454
10552021
10743810
10535905
8992670
9979902
6065728
6001833
9597086
11976243
7801537
8178722
12939798
8660850
10675535
10479962
10751710
7825021
12927936
10964879
11386834
8067637
10960127
9724406
5735099
6118965
12467327
11086106
11122243
10250554
8195333
10751944
11170642
12192855
12837887
13777771
8079980
11459065
12928768
9133386
6306933
13462460
9071694
12014619
10338728
9957424
11731508
9279507
11386315
9439660
6917613
6725709
7878843
9932899
10074540
6459548
9692510
11421701
9219692
6247127
6835053
9637942
9697789
8476947
5354306
8766276
10384229
9343812
6353132
6166970
8912910
9866882
11627121
8450020
6719894
7924577
7658860
7491278
15125506
4734451
4206350
11246670
8423182
5275628
7426800
8417798
10228968
9496114
10305029
7956306
15321908
9714684
6567059
5295897
6792390
9620986
9073362
7090734
4931918
8898604
7605166
9503683
7277523
9329900
7393474
10597128
14140307
10653003
10297896
14760031
8766088
11012538
9519509
11961142
9724242
11113942
14531002
6337043
8623896
5805449
12817402
8475425
5889478
13179513
11419681
4887663
8762542
8947099
5894284
7733928
7302746
7468304
7710769
13935577
8981783
9698251
12196330
12350854
7530681
11072995
7895535
7885647
7845453
10010646
3923882
6588433
10708912
7758460
9136589
9271075
9292185
10253088
11004085
9849920
9123465
7234750
9474018
7960395
10377548
10321007
10474645
9285811
10074873
11779631
9789594
13752180
9020532
11349272
10313623
8744963
10169759
4759458
9671187
12170589
6571521
9448633
9539122
7186915
7109484
4808419
6363138
11168722
12670238
8975759
10116181
9613640
9653227
10122087
10938850
10703708
6813191
9294116
9149775
9158613
8213154
6928749
13969781
9475704
7337560
8017548
10481335
10268914
11001592
8790687
7079918
6309059
5605498
9818400
6532005
16499263
10131876
6700846
8359448
11810920
5440509
8262655
14057945
8925130
7016430
5067847
11056146
8019897
6493353
9354992
10242000
10394913
10293193
8006265
12808312
5391962
11816812
14574020
10772882
10503647
12551445
12060576
6112117
8719563
9634772
12007164
9108010
12195489
9170906
5999165
8912487
12222781
10214084
8610512
12429050
8316221
11028541
12262102
9543395
7227554
13084861
10469111
8279887
9024899
10497032
6603225
9523167
12628049
10466434
6600691
10576718
8766503
13133421
12448996
8608993
10407416
6778306
5877408
7855745
10363569
5142087
8841101
7622220
9583858
5928514
8040476
11181063
6690287
11606386
8704472
6590448
10915120
6030978
8441967
9422945
12684242
13562398
6809645
6884322
10803544
6477149
11040160
11390504
10056008
10914866
12092420
8660989
7811539
9967989
9194861
8404597
9063038
10944430
8409049
8843961
9091762
6723624
13317944
7483260
10609540
14083080
6127961
8560525
10384271
8695324
9770589
12257022
8722264
4833064
8673950
10147650
5580400
11949215
9343933
8622576
8536295
9490612
11427056
9460512
13568045
7572131
9478365
8290445
7127925
9621903
4171910
14820904
11136967
5276897
8165383
7682903
10684344
6341924
8302923
9356069
9380382
8284686
10064364
10385072
7774093
6423928
10691874
14580324
11671176
6800452
7024567
9992284
10259719
9423805
7947524
9510706
9387988
8831190
14028213
11674406
11072632
9687049
7504256
8669033
9825325
8386625
11729247
5806631
10461773
8738824
6022250
9921399
13267387
8331842
11626014
10216858
12832319
13087197
6223962
9783037
7767413
10827559
11049609
10663024
6590011
11432709
8227841
8198096
6752559
8659665
12945595
12338948
7641068
9201861
8350568
13450723
10731930
7613027
7821534
10450664
4716249
11147220
9379318
9480596
6841788
4839961
14704404
8054737
9132037
6541512
10752391
9072833
9672417
7191111
9087937
6869931
7919342
14506601
15470676
9996797
9035868
10876467
14041552
8679103
4829471
8965876
13487980
7923428
10279266
6766554
12635514
7167703
10465195
8196544
9952689
13849927
9057264
5295333
9053613
7071334
13471317
11535245
7593414
8473842
4781607
8700821
9033423
9302656
10459639
9274088
10330951
9700314
4168658
6699261
8887420
7154645
10111591
10498691
9746110
7928737
9685641
7813203
6322584
12043093
8594606
10777699
15547880
7002224
8485375
10967979
4255447
13056117
13502345
7802693
8496846
7846442
10508261
9715044
9603026
10655947
11412052
9650141
7057964
15030585
10923278
6514122
9568636
7457288
6153910
11192508
7722282
12624352
8621706
9269918
13320332
12494583
6662611
7430829
9563110
7973824
6711729
7810985
8112235
12501010
6797661
10200221
10921649
10347792
8933393
10143491
9324925
9482735
7672043
9828549
3623457
9411026
13712097
11095085
7072117
8602603
7707327
12009900
10515984
8773349
8517121
10753723
7776580
11330045
10030947
10215440
8552141
8177849
7293541
10101472
8678704
9686190
9309302
9216698
7613504
9288769
9603929
8019011
10893832
15137929
5649235
9657402
8689934
10109637
11394153
9610295
14126065
8318938
7503407
8393496
9480323
12831579
11772653
9491895
7817441
7209753
8753144
12514037
10815578
9587458
9178305
8404851
8368523
11987597
10418829
12957864
9506494
8788514
10337746
6901060
12733295
7575462
9687926
10309913
8126446
9655045
11333144
9948429
14153393
8564892
7077201
7560912
7746080
9237354
9133117
12555025
6102875
9302444
11430035
8909681
8989037
7692911
9818325
15920628
7767909
7898117
10687988
8785038
10121768
8633824
8717473
6587396
7184235
4894302
10457349
8283327
10938751
8265092
8785691
9710169
12103278
11078578
9859811
7780375
11665726
7668391
13183030
9329287
11362763
10495136
10206949
8235504
5244526
9402379
7594004
9558019
6639893
8648106
8659435
7667773
13622409
11137737
9211667
10163271
9905637
9456236
9886394
9593391
7333251
10887137
11362025
11207966
12188788
4925210
10843770
10076606
8567227
5168763
14887993
4470653
10818847
5150945
10099352
9953981
10000803
7045756
11026499
2654778
6811155
7359320
10251566
12436226
7983007
10977482
5415928
14160937
9739442
8921194
10696515
11851283
10660510
10711396
12669231
9269863
6659898
11029752
9234774
8692601
13102601
10423708
11794080
9129437
12750422
5625800
7017741
4853300
9265858
11590261
9216347
13082444
9659975
15095057
9502334
10434391
11745496
8068845
14902387
7158142
6094136
10182344
10349153
8008124
11993215
10421896
7987932
10936590
12686097
11178327
8493360
9496079
9473470
6421674
9863736
10843022
10618299
8946695
10294631
10798453
9136779
12958446
8029574
10480072
8712905
11435570
7981531
4609629
10366806
8217986
15737709
15570748
6778257
9629432
9044372
7077944
12799367
9698156
7951648
10340255
8351347
14161180
11103212
7146929
4380848
6412495
14538356
13896456
7921953
4913339
9818684
4488128
12069722
12533270
6597240
12123942
9834621
7362722
6887881
14075049
11465470
8099085
6743141
10585519
7303348
8261031
9237748
12274772
6217124
7958205
14753290
11912405
9629805
9188770
7977925
7071813
8564442
11577636
8420793
9133041
13080558
11526778
7846213
8355940
11095789
8211575
11325562
9311921
8966103
13093405
8113887
11696590
5746729
5767565
9339581
6810733
5748691
9383702
7136576
11160393
9069142
14477636
8394321
11393582
6938199
9504033
13164111
11544641
7037399
9493894
15172559
8048260
13935163
12053856
11087808
10000152
10881557
10159161
6824008
9459814
14392069
9669205
11117390
8362632
9161886
11626141
10865825
10177814
9013611
9657206
10869994
7105171
10794712
10065075
8400720
13207300
13363644
9105435
4259030
14047228
8180317
9030710
9840750
10692898
5442246
11404861
9173634
8905462
8610007
10331858
7900794
7319149
11867076
8788339
5319858
9446024
12588937
9346655
9577971
8803042
8805855
11351790
7865980
10086470
9308126
10342644
7990976
10751755
8897279
10951995
9806226
6873261
9855115
11470935
9838721
7279144
12031732
3383864
5329892
9422072
10742811
9652827
12687755
4786480
12091065
6032669
10939251
9604099
8259142
6974411
10012689
8634724
13092163
6258234
10054669
10212754
8314512
7823806
7814973
14286309
7338354
10727525
10742792
11334521
7204037
12570598
10335131
8608690
9731612
13813440
12938717
11458333
6273708
6569595
7992766
10267530
9007222
12194895
8638519
11077355
8384767
8522301
5566806
14473920
7859369
9211835
7851054
9354670
11878699
8783175
13737142
8640063
9487484
11245639
11695995
10042290
10195915
7249362
8819461
12155798
7746492
5854324
7800115
9797026
6042995
12066572
11246869
6584910
10346047
9354156
11530458
7655537
9878815
8600006
4486331
9727191
10555485
10275016
7449884
13457499
8454410
7539634
5741388
9775249
13681144
11656262
9533492
6908811
11742710
8537693
11020082
10436252
7659769
7622236
9753185
9639787
8104694
6155870
9641980
7019525
7328536
10636061
5250257
6539625
9998023
5578382
8644157
6324282
11140893
9493464
11072164
13648567
10668651
5114504
4795739
11177315
9052848
4214134
12931540
12435007
10286177
10820846
7582306
5147964
9040201
7785454
7391039
13255518
6537601
5878753
13359696
8732273
7967939
8895245
10257876
7160157
11745840
7972534
7207474
12216482
10276944
9230478
12270193
8416205
10418449
9367133
9478446
9605418
7906847
11032179
12020866
12388074
7750556
8224262
8357399
9722812
6183665
10567512
11320735
8599435
12083090
11981648
8192503
10871672
10438201
12010049
10582058
9305367
10239877
7994235
8820292
10201219
11764518
9933183
9691686
8457767
9969307
8290452
8800901
7150925
14619383
9036027
10462156
8084770
11161524
10951268
6483066
6292661
10140120
9438199
13714378
9206646
13391959
14827189
11165682
8414877
7801230
10823917
5483385
11393959
9764642
10584639
13840783
9368879
13441705
11671464
14531326
10895209
8816068
13222431
9603257
8177077
7636809
9696127
8809347
4855469
13340830
11505929
7519468
7395634
9993221
10771294
8747332
6198802
7233495
8454611
10071417
6346003
12483510
12071554
9739336
7915036
7074069
9702195
9116776
8354750
8031355
5183880
9888404
7928902
8962164
7683426
9627614
11126825
7403143
11835802
6412485
13651338
7994234
10012453
4154131
12049934
7126477
9957962
7740637
8823101
14379332
12704645
8665255
9429210
9177433
6735830
12116322
9898275
10428449
13229456
8365006
7188769
5193264
10717809
6132436
9099371
12497969
7822259
6971187
8109528
7239778
12343724
8870587
11864199
5096664
2969419
6199921
5277018
6654464
5474162
11634600
7374107
6755475
13264254
7891248
7422083
10203448
9589441
9568550
14526827
6291236
7781122
10485987
10222940
11242951
8688243
10849866
10775142
11682164
12261009
12823049
12613185
9900680
6919370
14454816
13181543
6501196
7778581
3792912
9498298
7202331
9525860
7757933
8635831
10155520
7904732
13225828
11549404
8811179
10197564
8469690
8938277
11259177
6175184
7317506
9899711
9038912
12595622
3645063
9851702
7093045
10743348
11897919
8245815
11232458
7620414
11098121
7644011
12839398
6438528
11583556
12066748
9968384
11644984
10531174
13231835
4796245
7605206
7155677
8667097
6264153
5179563
9407121
12254053
11480917
6876262
13867262
10180112
10508624
10579914
9330874
8512833
7758944
15184492
10097514
10718914
6188820
9511611
11229770
9701692
10259537
11492335
6997378
9502450
8682672
8857365
10160181
12651527
8902210
8882052
7831041
10120818
4791419
8879442
11527594
6313756
9369616
8381937
8326119
10455577
8859565
3648265
7361205
11174241
8249482
10811584
8485747
10260663
10843453
11447564
12697622
9759353
8034556
4468995
7687584
4112937
8441801
8441785
7308324
8408926
9232247
7502944
11104784
7925692
7681522
12678111
4739422
10984612
9677683
6007905
10160310
7183604
11583744
8743626
8460409
9727508
9185230
11635067
5596788
8384214
8347815
9674504
6784937
6580284
7392993
7244912
13121190
7557716
4482464
12992689
13510543
10972700
8186792
10884731
7969523
3280972
7674802
10801655
6769799
10550562
12071067
11828308
4826188
9870296
3744628
10551941
8441021
9956786
10989136
9036092
6742477
14645082
5265910
5867089
13836449
10364252
9705838
10170351
12000486
8130872
10618366
7249874
9890404
10260414
6944210
10982485
8517979
7591895
8580432
13508137
12065122
3480749
9074696
9797979
9106248
10505999
6934732
8168280
6765391
7622739
6342819
9366563
13001028
9169405
10716685
10568054
7263494
4037056
6949627
9293062
6074932
7324129
10213766
11639354
8094342
7377059
12637185
7801821
6945295
13770616
9282039
9225049
9583794
5602002
8279646
12773372
9978161
9754621
13733096
5267749
7859171
14907235
13132191
13629643
5961709
6481229
5990077
6102426
8024515
7226896
7838924
9454130
9508719
12374691
6596625
11095763
4971534
9262507
5790076
5874242
11259085
5605667
10197338
11026656
13032366
12232471
9317634
8809513
11410916
8046084
7704397
9691475
10106236
7004903
6097537
8653170
8293349
10397408
10261670
10765197
10640792
10942933
9852844
6086677
12863698
10838759
11909703
8926309
10438593
12619980
12646101
5753862
5208631
5811113
5989857
8159842
6425003
8850384
7287176
10420013
7336357
8236695
9519394
7402514
8546564
9722203
10431327
11782126
10899189
11154804
7757284
8419518
12073423
11751742
6397137
12315326
9597779
10534200
8654949
11427207
14925576
10255946
4751235
8861091
12991672
9807460
12007881
7437966
8087050
8233251
12922160
9776166
13775157
10382825
9641899
7915508
7749258
9027188
8601761
7797140
8399864
7366602
10370905
5914013
10025359
10390140
5017518
8846836
10648562
9717330
9501424
8739788
12409889
8823714
8020580
10972120
10668149
16139852
11033009
7399616
12316376
12439421
9847460
13473168
8255792
12145678
10297606
8562640
6442653
12492160
8080316
6426316
10455711
10507647
6475916
4907584
12387707
12328778
13224076
10196338
8249596
14235404
13083123
13124301
8665683
8076331
10367487
6101323
7354358
10135926
9895740
3966195
7456914
13408093
8631185
9528635
8351238
8303114
9214687
11924151
8637333
6754979
14395244
9890222
6584366
7633817
8763297
9066513
13424699
8395809
11820586
16016741
14437185
6015466
10361190
9653318
9965171
8570528
9050909
10724367
11334039
11057930
8886208
9038757
11227518
6615768
13037298
8305692
9975985
8426764
12104737
7277772
5797867
10969163
10080203
11838874
11247590
6222015
11280603
12283935
6103150
11324301
8145423
7605696
4821526
9195472
12985657
6998211
8852280
12073674
9201355
10620470
7975873
7368903
4154010
9344921
8519966
7206240
11655763
10614097
9122265
7705020
8807837
9487689
5918550
10948188
6999943
12501500
7917872
8316159
13270166
8244052
7317276
7344580
9823188
11396594
9809272
9825450
10795535
8220990
11384170
8198016
9273627
8344290
10794446
10542325
10619996
6070156
13677187
9988786
9949220
6825327
9379566
10049008
6200592
11035505
7232076
9634192
8552403
11575630
8897973
7817635
18085073
11263125
10488476
8092649
12485933
10591978
9304007
8885361
11291365
10313962
9806571
11905824
7720167
6905808
7683166
10416676
9622710
5000796
11529971
8235748
5979802
7230413
7107394
9527593
11843994
7981510
6996728
8978321
5083040
7237342
12664769
9614872
15226122
10506195
15922948
4712343
10686101
8998981
3351059
9084528
12465876
8974589
8039529
10593373
11817780
8332070
6909919
6638341
8015085
10227613
6403698
10682755
8489754
7543015
7657069
13061522
10933744
8422940
8386262
13898049
11574500
11426431
8459925
11136825
11767342
8113237
8383657
10531267
10536076
9741102
3742036
8687179
14565837
7485585
8495984
9331840
6770457
9791719
9023890
12743488
11586547
13552127
6540448
8163554
11138865
9885687
9722397
15920267
9849158
8983769
7194058
8974086
9027044
11396412
9942898
7183815
8971789
10249258
9186817
6786893
8997560
8854737
6603242
8099664
6487966
8213071
6561726
5976711
8167701
7384526
11757154
6821894
6014066
8637678
10367927
9752330
9708290
5742865
13657245
8433281
7332384
6078956
11522850
7968081
9241270
4399675
7933146
4832593
8052200
9006257
9422109
8693000
9371446
8307891
11041274
10959331
7793161
7846702
9695173
9873011
11385316
8711976
5821543
10331445
9599971
10850483
14637620
5200731
7796820
12175763
8910965
10610468
12792925
10599649
8213917
5445089
10572093
8509766
9679194
8404328
10413265
7863575
7573856
14499370
10132132
7313094
5867847
10604887
8875286
15745369
3853408
10721125
9681983
10818919
14283698
9997020
12235799
8275836
6770612
12827226
7089670
10034427
12634285
9223989
7878752
6336049
12979321
11934795
7796117
10220069
6705346
13234688
11654417
14004249
10912820
10881954
10055496
7789071
9761991
10814238
10634396
8180863
10453104
9809564
7355852
8251846
6636554
12956049
9512343
9783093
11593937
11251214
9421174
9578180
9969916
11497572
10580361
6164467
11169439
8772027
12950156
12880303
6346873
6642003
9683348
8644311
9072390
10528623
8009416
8959165
7504480
8067692
9633793
5990483
13219785
9130171
6253483
10769145
10783878
5892211
5893217
12242560
7141038
7302451
11876027
5465711
10118409
12153612
12900330
9172194
11949088
7850894
12409870
11303703
8450022
12903767
12142294
10168323
5288077
12007102
7196584
9425162
12301200
6671574
8385568
10189411
12821326
11617224
13869866
10826867
10498652
9446288
12159976
6783353
10942881
12699300
8453491
7813221
8703612
10238628
6818349
10316866
7966268
6697244
8654694
8666907
7700014
7780123
8805467
10600486
5374463
8249876
7452053
8907406
5245758
13554495
10623007
9389924
7259165
10821932
10031456
11344526
5246159
8490068
9300522
5282797
11029319
7055356
8623975
8358480
13276515
10252383
8294348
9220849
13207672
7492428
12774036
11353424
7324292
5393387
6244614
7877347
8477456
7245197
11120639
9835085
15543031
8334170
12147799
13294402
7187463
11510811
8062379
7493849
5136808
10523490
8252490
9803177
11871302
8278349
13067271
11999651
9063600
14520293
8700531
11022638
13228119
11614073
12233614
10081893
10401146
6475806
11118509
11524632
11354517
5494514
6662659
8321882
7882853
8685114
7331181
12332640
10461125
11072757
4466694
8549015
5842157
6818502
11360166
7534413
10012570
9773533
8978012
5674270
8894308
11437032
10001297
6351172
7099858
9501400
10731406
10199520
10916916
9130000
8572831
9713019
9334694
10303308
8522249
6148183
10711250
9470805
7751205
8283417
10683210
8189556
8726114
10401704
7448550
8225435
8818644
5654340
9398907
11142675
13673433
7247242
8317114
10922335
9497943
6032961
7265827
8377472
13474601
10649594
8749989
7311782
10547687
10799878
12379339
13712026
8931752
16731725
3111619
8513639
8796667
10062990
5132705
11310451
10430927
10836032
7043198
7620810
8842218
10043744
13526208
7997708
9156041
5855183
10667443
8074724
13381540
8009761
11347188
7346613
11041381
9983963
8595223
11087560
5522062
11116588
8628511
7485936
9800147
10695062
11514255
7316826
9509518
10019693
10841502
8907038
11038082
11267637
12803496
9112111
6121279
12140095
9460539
13076756
5571029
4298672
9682904
11673925
8502156
9365142
8562812
9240165
10809964
7057281
10001712
10708277
6626612
8979963
8043981
7582347
8818888
9858982
11960444
9364525
9679218
9408960
11238740
9283544
6661226
11939670
6976614
11069062
8547022
14070378
5721609
12019617
10805793
9365868
10738335
5834873
10787724
8803005
8373210
9505563
9068398
10682494
10127879
9652585
6689818
7972063
13831789
5994237
8347334
11590662
10347186
10241322
8372195
9014973
8983490
6409442
7985005
9915044
8531169
7525697
12505132
9645453
10223137
10696873
8115710
7048214
11835929
8980667
10535743
11256328
9614686
7182110
10069591
13476608
9507800
8630509
8330337
10056538
7892963
11151480
8485031
5989566
8890440
8391540
10959268
10725606
6909755
9548722
8700424
5102479
10761636
7448721
12415603
11104403
11547108
7731702
5013550
9342098
8216270
14565270
6067493
9761930
9692281
10471692
8767791
6369817
7659726
7753097
12663466
5737044
7172145
9794435
10407484
10906492
12907704
12096197
11313152
7016700
14128565
9666137
9044607
7722916
9961474
4270401
12745913
9735679
10520700
5440965
12148287
4287681
5097183
9260881
7984602
11092404
8064746
8048906
10133505
7269555
10503455
8048155
6948100
10655122
6588148
4800674
9932863
9240485
9494892
9438606
9782110
6943805
8897105
11315612
12229687
9147701
9479269
12044608
7185838
11365492
11361475
8181514
6796264
8627920
6232906
13089509
8111697
7946988
11595442
8800710
12556299
9539155
5372122
14699395
13855292
10942615
5841225
8032167
8375064
9535122
6411465
11841866
7511857
9438493
10287576
6065967
8611639
8361146
10085494
7117394
8657672
8573734
11887526
9216305
5776633
8375146
6921906
13446322
12322961
12643233
9620179
9047885
8340977
9278968
11801447
7692932
8216398
5888832
10010379
11007887
10097721
11673115
11982762
5964908
9658866
8275786
11540020
8319444
6871142
8629202
9080492
8762254
11473266
8987521
2437370
7477402
9584970
6020678
7686358
8951643
6162717
11966947
10766064
7671945
10748313
8819269
10076271
8342076
9302929
8396561
8337073
10777470
5080772
9807117
8917049
8570610
6882639
11621353
8571076
11292643
10313243
5290137
8275087
7827049
10181043
10386250
6432358
11438136
12355123
8521478
8812208
9440994
5612190
11826800
6698793
8505321
10713572
9546603
10682807
5592121
2005885
8877481
9274319
7570690
9656093
11442739
10963062
11236164
7853914
9246245
12406197
7083728
6478889
8559154
10009194
11636456
7509161
9263082
7783741
7315043
7633726
7635573
11380654
10778059
12295853
11688443
9680475
10234688
13381325
11306147
7945398
13435880
9263724
9989930
7378752
9038615
6937024
3913882
11304126
13863751
10869532
9993101
13794622
10040704
6532920
12189412
10741327
10703107
7020759
10517903
10867981
7058659
6787499
10182776
9055145
11398662
8603256
9542551
7871438
6954497
12490505
13007998
9378159
10221239
7931280
6129082
10856539
11655877
6896286
11415749
10850852
4835107
9803111
9684561
7378007
10011412
11043073
7883079
4182826
15856246
13484528
5337193
7494208
6116754
15359636
8141636
8612491
11414908
8700024
9980109
12576784
6514600
5006069
6040968
9942522
9128430
10962246
8788795
5892731
10290504
11928147
9629925
9809043
9474654
9409256
10923290
9288156
8047471
8803494
10631625
8744442
12817997
8263945
5198065
10138589
7321670
11591965
8968959
8967267
8229147
7377217
12376986
9734464
9241953
6794358
14153157
9699250
9596208
4076010
7702336
9372034
9407777
11651850
5533648
11366393
4508788
8943252
12876160
10015682
10377288
13122073
9565716
12927629
9559828
10303185
11623101
11523249
4604241
10168308
7656240
13790528
6823649
8182231
6654942
13555967
5756414
9378150
8555175
8857134
11352659
11914087
7804480
8859442
8154077
11398608
9694159
11763169
9049933
3560445
7605281
4341236
7942872
13118996
7302064
7526623
4270871
3837141
7469245
9063856
11945912
12448382
7503789
12041831
7935542
10204583
10143689
10245763
7513138
10725693
8037315
12522976
10804480
9860873
12131735
10554278
9100778
12807129
11293453
4606536
12693421
8566423
7414161
15322644
7249354
7558993
9339190
13258435
8394508
8424054
11354076
7363885
9354109
9817917
5901151
11264423
13297016
6998866
7184839
11867576
9496563
8695260
8793806
7706474
8838294
8995735
6216790
7880644
7188903
9928987
11456382
7127550
9145049
6645984
8545765
10546167
5794727
9882976
7673752
9110412
11904087
4776972
8013500
8646486
7013695
7905763
7967053
9523345
6862883
7993743
10050294
11014358
9456456
15835793
7554187
11644838
10462992
6822740
7187390
7503390
12407021
8060783
7659854
4245260
6311315
5777026
10685781
9662669
11110378
8672252
5893680
8536123
8381790
9501772
8991083
8817567
5784189
9740283
10148058
8636365
7088759
8759882
6327465
8400043
10484635
7071900
7209180
7990858
6296684
8841294
6993710
9718871
7082908
4654848
9062896
9865187
8587935
10846339
9488773
12470705
9695854
8593800
8031010
6954755
8999868
9591891
7729379
6233366
12916602
10401246
9699415
14199696
6621481
15562212
6491946
6074961
8731328
7016786
10138158
7600654
10615030
9519258
12731915
12911156
11136228
9220787
7906686
6773935
9788540
9210152
8735629
8716242
7785549
9142802
8315681
7822129
8778571
12058200
9942231
9759946
9800676
6244061
10612675
8138077
8925566
8174227
5134675
6868331
12822190
7206105
6677913
6579657
12856641
6872088
11571734
7293449
6707716
9041638
9074553
9089697
9970144
10200951
11009967
8731606
12972680
14283421
12521477
7034822
14061433
7004770
10440751
11511488
10290868
10621418
12594988
11354404
12272728
5333207
11539943
7497870
10092735
8560283
6451667
12129687
5983837
11795191
11144749
7087760
13889783
7197580
11065842
11607320
7119094
12481569
8614042
11238679
10954960
6624303
7910042
7747193
12799092
10929634
9586712
3136421
12178714
7837917
8100141
17236349
8273562
9280640
6444220
10094330
8750196
9426083
11117433
14846653
11336319
8362561
4107314
10686315
12807976
10812345
5303868
4693870
6856300
4589052
9703519
9503135
12412241
9186799
9560068
6964672
9937581
10701727
7038469
15756061
6994604
10109791
7470759
8327209
7846409
11331607
8548083
6454099
6469497
13674724
6411639
8474534
7070978
6559733
8840045
11913849
5039513
14160148
8612934
7501481
6441347
15000563
13301059
8961759
6897700
8705313
9879027
7958702
13595053
8893196
7149158
9903067
13128560
9965044
11554589
9611387
9045684
10229251
4276595
7729782
6283246
7329479
8611673
9306233
8787611
10117767
7047904
9431677
7109709
8544944
6656667
9716451
12210295
8547816
6826419
8871630
11171349
13760737
7863897
4897317
11775967
10634861
6103064
12272569
11278059
11277527
14462420
9522812
9446911
9954777
11920934
9023209
5682060
9217480
10656878
8863110
8404138
4592644
10911532
4768581
11586414
11073838
9598180
8890173
11983613
7250904
7699671
7596219
11364985
6980780
7647193
11398601
7035613
6655626
10952306
8777695
8213361
7956478
5882059
5453300
10141328
7448935
8390313
10345582
8249298
6869765
6329036
11632785
8851870
10432523
10221726
3298274
8187360
14505169
7176317
10470212
10884951
11859059
8605693
9631424
10846737
6794830
9688527
14178463
11071342
8995419
7111894
11695884
7005101
8264279
8236500
9488256
8375684
12695632
12048629
7351856
8150105
2886795
9642728
10361794
11324238
12304446
10096252
8088639
10439195
7084944
8576860
7887410
9167137
9034941
8812508
6501503
8096187
9678805
10221617
5683789
5700031
10533048
8010201
10276797
9141529
8539062
7103487
13253303
7845661
11079953
8905113
12788396
5283605
11746646
10326757
9145665
9795955
12075766
8151940
12431019
7868824
12255001
8290036
10359703
11420257
10009292
9440017
13201726
12624229
8061144
7791027
4219849
11861172
10731291
3608472
10699154
10124095
5181497
5319575
12075327
5229704
9536007
8921167
9394837
10355244
6825747
7135656
7972494
7261267
7809352
9477623
9593543
5922325
8660572
6081509
6275911
9760793
14437167
7486578
8691259
6417010
13315872
12126058
14357302
9755743
11886308
9239637
10918161
11307861
12299108
10387441
10767392
9788698
10031609
10260785
8160195
5475396
7828987
9181071
8123132
7294954
9102111
11123305
9930214
9653552
9249270
11048805
8059725
8674702
7208824
11908777
12735251
10427452
4622746
6651752
9649863
12133666
8493753
6992447
13148338
12000588
7471612
12027664
6160133
11432889
10547613
10360150
7991714
9583524
6955560
9023877
13214883
7984862
12656805
12273892
10569082
9473691
7007676
12060504
12382218
8381231
6490232
14466240
7390971
5787768
11043907
6376655
13083409
8062976
10586489
10735613
7637212
11813428
10661752
12139531
12721311
8415107
14986502
9694546
11154056
7087820
9486794
9368138
9206214
10221069
6194346
5781817
13243342
8274378
8226792
9708644
6709318
13878295
9301086
10964273
7309089
11180291
18778712
12130944
11977147
6065595
12621753
12019856
7672047
12868783
8002995
10451953
12712726
7651957
8754482
8169557
8945294
7373100
10481449
11032995
11181672
6079714
4801887
10017309
6167162
9773194
10710640
8807042
13208997
13992498
11510938
13747919
8050083
9238703
9743975
11934095
8271872
12272022
15650195
6992274
8034489
8493474
11029101
11279165
10243504
12841719
11874885
12369577
7587523
12046455
10136282
9090368
6318951
9294519
9357833
6696895
5720643
7568464
6860282
10911264
11732731
7536730
9087234
8707428
15098407
8378372
8340593
8124042
10902388
12266544
8707083
11047969
8690787
10286829
9467596
8958248
8740049
11889965
9159475
13660991
8126648
9734859
8889548
12707735
11427111
7742237
7043256
2482267
10155430
6357785
6819673
8751205
11333605
10811311
8103413
6859110
8434125
8479998
8714587
8095714
11606033
7694414
10643206
4334848
7933969
7456564
8030103
6803721
15457348
9397893
7524478
15099701
3559029
8302131
14877259
10383084
6255636
10454851
8159025
7825930
14439512
11383089
8109810
6856679
10032843
10974709
11421380
14902105
8207303
8242892
8402889
6625855
11406643
7479076
5722155
11172605
6071117
9655450
8447326
17142486
9800665
12402271
8179287
10737718
8650885
12131001
4316702
10721796
7612580
12167630
12004872
11547130
10832025
9548471
9523010
7824615
8065913
8539794
7740048
15260014
6766461
3541313
9095177
8012647
11044366
11271534
6374423
12515274
5025650
8000870
4733602
5606178
8568218
9014213
8615820
9134908
10764386
9375629
6830010
9148159
11965122
9220438
10237917
7228717
9327731
9781120
9584634
7375159
13693190
9029041
3215395
4450890
7480949
9343416
12740741
7670769
10138404
12192521
13862315
8390321
4916065
5525400
9101655
14975336
10259790
9627593
6469026
8811272
8899071
12119542
6137752
11607214
8722532
6343860
10287368
8826150
16546299
8526711
7315740
8135125
7397097
11099509
8892383
4115256
11836819
8118060
7721774
6478204
11805444
6097432
4220354
10735874
10070597
9778175
9347768
4931342
10914950
7516019
11168688
13804046
8613126
9019275
6268981
4401171
6523033
10244352
8762122
15731373
8881449
12016147
12637255
9212767
11277749
9067998
10306603
9344009
8559792
4469745
9034619
5697158
9213237
11517996
10695045
9096058
12433677
6307248
11159595
9915067
8001891
7038567
12799121
9540622
8750232
11578408
10986880
9626112
8639350
9681946
7001764
10010221
11249013
11792067
8351400
11687396
8365548
8296788
7919920
1953193
15050078
6719413
12022292
6900159
9520745
13630718
8499053
12605604
11584150
7631106
11592343
5081702
9438866
12414659
9261728
7297689
9209021
5926545
13146026
11439707
7618346
7100115
11953030
9296211
7730906
9910879
10459756
10746845
7116016
14580307
9467921
9279697
10473560
9816681
7584529
7782046
8144124
13941508
11973333
12338771
13114004
13405642
12731270
9395460
8513438
10138031
7212659
10822210
7590700
11574999
11070393
10024529
9608036
12731208
12911165
7402953
10006814
10297117
10633334
10056213
9197059
10050864
12177144
10546811
8128769
11937456
13676726
13881608
9126640
7187436
7187184
14427649
11358686
8471903
11844834
12564733
8369405
8893881
11108804
2996396
5126234
10270698
9795052
13060872
6598593
11634951
16483236
16836612
7767392
11190856
7009567
8927459
8213785
9980877
7950632
11830846
6097122
10445199
11154457
15344546
14541394
12018238
10094773
9964451
6536871
13819219
9304251
14268059
10045231
7574902
10277473
9559295
12308837
12633614
9970403
7663102
10373981
6524808
9590393
10536810
11302880
10632431
5996403
9557320
9827360
13552119
7193831
9132685
10921097
9676058
6337895
7660569
6435838
9977791
11710672
10376232
10500120
5150923
7141602
10093447
10966214
9056507
9397850
8289076
12222369
10201463
7691614
4429904
7644756
12241012
9223471
7434845
13498117
8592756
6296718
4616244
6865428
12333093
4300757
4880299
4583621
7752508
8668936
12032858
11342921
9014378
7351367
8177817
7481297
10503161
12012601
10608024
10380827
9574027
6667029
8011149
9587281
6899051
11401670
7452060
11649826
12658531
10615926
7650658
8873734
9780812
5434903
11205084
8357480
8339551
13500860
8909716
11124279
12840378
8396811
13017299
6566914
6635454
8390525
11214065
12947658
11723966
11444067
10580738
11038499
11722618
6164478
9436156
6437813
17274965
13359055
9306212
5615399
10461735
6205822
10971676
11156182
12967149
10779500
3987991
11814276
12870412
5533660
10862748
10035636
10108939
11901565
10565850
11451102
10830737
8237554
6685880
7808868
10073574
15559264
11524774
12586712
12442081
7865894
10195343
12120137
7128992
14545303
7974920
7448695
12836577
10614282
4759859
10336160
11371621
14770138
12517581
9123670
5536372
11996572
11170042
6712462
13083845
9089945
10580693
6208821
10006386
11051988
7825625
7692987
7895956
10875091
6048173
10010466
6827860
15942612
10275254
10504922
8243122
11224835
6912104
6623873
8004331
7017064
7298818
12849820
16088402
13630817
10477281
9216675
8691751
6348663
11688699
10314585
12659363
5473964
9343439
13005807
6446954
14105016
9564452
14531533
6134188
6919980
11428563
9986548
12376842
13721139
9916689
6176727
9108226
7129616
11909588
13141323
7425684
7740465
5641676
7102240
8406767
10742495
10334195
13408750
9144008
8674326
11040980
6948253
11163793
12939262
9350075
5210717
9186728
10209147
11832459
10513807
8743826
13908051
5021785
11738469
8881232
8951891
10920766
8430800
8710946
7005241
13071738
9522188
8382262
7415903
5500225
13829859
8855200
8780298
12262784
13154654
7807209
14865884
14606462
8935825
13221592
11077226
8286977
10595235
12349069
9012569
12833962
9570452
6974247
9356932
11797620
10902575
5902118
9072923
7786561
8684160
6550569
11864741
10866810
8740437
8922983
6741753
6831641
9175496
8315137
6342155
6879224
6614602
6230035
10769640
7923301
12990880
10876537
8346761
9327716
11927310
9203536
7094012
6467505
5358109
8096420
4258129
11831160
12233168
10981770
9614185
12615079
12345053
6333317
13572092
8508245
8560636
7219299
12307226
10206033
7896645
10054655
9801574
6443052
10014175
9602121
6970328
9280105
12539357
6790592
13003918
8036904
10939638
11684101
7717215
5832163
8554615
6803709
12213177
9396690
4962529
7530846
10424261
10085302
13674769
6358382
8113702
11427663
8693165
11881240
6408297
9123238
9789369
5623637
11146244
8635786
9124769
6282367
9220514
8894454
7573947
9971857
6769041
6967607
7947051
10648985
12126175
7474628
11206421
5982323
9480313
11309002
7783858
7948854
8451792
10688719
7364451
12341802
9846360
9577838
6185485
10365792
10046543
7022565
7222851
9817602
10593760
4643957
7770838
14017232
6951461
9732985
6027682
12039617
9591243
10811314
8074657
7903197
11073826
8225268
8906435
9657373
9303788
9378329
8399555
8313065
13298987
10649888
8144289
8286345
4577817
12639896
8766334
8182863
9091668
8050831
8517319
7405192
9265259
8908798
5772653
8277639
10108257
10457846
11005043
12414198
6964273
9813943
7009959
5579266
7577264
6658248
11895168
6826157
9704496
8262934
8363873
7145536
11992313
6452579
14435286
7506076
10267926
5092276
7932865
13376269
5982527
9728821
8346833
9525126
10243429
7588456
14739504
7346254
11430897
10787305
11687147
9531253
13111645
10960575
11396198
8908549
5123965
14909883
8741221
11775569
8096964
9575873
11329744
10258263
10085420
13773661
8215444
8616237
7940042
8943965
8272082
7000580
8524565
6788879
7086066
4784439
6545275
10814304
6756659
11137044
6400536
8017856
10793702
10027430
11397883
13563819
9651552
10034233
9123449
9964933
12368286
8879095
10321886
9694441
10880493
12320684
9597858
8912184
4925637
9527019
7010183
13287828
7823310
7617686
11671824
9828187
7137460
12809422
12672070
9746913
10053434
12168132
8494907
11888319
7990271
6819404
8013341
8791108
6391350
11913729
8652979
8636828
10689356
15347603
5815400
7335505
8532474
7848257
10064899
10375221
11240074
13265198
11842445
10427320
8067961
9678303
5849415
15430720
7507107
10353229
10524874
13120259
11083881
7141652
9739552
11343064
13155655
8329558
8870904
10946249
13798877
15336168
13054825
7487645
9896902
8885561
10118295
13278366
5334296
6886382
6312505
12701137
4944520
7736985
10532595
6700324
7693282
9019307
14494923
8263590
6390918
6092055
10230385
7022375
12250592
11072252
12636084
11634145
10668894
9482215
3796181
8769371
7745658
7491839
7428787
13284087
11188181
9757953
9840017
11091287
9515638
13591475
10344646
9862084
10355423
6879797
9030233
9670114
4891722
7817058
8734873
9329991
11171591
9364105
7328116
11243785
7297734
8979903
5553913
6835088
8376636
9700626
12078909
8338797
4500063
11095300
8851237
6834277
11701821
7950496
10827470
5728629
8212273
9749716
8939698
9300664
11545471
9127318
12390885
11179649
6792512
6030866
13737065
9120265
7638517
8774979
7509136
7699675
8273992
12320553
7058888
8556863
12253464
6747718
4485782
9798240
7577855
7295456
5105727
7127346
5518796
5488967
8358675
8608069
13473200
10216661
13867230
16061670
9567115
9172223
11690609
9644410
4693855
9025553
8694744
10951615
10919383
12208340
6545116
12685738
6398653
6172796
6041049
6965486
8287638
9852637
9851883
10238353
11723081
8699307
7762003
6874015
5524113
12006144
8555044
9534865
9834783
15634526
16167586
9752425
11326913
4495529
6878913
10107177
8272809
13975900
8419796
7172927
13269142
8939293
14782483
7304694
5630058
8564110
9559075
14394865
5967420
3597724
11062977
13386746
9678931
11861000
10771910
11936233
9695714
11214496
7000002
17390310
6362277
8758411
19365701
6875416
9777500
3717699
8808833
13117911
4708364
4969452
9699304
9479963
7587079
11390413
13595128
11066415
9985289
8018697
11466282
8117505
14267934
15658813
10258959
8757280
9599697
11568018
8196377
8609421
6881526
6428468
7920666
8225764
7404923
7666915
10133528
6577792
14268107
7190559
12510832
11856868
8188239
9094747
9442074
8844524
13034886
5228020
9050212
12324913
7130827
8233278
6706191
12056359
11826215
11033300
7605241
5359038
9646757
12998070
10758285
13090258
8857687
9917064
9305956
7824028
5526810
9696810
9396860
4662499
11448315
7358971
10445699
14417037
15565371
8469467
8185080
8626724
9919523
7167287
10362791
7429269
9987958
7686935
6802078
9371968
8972885
10898795
7429778
6692634
8205354
10416417
11863732
6421175
6537211
8929949
10010845
5069422
7243232
11418911
9287599
7615723
8670192
6756672
8257341
8491550
10941883
10659175
10782542
8829398
10002981
10768867
11931666
12518460
8369337
13664250
8121688
11535520
8920677
5061410
8519880
13092654
9827986
8160720
13415115
10072460
7378239
8691619
11008567
12368614
9542295
8612565
8010621
5991009
13343019
10702991
9523061
12823093
9788762
6204097
10000191
10255377
8472734
8923984
6575276
9145841
7231396
9082673
8673529
14348009
9486291
9717444
9340715
8607925
7111281
9585139
7368752
7424460
9607409
9140360
6939694
11889414
7664819
9077564
12454295
9904968
8210174
7249207
4843966
7002200
11397870
8349053
16576088
9948950
12905853
7368392
7934407
6990483
14554018
10428740
5211384
9601460
11437939
11551963
8238273
8945458
7286869
12639130
9731823
6792763
7160990
7923515
10768379
9338119
8037087
7327991
9585033
11954667
9320655
8926069
9656133
8021942
6151681
7723806
13017672
7168380
9640999
18310075
7190676
9397836
6598648
8987152
8418037
13440331
9902327
6951999
10649851
15151925
8336782
12559723
10553629
6695946
7674146
10133567
9680452
11652924
9773570
8690807
10093077
10120706
10343084
10551891
11004562
10832942
10624556
13270566
12604520
11779684
8920362
7160647
9686771
10099879
12784027
8490105
8862910
10226633
10122866
5349333
10655192
10742514
12192769
8104913
9728545
5008218
7727656
8087674
13497457
6422893
9461621
11532551
6109011
5961069
9157850
7569955
5614003
10992919
7535706
6449087
10420531
6638321
12258460
10022265
14092948
14471734
7773407
8350976
9387607
11260726
12854174
5963337
12000935
8017240
11285716
6474628
7603512
10496141
11488738
10208911
10136121
7681432
6573921
13760839
8235236
11909118
8987091
9438880
8235683
13554611
10013218
13652568
10811912
14504591
7544262
9917195
10640464
6054487
9465635
11074485
13949403
11078860
11116819
9657792
11181595
9737711
11667162
13559657
10790970
5721523
9385303
4453311
6293576
7819333
9231584
10551267
6736286
12443862
13348263
13609608
6411642
11547264
7379712
12314369
10883436
8195641
8401798
15066984
13032156
12987403
11662069
5760126
8049535
12718506
7470415
7850571
6166928
12448340
9077325
6731165
6933428
7733687
13885750
9406514
10511636
9464986
14073720
7265756
9928686
8104569
10316519
9825956
8727509
9247698
8113599
9164070
9126682
10127638
6675907
5445374
5667555
11611363
10015855
7184459
7803798
7156032
12478357
7673317
11241374
8742295
9821052
13941322
11217480
8771181
7597751
7183202
4914940
11930561
8791429
10206869
11366964
9414202
12330355
18069021
8590889
10854495
9729314
9514014
9246939
11715547
2902326
8560278
8207877
8161635
5656952
12546728
11197627
12161511
8329506
8294779
8889469
9253315
8848187
7465917
8830074
10703984
7625482
12439749
6501179
10315301
9447088
5656952
12464810
6695393
10296680
9581460
9769825
9929766
7134989
6559207
7632504
9465723
12342151
8704042
10468668
7619412
5488686
4538735
6995655
14338736
4129176
13432870
6732719
11984914
7403270
9346487
5289226
6310060
12554828
9173320
8372141
9753214
5361398
13122196
9325483
9661724
8015803
12119006
9900467
9128069
9747934
11419666
8339773
12533367
7948675
7785597
11894075
12051372
8963551
8312353
8973253
8759555
9317052
10206709
12657709
9155789
7677435
10963596
6154297
10228909
7406911
11763604
11683275
12386565
6987391
10995732
6517598
5225632
10451111
10567627
6858542
7952332
11273342
6874263
7738489
9747489
13203413
10988894
8797305
11296771
10592344
8375978
6668729
3159634
8523798
9794375
9111944
7150461
10188232
3284583
10051915
11440379
7825237
6438141
12626896
4620204
9201106
8240066
9050130
9955355
9523477
9991438
10670385
5742933
8639767
5694295
7932261
8151690
13189013
9646561
10187107
13303399
9039475
7766597
10173516
6888849
10219317
8144152
11662000
8196000
9764443
7945128
8793016
9686758
6105299
6002562
8968147
10384515
9445475
10415484
10821921
12107489
6210664
12284376
8197648
9185836
7406658
9418243
9153624
14029611
9709405
3565262
9460324
4942534
14089212
8325135
8996792
7037571
11988804
7010540
9582794
6908040
12305482
8931380
10710865
13137899
8255989
12025287
8356951
11715260
9998577
10027366
11687751
10493552
7431801
8092876
9466128
10401879
9432989
6310580
6151248
8915383
11665782
13486524
10076926
15084191
10589444
7540876
12839431
12446302
10475338
9517635
12330135
11186201
10518071
11770544
6123634
7957290
2739797
6780397
8338185
12071367
10351027
7252966
9548005
10035358
6968498
6623386
10992366
10798166
6975145
10322602
12937225
6335274
8878014
9721349
8583272
8517586
13240271
7432271
8019613
11242507
7417089
16173921
8616364
9914544
4904852
11525701
7477819
8209891
12322118
6066403
7400275
10880672
7768603
11505393
7204530
7756147
7908186
9833636
13895426
12499680
10759648
8183091
12103469
9896686
7083972
8702733
10847667
8350519
6351253
9938673
13278241
9421253
6959268
7817564
9236734
10830570
10689267
8743899
8984394
6226526
6865898
8706484
10417866
6464304
8717241
6756372
9500273
8072625
7263089
9486072
12517097
10294769
10405761
6525172
8681935
10669626
9586302
8931519
6434214
13305390
16317201
8038940
9184816
8475486
8747601
3274288
6718335
8250779
10107041
9064762
12770481
10547834
13270913
6582168
7470361
6656339
11502860
8501288
8597512
10111859
6060511
11273602
7133015
10513236
6238535
6660801
9431808
11492096
9984762
9050385
10323212
13411578
15199242
10808549
10281245
5228537
9345330
8099972
9562813
10274226
9773386
12171079
9565088
14696433
8907885
7246742
14182766
8593059
7970133
4303345
5770345
7665665
10175167
14718750
9759726
12361199
10342176
11854034
13171388
6170614
12357451
10018083
7876815
9118211
8027566
12201069
6175122
6839565
12362656
15810012
9813290
8818661
10419298
9906527
7612772
10266619
6356319
6793116
12524367
11775843
11290740
6629688
9737908
9573185
9669674
8676207
9566839
11021443
8141381
6360094
11103874
4877914
8540664
9142390
8834215
8329403
11730853
11147436
9986065
9370676
10692375
10725731
7974747
8703394
9201693
9219966
7572525
9999802
5586380
7607023
9785452
10820877
8073610
9913268
7944790
10407386
9887775
11172264
10079937
12668537
13745086
7613585
10723990
8361971
8671666
7785632
7536323
9465141
7192042
7722120
9700354
10262244
14664711
8776407
10184116
11223704
9865689
9221778
8205879
10716462
6465904
8394487
4140967
11073496
7703249
12035960
8628700
8758814
9367423
12498740
7952992
13965165
10282591
10578671
1992741
12129899
10234549
10168892
7327861
7337773
7606604
13326621
8515851
6826802
15593441
8518306
8498288
9146705
11067106
4328470
7052578
10166972
5770704
8413412
8347539
14608652
10107826
6099218
10303739
8975056
7926167
6809596
6939944
12310424
11163095
8697366
14778626
13381078
12572316
9578079
12802911
11396476
7993190
8134432
10114080
15616943
7985958
14234370
8647845
7792629
10017039
7981311
7954663
11918609
11266392
9089562
5610846
6866293
11264151
7657020
5565133
10987384
14284704
10939641
7838992
9761649
9124562
7968010
8845979
12348128
10793407
7205785
8682085
12683115
9802139
7778798
5862093
7410761
8676387
6780092
11616992
13870775
5579661
8551294
8527092
7791352
12175155
9089653
7189701
6116890
10318636
7472361
10418344
10618729
8987464
7336799
10535586
9415739
11226943
12920231
7885580
11744555
7966027
11446083
6944125
11099210
9820552
11057511
8615840
7056768
12449369
5486398
6242911
8257893
9228585
7712804
8713975
11172797
9835616
7252741
9652255
8278608
8916218
9633937
9905286
10208650
8011173
10473167
9985297
6589087
13625629
17237425
8992176
7632199
7955169
5574139
12874320
9726757
11206869
8259799
7579868
10867289
6008613
9781937
11850671
10249995
8111071
7623120
7334169
9700946
11593183
9356437
9603943
9277599
11577671
12468574
11278411
9071267
8275782
6094247
11076807
10993440
9678019
7718422
11863746
4629992
8835514
8990425
9218212
6881888
8216087
7703197
9339859
11820147
7279137
14802062
11992115
7450787
8666741
14934014
9754542
8960984
9806195
7869591
9088594
9307630
8764629
6560530
2914632
9733603
8936190
11280183
10585228
9465588
7996803
12214816
13814177
10215145
7798415
6455463
11931269
6130437
13546688
8795819
7389185
14195090
6255454
7512100
10687063
6781759
6115630
8653244
6671010
8814429
10118480
8346725
9993197
8183457
9568000
7516185
10311777
12075086
10671907
7026643
8023189
12604594
11232732
6596762
9904264
8489955
7675490
8746931
8880525
9106132
7642513
12246891
14261379
10529398
8200215
13638494
9199498
10061229
6887376
7476492
8824298
8115959
9368110
4877064
11372912
8598956
9490218
8554171
12556991
10949311
7722906
8729284
7393183
10642351
10879983
7882692
9837858
7763708
6508170
5512537
12847180
9413428
10785562
11373378
8914033
8197234
9064197
7701533
10614388
8034558
11272145
9851138
9773858
7523012
11365548
8901367
10164640
8256930
14481728
10655671
8562002
4306468
9230551
8292260
12475087
9399990
7176085
10090794
8856902
8053803
9309406
8959667
9143205
10354993
6372203
10738837
10749385
8656705
12237147
5691069
7702235
11084863
11051382
7449721
5845682
3925325
9140070
5079258
8532694
8273764
11024040
5809090
5988145
8147471
10906452
8006264
5034697
7945638
6499507
8532540
8114277
13370881
9674869
13173047
6288131
6199121
11020039
6034471
5730517
8964286
11033843
6875711
9609193
12257556
10176863
11163674
10578028
8142483
9369145
11838059
11568887
10634577
7431812
9778688
6286948
5713992
9444662
8533195
12541950
9148764
6392874
7649840
10265766
9468660
14204154
5277599
5084092
8263462
10544800
16369807
8122387
10224777
11771031
10881758
11549476
8290989
14338961
8168638
16038008
10180954
11752758
11841486
10425971
9660192
8604568
7307186
10883940
12068736
8821314
7777802
13371339
4647105
8307272
8695133
8726710
10889316
8380042
6737750
11075149
6882612
10016081
7337022
7465293
9524751
9690592
9392165
9275197
8278178
10021273
7345617
10075790
9598109
10114261
13344780
15700030
10668339
9655203
8461944
9467127
12032704
7468460
12390588
15982663
6656394
9461507
12817435
8518468
9997291
12484842
5748704
10195084
11386715
10947286
7847240
5790369
9365814
12287227
8680625
12563881
9537374
7967988
6795231
10214351
9635608
5795347
13253252
13602986
10263153
10376123
12168928
9297872
9469769
10371604
10052434
10237045
7057471
8084285
8669841
10727423
6540228
11321338
16431866
7914721
4712176
11545189
10413012
10233143
9342541
11709934
5262040
12027061
13884473
7858723
9596831
15235461
13404938
10651357
8002042
12011639
9290153
10078214
9012862
10567430
5972028
4880052
6394325
10710154
9362617
7236049
4836433
8264308
9200386
11226511
5703728
8030465
14414844
7107334
13206494
12093582
11276810
13804765
9852864
11044758
5822716
8945834
10963180
5611660
9369963
12007455
10240648
8572514
9568474
7166962
5454393
8336288
8430419
9901099
10137310
7593023
9876603
9073071
9492780
7647845
8493399
7512723
9388267
4517581
10791353
8200745
10980629
13651342
15032544
6087213
7433945
9140689
12154641
6190574
8121917
8022980
6674474
9190171
9718028
10203403
9383382
9795922
6497410
7811603
8540949
8840029
13338732
8356300
13070351
8332651
10336037
8750895
10254320
10968137
9603278
8258625
9901286
9109931
11978612
13725931
6213220
8354895
14035915
8655671
11412285
7573024
10542738
11406551
10548967
6787632
11065453
8990123
7790017
6175195
9810395
10018665
13145529
8476385
7606484
4637720
7136544
7479102
12251059
5150704
7856326
13091151
9705574
9764445
10169647
9115144
11722233
10050074
9467170
7561833
8061533
5052928
9405228
6582136
7341039
8535449
9265070
7094800
8278746
7558272
9602327
8169799
14194321
9674729
8956914
9561559
7279182
7968994
11915992
13117136
11041018
9721359
7213046
12946706
6316045
7320327
8860153
5227043
10971579
8904289
9609008
5743934
7187157
10500153
8154255
6748797
8505337
9950349
6220124
8370751
9907514
11872316
6801111
7306694
12954316
8456800
11246996
11920386
6594404
10153640
4287516
12314697
8211721
7634399
12964456
6441104
9770107
10568901
6974226
12809459
8712016
9871720
11345656
7241874
13876696
11669806
9283661
8757385
10947444
6386827
9294494
12529267
10649281
12227766
13063420
9526439
9223075
13593906
5592483
11327590
8396540
9777498
11092861
8490033
10615052
9990906
6669804
13647828
10757520
12272386
12518551
10237604
8599903
9526008
12658832
12353296
11578687
11681451
11247553
11333675
8439304
8432193
10082438
8283913
9819587
11202654
7923290
8627725
11041096
13107266
11689902
12860226
8235536
6648321
5520027
11426565
7573136
10353974
8520844
7987401
8950474
13002247
11373800
8949714
11962410
11484959
9840029
4941195
9515744
9363621
7060023
9291137
10025422
8009064
10552512
7527072
10667145
13119551
11014805
11306073
9972525
11602781
6771764
6601609
9354437
8048869
8768191
7924526
8981193
9984010
6220999
10729491
4101607
6935839
7688067
7070961
8808529
9133953
9264935
8383934
10395469
9331485
12497623
12997637
7447634
8408473
11347127
12459920
7211003
10114082
5369308
6069192
8010357
12378264
10017014
10689041
4641156
8238963
9500063
11202111
9219442
10674387
9160299
9041984
10567645
12772992
10859300
7814949
7274120
13326904
10162673
10801055
15168759
8365428
10176085
13567786
10211995
10593294
10952312
5977474
9411433
11307639
10457372
9155446
14382753
12228883
12337002
13378950
9362502
12203856
10905047
11584050
7177550
4971414
11332418
9333693
8197802
10771140
5159494
8051647
10240855
10252038
7522786
7352032
9517508
10137491
11988509
6647582
6353614
7534516
9459184
10166886
13913006
10653402
6969255
10290253
8041432
9733681
11514316
10238307
8183821
9575411
10805397
5220659
9349511
6263469
10927048
12712302
8471663
7073248
13486745
10105866
10673608
12236068
10014632
13196659
8582966
10989631
9866550
8118410
9284533
6810805
12950785
10047730
7609752
8628916
8134860
8904297
4891006
9186048
12141426
10620830
6619887
12088671
6303870
12018289
9798995
10071147
9016956
4778591
8703031
8370391
7924270
10708182
8297153
8850443
12922598
4809728
12920214
8923338
11072552
8108905
9033899
6603601
12612285
8551566
8918935
11048375
13592708
11296993
8081166
12208375
7516457
10033292
9141429
10982099
10159777
11160521
8026096
5425743
9682960
11563525
7613244
11793236
10004486
7506155
4440536
9175369
9916046
12759220
5278511
10412376
14762862
12619513
7627896
3541567
6413932
11673194
10504399
12330604
10032978
8937962
10735153
11434699
9949776
10711673
8680606
5842060
9111500
10182531
8219309
11229436
12526935
9257968
11711561
10179201
9869466
9008190
9959701
9528218
7336718
13610184
6244862
5190555
9629904
6906215
11176749
12673489
12709774
11365248
11613939
8221780
9693724
8071034
8277770
10460579
8131145
8592533
8134943
10319170
12159496
11286268
7738726
8530814
6904691
10519133
15099016
6082085
13116074
11606686
8158856
8506212
12407974
7630514
6234541
12712200
6309385
14049949
13938471
8753762
5239827
3748335
6467702
2181858
10403686
12066851
9181935
9304098
8396036
12544750
10211745
13708626
11476531
10787059
9087634
9964850
8537799
6770268
5703285
11894082
4369105
13246655
9146014
5465646
7535386
11447509
7847522
8440689
6974232
9284330
9029233
10732980
11055303
8745191
7082795
11463331
12103996
10456418
5237610
8144867
10531618
11016849
9886933
7550681
8915828
17554878
11406340
12135033
8293816
13938814
9350730
9085645
10960180
8855819
6544091
3995646
11169256
9960184
10474629
11972220
13645505
6552305
11605197
15477019
12278436
11489314
5264650
9649576
7623574
7541478
10558685
10943259
9829186
7957398
10474371
7882042
9262033
6228338
10092195
12215308
4895789
9696795
8429171
10839591
10161759
8941347
10982865
5630347
7791931
7432468
7375298
10647000
8329267
6387903
13156008
15953044
12861755
9499869
10253487
8629135
10605194
8263799
9480213
8197296
10747839
8216183
9515419
5456631
5988929
8023501
11890264
13709438
11117990
13065727
7401854
9983196
10401999
9658402
5311993
10911789
11165751
11617754
8170977
9494496
7676458
7212322
10239618
9428563
10605429
5017235
11664919
8658700
10844694
8162694
7986183
8641609
11714264
10425446
4474866
5335743
11397298
14488142
10398185
7988553
8887962
7377198
9567458
8197396
8956879
11809270
12360900
12566751
10158484
8310403
6528851
10936434
13795021
7645788
11536724
12315861
13140842
10605001
10818096
14085628
6206595
11942415
10545911
9343270
10933318
9920904
11476307
7718524
2205535
8117642
11333900
6345575
8238629
6103586
9609454
9415858
13386983
9667346
8200954
4564588
12903862
5752389
4407536
8484576
12586789
8280180
10577832
6256286
9231598
6750254
8247478
8557237
9620176
11216582
5960011
8888251
8837920
6807088
10634924
10274552
8459527
10280704
10989223
10294207
10019302
12024032
10543690
9298411
7116651
10412258
12324465
10819325
8631761
7032168
12385647
7001879
6892764
7274488
4055769
10357275
10925413
6943266
12407305
10440943
8321383
4558160
7880668
10460776
10199722
9978388
11471459
9282919
9485286
8229408
5785823
4930202
6666552
10914473
12083587
10128571
10849171
6506541
6225355
8806829
6717211
6516138
6035121
6933688
5364485
11570774
9782468
12481947
11130979
10089883
10326433
12808603
8568231
5178268
11346221
11949436
8409636
8169427
9032734
7947875
7876717
14032351
6523861
10122574
8241546
10236303
7653400
6473013
9478143
9753501
10156020
9796534
11248165
7634866
9120084
11273514
6479341
7555716
7842474
6602989
7225056
10484122
9028499
9416896
10540716
11047185
12618820
11704096
13796772
10120247
10540383
10858902
8396556
7891340
10443859
6594096
10545976
4776143
11680474
13015441
10069863
9761151
9908291
11638940
7291935
8200733
10050550
11106614
10320999
7291637
8757712
10277128
5992270
13540736
15268790
14473632
9805886
12076741
11271193
9172613
4869133
9226633
6484787
8403178
7786298
7605434
8592726
11186979
8568605
5357967
11812981
8061364
6566249
12380927
8583564
10511547
7905831
9021368
11329653
12104354
9665063
11414796
9884356
11252761
8200998
8988656
13335834
9512239
9098923
14289089
9843586
10692996
6463043
11779612
7409509
7931997
8262977
7779564
14411830
8261866
13042057
9328621
13491985
8635713
7360377
13118892
8928049
8230321
11464532
10814002
9832264
9828518
10547176
13198657
5322155
9450810
11573446
9309338
4821168
8374810
10663276
9012175
9231005
7340698
7090098
13990822
8315938
8445210
12144903
8620064
8481179
13776258
11450165
9368638
15912396
3055117
8124447
8858430
11802176
6038982
12340673
8468436
10460960
6653764
13072087
10925228
13452735
8993417
7782964
6595508
5850780
13627737
12282822
10143609
8735933
10492998
8689863
9563961
12764714
9344964
6433428
11197306
7507219
14154800
9788726
10541422
11701205
10978919
7291997
5831426
12323062
11956754
7566659
10446354
6122706
8587798
5291605
10998228
11236315
9671985
8124415
8304781
9389961
13367606
8694326
13242329
7803091
9282883
11024898
9811754
8902741
12629134
14989222
8851467
11044941
11545857
7983681
9509861
10591521
10143044
5701841
9209490
4600945
2073930
13217008
8777522
7630334
7644416
10128211
8556271
8604163
6243574
6737307
11188013
7651517
8770283
10510910
11376351
12197516
12222292
11378383
4094935
8299034
10446934
6864446
10084237
12441671
9807275
11286142
5317203
5435738
4694367
6610623
10934081
4691346
9841464
9786976
12950298
8271899
5143013
9946423
8637230
7256775
14352703
10354526
10380340
7699336
6964738
11776059
9943742
8325734
11006906
13002132
13084834
14123196
7419818
6453084
5316275
8076165
8920039
11616395
9644524
11973651
8968692
7205418
9395593
10010868
10293931
10532265
6748680
8386444
13572872
8516777
7128363
12533814
8818699
9365097
6329273
10604888
4635846
7799018
8347710
7894163
7404498
10427610
6191637
7297498
8956633
10437729
8788612
7441852
9273839
8164068
7437449
9070095
7401334
8957596
7466717
11422296
11393642
6279823
8384328
11872383
9569056
5334700
7088441
12872752
11988680
7774361
9934238
10442948
10555602
9247889
7048947
9309825
8394702
7852414
7619347
17607115
11408076
9864052
8092550
7898513
8247539
7750902
8961644
10975568
9637035
8612703
6959083
13967266
8629900
8725248
8368225
10987388
8830939
5487064
6377388
11809606
11913638
5523733
6809178
8538061
9020722
7525168
10560531
9598981
12012495
6257976
9412964
9194045
11202478
10234138
6687685
13466544
4153427
8902284
10411633
13950576
6126509
10414243
10682601
10597024
8027244
10753612
11217891
6959080
4352004
9388838
7116040
7675300
8308435
9003910
9736708
7753641
8899238
10340819
7140717
14418169
9491940
9631406
8491830
10340025
8662684
5134193
11766180
9863622
7523108
9008249
3413733
8969469
4785772
9476847
10083397
7995848
10505760
8702822
11869111
10381034
10271921
8955801
10033042
11888506
12356727
6860476
6443228
7498148
9736016
8145578
12623818
11960207
10542367
12342798
4875863
4459201
8562860
6775774
10642812
10271126
10131591
11808600
8945591
8386665
9944945
8284855
8313696
11231321
13344079
7818902
12295685
8346667
5532483
5882617
7759189
4467104
8484261
9935046
12032198
9386431
6901003
10487149
9107909
6222631
9425471
8181769
9553669
9526311
10707054
7205463
7280601
9830970
10739841
7976430
13385898
7538144
11014522
8325494
13901434
9231899
8877076
9590956
11211046
8503208
7909100
11834828
11979116
8609528
8876908
6610071
9276543
9702231
9163609
6175176
9218696
8800497
9343301
9558525
10019067
9078533
14500254
7864576
10474703
10032544
5051422
7343813
5770478
3088560
12034439
7898412
5423060
11554171
8859898
9869591
10599019
8873226
11521091
11698738
11509624
9077341
11086301
12180914
13241408
7887202
5726414
10130354
12778084
9637278
8806621
8275184
6608594
10134758
13788052
5468453
6621536
5855652
8130910
5289113
12324689
8211730
11567171
11720890
5785248
8921277
4846541
9769205
12213690
7118305
6574277
7774804
16462315
8440768
11600166
6888013
15006517
7524901
6805363
6164476
10843766
3943454
7572395
11324170
8467231
5724379
9202190
9059595
9789153
7037360
7688314
13591631
11207012
11587895
7363860
7659051
12612082
7706959
8637803
6943017
9709493
8148462
8694789
11511963
10246666
5670793
7730365
8013649
8807086
6780258
7189188
7129069
11275131
9785406
7244246
6914049
9623180
8095889
10585579
12028674
9954622
11844341
7045991
10138495
8790982
10916815
10827975
6888810
8892820
9196114
9986555
6462169
8242435
9032043
12564157
7582016
10118642
11746483
9389524
13327344
11364353
10732906
9725302
8664662
11830995
7832603
4602410
6934436
10090683
8853078
7627555
5378473
13066507
10866152
12313632
12311766
14018477
6526420
4489820
11265690
8211112
10413721
12156131
11561939
8749342
9974848
5808072
10829025
14853398
11852649
15890915
11700566
5628995
9909505
7899008
12127850
14352105
7855437
9429810
9805014
12295521
14299447
8651794
7350860
10952275
10766218
8477731
6940609
10949433
8712417
4367820
7209558
7374800
4726850
6393723
7990641
9793113
7088030
7604817
8306481
7749016
11646308
8809301
14203836
3622642
8369232
9501062
9886251
11425520
11643801
9176848
5283632
11057774
10667728
10489372
13445892
7167456
8486817
5498038
15941431
11362068
9537644
15526410
7668457
9305953
11338872
11168929
7744022
7701176
11711550
7484646
12844904
9764519
9606826
6750364
6653660
7986285
15711417
9581700
11335092
6251229
8885815
9716793
8209010
8677595
4102551
8213829
8281009
15229683
11002080
11646708
13781511
5818900
6930084
5436538
6782437
10960613
9869323
11185687
10319338
9035184
9109795
14644307
8310953
9379983
5723481
7848478
8675877
8656422
7814784
15918752
9287361
12443868
9844428
5554713
14453551
10315074
9855164
11423875
5210753
7940827
9302381
10676758
14690024
8741058
5683013
7036895
9403170
3600692
8622242
9551379
10357687
12777351
9342572
6909325
7388452
6905047
12188036
5679035
8409406
9098618
9660887
11737546
7886185
5443474
6963681
11407965
8253696
11229858
8202217
11281874
5753829
12007645
9608155
8353884
5173090
7586496
6622318
8755575
9708970
17791490
12845954
9839183
9589540
12796938
9250107
7233437
8445476
4509655
12028846
4554470
11521848
8536866
9817809
10080628
14269344
11735741
6045523
8196276
12457841
8162703
9359726
5093228
10406410
12069221
10773204
9283025
11789617
7162835
7681209
7741625
10975345
11243870
12508450
9705804
13248693
8757545
10215244
8863689
11691093
11066965
9242923
8172970
8268431
10623325
5692532
10180821
8334503
12663192
7543959
10461512
8651594
11959866
9389986
8755035
13315154
6511116
10956090
9587022
7729853
11982583
9667136
10553662
12150798
10967161
7270013
9522188
8722714
10472500
9476979
10594286
5424881
8592483
10221827
6476721
9458671
11688682
10199769
7789649
7903935
7873682
8977845
11928679
9729931
10169700
9783866
6293336
6729954
13155713
11107715
8118362
7364320
10034824
10544219
12262821
13273191
9743230
7269669
10542570
7020656
9018745
7644827
9602917
14296365
10357632
9865454
10414003
14965800
11234300
10381951
9063183
10757341
10824107
5551831
5605905
5572109
9382500
7309474
7098161
6538944
9227200
9515925
8972512
11287257
3762831
7608547
10563106
13175722
16084405
8814034
8916480
5607004
12851855
12402669
11617645
8894848
9952791
8093989
9569635
11608872
7181147
8471022
8248436
12684182
8888189
8798668
5413338
8856891
8564843
8448124
7133703
10106113
11293415
9755241
9982921
11844566
10679518
11109690
8355042
12794321
11126886
9621389
5696176
8359406
3753728
11120327
14070560
9772488
10235812
7861857
12170823
7709710
7681519
9399068
6319742
9633388
11020184
5279840
5658055
8279136
8319181
5105347
6940732
6522717
8245247
8163467
12730438
9570652
10618271
8605018
8013568
9099257
8142652
9049090
6723162
5119332
7610124
13138749
12028463
10806734
11361166
9582093
10072151
8706802
5168124
8012426
7776602
8057396
15625532
9696850
8546181
10254165
10578787
7481188
12125538
9167691
9268909
10017597
7519589
5543986
8583025
9851485
3468323
13983647
10125152
5324516
9329489
13332104
10068117
11700761
10861132
6092042
10197720
6120099
7424140
7521274
9942059
8152370
7676387
8620018
7988622
8675401
11627321
16033597
6688635
9596651
14664649
10735788
9009522
10163746
8096961
10723946
8138509
6752345
7833040
13776578
7040012
13535123
12087575
7933563
9321881
14415702
9091111
9328521
7591957
10116886
16193922
10577238
7491117
9076123
8730600
12382345
8359673
10105391
10181341
5772091
10076585
13172998
7024933
5687274
9608682
8916985
11062777
12697522
5352380
7927416
7667454
5501780
9406597
9940004
5757523
14834566
4689084
6728316
6247020
11813847
6563667
8215988
8525100
7434621
8473085
10489083
7814300
8582441
10859317
9802938
7887403
6924600
13344139
8917376
8198097
2835292
5435633
9927241
10484941
11267112
11168618
13419662
9883952
7079308
6194578
5817966
11046917
8228774
4670119
5827669
14131156
7545678
9042661
4886330
8787547
10337551
8222268
7340843
6871302
11637538
9201082
11022187
10032310
10200432
8361141
12208122
11860703
7109377
11238419
14105432
7332399
6410580
7567861
8244999
11168550
9340193
10956334
10582501
4933275
13019906
10869144
11675104
9539616
12337729
7200550
10916215
7833623
12949854
7360273
13352387
7654351
9497826
7445599
14114497
12470586
7893581
7895858
9233254
12855047
10716054
8423280
14337639
8491985
9766591
13291761
9848324
10023897
7996358
8832857
9788466
7766485
7785604
6391136
13425833
11581022
13052572
10453081
12207129
3470313
7091145
10335478
5580586
10988056
6657578
5924859
9762872
12120107
7563773
7848442
10510317
16504474
6212859
5667108
10868346
10316108
11212816
10567016
6710253
11249512
12990129
8232696
8000939
15221217
15799879
10180082
14837038
14759684
10463285
8074982
4136548
8806786
14476470
8584966
8098365
8368078
10137368
9446813
6522540
8772322
10037014
8483549
8035898
12094535
7831111
9149732
14013276
7312563
12211773
12555695
6465846
8738287
6456422
8955570
9121527
6057522
9255933
9826811
4779109
10883898
12288056
8477719
7742717
12946773
13178446
10104729
11394422
11661362
6095606
5333891
8872789
9889115
8244602
11544741
12144123
5903373
11736014
10856041
9953358
9281879
7824644
10763689
9856150
9176542
10196151
9897114
4974808
8192432
8998166
10797962
9529749
10349623
8475842
7615269
4739848
8253056
12830804
12061533
13936923
10241014
11153376
8535155
10940623
6632119
8971515
6894145
12930931
10496327
9591199
10800455
8041070
11391185
9904186
10269161
10087318
11456154
8612792
8607809
5583056
5238407
7324327
11079203
9036583
12246075
11642373
8589735
9289007
5523990
6653701
11333864
7808096
7275644
10482178
9433629
8827940
11435527
10089542
7609870
7964818
5739521
6376544
8632073
10010289
12280210
10042038
8233021
6560168
7464937
7448692
10854107
13116321
10311209
7782814
9520578
9754197
6901754
8399478
14379436
5614269
9527855
9990891
7686155
11103260
9401121
11387213
10071747
9544377
10081836
6123179
8315297
8246121
12994595
6359787
9209644
5419604
9545230
10180968
5953547
4728649
9447138
12531235
10891683
7506916
13522787
8576729
8084866
5677793
11385862
11452536
12360435
8114381
6575541
8443260
8814832
6513567
14207960
8264308
9530161
4503111
10884133
11308584
10701487
10995731
12969433
9966176
5060692
10693599
12486811
11527229
14773088
6430278
10665267
8607638
12229982
9135304
7431265
8699071
11978001
8287978
10087553
9239516
10183660
8433169
10228229
8229631
9546167
9943161
11329799
8382555
9574895
11507164
3322576
8805783
9231041
9418246
14438540
8378765
5823913
8511193
10348947
5036958
11209749
6859392
6304335
10615833
9787605
9411870
8829227
11648802
7099664
13298812
16306911
10702798
7507054
6348950
7835646
11915384
13961504
11946011
9465485
9216183
10207289
7321835
12335268
9235353
8973517
6334897
4672960
11103188
8113154
12338439
7868920
9139014
14513057
10691043
7605699
7037467
8856891
10752515
9893782
6474481
11314386
13348802
8886983
6516705
9136190
10313062
11713104
9796711
8746813
9868376
14496984
13490484
7579699
9758195
10265004
12956265
11091574
8528144
9261796
10943975
4738615
8967544
9019285
8885770
11448530
10744746
11458088
9423333
8588354
7266691
6555587
8849843
12215217
8072031
10707079
11408376
10675728
7794634
5015320
9497842
12963401
9869722
10194002
9987283
8439629
7210031
11530048
9959988
11248350
10599589
9684469
11453903
11180014
10362544
11007297
8432833
10860558
6844886
7996581
7063114
9293006
11422394
6218645
9233612
12314245
8581552
10286522
11525629
8496957
7574380
11431783
4412209
8363538
12080741
9380069
4335519
10369102
6878084
7026126
8739328
8408296
10187968
9929701
7902293
5910944
8860736
8307509
9884425
10247014
8198794
9065018
2911152
8907751
6270515
10849254
13461325
12208944
12797034
9056264
14599576
10570006
10864566
11865178
7412973
9251335
8700256
8850080
10499384
12275965
5366613
13208752
9368600
11601136
14679088
7622984
8235715
7715285
11459501
11337033
9145749
9400148
9040227
9536032
10226728
10508015
12646327
10373246
11153827
11692302
5432164
5962466
3708516
6882804
8677878
11585372
12030396
10475678
10015708
6634545
8579857
8494972
8786988
9871024
7400507
10340922
12091979
10187468
13360667
12368840
7644685
4707221
6037749
9764630
9455081
11115044
8761343
9525652
9919903
15030770
10367466
8871683
12677758
7719056
10076194
6491800
7200392
7748700
5102146
7564615
6410063
4609321
9197538
9966432
7557574
10294603
11368348
9061580
7964531
9281170
8049701
5092869
6012076
8569322
9605648
7370119
6089461
10193435
8126582
13056418
9376755
12229240
10632909
9684244
11964655
9099639
12355311
10579991
9088025
8695370
10607621
15187581
11900018
12363321
7536690
12202351
6913752
8886092
6052475
13739166
10244775
8786052
7994891
11031030
10912452
11002710
4111688
7447427
15288177
7273515
6909840
9628394
10601095
10353328
7394055
5823945
7496360
9871760
10077441
5072562
7441396
8065707
8192720
10324012
10575757
7722870
8579346
6544687
10663356
12195910
8178857
9072299
11907826
12628097
10334018
6945704
9777689
6193444
5786114
8446606
12331342
4957739
12365083
7388008
6557014
9206361
11358594
6448618
9887953
6165820
8253857
8284541
12680806
10409907
7949495
9423881
7907090
9251749
8755471
6010943
9729197
4979381
8798369
9895457
11169829
7800943
10544344
9416464
6051930
7157419
7096583
8973357
7177867
7099820
9877925
12029014
8047165
10683874
12405407
5254049
7150697
10400195
5412894
5008833
8575419
9746484
10800089
6261782
7082713
12655861
12242294
6074605
5886594
12498722
11816785
11148245
5407442
12084862
7962006
14096449
4873999
8459937
10350637
8100838
7657231
7088331
8930181
6581634
9330168
6822624
6402568
10523509
8587918
9892793
9032154
11617693
12420734
7107130
10399640
11708534
6081744
8367121
11731695
13410983
10842907
6933106
7701522
9964106
9929034
9154379
6919508
9218497
10458121
9519122
9516326
12208473
9530150
7716235
12001744
9184187
9599478
9471143
10091774
5773026
10438380
12295505
10854673
11654710
9971160
7313045
9595367
9500119
11617820
7882304
9850985
9016589
15503832
12627463
7833824
10994912
9397208
9662116
8161087
9537824
10695976
10517725
8219258
6961644
7292205
12499848
7251249
14964352
8552552
9655590
7110808
11126331
10241659
13685258
7034336
7138831
9858382
10394563
9964500
7606000
12734923
14597834
11715512
11873642
7782891
8258633
7459614
13267268
11154700
7604233
6071500
11521984
7587873
9262350
10777000
6112143
12245836
12241974
11018708
10039394
6309720
9085322
4197853
13817350
12375619
9615192
9802659
12674423
11059307
10884455
12005409
7875252
4780215
9531231
7410423
9250572
9012487
15185266
10578160
5178285
11044049
5930765
10139827
3465291
10589678
10468859
5873093
11395700
9043284
12346661
9880166
13679899
8675020
11169765
6895153
9712433
9743517
13691179
6173577
8348884
12832460
8296998
9709051
12417759
9619286
9803216
7532663
5755478
10432921
8254573
9099592
7955836
12116436
9911874
7969306
8313963
5457909
9067366
13202331
10930792
9427946
8580051
7384959
9136784
7722659
9017413
10266978
6419069
8937763
12419654
9117662
9581962
11315879
8171502
7370443
8460252
10452998
11241273
8140220
8857569
8942631
7511334
13063337
7808465
8095908
12982348
9386104
6963342
12047409
9809402
12382953
7127018
12579466
15738188
7711981
7435072
8236804
7171711
6357027
9624315
9280074
11378331
8874330
7872871
7896046
5825053
7056212
10914967
6481375
12742644
8944596
9929980
6285060
6579912
11040329
8369024
7614179
8999052
13702553
9551670
8615713
10859740
8371184
8141510
11405306
10849077
8111830
11930895
10684270
14847551
5437396
8624527
10198761
12564540
13344570
9197125
11099096
6247074
7447520
12762343
9468747
10410980
6659288
11675609
6617344
8394728
7271200
6090553
6637818
8460557
9446940
12514713
9061601
6049785
7932764
6927375
9433166
7327113
11003272
7653403
10693066
7981096
11526552
6300773
4962655
7288816
9343126
5948977
8706111
6959408
8130800
13845022
6619857
8237779
7240945
13838069
6452233
9697455
10836335
8017781
11985629
10935895
9715618
8401676
10782574
11742254
9440300
8915730
6647699
9118048
10450397
6616326
9426443
11219134
4268346
5563500
11685520
11141992
7581940
7225468
7764168
8863477
5597783
8759500
9279543
9954447
11687209
7471124
10982164
11638913
11524886
10085894
9746483
9088148
9280169
5626783
9577414
11715293
10855991
11270276
14142124
11194312
7640508
9998280
11110720
7910390
10476566
10421280
9946255
7334606
9739725
11950409
7130080
10311094
12768474
10486100
15023853
10699882
11184934
9185777
14634874
7899742
12223670
10243679
6283364
9060762
7772872
2178537
8390530
7317749
11519406
10334515
7629107
12161912
11531717
7747372
6845484
9467235
12462248
8865116
11739451
10015028
10642271
10911665
9313096
11207012
3898778
6977786
14649619
13822847
6949132
9638756
7327348
7646977
8323036
6476484
12835282
5710699
13385844
9586027
10380216
7074255
16203135
8435888
7004557
9028005
7039931
9611296
8437677
6130213
9046329
7120967
13870868
16151708
9646015
8135148
6519728
8692391
7532380
7133577
9561493
8559182
8749605
9336767
6776245
10335955
5716038
8946524
9513551
10422240
12666205
8984133
5659919
8345302
11164868
9314222
7087771
9446125
7577348
15191404
9866962
9663548
8677571
11332165
8394011
8085442
8480641
9672515
7941962
6918865
8872541
8361681
8492790
5497716
9545058
8790716
8171445
10401674
8326906
14936773
6420926
5295240
11465323
12159160
6851645
10192667
7677342
11083316
6533152
10906250
8985371
7512056
10135601
11568912
4658282
9073528
10283582
9524314
9883481
6807513
10248719
6073696
12959181
8168180
8832110
4573915
9883647
6797115
10341531
8642856
7168239
12725677
5662598
10376413
13456216
11439559
12174143
5846568
5758274
9558267
11091848
13184230
7948585
10404889
9734233
8134085
8917689
9395378
10590036
9961648
3619976
7371510
10706612
15062521
12137224
12300741
9783955
7678730
9976387
6931451
6541956
10180247
10685209
15950432
4145024
8705291
10910719
11814168
12600026
9138383
4625405
10147338
14418772
9927009
12501421
6933459
11100834
7516387
7230322
8970495
8245429
10985072
9284044
10138884
9771196
6922482
11393820
2891327
8681770
7595784
11532792
8362421
6654935
11992140
11281776
10314424
8959650
12340689
7478324
10590610
11924345
9370269
7874906
7695202
8366836
7067037
12314989
8356316
7831894
8841309
12409601
9095032
7232895
7449932
9896213
5194056
9627224
9494550
11241456
10337388
10421352
7533638
8615855
10899186
7043664
10190502
7686225
8788605
8485539
8791060
13618489
7583612
9573075
9477357
10237743
12951960
11572793
4677623
7539944
8418755
10439617
8100260
11222163
11704867
10183583
14754312
9757362
8298877
8232891
13530383
7889030
6794071
12587450
9328729
14765950
8528965
5073155
11224456
10198184
12250159
10411634
7108548
9588453
11813501
6976711
12325949
10164075
4948286
11075069
6916972
9557935
9680243
10337329
9284723
10962295
9214078
12966153
9794962
6355424
6510996
7523500
6695973
7612362
8520778
9591706
13331301
9458438
10405784
11484899
9015971
14641569
13385190
3950243
12906879
10944448
9111215
7110281
8495948
8379223
6230947
9829984
8616756
13209114
8333549
7956255
8378951
9946980
9453845
12551508
5566293
7507002
10040005
9121706
10442440
7646806
9361878
8723812
11111780
5620301
9778061
10936011
8339293
11226725
12140583
11755868
6787499
11133502
5368867
9659480
9558127
6657375
9282976
5843417
12965768
10075462
10451553
12678979
11998394
10373150
10449482
7180973
8384805
11669825
6945745
6436608
10637797
7931456
7065139
10689098
8583886
10550749
8911000
12936807
10246582
11231269
6120884
9844363
9475466
10770633
11087203
11496136
7497305
12949804
7879864
8314553
7693561
8053419
6410657
12196353
11614511
7729209
12602129
15134085
6410711
7542846
9191018
4119821
7151676
7520658
9001857
14481618
10137128
11870029
8331092
8815960
5826536
10162387
9586208
11492055
13191341
13404460
11240361
12361746
9532365
4514773
12724375
8155522
12277563
6036088
4562358
10886556
8943162
11076670
8054243
13558911
7146064
11040816
6639404
7513115
12172054
9534775
11394365
9988126
7041988
5022436
8990672
10717635
8420282
12730280
9183092
8006651
8695508
9332608
9445454
10235255
4869777
9052705
7625662
6948809
7992397
5534579
12141778
9320700
9266815
7674196
7569418
10747768
8601792
7751250
9814431
9211044
12147416
14430132
8998661
9222229
7418869
7734754
13963865
10364586
8302997
9169293
10070404
6499058
8859923
9309973
13861426
9574487
8209771
9742279
8305755
8366473
11741000
10296766
5062960
11744827
10374890
6979989
14372316
15756063
11075073
9299728
11789197
5121536
8776972
12693383
6612350
11775146
9669077
16147106
8127820
13825013
9232975
9215033
7837108
11860262
9573678
11673099
8274675
10140930
8111257
10057244
10560945
8751082
9670254
8443104
10102458
11909247
9515492
7009688
9797912
8885558
9060632
7765429
7257270
7322662
11178682
7390343
11436788
10488920
7055423
3611533
5694759
6337126
7532651
11205098
10070118
8497374
7209653
9909303
7243977
10756531
7431586
9677153
9446784
6682774
8581748
6760177
7405007
7823986
8919478
7070286
11832359
8604345
7544684
11171831
7305028
8275157
4797597
11675576
6178676
8323645
12804480
10085386
7288250
10008125
9984203
9654745
6443871
8186267
7760219
8271620
11931614
12154379
14393218
7292171
10830642
11921787
8275691
7048590
12085176
12354792
7070991
8955015
12302056
9825073
5346148
9539379
4361392
11936596
10591861
10808542
10377476
12029162
6185998
10023352
9573056
13396911
12785698
7901874
8818530
12366782
11081167
8595641
9479053
14249789
8984374
7959250
10277554
14382336
7996444
6135878
13350988
8530357
9430071
7711677
9572398
12448249
10812362
5598125
11959675
10776503
8978550
9492980
9952889
6330980
9186753
6620835
8683737
10341135
12897513
11652257
11516279
10646764
9204326
9102785
4757518
6652255
8034059
10013996
7665151
8526903
8017560
13663833
12307408
13001390
7823032
6794998
7347087
4658044
9176400
9955887
7971560
12049499
11422483
8169786
10622767
11492140
9475922
7122315
8146985
8329931
11272583
8126988
6798989
7547799
14823420
8621778
9994398
11960665
9916347
10426437
7876822
9396895
9268918
16771807
9760091
8944918
6289296
10386908
7700319
8347725
8586364
9241048
7423575
8010528
9625277
4739498
8542746
11314661
9405258
8870536
8497393
9916204
11165011
7062662
7012492
10804328
11544192
8907953
9790287
17057766
8055534
10932440
10787766
3162728
8385080
8823068
9355515
6320388
6932732
9029943
13064009
4838406
8710955
7550727
9103261
11398160
9911817
17459923
5573292
11814763
11723482
12879019
7201819
6745215
9402021
9520617
7511193
7247057
8564398
9107303
13642152
9567065
8581755
9274634
9790821
5135476
10600067
8021694
12467265
7365548
11368702
4925425
6570561
9034553
10976489
11699089
5298012
8202744
8600697
11310456
13547767
7983545
7740195
9312628
11483960
10081045
10325177
8251791
6403608
10714227
7707356
4990419
5985836
10297190
7339560
12294947
5888834
11127208
8270485
6805451
11491317
11569267
12920246
8322425
15324920
3864221
11269387
9492756
7403978
11924889
11055768
9937934
10565732
10697522
6571550
11811332
8123520
10418552
4591715
10869142
8735684
10085480
8918050
11190687
7978099
14717364
6817327
5601658
10838213
10950928
11328666
8362598
9915007
7508661
11757745
7556613
7940167
7053604
5762439
9321750
10575351
6176526
10101895
7051026
6926867
11583333
10825254
12178966
8443403
9156715
6931506
11217012
11603992
7839050
10090820
7297298
6620081
9476938
6856532
8408432
9994216
10321349
10653444
11465431
9969541
11724785
9112875
11036586
9889058
9434522
4052583
8093320
7366604
9615524
9414152
6805902
10222905
6953229
12123936
8068342
12155265
9796604
8199659
9270763
7431628
13041868
7250207
10260753
5826580
11461518
8283873
7369125
9987708
8671148
9621591
11126158
6849081
6257977
9989912
12915236
12765327
6628580
9198092
6382172
9336617
11616925
6069318
8804965
9133203
9442699
10605671
13054030
10817980
8889946
7433187
2980124
11600551
12567826
14694831
10083790
7160959
12168378
8167566
9633498
10668822
8917222
8731701
7606289
9401097
9613625
8056773
6572672
8895751
11393926
7343827
10400514
8317960
7588586
7597606
9325188
10942168
6538414
7710950
8621455
8146052
12735672
10840676
12821282
7168168
6096980
9932840
9706038
6677786
9825094
10085736
12822206
8150320
14741419
8623003
7601749
7111020
8417056
11035144
8351094
9301876
4749341
10845826
7200672
11385072
13613224
9284203
7981072
5305039
13226563
4541911
7004314
8118157
9133171
9777763
10088122
5187406
7326337
12780024
10826818
11510119
13092993
9805470
9539047
9169704
9978627
8009510
7734341
11050707
6582488
12019436
9084858
10614823
10093419
12373959
7748523
11321433
8391680
11097608
9656299
8586578
9756796
7761057
11876216
12701886
10023828
8916115
6959641
12707773
5577010
6657469
6038420
7753035
9002063
14220363
9818124
12050973
5652157
8409019
2660971
10779706
14878809
8206473
8613164
9630841
12084269
9639386
11391192
5870887
11086702
10935063
8957125
10735953
10629202
10218187
7975311
6354660
7657149
11944516
5970368
14705240
9447082
7908534
7388234
8775464
10069398
8552386
9237785
13310720
7504720
11403623
9954164
7899224
9687032
8795343
6858376
9120285
12865097
7974012
12581037
8529423
10061765
8665327
9153385
8530217
7068773
9008516
6936627
9326544
8499376
5258294
9604603
12253619
8534307
8685611
11382163
12035115
11063782
9587187
10335816
10691349
9877228
7872538
9902587
12479917
13107576
10086196
9854634
12078186
11729334
8829973
9476365
4092873
9056538
7512095
8537005
12597630
7424382
7081327
15525538
9250433
10209738
10289794
8895124
8378909
11457451
8762763
9216749
8880288
8810405
7613187
11500129
11292161
7951706
5918738
9513832
13076505
9392429
3818875
10782989
9862568
7873976
12943333
10235725
14725365
3215853
7506054
6732366
6806350
7877518
12799351
10959590
4760441
8972538
9108163
6698476
10721858
12397518
14868588
6816883
10763016
14365180
10999461
9070069
8870821
18493587
9147386
9387072
7133607
9233203
11150539
8867869
7967268
8086788
6056324
16014657
5653119
11392068
9688004
11077143
7008673
9652856
3578812
11405246
10411159
6171688
7122571
9239833
8951319
7131406
9520247
13046371
5035759
11059596
5720665
15709038
9423836
5879445
9338794
9095194
11927682
10563639
10554728
7473030
12221178
9033190
8882491
8516476
8820099
4771018
7783971
8525699
9378085
12089367
10985025
12366227
11093467
12283451
4606211
10429326
12763963
10426573
11030794
10163845
10648634
8672961
9116383
11666187
11434203
16546183
15493863
12019240
7880380
8065115
9204236
8736829
8743518
9559433
10200634
8439863
11570281
11521416
15083829
6888081
12427317
9525107
20464157
3826333
6051080
12435612
8463369
9443925
8359884
13050350
9384017
11035242
5830010
7546284
7773125
10590394
8468219
9267702
9686072
9056281
8306738
10978914
10330028
10767955
10476729
8171644
9966107
11809363
11563201
10526381
5075696
11042288
10174781
8453490
11304818
12350493
9334039
14753265
7090042
10369359
8980840
8742330
11559113
10489542
11925942
12511116
10430173
7003130
10419290
10266002
6430145
7763827
6120160
8083984
13044476
12986005
10326369
6819152
13664800
15589538
11249463
12352386
7622057
8496486
7974054
9606420
5739755
9575643
10603905
10141199
6992336
9331998
10152746
8624351
10299050
9358429
8515245
10754957
6375551
11715001
9025134
5065078
6177334
11929720
12563808
2531542
6837443
9418031
6564988
8234580
10126652
7887365
10132012
10244427
9878714
10110196
12417506
7290101
8794944
5888436
6221139
10655543
13072000
12761115
9014052
10162856
12058468
12040771
6017030
8536850
12126567
8538910
7247186
16179092
9966975
8753096
11487279
9061654
7572235
7311207
9494137
7082683
9665966
9435254
9660484
10352828
7922537
12823637
8221523
10794454
10693889
6980033
8560385
7782738
16875791
10631995
5689046
5640127
9125158
7712888
8470419
6114451
5554191
10027447
10086304
6541782
13621115
9451456
10257309
11191953
13498104
10553428
8860848
8323280
11753340
7887699
9260740
6877491
12950132
8724315
6959415
12431006
6613644
11578961
8906334
8641510
9451847
2992789
11491947
8456140
10967831
12553976
8345930
13563970
10949623
7199024
7976697
9073843
9617298
9816063
8404784
4780591
9493830
12582211
17414956
5066832
8902019
4904994
7383357
6468758
5545692
5462980
7629414
8293026
11658119
12819979
11406504
10369412
8149074
12572528
8480705
6138722
5769265
5547796
10443239
7404194
12763403
8459702
9737285
9453742
8543326
7659006
10422454
13481197
7256433
7510593
12675454
8280689
5552020
8861148
9077245
10662349
12989271
7909617
8447143
7091447
11562821
8720378
8160703
2234912
10377558
13326306
5938727
6782907
6804460
10276710
9944943
9362635
7352770
8677605
5845173
4646062
8238353
12001580
9028513
13068776
11983825
10489425
8234408
13193428
7075609
8403956
8655244
9689811
13223209
10710876
7382121
8485763
7414114
8337908
9221092
9720150
15105404
6606327
8804310
9725500
5212424
8547319
7884755
7397006
6106357
8240303
14192244
6314449
13777602
11340878
12751337
10657589
6478507
5283577
8124757
11319049
6224087
12969041
9284196
10889730
8307266
8646811
5825286
5347409
10049686
8958399
5433523
7578840
10953883
6752702
9166788
7655822
8400355
7437894
9746974
7497851
9258472
7648997
16935486
11313763
9057150
4691743
10595177
9006072
10472060
10913326
11542631
10867461
12082356
11960498
9535634
9559537
8794092
2946030
12484013
10124134
7830244
11638331
7809426
4800482
8524950
14822696
13505546
6196075
6664415
6817825
9464900
10097942
7062979
11312376
12123546
8589081
8407807
9014669
16167761
13468251
8740828
11767047
10355000
6547149
12518846
8721092
10799640
8240649
12208336
8565826
8882934
8962050
12609759
7650034
6575591
10977850
11497531
12229237
13708375
7730741
7336543
7014997
8703620
2336703
7882499
7519582
11311515
9826579
9228016
9630200
9791611
9259646
3833051
8622997
13481315
12194509
9274506
11055715
10460450
11486714
9541659
9940856
8944572
7625146
10609208
8327892
7842794
9271371
10957422
5968396
7742811
10280352
11582613
10088827
9679596
8987425
8004481
7670628
12437897
10187972
9986082
8686572
8907289
9055355
11066003
9475726
10113072
7306398
5206941
8415846
7183011
12027689
8514159
11301377
12857174
9150520
10046660
12262926
12099288
6575760
13255030
7578444
13643644
7960436
12391227
12452648
8846589
8813462
11990122
9393647
11973225
9771186
10473890
10028845
13110102
5393917
9474614
11814130
9843884
7874360
13441021
9354118
9157295
9632779
11157248
5650001
7581332
8399938
12396155
6359795
5330791
8121100
10262086
12698651
9670936
8728188
9124629
9089340
4524858
11344262
7656782
11535224
4846095
7221563
8168326
7743661
9752970
9450160
5345001
8852104
11283877
7660274
4620690
8200582
8381799
7027127
8617302
7263001
14045004
11113138
12317622
6450018
4172787
6622602
6093061
6910855
7781815
7042351
9696116
5480776
7593317
8678334
7377176
15125137
8185568
8997852
8859690
9982835
8833479
9606795
9511015
11906623
6953752
7300698
5650413
8025923
8821327
6057905
11452174
6943593
7862386
8506153
7455475
9177379
9867152
8599218
9513606
8752053
10451364
9529718
8970139
5992681
12300691
8287562
10555817
9521155
12149875
8841633
7012575
13559922
8972988
10304081
13250108
8613353
8753529
10667197
11993599
8665760
10334335
6906976
13085223
6417557
7586243
13712600
10296130
7363145
10125808
8437045
6448523
12591203
8590819
11483403
15564429
7486469
11807363
9530077
4348097
13219290
14167466
8798465
11364834
6896232
10480069
13282916
7247532
12130108
11585944
10467369
4946033
11976661
8166130
10181842
11038411
10294700
9028737
13074584
10437665
9871650
11434776
11353446
6882607
8110741
9589470
12478287
7851186
5425813
7001948
10844357
12382487
11471639
10497683
11055843
10228810
6674625
8753839
11865176
11903191
12015331
7856723
7058262
9805028
12537158
9969186
11626875
10504681
10177742
10702615
7150463
7538653
9327198
8872606
9403026
10144556
8033917
5377146
5828801
8651102
7827478
9260611
13336842
12377067
10404387
6224299
7245885
11521169
9445311
13142258
10999282
9861282
7870524
10333743
7133861
8948572
6054616
7956511
7999217
8859682
8975376
11711533
7148542
5533130
10680959
7688317
9496052
6781130
7494160
11248599
9233185
5778057
11592360
8233299
12411955
12293702
8476543
7316357
7817304
12430926
6847004
12213056
8448178
13545478
6211715
9152654
9866013
7108656
6607038
9295555
10860973
10801561
7167439
10798433
7595201
14508187
10730013
16982301
8206882
11972849
5755947
5158304
10224213
9055368
9747299
10265715
7371522
12219644
10320945
10671749
5488910
8636162
5355577
11130376
7747955
11927310
10797564
8361990
10290209
7737331
7334616
9540020
4846783
4239699
10320123
8765531
9008289
8794431
17579830
11941927
8558149
7947060
13082073
11925011
10308386
6437848
8529163
7195271
8079941
8693167
9628956
9340068
5539909
10029691
13035398
12179675
11841613
11242458
7549359
10791770
9103591
9270486
9842090
8572851
6713539
11147081
10729134
5727847
9978608
7879273
7294392
11208775
3715376
8020902
8931025
7362503
12710019
7590898
11850228
10882839
11220291
8031743
7969908
7999710
5209996
12499423
9051308
9267083
10960832
10126447
10607686
11487233
9829054
9332195
6350645
8731644
10345737
10210337
4043178
9274010
6729080
7792519
5610200
8324038
8542854
16450595
8712386
5899761
14638368
10950865
13688264
11110639
13328289
7068111
8484404
11924518
10199688
7879569
11508420
7500473
5404900
10513849
13414144
13504096
11334886
7631872
8431719
9818153
8451357
10285375
7476912
14095029
9864787
14445983
13415045
9755649
10916793
9088583
11672466
6867098
7291185
10933500
4733223
13493081
8461504
6052932
7676255
8578159
7398067
8978011
10319746
10130949
14446471
10777309
8792737
5343857
8332743
8715402
6129842
13402792
8407323
11203840
6356864
6685803
3449717
5961085
11063112
14316488
8335841
8492983
12238690
13228664
15811673
8668557
10853261
11545918
10658435
9993299
6496725
7184775
8890360
6792627
3055612
7504190
13274232
11959923
13162170
12693841
8879648
12755287
8679625
11826125
9699694
13306835
6308923
6343276
11843995
12511586
10028113
7461368
11279900
7546547
11133321
6418197
11017635
9746623
10631503
7302394
10379411
10899780
9309939
9394887
10905975
8861347
14707459
10827473
12624232
11308572
7049837
13600912
12773853
11163852
8960771
11429511
10924348
8306554
10460677
8376304
12462488
8101115
8661235
6475530
9061055
11255084
9290598
12322794
9139317
6880906
14934989
7077140
7456756
6408705
14697390
7795412
12451065
9080213
9984006
5962114
8939756
7510349
11876829
12237635
7729795
9590806
11418495
8091911
12794264
8100000
11643115
6672402
11578027
11595754
8380355
9228908
10380163
9316079
9461602
7843940
8083366
7684781
7800309
6627662
8344850
12857857
8525133
8302706
9099228
9092091
14445292
11891217
5787033
7487911
14347982
7337713
7365018
11011717
11349558
6355955
6908389
7844668
10307410
11196404
9283411
9778090
9422448
10716894
13035095
13984554
8167246
12103899
14500014
8234073
8737050
11082113
11441590
10952276
8240632
9641262
11155943
6575994
8968078
11614414
9504554
12857049
9247385
7068969
8317457
6103047
6258740
13991787
9241354
6620833
8501062
12537377
10203939
7684524
12885996
10503232
7590091
8604782
11915412
9193008
9992574
9661024
7593185
8280052
10466234
6415697
7428940
7478295
12226889
11917900
9618070
12625405
6113811
10932442
10754372
10373998
9895745
8913851
6579113
10868093
10146999
8916230
8393093
9348941
12532491
8610624
2831270
10259770
6063322
3989454
7093956
6926453
11626771
5210252
8160414
9389413
9595006
8704591
12426079
9021665
12994452
5282093
14883436
9713632
8569062
5229806
9977211
10028704
10755985
6375306
6904704
11013802
10179763
9718790
8344250
6155578
10823301
7442611
5623220
6290669
5920175
13406186
10252839
15629881
8207099
10424759
9833142
9883565
12475110
9910151
7266101
8553225
7550932
6131000
8507424
10318193
10109595
7530984
5250037
7469958
7875573
9633205
6944731
9143772
10006751
7227766
7120366
11805884
9960927
10234309
13170139
8985644
8101558
8660365
7584527
8687993
8477171
11107269
8080707
8551365
9576884
7580638
11460411
11881744
12105008
11981432
9874835
7616950
5622136
6664964
8855541
11823549
10458966
10943649
12901782
10133521
12036422
12606994
6348891
10013167
10274002
6782578
9672050
6492102
11247367
8834315
10199692
15600538
10353399
6576727
8637814
8531548
9085507
8111328
7483601
9580678
7810066
9417655
10561384
9357988
8992598
13000933
7385455
12223097
7568839
10744003
8792561
12167632
8000265
9896228
8443448
8445525
13054531
8115951
8864858
8859289
7598125
9763295
13888671
9200507
5545081
12356362
10887026
10502997
9170746
7796693
8371235
7555716
11923624
8394886
10140461
6059218
13292634
9019253
11273366
11332507
6055513
9786472
9208947
9877616
5320035
6315067
9220221
5009771
10891884
8347012
8556086
7882672
8335862
9872248
8400880
12639639
10645322
9195720
7473020
10192470
4207222
11729338
12865083
10221630
8857275
11373668
8722835
10217414
6021690
10054946
10810554
12026395
10612589
6631988
7999955
8098344
5517957
10105256
9469172
6670116
6712139
7822530
10157478
8432222
8134538
14782957
5745492
11710288
11273061
10173116
7819652
10873717
11530442
14165860
6642669
9571517
16127437
7605210
9629896
11878563
7179589
8124538
9353063
7502916
7394452
9964517
10927250
13326697
14065847
6255284
6897396
8108269
12022857
11441690
6453878
9360652
9844548
11498745
10061313
10193746
9369015
7692965
4023104
12215264
13085530
5942399
6825291
8713879
7086187
9834868
9618515
9622780
2799676
7184644
9287862
11413925
9536822
7314809
7482625
9867462
9000677
10916801
11511719
12789271
9504214
10030122
7938681
11074195
9745625
9530340
7300920
10303736
8154649
8543743
9642507
9650601
6904889
9699507
8107467
10717898
13837953
9739507
9740134
9869891
6360920
13121109
9917823
7615355
9615315
9061528
8963809
10768448
7502905
3620332
9088275
4207991
5166574
8089167
9578634
8977130
8944100
14882737
13622024
9492435
7473836
10386148
5656494
14110858
8293639
11545857
11481356
12119293
8403360
8181623
8313186
11185037
6524743
7917571
9143437
11636734
8514541
5854349
11348746
12771959
6259743
13577513
9908932
6256582
11061253
5980261
7246601
8565795
7587115
6963900
7182820
6160252
17189977
9909683
11445240
9127342
4365205
8851688
10015439
12227587
10386356
7238457
7956972
11744944
8779144
6014708
5406254
9672268
11996155
6071280
10388493
8342028
8361426
13535135
9413897
12134373
8688638
5795209
15582630
10520624
8889755
9571708
12162431
4718971
7680327
7162036
11873233
10235672
10492512
12417427
7240047
4677110
8125592
14546201
6991908
9219885
9759028
8440110
12490238
8836972
8154583
8890054
15904644
9257024
8045227
7421798
4989827
7011480
10634452
8282599
6226631
9946984
12554249
12542561
5511111
11028456
10094117
10027200
10548335
10231354
6463476
8490054
9634462
7293411
14231373
6674943
5134332
8930955
8215496
8904832
8229860
4530097
11176404
11157593
8136575
12252708
7634425
7326281
10888097
9993887
10359403
5629109
8953222
8710387
10043484
11822933
11271747
15281279
5572384
6944140
3926214
8073118
9813374
9950695
7748716
8815479
10566776
12782180
13314351
7690935
11909649
11349169
9656847
9835563
6496585
9024263
8023020
9031966
11908461
8330725
10358412
11739426
11505156
8995093
8696555
10085198
10924121
13595924
7859304
9634230
11017359
5337032
6617103
6032769
6095987
12656126
11591278
8771206
6038315
8644743
7830093
11026264
6411272
9684724
10832014
6150651
8874988
9311456
10762002
12226917
8639248
14443635
6513162
6740603
12496042
10231441
9646039
11955623
9907914
10676891
9027299
11232131
9779859
8589256
12674751
3799235
9627825
7862393
9229822
9292080
9946948
9425603
6845505
10184405
10951912
11821086
16138084
9985195
11522731
11538128
8427554
8024271
6577813
10095064
7369457
10702071
7585789
10033456
11569296
10640144
8170117
11649659
11002344
6937638
9529280
10112478
10054964
9534883
10526086
6605953
7796500
8673946
8644382
11178165
8511635
6135829
11861364
9306820
7585284
12503099
8422208
9667310
5870208
8098687
8069799
6937657
9233282
10753600
12131040
11119344
8294830
8589597
7485060
11363945
8368133
9431133
7232833
9158652
10631874
9707313
9927916
12671882
8209412
7606755
5520081
10385309
14826907
11266044
7715072
8543889
9458176
8310367
10055179
5525793
9207937
8043420
10500539
6825291
7265852
7577038
13700216
7983931
10899681
5404306
12280105
10223564
10878998
6547988
14315291
15170851
11832260
7618742
11639276
7114935
10469655
10751414
5831329
15047107
13386039
8870902
10805610
6077633
11496702
8504128
8940611
6900230
9290458
10055775
12163230
8945351
12967155
11532702
10146144
9480564
12511908
7852100
8768554
8652282
10996011
9979926
11778001
10890101
8140248
9252074
9538244
11870917
13888698
8794781
6712565
6111438
7153513
7682883
5431017
10528172
11046321
9401699
12357184
7000221
11007964
9485872
8985582
13789349
6907737
11400958
7018224
11206845
8470271
9262248
9650591
7301503
14157264
8883781
6910391
8414607
10120731
9912761
12871516
7239428
10748245
8043838
5883133
7222812
5179531
10504400
8546590
8879517
8948803
9049066
9962156
14491979
7765816
6731332
9943616
5068484
7137505
11051196
8414137
8474912
10720904
11284105
7331924
7514866
13600521
8074399
9421537
6613242
7416211
10918759
7788934
8829431
13022619
7517318
9976964
12225767
6661129
6215031
10547015
4988987
10157873
5720482
13093185
11136618
10109202
9758702
12562885
13479398
10464891
7561896
11612998
7264386
7250023
11359929
7673340
8990442
5738251
8880981
9037857
8938110
12069629
6123295
9204990
10313121
10672667
7335423
12360257
11356916
9704140
10227585
8014955
11127328
8900647
9782290
10444937
14357596
6671218
12559607
9120620
6035665
7438262
9618208
8803945
9440395
9930630
7932109
11328391
8772078
13037630
12336876
9016974
12700203
11923700
9166747
6871338
11154118
10441568
7321876
8845894
7016792
6692152
7111198
9518352
7952470
6475316
6890643
12467407
11448282
10088335
9594664
8929926
10898513
8608883
8764166
12814748
8932656
11977279
10344101
8934480
13540053
10603135
6726942
10525991
12693777
7180782
10073175
9765533
5998783
6736887
8061816
10730191
10174482
7876864
12745521
6736255
6708682
6832535
10116729
10371639
3815232
10288664
8236190
11820088
9403918
12625100
7082897
13765378
13551005
11457414
7281435
9013430
13082122
9083009
5141596
8750430
9460727
7695303
7920984
5138556
11466935
7980306
11375688
11833534
14764070
8565104
11787434
6798698
7873259
8121129
6009440
8235043
7673124
5964098
8901469
12852070
9943567
4853771
8332465
11411378
5754345
7782647
6864148
8728292
11117897
10349319
7223411
8428734
13300870
8705489
7107732
8216405
12615906
5336805
4840151
12403904
8253342
8769966
9109454
8999171
5900583
9308841
7659957
2997045
7393519
9487586
12032022
7257220
8258047
8695269
9340345
7700769
9358923
8422506
11753025
7305628
9930482
10438192
7354564
9675517
13876691
12555500
9499318
6041721
8316950
4474905
13995278
5111320
11100201
4301750
6168888
10079315
7589229
11200670
10658788
10575943
8890682
9622344
7357435
11247013
7619507
9951951
9519937
9754994
10645707
9400823
9210515
7613642
13607191
14914043
9358443
9240291
12745513
8317379
6557343
9359831
11499313
7523273
7266443
14529621
6817030
7130365
8824667
13414030
10770324
11481113
10234113
8765400
11954551
12569766
12757856
9373310
12167098
8868925
11016454
8712467
9697511
9200990
8626727
13224401
5854657
8939107
6837852
5649637
10069867
9213738
11001691
9156575
7312005
12712590
9122780
9049425
8877420
9455672
12486142
8528027
8563742
11481997
9306596
8742018
6845583
6239864
6378536
8110414
10878315
12000440
10554357
9931601
9646622
11698830
8742035
10311981
7980979
7454592
9622417
10021910
8890873
12933496
13206791
7897340
11150286
9280266
11622318
6847435
8752493
9754920
7772893
13972072
9011747
9348926
7253142
15633394
5932203
11450366
6069395
7035087
4445330
11201121
5505151
9958118
9396571
8907074
14534540
9479931
12226381
12069820
9784174
6677594
6399725
7906216
5725826
6862094
8375260
3981183
6540713
5665228
7495317
8154393
7651361
7975146
9557499
11869152
6098543
8087820
6971648
11029554
9636245
11017225
12961231
5298015
10900285
10998103
9855075
6876651
6848417
12270696
8523007
9362437
9553370
13832323
8258599
9616544
9545855
8697327
10435501
6070200
5632907
10353165
9152400
7072443
8657728
10772144
6680139
9249870
5196725
12440641
9953399
12117794
6541520
10606547
10975255
12087934
7317134
8353870
8968794
7829334
7006013
10894270
10926620
11057172
6140840
9373731
6779535
9785899
10265952
9547429
11573029
13001290
11080189
7857900
10629251
7376253
9332368
10356102
14280303
13836177
8251796
9940170
9551643
11303743
9462850
8035406
11035884
11667708
11391513
9895431
10334947
14023762
10997035
7941142
12014729
6970704
6891509
8505061
9817592
7012184
6456882
10190967
9808113
7565690
9406682
8025928
10045558
8439014
8172993
10710018
11879842
9552198
8516223
10790777
11321068
10483700
10872906
8657777
6199250
7224755
11617094
8123496
6682578
6127181
9745201
8758651
7465042
14494056
10150864
8915058
13607111
11171385
9433883
10471704
10515971
8361426
6956873
13524713
11568132
11780143
4307523
5955602
9791703
9780882
9962546
5854271
10139476
8282794
13724450
7412987
6196417
6879395
7111413
7390808
10817081
5346285
11739837
9747659
11735229
14736165
8225640
8324887
7271578
14951589
7270472
7948159
6748596
12206356
11307657
12549199
10267805
9008429
6720108
6727659
8976111
11099088
7827460
6601871
8187586
8724116
7879709
6497861
6772347
7493871
6310636
11614075
8080019
11610837
12065581
11579948
6571794
6515800
13592895
7586144
10270376
11331425
9629505
9626921
11900036
9009453
14938055
9181528
8614471
9157099
10899685
9729384
6903892
10483852
11854552
10053533
10662821
7880529
7286276
6903455
7714913
11311081
11609004
11550975
8058866
6707642
12882418
12854251
8265234
10263978
10891059
8605188
9539996
12309334
9316994
9666063
12742731
5628312
5188966
10515608
8606592
9014324
8329271
9294843
10391160
5935959
9589428
10244652
9252074
8334172
14192535
6755641
11199883
7663481
11630298
8293958
11440678
12602672
11089214
9384741
8799577
12139469
6374703
5449083
9272079
13347840
5930027
12027770
11256985
9773772
7900165
6819246
9945908
8241218
7420011
16723841
12230693
11320061
7421194
11255744
15240132
12228063
8178250
11778404
10672657
7760884
8670203
9210403
11113807
8814695
12010267
8207192
10901997
5557263
7720648
13406923
10079234
9710836
6796081
10252222
12056706
9453993
10151268
8912873
7322612
11426360
6683861
4915350
8606444
6717887
4391858
12957420
6655186
5728509
7522730
7554293
7516994
7567510
12808716
11368876
9971806
10738014
8448452
4178415
11074167
8498392
6148938
8609390
11434325
9511089
10054891
12230310
11092067
9706999
8367023
8149637
10988406
11796862
5155421
10563489
9988315
7609863
8265184
9290787
9761514
12734171
11867569
7420145
10855607
7119617
12618332
9393912
8974846
13077012
9630860
11975295
12197105
9662813
11689467
10054522
6674294
7297521
7964319
11618800
8937356
9328010
11254747
5474003
10310222
13994968
8804395
14714639
10064750
11675961
9635645
10934128
6778250
7491024
6394190
6008551
9122191
14742322
5830026
11080576
8355169
8698267
11100063
7556322
5334798
9308605
12082870
13401764
7018533
13991522
7922870
6232804
6177276
9704864
10639259
5179738
3939124
9751409
8021913
11412954
4727085
11248616
6893222
8036734
5905730
13349311
11079313
7705999
9422263
12368568
11104866
15774849
6897017
10850010
11885613
8705410
9504482
10776048
7758312
7555094
6659927
9870218
7871179
7126929
9271480
13667762
13110388
6938485
8662289
9915267
13337632
7350444
12009150
9917020
9847487
9591750
14520129
8027503
8462042
7253215
10586864
8054181
9598837
8807256
11519526
8749301
12077201
11741560
11096444
8735502
11144214
11665276
11845601
15640913
6593683
9877830
9192074
8747404
9013954
9573674
10577125
9360522
13260316
8522100
9017488
7503480
11448361
8570401
12048682
9777362
7537050
7790412
9011807
4429509
10644909
3975701
11064694
5328407
9214853
9100071
9023541
7856597
3428694
8231977
9573723
15093299
10064546
10186874
11318455
8017058
6119735
9025217
8763513
11661670
9987966
10748129
8391779
11545388
5734807
9788777
8712607
9163483
12327280
10205530
4024110
11206215
13261698
8620427
9495402
10055761
9242003
7021153
6499233
10021118
10960281
7884365
8120634
9939269
9183635
9889522
7216700
11979823
10062840
7278327
10380681
9681648
8326062
10595196
10167809
11447043
10387395
9436859
7598972
11418661
11433415
9110229
4951499
6488701
8407724
5892993
7001633
8339149
8011640
5735661
11081468
10652305
9690903
6115179
10308348
7172516
11525365
14643011
7282047
9185291
6120463
7052714
5713729
10057598
6920268
10620201
9540478
9691278
18075114
11842115
7007179
11129875
4755817
9534042
9457836
11201192
8755927
17179263
3675948
7808434
7179450
15065546
11473382
8859310
7594299
8715288
15528004
8257824
9427990
11893618
9242664
8209398
10614996
11949845
7897919
9583646
8584252
7951349
7876355
7087497
7399349
6586702
6990434
7603779
8052904
12596589
14483663
8561384
7367678
10533579
9265849
10707129
9998239
11094908
11685482
9234560
13810703
11649096
7695921
11010814
9606518
9761913
10671595
11558228
10492576
10989728
9158043
5867279
6749287
9590127
3203158
8588359
9764435
16121809
10906290
12978017
8094464
7940155
8247620
4851774
10152469
10480805
9358877
6906039
10222619
7773138
7950255
10314737
12994037
13511202
13737089
11827255
8802334
7992977
11034202
7607573
7859770
10479642
5458199
5753613
7924437
8685029
8764548
10022431
8536979
6083961
10365126
8895664
10755689
8038745
12103639
5080716
11165772
9470706
7690217
14289923
7732440
9344773
8263411
11403845
10104852
7556765
9135636
11601222
7398302
9043122
10552725
8771402
8951709
13677799
10803680
13558212
9982685
8160048
9899348
6352277
8097538
5844791
11255758
14008675
8174577
13113709
9531971
7566118
12811322
9857391
10701902
9797622
7971744
11703090
6881516
8804437
9603791
10788782
8654361
8490449
9259488
9969367
8430222
9876231
8945421
8686020
11093403
9174885
8630108
9479240
14246704
8606824
10276902
9550005
12706422
16514137
7417416
7590836
9571551
7713873
7949428
6805437
12610306
9134226
11405618
11730209
11334971
12999524
10694850
9459527
11280900
8304175
5767016
10553764
9220693
9711042
12089018
9548948
10492711
6921885
9655100
8414360
12279421
7910306
12938121
10117132
8079909
9340515
12479977
6137725
6158929
7722781
9855871
10455280
5280580
10576220
7906814
8225971
16967574
8252430
6165283
4112805
7757841
11564778
9678137
11782626
13077650
8678213
6660616
12652123
9657429
6896944
6196756
9210318
11984949
4508544
10040414
9630757
10145846
5619999
14267082
8682271
10447796
9822686
8031468
9870167
13448455
5987818
5019547
6506205
8190974
5221652
7706824
7876152
10650260
3688337
6535074
10224591
5070146
8738233
8683354
10234943
10244823
6348503
10564551
8478181
8882284
12730441
6170824
6135359
14251865
8961703
7557935
7957993
7499566
7823982
8435515
8530284
10558364
9116349
6888445
8938926
10393101
5462686
13708593
12795062
10969712
7714360
11922316
5241509
9655250
10674314
9848858
7932758
16458677
6688913
12041150
9118821
9729199
9985944
11686950
12109482
7597760
8034860
7520538
8410325
8238419
11767552
7327470
8453566
6588518
9001415
7936919
10447004
7394842
10627018
9530021
7140635
8910486
9740293
10319843
9995880
10199283
8541743
11681189
9040779
6888288
10505918
14644135
12387504
9347398
6566100
7764763
9119037
8715846
10315860
8563615
7515407
7764403
11386843
11756464
11093232
9159908
7391649
7088910
11920185
6135867
8565060
9345917
9237568
8933932
6072975
7616580
9782842
10013860
3690851
10240925
10334470
7752899
13408368
4049528
6905747
10607483
7521725
12761892
11301184
8505293
9700854
8718184
8431154
13043181
5740687
8002308
10356184
13272015
8969419
10716717
6420836
11445580
9076122
7558222
7464762
10632962
10612123
8179053
7466201
11304697
10589183
9618833
8490107
11175067
10019865
9261508
8741817
10366583
9771746
7368631
9521293
9973156
8744430
7864551
7517195
8124659
15472294
6566721
7964568
12064786
10634090
10797515
8308290
8012767
9175324
6615328
9126369
10301836
6356876
4830814
11133510
6267838
12047313
11000456
11070300
9784803
7874715
6417286
6841833
4674631
10135556
8733258
9697211
9308855
8494044
11293379
15050504
9982727
11126516
13017615
7204770
8025426
12449247
9408996
9436264
11706084
12875097
6699041
8686580
9979446
8669566
7287387
7954555
12956804
10310122
11779616
5040491
6563695
10624548
11235294
13255351
9405348
9764257
8579892
9414950
9179285
11527941
6070743
11222270
10953644
6841831
8479591
8344502
10255478
8217985
9929655
10950281
10000656
11604126
11779948
8143568
10040235
6676646
10697791
10950212
12230940
12676798
7499262
10688233
9942632
6951020
4454559
4332643
12860051
7357253
6770309
12070778
7622044
8993169
8463453
9883017
10150496
11636259
10323044
3850962
7995031
12597305
9013384
12246996
2003254
9331956
9570164
8930620
12363194
14692878
8235197
13334922
12807665
11774030
8438794
7258747
12001395
6786542
10793475
9683939
12298295
6295389
13027060
10282602
9746695
12152898
10900068
9882422
7294031
9753219
8711488
10584899
8193018
9339525
11763612
9051391
15217135
13616305
11288453
14713106
7126978
10583113
7996909
14433435
12550213
7706233
8650949
8130431
13152189
11369018
10734848
7410447
11196916
13498168
7108163
7754346
8247775
11275473
6728787
10081950
11582376
7969481
11632341
9672163
7264854
11735183
14835677
6153084
7435226
11974595
11605108
10122049
10066181
10772485
8503484
8987108
9492823
8788496
10095770
10904151
7072768
12950754
8127874
9014923
7746370
6184770
7995488
7536108
6816537
16544808
6669212
10920851
7491482
8681995
10992271
6581465
10547794
11291510
12896483
10323481
2385931
9275328
4531616
9023748
11343564
7092028
10639271
6722246
11180373
10621730
7154750
9298910
8310205
11802956
8898975
8844111
11063760
6628376
8767787
10078900
12737770
8773498
8681742
9709486
6594931
7611501
11251734
11138054
11913849
12532950
12142158
5990576
10115277
9214560
6488001
5674841
9745739
14877679
9785350
9074433
18107538
9033151
6705099
9017506
12806054
4883995
11569732
9046412
6567556
5919449
11757341
9108910
8480639
11170288
5857612
7245166
8295956
10095301
9397629
8248413
10380875
5469144
12432428
12662449
9758768
7064285
9202051
8498794
11790630
10378001
8989363
10639874
9282058
7169410
12426719
8034571
9942146
7986988
12382138
8230262
10344303
9558342
12491035
9488593
9089556
10071782
9164825
10391966
9040839
12807384
4740443
11184432
11249471
4818514
14338377
9371823
10880948
11039061
15054114
8376975
8298280
13636173
12253404
5986892
11841631
10687545
4630328
11612745
11024214
6544092
8963186
9346658
10801885
8996107
10669974
9913357
11947499
8812323
7927413
8104820
10280504
13054921
3715331
5115399
6308212
8469400
8044597
13981083
8615505
9369806
10764994
16121008
7078289
9862248
8515468
8730209
11071510
12133368
13015610
7904423
12090088
10992973
13254622
9077850
13856937
11004082
7189558
10011457
9646223
8895092
11904287
13760543
6156813
10052620
9413538
9221655
10840019
10702290
9139273
4972633
8197017
9632130
8878876
5293723
8845331
6993818
6997290
5900018
11921138
9669709
11937894
8667883
11423519
9790370
10311635
8007556
5783062
9203293
11788078
10425841
8342147
12363416
9612680
10584471
8520304
5590395
13273391
10365363
9053532
13428001
10729494
10205415
10427371
11262744
9506957
12067191
10760233
7715313
9692636
10012145
9826039
10029320
14284745
10812371
11232699
8633483
13011886
10229176
6330783
11374372
13293384
9941337
7316893
14072140
5320590
5119168
11000312
8911012
10300998
9179621
8573376
9835477
6687605
10950923
11390397
7197639
9378441
9184714
12363363
9044311
8299167
11588583
10221310
9998060
6616801
9287299
7649531
12150912
8782339
12641165
5987123
9277962
10643665
7701143
4724532
12071087
10415819
15410435
5487626
10655033
11110682
7715396
13038483
9058151
10928041
9283840
7293176
6425207
8095739
8545160
13500611
12581867
8709400
10917177
9894894
9813091
8531336
10990136
8035206
9400622
8664898
9904180
7802251
8070390
6765563
8171542
5489607
12111699
13721502
8433069
11576493
11613307
9827671
9779627
10034713
9050788
9061291
9665669
4468251
6951453
10283486
7574920
11842338
6176132
5854622
13950007
3167022
6372944
10950493
7500562
11200148
10301679
7877348
13141384
9128522
11946551
7400422
11417129
10043605
9352147
10924290
10173048
6570969
11476782
12723559
12027623
7024737
11895391
8502598
8883329
8527257
9092967
9754790
10121237
11598019
7154523
11222593
6240301
7723779
10802441
11241189
7799005
9767449
9970052
13953746
9333543
12392821
12348813
8586326
10639324
12950392
8637059
11736866
10551862
10559399
11489742
12361655
8814374
6105331
6547407
12828360
12732838
9017157
11756721
9403471
6513466
10357855
8948602
14414952
10891571
8450763
6489454
8598001
14068469
11708085
11754753
11818719
9604001
9211356
8494146
7277834
12211850
5949618
6560571
11925776
10884062
13767045
8814879
7648301
11275583
8854144
10086356
7835575
6319444
10471133
6161897
10267367
11299674
9104107
7161412
9710174
5862034
4842254
11329175
11551346
9885454
12344388
10326750
11765344
8969915
11107231
8009418
8116497
6627842
9154718
6480465
12949529
7999400
10073320
8526452
8836767
7213524
12100695
11552991
8647548
10960692
9967376
8132869
7283991
8782613
9907443
7208560
12577920
9953822
8136550
15252187
8259882
6862420
10048261
9765707
6094658
12815217
10567183
4677065
10804748
9249527
10805136
9442606
10828688
11850909
7670529
6483560
9507950
8709288
10137885
8793650
13879739
11994268
11033836
9559260
10522877
9129642
3809068
11192531
12352069
8427832
11588051
11299756
10197517
9381609
8510201
10948739
6975988
6287985
10941775
9776009
8837355
7347035
10666194
9540101
7051463
14266578
7850281
12937616
10508705
8496874
9635340
8971751
11681227
10391440
8034707
11424630
7403933
10508019
8268069
7510177
7020066
9480403
10902954
10703283
9046825
8625659
8656306
9135089
11078587
9494284
13416192
6514303
6694762
10039047
7630054
7297071
8317437
9530393
10049676
8649014
9162110
14003999
11082412
7752501
9842739
9710275
7702988
9624267
9139421
12118146
12281840
3962009
9661740
8263740
10156328
6646313
8811295
9927524
10708467
10308159
10684318
3104846
8858790
7645595
6485046
7519287
14454331
7052431
7172725
11713745
8661725
10800443
8703861
9846450
11390623
6384519
13845417
8703154
7520106
10912964
6493843
11666073
12310554
11570354
10679779
9745633
11510767
7022775
9933124
6757274
8153544
4518549
8007838
5774936
9673201
10316129
10544904
10340091
10395388
12289555
14888636
9276498
7873711
10831895
12656099
13093646
9147163
10108762
7648422
4365928
11277443
8127595
7674941
10846612
9644992
6789742
9910282
8175130
8136289
7453219
11672893
9204977
7505321
15032269
7888643
6344976
9694672
11852403
9374110
9438402
6678958
10357170
8999049
11484693
9080116
9020371
8106062
7229814
8893620
7422009
9969012
8178085
13733448
9962577
6204311
10959324
6672084
9914865
9133779
13936290
8115206
11781689
10031159
6283643
10776566
11265644
8249796
4430760
9452578
7859033
10663946
11959997
11266259
9528944
8607982
7603541
10664734
7883139
13019161
10967487
9844077
11432669
7767365
13822073
10524943
5254671
8316914
10357850
6843526
7510013
8033031
6887835
13845870
11354919
8812196
10945750
6044384
14928898
8706282
9212951
5667466
8625591
6174786
11520529
12474047
6994207
12199649
7564097
10335406
10309669
5883189
7772786
10629546
9564491
8814693
7132155
7202097
5396107
8948775
12879914
13097065
7143935
10013666
4374152
7925731
7216234
9332195
6732156
12224334
9561347
8907756
8869658
11523117
6699646
14016734
10821125
13964964
9927110
11014042
9378580
10371693
11378420
10093268
8358262
9483804
9486017
11355552
10171771
12190585
6452519
7455291
7661600
9976278
10343589
10024972
7990743
8395142
8537426
9937129
11172446
10604589
12221136
8710309
10025296
6143874
6723765
11113310
9149483
9185814
4829310
8312102
7813704
9975387
11363277
8451350
9495498
9657176
10701423
10836819
12523847
6691962
10985845
4233289
9135535
8324563
6372854
12532740
11679018
7124803
14273932
10668450
6399090
10004541
13561837
14733026
15080008
11904993
9829109
8870721
4796372
7831178
10522367
6845581
8903171
8953768
3825300
4920790
11706163
11651371
9386686
10349763
10183862
11281220
10994719
7319061
10204563
11064738
9018555
6746657
7893639
9302453
9552420
8935044
12995257
12688289
16541635
10064887
12170591
8824927
6883847
6917570
8871553
12530343
9294640
11487445
10362962
6846585
6612912
8189233
8313505
11064833
7859720
6325359
6409659
7551066
9426490
11623476
9625587
11461920
7559698
5303990
6561750
10383940
7279520
8649970
9402677
8879816
11252488
14131457
8014791
9344748
12832205
10079611
10681282
10846092
11493192
10375279
10482319
3444553
6337647
9448051
10216182
6703317
11491676
7300111
9352895
10374777
4980038
8340812
8006142
14357448
6286610
9070403
7797545
13000103
7871466
13492557
10797383
4979609
11373865
9091377
12833116
7573361
9092222
11004865
12507826
5014465
8986293
9416147
6506337
7120967
9314242
11019315
9214669
13451572
9678330
14325777
8594627
11612739
10655157
8555528
6699589
11998930
11461861
10577941
10185884
7828397
5109328
7163921
10010390
6531538
8380666
10545118
10602491
11417960
9972549
13236135
11724122
8966591
10654179
12715760
8870083
11074659
7593337
10887877
8779226
9266432
7851068
11599371
9637577
10526720
4481204
4525980
6944339
13586251
7574295
10423640
10042615
6345764
9568773
9956903
11361130
4246663
6963768
4541077
9584326
9181128
11332964
9880240
7211567
7459299
9908492
8309984
13303488
8017717
7517018
11824358
12139366
10920299
8661311
8560013
9402585
8306817
8713159
12273915
10381370
8601626
9978244
8689078
8886420
12185261
6726766
11192539
10437533
12241910
10424037
10872287
11714277
6262468
10916673
8868204
12916340
13312949
10187344
10541887
11095711
7791973
10149540
10831550
9165335
9458019
12109257
9217965
9236254
10723403
11341649
15632500
8770942
7936128
9027949
7076059
9045419
9849606
5990234
10690146
13411308
10219790
8972075
11220328
4970090
13002283
8184969
9328623
7800541
10930303
7703812
11597464
11287106
12717701
6297695
8706487
9954554
13667944
10183006
4854859
10345972
10525457
6055944
8740027
12821010
10177523
8886957
5747374
11275754
8287066
13935603
6466652
5222576
12370838
14163888
7171893
13030677
10654047
7834874
11031689
10197809
12149581
6394751
9108321
5751202
9205063
3797789
8476794
11661298
10152152
9585196
11304104
8867276
7752317
7446328
9718538
11151990
13001862
8261414
9084243
13016983
9903326
12053435
11387862
8555110
8651182
8271842
9266700
7981705
13039268
9050419
9142563
9326437
3384549
8137614
6920564
8115384
10064919
13804922
9089879
7810578
8099917
13203495
5872358
13995580
10425340
11524957
10668420
3180525
8390586
12225849
14126138
11907741
13770257
6644080
8496913
5192707
3798636
8178432
10910494
10301590
11381256
6158908
7681218
7726705
7965729
9554757
9649082
9538484
9936730
10056044
7792002
5707555
12529699
8571859
7828403
9150116
7448817
7281237
12806518
11007378
10589642
10701052
11319334
11443557
10773488
10973404
9324345
8900638
12125217
8734225
13019743
11801768
6969468
14541608
8147732
5057729
9463601
12874236
9172145
13186569
7481607
8306876
12228664
6645176
7296298
4908630
5563286
11716117
8619987
9292239
8343399
6773654
8336027
7652542
7342605
12193806
8621945
9298609
7446567
7666355
15738867
10143839
10027428
4970914
9295206
10470738
9234430
10325477
10500132
13764401
9443016
9820834
7485052
9908201
8417978
13183561
11190005
7292073
10620699
11799049
8649916
8287348
10254290
11764986
8016627
5513463
9263960
10086045
10885748
7033333
9484304
8525041
10922636
6983424
8010335
11294667
7670676
9745029
6168793
10912100
7594746
8394814
11647698
8630500
9868824
9857448
11296865
12736578
3752300
14257971
10131182
11408581
11026766
7665440
12362481
6889151
13819933
5048945
7522094
10089219
9850485
7188446
5865371
9516047
7642409
6883731
9250539
7669585
8043596
11082730
8331527
13839317
6419336
7627199
10760623
7257604
8116680
11992669
9773672
9406172
11769538
9003122
13843991
14274291
8558568
11061216
6799687
5178947
6845770
13848188
8793309
12063661
8898655
9236244
9854234
11158503
8544056
11264614
11925851
10606479
9521627
11637705
7748715
8876924
9487428
5989030
9524480
10170985
9484629
11418322
8744822
11977319
9421868
8488120
11591411
8247409
8091459
8397376
12977202
12692521
9974034
7884415
4784589
11788747
9093384
7259460
11624670
10637974
10784968
6163617
8125849
11973048
9452063
12145933
8421740
11304746
9095111
8751050
12315924
7298314
9401982
10766777
7152568
9909014
8895546
13493019
13039431
8871689
7169632
10045896
7704624
8939264
8701584
12335305
10384824
11127374
10866834
13693458
8717520
6615028
6215347
8676249
10186854
10997302
10913067
8933059
8471389
9944600
11377122
11579381
11396710
10166111
6359962
10423416
8537718
8807361
7472469
4638392
8533040
13353796
7181675
5660240
10221561
8133935
8691692
6370083
8255383
12570825
10348070
7037468
7968048
12446428
8254184
8262161
10622954
7268719
7384795
14104146
10549402
8513322
5667536
10012817
7104188
7935524
13064712
10246858
9416522
10977696
11408260
10973411
9811859
12265602
10723026
10487716
14298597
9997003
7792057
9980684
6815871
15505633
11299780
11200727
8927451
9290767
11939309
10208478
9319256
7773879
6159282
5391400
7626304
14292604
11987706
11583803
9442879
8727511
12017738
8182502
10754967
8549639
12771572
6059598
6141892
11100168
13279135
8018980
8773465
9788244
10405982
13659648
8407495
9337177
8054924
9337329
9740120
7915682
10804183
8330369
11734092
8409649
8405136
9854624
8022156
10564112
6013707
11941336
7865688
8655197
11899834
10652375
9151162
9813703
7456481
8890319
5932496
12601430
5487563
9904911
8976678
6586811
7844740
4797531
10809668
9357891
6722197
10981640
8641381
11333621
11499781
5537123
8817334
12557057
10740368
8276812
15061764
6588922
6113515
10513996
9514427
12695376
12721856
10075276
7612384
8973787
7046804
7591650
9185277
13082573
7994216
11558634
8087763
6597304
7133523
7248929
10705416
8808105
13637820
8864901
10430858
10056489
9466612
12663998
14736489
10613318
5943859
7434581
10683221
10482977
9293633
10317507
15909349
10656590
12327056
11725023
10337915
11011192
8796646
8470030
7662209
8255881
9017852
11127225
7527647
8207757
5336514
8469320
10485968
9544295
13355944
9682031
8033953
12367983
11315357
7468164
12696043
15702839
12694668
8475703
12633155
10183683
8687335
8517359
16935013
8584387
6464792
16402575
5807859
6692342
9263196
7249609
10732470
12235286
11257034
5403770
12141594
12107873
12256061
6638849
11883960
9155851
7978996
10887641
11140384
8199356
6697707
6266982
8936215
6187533
8455395
10822193
7418491
8782115
8740231
8709093
8183525
8088863
10116539
15639167
10121975
9942296
17290053
6574809
11036611
10325055
10909648
7075376
9724680
9865314
10107565
7845957
10405040
14471187
6566402
8304858
6159885
13969408
7131915
9150736
7343353
11692530
7109578
8581232
7854542
7519009
12628540
8111286
6664594
9332341
6797482
9505246
9894968
7698355
8791201
11697189
9127764
4828203
13078657
3252424
4981338
8347996
8431493
12397330
8339993
11748721
6103607
10295113
10039647
4786199
9848936
7140894
6775430
11344162
7286822
5776633
13342010
9110789
8092361
8488640
7107177
6097995
5466929
10471087
11603609
10522089
8545329
9143798
10098332
11858414
5843301
7306240
8244320
6888739
7317998
6188148
11656723
9637670
13765934
10094741
8713384
9001246
10483981
12167259
15789570
10854213
7940107
8710013
11950998
9222814
4585608
9062420
10071460
11720912
13023284
9582877
9838096
7952790
11791945
9431512
11492942
12673529
8090265
8309582
10018868
11113546
10269209
6259139
14654851
11693781
9545872
6177499
7685481
9561441
6768808
7487277
4947180
10493446
10700161
6897609
6395402
7323073
7660837
7668143
13092173
7558101
10737517
8202675
8375667
9686065
11152621
11285996
9530727
13550320
9895342
9919003
8467076
8447749
9323338
13614048
10052394
10053192
10976601
13043415
10558415
3238633
8835743
15754938
8791006
11090722
6738413
12540492
8355340
7723924
10181338
13038200
10307318
15105157
9270275
5812275
7343689
10441754
10299397
7874056
6546217
8200458
6694052
6910182
5582119
10192939
10856036
7485255
6788908
9653636
7817762
13163794
5505639
12871114
12212615
4602340
12013467
14347919
8028489
11519969
10063107
11211527
9994636
6917816
7574041
9416068
12285562
7460154
10578543
7417632
13265343
12659586
2525437
11692644
8004726
7678007
13280233
6114540
10012467
7328520
8690733
10099021
9229839
9224328
13969011
8064546
6699271
8624703
5039805
8810073
9008369
6101905
8908837
12719387
10617995
10089442
8268429
10383427
7334243
11303046
13829497
4546399
7889673
9571883
10728559
12778472
6967195
12903133
4490224
9234320
7206309
15583919
12097946
12620810
10971972
9233307
7639861
10994616
7107907
9961555
8152913
6526441
7334607
7555834
7038599
8360298
8728019
12712406
8631904
6418743
6626573
8905730
5880582
6358406
11689626
13733739
9717273
4624313
11457828
2314551
7504823
8632963
10172422
12536481
7935939
11275192
8807598
8979334
4816139
6883035
8588120
8340106
10456406
10864259
8346176
8342281
13001133
9633584
12674620
7429877
6990935
10290918
11427814
12316343
8772270
7819264
12347012
10739517
9070313
7687160
11558502
13107573
9640667
4817131
9534385
7283896
10218950
8296276
8889114
9006193
8322407
6780603
9244294
8028493
7193393
7465587
11445202
10813497
6326194
12836857
11132369
8188209
14237853
9788616
9860624
9975437
13293994
11799649
6256900
3710852
16657374
13070066
8954563
6449017
11994080
15152845
8736227
8855599
9153595
7305176
10341929
10334626
11196842
9505337
12142404
8817168
9294096
6691210
11278361
8254013
7689355
6417626
8219842
10954579
5269279
9269877
7672541
9433155
8826859
5756333
11708917
11103892
7263113
10712525
7894421
10829410
7742042
9652806
6786144
7614971
9621517
5855278
10982685
5240777
13529876
7802984
10462871
6514726
8895586
7423776
11845273
9490476
9750256
9949277
12803400
13277438
9781768
13225038
6284922
6335774
9397654
8559073
9071242
3971505
12478690
6045361
8391893
9371255
8124292
8194394
10696024
10775977
8245452
8083423
8196133
11679198
11154898
7248931
4459513
11066207
14968012
11437329
10670856
9336146
9585007
8977558
10852490
8719662
12013174
10426188
8096642
3625236
6879402
12059544
7552654
7547735
6683887
5907590
12157866
9842862
10751517
2760044
12482003
12075425
9781459
7358401
6659166
9252387
13436868
8469109
10445452
7328300
8705505
5794492
8779211
9157203
8713454
8565801
10162317
7955899
9959776
6961662
6246663
11870777
9831674
8345750
3580075
8002540
6687618
8461532
8757720
9574396
10714547
9331493
6443593
11428859
8267528
9626956
13245698
8811509
11087509
6770389
8708493
10533704
11327600
7810573
10763395
9397896
13686084
9703909
11135007
10031738
12348238
14029009
11323135
8502903
10593938
7360451
6078266
11377344
4962441
10352592
13219160
8944530
5692803
8373980
12530929
8990675
8947476
7020819
7828647
10027789
11594192
6138032
6420367
8326955
10430674
6037090
8477123
10559210
5970143
13330857
10985675
11977489
10071061
7526409
14276145
6007711
10348077
7909541
10715403
8732965
12745063
12207872
9228112
8447152
11135472
6765615
11450745
9284371
8503359
4823347
11492257
8182228
10875976
7402403
8130072
7265290
9233317
8270081
8685495
9901167
8465703
11176188
8633638
11620598
8495667
9086215
11049762
9882116
6595082
13101078
8405849
13048229
11993407
7360797
14906511
11334844
5869393
8079911
6951581
5464457
7384648
10979474
12829666
12098185
11038129
7487787
8389291
8286494
13266197
7814144
6040712
4336539
8559397
14056222
8668698
9965535
5002882
4945500
10022637
9933373
8004338
11286639
7871640
5360565
15939502
11382727
11669490
7784120
8004442
6610274
5599270
10326854
7923828
7855927
8204498
9898366
11117439
9651151
3986334
10499336
9775874
10558800
8771500
8713708
9617331
6178249
5304476
8278291
7867126
11292360
8698751
12116865
9504594
11642327
10000974
12963941
12094699
12228720
6094228
3760160
9411218
11347557
9593059
10274715
9685448
8958154
11136142
7918732
17299262
12304616
8952406
8515639
7052286
9645580
13125352
7302700
11701862
12989794
11434761
10419992
9371937
9859847
11959932
8134705
14814131
7211940
8883156
11257749
6966728
7567205
8199291
5377941
7281192
7775288
5619290
11244600
9958084
8348180
10225545
6627987
6050669
9587703
9754271
12143358
5738663
8532719
12700840
4330888
7491187
11079611
8959906
7852408
8730421
9673710
11275392
9505424
9797004
11419910
11978606
9307946
11394113
10472140
10526973
9227173
11958237
6548846
6084289
15811771
3900828
10937909
9376912
12503891
8170596
8258736
13235731
8026441
8534657
7105023
8574007
12443894
10306721
9691236
7860377
8735584
13000630
13190273
9414001
10332004
10037323
10799765
11434343
9193957
10626488
7039036
8290832
11006779
8616735
11871474
6910280
11933902
9679617
9498549
13565486
11120246
11304866
5539824
10794347
12336875
9284337
9981479
9844213
11735284
10816695
9853642
12338311
8759018
8359573
5074706
8721394
7595483
3779675
9233183
7384296
8924419
9713761
6345381
8051700
9602285
12749815
6079799
7977425
4183560
8276956
8671101
7901375
12260677
8084894
11598455
11011499
8418679
7350982
4612400
10285793
11127627
9621389
11542730
7999898
5988428
7830274
11271970
3489496
9248279
7817478
9673406
7449967
5988218
8132044
12492063
11684253
8667115
12902623
4621745
12087401
9688966
12228540
10601791
9492146
9186770
9201772
7324750
13835050
9116584
12547207
12034426
8790856
9896973
10399646
10131358
10042797
7662651
7215778
10171371
6262572
13119051
9751256
11662682
8055304
9432133
8864983
12130183
7023858
5834911
7041145
6722799
8913990
7687301
11815038
9763852
9568830
6385074
9285734
7766944
8030205
10347372
5808546
7480597
8998245
11171015
7009617
5992619
8087830
13572134
11763130
11387568
9886065
7951701
8246594
7109207
13540279
8794858
5548617
7527571
10782443
10784120
11365359
7338521
14404336
9701167
10371488
7290433
9266313
11149807
9778995
8063827
10591616
7655293
12224960
8329047
8749417
12428208
10368615
11693767
11966714
12400800
9212158
7780051
9615954
4520901
13320322
11794683
9994642
9694637
9220252
8770312
5625406
7781167
10431401
6708578
5741382
9574944
9050055
11050434
7085396
9386669
11772466
7464317
11928118
12957943
8858110
12031106
7404699
11359800
8812999
13618249
10919238
8484863
13950774
8602538
8729188
12070040
9345250
12334092
7411806
8433312
7675493
9521824
12015726
10139213
5627882
7584879
6678707
16525738
8818992
10586185
11212942
6956360
7620477
14512650
11897108
10172616
12347242
12500204
10962685
9774068
7324562
7081680
4312891
10332435
10154113
13321097
9454580
11529439
10487184
14490685
7558695
9050401
7237674
7602335
9657041
6887576
6133998
9652902
11625077
8407524
8770857
7399571
7508708
11306030
11094678
11395335
8820014
14469014
11518555
10191901
10337559
8733207
7880350
13782948
10936437
9103351
5986535
10541548
10797354
10697147
11098598
9567676
4768384
10306354
9724494
8569008
9825278
4086095
9530307
9875004
6435869
12917304
6672628
8769429
7557731
9666321
13392424
11298082
9747733
10523552
8309267
7107997
14075477
9322281
9692930
8070929
9579235
7202111
4480785
8970948
10067275
6600325
10095693
7477703
9956666
7423235
10968194
4766590
10363655
15819047
10924144
9908545
8375458
8345736
8238379
10051124
9955288
6375849
12859873
9317130
12621911
7707855
11375176
10932540
8653744
10595004
7835201
10089527
11039348
7864865
8027549
7858037
8486966
11379610
10610398
6373286
9243650
10791854
6017755
15291169
8756135
11297503
9628481
10289038
12377856
9911996
11022366
7140738
15161445
9400157
5071783
11288927
9766308
6737935
9954628
15678522
10715606
3605213
8749508
9025410
8352538
9556612
9239453
6401697
7524497
11086510
7959967
6466312
12009801
12021780
10006962
8574801
8467651
7956141
11854354
8990946
9804992
12935856
6712753
10812412
12408826
17512314
11069169
6820529
16158220
7912712
11734175
9525331
7031273
6519746
7892378
7665007
6132942
7885975
5823327
6732578
7574465
7700499
11530590
2725221
10093032
5550465
7084148
10178690
9364412
6456539
7671286
9902567
8881301
11219007
8756674
11566124
11306388
13457554
7978792
8491401
5825017
13624749
13614181
8224565
14536447
6843171
13462216
6500375
6750542
11772831
7781409
9987591
10039635
7503753
6301728
11752561
11707203
10920816
6699999
2799276
5546488
9719489
10318418
7893913
9932678
5872891
9100416
13655547
13274840
9889139
15406070
5518574
8453975
8750154
5657269
8308207
11575808
10511382
9494962
9180252
7863546
12666701
11530086
7410333
11450480
6623553
11865048
9614673
10629993
10105631
8792342
10337803
9852310
5140356
6929005
7288353
7053230
11824325
8770740
8102583
8824355
12150749
8618093
11536391
10242046
12273742
8932512
6776219
3171955
13284479
8843159
13713004
11956306
9672080
9399691
5670770
8761150
12950781
10417283
12081742
9015665
6827237
5787883
8851248
8963866
8349740
7099224
9358283
12507899
6938811
5311795
9116557
12456193
9548751
8087158
14146197
8642087
9816755
13937367
6736326
7588474
6908408
10268621
9924461
7592905
8299739
11758244
5575182
6332167
6975387
12994002
10794364
10629422
9954078
8821660
8520630
6295708
7281657
6340750
10797690
14810528
12998337
13012214
11706660
7873232
9323123
10660693
9442530
9843409
6937470
9307517
10798850
15611131
6820949
13761667
7498751
7608863
14132349
14024564
9059479
6969780
13627504
6138859
8369313
9900939
8382216
9516857
4120837
14542386
11288259
14345960
7870253
11680458
6705742
13039265
10165248
11802461
7709416
14517315
7591490
9768938
4464873
10260130
11776877
13378195
9777662
8336580
7856928
8938257
6915530
9591325
5554828
8647312
9734169
9220196
6940199
11911761
12589516
8085227
10423439
6060950
10699368
6183466
12479418
12710235
7879319
13357295
8968138
8444428
7807667
13866679
8784051
9944890
7673286
9184315
11312446
8732968
10701938
8981425
11125686
7003381
7998517
7211537
9775468
6942043
11485856
5717651
7996954
8394281
10911099
8786804
8255849
8322076
6507184
8696082
9917795
7618238
10173779
7400504
9827552
6356361
9336628
12984651
7188706
4936559
11012273
5933711
5700433
5073791
8876549
10248360
8233023
10020314
7445040
5554936
8256622
10434617
9242382
9365988
10920970
9663763
8040813
10198403
10618881
13096174
9608536
8195906
12286307
8879514
11992077
10565664
12228841
10102937
6803160
9220421
6925470
10251487
9250685
12077184
7626521
9011938
4340622
3427212
12718688
10824219
8976503
14705262
13096368
6480160
9600701
7023630
8227045
9484737
10325084
10335615
13474299
10134366
8752358
7658950
10292970
10536095
12786357
11414300
8973510
10349188
8906311
8693644
6426254
7835657
7530637
13088115
9352113
5638445
9823781
7548955
10156462
8467364
8480512
10604213
9093622
12339512
12223346
6701855
13132653
8801831
10019959
9766761
7653591
9978864
9706430
7325701
9582903
3769308
7561621
10636730
4403986
8382571
3181143
8250909
4816533
13069634
6293158
8746519
14239118
7238607
12071537
12194369
6674924
9274726
10487598
9233389
6695913
13100139
12869119
7866369
10095901
7933251
15898951
13629346
9719828
12995161
8199410
9646500
11686694
10088451
5783652
9078846
8503996
8583744
7228634
10393750
8897641
7244493
9839974
8481402
8193458
8097871
5238040
13082893
6399880
10815906
11567054
5491572
7414165
7379136
8884723
9200020
8673903
11828446
11646185
9513767
9221731
10717780
11057289
9962956
9803078
7929624
8407653
9177376
8484057
8711449
10733119
8999237
6783444
10224977
9328404
15462982
3957843
10469350
6372857
12034933
11860584
10161639
10433768
8937532
8471963
6183527
10189074
6925193
8284659
5955833
10353365
7938142
4791094
10882615
7651796
10282715
9130120
5402289
8995861
5674382
9341899
8131776
9135095
10154101
6643234
10131457
10152677
10692625
9023957
8371817
4438088
9581329
9117525
12978534
5577313
9838088
8126439
6645592
7335335
8473112
10636261
9436085
10669645
13254151
8240939
9522276
6535011
5222655
10854375
14654680
6521025
4093028
8002826
8407942
10623608
9325354
7010048
13073859
7517438
9281014
10594119
12731726
11051327
14493177
9621321
11009440
6725077
10369924
11128034
6601710
8916977
7825347
10935123
15072798
8929971
7820095
11180920
11498749
8677731
6687825
9122954
7757724
5712321
7627884
9640826
7698929
7966742
14210634
8792863
11315198
11077486
9147588
3891718
7670211
6292814
12977120
10101341
13138522
8295235
9971841
9860906
9606395
13527442
9504182
12312032
7712802
6561287
5287667
8103394
9860427
6099059
9728921
10201953
8348551
6945173
10747366
10473326
15286862
9383769
5306613
8689000
8956680
8315417
10960953
9494171
8843300
10981460
14627138
12274562
8406979
6419174
11104591
7537914
11337248
9491764
9395598
9266488
9655868
6770892
7762994
7264720
11841900
7999181
7986077
10816574
8685362
7659464
8482100
10658097
10322184
11467808
9768963
6796453
5506016
7281303
7703291
6783848
9996476
7284641
11601101
6725075
13637869
11673108
11461029
6127315
11077862
6842230
11920605
9603126
10245585
9823877
6333806
7479188
7232656
9531244
6100798
6691845
3782837
10791082
8115520
9791780
9850252
7547738
7499657
9149424
8122877
8558152
9886211
8821613
13509046
9206047
7548290
7924509
7407448
4437425
10216115
11131782
9618989
14570878
5527516
7908641
6171385
12525264
8189073
9111252
5912750
10535982
7110402
8508358
12827712
11395313
7963621
10632697
12902968
8748077
9138837
11265306
7596379
6441385
9797898
8763152
9474063
6440544
11347357
6789182
10915291
12160696
6688800
6153734
6730258
5343396
4739977
7873078
8034735
12634387
11629128
6713436
10995063
6957162
14279018
8802257
8280002
11823088
6388464
14909578
6419092
9567228
10623973
11534169
6551460
9007089
8274231
8105495
12325723
7178563
10888291
9802575
11221759
7138036
10638309
9006542
10888048
8560486
9367144
8495562
11403754
9045813
12473070
6413609
8882706
5405976
11062368
9433977
8379479
3896554
8815946
7839069
9535901
9643807
9794539
8010103
11360181
5817106
8178909
7847925
7547073
4446997
9779272
10839452
10220757
10482001
9113408
6498399
8259441
11157207
13597477
9552543
14872624
7511297
7375734
9133801
5144094
6401755
10225560
6411239
10258333
8784578
9782257
11185586
11393537
3995816
11810971
10290881
9434126
7839220
11101860
9605328
7326676
10791574
10262113
8271732
7644017
7290606
8674294
12101512
10940616
12190988
12839179
7300953
12395010
9475919
10331926
11073687
6781215
8820766
11363745
11482469
9754592
10354482
9361330
6352916
6955624
7542837
10469137
10964524
12201616
7486973
9609142
6976970
2841199
10014060
11729665
7199880
10318552
9315208
9569394
12081649
11862257
13347549
10988203
7216166
9878233
7828255
13637713
8190290
11756232
11257283
7766352
11678874
10149145
12882453
10434282
8186568
12340553
9302610
8380069
9963279
7125975
5336495
8662922
11811611
12953128
13233660
6523273
6945649
9123387
8839277
8288575
8266159
11712311
11137466
6405874
7118831
10524612
7928471
8276672
10799918
12116634
9344587
11491111
5847761
9822607
8756469
6661537
12126989
13371743
4121771
10741002
8946041
7159524
8862644
12788726
9594212
6875448
9102944
10387299
12865373
6422147
9271709
9415426
14070504
5924110
9228430
7621735
10478763
14247650
8820616
9812767
8602232
11142352
8635894
14076187
7070329
10226545
7709261
9559626
10711461
10815651
11438233
9823815
7752295
15369804
11552398
13897412
7421986
11861826
9009004
14173383
12517717
8859909
2174787
10879640
6214967
9442046
11680706
7440835
15501700
8935781
9778856
11821238
8540010
9613341
8583328
10230358
9711507
9736385
9313231
10320496
10677912
6751397
7039240
11359356
9007084
11016926
7970190
9612623
8519883
11764323
9765617
8763890
7811187
8502868
9289941
10173339
8484032
10380556
11698366
5844671
11565358
6585178
7213811
9088860
12766303
6799651
5836827
7502989
9282806
8164969
5880066
10530843
5439232
7993959
11495319
9883408
8553772
9557140
8721085
11354617
7200172
9827543
8208755
12461007
8089574
10683104
7159157
7686341
10458173
9664913
9808871
12101210
13184293
15006235
11345262
8210960
6612112
10067081
8272991
9046147
7516091
8663562
7861939
5412634
13020402
9321772
7175200
11849857
6043886
13096536
8573984
8923554
11369345
10228415
10925200
9313264
8767414
10029036
9597289
11458446
8129000
8374972
5937655
6324842
12322675
10426046
6647370
5573571
8483255
6811325
7192031
10655842
9905314
12895985
8458188
6001821
9706085
9087397
12521442
9194738
7558342
9717012
6323183
5817402
5413525
10159093
11228763
8807291
11283673
7070827
10207051
10201256
11810759
5049460
9228285
9879575
5562714
9302824
8752119
6071407
8803578
11463258
5581143
9259395
10845339
9214306
7022749
13010273
15807593
6214195
8314959
10123212
9828283
10781107
12978213
10392955
7134097
13365609
11834677
10464043
8241111
6686674
11151770
10409813
8773119
13519487
9875537
7725578
6928632
11275105
8322906
12883216
9798430
9133210
5491709
11594011
9269870
12852525
4087258
7938124
10924195
9037691
12724561
11648410
13904605
10851426
8751457
10144103
11722981
8663780
9305230
11202050
8057113
10045055
9449878
8700055
12833353
7744950
7412646
8775798
4940098
11156847
11299480
8218604
9141486
9064762
10956652
10538754
12300528
9249185
14455171
8485198
7526909
8514157
10779276
9799096
6228625
11726085
9637455
10102940
15221922
6924523
9171585
15620662
9790756
12934155
11127426
7352840
6661721
13314325
9456148
11248613
7543839
5902031
10820910
11668519
11595324
8716991
8156127
6989388
6937403
9131865
11737940
11363164
10308549
11169353
11087231
7060598
8651975
12043045
7944181
6623983
10311342
12011456
10946288
8959736
7000563
11022553
11806503
9952887
10565542
8403437
6225131
7276625
11331760
8233838
4224070
11317000
8892782
7161729
11531880
6400141
8643957
12222440
5465354
9300963
10254687
7388666
11873234
11191399
9173409
12728625
7659639
12825203
6308052
9924959
7375306
11677779
9294118
8817494
7482141
7108753
6277600
12220070
5939167
7323010
10832636
9062383
8132253
7241200
6239902
13488302
8624784
8304481
7270697
12442051
12499600
12216348
6277470
8217543
7698343
9551019
9782241
9201328
7804820
9074169
5855425
6415297
7289863
10387509
8312456
14104875
12274272
9170340
7108423
10954702
7908165
14659354
7158588
8885936
9935284
9579971
12496832
6114355
10356396
10503232
10284218
9202516
8755077
7542423
7909971
13409499
13690849
12145579
8925837
4655495
6709999
6594740
9334131
8613393
12676963
11672351
10696851
8751739
7803850
9643512
9098409
7588205
8310638
11560255
7564771
9371051
8646843
12036190
13891343
7416042
5438909
8266116
8116050
9082193
12529555
6954332
8002459
9285770
7148711
8211668
10782627
7298000
9354669
5718453
9735215
9928277
12666210
8190886
9930564
6476214
3556348
6400027
12880186
11697314
8357764
7947480
11317144
13834104
11628947
13433364
10449737
6989943
8190272
10521037
5930152
15591179
7605486
10309722
13820802
10616191
9085765
8763414
10686514
6772537
10935780
13726157
10366439
9848094
9486281
8071966
11939615
7787837
8537566
7844729
8822708
8722965
12838840
10952344
7101125
6867047
12830212
8022177
11755628
6684666
12806817
9486873
9280261
12248955
15539895
6438094
5425082
8169277
11533566
12261845
6978411
7612966
7385484
6526876
8158994
8194274
7272261
8227865
9442438
9642932
9552212
10472040
12300216
11697407
13715054
9434314
9841687
13781936
13915815
9267250
7221430
11034478
6311772
12069467
9992351
12768765
6247128
11959003
7906011
6557718
9894917
8679025
12416406
13900045
12566923
13793489
12948840
10437344
9878034
8836512
8742463
6636231
6446374
4751400
5711938
12460125
10052818
9851619
7480993
13393327
8343601
8435612
11139254
12613181
5236943
8219567
11485046
7725778
10155947
5184789
11576775
10619364
6784223
7836715
7993238
11811599
6476803
8208657
8069022
1960722
8324221
8610295
7966214
7074186
9195731
14019932
11012805
13535200
8857119
6059239
11147830
12413193
7581336
13856000
9542937
10615664
12839758
10188547
9108312
12223836
8050292
11383160
7046542
6146472
13847134
8801913
10051173
12912674
5435057
11362335
11850251
8206944
6577824
5793526
7921772
8677785
12263091
8528817
12062312
9234422
7457837
10984889
8845255
7324564
8962154
10372678
10796193
9465072
4445522
5915990
12824249
10739492
5697413
11936003
13563175
12175835
8787783
11963653
5909078
14264986
8600348
9524012
10071708
8831699
7853890
6276934
7870813
5683755
10064413
9821986
11742205
10623222
7915367
9760952
10590318
8271284
8493732
7729512
11248200
11007876
10134284
10439498
10347562
11535446
8223929
6270772
7699434
9296529
13899299
4000777
10362874
10470204
9704589
9660800
12625277
10897962
8792360
10984588
8630286
12613703
12745807
10747954
9656743
8096079
9883436
11436656
5796839
7067927
12965074
11124532
7045818
11445032
7150830
8666310
8012294
6906032
7848377
10841119
12541027
11457521
7123337
11401079
9041531
7573715
14578801
13495642
6812668
13972826
9932991
10608141
10713903
7415908
10274902
7076871
10185104
7515295
9169972
10841464
8400845
7708338
16067648
7047165
8939348
7158752
7664289
9762943
8680740
9858561
9886042
9051291
10410768
11542685
10177668
7236291
9296857
10230470
8625532
9106700
8526817
7729221
8056457
14082272
9312597
8886765
8777139
7713753
10353828
10888142
9992583
8344221
10257920
12910019
12750988
9462814
9506775
12548060
8877937
9230091
11785510
9346645
9766074
9953238
7540009
10647888
6350607
7802861
8911696
7837426
9637422
8464633
9773159
10438399
6897532
5868473
9471284
10920715
11188418
12643682
5791133
8532893
14054990
7660090
9528375
7740444
8330770
5649170
9511811
11158560
5244721
11466193
9515785
8603020
12541058
10298525
9848379
10279302
10767867
10824085
13537896
13141793
9536423
10929600
9115476
13294823
9324243
8975587
6451307
10110030
10239220
5871762
10788562
10921833
14451810
8948998
5887295
5089983
10326798
5406640
8321519
9845004
12319472
7368564
11218388
11210883
11413112
9035103
7410944
10378408
9631622
9108746
10848873
12627404
11112128
6897449
7775089
9627055
6870246
7660677
12614118
12585798
10500221
8136631
5307352
8935278
8111875
8498240
9759365
10736504
6334449
2369847
6786229
6365350
8419215
8516349
11898897
12379881
9530132
10880624
12827578
10473296
12725995
11692067
10605892
6731565
7557001
11576499
9141551
9077603
6861854
14757673
11872774
5623335
14733876
8469668
8858589
7610811
10358941
11517111
12151156
6645574
4370051
10746438
8492122
8906948
9734759
7247247
10374507
13904213
10553231
11258178
8848408
10935939
9344453
1899976
9849715
8958172
8742967
12310371
11290379
11716013
10254594
9274127
8713635
6589182
11294531
11814737
9877804
8047204
7654898
8061052
8601783
6500747
13113464
10186054
6891586
14555057
9834771
6198178
9619550
9848728
11823566
7877551
10319896
8715032
10183018
6026544
7812666
6745977
11152140
9825623
7279291
9280366
7607991
14772069
8044087
11310660
8225787
6933896
12942665
10279369
10106598
9205670
12058095
5280312
7988884
7421227
6237466
5589167
8851503
3724542
12599918
9233443
8724529
7848813
4515791
6426791
6545988
10771001
11733347
8141659
10135861
8700295
5080135
11035808
5905186
8895812
11216524
11668313
8469443
4204318
10258596
6880165
8979839
8853110
7312880
9002013
14708440
4877198
8088088
7997687
7744542
10678808
9832407
10333214
9265672
9720114
5718334
6090447
5025596
10427075
9317026
10104375
10414714
10755404
12998598
12099350
13121625
11225104
8072948
11680157
7010151
7859652
9148443
9854526
8408194
10344935
13541151
13868878
9039039
12490282
10331038
9501608
10031975
9402978
12425032
6246956
12700174
10362420
9505775
10249704
6349302
16857088
11916830
6810038
8957639
9835855
7791106
8514325
9025627
6221958
10038375
11119959
8468165
10606038
7599132
10626276
8024828
6083379
4376799
7256994
9969757
10544983
8745535
5833670
3967643
8916115
11003571
8591558
6903715
8172786
8376159
14098464
11202314
6756028
6856648
10461144
7259884
12000909
8289243
9013407
8354819
10695630
10214484
11931027
12692509
8637090
8765181
10542387
11100030
9034297
2502992
11917895
2750989
10074131
6969083
13536241
9543113
6195580
5052933
6160632
11988900
7301262
10243099
9765223
8459856
8930793
9551569
8318962
8876839
7806527
8127924
7459412
11426404
9244384
10539143
9325068
5962890
8763633
11323844
6590497
4876556
5583302
8365477
5452147
8961668
11345159
6372036
3745656
11229610
8676916
8208712
6141910
5199885
13857433
9508119
10118375
9607651
12048468
8477536
11077774
12446761
9175702
10030243
7706181
12149488
9644734
13760151
7589274
8074223
12050399
9100957
10317971
6507016
12397918
9406026
9038002
8462760
7057076
7766499
8295220
14355601
3765011
9314003
11582307
12037372
9593425
12860111
7820102
8146719
11466457
10781150
13690637
11304171
11256469
7263292
13337181
6714039
10730879
9521849
7764331
12706161
10340658
11070083
13203537
9687400
10354140
13600587
9675270
15399801
11997752
5548119
10398207
3703764
8457593
12305553
6243388
6787653
12315820
9899262
8102323
12061728
9577869
7397570
7950230
7615263
12186278
9949839
5613532
11794408
8925756
8544215
7298515
8827353
10946073
7821836
8160648
10506935
11545455
7901201
10819176
14182791
7443530
6586236
8969988
9421501
10981995
10758597
15630060
6815229
4827225
12354996
10816160
6538272
10152078
8501542
5977504
8106206
4716299
9756389
11466174
9575806
11662623
11266601
11743249
10153279
12495472
11070163
9025346
11111391
14135040
6706891
8219969
13563579
7904821
6791248
9270444
8650083
14664870
10070247
7628431
13245316
11397424
6356698
8971085
8731113
11264351
13841462
10077810
10674108
7713740
6350248
7243753
8345232
12435165
4276637
8179204
5813875
14126392
8639338
6141784
8716420
8616145
10380081
8924686
9148431
5560359
9683885
7716835
7471820
7370789
9858773
7957483
5019701
11204627
12044512
6914458
9005130
7609097
13601797
9213312
5832681
14175685
12074219
12136526
9999257
7516969
9305450
9374500
14106814
13069244
10101651
9432957
8204961
10799660
11380871
11173049
9501344
12059358
8242668
9980800
9469971
12309341
11837578
11258362
7800965
5863172
5226539
7873481
6829605
5750929
9327081
7379781
9470787
7423989
8228687
10005825
10074021
12553934
10941752
11985280
7578030
6260706
7162838
6683880
9527301
8754022
12507469
6578658
8013704
11499198
12104065
9588129
9483782
11180463
12297922
10347628
7632047
7995651
6967390
8760024
12241942
9964693
9029512
8832730
8217704
10741300
11182548
11080241
12387550
11561903
8800548
6808188
11242978
7564177
10958323
9618709
6310649
8348458
7854948
10048959
10368918
6555614
3949685
9408555
6145636
10339746
8446418
5494975
6528710
9640359
6009253
11512090
9715098
9612903
8610317
6561059
10177496
13490580
8432340
11115132
8020427
13884467
11612756
10731743
11592559
10402359
5548473
5948286
6923011
8606719
10749896
14444738
8036065
12800685
8800395
6888771
11837129
10659526
9737184
10855953
9256554
11255181
8860384
7794178
12900958
7291648
11600132
10504157
7192699
10015079
11620711
9336653
9155261
7014259
7338452
9928310
8091515
9044832
9157454
10449197
5519099
8777853
7103774
9665216
8849173
10381114
8937594
9673819
10396288
10877958
7685515
8825889
9107373
12336779
4968513
8884737
11038726
9296017
10339671
11274881
9252936
9025688
11361077
6028025
10651671
11119647
10711433
9578711
10384686
8996174
12117390
9619429
8772996
13884346
7454497
9558702
9026202
9141972
6779410
8974109
13533722
6900612
10718113
14433225
14152137
11142097
8778837
8031042
11359695
9426176
5808779
6055994
8271044
6517534
10541014
13471454
7968890
8208096
8538826
12127775
7545257
6726965
8365747
10317541
7967612
10148820
9394370
13463309
9062572
11743400
11102922
15059604
10755482
9996914
10347402
9083270
9540344
6561655
6810259
12322478
11151357
5286624
7919896
7244733
13617533
12332461
10489996
8934360
8769457
8553090
13779041
12204194
12502579
10612502
9884178
11205542
8301072
7026736
5496730
12240981
8874035
13120916
6974738
8987537
13129070
8731670
9635633
10159927
7774081
9998866
8989280
9096863
8554622
7443046
6596426
12322982
9530760
10347681
11255226
6339090
7208133
11034369
5675586
10855927
8213145
4351879
16019805
13764927
10206778
6948876
13652221
10873290
10162673
8111253
8469758
7950752
4036428
8980654
8177073
12285176
9939892
9825542
10477752
14192582
10199790
7559258
9043202
7951999
8518039
12140322
8585848
14396280
8545425
12598551
10585496
15070333
8175454
7775097
9055704
10245586
12362175
8457563
7427005
5579613
7801073
10242554
10735312
10962801
10852525
10828404
9533952
9083466
5847593
8135072
10726401
8369094
10950978
9637332
10698521
10520326
8082962
9914838
7494826
11051274
8404373
8640432
13644630
10552859
10209689
9623598
6058083
5174755
14785729
16394268
8465670
12002825
6386298
12556625
11447292
8999309
11864805
8417942
8911401
11881367
11051304
11714073
12832317
7677893
10760350
9851411
11292914
11163246
11546849
8778513
7850428
12118407
9039091
9372003
11421888
5766680
9612440
7015028
7395413
6630437
8049963
9110097
8550282
11608786
8360068
7320624
6566785
6440538
10565182
14334944
11745724
4563251
11469333
10902260
8690241
9535687
12075125
9893695
10296259
8915337
3867399
6796070
8477192
6526676
7975545
10256852
8966536
7766625
9993086
8816416
9676081
8326086
10755435
14277359
11337797
5991832
7369122
8805506
11001341
11724366
8717228
8806977
8415983
6155659
9673321
10893247
10522257
2067919
6845549
8868007
9029929
13344607
5873787
8147188
12494874
8397237
7192309
7566831
7109956
12030599
6190927
10452154
9887532
9344193
12371001
8255211
16908855
7317998
14242877
10451887
6687529
15555311
6164681
9210858
7864915
6864696
9711633
9349772
3469870
5896546
14107284
8399320
12262335
8524312
11401239
14639792
9805058
6223344
12071852
10427842
7947301
8951584
10332438
6708053
9733107
12205323
7344717
8446524
13295230
8537657
8761270
7791912
12110806
7469723
6482828
11517648
4340645
6648322
11822579
9100977
6792410
9451963
8607139
7864464
12756720
7560676
9040407
12891895
11443657
9694395
6509436
9711393
10789520
11544631
8119670
10937192
10844491
7515291
10926133
11109432
11044137
10246202
8501400
9601864
10349119
11340456
8876091
7462092
10385387
10979771
9840344
12052994
12237350
10277720
13035806
5857737
8428903
10005032
8145821
6705855
11534235
6424358
4484558
11901761
8458829
10340723
13820660
10786959
9209896
11870642
6963393
9166747
8708615
11457150
6343012
8299960
10842476
9841406
8163057
7162371
10229070
8863611
8182812
8340214
5908312
10101941
11780748
11368013
5001742
10756426
9935661
7322875
12633029
9373552
13986258
12638840
13048642
11065417
7985901
9630365
9453986
7443063
8443780
7120246
6298521
7647571
10669429
7612283
8542856
6902648
7507465
8858083
14182608
7246516
9124883
6818504
11287738
9468738
9304623
9451419
7658039
7926151
12726716
10674352
8561641
10530751
7841761
9669998
9395868
8523300
12328809
5973443
6675553
10855682
8005337
9881483
6574440
9928603
11588268
5440202
14629074
10707085
7033707
13542739
7806539
7016859
11749315
8828005
8756126
4829667
3661404
9586946
10237791
6568776
9008137
7499928
9195549
12605763
7647273
8458849
4879740
16020915
12258346
11479525
11731690
9601877
10000580
10308391
6722929
6691985
6994599
10009991
6965672
9523723
8089709
13834877
9256287
7292127
7126069
12994326
10723000
10646587
10230565
6217744
5808454
4892483
8291982
6779219
10405603
10692143
5971528
6912701
9688674
10795686
11733665
8602902
8922941
10860144
4996343
6754420
11257723
12480573
11461321
6716601
10412424
8205207
13047133
9425791
6962999
10143259
7069066
4611132
11613962
10589661
7998789
9174313
8881136
8890469
10014111
6996918
8942682
10778856
13293918
7944184
7171990
4592318
8821018
8767556
10708401
6093645
6668078
6470187
7489198
5313644
11429900
10292217
10753072
10772523
9013755
6953413
8843613
7215847
11187742
17079436
11332049
7715821
9021555
11332613
10171482
8178069
7589076
7989049
12985333
12400559
9079901
8763188
13210732
8386420
12073069
9664795
8294587
12236767
5418000
9165552
9114866
5095925
4364238
5223442
10816969
8518267
8429827
2065149
11315025
6751742
9102239
8365896
9708648
7438420
9783862
8320039
11268317
7041837
7909666
7796263
13978361
8627933
8582510
10463109
11476591
11863004
5435200
10323878
8190783
6608589
13528080
14309774
5768145
8435878
9981679
10331562
10656627
7784317
10763648
9836420
10962030
11780793
7409391
11128633
12755164
8107951
6164132
8417132
6070488
12102124
7247959
10074914
9009082
10307170
6112504
7107689
12854454
7743213
11276777
7714935
13243936
8252058
14493026
8889172
12079623
10162168
13215799
7913652
8534077
9792061
8024591
5553670
8691111
11392171
10327179
11581638
7969825
7323186
10835631
8161983
16121956
8340181
6782970
11859180
7211560
5658906
9211701
8321823
8774621
10284982
9663662
12381159
9662071
8842790
12178823
13718748
8630880
14457916
9128201
14496929
10138627
9339297
5798185
9530882
9487883
7536962
13349842
13895792
9983383
7778707
4013025
6415480
11758981
8709249
10274107
13161635
8423359
9387563
8765177
7451042
6582764
8612050
10180622
8207533
7348419
5711641
9790181
9411378
5947584
8234315
11844894
9288199
3945141
9219626
11701559
11711771
6365679
10849896
8503683
11256257
13376530
6929312
8335807
10565900
10177031
5871004
10650830
16135431
13210938
11679375
12626067
6981565
10196731
2291986
3928878
11062150
6460553
10336687
9639367
8604409
10426374
11799264
7834530
7151032
5515341
10060551
5834197
8742480
7114188
11651761
10610622
14856398
9915288
7162505
9338219
11873140
9241522
11903929
9065177
8352342
7669428
7103787
5508456
10341907
13226215
9282796
8696302
8380234
11230914
9786089
7791624
7373767
5048974
9427863
8346921
8561069
7915164
9251394
8926937
16386972
7266508
9912832
9873263
9679082
10283001
7561714
8915993
11176338
12326627
6468686
9617434
12607764
7985844
8213172
8690988
10780585
7975158
9800465
8537207
10472335
6216332
10286747
13295380
9264765
10940476
10047687
4311447
12423489
7458490
10851832
11364605
7338945
8524436
9360373
13733878
9304260
6785005
10417123
8979347
12248955
10847889
11774884
6165571
8411860
10244527
10359855
8111472
10462143
9437168
11864075
8139717
10195538
13535092
10122281
6227506
8367828
15849846
7509869
11847189
9094069
5448775
12706323
9727040
9174981
8454051
5797061
9183802
10303675
5884435
8273153
8492113
9883254
8182691
8594446
8300163
7924432
8705803
7392537
6617378
7940147
5617300
4826484
7917613
10269827
11492280
7578154
10321589
9320951
11187288
10059954
12982005
9599217
12382112
10865587
8348441
14243070
10259554
11164947
7249304
8400283
11441604
11196179
6519772
13993523
8178161
9402266
8641704
4487223
6625604
8029124
2425463
9162286
9189854
10209462
10321554
13781252
11455297
15375261
13911383
10012278
9422003
6724527
6639238
10207024
10726521
7807017
7235681
12833941
5940856
6941104
5953352
7197649
4318020
10563459
10452540
8033500
5401676
8217511
8079393
12449542
11433606
11146472
8831868
4588007
13020038
7620491
8525932
7578094
7583291
5405915
10100783
11076944
10604861
7657988
7056619
11168399
8768898
5664030
16964967
10619941
13065191
10269376
7914714
10914577
10114973
9668804
14984588
7249699
7835558
7078894
8575229
5295586
10473472
8221593
5630304
9017562
4987241
15082884
8263708
11909142
8124247
8287093
10776531
6871130
12254015
7167901
9847947
5801961
7408671
10738386
11627514
9483905
6583194
12041860
9306517
11556682
8994953
12762036
8004762
7408558
6451408
9451969
8127681
8885631
7328112
7989022
7018206
8399930
11624672
16319874
6181141
7766875
9573595
9832828
11173896
11363709
9075854
7370087
13440413
8804181
7976684
7007954
9322347
7648500
10205386
9812332
7782485
10344589
9438116
5080766
8765113
7106446
12159461
9853107
5724043
6093323
9542575
12131323
8088799
11005262
9053605
12911460
6672674
10472059
13482371
11040199
12232418
7929386
10365599
7394851
8110026
10582279
10858995
10711523
9504897
6214374
15155770
9492759
8261436
5420248
10784273
7372760
11198013
11258591
4264272
9802069
6563884
7331495
9729712
9469139
13316605
5219357
10888760
8689955
13524859
7377984
12210445
11116757
10369888
7655434
5359169
8029086
8123303
8875156
11912343
9746248
8336862
10086512
4052774
8483314
12717075
13675740
7672786
10424084
12528387
7363728
7624110
7581614
9982970
11853373
10610200
13450895
7390928
9684456
9603868
12037675
20324904
9186959
11043199
8852863
7490475
11242648
8150808
11400510
8354961
12016475
10163393
6491765
10762107
8517854
10164479
11115207
11157020
10704097
8301306
10339045
8651389
15378716
8321671
12369158
13368950
12440786
11851722
11017046
4842273
8222250
13046996
11911814
11372369
8055072
7098625
9844303
8481159
9122521
8007862
9607388
8105452
9167228
5897503
6269686
12884616
10628301
9916367
10502237
6083158
4346214
9019039
7799285
3152796
6111437
7273227
13303024
11095771
7219248
8275848
8988208
10832016
8611861
11576990
9172274
9321817
11666633
3788691
10816183
14016929
6975293
6581968
9445035
2766383
7974476
7407520
12015965
8020542
16529828
9564731
11448933
9606638
7783804
8835598
11234177
11758374
10763218
6721738
10355866
12153245
9252773
7164924
11909382
7831257
9728598
7128749
6149013
10829478
9369798
11055400
10049934
10099275
5148189
9475511
10980186
8988161
10112016
4497500
9948842
7658558
9141724
9479622
11252135
9976078
8566466
10656386
9518577
11164063
9112641
13381938
8557760
7670680
8613494
6304671
7151027
8737374
9530815
6769552
7291540
7186146
10958371
9482824
14935951
13331114
5849938
9173956
11124338
7703216
7459055
9378929
6339896
7703323
7580865
9748828
7559423
10979269
11039676
8287332
14064978
7751094
7601380
11453699
6418185
6202077
9670181
6846082
10213608
10769796
12538436
12114852
7152525
8917304
12331301
8172819
10830750
7912002
9960245
9075788
6375183
3257044
8792131
9388097
9037254
11082809
10531976
10725410
4924562
13243645
10321961
13830496
7136346
12141427
7862608
11195967
7114769
8618669
10902418
5069173
6358984
10743926
9036434
8719131
9447511
8973957
6055710
7026378
8856670
6562054
6277537
10774230
9650168
12111121
8135539
7837233
5917666
4689638
7313900
10873438
7446111
6518773
5375364
5892228
9741036
6933112
10098622
9678925
9849946
10733771
7738900
5974624
5994862
7434947
7930623
9136738
6117198
8959182
9196947
9525004
7584626
6366022
12928798
10579418
11759744
9255912
9125578
8663713
6862249
8515936
7557515
8244102
7632531
10321799
9249199
8355506
6768448
4805324
11491944
10186070
10992278
12591422
8082366
8591338
11657529
6286353
5024107
10623968
9543322
10261528
17766124
7767880
7468573
7413200
11041930
9853556
11817837
4381977
5154835
9840305
12605382
11754190
10703972
9186918
9303922
9751062
5755548
8010260
3624364
8597222
7967123
9896731
10517799
7481918
11145009
8283040
11360061
8369112
12296507
5973707
10125498
6640243
6733883
7940852
8643144
8097651
5874326
10539528
8230238
6982049
8445098
8479575
14369184
6809037
11034001
8939661
7733036
8609774
5592353
8490111
6217365
10629441
12269954
7679388
5778899
11054328
9057927
14003613
13143833
13078417
8202137
6368436
10931029
10513936
8531164
9738415
7149150
6679808
9565314
8677341
15212419
7357613
6979305
12763265
12669541
8807892
8156469
6748108
7396243
12467355
10003418
12619772
5711868
7460181
12102152
15477207
6579367
10152234
6669960
10826956
8637963
11466230
10027259
8874884
11820762
10131330
10853403
8189745
11133113
8877715
10717877
8107160
8393527
10909943
6647094
6422318
9352154
6084919
11462159
10028371
7510543
8850689
12746982
13335364
8051482
9481779
12964737
7973092
9495378
11816912
16078078
12500279
9048830
8939810
8536926
13020569
12574964
11325142
10926554
8420787
9954439
16418761
6090278
7749928
11778464
14051918
8701054
9141580
15321559
11727430
9697729
7759792
12018412
10640999
8971185
10318109
5386328
9106486
6427882
10749850
6598603
11613998
9914022
6503570
9556643
8017293
7553064
6900278
10522210
10574420
10333164
9325092
13650922
10421424
9240486
10099349
11848411
7117676
9681206
9080132
6896269
11601979
14573916
13966924
10156209
8084996
11653315
10061739
11647229
6228631
9806581
13872670
16375768
6961147
8640326
5908431
6619465
8318170
6788526
4992762
12701780
8635189
10325200
8603811
5620279
11296679
11063361
10246360
7952668
7807286
6466602
7406526
10919374
5551832
7807172
5848265
13939030
11209929
7554523
13822095
11214138
8929385
8029398
4628508
14260644
10926653
10889378
8534339
10158751
12287306
6648548
9268319
6699759
9253343
12578363
9798049
8685877
6422353
5850892
9792779
9154939
8082179
10696324
4482835
6320911
8116171
8517703
15519385
11290367
4695016
10211596
3366775
11877945
10044369
12039284
12022508
11274640
13317956
7585118
6711153
9843118
11157231
10758924
10650917
13407632
6587016
11421517
13873747
9527753
12707015
6367305
9057397
9034221
7993371
6832801
8935269
10899816
9837848
9444310
6079804
7923735
8359401
4597237
7950883
13140892
6960960
9372613
11661300
10385874
7770386
9931588
10698192
10592972
7576459
8176084
9898781
9546075
7408804
8974303
3590443
9457601
12231261
9395749
10179829
9762220
8556783
9415153
10759576
10550904
5748153
10761716
8582464
4568403
6801363
8714173
10113695
8493430
7295418
4604519
6554187
8397882
8071841
8224223
7664374
8104247
12211630
8460659
5711279
9581993
12060948
15915883
7219254
8872845
11061150
9202118
4731444
6348333
10198251
7717562
14222005
10529204
8946849
4786692
6990480
6767087
9385596
9345505
12332972
11228638
11760419
11051375
10748600
7861777
12649378
8004546
8848836
7784164
14678700
8387035
6331982
7242499
6923783
7548150
10224748
8122957
5390468
9879202
8477176
13053554
11050234
8620551
13799334
11058932
6432591
12088054
8935897
10843710
10064822
10159497
7654722
9723546
9526075
5684893
10258455
9826212
9714653
10209392
6694578
9302378
13577291
11876566
10062225
7265407
7869053
9646037
7723071
4871101
9730846
11525217
11297677
10402686
8754394
10845042
7591215
8343268
9254907
9122870
7094751
11580549
11624046
11011954
8071633
12539481
9891649
7148006
10136884
7345767
6773006
12886588
9822051
14065283
9109343
13061468
7288703
6767544
7662319
5476153
8084312
6358959
9060836
9929375
12684624
9349325
11461517
8303316
7189990
9674611
9135831
10539704
13824711
9380627
7984454
10237619
8943087
10822951
8410753
10383203
7218905
12968989
8506997
9614502
10582626
10713311
5836811
8956244
6729067
11496208
13282300
9286686
7203746
11572187
8142417
8344154
12029141
10666533
8765686
6775191
5557438
6576573
4930589
8735653
12503573
4601100
5289968
8110387
10452993
10894057
9318232
10888536
8665512
13378507
8951925
7625524
8675737
7607681
8399178
6310318
9978872
8858546
8455382
13499967
8300516
12433671
11707371
10826929
8585699
14506967
10405589
10447425
14736515
12242787
9855019
2171119
8504769
7823738
8909941
10270490
7796045
8793560
11325447
14487706
10085751
7309186
8475513
11011797
7924454
9269641
10359762
12939105
6661380
8969945
2902232
8828579
5195138
8827463
13402167
9560548
10507568
8895569
7455254
4058870
5177381
7054470
13835256
10690495
9600587
5963191
13253884
8001036
7901007
6172610
8732724
7389660
12308594
7377152
6296046
11131092
10089534
6224941
12117444
11752129
6137121
8540730
5850057
8043763
12523467
8683994
12718900
8190285
9217714
8500822
10192188
6636760
9605034
8568925
10430290
9764670
11022904
13274878
11658723
10113431
7296501
12272014
8675899
9326659
5968702
9957957
9988535
9982247
9690589
8178216
7448250
8602088
10249823
7110798
9049619
12335659
8245538
9043191
10602329
13134731
8847185
9249830
5966925
6090009
5491795
12976345
10958894
9008900
8362187
7339282
2917251
10462404
6858012
11102032
7685195
8288701
7332311
6242064
11660759
6810171
9976252
6584783
12361277
10236409
8234874
6860609
8108629
8976869
5604520
10194285
11365933
8437973
6846690
11076896
9142210
8302621
7264329
5596151
13151394
6189150
8207094
12063028
8817024
13952828
7771968
16449431
7341227
9616136
10730198
11087467
13733234
10911102
13509721
10955204
5593917
10370709
6364135
10306695
12137485
12435450
11958603
6011581
12469300
9812078
9885903
12159976
5551807
7193586
11047126
7520404
9636093
9989542
4769066
8161800
10013498
12147991
10310029
10926921
14245738
9759951
11404399
5988663
6621416
14337543
8137212
8386857
8253697
8120159
8121350
5402629
10165618
8545694
8851995
5856555
13754085
7515561
9775159
9246462
9799195
12635703
6572467
7964184
8423188
13602211
8026473
9194800
10477343
13759071
9071785
11019511
10116770
7834411
12868297
7977277
8187036
8094558
10916314
11105088
6928681
10064814
6475065
7563606
11159655
7518754
5684330
9184944
10977294
10891748
8355464
5291466
14041856
9584478
5943936
7954439
6934931
10839364
11509187
5513846
8296222
15394002
7493048
12095495
11042080
8177653
3611446
11423100
10257415
9727241
7693565
8867223
9733378
8788462
9577970
9060198
12472959
7185720
11149329
15008910
4289762
10106396
13260748
10185315
2924685
9982674
6993805
7933935
7159340
13583014
6278549
6078435
14187360
9339001
7113923
6286106
9215175
9969250
8780005
11830054
9818077
11993886
10839762
14104147
12198691
12729053
11305137
8772636
12982553
6213957
9377399
14146107
10244420
7313597
8112139
6734613
9360047
8163553
12667175
4983507
9998227
4963234
9801793
6536783
12258075
10164781
10953222
8511073
4071701
11553810
10490259
9235248
11274415
10657010
12290537
12767706
6737494
11259859
11136264
15003291
6880297
12562458
7561167
10552180
7866185
8394803
9108773
10611346
8566617
13102556
9262329
8617023
8541706
6737426
9831477
13021325
7552868
5318622
6757256
7769030
6714431
16221402
9802988
9298844
6304755
12041143
7905931
8041346
7298314
10177188
3537338
7063181
8822922
7281093
7993365
8469636
9662301
12261510
5686648
8716174
7198196
9438009
5655542
11597635
7532208
13201852
8358288
10376431
10262259
9308082
10189642
11681008
9676234
9728561
9864465
12943437
9811450
10386477
10882186
11995939
12435144
9248536
8836391
12292796
9600106
7317078
11438257
10396339
10716349
8928945
8753055
8570680
5866815
8381376
6692314
3450131
6200683
6882826
5175644
6347566
11380629
6193857
14195407
13111144
11568083
11145484
8750143
6449523
9118708
13280186
7420496
8423415
12432307
7531516
8208790
8944558
10674111
10499685
15233449
9869342
10879354
10086816
11310962
6678989
9188410
7594854
8068724
9981953
7156762
8431573
14651265
13594167
7877478
9201220
11137554
8889781
12631345
10821857
11991785
10546693
10560035
11422336
7598589
6292562
8238459
8792757
4271835
6995542
13998578
10783030
8371844
7779535
6077983
9436615
10366833
6770690
7841570
8783592
11006563
12772259
5783941
7338774
13148373
11812561
4996142
12032903
11755523
7213711
9598013
9468775
11217174
8740874
8458099
7345536
7001405
9154245
13595680
13108386
9596762
6774249
7903137
10343992
13343162
13443415
8779811
5563321
9366775
11463427
9249250
9313903
7243386
5995873
10938802
13249907
9094016
9582764
9451395
8706353
11424763
7736209
9475700
8378684
11807682
8571752
10966742
8612972
9260265
9722502
7570143
9839829
8321856
5278151
10787356
15151114
10213113
10034947
5979261
7193673
11200962
7348467
4813694
10963128
8902929
5621314
10001560
9319844
11925716
5698224
6522997
8043789
5087304
9916035
10072301
12751556
9398427
7819769
10773900
9274040
9686246
12121218
7868470
8750746
6316729
8297565
8499461
12664803
7963496
8423644
10905825
11050014
7464716
6013030
7154012
5721406
14936355
13748918
9158411
15204660
13000917
8666694
12331309
8320162
7290155
9795164
5420685
8600207
7387463
5546258
9020578
10606838
8005891
13695585
6832324
8561689
9625160
8286604
9188646
12398064
9541467
7574834
8216489
9067793
8291697
11438247
10512897
8326447
8844558
7190923
8578415
5561932
8010594
7945065
4277731
8439598
8529203
10265846
7673093
8125663
10504328
7006487
8458500
9357503
7882088
11485630
10965974
5984677
13671314
5385324
8862211
5385996
9060960
9018097
12922980
10352482
12891348
11828337
13755728
8617296
9353040
9042478
7545353
8065095
13946712
8574169
5741875
13689871
10639721
9277969
9324168
12457224
10031184
3295972
4896515
7902043
11370271
6852845
7342188
6878082
12642702
4171917
7741560
7726072
10754027
11394069
8331446
10561814
9678904
11371083
9063931
6890609
6207316
15921307
7356104
8362272
7417167
11519956
6569736
12109859
8924347
7633346
9048103
10550430
13118921
9914537
8988141
9277995
7371979
13895544
8701803
12400936
11370708
6978614
9078968
12288860
9723840
9172971
9850273
4999469
10183394
4859778
9777168
9355692
3703174
10500754
6965631
6972054
12762059
9083261
12219355
9951984
8990730
9216930
6132787
5201878
13980251
6975064
12206421
6693619
11031637
6789488
9963032
5539150
8632391
9665528
8950027
7541360
10703096
7366521
8024509
9946229
10363003
12886240
5113229
6365797
5374913
8369118
11657710
9744355
13088208
8574846
10102809
10906575
5895988
5375395
10013162
6810776
15459760
5524955
7824642
6888209
6371206
10567257
11120391
9511631
10368985
7760563
8856540
11308829
12220895
9104376
10914217
7346197
11471596
8935150
5793420
8418478
10988168
13096055
12101020
11365082
10597747
13128695
10383979
11936616
11319991
8141467
8751059
6077270
6408035
7009971
9076028
7322646
12475415
6299814
7412263
9344109
10527802
13150266
7475348
11899301
13761799
8952996
9632907
15846588
8291007
9681422
9936555
7941757
11538965
8795320
15482858
9830583
12150904
8492529
7719826
8292866
11424924
7339555
10381001
10635641
9890177
13807293
12395205
11906634
9843752
9832611
15186275
7354265
7827804
9355636
15063137
10043726
13319737
5039789
8741423
9372420
10026725
13814104
13731637
7254660
8432135
16130080
5307515
6590003
10364105
13833775
9256774
9508795
6532312
15856345
7067399
10827461
11426516
11474041
9276154
6253247
7043926
8367852
6405159
11978630
9336019
7168421
11590906
9560141
6396602
5470533
9058779
10248875
7570168
7330140
7934256
7779808
7820558
8298545
4015835
4101302
10543525
8883300
15137932
9118292
9456733
6995582
7721098
8095780
7864522
8208957
10278355
8777953
10386598
7212821
6516631
9249575
9099056
9009837
7986249
8023967
7166294
5467967
8304165
5258691
8951278
12384892
11890265
8345285
7673379
6165381
9266597
9484778
2461271
8594172
8888733
9466141
7621466
6175955
12377100
5949953
6909915
9670833
6106499
10491554
7976602
8425026
10518810
10879321
8855318
11566229
11526201
6567564
7990706
15970726
12731545
7301746
10882424
10271113
9591438
11622408
10595942
13756816
6460972
10222993
7759823
8691124
5839878
10557360
11253736
5576693
12414952
9090351
12436071
7754578
12875779
12194640
6852223
9012198
9070708
9804540
7992656
7204555
9719254
5384477
11741226
11147963
9795415
6187708
12273528
13356032
9185325
7330306
8375030
8081005
6121781
9589110
4748867
11622360
8325457
12205104
7515773
9936703
9136626
10864096
7124218
8587052
8113333
9386181
7878685
7051421
9897625
4716730
10358310
9667637
9345712
7908684
10639794
7114919
5642707
9445369
10529262
14337008
11241242
11962299
15201709
8031051
10461840
9455591
9136720
9181280
10517901
8130536
9810848
10822519
10177748
11408078
10233902
10291669
9512120
10735863
11331954
5350980
8199831
12943987
11849115
12445401
9085957
11126809
6457007
7300621
10731134
7556098
8409431
9742176
8201233
7479566
8772247
8409722
6629367
9596211
15182033
10474054
8462668
7960807
6388709
5272646
11708467
11973645
11669157
10750395
10337713
8524663
3869461
18340797
8403970
5592843
5255377
13001060
8854951
6341999
10422439
7685443
5827307
10629854
7755714
6059127
9945625
12868363
8821958
10131015
11407840
7734666
15748429
9392914
10651705
8375502
8315606
10041513
7122811
5313507
9225489
6721454
7676307
9686499
7322498
8754373
7963122
10276541
8869263
10217106
7003723
11955975
9242392
9075388
11545050
10477587
7268714
10905160
11779044
5305666
11149646
10275724
6803704
10790878
10438976
13320134
9893211
9104861
11201848
4306500
10052861
9191247
13711160
8454363
6494790
9206221
10428741
5654504
11249389
8730759
8530918
9421498
9491686
9463243
9241875
7432540
6481809
7562131
10044642
9753685
10766019
7070825
10033412
10844655
12456975
5872699
9565339
6287722
10356203
10920668
9198529
7618830
10474005
7534422
6320820
8063569
11573057
8160591
10349308
8065638
12077717
8855754
9524924
7978634
9960210
8892492
7691572
5907474
11017489
7870493
8751932
8317720
5713350
11012959
10849941
9921256
7016334
13005924
11650813
5433834
13005849
5554229
9636559
6940068
6642246
9585077
5895720
10534973
11669170
13150896
9124540
9599988
10318400
8566652
8528939
10261635
8157140
9346356
9044259
9732423
9888415
4015865
8856400
15160990
11908855
10422326
8854223
11794380
7515572
10820317
8934902
9831069
11620575
10782642
7149177
13351976
5583461
11520840
8209998
8941500
7733790
12908180
7364140
4604678
8636821
15141553
11224133
10456254
10760782
9001830
11035756
14159123
11625864
10705624
9446986
7898829
13679606
10147235
8835590
10082914
9354493
9176313
9716250
12732597
12162528
9934095
9320318
9081988
12015482
5249339
8137510
9844227
13092918
10190134
7251692
8857861
7791631
8587330
6564380
12733342
8454284
6265699
8187181
6957490
8777119
8015543
13059282
10802395
5813655
7109469
9037702
12687857
11095176
4553364
9794190
11487646
11424513
5751503
8953842
7829253
11696384
8601148
9718466
7734328
11318905
11153682
7653950
6345347
8676158
10167795
10769606
8188749
9892259
10533382
6671377
7234888
8760305
7889006
10677576
7117593
8033408
6576622
10608991
12200201
10826338
12260381
9630177
10288641
11248806
10561890
11094336
6272890
8050176
11681768
14561706
11465642
10133456
6557936
6811424
11827687
14714912
7790638
7206106
8822324
12669332
10786291
9462183
8752721
6184317
7288148
9660635
13767860
14232164
9897191
10012261
10198656
10640263
9660264
9512143
9841901
7570864
11619390
7419462
7897377
7000172
7236692
7377722
10520281
9753888
16056466
10205063
7591444
8825754
7437476
11164713
6052566
9467827
8503614
6747953
7669987
6583767
12932575
11475199
11956147
10345143
10270731
6947621
5166528
9912249
9434726
12280886
12435789
9532535
8841365
9832060
6533984
9081420
11960030
10773479
6387097
9128133
9494896
6957535
6060202
11899951
6471110
7082930
9704255
15370479
5962955
11362375
8242611
14412048
11678672
9514255
7520630
7971406
6808747
12220573
5951381
9538952
11880150
11066127
9971943
8715637
6800715
12330731
6568843
9241765
7766867
10180458
9030768
13913456
7066228
8453588
8183012
6051160
8016956
10724369
10284880
7580790
9499917
11084342
7341344
9311127
8845198
9661152
7954211
7986656
8166927
7563758
6894322
5058672
10628959
10263246
7649075
9262137
10220386
2629757
5340598
9097918
11288146
6497402
8434009
11600001
8854228
12841565
10208357
6921848
4367915
6723885
8636941
8594754
13599483
12206591
11289177
11687688
7476905
7027912
9097938
9156755
3909788
11336968
10575018
10622212
10028245
10758049
12817244
8801944
6294487
7062395
6336716
8040151
6063381
12927619
7867554
7729324
5053582
9679073
9828278
10801388
8396332
10846950
6451893
7665099
7264848
11965394
9741400
8527995
11960094
12309836
9763500
7130189
11867034
14220474
9299806
8894840
10033398
7912736
8153995
8040769
9959839
9554482
10688894
8524249
5098092
11981743
7210349
10321145
12148356
14816152
9325762
6302686
10119003
3472816
11557480
6837283
12618428
10022981
10095527
6770991
10410857
11764776
10106653
15050169
9697276
7468922
10727718
8427169
8589899
10243721
11351088
10761472
8886775
5935735
5605894
8858445
7951328
8979915
6623075
10714183
13037138
6573509
8240280
11029436
7832485
6127185
8027820
17213491
6961429
7704607
8020229
6543872
13460703
5106303
9595117
11476852
10695557
8952364
12219585
7728924
8400985
7490662
6578440
12605633
11445577
7895017
12757766
7806498
10034061
10954549
12880581
6938689
11335659
11972477
10570278
8602704
10458977
8454810
14445086
9188907
14981390
4904946
8966989
6301980
8391121
9096154
11169428
8514512
15027578
11144420
10357365
10514361
12473383
4899085
11620428
8118878
10559376
9821154
9944142
9349224
8241696
3304382
10499865
11727219
10299025
12134988
9704582
10735922
10506760
10588175
8470131
10368777
9425768
10431095
11619735
12007415
10902731
6454337
8525006
9795424
15265202
6679933
3811729
4174597
7472504
9823013
15341503
11721879
5789693
9020803
9398213
10061515
12461591
11469081
9531639
8944664
12282116
10828892
6326273
9082326
9974624
7411166
13318456
9487256
12817001
9904447
15355979
8121094
11547577
10998477
9037005
9317252
7973617
7955986
12499426
4718863
13562383
6975562
9739611
10687421
10883480
8514961
11170008
11433383
7772882
9910388
10425107
9918312
5513315
9018550
8150820
7136670
9802621
9891714
11694090
12046301
9325716
10410751
11709478
10119227
13527666
8859895
8272490
8403191
7904759
11494070
6524898
9874656
7534641
5944554
9195917
11769672
6733825
14047196
14864625
9791390
12304409
12128823
6547072
8494913
7082602
4019807
11237793
9861623
8174517
8957724
13362441
8122103
11079914
5759118
5799659
10237088
10350880
5999431
9503140
10311149
14293978
7626031
9433715
7824438
9127774
11267576
9873235
7512547
15025876
9198297
10491379
7961076
7876525
8855165
10745937
12110947
14281362
12339938
11275707
5593119
9237384
11864277
11613389
8584461
8693675
6480277
9957645
9007596
9329520
8464567
9197209
11710748
10753289
10827262
6792534
9722026
7500437
7298165
9657932
10037286
9921893
10448786
10775574
11563272
9011137
10493878
4841221
8767595
9410751
10952682
8543817
6564799
9660803
11291017
1069831
11873652
8211166
10025432
1262023
10155892
14076169
12973174
10427497
11753802
9649211
7553520
9405436
8950065
5931230
10757162
5905410
9629157
10272526
8475474
14058037
12762045
8222708
9472399
9127668
11150233
8708495
7567027
10501453
7665268
6289407
10340550
12821046
10788932
7046633
9252699
9102362
10057561
9568377
8092617
9690537
5654335
6736067
8450689
9894297
8253992
11234081
7529658
10074683
7853655
14618361
10273060
6540522
8359840
13155918
3834921
11452505
8244675
9567646
8759538
6168506
7701593
10719340
9126144
7897879
9558681
8474398
6998243
5794061
8089116
12043405
12062136
11328481
9842287
9424562
10133896
11903663
8884054
12309697
9795799
9783539
8962497
13170018
12413169
4122969
12360465
9703762
10710931
6212273
8807495
9932351
10718474
7224671
7662626
7629752
5328081
5462012
6338831
8550092
13970352
7474678
9420465
6414091
12678491
7559455
8355429
8298525
7961029
10373671
6634851
7964391
12803230
6782263
7431270
11004076
9352077
11299085
10012034
10453162
12729147
5173907
7414506
9651101
9703062
8078110
5990443
14316232
10970768
6581474
8008336
4876580
14514355
11447368
13795531
10555030
6367683
11632361
10344064
4879914
9979271
8866698
11761806
9694609
9930236
5103494
5565409
8069681
14453170
9887924
9367226
9710165
2807031
12669184
8710949
6230122
11511797
9041938
7450583
10314586
10366879
11848586
6463777
10104174
9841425
8185511
9103812
6508604
3877074
10092955
10570278
8067114
13456212
10828365
7407066
9750077
13305532
8707051
10443794
10970476
12779859
10182700
9682314
6445650
11290048
13592623
9335812
10651938
6476314
5512583
7267254
15252169
8119827
9546881
12360406
5342096
9927106
9289609
10172231
10200240
10817374
2517234
8885393
12931817
6133586
8376348
9352520
8926223
10349816
5359101
10404904
11204434
5473094
8179728
9852118
15846531
7089655
11331136
7008478
13119808
4840497
9968860
6370010
11898822
10011437
2579165
6097577
15037625
11813098
8493993
5274626
6305089
6523643
7361005
9287202
7271998
8717345
6747963
11329964
8917238
11201669
8693552
9448783
6989340
9508443
7678933
10622292
11932011
6448717
9577870
6490372
8424859
9362507
15033761
10917710
8650691
9882152
10499058
9058929
6398432
12936081
13130140
7980090
12537587
6425048
9225279
6790741
14505866
10032118
6902059
13184780
13957733
5482884
8725256
6786845
6574337
5971466
7941447
9011336
5631350
8528879
9252151
12898794
7225170
11366024
11070386
11176908
14219997
14002605
15825541
6620199
10680417
6842179
10308510
7897367
14475809
13328609
7835309
6941035
6706628
6390570
9191090
6134281
7383668
8531941
7914404
10162894
7189738
10991506
16098499
11114932
8792040
8599185
8661833
4364798
12342437
10294219
9295633
7570069
15484660
7551882
8645794
6315176
12215253
12825028
6998720
8058334
7518892
10042873
8242083
7949409
6707644
10378818
8870666
6785629
13467116
12396417
10835713
11858053
8924192
7015972
13554397
7337478
7932016
8932841
11411521
12846175
8964353
12256096
9882137
8330137
9415074
10776055
6160165
8140770
11697215
6882010
6992908
7826451
8653180
9994553
5910514
8262717
9773379
8577177
8010213
10542495
8184028
7909227
11806541
8620381
9897417
13057251
11755741
7689250
13217236
9115623
11730099
10311392
13975671
7572447
8553049
7544082
10679212
13039693
12819433
10581438
8571572
7342064
9175925
7490389
9501885
11251243
8676839
8416501
9518928
13865131
4144697
14764548
11194372
7555107
6279356
8661791
4659023
9524228
8660237
6450743
11233658
9472358
8729385
11816673
11780708
14889719
8555548
9962117
7591268
6437246
6737631
11637975
9172927
8591342
8987320
12639776
10646246
9707816
9951447
8813373
11048330
6926870
9960855
11669941
10558950
12698552
9011925
9202979
11454702
10642738
6273938
8211206
5895258
5452720
9305947
9721468
9216078
7832619
10233446
9235923
5083415
4973348
8264073
8164707
11016122
9413977
6344984
8746076
8523323
8531270
10511778
10493017
10809706
13168678
8824868
10082206
5505891
8009122
6938513
7158391
8049909
11345964
5406599
6582859
7177155
5032952
12432443
12576888
6666402
13342863
7170071
14569005
10571389
8983121
9367944
9928657
12127277
7054315
4085357
9609054
7320587
9732347
9020612
9435303
10032471
10197278
7074018
9514697
8372585
8385365
9141941
5196971
10604876
7901194
9278692
7425849
10080034
14670038
5854693
6037962
12712447
9415682
4997867
10198445
12274380
9435799
9347885
8989843
5942765
7408590
9969118
9474679
7738345
8368094
7425114
9560259
13206021
7406929
3227434
10639325
6668680
7979872
6763393
9289500
9566764
8487814
11404137
8308011
7471223
6972919
10819230
10046009
11259138
7091612
9068469
9345294
10864645
10086116
10931529
7894605
10646224
10960955
9611775
12507281
8776121
8687871
9627121
8702044
9311107
6841208
13684886
14764298
10928156
7866238
12247640
9557570
13936289
14439944
10127122
10841135
2808600
9373857
8386615
9605359
12684087
7278009
8836207
11682307
10009160
9052308
8601901
8420979
7551562
12672676
9157800
10678666
7135272
9207531
8071701
9505278
8092007
10099757
8150690
9874267
13876033
8337768
7012301
12764317
15164923
4192178
9224037
13022259
5159437
11192174
10706970
5135386
8326337
5035789
8498954
9384014
7513792
8927397
11392041
9995171
6592723
10982509
9965974
14486555
9626325
9319682
10413738
9976520
12975221
9678904
7392072
11538240
8962718
8423342
7411532
11269577
10606668
9627176
6454700
12716493
10767051
8919059
8912984
10691102
11421998
12848636
11008017
9419851
7758110
7302398
10914144
6874300
11293740
11918122
8882526
8834424
11989476
11234881
14479720
8457777
7099713
6991504
7333129
8013349
10586385
5985489
11014211
11549048
12692321
7637781
11251645
7400558
11210103
8749749
9384618
6023364
7009620
11750364
10562155
11613651
8036421
5861353
7466521
6290958
10272645
7174767
6364981
8242730
8034239
9294285
10572591
6938472
7400584
12953192
11317105
13843244
9203736
6184540
7919737
4787441
8091481
7583914
6697492
6294950
7145338
9761836
13906345
8516753
10860933
10266560
12396480
12734085
6999236
11931855
9804689
6310649
8676178
10630263
11020514
8297243
7646961
11502786
10160061
10645616
10180739
7281057
9996778
9319198
8142639
8373628
7573310
10067827
11602041
8248563
10163362
10921939
12983826
8644515
11845336
8440970
6955839
7194756
9491249
9371606
6607361
4381519
7591264
11498528
10351247
10775983
7287726
9875808
10443903
5153305
8963829
9036108
7552789
6346968
12067355
10582105
12135387
10439459
12167262
9165717
11976042
12648841
10480853
10142261
8918016
11930743
10827436
6522522
8714609
9936731
9039519
11975332
7595250
9117220
11955089
11797335
12213432
7724648
6573889
10680959
12498238
7005908
8812391
8305275
5800862
10631176
8720000
8066618
9419080
10114214
15127175
10052449
9096937
9211077
5591329
9800444
10941877
8165440
8359980
10045060
10686106
14660634
7125253
13051500
11751481
9553685
9640454
9476451
10222016
10385382
12738764
11985226
9760542
10047803
7821807
11685341
8294948
7770692
9221149
8813370
5676554
8534536
7779737
6348347
7767352
10938595
6196288
7543975
7776052
4177091
10314658
8839192
9098156
9583216
9760158
10982920
8286051
8403780
6972380
8521652
15174088
11048839
7997445
11268874
10853748
7453132
7765412
8128009
11549703
9876064
14287759
4190505
6722896
8445270
8610362
9772483
8651451
10599502
7951466
9905371
7536590
7174291
7526725
6814097
10276658
11499632
8386445
12210986
10153269
12188692
8376994
5389233
7291569
5832221
12615490
11448931
11389142
12468635
8447065
8024048
5236221
11153171
8661543
5339572
8110990
8243070
13119225
7263195
9378250
7758511
9019296
12675101
5733117
8811484
6804451
9573390
7651746
9380943
11393140
11491805
8978901
11588910
8692352
12803485
14083728
6620348
12781752
10534084
11344237
10347776
12245873
12010943
8391363
6794479
7139269
5345525
8087933
6290797
7304874
8963794
4057675
9736411
6628133
15705606
13821752
9395659
7506743
8621460
7736269
9869361
10317392
10316539
10434370
9114371
7238379
9043474
11218677
12684899
5815301
10909330
11455419
11644797
9419031
10417953
9789615
10939233
8126925
8104524
8547404
8410130
10534051
13721688
4369605
9750516
9258187
7773165
8830339
6252865
12363047
7204131
7978049
8779918
5583550
8555906
9632547
8743168
7824507
9307430
11398600
5096323
8125669
10369615
8890252
7199736
10182515
8155475
9394096
8603413
8241210
9934899
10206772
7383745
11531469
10349612
8264133
8002571
11669952
8809889
10763246
12376961
7556596
10087855
8055536
11094638
10926728
6994228
8227610
9228826
11722986
8972327
6798533
8982825
7405240
9123737
6007021
7348846
10530866
8273657
6772941
3890295
8845151
10856898
9539291
10091580
12145287
11657465
6529884
9466230
11229260
13103418
6725891
8726005
7616792
10247566
8674544
12279627
9005800
7184989
9715597
6786009
10330320
10156234
9044655
10424830
11492722
11380229
9693846
12882180
9557433
9345988
7091329
9033999
5573059
4919833
6991030
6156165
10339133
10742288
6179290
10491108
11074965
4678282
8139604
7847531
5806900
9443855
11031666
14570090
11104792
9225934
10335669
8939377
6709872
11281068
11807352
8141703
9299818
8448144
8247198
10298759
12269959
9557388
10256860
14469106
9283938
14343984
9538446
5681885
12227830
10714434
10630106
7538223
10494684
8611632
9917140
6198536
7399506
10411001
10959866
3317814
9970120
10441761
8776348
8530844
7044910
7399832
8569288
8614217
9704321
7836273
11182828
8110476
7017271
12965861
11001421
8893984
8531274
9272686
7491174
11492747
11161953
9772354
5304801
6234162
9339401
8125398
13002479
10714232
8392789
8190191
13012675
12394271
8579688
9754419
9826204
11796755
12627095
9301190
7290943
6245175
5906102
9624649
6575840
9989084
11313018
11310200
9155979
7520381
8867844
7373389
11491138
10403310
9090850
6595016
11013668
7829719
9071952
6123203
15422489
7901660
9606720
8532360
11490070
13844847
6026959
9211091
9178849
10053893
4980466
6132435
10870009
12479286
7870533
11314366
9030422
10057125
12403096
10980472
16810742
9665448
8275890
8091447
8916149
8349661
8727987
11940765
8529144
11743549
7512338
11694541
10421832
8907188
4781081
11768130
9929161
9107101
7453703
8294138
8614320
10774655
8779537
12311666
11462995
6861355
2278121
7024810
11906632
12248026
12807913
11071596
8205760
11761742
10620839
11343171
7865121
4042363
6525462
10626421
15928792
12761207
11210480
9679555
8936220
11654646
9071195
10632525
7877965
9294342
11597886
8325489
10426674
12366277
9640518
10972805
10965998
11188546
8494271
12654640
10413407
10458174
8794269
8643377
10287399
6907898
9284545
13099098
7603613
7310146
6676148
9527968
9967292
10495804
10423320
6615343
10997335
8846863
8068470
5774547
7179695
9055705
8780313
15704401
6214278
5371144
8355626
8214117
6343067
13142748
8974424
8607198
8907064
9817216
7532237
9065098
7697284
6586894
11238237
11884533
7935811
7779536
10628953
8809807
8408364
12737668
8374231
9266421
9467751
8520833
11980795
8137085
9247451
12176308
5171910
9382646
13232914
11634092
7923093
5667394
12826358
7199853
15019273
5428005
6689997
7904125
10774809
7541700
5902844
11661589
10179331
8341216
9961217
8839650
3925614
8513097
8553653
9000809
8929915
7531240
6944802
8777871
5655486
7095726
7641741
8246266
10876507
13059554
6094325
8293161
9443500
10639035
8629521
8234381
8766035
9215108
10642093
14204220
10845043
4740091
8485498
7772760
13774593
7790472
10317720
8763848
12613558
10176426
9232044
8632970
8443875
9509264
6884787
13573401
10130716
9388011
9660022
14504469
10923945
7226979
5982971
7267964
5658046
5630767
10958600
8297173
13525877
9030101
6530805
9529877
8163875
6546739
8847976
7409590
6873424
9485163
9837620
6761649
10449991
10412412
5315525
8739377
7792983
3419618
11984906
12246473
9256889
9069671
8182100
12588205
8685571
10380090
14257389
7576397
9681209
12283900
11338518
11505275
9406685
12409401
10848479
12985299
8989992
9072172
11743601
10307481
8751302
10773449
14470001
5736060
6551375
12796343
9617679
6738884
11079559
12944021
7801028
13466313
11759037
8839942
11480639
7032480
10495215
11011153
12025052
5298755
7863099
6030852
4167042
9677796
6763562
10880194
6412600
10154230
6925513
9062757
5776906
9536200
9035957
11245409
10053854
4363551
9352873
9650298
7609704
5093949
6996459
13778884
7622471
7072707
13351868
7955103
8215742
5793904
10992745
7486803
6054349
8500906
12135496
7695181
10657219
8559709
5590909
9849562
10116134
3657525
9318696
9316367
13659520
8848052
12221263
6785442
11380080
9613493
12089039
9681359
10735375
9143268
11723956
8781321
8533751
9290795
6829771
12783911
14429716
7392385
9472786
5237284
12344430
11480245
9222357
9823095
8993510
15687588
9286490
9390764
15845444
7262518
9130971
11560826
10304542
8332755
6188194
5816476
13680349
5046551
11008020
7229018
12762988
8770295
5971719
9027090
12636738
8727123
6661425
8504563
5955429
10875012
11620092
11191650
10263068
13302637
14647013
8585975
9008645
9228313
11878582
11704654
13188467
7128249
7960668
8682930
7751502
10137428
9735214
8926494
9862829
9730732
9108574
11903418
6364617
9514442
10722787
10956443
9362813
13704157
9711844
8112511
9025017
9410011
6541660
10650716
8567480
8752005
13188218
13839276
7997486
8731866
9489346
11530947
5737896
10236596
7256827
12826241
10210392
10430418
5438216
13921936
8949187
13270007
9061496
8401923
10747747
12576947
6544667
9495016
7284111
6282449
6301319
4973216
6527009
12440136
9785693
11221271
8549866
6997749
10555788
8340360
16628017
9098248
8403334
9240138
9591832
7756275
13060342
6300098
9227302
8277173
9299515
13847004
9499965
10878850
7421791
8987579
6937275
5342463
8322577
8123315
6695637
10131283
7429804
6193424
12150374
14014200
8460193
9166639
9404861
10468719
14194741
12495862
11069024
6596255
8949765
9807000
7528971
8661629
8279670
9747943
8042462
5400455
8063059
6152240
7241063
11064545
9121223
6741261
12243341
11980875
10579691
5524837
7039146
6557762
10161883
5940373
15730333
9046709
7902869
6841451
7371738
7897453
4658211
12321282
7803325
7827265
8104724
12922250
16920935
6361489
10908457
9725640
8807805
5465552
7206139
11316464
13647741
7817680
8560850
8602730
13776171
6241806
7823569
5840379
6069257
7916316
12731877
8303940
10017784
9588283
11008186
8967064
12014229
10435119
12091514
8068410
11394104
11824223
10055062
5467812
9657073
9625583
6530521
10105153
8121977
10930903
6337481
6998986
11832907
10765761
12276540
7557475
9670696
12148565
11186404
8306376
7275377
8336169
8290967
5945343
10570044
4890784
8952602
9243732
11075590
11312346
8876628
7943566
7231055
6540628
15641086
9032719
14873457
8124678
14219790
8766347
7349796
13304904
11394188
9943400
10823531
9048225
11297770
9777799
14065243
7974088
6770471
13626894
9356255
9713996
5702723
12790430
6238645
8983707
7112366
15072551
11159307
8475123
13940649
13755119
8201498
8543610
11714297
13753765
8149694
12423503
6912723
7528354
13039243
7379689
7166472
5358540
11425425
9153434
10310312
10061310
8981703
11182082
11815170
7633949
6620261
12639943
8212357
9514736
10874899
11100628
7535721
12515685
6129514
7966558
6795776
9410566
12301952
8379512
10164187
9261172
14121327
7937783
8786834
10543885
10787085
7236962
6672352
11821218
11066286
9187311
4120913
9641605
7392406
10589197
6796658
11386599
9578861
13712892
11219252
10736850
8445023
10490388
8634908
9466433
10366080
11443597
8876347
7445218
9742267
9024972
11879699
6579771
12287335
10742883
10048616
11529975
7307479
9658306
6607868
8472429
7466351
7036089
9120036
9127763
6964523
11422690
10332686
7081992
8961524
7109640
7191590
9794176
10001126
8956072
8838012
8203514
5529153
8272300
11871196
7060707
8713328
9827633
6925357
6654083
6998459
9229187
9809216
6256792
5149581
11605978
11580480
7823205
9607065
11058759
10647431
9314442
7419451
6767573
9462190
8592643
8310196
6879744
5603016
6222187
7934071
12718997
7730847
8296314
8991040
9052080
6943307
12643026
11922919
7905310
12907139
9974925
8368634
6153134
9435890
7798243
5954077
4503945
6356029
15759816
8716663
6305907
8997650
11628479
10426295
7738850
6761257
16207653
12534329
14012856
10443448
9500077
15190376
9979067
16778189
5632240
9054883
11110434
7755986
8898748
10171497
6771146
9486503
13219085
10953584
10250473
9295304
14614180
7439049
7132490
6448520
5679256
12196093
6931143
10412388
5146120
8993542
8259666
10906570
7267028
9544069
9678628
7879405
10960914
10305025
9336199
9718083
12324787
9847851
8022820
10720392
10137789
8545815
9187157
10064115
6935375
9265947
10788828
5713777
11678579
7915382
11548108
11106954
11253715
7989132
7708067
11369716
8509591
8516841
8982591
10326572
8086106
12505043
8083392
9986478
8764004
9809523
14174829
11966060
8364493
12756552
16329590
10809362
8671556
9402100
7637324
12728222
8298157
6280278
12627929
9519488
11017363
8449700
7019618
8183842
6181227
13376587
9359786
9929451
11272048
6014622
11720997
7410520
8656427
11335971
11070116
11047976
9053517
14210682
11036650
8014060
13693209
9383008
5545616
7448303
7618624
7986724
10681836
8035793
11366353
9033585
10863724
8865822
10538108
6940585
7715929
10633840
10418002
10345039
6838024
7494136
12666753
11358673
7803280
7978758
10057760
9039922
9380644
8379605
10199989
7612709
6798994
14325157
9294955
7122166
7927566
7997630
11689814
8384053
8434388
8647294
7368629
9336666
7479339
14869980
11597636
8618348
4372255
10665932
8930145
6720205
9961122
7724482
8703153
12076836
10044831
9375635
9229811
6378794
9543886
7567327
8193675
3431215
6410927
8256680
8328992
12619088
8861490
9227943
8705275
10598581
10560296
9441794
10891064
11341208
10316231
8741188
10848524
10732812
7372558
9486516
9395882
8717918
10530387
15766851
10448969
16056463
14826077
7327696
4677521
4676618
8347351
14273301
5517403
11019952
12208147
13725376
7335714
8544499
10883889
9641519
8665944
11422736
6492839
5039028
8464371
9484658
1271809
9303389
11365745
13880004
3807646
9181385
9002380
3979818
11760773
12439931
7952875
10029483
8242786
7325506
15192047
11426377
6289776
10813266
11970546
6493399
8788471
8531781
11020884
10807453
10765201
9717737
13959483
9594986
6769492
5874933
7810696
6899666
9463243
13403200
8795118
4696244
8865255
6457628
7009073
9540145
6471159
9223834
12852025
3889593
8496373
8231241
13783175
9903685
11777155
7386215
8798158
9903465
8820181
4507191
8167569
11540243
9498239
12480039
12571481
9923057
5767769
10741434
12305844
16577906
8200382
11093018
12628863
12563834
8136250
7564799
6133315
7627247
7786005
9259087
8700106
10745773
10682372
10307659
9517142
10206315
10164112
11754872
10428713
15108662
10891333
11381364
15147838
6020047
7542234
4446574
12345582
10057649
12119490
8312312
12748927
10285174
12669190
11260554
5973052
6012701
6865760
6722195
9710562
3902364
5895806
8739253
7558168
10031610
10487869
14681282
9795378
10579371
8923684
8784052
6760867
9793061
11301306
10038014
8502829
9919655
9030860
8655443
7941395
8811120
9218348
7548812
8626554
4815513
10983869
10384666
10163278
9525422
12079681
10514213
3762632
13438272
11543944
7813237
10223720
9769734
6779668
11747322
11698050
8888189
8653591
12632933
6948069
6265851
7186567
12470889
11176345
7489775
7072133
9045982
10990747
14184636
5994414
9368547
7886235
11125083
7265869
14586371
10767235
6702030
10925309
8094930
5243261
11854656
10745526
10253776
11387592
5702801
12063710
13644946
12046724
12670201
8900082
13840387
12801803
8198998
8607540
9877719
6173478
6810142
12442668
8407457
8062199
7874797
8147390
9864275
6855524
4597170
9160551
11738105
10576056
8829520
8676913
9123312
7761766
10811434
6561651
9711274
11495421
12323296
10094573
8198884
10916058
8081836
10910445
7117982
10010279
11133836
8549982
10342497
9480807
12278122
10657223
6658324
9586371
10109288
7143457
5794017
10266592
7816146
12600044
10749477
9504152
8340856
9547526
4783792
9118503
10326865
2851572
9263303
7803616
7884165
11681193
13491143
4186092
4604702
8334654
8858030
6134324
9979020
7793807
10051419
11026633
9994241
6749782
5176794
8032292
17461971
7710396
11775388
9562243
8822807
13278263
11034878
8095071
9783826
7717802
11831993
8957989
11403891
11876074
6274648
11164791
8471673
7190064
13618668
8692547
8110233
9549810
6618418
10300363
9973159
7197431
12573027
8794008
7093111
9069479
8838626
8023309
9637706
5953230
8517786
11378993
17073808
10713135
12151791
12039437
11415820
9283597
9018660
6556464
11158416
6407884
6430721
11011808
12400739
8428855
9984043
9944197
7122070
11225666
12276104
7953207
10372780
8867165
14397479
10711427
10218520
9900142
13349159
9694718
8843088
8239574
11869021
13972622
10012172
10642461
7953284
4875480
10729452
5443476
13832627
8459929
7584356
7868387
8257000
10492959
12154051
6549935
8955333
15173294
7394036
10586697
13508586
9389609
8565497
10011119
8122354
9446522
8799474
11350796
11593728
7583402
10225128
12141575
11350739
9500674
9930277
6703040
7236123
12657274
10478890
8156448
12004442
8004798
9113719
9264377
8670662
9292610
7245282
8627808
13069751
8613426
8121928
8848305
7439079
9968116
4881066
10181587
11257274
6362084
11841675
11026083
9232167
10498291
8524497
8236868
6635836
6116480
7787525
9681374
10675186
10579148
7012806
8725502
6921815
12500501
4696446
9719426
11955115
7375601
6197464
8594174
9391375
12896938
7816628
8994042
11340620
12527095
5299917
8774673
9763353
8158018
6982907
7631430
7616058
5400489
6153728
7359491
7470622
13923551
12953043
4485061
7569547
6756808
9902228
5006543
10997987
9269661
10541544
9621961
12303921
12510934
8449898
11524944
11838803
9050322
13166556
9436366
6622176
6101216
11785825
10070804
8667933
9746988
13426518
5422820
9156787
13698770
10093325
11831790
13718354
10157624
10971845
7117472
6262678
10928564
8713852
10141999
9414302
