9434635
5604097
7716449
14548632
14644258
12005705
7670842
7090910
10716772
9436611
7364013
8007692
5142966
9393113
12925397
12817521
13927240
10415138
12154798
9982979
9096651
5755965
9898338
8861398
10049727
15596887
9930908
12993300
16677013
14962773
13489796
7455640
9018170
8154291
13990703
7978681
6939689
9224692
11577363
6353452
7660343
14618818
6795170
8085036
15844643
7888253
9786530
13686106
14614358
11351615
14851533
11508866
9646830
14154672
8931988
12370094
7014605
13506984
11688709
8791654
6537798
9893067
9541330
6876651
10510268
10755511
9612118
9188525
6525047
11351590
8283173
7181760
9621063
7648455
9170601
11271334
9708415
12111948
11135850
13722019
11652073
12095110
9626151
9783782
11309809
15165300
6939118
7830436
9219614
7820872
11731098
8980629
12316703
12413366
8776859
8098428
16414183
5590856
17840370
9195987
17581948
12845240
9478753
8866245
7910841
6641692
9915425
12827142
19934667
12745961
12740401
9220921
9496614
10571363
13396098
12439405
8746879
8608511
10339866
15732479
9375397
11102385
8068678
9165583
12351925
7944079
10286411
9361875
12376623
10685779
13930565
8944922
10994018
10287373
8047898
15032147
5401603
15049061
14490590
13857017
10224189
14071570
12644301
10349602
8958949
4519869
11998864
10785959
10147832
11460453
6056077
9295842
13652329
9049668
11828573
9364598
10912244
5124959
7524290
11189315
9860750
11832638
14507486
12029452
16079551
13334691
15551852
13780400
8964786
12257494
9393246
9965224
10368063
10706020
12359036
8983893
18712535
5204656
12617756
9720947
11070770
10642703
10526068
11337678
9320118
10939538
15281676
16576917
10656662
12072087
9341583
7142895
12824221
9183184
10170370
11579369
11962314
11128028
6803725
11517593
9301074
8692464
13817927
13028916
11432827
13598901
10350328
13333713
10396324
10920242
12134971
7061524
18931275
11653228
12877763
11126825
13350153
11466237
14982028
13596569
12356009
11593837
9997156
6518994
7582523
15109023
10271340
6884537
8403332
7511925
8977461
9821577
7632185
9538196
8785652
10019292
7037514
16227498
7287778
7142989
6899491
13465491
10287219
9219896
11059397
16173677
14799024
6906094
12028955
11389858
7511216
11875831
10660271
7721763
13889880
9836082
8069201
10015702
6222876
5967125
12250466
8308781
10683836
11146605
11761801
12150659
13495087
10460412
8990720
8519766
11251445
8777375
10106216
19292006
5751848
6108220
10349401
12571463
11383031
19428525
12355617
8903567
15526135
15018683
9945423
13512503
4734164
10901782
12901515
8817104
11784208
8382681
11916582
12397617
10086345
15382093
11269265
8924808
10398343
10178714
7830432
9270844
10640929
9697911
16193943
6912828
10128726
13586464
8791992
8937071
8008418
9953702
9375628
10563824
7558368
8208055
11660618
11494211
8814223
8889714
8817555
12490449
7376593
5578500
13732521
10657274
7121306
11597873
13612345
15196892
16539898
10583285
8437434
12872777
13247426
12210783
17741359
16874202
11604209
12886965
8673561
11795321
12128806
10317011
11445673
11566144
10260920
13267185
12250986
12321113
13456160
11982014
5600855
11669982
10565112
9023526
10269670
10320142
7935942
10990771
12297671
13043605
12699069
11773960
10566669
17837386
11644992
11137483
14791632
11608317
15158407
7578353
8784880
9997557
11568370
9718696
12634204
13251604
7889334
10867447
11364526
16399773
8740580
10825967
13934637
10922590
14125004
8397623
7737384
10260205
11269035
10438657
5861241
7660315
11407495
9165357
13584598
14094618
8993429
11917620
13542703
16929475
11088657
12149127
12369206
10052061
9093817
10403038
10510732
12960167
12118467
11197131
12324735
11012967
4926095
12623244
10870585
11565451
15499559
8359825
13654564
8121693
15076634
10285903
12981800
11087828
9380694
10613628
8944268
12505824
19048283
6602902
8328591
11928503
8036031
8867945
12765002
10026697
10419434
6776937
8483497
10170978
12079771
13702447
13921207
16495701
11160661
11679623
12413934
7237544
7268486
6198885
14206131
6791153
5161067
11882098
8002303
15623840
20535633
12434697
11209702
7185999
9840975
9807290
10148218
8386053
18616690
12894281
14260727
8039322
9341720
17506372
8263464
4962539
8982548
4535194
8844338
13751194
13444175
11196601
8617803
8663658
6151242
7995255
6710527
10444143
9092933
9644199
7505071
11854091
7553133
11943747
10005101
15743454
10339565
14063080
10520153
12233857
10025682
8098010
8341682
18233041
9611776
5617166
16540127
11198251
12689238
6994714
7904470
9666661
11780639
6337956
12018180
10720888
11993386
14683572
21840143
9510442
10552965
11630465
9385631
14052681
7037595
8234835
9880455
8090497
10002959
3851302
13231533
7415817
5135889
12204354
7426298
11134771
11286294
7317542
10177373
13334581
9380955
11747791
8355439
9071647
13969514
8912900
9252311
16170019
10983556
12053609
9842395
11615418
16840913
8683176
9690297
10289548
5767240
12094198
16623922
10221909
13090229
11935361
11496644
14860788
7410011
10312808
14089797
11258740
7699794
12067138
6734741
12413476
8519947
3474081
10457710
8723141
11930675
10576986
6947713
18499363
11144225
11515490
10718342
17570810
17311035
9870481
9557573
12198202
13440075
11426839
11174308
4946936
12526969
17322909
9175874
10589219
8031642
8427461
8237028
10435341
15526302
15317892
7662475
8933435
6672920
8957785
11599621
16598059
8949682
12140869
7948246
8854872
14461978
13123725
13202966
10191075
8542080
15548135
10702245
7786269
12818829
12335171
13291662
7260364
13398641
11995420
13573494
9458386
10683525
9578851
7449319
14514732
8974251
9090273
8732811
13080298
7222281
18002765
10371987
13233390
8558223
11482282
16096928
9358166
10851214
16268308
17443063
11641734
10499071
5886303
12601876
7299950
15639023
12880194
17370198
16257441
12823486
13178832
15053289
11781325
7859964
15196492
11412246
11157126
13887414
17020007
9447641
10484173
9852660
9587059
16429037
9513638
11370919
9373188
7811379
9372828
14955081
10890342
6697021
11997831
8533437
10677257
13212375
8806942
11123724
17756453
8513281
7002504
16349943
4696573
8450421
13880883
10015947
12303968
11262929
11681526
8664209
9017364
12168802
9860882
8323181
8304509
16517257
15092889
8118594
10521249
6028197
6503095
8324642
10743939
14725278
13363905
10246522
13572634
12434775
15341098
16149941
9204749
11563058
17265055
16786222
4383306
13589623
13234711
9439613
8818995
7792206
11304729
9968754
6546977
13059973
11621016
11941901
15047208
15675442
9700566
14182533
11597469
7262784
8361994
12478203
15962954
12043376
6511842
12469883
12626283
14182983
7026459
7659767
9081754
10469988
12821585
8155004
11945182
12575215
12970208
14112511
11450649
5835975
12586693
12363042
14069034
14213458
12155022
9143889
7080349
14881133
9432178
13530012
9148841
12142162
8122809
11678566
11408779
13749071
14931366
8539590
10159944
15303461
9041262
10495438
13502519
10911882
8362972
10520230
13655135
11811183
11286521
7520118
7771787
11651110
10618913
13090875
11055078
16185794
12984224
9947352
9555508
12940044
11037527
12467248
10611828
9725328
14149129
7013590
9014649
13227783
14113953
9872800
16366545
7133900
8575595
13499490
6233574
10730592
7649463
8318044
7104674
9289334
12353890
8957147
11351891
12274905
8202736
13999087
5665285
13161830
7858727
14866281
14544255
13672102
14696729
8195916
10770922
15027614
11934802
12507708
5977243
8151792
11343185
10464764
14017754
8909309
17169673
9146417
9944215
7141959
12150919
10607221
11999954
14810811
11712787
10953396
12644263
8661919
10536294
14527510
9127570
8594644
5641781
12329784
8887136
14797865
13439312
10568405
5843414
12997881
10192233
12241816
15392107
14174286
10028259
9090874
10850918
5665819
10403868
12933637
12880634
8420758
9231986
11615394
13868802
12457607
11320026
10897143
10111355
11292651
10435343
9382949
12888871
9089228
13185859
5937664
8117698
11118161
11332295
13608441
11058027
9119980
9256092
12166511
8490185
11538236
14370315
20253775
11505577
9045953
16102050
10915872
10320437
12379858
13208030
9469263
10638903
10147133
11482124
11665791
8260750
6587338
19477256
8472347
9943409
8929524
11820777
9934400
12825704
11243388
12798284
7106820
9183647
9616942
15188434
6038709
14938496
8872684
10109461
12139922
10293238
15833213
13883268
8826200
7941582
9719979
11864788
15068102
12911151
11259066
7904979
5091469
11990876
8398938
12637336
6710512
11598563
14431599
9760547
10924280
11751971
11894410
5950402
7716765
7806715
9767604
15508328
12417058
15457098
12267250
16916056
9233469
16997233
7288543
12975634
9636789
6453679
5056379
5098405
8923774
12864496
17033159
4639700
11141916
13071492
7203488
15625076
7466959
11247042
16470902
13530755
12703254
8799399
6234516
8862807
17720183
10070373
9729101
6409906
10009397
11711919
12294127
9479191
11604738
7916643
9779580
7850739
13774142
9492427
10767397
12836769
6421621
6934804
16618600
8874471
9947476
13968383
14162686
17539511
9172934
12144841
17252699
9576690
13723209
8068145
11412515
15148299
9424699
8585200
5971964
12249270
9578605
20165127
7247989
9286347
15398271
8645262
14021991
13189678
11615138
6478222
7212716
8604033
9804881
16341672
10456012
11127610
11446527
11426727
14947548
15642794
9156704
13065339
10090547
12658520
18096858
10478767
14168650
11776836
6246376
15452462
8660330
16815113
7752065
5635226
15055309
11780657
4628916
10974439
8565392
9452209
9635725
14658832
13125430
11510422
9454399
11137961
8116425
14173371
8643886
8830750
18254561
7138903
6335687
11866661
13972631
9371957
10186175
11155375
16451016
7140550
9054433
12064415
12502741
15046042
12023895
11945940
17838112
13490338
12340167
9159782
7164500
15619398
15798025
11429334
9348520
13664989
16101621
10981271
12098551
12178111
9621872
12414481
7849275
14502273
5103684
17606418
13077796
13534222
15504604
14982560
7246056
7243928
10544050
12600952
10160533
8865591
14276095
9564366
8871862
12205085
12785650
7942514
8109657
11858203
11420111
15076990
11889115
7170644
10408791
9099075
17484430
9978039
10844421
13498434
8889046
15395816
15616759
13085431
8304512
10107231
6502349
10969704
16214600
11759237
13404389
9565617
12125399
15327571
14871425
12583790
15034137
11769331
9452986
13076144
8444282
8249370
12786123
7861935
15341695
13983890
11686925
10661255
7826434
10356092
8687343
7175276
8887902
17998294
11955109
11702582
13792463
18478603
10079048
10737388
12699915
9452613
11746594
11140724
14278402
8784337
8277756
13395969
9682870
4924885
11056505
15278332
6921247
2109759
10440570
8519836
15236819
5030002
10470076
7041124
11086074
15325119
10522906
10637911
12919545
8353518
11898003
10776494
15551764
9366956
9518855
7406834
17357228
10155842
8345906
7826877
14010736
15456092
10019669
17028493
12895698
13044966
14071726
15386778
10310850
14210723
7907810
8644262
17266161
10561624
12615351
14436506
5608720
13734613
12025112
13100459
12411049
11366550
12436296
11563087
9756643
14343382
12964765
8749085
8071001
6705203
16520228
10089396
17122474
10653909
12227182
10614291
14364726
17882525
16409033
6554603
13115665
9263729
17093754
7733611
15637377
12052378
8626470
8440299
11427170
10307087
6373728
9357206
5226645
7713202
7425744
9534093
9962758
12340708
9988127
7379161
12050328
14891977
12679145
12300086
9116212
10292393
17961977
10168470
13420127
10379828
10210854
10333986
8297264
6438622
12260125
15012379
6278931
9459091
9668138
13665418
15662115
11609624
10604092
9706842
10757444
11012021
9329733
9270071
9244707
9243553
12177569
9519936
8683166
14758182
15866745
15583735
14181734
13927481
13804908
10445248
13534546
7938206
9508660
7518570
12636382
9945166
7194904
9676710
5986586
14988434
9712409
11810982
12309036
15970215
14752958
4941775
9824684
9354814
11442366
7384989
10486251
16378767
11137272
15848313
16528194
7612241
13079958
12104918
15549477
10650204
11236744
14115638
10006002
10470438
11281769
10280361
13281008
12330850
17013429
12544163
12501065
12233298
10545421
9720165
15646872
7899312
10168410
10648361
12841527
7582638
13075372
6230634
8921410
9354713
11814516
8266811
8122548
11363303
9388230
12527674
10051999
12284531
11834716
11577184
7886342
10960570
9482199
9603661
12812116
10676953
13018924
13877917
10452250
11244529
9149015
11002891
11492618
10853862
7470790
14978598
10855161
11347895
14686417
17260998
11177268
10884578
9289315
12760117
6575713
16703131
13630041
10447298
12798557
6160722
8777559
13498050
9747386
4261814
11789022
4262996
18428581
5975447
12801870
14544561
8436087
7985544
15143232
6988457
8735547
15621449
11226601
7654240
12641907
11161888
10509967
14462527
6280533
8598769
11638471
6164643
9605942
10844988
11696984
14506243
14529272
10783827
8805751
13543342
7100399
6382046
1378711
13584979
6275681
16543239
10134053
8619180
11930411
11024829
6611796
7856083
13467234
11787197
14280046
6402651
10601184
14052248
13456507
10723618
5400352
3220329
18270096
10946814
9797871
6000662
11242103
10654043
10153694
11472666
2793852
10920632
14101291
12052338
8260665
9215688
6142021
5163426
17411041
12178446
9561051
10433046
8099399
18805982
9816810
5261941
9522850
7868771
13921124
3551094
12163349
10759158
11121297
13317030
11772417
11467587
8021710
8106390
10364460
5897540
11262613
5754400
7761664
14195669
16102328
8170015
11940402
6299570
14355803
8673310
9364925
7529870
12645852
11978626
12995775
12647649
11469233
16311009
11003372
12771504
5885122
10152749
7801164
13619920
10226031
14420382
10189314
8975294
6195351
15089992
10532041
12225072
13886682
16233340
6700648
17310741
13100589
11022684
8951873
11326781
8796371
3528033
16078736
12984950
11550837
12173375
13340784
11921627
12270844
13791253
11709940
8111726
12703527
9778613
10155226
9175704
10527182
14096374
8228546
10220673
9744648
6472433
16110065
8299917
14448709
10917494
13647895
16329346
14561270
11497181
11988110
13224111
17461251
12581375
9561623
17179585
10026818
10511742
12661032
10633532
12949099
9912595
10632442
12942230
11469346
18267939
12446473
8194337
11936153
13088073
11048440
12437886
11614230
14006007
14348536
17020058
17561444
21592928
9905322
14287075
8161596
9401412
14169875
8999575
14584467
11670357
13806549
6194370
10562854
8975808
7595390
8208044
11707824
13513413
6928333
10043250
15192417
9278319
8169200
10170646
15259188
10913669
8438909
6914242
11776327
6579436
11165948
8605919
10917506
13969064
12133142
10443740
14611328
16253183
15092885
14673978
6042296
6001094
15280378
10521584
12503419
9643393
14448380
12743484
12815473
13417270
5662552
6620797
8394468
10762843
13276606
8971782
3364377
10523140
8845434
11109819
11987184
12850498
14273898
12604696
4856129
11022063
14112845
13123778
11088175
12038638
7245589
10468439
17415661
14501123
11521428
10735216
8858580
13934256
8304581
11129343
6794154
14797485
7411672
10643874
16177027
12115446
6892444
9843198
4608391
13411873
10548344
10574048
8275619
14114393
7724121
15757068
11078815
13613495
11814935
9785029
14848448
9971268
6740173
4554847
11159008
9477960
10660807
14812928
6343254
8095150
5008772
9563316
10807834
6910656
13257568
9023305
12278781
10101214
8377621
12230802
10269517
15890451
9946840
12648604
13249242
13345547
6724270
11566581
4943715
5890208
11578854
10490063
13421394
11950864
10475140
17696885
13120418
16942749
18760975
9403786
19149481
14171868
15863036
12431327
9332157
5417134
13234683
10290814
10133314
11585661
8353689
8346163
5913378
10185853
13582468
13314152
8838813
7933939
17424660
6641261
7651384
6123809
10871018
6974206
7636507
5977353
16104703
17711033
9448297
10711692
9606789
6956019
8440711
8914715
8366845
13965398
13909987
12245184
11873569
13042274
10802913
9103520
5609120
15625932
14120815
14827247
10087036
6118463
8128995
12512085
13029701
8646929
10148535
12573760
5607633
6364787
8487847
10091791
8807298
10765703
9942664
9884437
10188809
7588246
13646412
17058634
6196589
11561240
10747513
3600886
12190299
5573499
18654469
11900669
12105583
12063745
8865098
5169367
14814358
17030919
9200019
16826915
12407358
15071894
11343973
10380953
12555279
9941664
10667778
7641424
5168009
8133775
12143654
15825549
9522332
6177310
8111748
13073657
10128176
7225495
10075050
15155303
15677506
9183390
11977916
16027990
8021517
12297785
12346541
7895739
9113113
11874060
16315041
9944429
12613681
9144324
16170665
7958625
11516540
6525023
5347220
7130505
8852272
13429403
13712873
9922076
10230027
14190780
5797589
14358901
8635893
10536917
8542213
14155500
11890376
7468188
10361726
7661664
10249340
10253463
10939871
12156026
16498768
13423848
16662873
11536723
10086490
12350458
10445025
9602227
13977840
12906597
8179367
11015179
14475194
14907994
9601919
9082900
10032884
9692418
11135302
18646150
13276758
14346146
9251482
14992183
14499291
14142520
16543351
10174555
4749523
13338646
9610965
12831830
13504271
17349567
6063734
5216106
12798917
3465081
9940274
10947755
8384177
12396612
10307138
9661463
7816523
11805380
16592415
5412836
8924528
7247899
11394607
10733708
10768468
18657064
8100141
10074688
10789354
9669405
15016777
12896903
6988803
10583713
11898294
13002497
8231639
16026913
14710673
13958215
11988101
10764398
12210501
14227850
12929358
9340858
8900820
16957933
9394144
13040429
11027390
16387986
8296307
5406719
11442360
16432408
17718476
8180149
9465968
9391683
9362265
9306152
12561097
11033486
8342323
13933167
17582276
8496224
12069630
12776012
6519325
10730776
9132765
11399087
10542888
5294458
14120524
10881519
13396499
9058585
8418728
11149176
13109580
11772907
9298081
10492942
17785619
16944999
7324398
10732687
15061540
11244108
10949479
8379586
6355275
10926598
7017080
7870423
10954637
7267830
13645077
11227430
11783045
10397728
10903061
6425487
5282681
15560420
11127812
9712149
4281758
12393270
10663597
11409819
4166553
16273595
12377350
11623526
17002572
15793510
12411171
4671773
14539902
10718237
15992195
11161063
17766845
9311780
7480667
12112425
9439530
16076250
13951123
5496033
9212274
5110979
14453717
12094299
7416152
7469851
7600543
9626590
12622570
11993161
9145931
9869550
15219764
6612705
17779556
11836669
10053292
10343520
12807213
11814029
11820780
14396594
8183153
12674437
15073955
12085959
5882122
9915886
13916183
9558762
10263388
10374064
12674774
11722788
9950741
10289064
9922540
14061540
14331412
10920576
8820627
9057320
5635635
16409714
6449393
9084536
13911157
10934199
14331963
8957159
16174381
13231610
9844171
9675028
8579120
5291211
13018359
14689539
13132817
12757895
10631055
11558473
7155298
8060547
8448154
8531480
17219949
11913196
16105739
10329827
15085994
12041572
9092104
7977150
14585922
13405981
7261372
11279460
11326242
10598808
12218144
13153950
10095078
5924132
10078704
19352952
8350770
11630289
13521201
9103682
9782563
14004678
7954297
9867485
6883976
13838542
12776818
17059926
3977596
15933534
12277459
13269201
14864190
13664946
15332275
12427677
9300901
13819984
12271220
9511036
14121426
14679439
15070643
14713870
13395020
7904928
8036379
16407201
12051030
9156642
5823318
9232432
11358763
14267008
5314268
18322883
9074487
14018875
11487226
14496576
7011664
13830310
11886289
3793898
5702869
11604556
6222265
12023778
9547664
15816691
7338558
5734923
11813575
9881574
9643874
5866740
10620856
12882261
8498665
16536601
9409821
8339432
7638130
10011368
9518603
14332770
13885258
10097694
7373462
10249976
9624827
14074261
13780638
12059762
8510810
12108681
8662659
9601729
14323293
14678704
12398916
7706626
12049043
14693318
16649554
15985949
8100166
9477575
8714566
10198312
10191643
10186865
5861263
5338520
6934513
15724423
11462846
10790419
16469475
11444430
15685304
6244236
9805133
7938685
12491933
18807512
13492404
10655844
9887417
12214555
18538983
10636378
9191884
11199416
6738555
9589715
14856125
5528033
20727829
11965163
8792559
6819358
13283503
9300127
12747599
10893829
16238717
6202706
5140307
11850973
15143151
11725742
13246757
13175976
9509080
12247535
10050508
13227807
12227569
14192187
7793888
16545822
8282456
17355405
5053874
5005923
10531130
15614071
10518152
7806628
9582490
11191195
9203923
13141773
14799265
9466051
12254580
11091168
11455290
7424627
10689678
14749522
12950531
8892448
14052481
9067048
9522471
13693788
9283382
17174982
12135942
16498932
6202212
9219450
11516001
9754314
14015428
8418853
9470389
15283440
6320229
10849457
10709662
10510553
5392755
12478603
8953530
18800843
8194117
8080981
15741009
13761048
9231182
9923228
8752918
9973162
14345234
11086304
15115716
17050018
12064600
4964752
5145898
13060896
15796719
11932510
11475768
15242748
10850661
17157520
8613073
12005376
11346421
9903160
8476747
10634591
12217335
14205010
4189653
7571937
11973221
10713855
7546901
6321158
13167682
14090391
16174909
8800513
12881279
12794656
12639750
15092831
14558765
13108335
3000158
10289052
11635820
12791185
12705598
15325079
8286357
12148150
14328288
12481024
8223009
15601477
2606952
6267753
8477048
7673284
8062388
10404710
11815894
13480174
9188839
11415562
13404186
9065765
14402806
13259135
8252226
9402256
11046288
10108878
7395942
11514483
14002239
8442085
9635319
14612845
9421078
14841493
8388940
7179008
6027252
8951945
11838085
10258130
15830324
12517634
10439602
8346907
12057432
10827786
7330857
7769795
6115586
10556490
14810171
11465439
4677203
7677495
15848303
8393994
12087555
9617465
10735213
13210821
13516257
9763228
13941678
14871369
8233156
11790997
14616269
9738551
15197077
17114965
10849114
15396025
13089546
10560507
9949025
16626213
7332913
13331096
12404780
14908615
5575389
10014515
7292399
13374370
13976399
13067102
12609479
9907192
9975102
11548082
18886672
5651633
11760948
17198755
8755948
12646348
9315518
8780313
10178906
11982666
11166359
13497317
12139770
17603469
17762759
14304582
15447045
9800821
16197601
11389906
11611724
7722836
8090234
13539424
10556791
14216367
8448843
7616374
10605874
9362112
6828270
17820203
8030738
10766514
10131167
9387098
8958851
10758083
4895898
11265931
12393504
10101383
12268348
9633198
13744471
5515960
20480784
8701865
11420040
9063250
12239854
12390576
10203655
18075907
14524368
13462523
11585136
7136306
14363530
11394154
10450053
11287658
16633391
5496503
9556504
8958759
12785389
15446925
7733827
13884396
13473700
13055009
15799001
8146816
14122498
8020538
13718676
11741062
9587994
9527833
6130619
15074292
13861540
9079722
4466107
5878803
13560598
9325694
14816570
16099820
8463840
7041519
4877539
9919088
8008253
9133517
15483569
12540632
14777495
18057541
14413715
4268511
10393475
13523133
6976235
11394437
8455704
6603980
12245748
12208482
11769200
11382210
11193997
10675093
12880729
11012464
13731479
13325410
19341971
10414391
11735813
10645267
12289481
8489407
10197401
8081102
7572495
9786975
15246627
10099923
17712938
14321797
9419610
6785264
8909328
13027755
10754887
8105466
10410708
12587261
11485573
16081960
18313837
13426231
10622659
10200605
15626173
12957825
10976987
10284345
10281929
9140950
12662044
9343191
12407798
12625842
12238011
9492536
14309128
11197096
10546112
18370908
7981673
15189172
16183150
14825871
10559271
8293747
12457441
11188190
12812070
9346768
6443143
8215885
11912218
15221967
15337970
8911124
15709010
8443875
11016450
15440851
18636557
8690421
13324025
16713419
7161620
11959263
7389515
7728533
13147892
12356111
9803674
11641126
11507364
8737039
11156126
11462186
9496319
10710369
8042440
12095088
10375304
9618096
16607100
11357202
10415703
13307682
12238421
11136761
12442640
11947787
17665360
12674362
8284744
5433738
5810004
8314949
10658487
7676180
18550268
14256343
4320363
13828890
7841987
7665054
16322781
8474486
12655885
12358975
7320942
14383134
8469036
8826335
8798642
10752394
16758915
11045822
8888046
14733452
11520987
10086352
16400021
10522445
10169424
12658781
11538752
7045715
5719653
12810869
9419964
10331815
12640037
7825768
9200982
4087606
11887075
9474969
6031641
16667844
7812268
6078812
8592428
15303900
10031060
12587480
9558930
7966001
5149670
9044441
10001933
10062874
6584193
13929397
13602326
9784464
11771686
7717596
8760894
11784931
9549130
5761969
16767710
18024297
12335316
9412471
12218974
11347376
4128857
8950363
3721723
11180866
5397407
15717673
18143834
10049550
10419344
16242453
9711747
11165349
8730229
13353323
15967500
7096550
10639229
6881973
3709127
15543677
16462076
7516340
8021282
14681996
5734225
7963672
9927996
6224446
7833782
15528218
9426800
8355356
14277282
4476806
14482934
6145852
11826802
8057012
11221560
9480278
11551177
12819796
21691714
11802327
10242152
10523553
14211451
4120665
6217484
16256662
8432333
11304426
13758947
6933210
10224165
6945193
5451116
10618460
9654237
13103529
15178153
10576744
12580562
11804063
8652104
13324713
17835140
11446044
11028010
11537131
7423189
15559569
14635797
10831070
10481768
8834256
7846701
11073702
6230518
14177595
15108145
13031641
7374596
11705236
12309761
9225449
11829663
13416755
8103061
13269852
12903149
7546046
8881679
9302965
18379099
8213140
16501916
13271475
6053106
9775850
13383895
4911449
11091267
12397796
13092447
10683086
13485265
9882741
10703999
11632467
10396326
17232192
13140703
8753362
14566403
13653224
9063604
9424138
6165630
16648381
11182579
14026644
10313714
11350703
15613843
9187134
9685825
12371870
10036488
15304115
8989734
9374660
13213720
9199003
9997924
10508856
19482654
9198718
15848382
11576782
14737244
14682997
10199683
10999934
7175530
8584817
7114356
14666508
12525783
10394382
11860032
18956620
11367341
5922280
8651602
14109604
10472372
16397395
14626594
14598357
15748704
7950469
13907898
7260185
12977342
10379417
17245373
6886375
9397412
10935891
13626186
15356200
16257743
12382850
8685482
11832050
13246126
6508236
10812096
7488726
15236107
15276995
14460712
15491148
7138915
7844741
9888227
11590235
9169939
13480965
12667161
13144836
14472517
14465425
11431588
7114071
13482419
13315510
11298669
14694694
9810425
14833153
9144072
8224683
9028753
10046643
11153914
10616489
7593181
9854763
8243727
8972618
8060412
12826062
6927901
5699602
7308217
11121797
7496637
15032905
10845675
10188508
5841156
6970370
10908516
12905006
9166672
8039098
11524073
12731307
9180040
9078491
10416856
8713739
9349990
6735760
8989977
14831910
10142701
17843213
14153965
11697406
9812263
9163513
9209321
9469799
9433922
11910742
11515044
12644140
20514211
8789089
19657942
6009277
8159501
11935468
13435122
9316170
2053182
12006379
10598731
13739148
15961079
12883614
4167390
9846352
15548011
10688175
7651099
10898029
14214873
12017245
6793950
15025420
8335478
5897683
6184382
11140533
12598321
11105183
8761211
15413103
8999436
11745180
9704794
16225477
5342826
10713256
14731472
8170679
13282867
7587956
6874091
8205112
11308270
12795061
8316911
11784361
6673865
10041030
12007263
14010631
15206294
11956345
7611195
12450273
9942979
13394147
8948839
16969571
8116540
11430651
9747320
7985094
12829946
11178205
11266084
14331862
8043306
9966732
11188968
8454280
15566891
18799072
11164998
8611578
9469402
14215628
9038328
16713385
9787183
15487786
9121423
7706169
14166169
16160376
14754144
12344498
11822630
15612423
11714694
14431289
5885175
7634949
13155360
11187334
11022137
13714567
5528774
13670768
9175284
10107412
9108775
6082294
12759942
8885030
7551419
11845110
14842324
19757673
15244980
7938625
6488542
11769897
9867909
13697975
14113651
15462046
8106042
11643898
17618310
11342547
14302609
15464467
17233758
9303451
12324004
14867711
6690436
9572202
14943464
11198387
11694975
12775625
8878489
9154724
15219922
7246488
12185758
11490149
14271772
8951733
11954047
9435539
7879613
10996633
13478042
16982361
11812797
10257841
11731270
12608507
13248189
11075163
6436127
14011316
15182610
11366083
9023931
15704507
13996863
12932141
5350168
16809982
8135765
7741678
12727376
13800169
14505900
3732845
14679477
13760792
12268227
14775376
9558287
9868326
14120574
9368083
11347876
15242187
11027053
2246882
14706668
13574054
17212112
11451337
12791326
11261884
15856952
12996401
9422119
8757243
8721872
11645063
7549055
14021652
9826899
5107521
9863660
7083216
15849426
16166514
8651997
10080867
8331704
12058217
10159364
13078512
13471344
11407583
10286849
13220047
11775011
6932703
5723991
13326721
12065941
10352360
15592086
13089645
13486551
12744084
8538861
9380995
5230675
15133447
18370812
9661325
5519734
5674073
7420021
10811383
10386712
5250509
10354423
8179434
12679341
8307249
14267861
12666984
11101473
11579029
16549900
16841883
5435776
9447004
10812671
16354647
12095052
11709122
11946534
9795670
13454826
7416778
6862621
9851905
15629033
16226219
10284626
8709208
9612169
7945583
10524919
12248936
6272086
7206470
4309296
17296776
14582297
13785990
9812034
7564542
8702498
5092767
12836685
11520074
9754461
16790694
10440438
3932747
10248645
10939022
8216043
19514564
9422468
6542064
16777253
8750261
5024992
13765369
16252410
5933439
7673345
11848280
10234504
13573269
7965844
15253584
14259248
11266254
13351589
11235768
16229383
7674380
8507792
22788067
9347497
5549558
6799330
8353805
16929219
9607344
12182384
19441406
13441345
15046760
11904581
4053101
10842666
12046471
16251485
3622459
8449256
18219693
8512310
11937616
9369166
10842759
10530716
12168471
16100133
13671218
18909673
11524308
19527588
9065217
10850259
7546777
7139433
9318052
5979988
12259903
6392324
9480496
10830079
15720481
10102344
8963353
15173208
10177605
10202218
10221420
12261757
7605420
6133933
12835552
14437528
10652783
13102635
8841212
17043941
10682509
13493867
9495957
13865818
7943005
7886313
9811301
7641933
12309964
6447337
16605681
6387632
7626984
7206055
11260402
10226976
6066487
10693714
12979144
9784666
11652312
11340120
10337964
15751961
11776812
4209873
11655389
9150880
10249606
4871778
13301527
13644627
11208535
10366044
8143225
7809321
9296326
14515957
11350801
11184862
8697171
13498741
12197136
14383033
12417253
11783419
7509644
6518576
12304437
10666999
15732881
9980528
8847546
10395556
10307089
6147311
10676034
16256308
13737629
9710872
6850063
8915824
11259504
14061334
9964931
12158558
7966867
12181402
11353071
12352355
17847723
9879325
12243586
14783817
9181114
10515999
11198003
8956378
9553281
12300180
12813042
15925458
11110106
17936537
7321221
7950208
11519020
10436226
14724712
12422135
21464767
11013270
9490120
13720237
5680853
7312293
15470285
15038182
18907774
11395650
10207396
8421926
15357129
3896553
4641680
10030055
11160443
12559221
8374813
9833519
7571489
6159903
15588256
8767354
10937971
7509492
11262157
13898012
11995706
14345358
7987426
12474918
10419950
14687221
13524359
7397707
12232738
8188582
11168538
11808143
7185258
8664465
11239526
8796476
8506824
10718755
15875391
18015003
14769265
12390217
5752591
14760576
12858064
10464010
16796049
12354999
9376992
8595995
6306460
5152470
13264755
14254701
13268078
18225007
9178324
4876343
12478625
8963098
11830814
11817049
11275020
14700070
12774224
10427385
14138748
14804036
11478008
15978939
10195358
7949215
8827392
8025978
5311924
9308934
10899455
5749760
9751380
12366254
6297889
7706815
13140651
12715877
9276093
10326263
4858863
10346069
9506100
7978843
12077785
13556091
9174973
10619405
14376573
12759557
5988665
7470976
10989401
15603897
10731461
11117264
11974307
8556907
12871123
14766407
11826916
12691797
13560639
6178194
12064567
10075378
12038279
20672260
12800990
7590799
7586720
8251206
6323821
3688804
7119113
6612964
16066434
8038371
11671110
8784581
8947525
10316776
5783030
11167935
8505789
14075810
8198139
8739614
9056052
12373745
7897263
10156369
14477315
17281040
10269380
16969422
11009377
14053964
15967341
16809473
13577924
9186963
10718076
14577139
14676533
12702891
11930702
7678350
7856752
5296557
9150508
9075543
15534382
13783503
8049338
6276714
6577650
12471406
5484918
7270585
16545780
11708479
8912582
14520256
10783683
18763338
9407608
8091268
9533953
12737084
8573208
8885322
11406871
11168270
16754308
10432296
6276144
7291092
10269189
14103012
13140416
11302120
12761100
7208650
3438410
12478932
14034418
8969396
9521070
10366119
9767579
10391382
10552178
8608098
11146706
8260566
8929157
12743083
7544664
18269385
7632111
9964741
19839953
12242351
13072198
5121623
6333648
15326103
9787087
12888344
12050190
9322488
13344899
6744244
16673534
8845811
3268402
10966634
13623856
6015297
12410881
16809286
7504745
11924026
6198069
8636762
11915329
9965857
10195007
19536589
10212389
15120961
8924369
6241719
14407353
10214111
10447275
13105975
8268242
13678827
15945541
10392233
5032966
12421428
8725528
12280858
12054895
16261653
11357964
3852064
15024720
11570926
10770900
8202979
12649322
13696794
18730389
10853832
12027931
12463316
15423038
12386585
8489598
18824881
15821211
11435899
6352811
10990539
11044007
5483706
5819145
9780781
6336604
10781463
18222317
14924465
17174033
12419831
16028381
10814052
10291721
12302315
13838658
9227966
5715776
16314728
7345917
8360434
13146483
17550150
9781514
14759678
8143755
14190192
5834085
11857010
14660320
7840990
9822104
13164876
10742166
14011778
14492762
7629540
9729987
13933280
16913892
15766997
13140940
11460001
15807245
7695982
5916055
10772706
10589287
16254307
14393080
5393252
13281448
11513987
11901709
13947519
9671614
13637123
14242863
11324372
15995075
7826015
15596563
5243456
12650865
10695712
7827182
16683233
15082983
7388967
9638537
7948259
7487416
14409643
8701432
11679241
4872102
16500254
12173709
11092810
19429159
9350608
11562430
11406489
12100868
18345190
5721313
19659063
7380861
17428884
16370714
7374822
6925812
16404229
5086784
5553711
9618489
10544636
11291878
9798154
10342519
5534063
13289521
7983214
15605209
9633806
8500938
9879321
10055112
14280007
14498853
14756179
12058034
12934366
19517175
7959095
6441418
18349309
6212995
10464091
6099874
13813729
14738707
10797715
12844808
14693358
8005964
18989846
12794503
13653623
10637579
9473788
15820960
14010284
11818330
13554500
8748750
10690304
16595637
12456428
10158834
9467209
12468962
9029441
12729337
5256262
10042824
11947580
9250347
13326028
11011222
6533141
8811914
13898705
7978627
14109703
13978463
9203656
14904287
11109683
12641764
9545028
8020570
9409497
18418460
11003434
11268792
6798685
10515247
8661370
11662553
12745641
9994124
10495033
13310026
15656563
9332370
14196283
9569512
6841571
11985709
12027253
11880742
11788889
10984552
8943361
11825036
8394976
14051174
17695408
10900559
14051837
5498823
11558220
14434353
17953734
14157722
10720938
17399917
3797287
10139197
10097775
11531644
8524635
7050152
11918197
6104187
9841773
11162800
4927212
13316987
9482319
8386694
11173773
9747041
10328712
12182111
14822885
9076677
13195023
10276692
11085176
11103354
13216720
10474799
15828604
6467003
14156833
6435708
10282723
10900197
10691894
9070597
11749923
13530790
10608526
6892554
6982899
12450038
15114596
11718859
10026638
11569068
13532045
10217991
6989272
9984331
11109578
6539379
10460367
15649597
9308158
13036970
11692893
8267521
12297346
17852342
17855412
6789011
11728692
11813168
9267886
10432769
11469995
14379507
11715679
12140151
11086560
11451945
5984222
14017054
12387738
11129460
5539223
9556488
12783131
8587912
8289586
13693677
17220530
13443551
10866934
13235301
12979794
14664944
15430314
10715447
11920076
10494833
12797301
10381494
17911420
10919693
15442899
10357606
12022910
6911248
11234817
10022001
8669089
9531561
12371455
8491692
13307216
11586472
7721439
13175253
10350713
11830489
11252039
6975561
10497497
9880389
15978797
17216352
18719269
6541320
15378530
9016224
7650510
8104046
12439278
16501652
11062349
8865518
4593858
9337487
6607235
6890017
10757184
16215111
5490184
10869511
6388433
11146382
13754659
11913362
14858682
9898097
15212939
12862021
11364541
14321641
5840876
7369322
12704220
8809593
15180406
14446641
6285542
7872274
18485880
9988347
13632764
12195803
8198224
10569647
15933325
10789401
8549094
10506424
13279173
12552178
10891871
8884168
14570955
8142630
12454642
18885252
14352900
10043809
13548802
4757678
5997325
10875372
12665614
10408356
13841956
8570552
11366469
7928794
12813397
10514046
6798250
5685638
11240040
12111595
12904870
12996262
13620900
8252313
7418983
6134715
11488933
7813187
5074107
16537945
12894091
14989968
10349311
13140547
12956121
13502063
11901115
18400351
16233766
13034536
13635993
4936931
15282011
6408891
8806411
5679738
18819598
10306474
9798242
10554329
10502518
11372078
8557673
11792228
11946376
11379679
8788976
10497094
14917051
9943958
13505581
14628512
15081432
12577937
5138187
10524668
14963732
5508415
11187543
16660430
13423287
15430867
10998540
13953735
11171577
15502859
9745347
12063768
7624300
9588565
12650529
12335124
7644332
11696787
11049188
11633189
9306828
7533053
9308716
11410392
12530682
11520201
11126925
14278945
10154152
11853178
10005377
10300108
5787055
14725502
21023269
19458562
17292357
14779065
15086828
9459330
8948959
17597400
10496418
14235248
15467065
18023531
6174083
8041528
13434302
9472656
14233173
14020632
5672604
12573781
13787325
15528061
9702559
9359590
16408476
11463907
7563852
10752799
4608383
9266154
10295066
10829875
16356382
11653343
13796710
8851543
11124641
8460930
8460506
8119684
10589622
7600615
12567765
11668744
10486990
8931301
10151248
8997466
14782358
14259355
10799493
15727935
10555287
8453274
9348514
12388787
8899275
15298457
10982867
16511056
7473074
5711925
18805390
9307701
17583339
15427301
12757889
7187072
10600962
7653664
8862061
11369363
8548700
10530375
13355591
11055979
6527898
9577750
7317797
12839241
12072720
8143516
6554582
17782604
10223006
15540097
4993730
5554233
7331816
10993618
13010117
11923681
9685188
5972366
4957575
10283460
9033743
13875438
8703518
13285714
16555968
9312240
5049976
9670084
8554317
11023498
9829945
16672367
9368998
10374122
11959947
6125698
9753362
13995518
12156085
15116376
14536672
14343494
16527447
13305710
9143583
14472701
11329410
9837304
6322133
8878205
8254776
12515292
6874393
8285953
16449906
8697622
19078678
9296095
9605733
13166336
12216835
8243825
4333737
14100042
14030527
15107041
7025066
11125938
12150384
11125721
10991930
11574653
8122166
10818025
15235840
16925204
8786531
8808554
13144277
17335592
9579456
18964445
14702176
7249902
8151745
12614102
7933024
16384839
6890648
16049883
9464177
13609954
8790975
9995901
11362455
6673476
14563285
13398508
13578193
14880618
11396342
11787708
6836497
12636099
10408779
8607344
14330736
9500829
10915760
11447049
9989410
10113963
7212023
12418470
12024363
16748521
13389246
8888279
14023200
11562325
11220130
13413548
9376252
9133820
11193003
11078471
9447352
7116890
11463087
10480661
7349592
11967391
10676334
5939217
16217314
11147369
9617403
19958532
9071428
6756423
17985384
10969882
10799864
16639943
10363527
14804654
2792588
11165807
10505252
9012784
5827279
7218925
11611689
8269635
11051098
16006869
12637557
6131215
9174013
12215407
7823440
14580680
11812924
14241258
10235404
15571143
11287592
13035050
7366193
9105272
12078130
7857841
16001056
15691319
6573976
10212036
10902414
13449043
10818997
9390986
9831641
12782659
16213244
6199783
10290132
10695697
14774313
9845758
10630199
8330184
11218352
16510457
5067454
15525879
5685016
11744212
7519042
11578956
16474070
8447981
11695920
10818570
11474270
10107824
11688453
12611835
14440085
8245224
15013838
13573838
10707109
15567039
11358552
14223706
8675437
12605014
13468085
10437373
5548258
10122631
9691986
11365620
10976795
11628086
21155759
5351233
11030480
7854900
12597956
12828125
16854832
13265377
12686456
10826211
9705686
13046503
8713708
7888180
15172532
13439053
11708873
12572499
11412005
7335541
13991884
12488992
10419955
13333536
12317902
13961424
13487782
5223098
8195447
8549493
11823354
8842337
17257715
8802437
7940723
11116590
12392457
12198562
6134254
10815544
11537219
12512425
14986994
7750709
8589810
10229967
11668201
7463378
14271361
14791341
9101503
16647940
11381700
5268849
6610012
6050653
11743524
7468743
16023916
11718878
6405487
12076308
14613221
5711069
7204304
17161878
10933860
10412364
12200263
15352212
8162214
12274449
9472386
11430036
10904856
5862704
9382004
7288755
15608014
13237572
12094461
7318932
12698093
14644589
11891606
9426420
6839838
10987630
8885860
6195332
7811872
11196703
11637124
14470944
13254136
10692302
8322925
11495068
13454748
10330046
8905839
12526890
16529687
12959270
10470339
10818210
16549691
11541414
18173659
14033888
8346453
5546735
7829225
10957008
11819043
8355853
13567120
17934374
8095158
12920584
15455278
9788948
6611889
11860601
12590499
11666873
9972007
7563333
8644179
6872945
9731036
11487586
13520222
11124468
9963123
6924493
8871597
12902505
11679216
12880253
15567459
8730454
6200822
11611727
16390476
5931874
6027645
11965880
18245524
4217481
11978108
13647039
12933184
7988936
9087712
13970932
8389074
14218248
8292961
13591123
7932339
7095073
16210321
13830741
8115062
10659866
10409749
4919706
9481345
9056951
11857008
8190903
6245574
9374973
12873111
9937401
16709561
6798480
11079155
19120072
9955997
11129522
15280533
12819279
10820871
14202966
11914034
8110017
12488118
13418495
14776606
11367826
9999860
7080399
11549809
16298340
5671570
8296806
16744306
8691694
14836354
16992780
9327495
14839034
14047075
13977783
12296055
7347711
10267897
10094436
10595160
14530611
17944742
6757485
9065776
6620375
13471270
8686362
13404245
12904099
10059054
10158765
9672909
10438116
5165552
15265018
6743708
14562651
11175773
11720210
9259238
9045726
10495080
18292618
5057729
10118406
8827722
10737036
12899980
9054045
8529674
11721248
9690568
15420159
9648089
8758169
8834426
13943614
10347627
9609032
8780263
17301925
12783259
15168260
12513708
2532317
7738863
16659424
9912553
6817177
10460099
12671297
15319144
9870573
8350199
13031152
13985225
16962359
13096721
7327835
9272577
9351632
5928922
9094469
11859732
12196281
12357228
12641576
10792292
12548863
11547333
16503378
7759340
6688337
12530423
13482003
7171673
11406812
9240150
8050570
14300084
11475171
14772439
12992531
5987332
7990115
14530411
10735624
8957042
12520935
13544848
9686486
16760619
8695009
9379595
11799436
13671806
11927210
5076549
12011717
7142215
9710621
9178163
5156208
11643888
7572092
15539369
10316748
15293695
9861637
11226370
14029960
12212004
13472154
7528067
12414721
4889891
8959478
11141781
10234362
10182650
17678157
13300710
13305539
14395444
16511425
9387490
8845187
10066404
6693086
16541385
13622706
12233235
4002062
13389243
11183364
14421258
7574200
8059017
10127166
11840637
13012991
7555468
5414857
12064233
14085738
11030400
8867818
8220151
8526225
8349493
6778778
9577904
11750123
7928404
7106962
14872919
12966170
7217966
12063139
10093280
9747562
11003206
13025925
13277194
7421678
6808223
11272059
17208533
10273487
8232998
13249635
11072870
15341951
7387534
9689548
11916197
9567352
11832694
9758335
8111712
14851045
4268378
7796982
8818019
10289530
5220386
8731187
11798570
13549946
11842723
6997389
15695042
7323184
12739535
9644894
10002952
12075026
13484320
12741743
12984945
9315319
8718738
8028663
11744297
16132163
9320050
7572490
5746327
9171629
14203869
11495499
11938830
8785751
7574482
11216601
7917728
7425148
15825590
16509284
10811280
10065920
9161641
2976124
9220986
13665313
11107921
15069806
9441094
8203278
15040611
12313495
9264856
11119590
17124820
10030319
12042033
11877703
11013074
8135889
13951642
7851516
17138602
11374478
10950308
8457509
13350659
11730548
12067809
7006588
16231353
15290622
5873280
10660349
17143754
13326202
9745753
11926800
16898015
10548294
11817045
13637028
7972213
17118427
16237648
10873691
16527028
11037691
17593271
9838440
14289089
14810314
16198755
17307626
9109099
7277356
11479446
17459950
10041106
6271519
9589157
5260941
9596851
6459144
9571118
12265899
13142790
10214914
9827775
9166582
11360831
10447906
9974123
9396023
8417235
11351952
8140171
12079749
18234967
10281026
11709393
6861762
10786008
8603369
4915126
4587980
12094835
9446626
9776202
15872441
8800179
14320765
7729473
10571602
8785171
7211020
13119318
9942745
11698467
10239034
17033401
5983314
15548591
8480156
12877566
7834119
10633287
12591623
15080327
6571724
16585274
6395699
18673428
14778902
17662208
10922489
9866057
7812785
7299350
18249926
6856238
8907356
7425076
7942947
9886341
15633836
10919644
10617420
11196903
9102125
8542347
7885675
5308491
18874410
14726582
16115983
15696346
9924948
9674452
12611579
16556136
6832877
5971995
13159576
9568553
6284827
9447863
6403443
15174120
13239992
11823064
5173607
7706325
13242264
4642526
9922279
13639252
7579859
3263608
13123456
16786127
7193973
18380778
7501851
10684181
12032066
13821943
11299222
17745196
8472684
12788130
19091886
12320552
9406594
13351502
7327341
12684862
8858325
12878351
10519796
14218035
18924075
9584901
14509018
16619309
12060397
10662423
13040453
4697429
11700213
8805545
15320830
7948084
8969661
15146496
10034135
12694167
11742910
10199586
10069979
10739558
7269265
14339426
8131410
8069985
13017804
7814306
15320058
8374590
10974348
13096875
12299839
12252072
9126741
6930212
8944099
10601494
16518111
11932740
14277649
14032481
10840697
9393120
16554224
10620176
11963401
7179612
13528347
12209641
7827817
9022919
14100655
10804141
16955005
10045390
17710926
15730036
9252468
9750703
11932653
7299894
9402768
12185352
7522793
8845220
12558018
9743310
11978473
11510680
10628917
7984424
11210817
10694876
7602769
7263471
5566026
10142337
7206617
10230711
4104233
9236330
18948898
12339857
16714439
10343109
11709852
9969081
17888192
9271313
9414036
12250051
11227982
9244080
16081684
9688107
13137236
17214411
5311061
11633444
11702218
6574960
18419954
11132699
12213113
8965867
7024017
5999676
11616606
10994285
13518552
7544692
13975509
7902192
14138094
21244354
13769591
12830107
7090679
9015433
15643772
17113626
14408815
8837484
9033644
14808917
14159218
9752463
11708234
5334801
17964367
16448076
11739498
12104264
11253915
14192433
1416021
11708344
7558056
13155214
9517429
5739875
17783099
18810112
15692776
11747436
14420864
18106489
9985486
12919351
9512724
18506848
12718978
6517009
11126049
9140405
11064753
14988064
13072268
4330743
10823215
3510751
6377150
20493620
16297786
17738384
8110140
14341883
11424797
7123941
7274938
17216026
18000033
15546541
11067607
11902878
9341679
10230486
15510975
13265208
15720805
17347394
13269832
21582049
8767626
11801597
20694339
8267794
11083546
11817969
12547892
6643651
11375933
10216337
14993778
8901925
12532033
8111239
10043061
12763357
11715650
20238039
10956711
9532201
13799087
8700349
5913490
4838866
8774266
16556303
10814688
17194560
10693342
10486559
10377073
11383936
14086960
9741084
11241344
14890119
11527052
7800755
8285635
10978383
14127554
9887138
8681134
11970493
14133210
11677318
10822583
11893917
7916391
10583877
10300845
8515897
9886753
8323556
6112889
13823922
9169871
12936022
8095206
17839199
13462688
15113778
11996888
15645948
6716122
12286812
14888098
9144830
12310743
5651002
6530115
10774634
16037281
15250463
8974017
10716310
8250707
15837601
14322104
7066474
10054473
9996133
14578966
12012915
16002150
7346348
12564423
17785515
13124968
12435262
5464996
9768778
10012916
13077652
5901434
10900997
15228647
8521416
11600443
17657077
16971721
11173083
12993011
14603691
15266367
7400485
11264802
9835202
10707712
10260101
11323920
6798601
7479356
13874765
8998683
7597647
10143554
13768601
15101583
10934172
15072399
12973121
15598012
9731807
8029643
12091568
13279267
10100916
17845622
10009149
12976865
7773175
10423369
12700106
9214940
5113905
14975201
13807913
5998106
13291966
12601985
8986359
17062467
15838009
9037843
14973684
17575433
7103281
16095609
15461874
14343568
15115875
3582975
8954811
11412450
10920544
15764870
14331738
8869844
13857549
10815489
8959919
6800332
8434965
9579747
13587609
10723407
12689843
5011635
7173559
12894557
12702897
10887998
12359011
12964603
13671629
12268090
11623564
8231700
7563030
13698252
15219866
10351220
8170906
5407635
10569378
10857794
13501826
8463539
11872282
13004857
6499867
10583416
14000768
13228724
10019990
12638522
9673981
8889761
10353616
10555077
8182035
10104676
14272204
18624122
8608985
8850133
11185888
7785215
9827105
15710751
15260839
9294869
16699220
8241676
12906186
3279872
7380538
9010652
14106637
12274711
6150982
9686303
13098163
11244192
12062126
17456513
5298326
12664311
6473036
10791569
11226014
9335652
10643677
11685405
14354636
12082271
6087360
7624560
12411974
8845573
17000429
9740697
7683245
19673623
10433355
12181230
9829687
8279695
9218721
13379557
12571885
13964137
16741749
10705698
11042624
9918705
10543797
5073884
11511558
15203693
7975884
9092551
14813782
9611438
17137444
12093861
7785565
9229652
8872821
10286648
9970943
12326786
7219328
12231109
13074813
15480700
16140770
14269923
8707557
12261286
14089221
11121413
16505406
12326253
11621805
9336840
10620414
14638085
13143779
14100827
12799534
12154951
14453209
9728771
16789393
8090855
11942407
5140325
9276940
13567602
9959190
11821181
15609272
8750465
14608374
6784238
12048423
8288696
13394606
18921547
8638295
15376767
10336179
11385205
10941305
10469526
14072203
12887271
10897920
11907428
15437429
15577759
14700873
6967381
11179398
11612699
16557830
11077996
16282662
7470172
8033527
19879356
15799660
13552318
14474929
9447679
13692150
12389574
8070687
9229825
13569213
9358633
16573033
5845003
7720168
8964424
9607107
12094394
10128979
9971818
9567467
5833540
12875997
8551564
9288538
12370531
20899925
19800120
5902009
12191925
12566639
12390747
14607314
8579788
14523139
11366154
13555502
17533366
9381798
11557998
9504980
12763066
12929385
10718679
6965130
6717298
5876011
8224978
9384981
6624511
6342284
5565423
5776649
11412093
14656889
10889527
10268635
8500810
12814934
13088897
11334634
10966297
8757109
20933954
7033131
15164992
11288285
6233611
11657204
11577548
13090694
19014883
10483449
14021863
3168842
12977822
10532212
11279776
6284515
11109298
9550176
11523111
6751652
10692049
12282461
10304073
5703729
11952554
15538431
11201541
7390237
9597413
10498668
7950699
7677061
7552206
14066519
9220855
5261561
16223212
12733111
8818828
16327653
5047424
8892164
6693324
9579479
10791976
6914804
12314999
6371184
8529114
4094258
12324613
9840561
8997220
11619820
9340344
9568756
8953047
9181346
13330932
9694458
9957696
8587401
12733029
9928974
8908122
10918262
14450105
11505788
13151617
10412044
14772584
9330492
14066300
10792322
12741588
15853240
12627880
10762108
10567401
10606938
8482067
9392515
12343386
9726142
11488888
4947563
7156094
12063881
12724177
4762400
9448229
12818357
10147627
9156282
13472786
11941488
9204561
7109399
11974569
8561365
14943109
13205855
7365586
15979282
15964664
10201967
9920625
9754868
8281413
9973872
15860470
11593542
13370416
12722211
11373156
15983621
7688213
8336043
14750207
14363715
10975652
12584460
13427279
10436862
17676833
12964416
7677361
13184821
8562991
6919079
11839844
13132872
6495573
8366470
7983295
3883246
8272360
10361431
12036380
11485180
14169375
14356833
11064410
17882003
15482621
11768684
16378782
15850863
8280515
10234151
14322632
6069185
8785380
10051353
11184406
18380569
8207113
7857600
8438524
13068319
9479798
12179687
10696093
11591364
13539347
4954250
10363698
7820480
14493419
10627815
11454672
17241764
12021076
11899238
7187687
8685240
4598338
12071393
19783228
5537761
11936770
6661632
13394930
12029664
8501675
9837646
16606214
11741398
10844140
10017023
4980600
9188412
8182462
13897674
3774780
9014585
4139089
14153129
9718970
10728563
11874509
10899553
11965009
16247101
8658706
11650099
14013216
9200492
5630127
11941324
12416227
15142773
22149962
13619743
8110708
17461841
16122751
10634425
3977988
17425111
12391034
12365036
10064745
9332855
15417682
13630886
11947893
9577537
10144616
11400951
14053528
12029201
11684423
15647028
5162045
9672891
7174551
8938620
11084466
6507847
9161031
9386377
9713300
11397108
17002628
14438239
15288231
7988198
14667854
13952149
8940491
12815179
16320700
6269918
15233382
11693256
13117096
12995671
9066535
13769082
6788216
7490727
9997102
13319118
9826959
11155385
8207740
11453525
13224760
11167671
11640686
11536808
7309322
12530772
12412076
16050126
13670715
10847988
11255294
9073226
15813689
11025617
9344232
10155224
14960150
6021692
9305782
9328263
11202528
9163359
12889509
18022076
5351098
14909459
12951868
7588335
12863245
10334788
10818810
17422234
16700725
9157939
11496149
8173533
7350755
12721931
10095680
10206835
6861177
14571154
10838681
7659086
14285584
7676699
11655163
5563935
7422906
7184012
10554737
11135517
4023501
12332765
11873029
8649698
15682105
8776878
11103426
9742852
10403759
2840865
7613667
10082733
12997076
18105829
14965480
10840265
15068226
7002205
11637252
8956807
17430706
9954392
7252336
12242946
11657148
6712037
13049798
14966568
14121031
7325351
10812749
8232665
8704628
10508334
14190128
12576080
8532930
16944544
10593368
5170386
14759732
5892395
16116860
15586190
8013601
9349084
8539413
13889017
12260950
6166591
17700570
13092682
15422895
7902215
11453337
11276752
14989104
7061249
11780065
9784254
14677053
10182552
14652856
12956137
13608547
12558572
13450224
12195681
9365223
14439711
15957724
9739899
11226326
7317812
7385145
8717262
15549004
9059604
8466392
8147205
7826120
15098527
11483252
10381560
12174049
8322314
5486477
13110675
7991821
7786008
11603903
15455410
8847763
10030597
5681150
15092352
13960611
12182563
6674065
8653490
13446354
7649950
13549262
9658093
13626556
13384968
17366644
7855666
11135337
9351474
9315632
11167229
9266707
14371492
14651769
6126261
17223804
10783646
10232957
5402658
7611602
5907478
3100842
7866732
6864187
6749449
8243270
15221409
5502087
13254486
10156205
11044508
13894909
13669908
10406467
14376756
13008506
10832829
9630148
10188337
13837542
6832183
11691507
14387982
11365029
12800857
5520361
10510281
8308929
12668356
11764160
17625881
17667094
10651879
7107389
12925045
15318714
11117859
8649481
9847076
10701868
15096642
8025043
18467642
6340148
9923246
7371238
13255959
13192201
11830720
14162067
12030870
19765282
13184332
12794736
12732071
14846128
9054453
13420489
10776959
12336322
8428947
8512448
6818753
12305454
6696906
12125508
14500209
12466863
18286931
6987210
12645306
13773814
9986220
7637412
13136395
7837767
8640257
7050668
7895713
11551233
16022000
15107452
15243181
10786906
11320215
9402571
13651674
12537100
15511325
8354433
6054554
9633699
7888204
11234345
12417316
12690434
7361344
18042276
8385822
9355959
12592105
7528169
11913586
12466630
10562721
6261973
11245429
9714947
7310236
8512104
8015101
12604111
12487079
6416201
14923445
11158243
10947663
10914257
14987811
10364648
9820376
9594144
9025825
13326778
15704224
12418568
7561276
10002298
9292185
5339982
17360241
10686623
12074792
14392590
12893081
14913898
11842746
8367578
11817306
10220230
10608919
9654951
10637945
12474492
14150478
12614747
15704089
11663742
13421653
7557950
11130243
8514829
10953746
6089156
10801850
8735406
6650473
12988924
7324275
14810008
7291174
16538431
6901313
6960577
8508842
14683210
11067194
14941193
2591067
8361330
10867753
16016872
14720140
11444753
18141999
8488244
10684874
11042081
15375678
10942345
6096561
8650062
10015004
6299668
12546799
10572302
7275159
8949890
9122141
5948931
11422256
10689328
7077296
5658975
6857590
14192578
6738312
6300642
8725568
7344483
16021323
12521002
13624231
12892718
12669875
13547235
8311176
14571745
13036398
16050048
7867817
13571525
14751954
11347152
7838509
9503275
11911897
11748825
10338506
6976754
15152643
13861638
7496001
6651226
10141895
15989786
14946848
12712876
14011900
8641906
9566769
11968110
15035012
10229734
7638030
9078456
19641381
6899356
10393917
9720393
14180362
13707533
12742582
12645591
9755609
11311878
10889955
11984463
11314047
13161652
18098015
15135754
12038092
11942606
13020105
14638074
9468814
5869348
8887832
12121562
17266373
10938053
15345674
5320992
8310227
10046147
7305802
12415380
8329669
13166264
9319998
11714410
7576503
11758710
11773370
6871342
13569312
15044635
11543999
15471222
8280337
16133154
14418953
11090211
11440696
11707248
14906771
11119234
13681766
13878262
13025694
13009237
12510061
19276418
15799830
13862539
11586417
13621745
5621413
9245161
9074754
8328265
10555204
10081524
11701989
14238764
19639271
7934074
11201859
10505296
10873832
16745002
9616305
13273915
10918718
15309219
5164815
11998484
12880991
11824246
11313068
9927742
9715982
5328276
15223646
7166859
4559768
11388847
16959721
11319600
12935201
11905224
16142538
16495008
11976114
14997502
9666143
15010788
11532062
12913087
15174498
8549195
9126100
9419433
12574372
16050000
8866593
12451274
13772163
5664439
16953296
12825019
7596087
12526448
20146454
8281099
6127918
15399851
11645490
11171473
13427637
9435307
14494100
10033349
6635785
10782392
7688421
8889612
9232945
12150611
8625870
15314254
13523758
11757659
18962441
7605998
9546984
17703384
7336202
14476948
11116480
11623120
9543134
4764601
8974333
12584374
13144244
7212682
7470274
12063867
15520320
17235299
8026207
13019527
10700772
8893703
7847948
13407208
6141790
9637496
14752152
12505138
16580755
10984547
8310500
13918809
9641843
11738037
9724085
14705002
14125535
14288566
10910622
12278160
8733686
7173340
10601558
16550479
7257815
7120112
10059908
12077233
15437231
9743176
10717032
9422700
10962239
8265009
9515022
9213183
12267627
7021208
13426140
8361592
10509509
6591082
8217971
7612865
2518831
13900113
11024447
17329925
12034505
16433139
12842840
13573674
15389464
11033207
13328822
11857755
8555412
16341108
11861240
10650970
11309288
9060310
14148376
15451689
11275779
8105558
13587981
11272101
5580618
14137866
5231143
17224321
20028317
15902446
9646529
6310285
9867461
10200957
6068507
11380635
13523483
11681195
11553299
16947651
9788859
18781892
7043905
16166435
9560770
7752879
11528478
12664788
9439827
16330187
7554954
11098926
9746518
15403385
8821008
17258443
12715377
8929429
13596837
10740100
13602304
10480838
6302388
7079535
17637939
13185283
13219244
7430042
13150793
11450466
18391992
15714041
10040128
8022062
10482935
9763013
12327593
13443923
10861142
12760960
9730526
9180621
14452826
13087309
15024359
9059769
13158456
13237235
5321332
11997837
7982013
10077206
9886794
2514614
15631144
12421911
10188903
15070093
15007677
4016198
5759624
10081749
11587879
7695215
11467897
11835921
11569695
11297707
5749998
8447424
11876145
11405129
6413082
12700761
10693764
6402873
4768889
13369676
8642055
13492598
9962979
12057157
16904174
10353279
14586984
15059824
12230874
17557080
11426840
11033562
9508005
10510286
10237672
9863436
8958268
6051764
5068852
4799054
15763403
15404035
11708041
12529606
8905738
10683482
6429220
11818998
5886526
11043659
13320019
14908206
10784982
8239443
11949630
11410897
9139558
11470870
9365910
10846949
7359829
13492706
7553376
7608494
15988007
15732399
8765304
6728711
9071413
15604567
14171531
10134078
18454677
7731407
7178672
8457907
8628348
10995052
14686264
10931156
21351998
17347480
8574478
13196017
16449546
14972549
6889088
11743744
14031235
13738753
5149398
10455846
8624594
9507346
11572063
7860900
10367182
10799801
15668625
16863377
11549529
9208299
12452581
8827668
12822130
15910432
10675402
7863085
12393897
15861937
18382546
11926598
13750365
15580335
9222727
10020287
12336805
6417356
8136522
10117332
12155687
12924635
8349088
13032048
12518859
11395694
15445358
11526481
7953626
10415754
15726893
10262503
13481088
13121405
3972382
12707132
14316914
8027931
9261429
14448100
11093003
15333141
10916935
13268959
9224512
15857096
15567556
6524731
11624002
12204570
12747204
15294720
14367893
8989812
9982288
16477457
9621083
8858981
7706903
7555047
13312234
9655382
14173503
5819282
10429601
11600730
16410999
11239166
11117704
11654755
6552907
8273813
11125593
11457531
14972322
18527908
7459814
9796340
11079139
13920737
5586934
6848822
14228119
10078156
7340476
12693207
7923725
14810370
15434468
8313472
9630329
11826817
12840358
5367309
11096671
14134376
10699287
10978514
8209117
9373511
7422760
12672438
10525103
18299805
13833253
7684083
10603692
11818841
8875694
8606604
12000204
7829078
14955235
5567407
15452608
6953157
10411932
11471311
12185769
11342764
12354893
11280758
11532680
12828613
12431144
11058229
3607174
10384513
8279589
15735235
15021609
13481928
6031724
5367648
9284709
14135846
6329712
11706251
18141695
12177750
10545122
7944050
11217502
10190647
7916397
14228424
13041126
8459093
13467439
5374258
17694775
10359425
11954365
11894530
8348567
13937413
17384940
9710894
10936588
12392305
5620728
6268371
14962930
12198458
14374791
16051618
9914105
10778875
17669793
15208531
19493828
9513209
12535498
11960231
12042516
9923589
2067165
5780867
14980739
5897846
15641837
12039740
10328540
10383447
13377475
19471428
14005027
11637670
11528876
13739589
9999397
10390452
12887299
14084761
13973385
11090311
2300504
15067314
8010724
9689986
8308119
17925815
9818205
11337749
7566932
7461982
10960194
9648983
8242653
7641049
10892998
10366506
7172773
5686081
13502914
14871357
10158755
9092736
9619360
15931838
10681060
14610554
8966750
9525450
3714140
12059912
12667906
8615951
8965079
5083192
13627139
13829849
10623811
11867656
12946907
14304723
15910091
9853877
12165601
9856980
10928147
6445500
8492765
12676101
13892797
7193989
13874685
9842728
7735025
9937761
17258690
6477961
7039399
7266788
12453641
10257359
13074010
8262289
15549495
13759955
2188917
12181355
10590645
9600594
9936877
10118742
12254309
13665796
7058306
15284502
12368334
13360278
16562710
6306512
12658565
11506402
9932036
10337218
18794176
12748231
9933131
8839970
11068030
13057089
9161522
8183726
9730656
6724223
11788506
15821174
12264482
12714823
15312588
13863287
4210667
9215821
4876481
10411979
6702983
7527448
6823560
9412525
14795010
3484716
10787094
9488228
15532537
9714093
13866556
5819605
11641813
10830367
16283720
16466913
9712778
11076376
13170968
9227142
12561671
15713152
12554610
6456864
12751614
9313328
13796287
11216354
11001245
9153770
5666828
8517890
10179497
11619129
6133579
15259869
10202216
7610249
11839148
11372112
10853861
11149476
13884601
10360419
10520911
13811004
12408391
15412044
8857320
6610728
5732467
12200015
11848964
5195535
13239201
9403898
10794938
15057352
15106350
7744737
17030597
8032999
14662722
8212506
4853602
13625928
10817441
11881959
10469307
13550940
12483455
7049967
11806307
15206002
7537922
10054603
6936187
8929817
6951449
16129901
9384061
13153526
6623737
10139046
16232263
11832134
11590541
8904233
17952024
6804225
12530866
8257500
12874887
9056268
9723546
11753364
8537032
13429432
7571597
6562155
11910815
10987772
9401640
8079497
12344076
13557755
6893250
10635245
13071151
10812360
15362312
9871064
13127958
9736191
11509442
10840397
14578233
11517496
8558883
6021642
10870083
12981765
17174328
4689653
9713609
7829247
7041320
6029311
8387660
9920705
10465254
12492097
10735216
12006385
8079703
18805686
11795949
8418610
13478311
15148487
15664430
11826643
12540763
17458393
12840920
11040002
14218090
10220092
10026122
9964846
6708090
7692865
11265724
13140927
12337634
14535384
8360795
18464183
10986425
8824584
8684564
13172516
12878867
9891832
9885326
15931087
11341357
10238149
18454677
7109436
15161759
15810709
9578731
13683947
8950873
10965999
7038657
11179993
12418030
8767447
7082563
8452489
11548415
10655081
11321246
12445488
8265672
3958086
17415265
9361350
14735297
14455858
13614768
15040455
12598378
11759782
8315993
9899333
18271890
9350325
11916051
4389339
10740746
10990174
6851725
10473237
10669710
8778648
10814573
12989022
5248324
11396959
11664980
11706011
9055706
13131511
15303019
18482263
11948390
13533576
8625854
14121056
14028102
13128822
9531270
8744407
5962328
15009532
12732060
14094533
12727028
9319941
11017931
17507790
7423381
11831625
7791138
13674603
5421108
8143656
7202552
11433655
7667665
8729134
15857657
7675960
15833226
10394103
11461842
12892182
16300295
10346481
10031297
7910877
5915474
16346659
5297234
14033796
12329837
11023604
11814541
12908961
10302600
12715702
7604023
9268763
8525308
9933880
5835861
10542464
9533107
13703779
8859233
6000956
16499126
15795734
12397359
10716144
7608072
13620612
5154648
11144836
9969403
15341936
12000342
10527552
15983382
5069722
13221324
15435892
11580863
16899669
12907929
13056943
6812428
10018305
12565751
11623517
8120838
10324955
8279600
11030340
13308596
6771498
10923094
16780300
10654630
8663621
13088675
14049544
11632099
11718664
9839130
14042430
14156331
9936981
14918254
6724723
11919422
10614519
14189613
11489175
11551854
18531670
10826950
6257934
6856807
10852983
17368604
14059338
9530661
13454318
14456237
6330279
9225568
13459850
2563819
14228050
11044230
6220017
17242240
7964990
10813853
15865884
15400336
13011286
10151446
15207259
4653608
11400622
11840380
10844842
9712154
14251649
15205314
10785027
12620231
10263020
8737152
9819651
8135303
13108323
11659876
14967700
11858240
14375214
12446933
19532601
9600442
10406771
5370172
11355719
12013819
6655362
12714984
5916068
7233706
11463385
16602196
9708485
15111910
13877290
17425518
18021679
12977013
15771861
12564159
15669320
15570863
9953009
13986709
15754861
12794432
8784243
11224386
14138857
11168560
10702325
18626215
10338290
9760510
12506208
10732522
9655768
9762185
11279998
11878379
9094121
9879004
3736763
9555621
15048325
10325441
10129781
13630841
15926133
14212672
13029077
14813742
11029434
12061282
6031685
6759825
8677490
12873914
9765067
6936104
14704751
11713757
11912427
11476716
12640910
6664469
8725088
13942053
11639522
11136448
11173118
13684349
7534936
11346404
13118604
11367992
16211448
11080736
8000178
8606454
6446223
9330856
5999887
13366408
15454261
1334173
10173561
7801220
15769856
13860257
17633109
15350731
9835878
10291513
14085752
15814040
16009921
12537936
11157058
5061608
9987662
3833385
15647131
15706393
12214266
12001549
11532100
17513689
8174307
14587613
14163920
6919659
14869504
12625376
14304497
11214568
13173473
10946526
11010322
10058937
13140540
11035614
7190116
9108717
11590367
10200553
6453168
8826371
9011172
7753344
8487854
12832599
13294468
7407844
12792799
12888154
14261694
9274896
14776585
9719631
8110197
14379213
12622124
17267264
12501914
8961144
6057608
14102472
7782628
13652024
15194473
7581089
6888660
21266612
11936641
12947704
10169537
9294317
18613104
7360016
12483020
8197627
20065548
11246826
10172811
13147343
9338956
7320179
12327756
11308198
10899129
12975041
16640758
10703469
13763330
8830217
5579049
13264453
10277203
12263366
15061923
15483889
11992719
10180031
18953681
13156742
12210429
9807339
9987895
5567499
12193427
8896497
10374269
14018116
11771706
15983490
6393599
10467352
10757170
11208384
8446397
8439332
13495124
12310110
8759363
14732921
11849149
16238842
19481927
7367462
6008817
14504831
12993152
16058979
9966327
8524942
19065482
7614927
13793432
12252082
13579118
18264055
16777206
14605376
10839563
6750582
4344668
12750980
6267743
8633004
12033715
6627099
21439966
4064514
6691657
8194225
13710877
11398438
10178643
18654053
10472927
13393970
12543330
6591380
6889843
12420863
10639998
3914938
7869530
10376205
14105657
9017971
14688351
9769445
12619239
14054590
18825016
8051867
10086342
11950093
15086526
11088400
12615610
14543736
7716113
8516399
9487663
16407270
11257756
13730087
14952671
12767216
11506440
15262252
17304923
10830897
7523164
10562159
10996883
12660652
8254023
6134799
11639358
8284148
7734277
12662752
11692288
13975124
12991218
7152644
10961431
10971338
7665753
12033496
14123439
15316659
11098937
12704405
7607583
7973590
14135972
11713242
15097496
8386349
15134449
10409894
5516192
12401172
7456232
8432685
13037633
6303931
10038020
8773054
8576752
11705190
9791903
8344498
4563936
11630875
8906813
14420796
6843548
10709036
15274905
13965450
10549024
11407035
10488964
15294335
9165163
14474035
9940774
16265226
18318908
17249523
11992938
9325171
12425430
7755682
11715145
12555285
16775822
12655325
10710753
10368140
15818998
8088191
17458827
7741439
6499737
8683373
7207370
16749699
11816681
14269067
6595902
11620975
13159661
3666509
13158336
12231029
12477464
9349453
7345875
8798389
13926294
10331432
12112391
9339293
13758430
11148891
12871601
7216711
11055268
9252456
9725705
7909696
8003446
16534517
15922413
14359661
8151386
12823244
12830510
5872120
9611727
15970696
13839085
6653008
7838910
8765463
12153633
12832222
15780566
9319274
14491781
4974335
19758112
13462235
13074667
10648692
5019784
8981873
13884002
9627608
8601762
10977429
15771016
10813421
14512850
7542589
13682944
9171499
16196867
8778754
11793261
9205109
8550679
11177541
11922935
16476760
19475246
8572994
9172220
11818052
8068168
15587009
14160483
8403982
14770140
10093404
13490374
12808699
10540168
11069627
12889006
13597682
13195566
14390884
8002597
7890465
12612839
12892332
11971863
5942367
11615923
6776041
12771901
6471998
10659324
9220942
16294416
7634790
12831936
9613180
6370739
13151822
8790048
16039447
12471932
11678455
11238699
8159907
15114711
15078876
4102812
11124082
15210374
14333384
9056975
10748553
9647905
12514753
8864774
11644966
16199277
11221597
16236660
7987098
6582042
12000565
7992417
10052386
17352009
13444232
7749261
11466319
15273124
13358657
5341721
11027328
10711178
12170602
14782364
7967894
18524164
15272104
8260895
10863754
10735695
8159114
9018652
13140952
11583582
16307590
13593009
11787008
10286275
13952932
13665685
22426436
4885993
13147680
8799786
8715273
4869091
11066199
6736577
14236837
14387145
11048693
9736787
7092627
8382690
12473103
10928381
16980918
12338397
11595833
11102861
7814168
12546599
15384081
4380276
12275288
11546388
12033295
8851900
12900461
9233927
11615759
11280557
12391190
12419133
13693033
9632467
13787754
7363672
15920289
14676972
13149579
12213394
9295594
3717259
14697352
13499646
13217533
11810709
5467650
14894235
9103896
11737845
14875210
10632725
12282191
17204572
10483192
16343155
6513720
5303772
16112156
8337878
9940696
9708834
11031400
12891009
13889894
11374136
12860408
10888887
16898067
10595179
13759246
16112466
8448886
12095749
16355366
18945196
7192548
11569905
5510392
8738128
11182479
9930844
9995519
8676534
7779336
11574402
12719380
15523741
11678245
12114577
9979945
9020436
12768169
15801679
12330846
12316596
5912246
4129084
15581807
7116934
14264215
3530876
11452483
13414663
5447959
15022353
10573982
9960681
18822419
14473114
6121250
16174889
12958426
9485561
10372038
9790560
5950532
8017602
13392660
10094665
8328062
9497060
8867391
11052597
14257036
8521319
16709217
13976381
7783974
12285395
11962442
16233945
18085102
10700946
13145254
11860080
7321323
9288044
7254591
8376446
10576257
13960342
14411644
13444437
7978363
15015132
10923233
7783814
5260502
11853324
12136801
9464313
7937004
11015121
8965799
11850183
11617953
16728504
13163720
7139508
7599218
16151942
8392227
17729102
19498157
9322595
8414977
13352708
14018401
5062245
18217309
8900486
15903176
9663654
7948786
11196509
18756444
13188894
18600582
6147450
5959706
9340174
15307634
11992789
17175856
13600672
10151385
9579376
14299230
11279413
17221402
7256196
10882210
13916716
18173533
12028762
11032736
15596430
9485576
3997650
7836957
9757975
6872749
12361673
13599355
10828452
10200957
14366918
12885008
10414447
10327517
15457572
12746653
15411096
14086734
8944564
11947092
13018264
9604272
11365988
15347572
13141523
15584628
13745030
11195138
6044878
11399065
14084572
6453035
7228496
12381977
10102179
8479299
11766054
15819197
13113780
7512681
15175059
9747944
14424258
15177707
10898906
12326027
10023917
8756392
10828858
8704429
12066976
14367798
14917502
6628217
8866969
9864840
15814047
10133825
16842886
10002509
14572671
14365634
7500340
11930397
8940567
14465370
15837863
9341444
10279367
14823234
15600569
10478183
4120795
6121427
8631471
16576329
11424031
5339741
15931051
11645448
7339395
14341442
12220583
10670596
12977474
12564099
12277918
13963407
16167074
8212915
9499768
10691581
17923701
13771858
13985013
5520136
9875250
15408239
11542923
15714808
9385891
8104297
9365340
5407078
9479070
10382109
8987318
7742333
11810867
11221541
15648757
15642745
19065166
14855579
5819387
11309114
11452634
14235137
16920262
5505072
10847952
6389997
6662220
10358431
12523597
12016772
11843167
12119082
5660046
12030195
5603343
20275810
10234501
15672213
11045686
5744739
6552063
13455877
2869339
17185502
7386097
8524052
12072397
16169543
12524541
9053774
10004477
10968767
10199448
15043120
12419929
12273850
9082652
13048540
7168868
14765476
8791005
11427450
15026584
14542304
18338122
14137880
6912226
13152869
8120104
10807537
10376482
5622064
9144745
12526190
14594113
9840302
10492951
11716544
12692416
12179336
11581618
16497395
12952416
9704940
9995381
13840645
12922888
6602970
13282937
8459678
9954933
4432995
15099847
15036506
14333725
8183016
19624565
11791935
13506689
6491615
9179267
8253259
7147200
15506651
20405926
12598101
13089858
9424812
9666243
6735977
8505562
16323376
12946360
12628594
6246461
7946311
7597156
11803296
9857229
13094960
8932228
9419942
12435206
10677411
9482171
10047878
6707813
6305717
10111500
15585055
10976496
9488250
11569042
12904517
11057125
10392440
7513058
13277087
16577534
13586798
9792915
13824245
5734790
15479233
10861940
14151342
9735578
7737856
10536048
16156879
10088808
6971132
16244554
9160689
7934837
10971439
13725031
2687971
12231102
11767135
6874461
13369943
9010356
17108487
18710951
11338927
11911350
11052102
14089930
16830879
6295283
5346802
8153488
6519093
9523056
8883643
11256047
12114754
9307540
19325215
7177401
8547345
14352416
9696742
11513600
7686275
10959203
12656053
13423595
9546973
12691689
7447156
3728017
10163854
9745199
17566451
9746970
9742476
7764410
16476224
13067272
12119923
12290275
14436176
9434990
7767927
15431519
7470533
10456565
13253270
11226252
6601053
12542484
10860473
5112227
8078947
9649577
11754580
10441045
12196824
14426291
12713497
7316663
9925562
11011720
14374474
14924823
13989701
9871361
11440588
10293725
5513884
16115913
12741390
13929113
10226775
8133832
11472865
13481488
11995208
9868271
8973618
9876650
9527130
10086867
14656159
12675780
9474494
9477957
6174810
13802067
10108753
12734300
7681284
11772068
10295802
5958700
10137514
15332207
12111029
16313410
14885495
10539449
10284473
12821364
15268313
7664630
13283060
13351169
8517821
13597585
13510075
11520639
5613284
7934558
10440519
10012068
9730283
4195156
8684153
10074192
9257145
11928417
9421001
8758619
12539441
4635145
8462552
12178863
14217312
10928243
13034851
18042049
11378100
17404006
11310612
12053176
9775170
5915295
10944111
7704404
10875078
6363737
9151472
10676673
17443773
18481965
15694969
6195037
7810116
11741202
7291677
11452376
12776900
10930808
8240689
9900048
11524582
7689162
11858690
8800468
2550918
12056866
11980689
9558338
14136374
12975558
11370043
10819535
12488995
18168954
9949035
14475269
13087024
12181664
19382958
8380619
10098442
10670099
4626525
10232711
5539197
6577074
14601063
15111227
13632876
11307990
15565161
11066600
7881450
12800527
16123701
9037203
17963355
5506603
5344625
6028757
4935405
10211162
15786037
10765512
9102786
7380583
11643468
9982585
8782725
9693041
13230547
14569123
8884513
7127735
9782216
20367889
15923475
7762414
12450747
17204847
13505658
4534338
4585465
11424437
8902672
18262433
15272895
13405083
7738291
11833658
10288159
17530285
9985095
13468602
7079727
17505268
19322237
9557468
12885777
9896949
17808758
8637541
13399194
16500186
9952878
13654719
9309784
7578913
14737437
4907307
8278465
15721236
15403952
12890658
15197284
9461868
8509109
12474505
11338061
5606970
11556123
16293859
16217455
10423283
11884029
10101136
12241685
8786215
8449709
12646021
6255391
6591218
13601501
15603243
15853247
9948387
12455916
11432084
11125669
10560514
9617061
9533617
15759652
11776003
7053639
16310510
15010787
10657137
7653739
11361364
4704970
8561897
10450211
9474537
7645234
15031982
13241830
9088976
8867610
13313877
11544858
13584063
10791373
8066091
14283818
8602666
9768993
15258001
12676017
11057489
11407549
12490531
13716241
12262028
9637258
9660687
7086459
8425165
6521490
12631177
7406795
9156779
14861132
6047097
13474394
6790560
9944557
21276619
12581130
9239490
3519621
7609309
11077534
14088995
9915645
9899463
13330942
11986149
11497141
10590374
15108684
12401820
6660490
14455039
13717335
4427058
3839900
9651367
15864537
5907038
11156732
10135502
17079614
9801518
12568354
12714952
12871343
13771564
8418148
11638694
18688336
14068942
11610359
13702245
16372253
9030201
5423893
11741575
12392556
20230927
8443865
7045281
17639403
8633727
11408667
9180785
6916275
16236139
10271586
8369350
8767391
10820054
13772488
9117878
9070016
15327127
8377312
9093681
13577043
16722685
5215205
10071723
14988521
6551984
9025320
9057420
9006024
6266470
14666384
10753255
9118371
10744054
18749973
11399102
9965943
15699928
10509622
4069888
12040700
11464096
4742800
12918211
16831517
14269575
10440626
11403051
10146468
10871617
12129539
10919458
9629771
10197906
8976378
12094942
10089736
8010729
14014155
7677221
16064877
6415733
6297543
11857175
7589212
9733593
9006812
10833140
7727191
5300774
13983065
9748370
14387748
13560356
5691353
9264291
14080837
11578749
10763733
8817529
8160021
7916561
7916948
10551328
17412079
14406576
12115604
12285717
7298717
11128184
9594770
13244428
8157934
15584977
14828306
11559220
11764762
10712302
17100851
8327316
11701120
13750972
14649870
14799666
8110869
17083733
11400551
12428281
8308674
11924330
9430598
12699278
18930474
12660002
11539075
13902429
12038634
14598436
5388008
10815001
7642802
15590004
10754628
8677032
11013168
4387322
14732778
11016131
9738285
12388591
8335813
9225114
15136294
2569739
16702132
11624408
12981792
13101962
13518670
12104125
16587262
13438413
4253241
7234840
8015198
12261016
12223375
12467712
3390137
8878171
11355119
8998454
5326172
10517417
7843936
12620751
11384639
7075775
7011629
11722352
12525038
10211581
14123751
8963215
7717747
8235586
11417891
15725452
12501687
12128851
15769003
9981278
8665410
9361655
6891210
11608232
13709044
15651398
5221340
14012955
13542518
10482876
7618328
15155813
5473160
9415202
10519219
3847073
7332077
10825923
13494345
5852163
7086654
11583135
11645269
11148772
12720763
11740061
13468497
9360945
11736093
9179680
8818839
12235328
8772351
13165054
7558438
11030421
7368838
14047881
12263830
7865913
13183053
10329671
10333437
11097621
6102017
10524505
6114271
7851705
15965616
12777749
17642956
10607954
11771059
6038320
7597350
11876293
14363628
7428436
13317365
13274958
15989867
8726547
16145300
10377043
10811018
5648796
8008871
11166186
11586471
11988523
8303022
10486618
15668789
12516847
4419135
11284112
11665482
10698841
9556989
13450209
13084664
10648763
3127404
14621323
8174964
14198061
12560049
12214672
7224029
9521950
14070611
8787387
8784246
9624258
11949259
11932587
12577700
16819843
6829292
14298570
10986533
11496340
8681485
11881244
5469279
11506177
19306628
14773430
14926684
13646043
7095681
5530696
17226831
15080579
10772136
8743228
18778006
6628558
11636622
16626879
8148159
8462177
4471233
6378589
17735887
6047552
6798899
11711917
7740249
8629676
9646142
12754758
8085753
9995563
20305986
11100301
10940511
16720394
13270430
7133458
9242753
8016690
15804067
8610624
12011060
6545056
12387709
8848681
7232174
15198303
10147571
11984401
4743230
15607529
5623475
16261298
11101588
10960937
9272845
9115881
7117966
12435304
11600008
12338112
11870431
14328256
9191418
13471322
8657759
11828831
12381060
7300555
10278854
11700465
12088434
14308796
15571593
17438628
8810208
9718273
7914063
12027809
12034910
10752239
17673130
5746596
8501926
17302793
18560739
9446125
11265976
10740064
14554107
7074706
19057831
13215049
17092233
12211857
12828550
7938809
10638939
13507735
15134958
7949031
15801141
12691861
7849807
8966360
9524955
9350706
8480783
7834259
11385578
11848907
8356137
14215498
8110079
14589146
7698971
10968372
8341548
8570106
11331955
7873916
11447140
11429006
10830303
9143762
12341714
16574108
7006070
7959878
9627736
14207810
12977549
5768633
11978699
9400529
15204699
6655813
12802178
8491940
11345777
16052712
6613421
11914644
6424268
15632188
12553895
14344150
9774411
16998005
7348295
9715227
13163198
11759841
11411851
12415232
13884502
12198875
10193952
5674133
12006927
9603476
14060151
9470064
9466418
13016983
12657442
14180699
8521341
10985570
16975817
12769415
7994912
9864374
12831756
6957885
11070430
9804520
12944217
11746070
6906920
14337178
10997394
13786928
12442168
14292695
7217107
12159646
13193747
9664583
11131334
8006054
9882200
13201366
8369701
10144909
7867408
5337352
13942447
10666593
18499779
13550006
12203173
7508254
12099594
10627774
12354496
16366406
19564475
11818925
4305837
9918229
7660817
9822617
12218791
15465559
9060750
17112213
14436068
14335181
8024473
9985013
12540122
9544802
12556903
17131506
11746866
17137397
10895885
12056824
9112962
9937243
6422919
13381656
10821930
15153668
12315365
11816287
8609372
11505572
9062405
6410468
13204390
8775089
4977963
11151879
16551888
12322802
10606983
6589398
15607563
13410769
12943248
16428973
15280230
9292465
8213025
11011395
14094769
6890834
15383680
11505640
10345106
7271446
10507417
14672064
6533246
11925280
12030859
18956040
12151569
7156744
7161599
5409234
9666067
10226271
10350246
10386607
7122980
14556972
7108247
13564164
13052689
16407042
10481623
7476869
9083365
12483770
10096174
9384778
17343415
13149489
8257007
3857926
10352546
16652143
8283063
11782563
8332687
9422144
17320864
10969717
9144911
11487153
6491379
16702897
8140559
16748400
13668308
13181523
13550397
12643988
8049968
13721335
13032480
11177517
14643576
10295639
5902303
8190849
17944738
16294012
10307677
10810483
16854552
12453849
14161289
15309933
10703398
16312655
5589522
13155033
12672642
2919833
11107533
11437461
10688465
9857078
8777268
8689494
17721873
11716663
12056641
8929149
15722605
9598110
10871107
10684253
16664238
6425479
13783425
11885486
14647499
12275180
10416215
10864304
11940757
13567890
8689406
15589316
10036930
11755123
7699896
14515349
13559565
14671836
5688606
10460670
9974303
13568026
10786340
10262820
8996855
11817719
13115525
6910885
13580345
10080945
14484448
6295246
11448223
11940764
12031479
9675569
9217945
12167696
10785291
11662786
15075587
9614226
7498916
14100953
9031094
9402770
13408667
15235597
11915680
7750930
11436403
7932880
15183461
15553506
7905401
13991804
17148967
6092096
14376296
7100945
4353851
10570922
8520047
7082602
14725618
14175221
9004987
8985922
16456555
14275176
9138271
5973013
13804991
10081379
14989861
18230125
12441649
14834379
13997423
11666492
10439487
14338814
12814683
8294721
6898298
14668006
12116386
12951342
9015428
9576357
6278591
17662740
6820500
11101820
14263077
9316729
9786740
11255280
15491527
7771375
14973846
13015131
10167008
10521992
12166747
6133876
15283649
13191283
9990322
15798230
9839119
13667112
13871662
11952772
11393613
8695495
12462357
15736685
9412928
10620815
5810466
17724104
9646756
19363985
6890510
12207980
11190923
7589876
6776090
12204964
7563888
12514485
16455059
6147632
5315958
9387968
12017231
12684303
12718484
12726299
10692681
10369126
6677816
7293749
12825065
11393642
6947939
14051072
17881673
13055338
10796621
7600685
6529501
10119288
11757184
7057729
8385975
9610740
11251125
13387856
10053861
19033565
17424168
9588903
6627078
9698779
11895196
11118695
9884733
7349612
12475705
9730357
13149644
9883658
12676738
12998365
9312064
10274335
12149592
12737087
5972584
11575989
9198712
14329246
3669774
6125352
8878897
10216156
6806004
9737449
11626740
5905231
5044418
10971673
12138184
9610138
5507016
10059113
7801890
19142737
8100419
6562313
3124578
14676973
11565072
15419983
11596161
16303385
12238246
8958165
12585250
13873632
11420262
14725075
7588255
10503013
9250760
13523625
6603096
7619597
9812949
14293597
11325668
10996027
13541662
9980885
9799827
13152933
9707295
10704522
12251090
12165831
9866568
16120460
15288618
11376540
19113254
5338903
7470471
12518931
12144360
9552877
10475303
6578902
17049358
10505094
9396578
7857984
6383809
7861646
7164593
14773562
8570171
12825053
11786782
14257588
10406952
5546950
16916264
9456462
16902329
19335734
15324923
7154290
14298362
8019270
12708072
12003951
8216078
8786295
7508866
11134752
9733078
11559083
19175146
6879226
15528825
12375368
14911750
13079382
10680555
12852588
6071418
9364952
10129959
16051043
11680964
13969884
11223614
12317853
7860657
10115910
5865945
11218654
13778789
10552536
8415967
12072884
9210376
5781646
7824221
13748362
11842475
13591733
10993410
15970119
14649211
13013671
14385083
9525597
12362076
20894275
13917040
14878428
9158240
6120678
4542920
13357224
14254381
10324573
11848020
9937578
13356587
12488619
13533561
10460378
13145448
8947732
5540076
10300828
16670537
12928636
16432280
13095551
15918156
12944452
15135376
9776597
5604232
12505694
13052750
8825952
9034714
12938347
8450303
7922307
9939462
10599866
10588468
11603808
15593935
12586167
9617154
9699557
15866391
15880038
15546316
18363743
16497176
13649941
14289992
13864694
5277050
7556244
13079556
8950010
4541390
14642247
12747136
12259276
7596531
9451064
9190491
12522199
8330169
12978168
6199850
15624276
9355318
16444873
15314140
7930271
11504600
12153057
10361987
13920293
12624947
12311228
9706242
8550502
10879269
14181925
15059708
9511575
8285379
8634233
7424984
7380184
14323183
6745189
8769400
9413472
12131198
5102630
11976198
11218898
17729092
10498698
5405151
10743157
7822093
4480900
15136918
9897853
8271122
12381634
16721216
6099683
16757987
15179312
11369810
14691037
4694296
8167156
8770953
6927274
12925810
3754863
12664300
13453406
13888734
12177046
11938311
13899046
11461651
4311360
9374267
13034480
15791123
16348047
14509646
8958885
12889384
8693237
14772068
10344739
2448468
17078035
10133693
10657286
7138996
11243735
10197062
10366491
11521840
9486607
14198811
16781016
10694844
12700413
12834015
15645246
15153163
9265709
16165533
7446218
6441103
8052706
14400629
16698666
8517544
17482681
7574370
17659306
13357258
16736307
11111796
12193200
13766922
10461133
13080321
9272663
12986187
15692437
7959490
14209990
7413372
15638065
10290152
7449122
6454484
14851361
11918658
11919198
12854791
17763485
12602399
13066203
9828858
9644102
8971640
14199879
12596848
10798667
10518710
7810020
10546105
11270926
13427933
10001301
11109675
10347454
11722992
10873440
8365364
10629154
10749142
8947866
11218775
9043716
5195397
14915720
9310888
10849192
11823692
12993071
9447337
14567524
6723909
5156352
17047830
10707922
13235212
12138399
13667849
16098438
11861876
10345253
7884804
10744058
12120763
14738183
13066409
5836631
8925586
10007807
8573523
16454326
15422909
14241896
14024014
14669081
12165726
12905627
9865799
15926819
14727553
10765463
12265293
8006854
9758111
7666031
10264423
8534752
14969770
10728330
7924205
8210122
9379221
10124240
8200942
18529471
10731181
13851085
15371675
11016604
15565825
17155853
13052769
8831465
9851034
8501555
6738415
12620439
5883279
9401469
9791345
14123653
16762135
10808658
13305919
14509080
10132765
9699473
6430283
9513133
11883465
14234771
6073738
12721652
5844026
10056202
8275701
12954354
13900091
10586111
8603137
13658088
13930557
9741041
12515374
9869128
5511418
5053337
13097125
11153982
11505808
15484573
15853674
14867132
6338607
11067516
9726070
8858093
10512633
12829586
9187661
13998220
9609414
9284577
7716014
6651745
9612208
8961168
6262089
9705930
13841817
10936803
14921451
12493075
13260871
8293803
12753386
9008776
7592272
8962550
12196627
11018778
14171384
15971592
10525715
13164772
5845911
18876484
11476133
15444844
16150238
9637838
7115452
7111891
10096119
11325819
11685770
9776860
14941252
12470374
16503253
5885492
10097984
9529243
14509640
11349093
13389707
3931267
14330609
11287996
16854536
15450003
14209290
14862553
11942955
8880690
11902005
13984480
14308084
12364218
13073574
12327623
8467540
11887073
13545594
8488984
8321083
9764156
11673790
10691470
14415691
8375674
5828201
9317769
9114307
11639415
10044362
12929879
13979802
12093550
9835588
10948478
8836838
4820521
12285634
8096712
12935787
9547939
17454451
9568948
16194626
8407007
13077352
10729187
13926487
8551705
9525528
15346864
8590077
7387644
10764919
12317931
18527481
8205180
9028449
11927493
12088703
7119451
11068820
6325572
4348380
6706244
9905857
9900661
8487247
12869277
7046779
13290314
9451821
11770796
17682394
13924506
16395184
15833358
10094013
10568177
17754411
10383793
10898439
10490494
5731595
16416018
15728767
11234150
9858104
10907542
14525942
10531944
11607836
17635761
7646547
14479351
13625193
11543457
11623957
16520069
8685667
7741580
5350491
9729259
16339471
8554650
11590950
15208458
13468021
11374251
8886034
11262566
18199983
13383220
8561338
13592365
14679890
14069578
9644934
13130026
13160709
8635535
10441892
14120268
14455471
10233490
11556855
14230560
10943582
13604955
10108783
13754610
10000974
4761972
12506569
8112606
10930034
4510608
9187954
10112428
14479978
12408546
9772595
7434833
17402367
10879788
12697710
9145542
6564678
14266362
15272931
8292102
7897338
10448336
8922684
13903052
8539092
8997319
15073443
9591189
12249548
11837389
18385104
19580902
13210352
15189357
12578494
7414051
18714096
6493834
2344563
12107740
9158046
12082544
9015682
14513384
14551864
9805566
10625645
5280719
13895744
12798987
8244403
9242519
6796235
9057803
17735701
12453297
17174792
8216276
7738536
8707662
9899649
11276111
11619985
7357094
9634029
16426573
8888023
5106179
14260639
13688881
15680272
14617900
10324459
13643538
7690920
10104829
16522031
11613886
12019223
11045596
12903145
14048844
13851336
11328293
10021053
11157481
9241137
12125238
10446258
11234764
6126677
9967025
11009140
10713289
8388881
8827795
5004803
13553124
15958773
9949945
11571567
13512703
15808689
11295604
7111077
13117047
7229748
8783620
11647111
10372917
11963415
14023927
9470345
18621349
9951839
7342679
9851323
10987016
10950523
12385440
5388922
9671766
7476122
11402446
13676344
8284235
8434125
8396700
7789151
8379973
11863714
13251972
13521331
10142090
8949151
1364698
1367841
15661877
11971300
11742091
12089308
12664692
10086654
11486396
5614555
8296571
10617421
15512803
14931192
8023397
11411254
9672137
11994796
13849360
10955578
12659824
13165424
11824190
7046424
10412440
9680664
10674669
9732480
11333674
10644784
14011328
10274212
12791384
6802071
12491323
5782397
13082026
14578388
13709146
7893103
11540274
13426722
12582575
6731534
12089811
7376434
14643779
8397671
14902451
8111020
11084908
10174499
9119136
13373888
8171179
10030719
10897650
19494667
11231941
10526920
7881911
10301176
9558907
14592738
17272417
14532484
7560911
10909962
13092153
7101675
12381337
14194588
13914871
8775506
10491891
10367241
9085471
16402077
10733044
9121700
11713366
6466002
13091385
17394888
5796492
14747353
16105111
16414214
8604841
6318939
8418522
10113099
4541506
5106749
5091619
10016320
10613499
14394741
6154469
10942225
6471961
12616825
10380323
6726957
7076214
9302352
8951613
17121966
4122819
8579244
12473748
7373063
8723269
12274390
7981968
13671532
8936230
5125498
6779543
11365383
6272853
15466320
17616548
6852722
8136844
7938517
10015145
16562939
13289488
10763595
16595196
8125040
14079109
14294412
8913664
9918721
15067457
10795555
9494296
4470022
12291947
10766869
12904835
9190257
12284049
7462796
13994799
8231821
7403318
9040354
10385174
9704717
18601164
6410468
9931662
10588212
10399833
11013599
12267237
10677698
13946626
14534102
10073088
9130938
7819697
11422008
8146735
9113706
8221625
9447594
2624833
12185994
8692441
8284775
12858886
16393762
15551135
9786417
9301152
8079940
9814309
14256490
7913408
14530891
15695974
9342337
18304544
6144677
11127067
15649634
11529237
14456890
8176268
13198470
8766586
10131596
6680966
9101915
9221859
13598929
10253691
9980372
9153461
8572783
10770709
10420152
11117157
13198209
9782300
13128467
13187379
6209503
13714145
8515270
11997332
14604056
13700085
4928627
7917895
8736345
10571709
9560207
12134732
11487152
11397735
13318732
6640101
14785314
10041696
14843447
13322975
11032245
7835112
11241964
6425476
7032543
10601556
8384095
7547887
8289317
17630409
16275931
11954844
13733648
15393830
4026922
9707460
19194607
6150008
9136991
10399430
12872934
9837764
9019233
6557215
8301118
9194945
10888776
15708932
13471341
8227381
13793374
7172167
13779758
6581170
10484394
12661997
12978744
11344313
4446639
11963449
10519051
9690020
10587293
5828780
14877151
13544178
10804531
9587009
13680729
8090964
14243966
16213852
12139949
8908150
9594107
13061933
8354843
9871083
4729703
14488986
8045541
11074839
13644154
12262912
15054943
12044835
12540731
11724169
13797713
15548279
8029921
14253405
10308881
17017335
13602540
7955155
12714019
4751312
13211021
11882100
11749474
10441287
6758169
16340403
12422093
8793024
9961727
14411299
14550496
14267019
13046854
11249658
10128888
12260202
12925481
15076614
15931116
15073789
11484958
11604602
9027237
14832603
9177525
10378195
9893011
14294787
10455003
8897193
13129580
2584922
11845919
9531134
9953821
12051516
7260522
7417354
10909249
12391944
11589257
14352532
13502603
8285476
6385737
12046129
16302983
8113343
17690723
13417437
9541602
9511311
10417922
16638205
12611360
10251622
17208346
8930205
8602425
7354524
14709259
8099268
11324040
12137166
10527140
6368010
14346357
10741004
15743088
9083798
6720130
10015794
11087765
14011974
6942871
10307938
8449474
11185217
7754537
15661003
13714737
10558987
6786081
10791774
6441782
9754536
8085966
10826509
14450396
7527940
14398205
5129472
8591040
14973986
9991012
7680797
7788720
12073649
8561202
8303335
6914048
11158434
7100362
5344530
15242194
16155733
6288233
9972487
10307099
9114021
8069667
14262548
4708709
10901946
12612768
10765932
7187826
10785137
12656048
12989300
12457653
5476596
9470623
10917822
8522784
8520573
6441507
5940496
7979546
10264787
11733503
13854624
13953998
11559838
8797218
17745906
10027420
14922901
10973786
15970691
10639469
9798991
11029360
8037325
16956505
11399243
11539827
10533981
9887269
12028460
10627465
12907234
4550095
13213822
14506123
13381927
6824201
14802189
7960856
7871766
11214523
15598680
9658197
5812117
7970114
10452705
9944743
10986514
14379576
8601544
10586886
8785337
17287694
10240761
7437400
9502769
11602638
9922107
15211513
8944922
9381234
11267951
8839735
13006046
12800950
8993743
8984064
11219042
8007604
9449997
12845082
4746960
8585954
12011596
12639624
6730745
11342850
9043257
6104045
13085551
7812081
8398939
7912988
14217709
9411040
7873858
12152187
11628249
12633408
10180596
9481675
9155533
7111580
11302818
13167804
11420225
11673104
16118544
13096422
15635169
14089410
12415676
4216750
14240088
7815169
15993016
14962215
16354350
17820289
5586575
8427162
16630330
11223837
10450867
11561340
10913099
8152791
14611145
13753667
11104253
20111612
7261273
16925154
10293698
9690353
11710057
7534993
6643669
9124073
8108150
13609807
14339327
11426785
11499635
14454206
10834503
11753735
13500978
6611919
8679735
8373244
7350613
5975125
17131442
14970086
9631425
11693911
13569548
12282594
17022460
10769854
4153117
16409493
12364464
18443543
10147081
12741301
8998051
9523896
11908809
8128794
2878259
12411777
12418541
12074924
6740393
12877899
19899643
11602151
10546397
11347701
12687037
13326812
8167081
11672114
16914386
13095595
8236476
11091282
5697273
8412084
10213337
15821081
9606246
7118467
12174039
10400363
5699946
11346975
11246981
10761743
11927943
11426893
12679911
13920343
11201817
8021426
14572165
11976532
10840220
9987585
9437367
4041258
7755507
8535841
15133772
15371663
11458893
9682610
11641707
15707729
11188623
9643669
10535557
11154603
9088435
11887282
13767667
13531033
10694457
12420607
8137620
6655588
9805999
15318149
9254487
12517405
8294582
15304562
16232140
8960488
7495974
10814136
10213908
8506618
11283815
8128624
15809975
15798366
10153148
11828535
11421282
8546135
9880615
11907427
14312479
10899281
16290630
11247095
11654431
10208402
10543348
14101794
3660968
17736400
12626705
9607822
14398917
13378916
6845146
8486595
9701549
16366729
9567819
4471614
15704560
15719144
11015025
10037904
9380877
13297516
14644840
13268546
6799590
9699228
10443062
12776674
10271134
13292972
7888230
7104848
12302655
13551508
12016493
14146482
11983542
12202851
11171761
6797618
2251484
6808254
8360075
12005592
14010385
5406051
6750011
13434717
12065731
8193216
8425774
12784441
14024146
9550041
10410158
12502716
10173328
13525159
7705807
8438611
21390206
6615967
15363868
7029445
13152380
16755827
6102732
17679406
14552927
9993435
10194719
19920431
5990230
17931321
7148715
13955578
8784418
9036306
9942605
13232618
5966052
9950678
9264959
8715240
10860530
13269648
12491501
11108634
9623663
11485724
11477996
8717636
11386130
13250887
9862114
18636759
14190138
5288014
8573490
13240878
11526210
16856659
11740453
11900986
11027858
11747780
12269801
9143184
8519145
14649298
7423391
16337963
11831567
12685571
16518352
6967451
8639880
10715794
9879516
7068065
7349765
9634697
14818852
9375102
11174742
6550757
7444376
8603582
10991245
10185371
8011379
11130233
6926703
6767417
6699707
15909669
15892361
13607160
10706943
10831242
10447352
12021407
17033401
12242165
8050195
7848661
12186974
11108559
11908460
13491904
20261270
10892684
8286329
6249924
12359828
14597859
16514354
13413171
7398996
9929064
10859808
4103479
6449933
10146649
10961820
8042249
7906163
11038886
2402235
14391390
10377480
19779969
12769261
8322447
15624851
11330163
10766515
10231214
12449780
10832014
12307818
17068478
12479858
9684229
8007692
10424040
10086761
14947150
12098709
11077716
8459362
11590871
9058224
7101923
7637514
10441413
18128336
11602521
10333466
11181654
16057438
14354848
9046553
12363979
13854324
11891308
20080840
13586427
14527348
14014511
10006359
3420846
13762672
11214726
8165124
10049984
8771481
11196859
16863473
12880069
9194613
10212648
8534945
14060161
8891176
6256152
10105563
9101332
10004211
12541268
13901708
11195478
11981176
8142665
14066137
16311834
8241045
14373162
17804235
11760462
13144005
5539168
16364876
3868240
13810124
9708350
14551498
9387505
8096691
10826438
11505292
8812085
10974145
8713539
13451907
6572179
14290081
8564858
10971098
3565955
11449724
6345534
9569050
10958568
7768341
10607557
11613026
15187189
10197806
12264648
12955319
12671911
6652309
10813030
14735888
9629009
17759249
6824174
14583254
10716291
12181371
17026195
10648892
16477135
12430389
12770026
8697234
8526401
8304339
8479064
11674669
13718073
11782803
14927226
11193956
9129412
8343765
15274876
8633182
14603450
11748513
9046360
4708561
15581468
12831458
12229637
6939651
19609145
13698424
7162716
6454165
9567074
15594724
14698844
14727535
9384343
10065120
13537138
13443550
9609012
8758043
11575108
9075969
6916847
11542076
10845715
8282074
14503204
12892531
7575042
11627883
8294142
11952849
12906962
6838944
11131546
12375870
15879230
15567240
7656419
5956469
15190233
10530655
14235922
14763850
7143852
18268481
9569982
8144581
14252638
19087311
3668645
11028916
13072305
9317417
10367589
7027594
12991087
11346630
12968900
8940936
13931998
7269804
11691023
12603893
16097140
11970263
8291228
13154427
9670347
4190155
16286140
7643814
9994270
12714650
6623489
12539831
9804644
12436018
8231467
12560405
16876617
15136943
10079752
9395707
13785369
11255815
6487932
12558658
13396789
11961040
9246150
6583152
14125515
16248961
11252055
6451633
13196877
7192320
7865569
11922653
12375715
17152229
10397370
14743455
9717909
9222101
10506030
15181168
17318188
8839659
9596398
8417170
9234792
10968853
17013629
12332221
11184045
12700530
3943189
8898644
12009654
15453631
9982861
11458790
15722606
13316249
15641093
18994254
7784422
9398084
9507891
9630234
14346084
9093046
12225782
11528937
8590865
8334965
16206634
5433911
13383659
11353918
12245948
13868360
9828071
10788456
11075097
14765738
9647888
7068110
9544652
11192552
9644611
6684708
15914911
12256354
13603818
13487133
5260124
11141113
6897483
10285458
15531046
13707005
13296017
14263599
13391349
12996817
10315235
5695281
15287407
11378644
13695085
11288815
7331388
10685247
8249591
8768941
17467080
9995746
14461338
10244568
7793787
4752801
3801853
12947686
9136367
11701877
14111908
6453410
8185245
10165712
4767288
17317529
13223792
14658879
8433162
5877608
10138212
13505098
5630086
13286549
6652417
12223137
8130737
8492827
11562603
10074592
5714465
11593437
13881939
14511182
9675533
11941757
13342109
3695744
17921126
13614117
8499021
13985109
14612970
5876457
12628796
16798832
14316854
12746022
4441547
8297962
11608637
13902997
11404973
9257122
15606887
7519471
11139557
8047947
12950021
10220636
8794934
13333313
13331753
14264037
12785762
13964609
9625158
11498033
14391759
10334361
7254656
15898992
12744186
5301486
14366325
11881087
17755211
9076984
7122517
19009509
9625282
7504875
9829478
13270668
12354445
19529655
6890895
13847609
16871410
11531141
12208065
13226492
8625422
7410685
15018613
9977297
11031937
9392965
13358904
7984672
9074178
12402708
12684539
10413713
9872160
10999051
14824890
13864729
5413673
8040210
10137182
5687063
10411021
5922821
13749842
10604340
13976634
13077721
10784042
9797877
7656474
13156857
6064834
9719782
10288029
10724407
9820386
8281701
6514744
11045978
13579331
8213970
11827104
9553486
12761767
9280871
14723528
8635599
11773805
14308208
12315709
8838298
6517682
13096593
10777434
7864152
11345323
10088126
6800373
15293511
11128379
8085312
5698984
12456448
5167358
12989147
7148544
12341273
9908954
7185511
5516379
5040763
15489575
11949651
15464954
10379257
7755707
14037026
12614452
15407956
6461909
14216093
10403539
13135579
14500787
17282320
9626362
9033627
17239574
11844560
12835981
11749396
13099665
10008441
5754761
13758394
10739351
5974827
15457352
15810968
13861397
8281345
10566813
5471143
14072391
13643569
16522325
11258260
13174010
12607107
16450399
14205478
14257370
5596639
8607734
12524796
11035520
9777362
14322245
8264130
14777981
8609819
11354286
12221230
9724171
12620085
9780696
16032227
8657888
7555510
11700451
10587231
8417111
13621532
13047458
12224850
8203980
9815519
13651240
13297549
17082955
14848888
16645648
7343178
10851794
11319480
19286954
10678176
7336783
12250639
8402133
13845805
8558637
8940371
15538809
13192906
16205488
12611496
12097952
13832354
10347049
16681886
11722096
8964091
4332404
16394811
11396383
8714332
9729640
9935953
9440680
17915849
7429327
12811073
7436120
14197850
8974126
12243971
9442141
9722266
9298779
9314107
10422152
17568746
12026568
9653752
9381416
16809227
5733732
8330965
8670085
13428542
4349602
13387887
8090837
9266855
13281963
13487493
11938216
19756621
11756938
14888966
5135808
11130245
11643970
10877267
16388086
10401489
10384854
6316061
6909343
16579955
8607525
12771217
6979612
5800086
15768851
8658340
10463634
10563594
14196909
10801797
8067220
6252927
10737538
10742807
10132702
9913054
5689140
7355713
11671416
15701342
10998718
14110825
11598363
9627727
7332123
10710157
10809626
8653465
12867703
8176077
6833169
12845022
10691114
8040324
7249843
8444210
14968073
14058046
8128554
10740415
13581561
10668740
15419196
7897558
6983315
14119173
8253071
6437139
12982695
6721484
13315045
14954381
9975046
10692893
8201845
13480465
8340763
9707787
15138964
8095526
14328066
8153576
13657631
8519133
11450737
14762713
4945769
11373880
16105950
5720448
19512403
12846893
7424966
18095646
3521189
9353791
8667442
12624717
8204828
10685569
9606847
7990963
12082618
14025202
11406937
14363315
7871959
9709782
5790271
13492019
12048093
16394122
6343994
7872819
9728100
12359274
15642017
4937281
11893129
12873212
11031672
12110171
7108576
17501198
8963460
12079239
16142298
11307012
9721264
8990579
9426367
14295948
11414789
8534302
12726395
11872484
8827601
10462390
11109038
6398141
11798647
8714729
10149856
11785831
11391572
10411183
6156772
9291926
13864311
7810395
10270752
9173515
16642767
9493588
13388876
10588987
11381626
4050880
10351233
9776080
14408564
10242572
7247074
7487595
10590395
9681722
10379164
7267148
11505484
15596339
16474751
14448669
8019579
13976660
12580128
8288249
7992220
8596828
11695331
10021289
10911983
8220205
12702883
12803895
9121853
5447973
15544786
12122806
8969213
11086732
4513081
13705869
15961032
11184145
13533174
8795277
11997777
11097942
8650536
15902486
13288463
13405866
14150128
10363666
7041535
10781619
11405472
13698168
12521818
8630646
12125661
5678000
6400541
17516181
7941732
8231209
8461790
14160702
11784466
6518652
12784228
8540614
6325025
12061341
11736696
11385817
10714614
14793696
10735033
11955594
11294309
10743334
12197472
10733191
10702373
9786795
13917934
15591574
10770189
8027952
10885116
8580356
9985539
10907359
8105337
14803876
7242232
8268459
11103230
10431787
9105134
5669178
17648212
12519850
15589647
18568053
15492904
8537134
11675977
12724582
9566951
8354176
7850606
14141618
6761547
10302540
11448387
16426746
10557347
6652706
9180290
5294697
15856846
10827187
8826419
12808310
4149747
8737200
18497603
10444595
11215962
9796128
5403347
13827638
11295059
7679850
16945236
13039042
15919739
14097374
7109620
17698433
11719865
9581443
8195246
9752721
14243688
11796743
13189462
12447598
13790767
9783545
11088109
11134479
10369384
11754884
9125974
16478583
14654888
11153066
11920039
11006335
6993996
9741511
11795929
13147401
11862721
8782071
13608831
15230075
11654294
11178178
9720772
10692185
8371655
12129242
9383070
14124187
13868561
14305375
5957744
13273284
8252906
13687290
18265535
11078254
10750060
6935863
4619553
15748812
8244964
15251321
16449120
13501099
9391592
17488925
11857919
12209802
10248452
16122621
12739505
12766304
18417332
13358253
17091536
6068796
9439371
13939308
9478002
14451539
17831863
6406272
9005835
7356215
9864582
9921659
9337630
12363496
8011740
10368577
15644713
12314207
13390385
11636556
14342608
3525731
9232342
12320462
11067645
10484892
12800060
7397590
14121450
14110981
10918908
15567210
7090499
9722567
17524023
5728663
15319642
14369273
12533253
6938696
12097250
7570228
12921082
13069059
3921634
17871594
16617298
10479724
12370502
12861951
12071834
7386282
11212344
13916466
3671443
9092616
10561166
6324895
13912186
16921309
11455945
18498837
11642360
11810998
10227667
9905631
15418194
6617868
6172634
14508905
10366075
15056093
18212042
6273787
4147456
7212241
13572699
11741878
14694155
13122600
11715792
12765104
15108462
10365746
12730415
8755442
5377106
9474278
8361276
12068201
6963359
13046618
13715019
12570638
7767391
5857538
11322263
7512228
9955988
6261788
8783724
4127539
9887228
15655383
8600979
12165140
4831726
11778479
8762954
4713557
12135446
5170363
10833219
12126373
10365653
7583226
11768508
9514754
11534505
12955668
10253656
10267913
13578419
11500648
15367449
9771488
16567857
16467938
11497516
13327913
19940451
16654176
10786151
8991437
4501749
11418063
5324755
12220254
11465529
13719173
8878426
11546811
10606818
6745131
13017299
11621386
9775905
14089690
7974042
7722897
13320157
10745145
12510011
10398429
10024973
9543232
9809597
6493490
10267797
8328645
14141741
8467548
9483432
9010528
10090987
10419011
6764887
12576830
8987396
11299430
9131489
12121430
12781067
11070990
14646939
10463755
8874136
8334829
11113531
10451619
3935750
12552839
9363946
6638223
13627713
13045376
9420854
11074867
6492946
11260995
8281668
14899508
12684532
15044654
12972808
10211537
11531070
10217920
7091385
17602465
10462188
6421386
6856127
6124930
13955600
11023327
12230938
9967681
10566089
16030815
7175993
3795559
12156397
14722035
12413179
12055417
10253399
14418907
14898808
11560859
13175034
11848442
8995674
10975269
17132406
15015634
16000143
14960836
11370197
11890552
3380794
13405309
3869088
12359307
7556410
6439207
10691283
14914756
12707104
12473587
11848525
8698173
10969337
10781962
14343680
7452791
17001735
9182254
8745760
9155992
7292438
14573102
6277977
11995626
8427745
10740299
8838592
10452504
12339418
11478962
14993561
12664471
5979857
13277562
12494740
12784000
11311572
12353361
8772872
4572657
9398335
8447990
9839080
13129236
7325632
9623807
12948289
11667612
9121661
9324312
14150725
13502045
14120804
9351410
10399965
12572095
9152195
19452203
12089154
11032248
13389290
8717241
10779682
12882247
10671776
10132440
12178447
8683449
10549413
11622107
14191903
10359096
14016659
13198161
13572081
10894966
13935343
3989686
8713670
9598117
9299643
7394182
14833819
16105180
15502542
13763268
11137525
9158299
11003630
11334125
14412636
10612239
5039369
7849932
9436506
6972821
12892049
10855621
14122044
5951895
8465981
10162923
11980849
8340065
14318334
13452215
13144115
11133250
7303462
13045510
18404134
13308658
7015954
7227667
4781433
16923487
11275925
12864475
11253590
8622656
13014634
13646469
13117211
6318577
12181788
18373334
10985513
8441636
15338370
11210933
9071804
13228469
11839457
8827891
13853509
6681394
6526239
12807485
12702865
5911347
17085341
3469980
7949985
6721762
15672751
14767032
8979872
14993473
14641286
8493772
16462999
11336636
9411564
9415867
13324777
12254343
4442482
14554277
4722713
7915505
3582227
12704255
9168856
10118186
13093297
15847518
5820576
11126478
13804022
6903244
11269385
13251476
13212007
12708875
8213664
9711709
9476802
7555827
7814365
9221447
8939985
5647815
12988316
19708159
10668998
8477427
12397149
6581440
11365246
11168803
9505311
14855182
8916605
9594691
18574556
7444885
14433659
6088842
11896743
7027936
15867547
8370718
8792271
15629846
9870889
16647674
9626477
6582752
7072823
14233782
7228031
8517967
10386968
9515596
11348410
10171952
9568474
6933219
7312565
11643917
10374389
11138384
15048852
7470422
11774438
13530065
10137120
12508600
14485481
11956056
14480760
11960828
7028338
8437938
12194742
11763576
10392770
7948418
7450268
15822898
11004483
7920540
6053678
13982721
12952672
8380263
18895829
5955440
6255721
9133080
15147234
11135164
3089933
13629304
9711473
13658555
8210739
14381842
12988813
13062708
6824790
10478621
13040332
15602524
10938724
10011051
10219257
12907114
12568981
16457489
13790826
11981180
4174353
16383116
13530007
12248287
11652423
12102781
14875280
13511116
17176094
9041532
4066000
11972522
9279907
14533248
14923154
13061582
7369918
10896124
12480625
9474026
12644435
10798857
10646717
12432658
8555421
11305259
10460557
11355939
8904145
9032500
8266657
9358269
15751786
9972265
12113907
12002780
12765461
10339301
8028564
13692425
10025079
7029987
9107885
11607462
14033560
10415126
16465002
11480014
8872587
9926757
7828750
10254108
9055709
8725670
16842771
7575785
10330314
9131042
5074204
13939771
6211906
10002603
16124155
6019202
12357411
9872953
7541300
13070203
12960634
12293338
9951750
15708359
7670529
10891757
8621571
11890290
14601555
5398417
6913382
7982051
12954041
12127059
7885397
8510668
13318818
5073876
8242275
9797065
13726182
6091482
14574878
11592844
9135324
7822425
7364688
8474539
10684407
10861984
7897882
12860830
9216997
13422607
5890694
15806058
11845490
10521537
13487931
14959675
9380848
7610685
9012177
10431738
12577883
9316366
5994129
7776039
6136182
12608764
14057497
12002377
12114520
4686495
9565276
15190060
14501343
13669566
12554445
11422821
9982971
14564885
9970401
11976947
13817522
6134801
13898954
4588182
11075305
7905303
9980848
2123250
16630470
20370348
11024864
13869912
7780772
8858006
15830711
13797773
12861697
13748910
8799664
14131476
12000418
5004292
8420693
17805373
9310842
10517181
12901885
19283425
13050036
13617881
6487995
16671336
16951236
15225922
16537567
6355000
3291622
10632255
11372074
8980014
6821303
10390113
6536705
15402921
10825066
8106366
10569354
16646674
8179094
7290484
8604130
15785899
11118018
6391912
9451053
13282789
11052974
5436498
13275953
11911754
11345541
11213164
7718038
14830086
9443375
12817773
17784972
13686382
10843503
14745837
10556128
7389628
8892042
7869133
9077329
11190708
7141447
7297311
12642989
6465631
4981464
12724731
14587506
8935330
9475601
10687116
8138099
10913837
9727639
13806769
14713305
10101914
10771567
14404468
8740586
8231688
13373617
14236602
12349474
9319463
14043571
16366013
10600405
11612684
11592302
9068656
17437926
17395693
13535111
15407083
10282297
10149947
14974631
8962478
14314346
11610185
9618428
15030622
8916418
5411251
9300859
11121010
13853788
9149803
15160548
9970893
11396166
14207182
8472571
13384971
17936626
9755071
17229688
9678210
14116908
12412895
13808349
14365644
9679658
8503114
11975754
6720310
10129122
6094826
16088119
11343627
13539430
8655534
18886237
13915172
8312596
10031159
12560742
8780138
7348746
13375840
12741118
13335516
9817854
9703001
9060269
11993823
13406577
6902167
10506266
11306728
12192321
13072080
15527392
8544788
13691454
12268322
6648662
13263952
16881807
6513086
12785057
9244482
11154643
12505801
6715175
19720173
16150392
8549290
10312798
11414119
9436555
12271408
10944611
13679799
8131330
14515038
14058357
10085781
9531809
17895270
15281764
9255278
13987934
8533910
14155123
17479466
11644724
12986647
12327795
8656081
15470500
15346329
10164276
10940740
11725875
14711119
5971462
6593426
13157808
11662955
11335991
8317005
10447010
9257613
9631050
8938987
5660219
12454677
13963827
10054381
17762735
11070009
19674110
13242865
9559865
10180657
12410454
12623823
9627155
7307915
11238865
11954784
16207445
6895582
12487188
17309006
11992923
9793332
14250964
6222681
14115569
19647299
8904322
12325762
11586211
9709170
7962901
11643158
13980246
5944179
11964504
11127460
13589702
6634593
6282075
7887001
12113941
15843145
9601297
14387438
6162353
5058999
11239827
8840597
16705431
13902119
16676512
7724223
6501506
14891474
8042777
9769314
8670045
7041709
15034859
11172500
13064579
7801217
12415409
6279431
6264568
13949503
14037680
7915470
10107712
12384301
9496701
5728533
11579235
9545804
9096909
8299121
5561334
6856193
13033683
16865124
12526118
8716391
12756045
10905366
5962805
7303625
11374654
10136937
12049712
6507473
8046164
14782452
9462659
7172586
14479077
7663520
10238258
14765754
14331693
7393301
4239487
12321958
13141599
8699618
11186315
11022433
4329399
5197690
17252991
17262042
8940258
15221573
6331438
12999851
9714403
10030139
10649084
8924073
13380836
16144621
9268468
4311481
8339137
11249291
15893610
10382205
4316655
4976751
12810109
16284049
11514820
9931122
11085691
8682698
8860061
12510354
12922520
11234150
4147405
9796328
10529572
10066176
15557371
9096653
12547752
10724196
8639825
11307543
12556575
12122901
15055940
12742775
11359025
7516265
10009704
4678162
15624147
12864347
7004031
11854480
8507704
9836019
17265162
15198716
12574189
6370750
3055960
7502072
7149092
5594172
17841378
10690260
15899926
15702591
11368277
8277243
14022231
11381749
14332663
10450650
13082464
4740865
3834165
11757666
10157646
10916382
8513075
13181226
7803577
17874266
7550009
15004266
13829960
13091834
8861647
12097488
15445268
12175510
8909072
4935703
10465014
12280735
8533334
9534051
9209569
13965969
12981575
13831675
10736341
9891174
16540738
13560486
13560902
3033298
10233221
8899940
13136046
11178756
13874653
15618186
10631683
13606909
8200198
10060534
13353420
6244592
11166170
11834532
9342781
7940631
12395531
15006796
14210796
12705254
15715905
9613013
11411512
5730472
12848525
10381785
12656263
12706854
14965444
9762931
11784138
8913958
12634559
8164472
9637931
7724808
8587227
5320444
13087409
9790583
8678137
14726731
8475251
14696789
16851474
7078476
14880313
11507921
5432431
11290020
14715958
13075803
16081323
2756156
11894567
8682823
4777679
13195752
11487650
13568529
15704296
14174466
5998787
12529778
10759987
6434739
8709024
15461016
10970584
10432811
14959716
12398334
12769353
15054286
13378348
9904320
8557188
12685623
17557210
8068613
9170190
10405867
7103005
14175266
8925576
17545710
11610862
11880208
7720130
12644322
10519818
5861836
14825590
7133666
7253744
8015612
10066741
9763809
6087776
11412674
9158819
6560795
9933596
13659751
15378117
13811502
3781011
11041753
5985506
11221562
6497693
9695583
13006900
10964312
10302657
11105056
12427205
9846313
10830488
14378072
7623835
11176951
8409582
12704384
11241129
11927547
10593114
11500365
13250303
10718666
16415779
8721038
19650723
12578659
8104134
7833391
7529443
7493672
17283748
7340440
7349574
8330666
7520269
9399731
12101279
10853691
10196503
12026713
7133249
11318080
11402622
13255798
11015318
10408639
10579824
10731654
20742178
16563973
11394137
16444715
9694789
6500586
10106316
8160287
10453648
6520745
7358569
13997391
9229159
8656475
13170283
9609839
15266357
11307928
10663436
11707445
10698437
5736324
9091338
13079885
10379715
8535111
8849141
10501327
8402750
7716094
12808153
17499825
8529244
17416575
6569443
9764096
9193458
14188334
8355426
7770922
12191979
10182218
13464753
8163099
13295977
14695305
8713415
8457409
13544054
8876732
8676531
10388134
14642594
13902987
13229483
12319458
8390646
12131167
12556278
15734105
9809256
12657986
10334728
13891432
7118794
8734894
6623644
11148091
14903670
14584586
10492194
4859546
11939792
16403164
14809506
14727000
15618288
11349387
11901985
15572445
14822406
14095000
11517781
7639621
18253835
10609371
8969615
15709989
15186531
11080291
12953424
7353819
14132440
12996439
13145291
4748251
8112913
15243283
11347750
10892881
12723786
8710728
4421191
6354832
16923041
11107129
7575351
12259615
11490023
12824044
10507994
15788149
16008367
17745975
10457809
12546349
15421132
10901686
8997554
6311893
14384469
8399007
10634392
10208860
14207909
10160979
9122950
15858012
13829551
16452167
9461220
13850756
10697986
17100470
5530141
7843660
10016662
6882269
5930822
14664500
16014677
9337547
10657158
13136178
12947162
7380848
6947569
11140838
12578294
10467586
10524433
14051325
8949285
12171176
10701242
8305486
8926945
10631571
4028942
11592129
4512419
8149077
10056207
11032156
10660910
17514115
6846446
10515047
14686852
12542444
8409741
16584803
16978024
6443803
11550917
12897150
12783618
6505476
1235199
11888723
9403691
12404274
14140763
12058424
12305561
12768063
9552641
10300341
7489965
3610271
13916512
11774065
7269325
11526071
11865588
7803938
11714521
12572116
9829110
7825617
11331080
7936376
12608336
10515051
9743888
14371118
7100577
12491790
14941941
10077925
16937756
8037537
2852128
4073956
10380196
11094895
12034018
8993776
14519140
12301594
13303870
9764804
17501863
8944562
11782342
15157336
13176962
7446480
12231773
10187049
10984008
15743763
12308200
13711227
12466578
13042235
19578549
8213976
14725387
10977723
12002044
10131314
12657955
5165191
12741596
12485712
13583881
11978505
15351640
13238388
10224987
7445739
11340053
7030639
6971247
14033034
5097556
15036694
10901563
9340849
12808777
13165612
5525119
15404796
14132969
12778361
8080839
12309532
12973443
11842204
17576762
9151426
8810703
11681098
13516796
10253293
10833796
8263020
13920457
12773546
13388461
15645407
11882114
9667782
6886598
19030267
7130507
6657584
13394038
12589642
8430815
13709545
10740943
16526928
8440191
11513941
11782837
8027526
8689606
13118665
10840197
9077437
15843016
9910228
10183013
10738733
4535025
15511740
12319488
13109181
13823687
7438639
11963001
7246374
12817392
11421424
10474572
2592222
16752379
11893024
11570312
7833923
9414565
11621442
9944077
9547139
9903088
14793772
13575755
6858272
7392303
7849663
8834912
8770462
15622288
6662712
14759182
11227166
11119306
12967528
13490958
9231599
8623528
16435011
12929838
10806179
13335148
6003901
9848206
11079546
9768445
10400302
6305338
4371692
5684015
17275633
16902590
11919453
16724487
10981688
11000758
12077058
17790246
8956068
8013882
11798447
6310468
13132165
19715479
15406750
14073901
7483147
7875252
6217553
11991691
10718746
8562507
9309497
16098001
12284322
12051730
14334828
7157676
8394171
10406407
10616609
13653240
8924535
18541178
16443841
12692865
11243886
11044188
6974629
9605112
10915190
13030360
6803169
16546565
14125002
9629141
10355111
13011127
12979985
10609561
10359344
16617931
9957843
12357575
15603882
17095306
18262786
10197595
5564852
8400183
15328976
12800961
15572958
10182032
11943509
15710110
12376375
6031866
12274021
11646455
10988544
9165559
8481999
5300065
10444741
13268273
10982322
11101347
7085792
13551556
6993070
20278852
12601792
15312909
5756073
10829950
9770456
16171159
14792334
12811424
14097910
12740733
8032822
11052753
16944425
9551201
10589510
10965319
15590622
15967323
6345419
14353180
14254155
13371619
13434325
8770380
13605652
15695252
13939523
16352388
8795244
9832355
5963689
13059846
5923992
11781431
7319055
10140213
10173844
9542312
5931693
11782295
7809902
10898412
10838410
9210329
13629291
10326387
11563523
11886477
15544660
13362092
9589504
11431288
13576632
9797182
6464779
12796508
11644870
13323249
12603441
10325819
10396095
6269901
14121614
7775971
15424562
10806354
10139388
9039998
14587554
9749869
13484081
8807663
7397101
10132344
5998785
6194391
7480680
17223449
14024486
11953531
16002018
8163671
13615522
13826424
8138084
9688210
13416463
8505603
4694665
6615623
7993205
11038276
5006024
14042367
11764783
10623811
14386348
13633985
14683963
11952519
10317273
5008557
12920525
14596706
8696881
15682029
4560618
14534567
10295590
11445517
9508014
7440530
8599827
11988017
12195789
13430348
6766426
7119083
15548588
15075019
15393419
6364799
10750411
8079136
18303049
6791844
13381669
11029482
6471179
10088800
9265501
10780622
15587317
16093263
12403530
6367892
7651455
5675053
13168585
10571816
8286380
14178526
11074662
9661400
20452139
7454652
8150851
14070645
1630940
6343251
8431798
12135790
8789276
12571896
12400057
14141932
14752195
10356515
11652714
16008135
13100272
14881482
11940452
13433905
14044144
12126678
9159319
7801959
5976950
11069506
9143453
9140686
13734003
10529270
10435887
8660453
11036003
6036802
12797599
12206288
11035831
10664920
13338787
2292943
9193801
9506093
13979059
9551332
11942090
8549784
10428829
8329055
10944470
10816712
7237092
11624551
9245782
11764613
13989593
11291067
9674788
9132156
7579355
10044839
15291491
4807353
11564367
11945393
10584200
12960649
17097193
12206879
10684826
11486057
13213270
16436064
13240647
8303599
12295281
13724973
12829339
9041087
10489474
16948979
13763694
8155145
4986980
12055798
12336691
2730146
10241804
7877020
7685220
13670050
11171747
7295363
9396493
10072542
10091532
10172429
12883288
9675277
12191185
3524674
11616607
9959941
12819553
10480715
15016301
9802672
11877722
14313500
13496012
9925917
10831074
7534362
9567725
12554323
11020364
11174166
10223667
8306556
11996844
13048407
9865778
15075933
11838995
10229033
12576564
11073358
12924785
13020303
11711363
11515290
17256241
6786977
13780879
19416650
13154045
6246206
9754996
9846174
12642721
10336108
10708994
10712688
8548421
10721507
7614151
8116346
11345037
13266737
12258307
13746908
10496029
13379295
10727151
17534071
11493834
6229865
8669382
10845576
9508638
14360587
12395975
10417241
12972041
9033980
6949914
12966249
13060992
13485641
14727790
14525285
11124190
8244620
11244050
12416301
12010305
12222670
8609881
16077816
13980923
10960266
10639478
13061890
9403106
8231400
14871488
8853266
13768005
15796574
8400598
15435059
11925915
11431996
8203454
21133479
8959621
6874331
10562798
8742443
9566207
7805077
14953635
8804180
6964465
6992253
11624543
15225286
11784824
9888603
7939434
16274288
13353267
12676805
8685441
6674133
11598707
10257244
16390878
2447280
8583402
11260031
12926011
13504733
10043716
9053436
13240629
16351890
7983252
6063594
11511442
10852124
8469887
16177836
9858518
11813117
10299424
6096812
10726697
10654709
13179943
10516355
14935684
10584200
10761511
11066810
8753115
9586505
3424279
13503607
9329668
8683647
17705458
11893258
11200394
11558978
7957498
7112873
10066849
6729158
11290956
7896362
10900181
9378792
11852811
8640968
7502404
7235512
14074060
13549309
9288084
10834607
14124798
10548270
5357731
13828249
6689429
9148625
11295635
8407292
11603596
14481495
10601982
10286027
11713382
17729705
9024730
9848823
11942142
12631730
11814614
10398400
10030890
6505246
9365001
8190107
11463926
18491468
16809127
6117882
14776560
14183856
15069069
7591785
17659196
13459089
14777695
16495909
9923572
10198991
11447492
8558329
14821728
10431694
10399193
10522610
12644724
7855600
15811817
5340537
8439654
6794367
8304070
13431770
14478979
11298491
6342663
6984713
9648910
7177475
10329407
12677748
13450546
7949099
10247990
9035955
10567933
12099814
8447171
12889927
6895033
10309760
15497850
10688748
11469556
16691283
9481084
8662345
10524957
8317653
13048567
7729303
6489702
9668094
14471709
13211838
11565847
14558104
7104670
11235745
7278548
13169614
12611035
16185451
12547735
11805953
6661476
9453304
12378461
9802672
10498395
11748175
12947678
9997705
6598475
8195068
13787355
6770486
9859101
13413981
11996056
8183181
9308772
10608553
14139968
9206971
11198759
16110300
10138608
16185799
10412633
12463193
12927846
12628911
15732592
12148002
16099408
15217659
10057236
7974546
16232250
10122816
10895475
13313125
15504879
13485419
10123010
6913563
18565955
7676146
9990036
8944956
14409091
13220720
12743988
14329324
12457193
10639037
16474859
10039588
6368217
6303007
11467591
11910009
11189004
14017595
19430772
13944138
14312907
14662300
11737426
14376047
13054023
7603610
12251909
14788131
13840439
7338313
15597340
12483296
13012712
14239693
15113559
12592455
9687139
8751075
9025152
12591643
10629072
12798966
9164003
10189495
7244534
12418753
11240622
13750130
15876992
12884391
17203614
12846288
12711706
9466099
10438448
8355477
6460644
13184557
11805636
5681975
6813519
9225025
11082708
11827958
12150603
9381328
12663498
16333763
12363639
14542182
6227847
6594563
17509070
9735840
13066451
9486256
9911130
12967612
16085919
17001503
8580273
14675990
12976797
8887898
16713035
14018309
9848870
16096225
15882709
15224046
8025081
12032574
7586008
8363104
14503304
13999909
9617492
16000667
9762832
9285158
5013209
10771493
7181357
9725746
17608542
10683336
14355780
7418852
10295551
10862022
3360092
8152251
12323728
15006854
7052616
5515027
5727252
13910469
11888373
15434687
11445856
11304845
16194391
14505185
5166032
11090491
11876245
8035172
7991456
15430527
8258735
7896286
14974870
12272055
10827766
13519473
7812529
8012797
7348532
9329426
8349471
12452946
15538462
12493148
9554049
13086362
7190445
6829256
8226436
11000080
7830090
9402385
13139503
10506267
11922472
6054994
3785037
15472182
15532677
12057968
8699176
9899457
8475486
11075911
7905872
7916433
5132673
7022179
15598824
12070856
10346726
15236850
9040232
12578068
5788492
8923047
6260820
8792755
7322397
14794106
18080082
3690190
13471455
5900536
11071448
11114685
19101777
9088028
11490955
8393109
12096920
17739861
10432835
17111099
11727995
15118075
7586109
13349137
8917532
9302666
10504550
6603899
7592502
9960965
15259556
11534953
8081807
6873497
6322648
15119847
10985822
17437045
14304034
8034244
12891829
6462968
12433998
17289615
7590423
7553678
5646558
9667707
10572350
9264865
15864568
8648889
16581142
14543104
9398366
7011497
11823203
13323546
9036199
9460507
15988249
4459083
9296931
18003410
10718785
13311525
5893985
7203049
6825563
7247321
8799389
11284211
9551619
11524265
13915376
10231035
4606516
12198085
11710300
12933069
10433396
10522743
11120357
15827492
10699783
14053737
9151575
13871768
15186114
8198022
7216407
10086524
17426150
10612213
9176049
9956060
7618848
12547767
10309423
16170497
7880456
4877315
8875284
14041927
17893105
12946531
4406844
9836512
12814150
17462442
5813508
9421599
12502658
7888714
9479460
13991050
16118754
9511486
4927008
17291212
9702674
13518803
13722228
12106123
10118803
5467433
14283995
14943608
10655321
8047966
12777776
15398779
8544899
12998449
10316692
16158210
6950343
7624329
15541095
5974594
9013006
10162129
16055299
17267779
11831469
11115852
7021300
15658869
12339978
11627065
8847882
7659713
13008702
12901487
10593910
11946719
5681115
13580301
16562507
9810222
10757580
10826474
6400008
5966866
16084876
11896743
11047267
14510207
9859194
12147988
9529282
12023559
11295339
11216791
7667729
16719450
13034906
12637163
7597624
11871634
12155631
13613400
3768666
15392779
9060416
6165307
12320578
6388119
12266041
11891070
10244486
8019727
15556266
14032443
14090049
10666598
6121947
11866743
10249088
13880808
10732701
11932151
12242316
8842647
7566723
11176097
14498437
15000110
8654353
6757456
8999307
6442632
9758485
12803676
8793096
10490171
10455983
14282498
11077754
13052604
4078668
10785653
8319145
16227409
7651529
12270868
7062560
5878996
13012367
4686587
6968780
10904621
3526624
10118392
9331246
10337720
10383281
13551570
9266266
5828082
6637819
18233902
8933618
13487755
9904859
12314527
15893561
14254269
13261588
16522648
5634174
16775917
9077939
6129448
12505606
7932896
8144592
8774046
6947068
8339545
7451522
11208560
9741084
14473102
13277709
11161726
9646233
7994215
14538526
13640807
14462068
14222992
13328950
9993236
8170010
5710703
7385029
14507246
11653250
5570836
10706009
10851869
7315296
8361949
14409424
11527049
5899469
6047293
7504346
17963070
7433826
11586226
6359193
13239889
14341109
15175481
7244022
11126067
18800954
4607845
14585558
11347969
12552330
14326677
8701046
14660960
8723466
12733813
9930422
12434695
16528673
8414246
18088961
6752134
12019127
18732524
9819518
8340859
9879315
5095520
10681383
12850316
10776307
9115581
11225133
6330078
9026078
12249889
10842908
7917239
10397593
9086122
8706296
6601748
9973420
15861824
10189443
8396996
12277417
11725098
13027941
14157468
10833029
11798307
12264446
12817602
14301455
12700086
11154301
12263861
10646174
15893651
10720210
12078749
9648571
10355234
12500552
9446641
7472559
11400658
15718374
12554418
4567723
16086021
10263236
9535923
11331419
8789602
8662667
13025389
8124600
5962316
7113567
10975716
12921163
12915662
13496241
10343635
11357274
13623934
9934031
7749648
11826774
6162033
8561313
11919469
18605820
16008569
13688657
9385366
12299544
15304367
10369392
14243884
16376473
8700967
14881810
9592475
11566925
7532725
9396707
10277421
13116297
18572108
15862407
7953831
10002883
7787203
4314260
18515235
13114531
12271526
12203004
8493220
11621790
12239706
7441787
11337347
6726700
6621142
11572898
13940018
9489541
15806834
9090842
7905471
15742028
7678747
14063664
11587224
9842463
7526428
14706002
13059710
9386474
10229855
15466686
16459937
8196626
9522967
8966508
10765965
7406421
3477307
19310743
8638357
16420814
13406325
9261486
16959401
19044783
8275466
12555309
8409349
5585451
12434619
11709506
9611849
9692339
11034068
13671430
16671920
13392407
14222178
7181939
14330959
10697312
18242081
7693853
13327143
12854308
15878712
10627287
12438841
12302376
4690181
14251117
9279377
7937123
15623909
7672777
12587886
11982675
9755660
14354880
13948088
14521825
15650474
10508704
12053533
10874394
7906969
12946352
14128535
5681836
13105610
20728422
14009212
13178108
13487079
3670740
6161630
7499089
10174808
9767174
9235976
12584565
14906639
6649290
12512077
7752247
8264274
14906340
12608510
12940168
5927758
6467828
11523010
8242851
8349677
9470844
13856564
14982491
14105134
10891819
6571067
11339081
10278399
17013816
11025903
7164553
14642951
12592743
8193237
11678846
18005753
11034244
8677003
9409780
15365947
13253050
12805380
12380208
8702015
7033912
15728092
12952069
10591148
14041686
8104760
9654872
14008079
10291765
14739436
5897326
14160830
15690816
7071141
4385672
3331407
10573785
8908327
10370119
13925485
12193362
4774700
10423646
11448737
10528093
14599925
12546540
17371562
13775842
9107188
8960968
7127742
11785889
9404030
6929305
6160451
10548187
11906128
5486166
10167269
9939198
14244135
8329922
13755994
10819400
15423558
11333141
12084154
9619918
9662985
10695994
6426845
12122231
11607326
3954878
10868921
8287903
11588118
7770140
7689013
12101533
10454760
13517344
8107856
18327511
11276295
16627242
9016376
14669097
10088759
15273102
16578553
15960344
12143628
16867645
12693025
8116915
11365473
10000986
10790463
13944800
12369137
10685869
6524267
10876659
1706007
12482853
10782565
6824489
12185041
10626833
6550059
13159958
6541658
8277281
7671043
17348396
5692733
10732907
11384795
10130665
13653574
12686879
12769906
9153210
10094464
7780540
13504965
9268361
9622536
7480779
10634613
12806381
10252869
13612794
13908461
13898378
11326529
8163765
9668242
6863060
12871660
13803765
16016191
16146876
7446808
7205071
12881588
11096103
8475907
10658835
10941256
9406431
14560264
11793997
4660313
14472899
6409602
10199381
10809467
6104572
7634446
11666474
8736148
13567668
10355871
12558274
12980187
10135244
15870383
4139710
11472067
5840236
14451342
10318993
14930680
16304872
19235314
9615509
12524777
12032395
14175559
11649109
11541561
11108625
6004248
6805455
7714400
10128285
11504531
7754083
9084956
12130970
11321097
12084443
9288846
6137434
11977063
15493340
13510368
9491794
9769681
10719915
11529984
5971358
10757551
8130068
5038585
14129527
14244104
12369326
9265277
9528157
9020425
7312415
6835939
17213959
9842246
6751558
12892497
6183228
16301585
9773663
17529729
8990916
13101795
6337514
13689668
9892891
16229201
11467390
12881293
11097362
11292436
10538840
9661266
10832406
15145107
10723612
8422407
8467484
11855722
6612299
11752809
11289082
5258921
8910866
10576817
15254046
12740453
10643131
13105359
8408545
14300142
15258401
12965924
10541997
15921101
15304315
10351454
11329943
15569426
12035242
10837719
9366599
9055489
12079868
16840012
10559748
16412215
8605500
10288058
8536111
10988118
7894945
13707247
3221321
9845067
7344804
8429578
13083016
9514594
11442561
15870185
11269329
11355416
12083222
10757228
14207607
11113611
12411388
9961941
10466914
4795249
9359195
4480394
10404061
10077607
11895412
4179381
10281555
16083042
13515357
13990351
17895651
15747722
16113021
12776221
13562621
10129314
14758437
3831766
18467658
5169192
8482948
11261420
11295486
9107901
10094368
4853701
15358911
13233435
16547474
11548034
11187703
4742331
15114957
12103975
11071084
12641970
10180321
12955279
14393446
12031230
10405810
10321392
4871291
10995417
5357422
12390536
10665037
10524982
3851895
7277781
11160814
14034974
19219095
7603034
7526928
13438776
11251296
9386491
5379572
13265462
9786352
10696523
12463500
13204401
8867735
10097980
7488715
17598283
15524261
12003508
10187409
13816087
11460025
12023223
12819535
14355273
11302921
14741720
9848182
15464014
11736710
12521709
13666881
9999900
11270014
14374313
13079986
13236475
8477443
13955617
9502351
13917380
4318365
10203042
10186101
8590409
6402232
13058737
4482003
8302300
15666704
16637397
11762464
12689335
15122988
13420338
5547124
7809040
13216903
10558662
15548762
9774618
5812581
13132111
18319489
12697841
9316345
7417055
6535837
17010657
16553571
10984071
10373002
15162897
9928926
9930268
13351811
5510240
10239292
4561528
14730083
6657142
13508950
11216621
8968568
6720180
8314403
12412390
8856304
9089779
16480531
9394487
10737685
8560127
13369120
12033166
15395802
9220283
9170953
11588707
2399492
17386194
14341411
13672224
9486927
16077535
17431458
8938017
16817726
5463371
5743940
6418798
14763388
16563503
9581865
13981950
10915416
9283756
9653920
15356665
8339425
12224546
12754937
14155022
9741784
8458975
4492320
7903748
12734754
15073520
14773178
14498712
11611946
17258580
6756706
11671000
9376555
6026207
13109965
11248767
16183449
10341312
12341997
18257686
10008684
10098114
13968843
13318136
8296764
8753452
8646096
13159538
8338232
7644138
9841631
15186045
14603923
11662895
11542102
14079792
4131983
14201006
13020093
11594638
12133238
6610583
11212653
10493905
14284627
20954236
10068310
10805523
10835209
11058531
15195986
9421825
17718559
7576735
15820482
8202364
10067200
9171993
11439526
17587174
12099702
5869276
19479096
8852331
14236303
8537615
10326034
12155663
16254710
12501714
13401171
14933939
9292947
9832797
8695649
10850789
6614107
8199247
6539829
10046019
6655052
3975011
11178863
2657846
8946496
10835042
7478016
6515937
8899651
7840011
10389625
11201360
15181141
10428093
6655591
5666591
5702004
5392299
7476591
8380215
11363919
11493356
14246815
15492268
7437751
13960556
15023707
7900764
7257727
6149595
6618010
6712441
4533593
12879109
11541260
12026910
5132627
5354257
10557845
15381334
15254323
11465193
11014210
11796355
14222903
7095015
5560875
8705029
8400261
9786499
12054735
6540402
18231556
8995546
8613869
11533451
11403819
10201982
11811650
10165376
12099178
7287011
12899158
12145130
15492144
6857239
16349982
13235569
9190714
12055828
11355884
8654059
12318293
9861653
5284852
7037182
6136079
9877944
9862829
3075321
12927856
12478519
13005033
5822509
9862051
15394864
15376877
19205715
15630430
17747447
19809761
10289852
12015370
11737211
14046163
6588020
8733680
10717330
10096185
10034025
15985967
9565620
5044273
11590738
7030454
7273025
12108113
13264766
9407243
6139269
8831694
9969451
11715719
5825902
14068517
13406812
12414416
13566934
12641229
9551728
18177897
13462009
15760638
10950204
5123446
12477356
15315443
10526889
18590005
13816648
8750539
7574826
6565106
9859708
14514466
8347077
15460398
12429016
10195238
10380127
12586936
11371690
14911668
10541549
9190817
10271344
11747492
13749036
11993872
9952107
9832495
3984727
17591762
11407331
10536231
9192682
13254729
9294810
13633164
8473365
10843119
11165462
2376154
8930626
10620151
14265209
6569697
16092316
11633153
14191665
12279107
13235179
17616290
7479685
13417772
11701027
9692685
10155791
11557898
12397288
14451389
8802986
11741902
6854823
15136094
7049427
12476891
12443800
10277718
12664802
10693653
10033317
14422640
13569558
4655189
10626194
14018844
14268955
8190852
8698268
10798052
14638582
7553032
13002787
5316866
8827635
10871776
8331099
9850407
12130023
6951286
12331218
10789662
13137934
11628543
11341763
13052980
14571905
18273402
8034865
9504514
11204346
10562051
9682442
11790412
8729096
12090782
13537400
10856262
13366955
10285455
8543381
12326075
13219589
12786062
11699783
9687037
17520100
11814176
12634143
8801274
15077423
6950368
13324014
13694424
13602671
16216687
13872052
12849887
10890365
6605071
13538180
14564840
7864142
5920100
6902567
11760731
9012791
6282445
19034858
6072014
15538635
12212525
13405899
11901260
13391839
10164513
6386613
12326896
6105263
14874900
11690944
12576624
16245849
11523651
6942595
10697898
10577517
8161641
14101837
12807816
11352088
17601924
7210932
13538207
9566153
6612659
9804647
17304318
11711547
12807196
15298516
12298155
7659971
10062984
12843903
9588022
12856937
6558012
16800145
7678126
5986227
11743261
12747276
11221308
8128414
14864305
13352650
9367630
6495840
13485053
7486205
10452281
10779844
14315351
7191829
14150556
3355787
16841940
9838516
11675643
11112905
7978404
8776517
13716404
7568944
11854298
14721759
13942500
17851469
4323120
13625285
7454148
9026292
11359076
8836208
7093231
16809409
6325472
11404135
7323297
14320529
14726985
13037608
10630696
11456428
13575633
15052531
10111713
5052942
11356953
6216086
14530366
17462959
19689837
13084912
12086788
10429270
10041374
6342110
14370670
19294469
15785223
17984969
8783450
12129115
11262662
9822155
13829330
5083388
15159640
9989512
17590321
16210938
5810499
9196816
13969464
8897638
10559250
9944643
16272785
10897805
14274368
15860192
9307194
18703670
10366406
15815395
12390440
6911828
12237113
8280514
16763747
7716291
19392830
12573901
10648193
8611507
7599820
7285665
15981290
11434716
10109133
8784181
5279776
11071575
12633940
7639590
2183673
10290648
7284958
16575414
16854079
10382697
11965781
11109859
6652132
13778880
18872237
9586842
14729985
12131247
6908493
8116233
14814869
14057643
9074777
11123250
11024451
10840731
5328595
11007593
13550167
14610482
7904457
10128057
12732689
11942624
11353077
8464851
13730698
11354145
11435437
9124567
12777050
11953262
9380329
7884810
14713185
13297433
12803375
8205430
10325003
10057811
8007200
11587786
16548275
14383644
15082612
7945734
13948467
9325607
4230739
11784325
9925948
11583580
8779350
9703649
6773227
11820275
17134537
11478373
12456905
11888500
2075665
9206945
8320128
6724882
11872143
6203708
7696560
13368987
8875679
9608843
10502355
10514818
10751311
20012682
9863552
11182170
9727335
11689857
12135133
9901736
12290402
13667484
14303740
19813615
5740188
15885900
14019919
9103206
14931335
10771785
9338901
8741303
13784024
10803277
12361101
15997710
9558020
12389085
13651660
7653490
17760544
9504610
11127068
16571975
8474015
9368728
12189452
10154965
10685173
9476699
11237008
5859697
13527787
10373313
6631790
13612387
7499821
13685263
4075985
10713065
14341173
16272560
6905157
13852938
10392577
12977669
12985171
6914078
9808023
14487015
18762775
8460649
12036007
11678672
10054542
9201922
12063019
10777178
11182100
15118522
4223485
3211372
12942097
11998530
12800500
12054393
10710403
7975776
12577556
13156263
9832571
14562845
11080381
10295514
13047988
1226729
14656489
15508378
9086997
11007012
10382829
7916021
7626480
9959156
6339004
11672212
10107717
8572470
7350552
13915418
19324401
10408477
8362392
17307264
13855377
11918494
7217055
14145351
14976812
7091174
11323341
17000207
13725795
17241596
11805182
11414251
10685254
9671942
8911560
15120373
14118122
12318293
9871923
16306569
13350516
15127672
11577282
8599581
14490357
11693202
16809836
11873389
11071085
7305669
13466389
15882305
13624188
6233712
12422318
12452416
12063467
9125709
14521920
12034121
9255621
8328145
9606273
8089391
12825110
12861655
10261678
17318938
10405062
14946648
13132653
12306099
12172718
8261291
12455483
5949075
9719248
12052026
9368241
15543509
15317465
6508060
10009936
5503932
8705195
12680456
9767966
9989989
10434425
15060891
15968928
6944117
2759902
9845218
11005986
8297649
12735366
6233796
13748132
12236629
7440095
13200783
10256263
12183020
12276639
10450399
13541626
12083355
12335271
10481077
15729403
10535718
10829719
11248876
10414119
20842740
9756770
11778341
12936862
10976398
12436340
12536300
11341748
11998030
12903965
10577341
7602113
8090563
14841640
9849768
10368843
12825664
11041356
11156865
11732645
7167589
11334562
16582121
10550314
17424627
13675614
9718961
7578570
11459356
10727651
12102372
14262064
10686107
11388061
6266674
13264829
9281654
5306101
9575311
15573384
11202480
13333656
9851575
12287330
1568990
16156394
15988827
12639302
15748313
12878545
7513500
13400037
9546140
14032511
8687651
11478741
8115780
8174761
10607925
11614747
8892097
9487184
14390685
11730865
7921065
9803351
11832236
6556007
9212429
9682038
10762623
8799756
9269521
10567674
12900377
13350996
9615305
10631782
6741792
10402741
9000730
11497699
9415530
8663880
5571272
15061693
15175020
9444855
12635523
13782607
5779018
9842378
14122304
6850027
4517013
8671629
10379879
12754835
14960803
7607088
14593339
15309772
6970859
11670339
10038621
12343516
9934918
12379776
5387628
16089476
7900430
6323100
13524910
13649128
3383893
14939397
7461455
14160178
10358534
11770795
11369561
10904433
9457300
16112886
12322606
7170552
8782948
6992081
14988835
10367089
14557277
5171528
10160918
13631958
12301227
14716515
13962246
12202324
13615782
7205571
7579546
8182797
16850507
14438333
11044532
6345697
11306961
9363517
10063273
4985627
6835792
12442305
13754030
12269830
14737760
14664470
7153958
8761736
12879796
10829539
9643550
12755574
7229724
13666793
9439143
15527409
10576736
12159095
8810543
7990334
17143270
14445790
10108296
12199260
7062302
10133181
7735519
15984309
12555424
17631233
5692081
8723044
15675339
3708710
12243126
12461866
17086647
12179084
7280835
7670124
9345420
11449943
12790252
10751391
9452213
10031264
11895665
8299423
4330162
4677712
9468277
17115631
8600959
8173488
11209041
12435075
12552689
15342201
11912242
9718243
8805643
10739189
10502652
13037810
7730029
5239713
12253503
11179173
14452370
15544643
14477661
13961508
10160451
15714214
13368198
13080508
16449720
8715981
4412792
6887551
9066571
13429210
12768737
7346898
7974379
11491311
15058927
7525014
8762465
10248970
19233393
13547457
15599231
5673540
13383398
9584707
4787100
8201739
16924680
14278136
7223150
10482619
8862011
10547957
6664808
5701343
11795599
12861837
5747659
8473741
6968180
10084301
7918704
13285339
12403968
9363323
10178737
11219692
14362245
12518958
11557414
14780210
5427316
9310940
15307487
10659592
5276343
13736119
15508907
17479789
13925587
11288113
12364058
5016607
11401511
13828170
11554999
9563852
13036837
18023547
11519604
12505073
15857090
7988731
13321323
10163571
17696689
8233244
14960753
12215682
13205455
7309933
8313179
13274586
3215744
11554314
6421101
7307355
9352116
12400054
14347666
6137163
14050045
18348372
7371326
11810096
14011991
6722233
12763555
13921880
15284397
9648568
17140808
9640215
5064519
12156567
13568228
12462713
8226425
14616334
7650120
9466517
12510545
11193520
13935065
8673712
17576531
9715547
10152076
13478264
10448306
11484323
12822585
13407351
13062403
11863609
7819501
13001021
14407433
16874623
9572648
9432549
15283547
7427598
11855344
9457730
6011217
13498985
8688033
9578631
12460134
11653611
11743574
8635956
10671721
7822778
10351033
10946373
12489708
8155755
12973533
14176627
5465684
14963949
11324979
8693008
8358015
16587190
8174633
10895160
11969914
6671893
13753292
10822814
14767067
17070151
15345608
15256260
8003796
9143265
13451765
13042057
8455350
8408183
6127323
7382346
12813282
8325959
10039314
5406288
4974167
9586177
7837349
9386491
12762685
12465208
10365738
13110689
13106175
14460256
8749983
16365942
8636173
10040676
9684359
7363410
9747981
9218024
10240206
11769996
10755849
11358611
14646937
9299286
8157149
12977527
13627356
7192906
13509482
7527527
12075936
8942507
11597464
9047319
9620992
7543069
12653951
16281278
8924079
7866364
10650962
9242147
6793998
15369334
7963327
17266239
13946042
7496978
8220273
11690323
14141338
9632913
10147000
10972093
11931177
17457807
11866207
11307903
16029153
6729083
11261708
9737526
13150752
12755597
11485523
9019029
8570939
10761244
18673699
11051786
9868757
12844984
7830791
10546590
8766876
5138100
8316539
13000235
15914201
11143786
16102286
11274022
10588429
6986955
15976253
7272031
8832611
12180561
7850839
11714181
7692947
13740514
14626919
14488474
11879263
16309250
8143701
15730273
13209017
9480097
14144959
15594980
14780490
13127281
9225430
11716810
12972531
3257173
16174030
13996709
1351215
13987389
3654563
7762658
6551026
7467530
13344820
13690644
14499516
10042644
15971473
9575187
11050301
10873037
13620130
8041209
10067960
10894806
11215903
7480298
11915725
14508199
10615126
10585471
7843069
10977074
6154933
17483089
18884823
9149063
12947381
15776731
16903789
12429464
9253117
14768987
9801700
11629273
13893401
17671047
11126589
9884606
9690048
11753997
11928611
6078931
12073258
14022028
13283476
9733110
9229012
17111304
15249416
9746006
9927328
9735899
9458905
11936273
11487142
11328704
12397547
8814091
13066674
9440914
7746190
9331389
13591135
12278940
6064820
3809051
10119398
13040720
10292312
7999445
8790280
10124905
10350470
3365202
17245157
11399628
12772323
9115635
15812709
6315308
4930644
5668317
7721251
5806700
8363781
8006585
11417062
8844738
18878158
11778756
10415294
4471476
12054823
9343018
11980525
11234011
17083710
7543020
9847686
11759068
11285609
8805372
8906836
1045194
13401434
17467982
5016292
7894881
10047799
10102085
10983775
1242453
7610326
15291780
6530986
11625141
10030334
1093658
12016705
5450746
8658483
10718661
10938660
13824269
5969752
8230404
8453563
14912224
9276421
6718446
11783217
11888031
14749880
10783775
6968165
8679091
7222200
18210414
12916936
8430378
7406065
11871150
9314256
11844339
7230145
8075436
10461853
11537013
9563653
6032307
10522176
4088378
5640801
8615948
16365578
12490684
10487736
12429407
15319888
14719720
9490634
21290920
10588617
9742282
15324297
15446574
13690884
12987564
10316764
10867598
18375277
17988849
13954672
11502091
6391251
11038437
12599778
13189444
7984823
13037935
12384824
6660759
11638836
9952360
10461375
6047413
15470701
15134053
14125496
7988731
8452014
13576930
13795136
8504275
10908320
8741847
11277037
8165775
14778574
10639700
14978579
6426259
10820792
11059751
6769085
4910677
15982025
13837335
8681541
5593154
9024578
7896548
15929704
7709268
16881618
15692458
8706178
12719521
7699406
11588297
9820137
8123968
15087780
12119489
9268769
12335312
14028686
10762189
12397268
14356694
9999142
10818163
13823514
11087097
8517559
13450496
12478803
6133197
5608503
11518919
12760114
13213635
16227024
7868725
7373166
7433592
13111156
13647290
10985012
8651894
17046597
16156989
12433214
11606861
9118936
10329005
10963652
6784035
12310360
11226247
16975544
16023964
9294959
6570799
13685949
10395072
6069484
15350202
11489625
13559625
9080209
7375236
13671105
13275508
13388980
10127131
13245684
15357161
9095819
11924773
11665975
9531240
11184603
7478893
11469852
9361037
10930275
16976397
13807511
8689907
12743027
13787839
11152214
12671173
9628759
15788346
12698030
6842572
14819735
16479228
8311928
7727610
20420394
10798343
4959545
10000530
15079227
7974871
8210137
10407793
10284559
6691877
6474787
11028004
15637799
9814430
10003512
9734768
10949378
11016634
11198632
18597025
15807925
7850633
14319876
17270501
14267929
10873312
9140171
15131464
9475236
8870948
8603765
14255252
15531865
16864574
10924176
7104123
11809955
7803109
10388667
9693783
8228560
9659379
11692806
16776019
10654756
8725016
3418840
8773881
9867099
12265249
11898600
11599087
9050996
7317752
10775228
12140887
14253648
15734551
13518353
7672960
10490415
11885742
10239932
8829291
11611897
11858886
13737930
12509585
12906640
10061762
13181143
15456048
7986437
13177445
11422932
13787354
13246640
10762552
8177992
16163819
8874202
5960679
15942833
7118018
9463875
14162197
6267979
9867029
10600441
16607987
15600682
12009852
6567166
15822774
12760504
10575101
8189121
10110923
11249481
1423000
8330471
12634979
13184505
10421228
20961998
9816639
18358326
16496719
10264502
13810990
10159105
10324232
13699071
6663704
6682649
8519164
12583967
8903477
13441383
9344504
6793067
12471134
8865973
11570899
17100166
10264617
8264924
12001249
9889519
7665823
9690936
15930574
16422143
11921233
10117087
8670165
12636724
7692608
10319774
7502607
15290043
12907927
9672148
10461092
14719962
15342778
13822826
7591342
8016375
12108627
6407817
14616068
7721868
9758559
16598308
3571467
9955436
10699817
10894819
9317700
13160356
10763039
13622097
8886980
13569548
11179944
9750257
15028923
8913248
15903203
10490614
16029098
14827561
17116063
9271001
11485984
12322008
9154348
14465733
8633245
13146295
10994973
9272108
11084391
9977885
8036684
15864474
9384082
12164831
17447459
13496557
15241564
7832479
10892295
20670163
11820660
10393068
10198187
13853266
10364745
8643596
10482566
15703084
6895496
9152370
13554869
8848438
15210188
6509724
4469839
15948758
14934720
14891498
7448290
12024660
12979318
14386297
8715778
15892190
11105680
10943151
8763104
6733488
10457118
9190673
12626187
10355899
13646847
7652462
16570184
4981166
9331027
10752269
9848837
7886819
9901988
10337557
13753253
12575214
7924181
8982220
18354013
17347662
11189814
13495185
8336736
4218960
13299735
9053666
12855371
7555370
13325329
7422051
13178779
12922273
9960723
10021202
11023070
10936772
11281869
10413810
11775779
7346860
9620011
6131053
6870514
12194388
11977199
7139058
9901945
11912509
10780996
10586213
9959156
8572725
4081225
9409491
8272829
16683079
13395272
10939419
11667477
8597442
7725542
12896435
19437794
14099969
13087968
9692705
8582312
13642488
9845561
12778749
17453980
13002630
9805646
10390471
14745150
3382161
13177940
14226978
8387674
13436862
8818420
6188589
18744737
9715601
8448287
6198119
8362419
13107971
10848038
11342398
10725534
9243710
10486178
7596725
14053136
15686790
12876735
8354789
9706383
8003795
9918494
16423718
15090191
14488332
13541017
15914021
9561200
4948985
12587420
9645377
13571278
14888439
11951222
18061519
6086154
14708423
12077713
20200375
9567167
9080967
11118925
10981358
10540466
15419111
14085528
10815525
10332780
16835021
14140786
5116280
11736263
11104708
7588132
7995944
12366693
7857985
11316976
5155957
9070806
11738845
7822804
13012940
13326582
8767598
9590848
16328175
7215483
5772842
13603927
12813297
9065473
11130686
12858592
12835345
18757860
12198516
12243028
12640912
10525483
6829277
12654022
8385336
10329141
17209708
13469827
11611139
6336071
19364364
10228955
9006062
14619914
6337048
7111355
10795963
7630129
14574813
6799963
11597861
12717850
9721100
10648665
7571247
9309406
16225397
9225867
13549920
11912370
7952731
13135523
17868236
13870371
8461483
10337636
12152590
6795250
15041470
13693281
10005969
6420752
12975337
8430155
11177990
13753967
9253095
11862556
8301207
8970400
13104978
10347573
12507842
4890662
9942391
9961514
12758060
13580861
4094705
6436997
15179912
11569314
17496925
12409840
15698475
8250266
8887308
9679169
11697957
14031182
10590889
12585752
6908097
11055711
13662256
11431149
14341980
15397221
10535770
8456097
4758203
9121342
7766714
9135400
13462909
13250235
6095137
8471767
15871390
9702025
8942346
15213468
12916444
8018725
12859394
12041140
15786993
10312715
12851634
8647715
12200082
10884229
8080960
14181732
13156769
10137792
13176726
11057819
11393079
9510978
8067964
16368187
14607653
10693591
5845562
8280089
7254637
16165559
9203361
12698053
11984347
15883997
14369893
8415316
14893322
18196434
7618257
11417727
7855490
13943675
9177496
13516412
18500781
16104237
12597630
6610061
10562678
9145721
9346759
7611367
14253963
16077393
12616168
13257016
13262458
11018765
12744230
10802090
9187528
10743675
8418867
19104688
11411917
13080279
9780667
9385700
5540879
8237123
8323201
14063033
13537211
12665151
10825444
11638555
13023845
7886595
11142840
6774628
11451065
11063465
11695047
12258464
11532908
11603829
8837612
12395148
15404174
7273975
14864616
13056681
8132101
14169840
11816901
8298903
13928056
11145784
11856943
5406147
7880127
5275336
6184339
9609618
12748251
7106088
12378171
11493749
12137545
7073485
4737052
10109480
7566284
6980744
10492282
13673315
11782363
12587704
6515877
11927944
7062779
13179976
10559936
19536524
8662595
8480030
7074417
13650547
12030145
13263583
9075282
7453189
10328262
6205028
8656854
9310229
12127236
6718358
14031795
13978737
9390827
4798750
10264779
13202126
14501340
11219974
6991894
10032360
16524956
9618837
13061443
10402408
7901189
11637672
6103396
5708746
10989670
12633505
10750814
11982469
14758657
7663756
12835396
16633599
15298909
12303422
8816780
8232156
5345493
15199049
11475945
12933977
12238582
7804409
11847151
10444095
9005512
6599453
6670070
9047048
5758195
16034569
12956416
13875857
3235668
7776019
9125096
10821648
3604152
10085918
17157931
7986746
4575362
12196764
11792582
13766050
10599980
8814746
9802004
9328917
13711152
10924674
12569191
9023673
12682291
11033366
4918000
13298419
8704726
13650351
14500488
7858984
11575641
7749277
9194189
13004618
9585707
4954834
11179125
8524343
11555936
13911722
9064152
8308791
9114516
12734256
9638114
12041575
12835114
11217188
18337134
15293529
12500155
9777349
11141429
11911974
13627749
13236488
14727139
15347306
5513332
8905492
13071268
11808253
17433722
15508530
10340870
4772723
5706337
9823237
17006643
13683706
6823701
7408065
7207310
11472452
12436273
13624471
9310875
7653862
8613547
18413979
8663458
13121501
11362286
5966641
7569830
6258084
10626907
7890001
5876665
10186049
10304944
7045254
14364588
10484046
14667790
9160245
16944949
11638220
10976648
14114950
6762408
8682617
6026944
16657045
7591527
4183637
13630986
10157331
16013373
12892884
15224889
15515886
7310338
15484069
9681130
3597597
13143057
7257233
7633893
6612962
12025134
11601776
12142624
8955751
11195580
11296073
17269449
18946348
8647811
16057970
8550917
11865188
16669705
6758146
9797368
7956329
12423330
7599721
8413237
13033010
12951113
13229124
4640585
10748705
10003775
10232525
12558659
14286179
11197221
13794963
11508822
11954477
7340874
14553849
9395515
10172712
14372398
8108614
9671207
11831327
17429090
8173684
11089645
11958660
12840718
11482869
4905532
10772725
8407635
9967106
4046595
12110984
13060919
4389787
16959275
4573718
13713425
9864848
15686624
10961190
20051623
10933525
9404225
13233435
10102115
7823094
8184425
15842540
10593227
12474431
11610726
10831141
7971763
11861148
2767070
7229153
8457976
11910817
10193001
11349098
12660511
14597655
9422809
16282392
5651423
7904985
10850500
13103132
8625314
9952215
11000961
10416172
17277805
8675438
8369331
11297375
8315680
9348392
8883624
10720203
11328455
13144664
7726607
10961763
6892059
18015202
12185835
9870195
13178288
7028287
9719118
12530418
5765254
13429605
11351661
10723101
13581308
11322086
11409560
16952001
10153073
13037246
5364753
12246387
8213507
12833857
12523059
12598439
10158576
15732273
9528173
18057128
15891165
10396236
10619921
15430019
7761341
8499369
11797746
4894853
17484472
10917234
10568799
9075751
9797855
11203782
2226352
11052571
13535884
21790317
12931052
10168331
11388139
12347522
10616331
7429256
13698717
11499671
11351843
16062500
12247659
13229734
11941254
6835379
6490722
8835378
7488308
10375963
17640411
17988416
8000644
6740222
6960242
14153959
10012462
7502512
10762301
6949469
19898793
12297650
13719943
8074326
6610112
7075247
4932476
11858085
9099832
13874908
11043949
12366894
6357923
10194834
13926530
15604822
9548349
13458139
13517942
12400217
7357333
9228522
11208811
9988352
12596277
8121705
10688835
12044786
4701305
12557620
12508395
10960109
14730133
10887565
17531154
14812667
10996888
10759505
15177601
9091825
9113900
11925174
14717476
9114811
13223191
12978862
10191106
11705292
11176935
11595393
8413441
8623517
6863191
8764213
10780594
5702171
13035645
7659063
14089832
15035941
9122306
9544102
9076045
12156783
8996468
9715099
5817342
14059388
17240153
10340522
11167602
7929453
10262740
10175606
10823682
10760628
6129067
14281678
10681615
12606288
15640959
8472475
10344586
11127854
17809919
17446072
7844899
14952558
14734252
15587506
15332143
11216601
10930569
8316166
11702166
16142428
11032725
6411256
9851209
13990255
10281681
9490969
15932914
4791901
6771158
8342333
12940321
9101254
10763575
14185485
14863234
5999044
7741002
11880041
12075801
8861806
11225822
14846686
5657374
9879825
5786445
14321359
10603474
10014562
8946963
10346067
6520574
8043436
17032104
7797417
9800206
12228645
6221470
14107353
4623955
7196961
10641479
8350853
12533682
11704616
9464846
9641202
11870463
13362299
10712624
19485633
13678041
15810070
12485375
15145835
8723300
6754653
4574057
11387100
13061876
12315319
18401201
13267650
13862102
4159860
11396506
12755195
14311244
7661492
16271628
7552594
12813260
13545316
14233544
11381855
14269119
16391791
4340843
11403066
17430469
9224359
15139997
15785792
11443014
14425372
13526559
14937766
11170533
11246285
8461570
16077861
11941816
9574191
8168225
7456293
12093802
5960375
9907701
16049791
6500959
11407158
10264784
15340864
19636919
11951325
9335333
8099423
9986051
11828546
12067306
7771838
4765374
9118575
9464859
9757024
9071859
11969677
7764001
16152230
11158733
8959062
11612479
6356692
17363125
5250104
7540056
12585437
8762409
9820825
9337057
7980826
10573733
13433397
11932660
10419941
14905446
7929981
11218934
14858185
15409192
12666842
15867757
13338752
11700127
9832935
15664990
14110365
10328119
11710947
11478394
7514352
11299389
5353558
7661433
12164773
15116741
10962090
12460356
18444343
14247121
11670071
10300085
12438471
9881121
7920133
14948333
8634073
9960601
8408824
9852173
10412990
13482869
10327124
16423547
14354236
9694570
11526669
13030856
9481696
13282924
8741843
10759470
14281119
10981739
9014370
7928479
12393380
13757848
7893922
10063518
7325854
10850609
9218980
13426427
9740451
7737610
14109189
7366199
6569996
13689490
16981151
11140869
10821905
9548554
10596651
10545894
15064561
6806854
9361939
8127877
13586533
12982239
7682807
14736264
11724740
9972978
5085393
11997855
13667678
15600078
15504264
12584313
12109541
15224048
7952464
15340311
9968907
18076543
8627006
9531016
9568700
6481553
12706641
17215896
6106159
10906071
7320187
7944653
10548075
8191780
10201229
8280050
3975360
17342151
12442788
11578410
8940453
8007503
12088532
6772434
9769197
11913211
13049302
8380109
13680059
7066656
9332797
8998859
11470284
17326324
11171122
8647079
9540073
15007006
12598981
9543066
6474123
8367776
9708376
10036257
17184464
11744235
5579640
10791646
11037464
4258033
13626321
14957424
14588542
13817078
9439236
16349723
10689753
8415054
11743207
12721717
6081523
5624328
8012048
14675752
7258861
12694991
15454345
10823471
9081302
10576013
6884385
9888238
10991753
5694933
10620780
6007456
4836298
9134422
15775897
13612643
17307413
10977032
12259910
5688771
14451994
11402935
15290375
15447915
7941019
13785661
11769215
10032991
3705990
10844533
6498507
14027870
10469675
3073461
13642554
13837188
9179262
15631670
10206329
10346084
8422587
12214291
11467436
14159028
12589226
10646128
19923039
8072169
12484710
10909560
13175423
10012369
9544856
8569379
7923078
4758898
6708686
6833196
15931969
18020556
9603442
13558711
5647682
14910892
11844165
6692258
16397802
14773388
12565515
15137557
11489760
9804176
11211139
6648673
10187668
13911454
9440816
9097780
16907729
10178033
10294437
17797832
12672351
12166227
16138421
13652678
9482032
12930241
14033303
8667617
14414933
10114842
8579041
13528139
7203095
7106554
7753257
8085021
6950300
11171252
10401144
17501917
13806641
11764221
8952940
14544467
15659967
6379555
9923093
13722477
7228716
8988914
14067096
6172501
16258028
11816489
8007677
8096648
6849468
18097336
9474627
10432707
12389791
11058884
6606356
13337745
8143303
11690941
10817827
13182628
7983429
11941538
13114664
15131486
13467817
10074711
10042338
12332871
17816364
12827795
11353273
16407948
16675569
9913684
6315588
11117921
12268979
8831664
11322174
10949919
14653833
17321859
16188906
11272130
13409598
14415094
13055661
6398387
15847055
9127320
5110658
12598502
13367346
9686011
9941874
17333199
12483448
12731140
10785640
11809973
11149378
12601574
10666062
13960143
10976402
14588228
12275127
10754088
4225495
11689719
15034915
8669726
14915011
4945173
7652232
13585513
7201719
12524204
11498747
12440019
12163532
6687683
10660977
15550703
8306006
9745349
9614330
11490928
8859278
7726454
10279946
12986797
11368283
14957713
11456300
7792560
12005260
10652181
13466108
15008573
8292645
14972457
10594641
10009270
7584178
12720215
12199271
7893269
14038596
10079657
11175311
13234694
15112006
6949355
13339370
6314424
7175997
11517478
14496384
9019200
9524045
13832801
8795816
5851978
10616866
12596066
9114229
7725909
9730987
8060981
8953431
8485732
11589671
8265746
8969275
16074404
12270907
7044807
13855552
7459435
12719924
8255481
6630267
15447607
14038391
10388234
11773557
17977563
9604403
12625530
10296049
10773255
9304108
9932419
10847105
18677350
13781993
12689866
13752080
17702512
6571610
12657979
12677019
9161939
11164441
12679690
4182121
8665108
5018360
13903849
14573147
14083532
11039218
14510143
12762144
9671437
12153435
7096392
12415553
9015974
6751968
11574319
8660823
7524001
6927739
20689380
11686142
10453004
8588435
9373845
9656267
14616987
7240621
7847414
14928519
11332128
11843313
14706751
15960586
11571675
11273676
7541586
18333024
9015907
14002068
10070340
11060680
18285682
4244422
11446255
13962725
16034268
11956146
11725729
11761687
10494035
13576420
2872877
8706673
16777597
11585098
4642794
6438779
11538140
8213978
15068031
8343128
10902850
7141754
6924396
13411988
13237703
3374422
6425728
15645855
12977602
9962475
17997141
11547437
6691764
15653766
6485803
9752440
13198502
10969942
8571144
16289057
8177047
10320078
9932763
9576112
10127775
6011868
12331465
7986203
10438321
13746628
13916574
12634236
11637209
11868655
15865415
7428312
8196473
8414230
14076245
8222471
11729201
10870477
10204717
13021984
11284360
6891671
8902831
6759362
8459761
7119733
8662480
11340366
8948109
10671410
8154532
12879872
9983328
16075397
16039378
13112618
9008243
11802530
12360184
11329235
8225064
16904112
14913133
8963826
13033993
15160472
11821244
14866475
10005760
14571102
11539152
11982296
16637400
10753270
8726246
7653280
4362984
18374375
17335686
13588206
9644206
9617102
5558232
7317668
9230182
11423661
11980368
10748010
12469046
17819345
12257119
11230286
12995280
6373986
16698350
11501364
14732683
11140000
9826669
7478854
13941570
10667055
10517201
6500763
10636906
13374661
12198646
13559335
10053701
8869491
12641302
9285032
13865433
7307816
10035740
18396597
15359380
4904239
12137011
9890797
15518352
16777192
6229715
9856448
7237668
12546944
6225685
9224924
11005266
7923187
12985103
6592332
6720278
14270725
9175959
2282365
10417235
11671093
3454219
11627676
14888898
13135824
8534203
6846723
9759660
11047469
12832831
6783678
9783844
10094097
16323991
11940329
6248706
13966872
17867562
5807850
12433125
11283171
15695364
12753806
10148853
1451768
11295266
9794609
9682608
5265444
14075027
13228318
9043766
9606245
12371874
16061031
8772387
8517212
10636451
14209632
12710587
6548579
9571266
11554541
11734894
13366070
10572450
16138914
13091326
6804886
8961801
9278615
12807261
10908946
7534715
14815364
7451969
14698356
7225874
8080713
11307229
11886003
9483912
12731853
14027190
16835898
7833705
9025240
14835004
11038510
11061557
11823460
9043766
8178416
5609441
6868982
4862760
9920592
11956601
16195780
13453045
7045846
8415761
11774879
11091445
5511239
12627972
13008143
12965577
9513810
13635522
9215084
9256875
15317598
6656509
8504200
10500280
7362393
10971030
14241365
7793107
4595853
8108299
15035339
9364003
12789391
6655912
15788511
7936179
12148133
10829086
8589679
11973134
8653675
9188181
6230411
7104309
4050702
9660145
6726868
11181776
10815022
10250733
12249542
12028958
6628537
8203142
10421031
13378738
9119261
7059332
16305070
12631688
8655847
9141646
9793038
14211332
9861343
10256548
10021500
11436245
12135343
7829951
9035504
6086843
11902247
8110876
8689038
8319482
13520069
15254381
14985402
4187526
5623456
6597282
8857006
6627566
12893616
12327436
6365009
11469263
6967861
10918516
8628984
9734561
14509844
6990096
4982340
11716882
11737955
12629647
3927879
9811430
14865327
12490876
11459243
11467274
9453510
12647619
5370472
13249666
9802494
10026949
16157265
6560542
4835105
11339660
9149633
12047309
8628846
15640465
8505591
12772479
14378303
12727114
9115253
5586133
8331620
10309151
10557597
14933786
14828688
9214064
11729443
14192157
14291345
5667343
12771742
12553200
11916150
17571896
12830201
4259341
14501099
11375071
8189201
4068858
15412750
8065767
10418049
8400399
9778441
13043842
10325259
10463898
8627149
10972786
10868236
13902969
9147762
13578592
12867628
11511129
10911758
13054899
5702621
12927028
11233246
9309963
12561432
10117267
16135708
6337171
8628659
8368778
9078817
8017334
5871242
11654575
10366374
5306642
11145071
9898371
6588886
14432944
8519939
16309098
10520082
15791418
12025203
12424468
10727302
4630162
8780765
8363919
8871248
10460229
15929350
14416944
13654851
14548222
7837241
7940175
12301641
15446472
12967797
9235256
12170466
7665246
15861361
11172895
12098417
15791945
14833751
12922470
11352557
5189422
10603879
11384840
11593978
11202943
10087747
14404423
12848271
9766329
11520588
12110045
4730691
12056623
12640718
7758267
3793182
15267372
11329644
10535686
5816710
7459041
13463246
9754007
14047811
8443510
19014809
6320623
8304260
11245234
14978297
10411482
13909619
13006253
15909533
14687891
13539960
10045192
12879005
10097345
11916593
12597787
12386064
10965288
11326572
7262700
13171875
4064294
10748743
13462920
9087215
11243184
11370252
7672962
7563325
6352020
14504408
11538869
9999833
8042132
13033649
13358388
13913483
7218727
10278637
15625208
13902305
5510808
10115152
8729842
16398054
7888225
9234616
11261395
8652401
10477926
12992333
10104773
10788983
9882412
11589731
13517331
11687805
15614887
6679932
11653279
9103646
11071834
6786128
7627062
11562178
7941684
11414850
11251807
11734926
17242657
19202428
8137150
16614879
8903074
8832905
14817896
9511040
14812625
11715322
11147954
8375025
10755768
9354566
14488140
11737047
4816106
11571904
18763415
5365705
12126819
9019494
9855339
4431875
10387581
6287669
9874235
7231475
16964943
12676485
7979991
17174225
4819813
8496642
14103031
8687856
8216297
10657805
7859399
5991323
7669719
10861753
13539390
15726304
9011600
14063044
7056997
16106581
8701025
10760926
10331388
8699583
9546216
14705185
11332043
10711669
9533798
17789665
13434256
11314560
9004269
15320943
10759122
16252699
9420172
9234573
7816210
10399811
9041501
13399346
11972001
9848179
6478462
14989431
16351524
9964264
4179542
10798629
10982370
13499715
10835190
11486621
16352920
5710113
9588795
10819940
9248715
11098115
5241586
7287052
7176667
13812595
15734995
10881412
18111290
11467728
11738715
11199554
6240399
11338022
9143386
13003381
11951179
9304447
13862606
13019942
7558892
9413660
11195802
10710203
9690217
11423425
8586965
15389409
9360077
14293652
9947235
8063888
13964954
10275684
9377502
13477437
10308735
11375518
10490335
9962140
7142274
12103150
10150264
15770443
8483152
5553779
10525057
8067151
6403273
10118776
11127314
17284092
17539030
12742226
9905443
8337939
11718899
14237917
4487204
7304318
10233557
8909864
14928015
3528733
11587608
10602246
10267579
12224369
12505974
16868608
8862068
7178856
5707986
11083131
8331802
10300773
15277348
12485854
11014124
13083872
14887514
14544098
9522411
16825168
14191099
13712617
14420990
4803816
8185813
13470324
12755487
15734733
13042430
7627518
13988063
12734185
8555503
5907957
12299344
15603320
16430133
19115802
13363897
11351143
12876292
11422231
6034633
16575748
14361155
4437255
9741333
7663963
10112812
16099726
15759258
13729940
7082680
13249075
10322450
9786932
12286842
10175366
9382849
15615443
7240248
11234120
8384257
8544295
8047622
7246182
14746962
17385486
9355196
8606106
13598008
8183008
8696513
11012734
10498665
5714290
6725367
7167929
10283914
10212739
8362955
6406624
8694799
6263350
8464126
9069049
10239093
7914576
13367016
15108552
15259389
9646082
13221968
8784736
10715489
6744955
7825495
9311770
15962141
12092937
8807717
14361363
12902928
13577852
10680403
14357296
13559484
13020305
8959414
10247598
13502665
12015979
10873984
12813306
10757923
9948217
8987567
6272282
8537024
12053197
10429564
11691726
13027773
15202763
11634389
9793635
15168117
14381216
18537798
14128597
9975298
7346090
8174583
3774738
10371242
5080660
9211144
12520334
9128533
13320549
11934775
14156879
15823876
15123442
13602473
19557089
12619833
11563676
8375146
19639367
13127419
6923282
15523085
11988102
9946140
9488150
16163227
7658358
7816024
13314057
6446707
14906579
8942548
9839043
4255687
13523569
3902887
15348649
11744747
10464825
8704669
11254096
5353645
8452551
9837228
11099641
10331389
14025462
13692261
6600709
9080424
8020832
7010071
5187752
11702321
6531069
10524255
14832489
17256852
16445263
13898645
13639253
13420184
18466335
10316542
10041237
15108538
15159177
12806765
11869473
5793848
9405088
9571193
12970932
10073865
9890741
14520038
11037437
5799903
3917794
13037785
10591698
7820552
12686055
13976168
13375902
12174706
10128029
5691957
9865256
9766424
13414844
10890688
7714570
12704322
10812556
14380045
10477747
10211698
11431908
6570249
10383981
8392433
11933423
13599337
8925916
4251972
10604661
14072297
9661264
11234077
12925716
11645032
9611969
8990881
14323976
10159878
10195680
9605703
12534084
17333919
6014917
1658787
17393734
15672246
9961229
8089983
12759426
8666558
14291143
5164889
5313429
8883038
16171939
8654699
7681806
3165069
5037449
7256034
12909318
8702412
10343440
12490347
9254400
15104430
12444734
6260200
10137531
15306599
14968922
12243542
13433471
9370894
10303552
12598318
14512079
9176862
8301517
8993237
12716223
11963697
5048901
9943525
12631702
11080376
15847429
18174591
8033495
9754799
11877072
8563064
8039122
11913019
8554684
10052071
16627112
8200614
10777230
12269315
7421755
4807622
11318086
9726811
15770083
5967410
11691513
6652390
13679026
10455938
7157608
9797156
10220073
12981414
14318819
11901980
15112164
6345873
8514622
7334275
3492180
5891931
6414895
7277578
12262290
17871949
10690528
10311034
12289639
10481146
11031036
10660950
19966904
9879251
8821172
9601805
9758197
13927851
6870267
12489674
8205590
10113921
9938766
14564207
7983179
6980623
12143849
11168359
14562903
8913386
8453887
7348003
11082756
10552111
7847457
12735900
13220242
8689298
10559333
9898734
11653614
11514310
3998217
10056433
11250152
16748554
9765597
9232766
14087746
9434120
9274565
8087073
11583409
13117256
5051919
17913214
13835652
8395575
4659922
9059964
10452242
12778093
14422224
8051954
9353506
14069368
15210218
12709515
11748987
8425196
9930600
10820820
7571486
12999965
10654730
8876230
10281652
15021072
7562776
6148184
12987906
10542833
12388935
10828985
15699613
7727360
8761016
8165728
10530345
12292240
12268425
8855684
13829350
9029633
10045850
12657686
13913733
13990108
4234462
14210825
10016906
10197397
4782764
13958340
18365168
12319291
14600324
12950071
7946962
6494483
10785639
14109043
8509370
7206609
16711713
9948388
13292544
14318030
11617292
6070822
13554292
7653229
11940634
10276425
9027546
8227569
8687312
15328640
10233775
6206558
6047620
10449378
15004844
10852044
11300653
15757405
10965967
17466547
8441741
7088002
8613068
13778758
8506464
5492563
7221914
7995112
4933227
11639233
12022366
10313287
8639930
16656687
8022752
11391859
6207414
10168986
16622305
5642430
11680631
13039133
8823823
11466023
12412537
11595740
15727610
6008958
9738780
15764288
11591502
12443287
16109070
14017602
6370815
15203856
13384992
7100272
10580983
6392125
13827886
11167768
7786604
12658992
14116909
10904962
11963770
10059744
8354661
12633610
12313321
10428499
7927660
9509282
15183011
13526809
12660027
7407662
11617777
12442708
11953426
7102026
10598924
8483590
7986792
7670117
9987277
15995435
18151024
11389623
13396365
15860166
8460698
13621560
12974401
5913004
5798626
11171822
16648860
8330617
14613622
5061159
10099697
10385870
13877208
11137623
6406734
10802978
12793044
19547324
17214760
7609437
8205582
12210658
7406886
6836243
11636953
12357665
8690441
15979082
11086251
5647267
11816865
11885271
9297817
10873975
16308493
13163248
16328821
14156032
7090108
16665335
5771739
10477628
8391851
17114393
11698131
10377687
14239471
2980620
10391634
11953684
7016730
18021656
14120900
10296332
11729786
6085211
13106946
8672773
17982594
19299916
14084275
14354304
12932447
8944276
13356423
13328997
14709235
8026858
7233991
10196571
9260943
5299936
11849185
15331320
17481330
6370190
10056673
6503763
17441928
10603368
9806484
10708139
8071371
18894566
14707694
6881902
12167824
12277148
10382796
11902619
8888170
11044736
8955823
10054853
14055803
15101155
9552306
11820793
5725809
10718508
11528143
11069978
7503374
13243421
6772126
10884660
10055161
15659380
18493614
12466901
12019523
16095480
7327855
12682065
7622877
13184776
12108803
16587298
11337119
11683850
13205033
10697488
14689560
5828313
9104781
13072022
7715632
8777435
3858012
5974015
12887454
7698203
6636762
4389892
7477565
10514582
12190308
16479514
7217223
10471477
17257720
12405799
9943387
9613713
11143094
17111135
12916404
17965389
12822689
7577876
10074863
10000625
10492485
11253796
8301392
7860866
12251973
13590642
13669316
7649333
7046391
19385382
7757089
9908333
5189915
8808610
5996567
8723187
7359287
11404684
10388385
7802208
9522213
7618909
11728855
10084944
11008697
8702392
14774104
11014903
9992049
10004489
10399722
13749621
17316109
11704358
9131258
11349724
4207718
19721095
13280907
7824192
13543656
12818703
13760889
5604304
12999666
12248537
8061482
12032010
13079173
9792636
10851114
12041536
8533811
8162766
11169042
10603466
6872729
6794412
12321097
13230584
14233075
8666782
10713995
14882138
12829336
14211127
15028479
6142798
10085243
10292172
14734820
12567716
10040950
10617539
13544999
11910212
17091250
18161841
11406317
9101831
16677035
11535561
11371745
6877638
6804312
7417490
9653392
15122646
18492929
11449584
7279066
10935946
8502355
7259001
10873596
17647685
6059106
11280861
11436480
9717454
7658426
10512791
6090296
7009885
13954767
10675218
7080792
6763359
9199979
9735789
15362802
10756158
5331246
7394506
12230558
8310180
12206929
9165740
12628453
8915629
12780574
12838214
9560650
13259964
5017386
5610757
11993092
9191309
13482671
15480037
10276414
11853569
14323205
8469969
11092337
12563375
14449970
13424595
10989531
6606814
3848033
11203954
11248567
8770380
5374256
8794797
12805548
10444597
7757742
3826361
7764740
9913651
9483302
8576603
14894864
12084391
18684493
14130913
14397342
11103059
3581066
9709384
14715142
12104357
10169925
15877473
15370140
10429868
16472982
10971869
8770859
10348326
14959011
13083156
8179411
11923596
13265945
10327370
9943750
17301124
17285871
13402636
13494405
7357586
7416367
10138775
15024003
11828862
8242379
13684518
8923619
11832405
13975389
13050324
14858225
14261403
12363521
9991675
6593392
11915100
14873338
8345753
12213644
12679658
11591810
11195881
5336867
13200022
10381578
9785051
12130223
12135840
10170670
15512383
13316064
9987537
5220090
19474548
8054096
11674472
11012318
9672525
11517107
14970721
4778517
10639050
14173783
11646617
14388000
15009883
10251166
11894052
11025349
9275225
15728612
13552520
11543281
16946474
13056608
7726727
3301278
8766189
14063167
9049921
13932425
11322355
8075310
7197127
6986406
11026914
13428037
11656691
17483021
13646107
5326802
16260017
11817144
5018811
7715825
16280053
15810913
13936150
9180532
15361528
14479803
12853384
11594044
8986762
12415572
12757720
10484691
15257381
13716402
6241380
11053837
8915266
13242149
12545294
15897059
14383816
10873590
16557207
9966974
7825049
15471401
7002799
13534512
10442844
7352190
11387042
8535293
11445072
8242151
11577922
15945557
4361282
14512472
10928517
16906267
10602816
11719089
8818002
21287336
17742046
14014165
8903925
9753172
10576512
10326911
5460664
9533634
8291714
3647867
10227287
11698629
8853301
12165840
12009197
12431692
13966659
6054494
12932833
11548204
10859516
10981382
12232474
9814544
14037719
10755648
12237575
10497715
4611249
11456465
12297649
16963601
15038495
17100503
7847408
10524127
4539416
9484506
10284702
7818340
17417132
8224049
7809545
17416002
10875515
14881791
10775261
10457887
8322908
15300427
6193627
11203586
14503250
15473044
10375353
5210667
10670442
7023829
9932477
5638850
5082649
10426856
14708533
9849133
10817364
4061698
8067710
13179043
10174680
12449732
6333709
6105238
4763412
6850740
15909453
10127105
8952321
13381639
11521206
7124936
12826277
7441714
8472872
7525435
14657175
6675464
7495332
12991986
13158999
12489597
11771902
8410455
12566085
10608322
11372661
12140906
5863616
10009896
15583771
7425809
7033930
13703270
12593231
4765757
11609545
18636693
13028524
6011123
15185358
14386369
11207699
5757404
17933528
17368805
17244074
7759606
10570291
14049582
8521404
7297703
11533580
7670174
11214041
11399862
14978949
11247703
10487301
16107460
10530271
16253449
7504038
10344619
10263283
15922708
3868094
9955817
10624589
11971712
17135276
9366117
9465019
10340463
13901604
9287172
8235286
13517190
8533771
16689277
10172022
8980790
11373452
8737700
6831469
6825568
13014371
12827329
18071024
16403484
13389649
10392131
8793992
14718405
8573284
14058228
7717057
13668137
11891947
12437025
13207747
14085793
10106197
12023558
12911950
13961738
11347502
15182300
5166377
7628877
10377982
13315018
9832646
13913367
13437841
10882131
12210148
9338354
9553255
12790232
12710598
7232460
14200433
9512207
8468173
7395883
3127870
8915002
8280731
7606239
10800658
19189011
9841577
11052799
14267155
7273710
17311404
12773659
10938487
14125323
16026825
10308803
11843471
12431335
15711784
15471941
7514367
11940441
17134916
11865305
8599012
10210497
9232567
7338065
9841366
15682864
14203927
11658947
8351240
14138376
9952893
10881980
13240005
8748670
11712987
15443016
13019187
13532422
14914876
8625952
9482899
11872167
18176846
9246808
13690608
14316427
8926350
14740829
9802714
10227229
10649566
4504403
8401162
10509052
6600183
7021224
10059215
11395558
14780441
1878911
10385482
10357728
5980846
15484156
13676096
14035435
9019379
10651994
7789021
13473137
13049079
14900471
7060547
6653826
14335266
15884571
13162527
13557087
7429518
10494486
14944698
13147797
7741666
15690232
8289620
5691881
12438758
10537958
12781292
8960121
11548843
7150985
11610983
12418620
7922252
11455819
12594284
12529148
8422082
14257419
12780111
6951658
11487012
11884965
11400672
4015431
8737980
16243600
9469314
6520775
12636245
14169655
10031477
6214580
11111994
14593543
12495349
10723746
14451577
7463756
10188919
18619398
10491438
5752290
10932902
13582750
11131415
8821277
11880475
3706818
14442781
7770155
5117748
12638302
8320846
10947755
9261432
12411118
12721727
11378460
5426823
10201512
14169830
9310918
10838057
7464687
18510393
11531006
6124633
12050479
13612289
12954172
7786486
11803286
9578700
10129206
10794866
10884149
9180729
10266269
12129993
5757831
12873265
13755536
14854560
11781624
13337604
11009401
11472194
13302359
12873612
9722791
12521037
6734459
11889718
13135825
15618945
8286177
10498782
14400789
16157002
14453970
8845211
10832517
12300545
18357061
9644147
15838941
16255366
17631954
5592909
11494693
11078584
18713409
6349686
6301050
11444013
13676949
9425100
6757630
12200637
13838236
9632486
10089008
13867040
10876185
13885696
16666190
10163755
14361829
14615023
20889651
6756480
15340758
9015027
12287670
11159170
7892719
12491758
12868706
11196862
12740018
9033072
7619912
7553192
13781795
14678503
8735770
15167859
15497010
12266317
12967035
8923365
5996931
14266847
8487915
14162559
10780162
7247303
10019620
9738950
13171377
13265603
14280279
8245272
11874618
11164787
16689502
12176869
14536660
11012223
7547270
8306555
8694690
13778610
15094876
14974186
14746561
11416847
15960686
14305220
12025286
11714262
15740873
14202312
12306743
4878330
13831622
13123559
6707500
14658704
16851916
12780374
10435117
13366644
16823691
13286555
9643437
14569725
10720925
17536844
11845538
12161074
9328214
8348482
8609431
10486951
15834927
15204396
14717251
11915834
8137408
15021980
8140412
10246382
11456649
7306614
14046959
10363184
13271086
9232575
14272842
6886298
13244626
4146490
12618951
8532129
7472102
11858546
11147299
9528850
12201570
8527490
12365337
4795026
14303186
3254494
8254932
15023997
7686176
12646702
11008176
4394222
11433157
5757211
12202186
10552745
12118423
12181171
12339430
5318708
12545797
18204718
11025375
15523007
11114971
10948056
7476182
12320924
12319135
12636580
12890567
16702936
7062340
7718623
10734526
10439528
9038591
11733757
12329007
9625047
10715156
12737672
10718150
11064391
16125963
10142447
9930325
12734074
13305522
14494048
13145793
10742027
7951156
13648356
9375881
15484288
10512055
8829033
14466930
12571323
16763912
8920080
5141979
9773993
11971864
8277347
14527653
7216854
11634973
13871664
14565272
9154471
15455661
8221474
7556063
14681280
7462176
3201292
16830564
11946163
13118271
5993824
6844845
10670168
10509546
10927073
12314012
10392375
12077473
15329579
15026953
6994664
7881906
9441866
14108480
9349059
12906957
14820065
13277281
12331413
6627227
9454613
15551902
12310642
8754384
13369800
9624303
11787157
11051901
13829189
9685724
11079326
14454885
15808247
16329147
15115612
13371130
12308654
12364364
6783325
13256344
14326940
8473414
12659212
12014927
14730702
11482288
12621589
8059187
14397752
15027275
4404614
14087647
7690032
12949131
13949767
9609591
11559285
11698872
9811953
6856346
9182384
5005007
16584259
11141202
13065093
8274130
10426540
10284532
9559277
10501331
6842001
8269948
7944560
15425617
10272105
7539553
12854825
8003821
7907661
7738103
13631703
9223750
12462498
5949883
10317481
8805127
12924780
14041460
11171288
6471781
6655845
18318791
11586193
10793472
8737721
5495880
12394040
5756392
7433218
18289075
10440075
12684426
8966470
9834587
10177128
9244939
20263954
8847427
8350936
9739970
12985357
11357103
13842393
11650275
9559313
6548026
4993324
6909525
8145606
10612072
8027520
15793560
9300471
6699272
7347376
14725092
15188083
12375455
9568380
13161630
7924273
14084068
10262204
19728302
12784484
15341243
14931184
11244792
10868356
10143043
6688601
9797179
9640833
15037773
5817307
9495870
7155549
9840892
13627804
12021894
7267960
6300255
18399150
12739813
14600890
13539470
11480611
16408700
9095069
11051518
8575704
14400380
11899696
9013692
6512091
12984536
11827750
4650751
11754420
10235016
11735051
3492221
8533448
6362890
13082259
13781317
4939015
16814281
15569064
9816681
10730366
11303141
17868009
13209283
10471205
9334051
7839920
9580067
13488284
15936910
5592073
10184834
18020296
14461133
6202396
12810677
7882708
14622150
10877572
7846580
11908762
9349518
14083880
21117566
17996048
20300854
8540425
8866761
11837910
11424665
8941001
12197091
11347701
9794635
9747084
4604231
5888686
7929393
12736070
10437366
9048983
16744352
13159089
14005863
11724095
16128526
6083223
8135483
12099583
11698688
10666907
10730200
9588504
10308023
10661377
14773851
10856546
8300351
12136694
12299744
13626524
5883364
11705813
10568111
10653696
9226280
9495506
11567400
10739298
7919391
9194783
6265270
11577225
9824142
9815139
9959883
10463595
9075091
14417627
17545335
12269201
14406644
9201023
13919787
9658335
11855434
14736830
12854779
10862344
9603121
14850353
8619001
8942060
8952591
7496358
11322487
7884418
8778769
11620014
8320649
11146359
13121925
10777507
10593131
8240473
11057106
12131977
8001953
15713144
12440616
10852151
9319275
6041487
10142017
8050394
10078543
17467307
9860291
11282048
6992929
7622572
10136494
8076020
9773927
9001243
7852220
12551254
7777032
13326782
19831574
10120810
13124370
16261746
12738076
4853051
12882618
5385031
5938482
5611376
10244830
17099695
12772878
13910978
15472635
9059204
12755184
15998709
6936171
9775507
13599344
16635080
9913829
11904585
8230548
14697820
11775103
8053072
5867867
7274136
12337820
11393478
11781330
10807050
12615863
12142542
15651004
13263366
8848058
12915337
11891822
13696258
17042029
12723880
15059631
9543427
8173240
16167078
13259865
8071153
7399519
8989713
17652739
12594567
14141932
12472013
6880343
4571961
6797256
10137348
7430334
14775878
13553189
16282504
14312580
6328581
10053328
4831098
18320886
19439899
10781881
13198460
6521443
7598054
16117824
11292599
6846857
15295834
12363551
11185664
7191144
10713895
11803522
14380679
9494348
12372668
9594232
9268813
3178545
11400987
20648894
11575076
14845619
15112154
14582654
11445840
13614466
11568885
12753222
15332716
2215204
13819057
12314171
9090758
6826695
13425585
14620407
8778777
7460871
9129278
15316115
8636478
11323236
15020227
13732749
10161378
13095111
14020247
4455370
8511409
12482511
10681581
15595641
17322381
7976670
11112160
8502066
17109134
12888464
11220323
7884833
8569413
9303604
12719562
10755236
19069946
10166442
13022706
10770368
11148305
18402088
6966907
12214175
13145615
12002748
16557097
8323781
13130646
12877154
6130009
5043342
10545616
15972104
10834926
18791202
4577547
14163438
10824690
13074124
16851512
6542544
15260399
7202333
15163726
11871731
12872521
9588971
12720819
11321040
9169120
8586264
7595000
6455513
12181465
10614454
11289023
7686484
12512770
13530584
10706337
8139187
7750222
14781215
20520905
17820981
4751619
10179317
9241435
11772379
17525082
11052378
6594941
15158437
7757122
7790799
13601327
11856061
15049702
17594895
8976890
10687772
5992823
12733575
11197181
10331592
10413581
15258775
13744822
8388685
12279029
6105489
7558462
8686895
16288279
10652685
8104551
5962621
12023743
13882468
14894263
6378562
5695519
15714629
9662245
11959405
15596213
9576355
9764165
11411957
7657968
14782278
5475835
11844082
8475798
7261629
14584611
14619490
12998038
12568017
7793228
17480124
12930989
12760873
12904817
15660954
15007723
10311577
11974069
12145967
8910231
19276978
11322870
9956470
11605936
12679328
13694515
11693766
7195005
9208501
15635130
13396488
9564558
7507974
10826981
11547162
14132188
9529594
10795853
15429226
15572643
10398057
11910558
12769419
17525641
7756154
9006168
3659086
12064866
6891212
19151955
11734555
15295672
10486757
15131651
14880467
8713121
11932091
15212408
13790031
12935057
13014578
13348423
10262876
11700530
9332428
10203684
3145990
16082740
7522199
9619881
12424892
13719776
13544202
15005386
7740480
11203187
9676059
13428004
13697876
12059236
7594155
10958698
17248700
5605343
5694873
16975650
11448683
13367189
16588644
10196537
7138247
11979426
11597235
13131183
12592616
7369344
6270962
9619786
11675649
8136860
10444403
10828412
9305313
8414342
14780841
14905978
16092064
12694426
8710913
7761567
17674835
9359381
15418180
2222129
6336413
9336857
10772936
10583823
15523363
9239644
12849688
10017440
14374782
11822771
11803937
7044138
17937328
13724880
10216601
9155541
8162191
7702551
9809024
4147356
10377112
13145205
10574470
9528241
9338555
15498275
10393039
7871812
14737061
14946835
8619618
9418527
10989518
6852757
10028934
12325555
15471193
21752528
10677468
13648914
10707316
12194789
14052989
9553313
12482866
6117929
4337754
15762086
12183910
10257729
16568133
14056834
16255265
11383659
9229674
6901044
11329027
8193007
11553434
10922288
9258729
8568097
18105023
17082914
17168023
12551040
9855357
9737693
13020804
6875606
15613708
14901243
14279121
9062746
13198643
11141393
15114468
11264013
16134496
9544481
12284789
8391081
14893425
3972302
4228945
11808984
6787557
10615004
10332413
17829771
6434104
7715533
8233604
3865862
15202082
10602180
13347046
9211663
20915375
7295408
10712414
8641937
7461397
13435935
9643794
14711321
11361755
10693380
10557699
11240116
11326440
2861995
7565479
13820841
10425858
9304286
17670436
10443450
17378039
10724171
8381740
12877814
17585100
11393066
17994504
17000462
16955995
8597209
9199210
12703861
14935006
11589049
12760951
12255111
15885551
12141936
14497717
5828913
10171808
17568354
16000853
13148944
10781349
10744855
16818703
6624978
11545854
13964047
6538285
14049170
6551889
15466249
16035949
11698214
18423442
11966837
12817364
7166653
11059461
12009425
9487625
10022569
11144627
10673528
11647953
11329347
17798927
15022431
12619481
2579579
11908657
11648165
11740179
8057753
12683934
6868334
8203193
11129966
6096708
12428413
8846438
3874267
14379423
17847360
7818393
9922938
8058734
22836148
9619316
8129113
12722816
9433159
14546699
8504674
8755303
11902502
11865886
11374291
11574090
12925471
13391859
18695443
9376382
12936487
7191867
7539721
15602231
20987443
8335143
12169269
13064537
12778225
8922769
9983740
8118129
13064980
7552190
11472644
8378029
7831558
10583236
13839327
15690673
9171317
16227363
13302333
10861470
17804756
15862900
8143336
5298374
12400873
7592521
8314174
8666726
6612131
7496978
9059163
21909832
9898542
13390201
10333567
10636357
10479028
10875323
10958909
9941057
14381976
11374065
8488755
6203190
6351098
8484666
8402526
12099507
11213908
6041344
10920060
19454112
7771143
9449467
8265967
10371717
8520098
11051491
8562429
16036863
15812367
12729590
8715773
12888412
7683312
18632106
14516777
10878741
12066514
13061137
13783375
7204155
7394184
10937215
15056644
14497271
12840946
6529456
5871529
10788047
10625121
9661987
11242836
10752933
10826102
7054453
16943749
8853488
14852528
16496405
12353548
12800948
14897448
13598162
10902544
9760529
8208064
9054203
9341879
9766655
9554424
8680090
14107066
12117295
9248471
12230568
22512374
9773941
8726643
17590105
14342187
6797565
18643222
5604562
15377494
17326228
12166081
11672049
3551787
15970466
10778120
15194416
11157599
10732094
14540073
13478575
9690900
16200398
10807809
14700363
9394431
10817020
14277347
13025987
10306137
11098690
11919337
9088423
11845085
12581710
13218974
11645004
10022513
11260413
14580405
9648950
17856057
17141807
15233798
11893342
13692165
13857318
11030709
7968973
8790498
16461566
17451708
8668227
5050225
11961766
12586907
16207175
10836826
9752480
14762728
16012716
6665510
8176572
12416055
11095327
5275692
13441982
14537909
13093225
7814228
14794125
10596602
11974368
5956724
15993513
11100108
8802914
13461749
7975170
9773802
12609434
10244008
9776588
8674885
3228380
9823172
11231310
11454722
11264472
14438070
13618507
6535334
10384159
10329604
11677127
5280378
8467085
10163751
5617657
17205508
7980984
12001346
9791365
14263229
7215676
20940222
6326877
7048159
7667403
11746171
13418843
12086019
18324648
9309235
10896198
8809624
19324508
10882940
7687754
14385462
15926088
8788456
18827279
6256063
19221101
16655828
18473854
12019639
14159460
12873664
7014336
4371330
14920430
15198104
13181695
5413724
10251542
9857975
12225452
9330212
15827819
10728451
9285470
14016277
11152951
15657956
17836880
11898181
9068200
6242334
10664980
8305863
7294961
8618297
6994334
18931291
7429588
13627779
17136030
13251774
12514477
4898170
10734248
9938277
9670090
6229958
13569897
14349492
15825132
15909071
11846349
10170090
8251030
9643941
10373899
13106635
15372126
14312375
5952110
10463854
14917894
15245333
10088272
12767203
7867435
11291447
9523524
10083432
9821326
7633397
14752053
15417317
15590529
3528732
14596127
10459587
6778085
13752638
12697931
17967467
11162759
11641701
14088994
10563733
6223702
10541908
6086121
20983635
11182058
8287420
13252237
6845301
12303916
6102338
12758642
11420842
11620345
10999981
3982773
9106279
20902116
8566762
9098715
14217061
10455498
12892472
8683651
10547400
10648655
8333356
10443177
17577880
11798416
13019258
6897352
5636385
4022572
9946895
14351203
9187233
9909366
6495279
9577062
12682045
19026586
5539669
12635444
3954901
19613618
9691670
20748516
15208247
14311458
7611306
11278268
8138961
13317666
10653853
14652638
7698741
13920922
9876205
10279319
10592695
12306457
10292885
13435383
11323149
9845858
12195451
20863083
8146228
15043102
10381357
9601522
13587653
4188972
15846430
16679773
14883914
7387665
17607116
10157446
15873322
9039311
9364512
8720696
8504431
14817562
6123117
15413333
13852494
13021523
6055053
8432594
8864586
5638936
13097557
16684632
18310484
22985214
10848845
15800168
7750756
16676407
3986192
13727318
13876907
9011528
9596078
3532969
16864823
9490072
15609136
15993194
11653916
13192177
8831081
10122849
7136375
9801879
11567607
10849842
7569096
11415744
8738165
13531796
12040192
15186722
7259722
12618905
9857891
9469617
17204403
9567065
11919959
9742554
14964577
13909696
11024302
3173670
11066999
11077940
8782777
11453562
12722911
14422670
2881837
15845091
11054389
10830140
9472510
4068117
14173388
9979470
17373531
12659713
10125645
12515747
10842158
17915991
11279628
14329143
9277602
10896184
10382260
9106251
7009566
7808478
8035344
10969442
10042580
12770139
13673062
15373684
15414470
2635647
14304059
15452841
7531767
10326882
13765791
15536113
10774633
13528137
11985809
9940560
20519311
12823218
12816877
9999650
12078128
18871596
15634683
11139051
7682906
10929431
6218577
12287286
6108003
12775139
11688207
4119573
13056100
18030886
9009883
10530921
8170575
13403622
8807511
7414422
16187481
7355155
16520739
11843266
16935269
9151834
10134106
9945635
14815896
15206317
12928798
12973704
10336446
10589497
19517575
9279856
9612229
9812790
13640346
17176146
13423996
10783998
10507128
15303523
8677960
3568091
18924618
14955880
8942127
14215347
13406818
12766530
26271189
12209554
15200042
7854848
12223582
13232607
9479291
11158667
11518156
14353953
12112235
14044467
16411936
13028375
9375511
11723135
12604065
12238463
9386339
14662494
13482867
10169816
9185439
13960676
7551351
14898026
6083861
7257850
14512631
13147511
11408614
10099146
10188285
8782099
14638902
14405624
8236681
8086321
11226375
5679334
20609530
10254032
9939938
14592434
8207974
12225863
12483553
10662331
13337528
9007960
16940276
9206649
12967745
9121722
17944272
9007447
12285759
5910597
12521043
6482150
5626929
8418723
12183915
4898996
10165940
10945399
4839047
9273868
9779210
16834970
18812009
15970385
20528724
14390516
8703133
15180125
15439007
13889131
12349512
8842495
6165853
13783608
13157055
13277546
12881510
14915520
12620104
2116158
16118257
8113916
14795764
16088360
8274959
13941762
19300658
11371786
17388007
14160432
14322914
17841998
17641040
20015811
8404144
9352219
13224166
13996183
4255802
11711619
12713892
7385545
14876711
15385308
8580141
12347190
12492912
10863248
16882350
11070248
13129585
13612601
12539434
21262823
14206753
9599862
9867903
10653105
8079326
14579168
14427543
8905564
14002745
10994388
9619659
19458386
13170296
10110382
3046768
11574584
17947582
13416999
11654506
4951149
14190871
9657750
13943344
7884624
15432725
8884143
19401361
10806136
12680940
12772941
11882999
9522415
11166202
14112723
17701915
7459561
5032709
15315613
13221164
12673810
11042128
12479392
15190727
15609030
12465137
5781207
11215963
7683849
13106451
9918284
13409441
6812623
11307304
9227170
7831278
10542388
12330253
11685149
12225531
12791406
11261181
10702667
8479329
9996807
13955580
14828396
7815332
11636928
10061372
8536167
11667060
12370295
12237513
6309578
15114309
15155993
4078204
10563413
15126100
16251047
12339671
11396858
16845633
14945020
14685799
12418579
11298089
8318322
10291960
16439411
12135299
10849743
9060011
11865385
8263202
13246307
14770251
10654478
8705769
13325261
6464829
9314243
8866158
12387425
12371164
16179167
10282779
9345801
8531635
14723722
16850628
10747202
12299884
6084708
14098088
11342809
9435215
6886789
19051036
11824445
10124956
9510742
11301464
11789859
4508553
11798779
9877950
14381625
10479023
13916648
10360672
13806218
17618068
15403556
5117788
14381482
6660616
13677193
11063057
12181597
12241627
14012287
12817540
12205442
7839149
13277690
10042534
8331132
11883741
10319966
9692315
11250311
12452134
13554237
6965246
12379326
14956873
14369949
9453348
15200690
7088315
9076514
14134419
6760432
8010712
9984480
9708618
12383796
12872193
12089694
11823982
6400093
17767965
9469453
10965492
10855661
11862479
10513168
17508716
17800974
16143837
4406574
9497588
11480592
4356807
6877734
13925182
8502019
11796205
9305568
14870522
12029174
11812506
10283062
16201264
11977451
17886745
12503788
12329650
1377507
3898546
11813239
5467346
18247793
14075540
15248185
14046604
10936685
8073362
13843727
16027473
16522244
10104228
17512940
6775737
8386823
11517933
12729800
9199322
11042318
10983065
14688688
16469205
17231785
16129080
11174054
12336481
9147240
8046904
16579837
7616437
14103286
6921692
15243845
12893734
13768555
11660954
10332822
11476053
8249982
4317665
10703996
16289136
11739473
12342846
14464631
9808096
10661687
14813628
10995705
7057728
4567212
9923014
4275729
18246106
17198249
10511999
16461942
18032881
11234227
24063413
10680999
14503727
7186174
12158483
13819944
13720142
9324386
14183608
13614930
11244882
10269983
8170716
9135799
11896241
14181815
9712309
7865077
5271200
9851957
12631408
10131756
9925262
13359073
8179921
16234636
10971736
16380800
11285825
8368651
13150598
8542650
17994940
12764832
12222947
15054266
12933295
13399477
10000269
6595384
11382465
7720139
14302793
12392584
12106402
13644874
11787053
7809417
9751086
9614433
10789666
12500789
7526113
13891488
16836641
14421289
12961554
11639423
10958911
7153554
10199212
11359243
9060791
14989426
14921624
11113793
7209655
15566718
6150821
11747856
10208711
14324864
11674859
19499292
6388081
13127824
17964471
16782698
13797534
16339290
7473650
10002739
11738599
7717069
11005007
16385266
11094403
12852639
4621125
17053548
9437990
9280946
7935779
12366011
14135784
14364027
14325183
8020932
5459183
7588257
5382485
15432450
8098973
8865425
16948771
11132936
14126617
8352040
13466503
10720237
14475151
6759623
13391054
6593353
11902747
14593739
9092671
10933541
14130092
10142279
8041701
5483345
11278865
14245219
10258408
18336437
11857951
9189998
14893299
12991218
11708073
17311148
10005526
18469251
11860458
5954965
17984696
10375238
11611633
14075143
5233314
11112866
14288903
19398792
11418394
9119126
8355707
4269853
10750927
8001964
14432464
7822162
5390281
8257038
13068898
11617116
15612449
14857194
8176059
8121457
10523272
15656523
9389662
9134924
8026441
7819496
15829422
11278473
11338055
11906042
12479554
15455990
9107954
11271201
17029807
10349489
6203529
10321910
12363764
7176511
14114138
8814543
10931161
9518203
12574828
14831834
10247664
12844178
6576490
10391959
15440028
10464436
10489646
12163529
9257220
6676872
11498585
8734873
15034666
13544417
17114806
17559127
9149446
7290871
9908308
10207393
15105887
9280417
9656750
13648632
13785346
11209252
11314987
11828878
5633922
8834082
6270865
17803713
9194261
6600955
18138699
12716471
8660969
10600831
13343556
9985362
16867943
8562273
15760927
18771538
12492279
8833131
5993071
6462992
9961719
10804105
11380896
4819581
15197010
10424854
8412154
4183641
14228306
11022734
6853603
10281674
7637781
7963462
12000837
9760544
14057632
14940486
9244107
9400454
10449932
10641117
8696934
7922038
19157581
17754761
12554563
13240185
10250604
15671639
12140327
12844551
11777068
15269304
8341252
9621153
16832796
12375784
4670397
14816093
18836813
10099249
11468287
12961516
11789534
10565956
14853489
14076100
6870557
12890988
5531035
11762144
11074599
13241941
13228773
16048271
7124951
11081932
15557793
8753875
10710433
14817184
12651914
8936510
9847798
14213214
9706971
3599658
14158478
7270130
17227846
9212693
13018686
13087806
9457184
8027469
14053702
8304626
15276467
10165988
15200090
13027756
12256465
13302867
8726095
19664518
10109272
14175527
9806140
15192338
8184826
8263978
10967282
11656181
10086127
13608946
9096894
11071158
18479985
16436813
12943070
8308269
9144002
8337625
9932506
14466407
11502258
6278820
8756262
14812628
9227502
16684858
11839567
11850828
14837509
6625100
11980069
7271273
15280072
8177135
8322376
7363381
9877112
7670560
8255329
6631725
12873002
10429160
15371032
9496681
8023714
3770118
10109139
15107216
13450128
13410565
8828984
10801687
11067004
19316375
10459839
6520179
14498030
9549222
8540290
13226847
14310465
13150311
17363857
9939299
9558102
14801503
9370493
12688774
11736065
13949609
15205388
11320362
10493293
5010123
10304914
11803827
8635315
7685394
16024162
8915234
14482623
7888236
13282469
18662869
12546227
17734818
7570491
13425969
13209750
14866616
10817759
10997580
9530923
10717210
13762951
8819192
17151501
5542178
17970055
11224646
9585664
9349726
17686531
16161001
18027280
9320701
7915392
12924802
15027471
12285527
16075243
14383628
9423211
10570254
10170054
7129875
11412053
14480124
9700404
12316525
14047908
10908498
7134914
14056517
11008661
12402352
18957559
15518440
9276713
7494668
11362727
9153089
14043505
13504955
9718567
9399075
7359211
10095483
7188623
13269711
10882377
6767760
6235631
10914136
8379548
9837167
14621917
11290849
10532722
16408891
15482471
10904314
8561342
12382347
13442009
18701488
15785261
10453466
8207845
12661933
9400941
6834987
16968057
5747201
7602663
6079653
14913333
11314974
9826517
7276000
11365853
17669997
7621965
12938880
13135793
18891385
6481501
8339563
19402720
10422751
4491582
12519981
13476274
11162382
7891864
14863349
9876952
11937002
7973199
11041218
9231479
14205905
6821182
15396851
13161451
5277127
12234599
9822250
8166785
15313312
10134440
17869609
14280481
8197651
4434778
6603484
9184188
7234864
6023950
9861884
13803803
10544317
9786290
9444723
14470273
11297241
6232217
10660304
8674998
17660408
17179277
17416714
11255146
13291469
10234057
10844308
17471995
10555299
4591425
13481034
12010170
11419516
10290263
12261822
5550974
8370399
7391543
11030724
7646024
9769588
9959145
12327020
13755437
13091217
16511235
16427373
11975025
9808627
3896419
6328899
4749139
19236165
8985804
11106001
4042154
9853187
14728409
15234508
12953096
15370480
16564010
12564994
8110167
6821925
13012013
14519605
16877269
10515593
13974779
8942533
14649135
10452995
15029005
12902546
13666680
3539544
8568240
16415409
7628581
6803429
17467977
11796043
15963753
9853808
6956450
10949409
8262333
4870866
8861997
9657422
17703334
13391161
9533046
9742649
12757500
11525352
15485430
7457728
12085979
2665024
9304910
13535178
11440767
8900458
12134603
9260925
14368261
8737865
17188089
13241486
8517763
12408670
11393747
11069470
10148290
15718127
9618765
17084048
6895398
14150380
14591831
14257964
9202587
13836104
9709413
12029612
14837119
10918639
2997005
9531250
13251505
13067956
10703431
11001761
14134178
11702405
7519902
12365884
8564686
15617981
8764080
10144244
15200300
9325255
11512016
17578416
14060533
14087152
16321096
6988788
9315711
13525789
6430282
10330569
6369358
8597896
11816831
10934483
14416586
10915869
12908216
12121164
12746038
16632022
9601037
10610586
7773827
11249873
10169641
9632493
5825045
13295579
18922409
17096688
13050752
12362561
16480411
11191831
12367746
14021560
13977946
18209014
9001442
11963923
13369932
12162637
13787728
17529990
17029617
15170544
9106196
17514854
13391232
11550340
7368327
8224768
12958746
15493826
12273557
22386877
11853404
9670418
12598538
11694682
12711252
10414462
11185793
9947446
14565805
9185055
13322383
12750173
13624607
12143670
11449225
8002614
11612870
16797044
10306323
7984516
8787176
8859860
9351680
8822303
8846225
7932730
15163761
4422143
14433912
18395019
10510444
15020972
8206728
10780127
9374519
7735638
11745956
14465272
13214812
14154498
15116414
12841202
14688803
12903643
13859336
10583896
11896708
13577285
18713189
15230524
11661067
13128072
18352636
14194298
13028600
5798019
10818504
11517542
11715898
9579026
10364251
20858393
15383999
15044718
12242513
11126804
16418775
10231773
7075971
4829166
11387961
9811723
18491477
10955969
8486975
12566579
8162750
14274352
16516535
10457866
11979656
4959031
12660060
7849896
11506117
9170543
10973696
11482333
10649272
6323339
15909926
10019415
10048531
9724325
8985125
13327637
11033553
13651557
11630589
11627765
15571215
10260163
11084458
14418437
5056325
11606321
10583911
11783939
8615969
8860885
12146217
16942318
14082274
9208852
8718539
13663861
13218650
7147042
8524159
8337798
11519448
15680491
2922283
9765401
8838521
15384955
6130233
12497482
12773448
7415920
13771580
8893132
14002665
12079647
7708904
7599813
5031172
10785146
13283052
13012364
8698040
10701912
18423976
18369549
9250071
12284101
9617341
11878079
17037993
6525828
12804181
12438777
11799443
8934309
13880593
6504319
11093172
11468140
12497414
11002230
8521081
14063138
14970462
14295466
7497246
11815725
10324176
11428933
14182757
8982483
8407777
16079903
12725705
11173370
9503834
14443450
9854171
7328805
6895055
10150988
12716904
13472595
6339307
11861847
9417977
11871406
4793596
11234246
12796973
11764703
7182760
11601049
12926981
14222021
12525853
12637287
11492202
8144380
13086999
10152425
15058053
13768178
9002702
16698240
15507234
3483977
6085067
10429791
6300183
15782925
8279829
11424285
13105939
17954113
16223602
9975247
9344824
8376245
7982411
8495653
16243593
14548779
16092833
14752685
14553550
9102080
12694984
8758706
11948695
14489584
12023373
14544838
12756382
12510140
11608189
10545404
9429738
15302693
11365264
14287746
12104762
9588067
11003507
11358267
6848116
11805923
13124334
12024750
8976754
15187857
11152053
10238169
13603242
17892322
9908786
4626743
9463650
15168051
13257787
12688437
9074184
9423254
5900799
9484520
7678047
7167150
12018200
6884217
12270394
14564845
11780824
10281265
15693433
15666097
9567992
9662674
9332466
6884417
9666242
4837766
11748803
6602816
9557254
6933635
11071143
10114161
11139611
7656777
7129180
12352441
13219582
9133308
7125184
9059501
15227534
14191155
18997909
10467322
10746373
14513955
14097332
5795492
10592982
12156438
6690817
5072648
8200405
8620791
11081580
9072650
9596332
11785991
16274346
10806396
7534295
16733920
12216800
15463003
13341968
12975040
12052518
8403973
15117554
10281241
9804749
15199386
13408433
13010807
13460231
12322971
18410817
13774914
3190206
6056543
10262244
13989710
10106099
11336055
12584749
14168427
6595396
17009078
5108378
14844237
13810239
13386377
8545882
9823509
14603523
13511793
13401277
8441679
13982046
11962313
13037452
8979375
8848800
17707464
5849789
16591189
4032409
9583566
16405420
13443081
9833991
11355572
13846583
7739380
8771115
11720213
16125837
9500545
10329249
5307921
15628258
11645071
9132380
10990103
6988384
12352937
9247787
13902524
6536079
13891197
8818914
15517070
14999571
10784836
12971491
8757899
7818648
11630643
17062443
7760415
12494285
13618875
15623041
7648150
4609928
6592065
14043599
12389437
8847583
13091008
9673427
17403827
12714906
10071205
12435247
10295359
18242653
9683422
14108899
11479163
12946087
19526922
6474830
6402581
14759600
15332196
12534896
13433951
6146144
17517994
18973328
13417334
10506814
10718960
11577808
10700752
11634825
7350732
7502898
8845123
6743595
15012846
11987439
13529540
8087316
19997020
12953399
15519812
10313389
13239728
7533169
10240262
11405626
9249558
5081710
10338272
12635218
10401137
9818422
15861513
11656631
14784139
15926449
14517702
8790966
16485085
7385161
10121249
11779362
17082148
8647071
10183797
14568933
17987350
8511067
20267421
12633476
19032119
17963673
6478830
10437173
9581176
8454010
8735501
15604287
16917641
15312751
7465075
16874186
15065111
5878589
12079719
9830643
12098319
11110089
12484288
10734338
6458450
11526426
17821494
14348343
15928090
4153904
7180122
15909890
14236144
16362155
14428104
16097575
8731341
15533892
12899505
12840071
5002016
17068163
14413868
8696691
12686419
12260599
18016442
10055046
9651178
11835866
10045761
19006530
11870549
6510570
10248825
9272006
14163170
9575669
5071904
20667911
10180485
14581784
13371025
10180794
10485329
12564684
14258697
12776530
8852977
12204811
6476701
10997247
16257298
16367555
15229864
6121047
9582666
17144584
17232019
9394156
9926183
24073106
14229210
15117927
14411471
9910742
7300361
8697189
11426860
9053301
16421258
15290288
10555254
10043812
10923854
6921435
9602709
10261549
11460124
11122770
17578315
15691697
18347484
4564260
5774183
8732532
8929784
11277838
12149421
7938051
9404443
9176459
12936298
10730433
14986074
13156057
9055209
12705374
13190971
6785591
16439564
20256577
13068946
7346596
20401836
8317760
12456432
14575070
8570109
11632388
7239015
14090215
19087609
10420017
7802221
13732931
7982697
14735509
4068430
13480094
10553056
12990277
7374111
14382941
13562669
14122462
14935407
15940277
9786665
7642146
8760525
9666442
7561622
17147175
9199124
5100091
18586280
11869825
9068236
12603689
5689544
13508499
10482322
13752672
17753330
16337208
10703767
14788362
13045387
10069508
7820421
9631955
7462331
17252190
14826638
16016488
9377281
6846981
15833046
12674930
11751527
6105692
9837852
6464489
14730419
14059121
10842767
10299981
6351624
7521100
13993090
10860424
7266359
7306561
17889243
9930936
4768496
11768892
13674473
1191188
9416303
15613824
12000982
4899899
10259964
11933647
8617448
11193450
18898508
9852243
16909277
15232661
11480027
12189156
485822
13145059
16327497
12501203
11443138
8092322
10347432
12746669
13948737
3902481
16463123
8164650
7733925
19885838
5776480
14351839
7903976
11427751
9613142
16731609
9461725
15701811
17461640
13047477
12861426
11273838
14429590
14189277
15534735
8550520
12798297
14733894
8711892
13430280
6820479
12407827
14963575
10325018
9321810
8903007
15300251
7720775
10492925
8797308
17150666
14653222
14707631
6787395
16323766
15868215
9711514
13326234
8480684
7668917
17266425
10525789
16824489
15808436
12428729
16997566
8390723
10962294
8735212
10267620
10024108
17717542
10973405
4648348
12650482
6423492
9624022
12533734
11780029
13291691
6735044
8749838
14356931
18766302
9091783
14882508
6738313
9855985
16712344
12115076
12499872
8653637
10695279
6485153
15770875
16674559
12434738
11139670
9198816
11645721
4910375
5201264
11220096
10463054
8504025
11052578
10590275
14193272
6324877
9382867
9630961
12456789
8996356
16719209
12656837
13839180
12088935
11938278
13518053
12132437
11558443
11927162
12343958
4047641
14189763
12395796
14345580
8944115
11534280
14750225
9990071
16771002
13047188
10089997
17564763
7009184
4888990
6698145
12099856
19423439
16754890
7782277
8100911
10047463
9076262
8141320
18783636
9825943
17683131
13363563
5979482
5563046
14491322
11622455
13311967
17248419
15695629
12513542
17090194
15997948
13042325
13961465
10198201
12597309
8451323
15457815
9459546
9760712
8188311
16997285
8249183
17988529
10108224
12782038
6807216
10050149
8235395
14369091
12876549
11807828
10701208
11704277
9921097
8358179
11728815
9661569
14385013
13172253
12987407
12681067
8360977
14459851
11903788
12646422
11193319
8260056
6734046
15956247
12020237
13306479
14970884
17789558
14450033
4229294
8997352
10490909
10199237
15345048
18651258
14329850
17264612
14626003
6399683
11486351
17829504
13219569
16259812
14495892
11846455
15057014
14785325
18134090
6792804
14425180
11341937
4884709
8412049
16870551
12214025
10413767
6034407
8724195
15156234
6470490
15298178
10992121
5661350
5205763
13771841
14375612
15162531
12038793
14113301
12622143
14423833
15163770
14311924
8775526
10939023
13623491
11877846
6427322
13452171
9171193
12565069
4446565
10728168
17724876
14412974
8035326
9446046
8454064
6805245
10783696
10415856
17126068
13546698
13394065
10508688
15113456
11568773
12543028
14416526
11571829
10560677
16083924
15100645
9859298
16112274
12013945
7712344
11765179
11613809
14880292
8505002
11361696
16474419
17570887
15847348
11565747
12433223
9760894
15193714
5162135
8664097
8994315
9078744
9401461
14981515
11117977
11016749
9878643
10864102
13595551
6988511
11028442
13644864
16537662
13559183
12826556
10553578
16667781
13356498
19954916
16317839
9962382
10489547
7021380
8420022
13332533
13560186
6446550
15384604
6742168
17965039
7708041
3649412
11819929
12172784
17115421
12685710
16426760
14441413
11769894
13607870
3794354
12246826
11493124
12410702
13323044
10130032
9565128
9154556
14072600
11717204
8917195
9529814
16634081
7586938
13153706
11329334
8574894
12152344
15824931
15672188
7189474
9982182
9822025
15656312
14454151
10021943
9191384
7509283
13410249
20164381
14333359
10827888
8969039
10024529
13301438
8634627
13448080
12672064
5322629
5059746
9700557
17887660
9411725
11829934
15280505
6847822
11388045
10527415
10350683
13053430
13418270
7355535
12832375
15924157
14481442
10211328
9001806
10270976
11823685
4852289
13414680
16438494
15585425
10438850
15448785
13802920
8024700
3637881
14921366
14218392
9825693
11334254
12045794
10968918
9812341
16092993
13848450
6627559
11721270
10537896
16091643
9350572
9316744
15196193
11885515
17834259
15321885
11707033
13736089
16953238
10943006
10239832
13124802
13403947
17229036
9764454
13041940
8311572
9852785
9510794
17111762
9354653
17009244
13080914
17372250
5050676
7996239
15668036
13381552
8603604
6736995
9277941
4694448
20110855
7595177
13400427
13434539
10718292
5300796
19600935
4854916
12150999
4698266
12894237
10300117
12263676
10947976
10997381
15174327
11062694
13566104
13037498
15663285
17739107
6176621
11532713
12510468
10074417
14292913
10636789
11552154
3653287
18601378
10162043
15314940
14027152
7441663
13649649
8666337
8350905
13457193
15258069
7281693
4193564
6644640
17630023
6118236
16053470
9391644
14187626
12333949
9743502
20011095
10384421
13088511
8390421
12474867
8224553
8919877
14715506
8414310
11134943
10852900
14647839
9604681
13547596
17818739
11266785
11748339
8389527
14471982
11411212
11335264
17122781
8555847
6620884
11063632
13683576
7726059
12014998
8304704
7734620
6303621
11841351
9961965
15198716
4399266
13559693
17089394
12651215
17855101
8901881
17143873
11923470
13974722
7160462
17077699
12686744
13685692
12326334
12468361
5221065
10477922
12046386
13169094
9616297
10821311
9424871
8918552
8416592
13019282
17385988
9578682
16069262
10047108
10796493
8157481
9284242
16069306
10555084
15957597
8141421
10675201
16784793
15916842
12560115
4233931
11748235
12180665
13502772
11757557
7720696
15236286
16597002
12755062
18500769
17029239
19575970
9844314
12481832
13820402
11929736
7694668
16067642
12233709
19563290
16501485
12565081
8480611
10245642
11352034
22043567
12526107
15392153
11811385
14898712
9902257
14002006
8697161
2540577
10543054
11229767
14038851
14079324
12981773
13347579
9180597
7470293
20978949
5397595
8762575
10158966
14663469
9806671
8008297
14668352
8478553
19036358
13839141
17289322
12068461
10568696
16391843
12564983
18692172
7225835
17062851
14012077
18795413
12095190
7758805
9111838
16695622
14689684
10250591
6282332
9816316
10992031
10175992
10447927
12064316
11059057
12215213
9619617
11485570
8309661
11793272
10963625
9638361
13972938
14798105
11436343
10531830
13723625
11053567
13076150
17351483
12668554
12725392
9044422
11694752
11575903
11560220
13375086
19116453
7892777
8472385
19230721
11135365
17833603
9620403
9150996
16376888
13283923
13732835
11346042
8496932
4550166
9715045
15139139
17480006
12083713
14449841
14768764
15866340
14795392
14767220
14358106
22442287
12171812
16437969
13686550
9329032
11619701
9710045
9751883
10494282
13125552
12176487
18839798
15547193
18192340
16962996
9549896
10591528
7495429
14803130
5522323
9301291
11600834
10653730
13572215
10700498
9924041
10282182
8003911
8652151
9090832
