756 756
192 61 63 67 75 81 89 97 143 145 151 163 173 181 189 203 209 215 217 219 223 225 235 241 243 253 259 261 269 273 275 277 281 283 285 287 289 293 295 297 301 305 309 313 315 317 325 331 341 343 349 351 357 359 363 367 371 373 377 379 381 385 397 399 403 409 411 413 421 423 425 429 433 435 437 439 443 445 447 449 451 453 457 461 463 465 469 471 473 475 481 485 487 489 491 493 497 499 501 505 509 511 513 519 521 523 525 531 533 537 541 547 549 551 553 555 557 565 567 573 575 577 579 581 585 587 589 591 593 595 597 599 601 603 605 609 611 613 617 619 621 623 625 627 629 631 633 635 637 639 641 643 645 647 649 651 655 657 661 667 669 671 675 677 679 681 683 685 687 689 691 693 695 697 699 701 703 705 707 709 711 713 715 717 719 721 723 725 727 729 731 733 735 
196 1 3 5 7 13 31 33 37 45 57 61 63 65 67 69 75 79 81 87 89 91 95 97 99 105 107 109 113 117 121 123 127 131 137 141 143 145 149 151 155 159 161 163 167 171 173 177 181 183 189 193 195 197 203 207 209 211 213 215 217 219 221 223 225 227 233 235 237 239 241 243 245 247 251 253 255 259 261 263 267 269 271 273 275 277 279 281 283 285 287 289 293 295 297 299 301 305 309 311 313 315 317 319 323 325 327 329 331 333 341 343 345 347 349 351 353 357 359 361 363 367 369 371 373 375 377 379 381 385 387 391 395 397 399 403 405 407 409 411 413 415 417 421 423 425 427 429 431 433 435 437 439 443 445 447 449 451 453 455 457 459 461 505 511 531 557 573 575 579 581 587 589 603 621 623 627 629 635 649 655 657 661 683 685 687 695 697 703 721 723 729 745 747 749 753 755 
193 1 3 5 7 9 11 13 15 25 29 31 33 37 39 41 45 53 55 57 59 61 63 65 67 69 71 75 77 79 81 85 87 89 91 93 95 97 99 101 103 105 107 109 111 113 115 117 121 123 125 127 129 131 133 135 137 139 141 143 145 149 151 155 159 161 163 167 169 171 173 175 177 179 181 183 185 189 191 193 195 197 199 201 203 205 207 209 211 213 215 217 219 221 223 225 227 229 231 233 235 237 239 241 243 245 285 301 371 373 377 379 397 429 435 437 439 443 449 451 473 493 497 501 505 511 519 521 531 537 547 549 555 557 573 575 579 581 587 589 591 593 595 599 601 603 617 621 623 625 627 629 631 635 639 641 643 645 647 649 655 657 661 667 669 671 683 685 687 689 693 695 697 699 703 705 713 715 719 721 723 725 727 729 735 737 739 741 745 747 749 751 753 755 
202 1 3 5 7 9 13 31 33 37 39 45 53 55 57 61 63 65 67 69 75 77 79 81 87 89 91 93 95 97 99 101 105 107 109 113 115 117 121 123 127 131 137 139 141 143 145 149 151 155 159 161 163 167 169 171 173 175 177 179 181 183 185 189 191 193 195 197 201 203 207 209 211 213 215 217 219 221 223 225 227 233 235 237 239 241 243 245 247 251 253 255 259 261 263 265 267 269 271 273 275 277 279 281 283 285 287 289 293 295 297 299 301 303 305 307 309 311 313 315 317 319 321 323 325 327 329 331 333 335 339 341 343 345 347 349 351 353 355 357 359 361 363 365 367 369 371 373 375 429 435 451 497 501 505 511 521 531 547 549 557 573 575 579 581 587 589 591 603 621 623 627 629 635 641 643 647 649 655 657 661 667 671 683 685 687 693 695 697 699 703 705 721 723 725 729 741 745 747 749 751 753 755 
190 1 3 5 7 9 11 13 15 17 19 25 29 31 33 35 37 39 41 43 45 47 49 51 53 55 57 59 61 63 65 67 69 71 73 75 143 151 173 203 209 217 225 241 243 259 261 269 273 275 277 281 285 287 289 293 295 297 301 305 313 315 331 343 357 359 363 367 371 373 377 379 385 397 399 409 411 413 425 429 435 437 439 443 445 447 449 451 453 457 461 463 465 473 485 487 491 493 497 499 501 505 511 519 521 523 525 531 537 547 549 551 553 555 557 565 567 573 575 577 579 581 585 587 589 591 593 595 599 601 603 611 613 617 621 623 625 627 629 631 633 635 637 639 641 643 645 647 649 651 655 657 661 667 669 671 675 677 681 683 685 687 689 693 695 697 699 703 705 709 711 713 715 719 721 723 725 727 729 733 735 737 739 741 743 745 747 749 751 753 755 
197 33 45 61 63 67 75 81 89 95 97 123 131 141 143 145 151 155 159 163 173 181 189 197 203 209 215 217 219 221 223 225 227 235 237 241 243 253 259 261 269 273 275 277 281 283 285 287 289 293 295 297 301 305 309 313 315 317 319 323 325 331 333 341 343 349 351 357 359 361 363 367 371 373 377 379 381 385 391 395 397 399 403 409 411 413 417 421 423 425 429 433 435 437 439 443 445 447 449 451 453 455 457 461 463 465 467 469 471 473 475 481 485 487 489 491 493 497 499 501 505 509 511 513 519 521 523 525 531 533 537 541 543 547 549 551 553 555 557 563 565 567 571 573 575 577 579 581 585 587 589 591 593 595 597 599 601 603 605 607 609 611 613 617 619 621 623 625 627 629 631 633 635 637 639 641 643 645 647 649 651 653 655 657 659 661 665 667 669 671 673 675 677 679 681 703 721 729 
198 1 3 5 7 13 31 33 37 45 53 57 61 63 65 67 69 75 79 81 87 89 91 95 97 99 105 107 109 113 117 121 123 127 131 137 141 143 145 149 151 155 159 161 163 167 171 173 175 177 179 181 183 185 189 191 193 195 197 203 207 209 211 213 215 217 219 221 223 225 227 233 235 237 239 241 243 245 247 251 253 255 259 261 263 267 269 271 273 275 277 279 281 283 285 287 289 293 295 297 299 301 305 309 311 313 315 317 319 323 325 327 329 331 333 339 341 343 345 347 349 351 353 357 359 361 363 365 367 369 371 373 375 377 379 381 385 387 389 391 393 395 397 399 403 405 407 409 411 413 415 417 419 421 423 425 427 429 431 433 435 505 511 531 557 573 575 579 581 587 589 591 603 621 623 627 629 635 643 647 649 655 657 661 683 685 687 695 697 703 705 721 723 729 745 747 749 753 755 
184 1 3 5 7 9 11 13 15 17 19 25 29 31 33 37 39 41 45 51 53 55 57 59 61 63 65 67 69 71 73 75 77 79 81 83 85 87 89 91 93 95 97 99 101 103 105 107 109 173 209 217 225 241 259 269 273 275 277 281 285 287 293 295 301 305 315 331 359 363 367 371 373 377 379 385 397 399 409 411 413 425 429 435 437 439 443 445 447 449 451 453 457 463 465 473 485 487 491 493 497 499 501 505 511 519 521 523 525 531 537 547 549 555 557 565 567 573 575 577 579 581 585 587 589 591 593 595 599 601 603 611 617 621 623 625 627 629 631 635 637 639 641 643 645 647 649 655 657 661 667 669 671 675 677 683 685 687 689 693 695 697 699 703 705 709 713 715 719 721 723 725 727 729 733 735 737 739 741 745 747 749 751 753 755 
198 1 3 5 7 9 13 31 33 37 39 41 45 53 55 57 61 63 65 67 69 75 77 79 81 87 89 91 93 95 97 99 101 105 107 109 113 115 117 121 123 127 131 137 139 141 143 145 149 151 155 159 161 163 167 169 171 173 175 177 179 181 183 185 189 191 193 195 197 201 203 207 209 211 213 215 217 219 221 223 225 227 233 235 237 239 241 243 245 247 251 253 255 259 261 263 265 267 269 271 273 275 277 279 281 283 285 287 289 293 295 297 299 301 303 305 307 309 311 313 315 317 319 321 323 325 327 329 331 333 335 339 341 343 345 347 349 351 353 355 357 359 361 371 429 435 451 497 501 505 511 521 531 547 549 557 573 575 579 581 587 589 591 595 603 621 623 627 629 635 641 643 647 649 655 657 661 667 671 683 685 687 693 695 697 699 703 705 721 723 725 729 741 745 747 749 751 753 755 
186 3 7 13 33 45 61 63 67 75 81 89 95 97 105 109 113 117 123 127 131 141 143 145 151 155 159 161 163 167 173 181 183 189 193 197 203 209 213 215 217 219 221 223 225 227 235 237 239 241 243 245 253 255 259 261 269 273 275 277 279 281 283 285 287 289 293 295 297 299 301 305 309 313 315 317 319 323 325 329 331 333 341 343 345 349 351 353 357 359 361 363 367 369 371 373 375 377 379 381 385 387 391 395 397 399 403 405 409 411 413 415 417 421 423 425 427 429 433 435 437 439 443 445 447 449 451 453 455 457 461 463 465 467 469 471 473 475 481 483 485 487 489 491 493 497 499 501 503 505 507 509 511 513 515 517 519 521 523 525 527 529 531 533 535 537 539 541 543 545 547 549 557 627 635 649 657 683 695 697 703 721 723 729 745 747 749 
190 1 3 7 13 33 45 61 63 67 69 75 81 87 89 95 97 105 107 109 113 117 123 127 131 137 141 143 145 149 151 155 159 161 163 167 173 181 183 189 193 197 203 209 213 215 217 219 221 223 225 227 235 237 239 241 243 245 251 253 255 259 261 269 271 273 275 277 279 281 283 285 287 289 293 295 297 299 301 305 309 313 315 317 319 323 325 327 329 331 333 341 343 345 347 349 351 353 357 359 361 363 367 369 371 373 375 377 379 381 385 387 391 395 397 399 403 405 407 409 411 413 415 417 421 423 425 427 429 431 433 435 437 439 443 445 447 449 451 453 455 457 461 463 465 467 469 471 473 475 481 483 485 487 489 491 493 497 499 501 503 505 507 509 511 513 515 517 519 521 523 557 575 579 603 627 635 649 657 661 683 685 695 697 703 721 723 729 745 747 749 
192 1 3 7 13 33 45 61 63 67 69 75 81 87 89 95 97 105 107 109 113 117 123 127 131 137 141 143 145 149 151 155 159 161 163 167 173 181 183 189 193 195 197 203 209 213 215 217 219 221 223 225 227 233 235 237 239 241 243 245 247 251 253 255 259 261 269 271 273 275 277 279 281 283 285 287 289 293 295 297 299 301 305 309 313 315 317 319 323 325 327 329 331 333 341 343 345 347 349 351 353 357 359 361 363 367 369 371 373 375 377 379 381 385 387 391 395 397 399 403 405 407 409 411 413 415 417 421 423 425 427 429 431 433 435 437 439 443 445 447 449 451 453 455 457 461 463 465 467 469 471 473 475 481 483 485 487 489 491 493 497 499 501 503 505 507 509 511 513 531 557 575 579 587 603 627 635 649 655 657 661 683 685 687 695 697 703 721 723 729 745 747 749 
193 3 7 13 33 45 61 63 67 75 81 89 95 97 105 109 113 117 123 127 131 141 143 145 151 155 159 161 163 173 181 183 189 197 203 209 213 215 217 219 221 223 225 227 235 237 239 241 243 245 253 255 259 261 269 273 275 277 279 281 283 285 287 289 293 295 297 299 301 305 309 313 315 317 319 323 325 331 333 341 343 345 349 351 353 357 359 361 363 367 369 371 373 377 379 381 385 387 391 395 397 399 403 409 411 413 415 417 421 423 425 427 429 433 435 437 439 443 445 447 449 451 453 455 457 461 463 465 467 469 471 473 475 481 483 485 487 489 491 493 497 499 501 503 505 509 511 513 515 517 519 521 523 525 527 531 533 535 537 541 543 547 549 551 553 555 557 559 561 563 565 567 569 571 573 575 577 579 581 583 585 587 589 591 593 649 657 683 695 697 703 721 729 749 
191 3 7 13 33 45 61 63 67 75 81 89 95 97 105 109 113 117 123 127 131 141 143 145 151 155 159 161 163 173 181 183 189 197 203 209 213 215 217 219 221 223 225 227 235 237 239 241 243 245 253 255 259 261 269 273 275 277 279 281 283 285 287 289 293 295 297 299 301 305 309 313 315 317 319 323 325 331 333 341 343 345 349 351 353 357 359 361 363 367 369 371 373 377 379 381 385 387 391 395 397 399 403 409 411 413 415 417 421 423 425 427 429 433 435 437 439 443 445 447 449 451 453 455 457 461 463 465 467 469 471 473 475 481 483 485 487 489 491 493 497 499 501 503 505 509 511 513 515 517 519 521 523 525 527 531 533 535 537 541 543 547 549 551 553 555 557 559 561 563 565 567 569 571 573 575 577 579 581 583 585 587 649 657 683 695 697 703 721 723 729 749 
192 3 7 13 33 45 61 63 67 75 81 89 95 97 105 109 113 117 123 127 131 141 143 145 151 155 159 161 163 173 181 183 189 197 203 209 213 215 217 219 221 223 225 227 235 237 239 241 243 245 253 255 259 261 269 273 275 277 279 281 283 285 287 289 293 295 297 299 301 305 309 313 315 317 319 323 325 331 333 341 343 345 349 351 353 357 359 361 363 367 369 371 373 377 379 381 385 387 391 395 397 399 403 409 411 413 415 417 421 423 425 427 429 433 435 437 439 443 445 447 449 451 453 455 457 461 463 465 467 469 471 473 475 481 483 485 487 489 491 493 497 499 501 503 505 507 509 511 513 515 517 519 521 523 525 527 531 533 535 537 541 543 547 549 551 553 555 557 559 561 563 565 567 569 571 573 575 577 579 581 583 585 649 657 683 695 697 703 721 723 729 745 749 
188 3 7 13 33 45 61 63 67 69 75 81 89 95 97 105 107 109 113 117 123 127 131 137 141 143 145 149 151 155 159 161 163 167 173 181 183 189 193 197 203 209 213 215 217 219 221 223 225 227 235 237 239 241 243 245 253 255 259 261 269 271 273 275 277 279 281 283 285 287 289 293 295 297 299 301 305 309 313 315 317 319 323 325 329 331 333 341 343 345 349 351 353 357 359 361 363 367 369 371 373 375 377 379 381 385 387 391 395 397 399 403 405 407 409 411 413 415 417 421 423 425 427 429 431 433 435 437 439 443 445 447 449 451 453 455 457 461 463 465 467 469 471 473 475 481 483 485 487 489 491 493 497 499 501 503 505 507 509 511 513 515 517 519 521 523 525 527 529 531 533 535 557 627 635 649 657 661 683 685 695 697 703 721 723 729 745 747 749 
185 1 3 5 7 9 11 13 15 17 19 25 29 31 33 37 39 41 45 51 53 55 57 59 61 63 65 67 69 71 73 75 77 79 81 83 85 87 89 91 93 95 97 99 101 103 105 107 109 111 113 115 117 121 123 125 127 129 131 133 135 137 173 225 241 259 269 273 275 277 285 287 295 301 305 315 331 359 363 367 371 373 377 379 385 397 399 409 413 425 429 435 437 439 443 449 451 453 457 463 473 487 491 493 497 501 505 511 519 521 523 525 531 537 547 549 555 557 565 573 575 577 579 581 587 589 591 593 595 599 601 603 611 617 621 623 625 627 629 631 635 637 639 641 643 645 647 649 655 657 661 667 669 671 675 677 683 685 687 689 693 695 697 699 703 705 709 713 715 719 721 723 725 727 729 733 735 737 739 741 745 747 749 751 753 755 
190 1 3 5 7 9 11 13 15 19 25 29 31 33 37 39 41 45 51 53 55 57 59 61 63 65 67 69 71 73 75 77 79 81 83 85 87 89 91 93 95 97 99 101 103 105 107 109 111 113 115 117 121 123 125 127 129 131 133 135 137 139 141 143 145 147 149 151 153 155 157 159 161 241 259 269 273 275 277 285 287 295 301 315 331 367 371 373 377 379 385 397 399 409 413 425 429 435 437 439 443 449 451 453 457 463 473 487 491 493 497 501 505 511 519 521 523 525 531 537 547 549 555 557 565 573 575 577 579 581 587 589 591 593 595 599 601 603 611 617 621 623 625 627 629 631 635 637 639 641 643 645 647 649 655 657 661 667 669 671 677 683 685 687 689 693 695 697 699 703 705 709 713 715 719 721 723 725 727 729 733 735 737 739 741 745 747 749 751 753 755 
193 1 3 5 7 9 11 13 15 25 29 31 33 37 39 41 45 53 55 57 59 61 63 65 67 69 71 75 77 79 81 85 87 89 91 93 95 97 99 101 103 105 107 109 113 115 117 121 123 125 127 129 131 133 135 137 139 141 143 145 149 151 155 159 161 163 167 169 171 173 175 177 179 181 183 185 189 191 193 195 197 201 203 205 207 209 211 213 215 217 219 221 223 225 227 229 231 233 235 237 239 241 243 245 247 249 251 253 255 257 259 261 285 301 371 373 377 379 397 429 435 443 449 451 473 497 501 505 511 519 521 531 537 547 549 555 557 573 575 579 581 587 589 591 593 595 599 601 603 617 621 623 625 627 629 631 635 641 643 645 647 649 655 657 661 667 669 671 683 685 687 689 693 695 697 699 703 705 713 715 719 721 723 725 727 729 739 741 745 747 749 751 753 755 
197 1 3 5 7 9 13 31 33 37 39 41 45 53 55 57 61 63 65 67 69 75 77 79 81 87 89 91 93 95 97 99 101 105 107 109 113 115 117 121 123 127 131 137 139 141 143 145 149 151 155 159 161 163 167 169 171 173 175 177 179 181 183 185 189 191 193 195 197 201 203 205 207 209 211 213 215 217 219 221 223 225 227 233 235 237 239 241 243 245 247 251 253 255 259 261 263 265 267 269 271 273 275 277 279 281 283 285 287 289 293 295 297 299 301 303 305 307 309 311 313 315 317 319 321 323 325 327 329 331 333 335 339 341 343 345 347 349 351 353 355 371 429 435 449 451 497 501 505 511 521 531 547 549 557 573 575 579 581 587 589 591 595 603 621 623 627 629 635 641 643 647 649 655 657 661 667 671 683 685 687 693 695 697 699 703 705 721 723 725 729 741 745 747 749 751 753 755 
191 1 3 5 7 9 11 13 15 19 25 29 31 33 37 39 41 45 51 53 55 57 59 61 63 65 67 69 71 73 75 77 79 81 83 85 87 89 91 93 95 97 99 101 103 105 107 109 111 113 115 117 121 123 125 127 129 131 133 135 137 139 141 143 145 147 149 151 155 157 159 161 163 165 241 259 269 273 275 277 285 287 295 301 315 331 367 371 373 377 379 385 397 399 409 413 425 429 435 437 439 443 449 451 453 457 463 473 487 491 493 497 501 505 511 519 521 523 525 531 537 547 549 555 557 565 573 575 577 579 581 587 589 591 593 595 599 601 603 611 617 621 623 625 627 629 631 635 637 639 641 643 645 647 649 655 657 661 667 669 671 677 683 685 687 689 693 695 697 699 703 705 709 713 715 719 721 723 725 727 729 733 735 737 739 741 745 747 749 751 753 755 
187 1 3 7 13 33 45 61 63 67 69 75 81 89 95 97 105 107 109 113 117 123 127 131 137 141 143 145 149 151 155 159 161 163 167 173 181 183 189 193 197 203 209 213 215 217 219 221 223 225 227 235 237 239 241 243 245 251 253 255 259 261 269 271 273 275 277 279 281 283 285 287 289 293 295 297 299 301 305 309 313 315 317 319 323 325 329 331 333 341 343 345 349 351 353 357 359 361 363 367 369 371 373 375 377 379 381 385 387 391 395 397 399 403 405 407 409 411 413 415 417 421 423 425 427 429 431 433 435 437 439 443 445 447 449 451 453 455 457 461 463 465 467 469 471 473 475 481 483 485 487 489 491 493 497 499 501 503 505 507 509 511 513 515 517 519 521 523 525 527 529 557 627 635 649 657 661 683 685 695 697 703 721 723 729 745 747 749 
189 3 7 13 33 45 61 63 67 69 75 81 89 95 97 105 107 109 113 117 123 127 131 137 141 143 145 149 151 155 159 161 163 167 173 181 183 189 193 197 203 209 213 215 217 219 221 223 225 227 235 237 239 241 243 245 253 255 259 261 269 271 273 275 277 279 281 283 285 287 289 293 295 297 299 301 305 309 313 315 317 319 323 325 329 331 333 341 343 345 349 351 353 357 359 361 363 367 369 371 373 375 377 379 381 385 387 391 395 397 399 403 405 407 409 411 413 415 417 421 423 425 427 429 431 433 435 437 439 443 445 447 449 451 453 455 457 461 463 465 467 469 471 473 475 481 483 485 487 489 491 493 497 499 501 503 505 507 509 511 513 515 517 519 521 523 525 527 529 531 533 535 537 557 627 635 649 657 661 683 685 695 697 703 721 723 729 745 747 749 
194 3 7 13 33 45 61 63 67 75 81 89 95 97 109 113 117 123 127 131 141 143 145 151 155 159 161 163 173 181 183 189 197 203 209 213 215 217 219 221 223 225 227 235 237 239 241 243 245 253 255 259 261 269 273 275 277 279 281 283 285 287 289 293 295 297 299 301 305 309 313 315 317 319 323 325 331 333 341 343 345 349 351 353 357 359 361 363 367 369 371 373 377 379 381 385 387 391 395 397 399 403 409 411 413 415 417 421 423 425 427 429 433 435 437 439 443 445 447 449 451 453 455 457 461 463 465 467 469 471 473 475 481 483 485 487 489 491 493 497 499 501 503 505 509 511 513 515 517 519 521 523 525 527 531 533 535 537 541 543 547 549 551 553 555 557 559 561 563 565 567 569 571 573 575 577 579 581 583 585 587 589 591 593 595 597 649 657 683 695 697 703 721 729 749 
190 7 13 33 45 61 63 67 75 81 89 95 97 109 113 117 123 127 131 141 143 145 151 155 159 161 163 173 181 183 189 197 203 209 213 215 217 219 221 223 225 227 235 237 239 241 243 253 255 259 261 269 273 275 277 279 281 283 285 287 289 293 295 297 301 305 309 313 315 317 319 323 325 331 333 341 343 345 349 351 357 359 361 363 367 369 371 373 377 379 381 385 391 395 397 399 403 409 411 413 415 417 421 423 425 429 433 435 437 439 443 445 447 449 451 453 455 457 461 463 465 467 469 471 473 475 481 483 485 487 489 491 493 497 499 501 505 509 511 513 517 519 521 523 525 527 531 533 535 537 541 543 547 549 551 553 555 557 559 563 565 567 569 571 573 575 577 579 581 583 585 587 589 591 593 595 597 599 601 603 605 607 609 611 613 657 683 695 703 721 729 
196 33 61 63 67 75 81 89 95 97 123 141 143 145 151 163 173 181 189 197 203 209 215 217 219 221 223 225 227 235 241 243 253 259 261 269 273 275 277 281 283 285 287 289 293 295 297 301 305 309 313 315 317 319 323 325 331 341 343 349 351 357 359 361 363 367 371 373 377 379 381 385 391 395 397 399 403 409 411 413 417 421 423 425 429 433 435 437 439 443 445 447 449 451 453 455 457 461 463 465 467 469 471 473 475 481 485 487 489 491 493 497 499 501 505 509 511 513 519 521 523 525 531 533 537 541 543 547 549 551 553 555 557 563 565 567 573 575 577 579 581 585 587 589 591 593 595 597 599 601 603 605 607 609 611 613 617 619 621 623 625 627 629 631 633 635 637 639 641 643 645 647 649 651 653 655 657 661 667 669 671 673 675 677 679 681 683 685 687 689 691 693 695 697 699 703 729 
194 61 63 67 75 81 89 97 141 143 145 151 163 173 181 189 203 209 215 217 219 223 225 235 241 243 253 259 261 269 273 275 277 281 283 285 287 289 293 295 297 301 305 309 313 315 317 323 325 331 341 343 349 351 357 359 363 367 371 373 377 379 381 385 395 397 399 403 409 411 413 421 423 425 429 433 435 437 439 443 445 447 449 451 453 455 457 461 463 465 469 471 473 475 481 485 487 489 491 493 497 499 501 505 509 511 513 519 521 523 525 531 533 537 541 543 547 549 551 553 555 557 565 567 573 575 577 579 581 585 587 589 591 593 595 597 599 601 603 605 607 609 611 613 617 619 621 623 625 627 629 631 633 635 637 639 641 643 645 647 649 651 655 657 661 667 669 671 673 675 677 679 681 683 685 687 689 691 693 695 697 699 701 703 705 707 709 711 713 715 717 719 721 723 725 
184 1 3 5 7 9 11 13 15 17 19 25 29 31 33 35 37 39 41 45 47 49 51 53 55 57 59 61 63 65 67 69 71 73 75 77 79 81 83 85 87 89 91 93 143 173 209 217 225 241 259 269 273 275 277 281 285 287 293 295 297 301 305 313 315 331 343 359 363 367 371 373 377 379 385 397 399 409 411 413 425 429 435 437 439 443 445 447 449 451 453 457 463 465 473 485 487 491 493 497 499 501 505 511 519 521 523 525 531 537 547 549 555 557 565 567 573 575 577 579 581 585 587 589 591 593 595 599 601 603 611 617 621 623 625 627 629 631 635 637 639 641 643 645 647 649 651 655 657 661 667 669 671 675 677 683 685 687 689 693 695 697 699 703 705 709 713 715 719 721 723 725 727 729 733 735 737 739 741 745 747 749 751 753 755 
192 61 63 67 75 81 89 97 143 145 151 163 173 181 189 203 209 215 217 219 223 225 235 241 243 253 259 261 269 273 275 277 281 283 285 287 289 293 295 297 301 305 309 313 315 317 325 331 341 343 349 351 357 359 363 367 371 373 377 379 381 385 397 399 403 409 411 413 421 423 425 429 433 435 437 439 443 445 447 449 451 453 457 461 463 465 469 471 473 475 481 485 487 489 491 493 497 499 501 505 509 511 513 519 521 523 525 531 533 537 541 547 549 551 553 555 557 565 567 573 575 577 579 581 585 587 589 591 593 595 597 599 601 603 605 609 611 613 617 619 621 623 625 627 629 631 633 635 637 639 641 643 645 647 649 651 655 657 661 667 669 671 675 677 679 681 683 685 687 689 691 693 695 697 699 701 703 705 707 709 711 713 715 717 719 721 723 725 727 729 731 733 735 
199 1 3 5 7 9 13 25 31 33 37 39 41 45 53 55 57 59 61 63 65 67 69 71 75 77 79 81 87 89 91 93 95 97 99 101 103 105 107 109 113 115 117 121 123 125 127 129 131 135 137 139 141 143 145 149 151 155 159 161 163 167 169 171 173 175 177 179 181 183 185 189 191 193 195 197 201 203 205 207 209 211 213 215 217 219 221 223 225 227 231 233 235 237 239 241 243 245 247 249 251 253 255 259 261 263 265 267 269 271 273 275 277 279 281 283 285 287 289 293 295 297 299 301 303 305 307 309 311 313 315 317 319 321 323 325 327 371 397 429 435 449 451 497 501 505 511 521 531 547 549 557 573 575 579 581 587 589 591 593 595 599 603 621 623 625 627 629 635 641 643 647 649 655 657 661 667 671 683 685 687 693 695 697 699 703 705 719 721 723 725 727 729 741 745 747 749 751 753 755 
192 1 3 5 7 9 11 13 15 17 19 21 25 29 31 33 35 37 39 41 43 45 47 49 51 53 55 57 59 61 63 65 143 151 173 203 209 217 219 225 241 243 259 261 269 273 275 277 281 285 287 289 293 295 297 301 305 313 315 331 341 343 357 359 363 367 371 373 377 379 385 397 399 409 411 413 425 429 435 437 439 443 445 447 449 451 453 457 461 463 465 473 485 487 489 491 493 497 499 501 505 511 513 519 521 523 525 531 537 547 549 551 553 555 557 565 567 573 575 577 579 581 585 587 589 591 593 595 599 601 603 605 611 613 617 621 623 625 627 629 631 633 635 637 639 641 643 645 647 649 651 655 657 661 667 669 671 675 677 679 681 683 685 687 689 693 695 697 699 703 705 709 711 713 715 719 721 723 725 727 729 733 735 737 739 741 743 745 747 749 751 753 755 
197 1 61 63 75 81 89 97 143 145 151 173 181 189 203 209 215 217 219 225 235 241 243 259 261 269 273 275 277 281 283 285 287 289 293 295 297 301 305 309 313 315 317 325 331 341 343 349 357 359 363 367 371 373 377 379 381 385 397 399 403 409 411 413 421 423 425 429 433 435 437 439 443 445 447 449 451 453 457 461 463 465 469 471 473 475 481 485 487 489 491 493 497 499 501 505 509 511 513 519 521 523 525 531 533 537 541 547 549 551 553 555 557 565 567 573 575 577 579 581 585 587 589 591 593 595 597 599 601 603 605 609 611 613 617 621 623 625 627 629 631 633 635 637 639 641 643 645 647 649 651 655 657 661 667 669 671 675 677 679 681 683 685 687 689 691 693 695 697 699 701 703 705 707 709 711 713 715 717 719 721 723 725 727 729 731 733 735 737 739 741 743 745 747 749 751 753 755 
203 1 3 5 7 13 31 33 37 45 53 55 57 61 63 65 67 69 75 79 81 87 89 91 95 97 99 101 105 107 109 113 115 117 121 123 127 131 137 139 141 143 145 149 151 155 159 161 163 167 169 171 173 175 177 179 181 183 185 189 191 193 195 197 203 207 209 211 213 215 217 219 221 223 225 227 233 235 237 239 241 243 245 247 251 253 255 259 261 263 265 267 269 271 273 275 277 279 281 283 285 287 289 293 295 297 299 301 303 305 307 309 311 313 315 317 319 321 323 325 327 329 331 333 335 339 341 343 345 347 349 351 353 357 359 361 363 365 367 369 371 373 375 377 379 381 383 385 387 389 391 393 395 397 399 401 403 429 451 501 505 511 521 531 547 557 573 575 579 581 587 589 591 603 621 623 627 629 635 641 643 647 649 655 657 661 667 683 685 687 693 695 697 703 705 721 723 729 745 747 749 751 753 755 
203 1 3 5 7 9 13 31 33 37 45 53 55 57 61 63 65 67 69 75 79 81 87 89 91 93 95 97 99 101 105 107 109 113 115 117 121 123 127 131 137 139 141 143 145 149 151 155 159 161 163 167 169 171 173 175 177 179 181 183 185 189 191 193 195 197 201 203 207 209 211 213 215 217 219 221 223 225 227 233 235 237 239 241 243 245 247 251 253 255 259 261 263 265 267 269 271 273 275 277 279 281 283 285 287 289 293 295 297 299 301 303 305 307 309 311 313 315 317 319 321 323 325 327 329 331 333 335 339 341 343 345 347 349 351 353 355 357 359 361 363 365 367 369 371 373 375 377 379 381 383 385 429 451 497 501 505 511 521 531 547 549 557 573 575 579 581 587 589 591 603 621 623 627 629 635 641 643 647 649 655 657 661 667 671 683 685 687 693 695 697 703 705 721 723 725 729 741 745 747 749 751 753 755 
205 1 3 5 7 13 31 33 37 45 53 55 57 61 63 65 67 69 75 79 81 87 89 91 93 95 97 99 101 105 107 109 113 115 117 121 123 127 131 137 139 141 143 145 149 151 155 159 161 163 167 169 171 173 175 177 179 181 183 185 189 191 193 195 197 203 207 209 211 213 215 217 219 221 223 225 227 233 235 237 239 241 243 245 247 251 253 255 259 261 263 265 267 269 271 273 275 277 279 281 283 285 287 289 293 295 297 299 301 303 305 307 309 311 313 315 317 319 321 323 325 327 329 331 333 335 339 341 343 345 347 349 351 353 355 357 359 361 363 365 367 369 371 373 375 377 379 381 383 385 387 389 391 393 395 397 429 451 497 501 505 511 521 531 547 557 573 575 579 581 587 589 591 603 621 623 627 629 635 641 643 647 649 655 657 661 667 683 685 687 693 695 697 703 705 721 723 725 729 741 745 747 749 751 753 755 
190 1 3 5 7 9 11 13 15 17 19 25 29 31 33 35 37 39 41 43 45 47 49 51 53 55 57 59 61 63 65 67 69 71 143 151 173 203 209 217 225 241 243 259 261 269 273 275 277 281 285 287 289 293 295 297 301 305 313 315 331 341 343 357 359 363 367 371 373 377 379 385 397 399 409 411 413 425 429 435 437 439 443 445 447 449 451 453 457 461 463 465 473 485 487 489 491 493 497 499 501 505 511 519 521 523 525 531 537 547 549 551 553 555 557 565 567 573 575 577 579 581 585 587 589 591 593 595 599 601 603 611 613 617 621 623 625 627 629 631 633 635 637 639 641 643 645 647 649 651 655 657 661 667 669 671 675 677 681 683 685 687 689 693 695 697 699 703 705 709 711 713 715 719 721 723 725 727 729 733 735 737 739 741 743 745 747 749 751 753 755 
183 1 3 5 7 9 11 13 15 17 19 25 29 31 33 37 39 41 45 51 53 55 57 59 61 63 65 67 69 71 73 75 77 79 81 83 85 87 89 91 93 95 97 99 101 103 105 107 109 111 113 115 117 119 173 225 241 259 269 273 275 277 285 287 293 295 301 305 315 331 359 363 367 371 373 377 379 385 397 399 409 411 413 425 429 435 437 439 443 449 451 453 457 463 465 473 485 487 491 493 497 499 501 505 511 519 521 523 525 531 537 547 549 555 557 565 573 575 577 579 581 585 587 589 591 593 595 599 601 603 611 617 621 623 625 627 629 631 635 637 639 641 643 645 647 649 655 657 661 667 669 671 675 677 683 685 687 689 693 695 697 699 703 705 709 713 715 719 721 723 725 727 729 733 735 737 739 741 745 747 749 751 753 755 
195 33 45 61 63 67 75 81 89 95 97 113 123 131 141 143 145 151 155 159 163 173 181 189 197 203 209 215 217 219 221 223 225 227 235 237 241 243 253 255 259 261 269 273 275 277 281 283 285 287 289 293 295 297 301 305 309 313 315 317 319 323 325 331 333 341 343 349 351 357 359 361 363 367 371 373 377 379 381 385 391 395 397 399 403 409 411 413 417 421 423 425 429 433 435 437 439 443 445 447 449 451 453 455 457 461 463 465 467 469 471 473 475 481 485 487 489 491 493 497 499 501 505 509 511 513 517 519 521 523 525 531 533 537 541 543 547 549 551 553 555 557 559 563 565 567 571 573 575 577 579 581 583 585 587 589 591 593 595 597 599 601 603 605 607 609 611 613 617 619 621 623 625 627 629 631 633 635 637 639 641 643 645 647 649 651 653 655 657 659 661 683 695 703 721 729 
192 1 3 5 7 9 11 13 15 19 25 29 31 33 37 39 41 45 51 53 55 57 59 61 63 65 67 69 71 73 75 77 79 81 83 85 87 89 91 93 95 97 99 101 103 105 107 109 111 113 115 117 121 123 125 127 129 131 133 135 137 139 141 143 145 149 151 155 157 159 161 163 165 167 169 171 173 175 177 179 181 183 185 187 189 191 193 241 269 273 275 277 285 295 301 331 371 373 377 379 397 409 425 429 435 437 439 443 449 451 457 463 473 493 497 501 505 511 519 521 523 525 531 537 547 549 555 557 565 573 575 579 581 587 589 591 593 595 599 601 603 611 617 621 623 625 627 629 631 635 639 641 643 645 647 649 655 657 661 667 669 671 677 683 685 687 689 693 695 697 699 703 705 709 713 715 719 721 723 725 727 729 733 735 737 739 741 745 747 749 751 753 755 
200 1 3 5 7 9 13 25 31 33 37 39 41 45 53 55 57 59 61 63 65 67 69 71 75 77 79 81 87 89 91 93 95 97 99 101 103 105 107 109 113 115 117 121 123 125 127 129 131 135 137 139 141 143 145 149 151 155 159 161 163 167 169 171 173 175 177 179 181 183 185 189 191 193 195 197 201 203 205 207 209 211 213 215 217 219 221 223 225 227 231 233 235 237 239 241 243 245 247 249 251 253 255 259 261 263 265 267 269 271 273 275 277 279 281 283 285 287 289 293 295 297 299 301 303 305 307 309 311 313 315 317 319 321 323 325 327 329 371 397 429 435 449 451 497 501 505 511 521 531 547 549 557 573 575 579 581 587 589 591 593 595 599 603 621 623 625 627 629 635 641 643 647 649 655 657 661 667 671 683 685 687 693 695 697 699 703 705 719 721 723 725 727 729 741 745 747 749 751 753 755 
186 3 7 13 33 45 61 63 67 75 81 89 95 97 105 107 109 113 117 123 127 131 141 143 145 151 155 159 161 163 167 173 181 183 189 193 197 203 209 213 215 217 219 221 223 225 227 235 237 239 241 243 245 253 255 259 261 269 273 275 277 279 281 283 285 287 289 293 295 297 299 301 305 309 313 315 317 319 323 325 329 331 333 341 343 345 349 351 353 357 359 361 363 367 369 371 373 375 377 379 381 385 387 391 395 397 399 403 405 409 411 413 415 417 421 423 425 427 429 431 433 435 437 439 443 445 447 449 451 453 455 457 461 463 465 467 469 471 473 475 481 483 485 487 489 491 493 497 499 501 503 505 507 509 511 513 515 517 519 521 523 525 527 529 531 533 535 537 539 541 543 545 557 627 635 649 657 683 695 697 703 721 723 729 745 747 749 
199 1 3 5 7 9 13 25 31 33 37 39 41 45 53 55 57 59 61 63 65 67 69 71 75 77 79 81 87 89 91 93 95 97 99 101 103 105 107 109 113 115 117 121 123 125 127 129 131 135 137 139 141 143 145 149 151 155 159 161 163 167 169 171 173 175 177 179 181 183 185 189 191 193 195 197 201 203 205 207 209 211 213 215 217 219 221 223 225 227 231 233 235 237 239 241 243 245 247 249 251 253 255 259 261 263 265 267 269 271 273 275 277 279 281 283 285 287 289 293 295 297 299 301 303 305 307 309 311 313 315 317 319 321 323 325 327 371 397 429 435 449 451 497 501 505 511 521 531 547 549 557 573 575 579 581 587 589 591 593 595 599 603 621 623 625 627 629 635 641 643 647 649 655 657 661 667 671 683 685 687 693 695 697 699 703 705 719 721 723 725 727 729 741 745 747 749 751 753 755 
195 1 3 5 7 61 63 75 81 97 143 145 151 173 181 189 203 209 215 217 219 225 241 243 259 261 269 273 275 277 281 283 285 287 289 293 295 297 301 305 309 313 315 317 325 331 341 343 349 357 359 363 367 371 373 377 379 381 385 397 399 403 409 411 413 421 423 425 429 433 435 437 439 443 445 447 449 451 453 457 461 463 465 471 473 475 481 485 487 489 491 493 497 499 501 505 509 511 513 519 521 523 525 531 537 541 547 549 551 553 555 557 565 567 573 575 577 579 581 585 587 589 591 593 595 599 601 603 605 609 611 613 617 621 623 625 627 629 631 633 635 637 639 641 643 645 647 649 651 655 657 661 667 669 671 675 677 679 681 683 685 687 689 691 693 695 697 699 701 703 705 707 709 711 713 715 717 719 721 723 725 727 729 731 733 735 737 739 741 743 745 747 749 751 753 755 
200 1 3 5 7 9 13 31 33 37 39 45 53 55 57 61 63 65 67 69 75 77 79 81 87 89 91 93 95 97 99 101 105 107 109 113 115 117 121 123 127 131 137 139 141 143 145 149 151 155 159 161 163 167 169 171 173 175 177 179 181 183 185 189 191 193 195 197 201 203 207 209 211 213 215 217 219 221 223 225 227 233 235 237 239 241 243 245 247 251 253 255 259 261 263 265 267 269 271 273 275 277 279 281 283 285 287 289 293 295 297 299 301 303 305 307 309 311 313 315 317 319 321 323 325 327 329 331 333 335 339 341 343 345 347 349 351 353 355 357 359 361 363 365 367 369 371 429 435 451 497 501 505 511 521 531 547 549 557 573 575 579 581 587 589 591 603 621 623 627 629 635 641 643 647 649 655 657 661 667 671 683 685 687 693 695 697 699 703 705 721 723 725 729 741 745 747 749 751 753 755 
199 1 3 5 7 9 13 25 31 33 37 39 41 45 53 55 57 59 61 63 65 67 69 71 75 77 79 81 87 89 91 93 95 97 99 101 103 105 107 109 113 115 117 121 123 125 127 129 131 135 137 139 141 143 145 149 151 155 159 161 163 167 169 171 173 175 177 179 181 183 185 189 191 193 195 197 201 203 205 207 209 211 213 215 217 219 221 223 225 227 231 233 235 237 239 241 243 245 247 249 251 253 255 259 261 263 265 267 269 271 273 275 277 279 281 283 285 287 289 293 295 297 299 301 303 305 307 309 311 313 315 317 319 321 323 325 327 329 331 371 397 429 435 449 451 497 501 505 511 521 531 547 549 557 573 575 579 581 587 589 591 595 599 603 621 623 627 629 635 641 643 647 649 655 657 661 667 671 683 685 687 693 695 697 699 703 705 719 721 723 725 727 729 741 745 747 749 751 753 755 
187 3 7 13 33 45 61 63 67 75 81 89 95 97 105 109 113 117 123 127 131 141 143 145 151 155 159 161 163 167 173 181 183 189 193 197 203 209 213 215 217 219 221 223 225 227 235 237 239 241 243 245 253 255 259 261 269 273 275 277 279 281 283 285 287 289 293 295 297 299 301 305 309 313 315 317 319 323 325 329 331 333 341 343 345 349 351 353 357 359 361 363 367 369 371 373 375 377 379 381 385 387 391 395 397 399 403 405 409 411 413 415 417 421 423 425 427 429 433 435 437 439 443 445 447 449 451 453 455 457 461 463 465 467 469 471 473 475 481 483 485 487 489 491 493 497 499 501 503 505 507 509 511 513 515 517 519 521 523 525 527 531 533 535 537 541 543 545 547 549 551 553 555 557 627 635 649 657 683 695 697 703 721 723 729 745 747 749 
190 3 7 13 33 45 61 63 67 75 81 89 95 97 105 109 113 117 123 127 131 141 143 145 151 155 159 161 163 173 181 183 189 193 197 203 209 213 215 217 219 221 223 225 227 235 237 239 241 243 245 253 255 259 261 269 273 275 277 279 281 283 285 287 289 293 295 297 299 301 305 309 313 315 317 319 323 325 329 331 333 341 343 345 349 351 353 357 359 361 363 367 369 371 373 377 379 381 385 387 391 395 397 399 403 409 411 413 415 417 421 423 425 427 429 433 435 437 439 443 445 447 449 451 453 455 457 461 463 465 467 469 471 473 475 481 483 485 487 489 491 493 497 499 501 503 505 507 509 511 513 515 517 519 521 523 525 527 531 533 535 537 541 543 545 547 549 551 553 555 557 559 561 563 565 567 569 571 635 649 657 683 695 697 703 721 723 729 745 747 749 
194 1 3 5 7 13 31 33 45 57 61 63 67 69 75 79 81 87 89 91 95 97 99 105 107 109 113 117 123 127 131 137 141 143 145 149 151 155 159 161 163 167 171 173 181 183 189 193 195 197 203 209 213 215 217 219 221 223 225 227 233 235 237 239 241 243 245 247 251 253 255 259 261 267 269 271 273 275 277 279 281 283 285 287 289 293 295 297 299 301 305 309 311 313 315 317 319 323 325 327 329 331 333 341 343 345 347 349 351 353 357 359 361 363 367 369 371 373 375 377 379 381 385 387 391 395 397 399 403 405 407 409 411 413 415 417 421 423 425 427 429 431 433 435 437 439 443 445 447 449 451 453 455 457 459 461 463 465 467 469 471 473 475 477 479 481 483 531 557 573 575 579 587 603 621 627 635 649 655 657 661 683 685 687 695 697 703 721 723 729 745 747 749 753 755 
191 1 3 5 7 9 11 13 15 19 25 29 31 33 37 39 41 45 51 53 55 57 59 61 63 65 67 69 71 73 75 77 79 81 83 85 87 89 91 93 95 97 99 101 103 105 107 109 111 113 115 117 121 123 125 127 129 131 133 135 137 139 141 143 145 149 151 155 157 159 161 163 165 167 169 171 173 175 177 179 181 183 185 187 189 241 269 273 275 277 285 295 301 331 371 373 377 379 397 409 413 425 429 435 437 439 443 449 451 457 463 473 493 497 501 505 511 519 521 523 525 531 537 547 549 555 557 565 573 575 579 581 587 589 591 593 595 599 601 603 611 617 621 623 625 627 629 631 635 639 641 643 645 647 649 655 657 661 667 669 671 677 683 685 687 689 693 695 697 699 703 705 709 713 715 719 721 723 725 727 729 733 735 737 739 741 745 747 749 751 753 755 
188 1 3 5 7 9 11 13 15 25 29 31 33 37 39 41 45 51 53 55 57 59 61 63 65 67 69 71 75 77 79 81 83 85 87 89 91 93 95 97 99 101 103 105 107 109 111 113 115 117 121 123 125 127 129 131 133 135 137 139 141 143 145 149 151 155 159 161 163 165 167 169 171 173 175 177 179 181 183 185 187 189 191 193 195 197 199 201 203 269 273 277 285 301 371 373 377 379 397 409 425 429 435 437 439 443 449 451 457 463 473 493 497 501 505 511 519 521 525 531 537 547 549 555 557 565 573 575 579 581 587 589 591 593 595 599 601 603 611 617 621 623 625 627 629 631 635 639 641 643 645 647 649 655 657 661 667 669 671 683 685 687 689 693 695 697 699 703 705 709 713 715 719 721 723 725 727 729 733 735 737 739 741 745 747 749 751 753 755 
196 33 45 61 63 67 75 81 89 95 97 123 141 143 145 151 155 159 163 173 181 189 197 203 209 215 217 219 221 223 225 227 235 241 243 253 259 261 269 273 275 277 281 283 285 287 289 293 295 297 301 305 309 313 315 317 319 323 325 331 333 341 343 349 351 357 359 361 363 367 371 373 377 379 381 385 391 395 397 399 403 409 411 413 417 421 423 425 429 433 435 437 439 443 445 447 449 451 453 455 457 461 463 465 467 469 471 473 475 481 485 487 489 491 493 497 499 501 505 509 511 513 519 521 523 525 531 533 537 541 543 547 549 551 553 555 557 563 565 567 573 575 577 579 581 585 587 589 591 593 595 597 599 601 603 605 607 609 611 613 617 619 621 623 625 627 629 631 633 635 637 639 641 643 645 647 649 651 653 655 657 661 667 669 671 673 675 677 679 681 683 685 687 689 703 721 729 
193 1 3 5 7 9 11 13 15 17 19 21 25 27 29 31 33 35 37 39 63 81 143 145 151 173 203 209 217 219 225 241 243 259 261 269 273 275 277 281 283 285 287 289 293 295 297 301 305 313 315 317 325 331 341 343 357 359 363 367 371 373 377 379 385 397 399 403 409 411 413 421 425 429 433 435 437 439 443 445 447 449 451 453 457 461 463 465 471 473 481 485 487 489 491 493 497 499 501 505 511 513 519 521 523 525 531 537 541 547 549 551 553 555 557 565 567 573 575 577 579 581 585 587 589 591 593 595 599 601 603 605 611 613 617 621 623 625 627 629 631 633 635 637 639 641 643 645 647 649 651 655 657 661 667 669 671 675 677 679 681 683 685 687 689 693 695 697 699 703 705 709 711 713 715 719 721 723 725 727 729 731 733 735 737 739 741 743 745 747 749 751 753 755 
192 7 13 33 45 61 63 67 75 81 89 95 97 109 113 117 123 131 141 143 145 151 155 159 161 163 173 181 183 189 197 203 209 213 215 217 219 221 223 225 227 235 237 239 241 243 253 255 259 261 269 273 275 277 279 281 283 285 287 289 293 295 297 301 305 309 313 315 317 319 323 325 331 333 341 343 345 349 351 357 359 361 363 367 369 371 373 377 379 381 385 391 395 397 399 403 409 411 413 415 417 421 423 425 429 433 435 437 439 443 445 447 449 451 453 455 457 461 463 465 467 469 471 473 475 481 483 485 487 489 491 493 497 499 501 505 509 511 513 517 519 521 523 525 527 531 533 535 537 541 543 547 549 551 553 555 557 559 563 565 567 569 571 573 575 577 579 581 583 585 587 589 591 593 595 597 599 601 603 605 607 609 611 613 615 617 619 657 683 695 703 721 729 
194 33 45 61 63 67 75 81 89 95 97 113 123 131 141 143 145 151 155 159 163 173 181 189 197 203 209 215 217 219 221 223 225 227 235 237 241 243 253 255 259 261 269 273 275 277 281 283 285 287 289 293 295 297 301 305 309 313 315 317 319 323 325 331 333 341 343 349 351 357 359 361 363 367 371 373 377 379 381 385 391 395 397 399 403 409 411 413 417 421 423 425 429 433 435 437 439 443 445 447 449 451 453 455 457 461 463 465 467 469 471 473 475 481 485 487 489 491 493 497 499 501 505 509 511 513 517 519 521 523 525 531 533 537 541 543 547 549 551 553 555 557 559 563 565 567 571 573 575 577 579 581 583 585 587 589 591 593 595 597 599 601 603 605 607 609 611 613 617 619 621 623 625 627 629 631 633 635 637 639 641 643 645 647 649 651 653 655 657 659 683 695 703 721 729 
186 3 7 13 33 45 61 63 67 75 81 89 95 97 105 109 113 117 123 127 131 141 143 145 151 155 159 161 163 167 173 181 183 189 193 197 203 209 213 215 217 219 221 223 225 227 235 237 239 241 243 245 253 255 259 261 269 273 275 277 279 281 283 285 287 289 293 295 297 299 301 305 309 313 315 317 319 323 325 329 331 333 341 343 345 349 351 353 357 359 361 363 367 369 371 373 375 377 379 381 385 387 391 395 397 399 403 405 409 411 413 415 417 421 423 425 427 429 433 435 437 439 443 445 447 449 451 453 455 457 461 463 465 467 469 471 473 475 481 483 485 487 489 491 493 497 499 501 503 505 507 509 511 513 515 517 519 521 523 525 527 529 531 533 535 537 539 541 543 545 547 549 557 627 635 649 657 683 695 697 703 721 723 729 745 747 749 
190 1 3 5 7 9 11 13 15 17 19 21 25 27 29 31 33 35 37 39 41 43 45 63 143 145 151 173 203 209 217 219 225 241 243 259 261 269 273 275 277 281 285 287 289 293 295 297 301 305 313 315 331 341 343 357 359 363 367 371 373 377 379 385 397 399 403 409 411 413 425 429 433 435 437 439 443 445 447 449 451 453 457 461 463 465 471 473 485 487 489 491 493 497 499 501 505 511 513 519 521 523 525 531 537 541 547 549 551 553 555 557 565 567 573 575 577 579 581 585 587 589 591 593 595 599 601 603 605 611 613 617 621 623 625 627 629 631 633 635 637 639 641 643 645 647 649 651 655 657 661 667 669 671 675 677 679 681 683 685 687 689 693 695 697 699 703 705 709 711 713 715 719 721 723 725 727 729 731 733 735 737 739 741 743 745 747 749 751 753 755 
191 1 3 5 7 9 11 13 15 17 19 21 25 29 31 33 35 37 39 41 43 45 47 49 51 53 55 57 59 61 63 65 143 151 173 203 209 217 225 241 243 259 261 269 273 275 277 281 285 287 289 293 295 297 301 305 313 315 331 341 343 357 359 363 367 371 373 377 379 385 397 399 409 411 413 425 429 435 437 439 443 445 447 449 451 453 457 461 463 465 473 485 487 489 491 493 497 499 501 505 511 513 519 521 523 525 531 537 547 549 551 553 555 557 565 567 573 575 577 579 581 585 587 589 591 593 595 599 601 603 605 611 613 617 621 623 625 627 629 631 633 635 637 639 641 643 645 647 649 651 655 657 661 667 669 671 675 677 679 681 683 685 687 689 693 695 697 699 703 705 709 711 713 715 719 721 723 725 727 729 733 735 737 739 741 743 745 747 749 751 753 755 
195 1 3 5 7 13 31 33 45 57 61 63 67 69 75 81 87 89 95 97 99 105 107 109 113 117 123 127 131 137 141 143 145 149 151 155 159 161 163 167 173 181 183 189 193 195 197 203 209 213 215 217 219 221 223 225 227 233 235 237 239 241 243 245 247 251 253 255 259 261 269 271 273 275 277 279 281 283 285 287 289 293 295 297 299 301 305 309 311 313 315 317 319 323 325 327 329 331 333 341 343 345 347 349 351 353 357 359 361 363 367 369 371 373 375 377 379 381 385 387 391 395 397 399 403 405 407 409 411 413 415 417 421 423 425 427 429 431 433 435 437 439 443 445 447 449 451 453 455 457 461 463 465 467 469 471 473 475 479 481 483 485 487 489 491 493 495 497 499 501 531 557 575 579 587 603 627 635 649 655 657 661 683 685 687 695 697 703 721 723 729 745 747 749 753 755 
203 1 3 5 7 9 13 31 33 37 45 53 55 57 61 63 65 67 69 75 79 81 87 89 91 93 95 97 99 101 105 107 109 113 115 117 121 123 127 131 137 139 141 143 145 149 151 155 159 161 163 167 169 171 173 175 177 179 181 183 185 189 191 193 195 197 203 207 209 211 213 215 217 219 221 223 225 227 233 235 237 239 241 243 245 247 251 253 255 259 261 263 265 267 269 271 273 275 277 279 281 283 285 287 289 293 295 297 299 301 303 305 307 309 311 313 315 317 319 321 323 325 327 329 331 333 335 339 341 343 345 347 349 351 353 355 357 359 361 363 365 367 369 371 373 375 377 379 381 383 385 387 389 391 429 451 497 501 505 511 521 531 547 557 573 575 579 581 587 589 591 603 621 623 627 629 635 641 643 647 649 655 657 661 667 683 685 687 693 695 697 703 705 721 723 725 729 741 745 747 749 751 753 755 
192 1 3 5 7 9 11 13 15 25 29 31 33 37 39 41 45 53 55 57 59 61 63 65 67 69 71 75 77 79 81 85 87 89 91 93 95 97 99 101 103 105 107 109 113 115 117 121 123 125 127 129 131 133 135 137 139 141 143 145 149 151 155 159 161 163 167 169 171 173 175 177 179 181 183 185 189 191 193 195 197 201 203 205 207 209 211 213 215 217 219 221 223 225 227 229 231 233 235 237 239 241 243 245 247 249 251 253 255 257 259 261 263 265 371 373 377 379 397 429 435 443 449 451 473 497 501 505 511 519 521 531 537 547 549 555 557 573 575 579 581 587 589 591 593 595 599 601 603 617 621 623 625 627 629 635 641 643 645 647 649 655 657 661 667 669 671 683 685 687 689 693 695 697 699 703 705 713 715 719 721 723 725 727 729 739 741 745 747 749 751 753 755 
190 3 7 13 33 45 61 63 67 75 81 89 95 97 105 109 113 117 123 127 131 141 143 145 151 155 159 161 163 173 181 183 189 193 197 203 209 213 215 217 219 221 223 225 227 235 237 239 241 243 245 253 255 259 261 269 273 275 277 279 281 283 285 287 289 293 295 297 299 301 305 309 313 315 317 319 323 325 331 333 341 343 345 349 351 353 357 359 361 363 367 369 371 373 377 379 381 385 387 391 395 397 399 403 409 411 413 415 417 421 423 425 427 429 433 435 437 439 443 445 447 449 451 453 455 457 461 463 465 467 469 471 473 475 481 483 485 487 489 491 493 497 499 501 503 505 507 509 511 513 515 517 519 521 523 525 527 531 533 535 537 541 543 547 549 551 553 555 557 559 561 563 565 567 569 571 573 575 635 649 657 683 695 697 703 721 723 729 745 747 749 
185 1 3 5 7 9 11 13 15 17 19 25 29 31 33 37 39 41 45 51 53 55 57 59 61 63 65 67 69 71 73 75 77 79 81 83 85 87 89 91 93 95 97 99 101 103 105 107 109 111 113 115 117 119 121 123 125 127 129 131 173 225 241 259 269 273 275 277 285 287 295 301 305 315 331 359 363 367 371 373 377 379 385 397 399 409 413 425 429 435 437 439 443 449 451 453 457 463 473 485 487 491 493 497 501 505 511 519 521 523 525 531 537 547 549 555 557 565 573 575 577 579 581 585 587 589 591 593 595 599 601 603 611 617 621 623 625 627 629 631 635 637 639 641 643 645 647 649 655 657 661 667 669 671 675 677 683 685 687 689 693 695 697 699 703 705 709 713 715 719 721 723 725 727 729 733 735 737 739 741 745 747 749 751 753 755 
187 3 7 13 33 45 61 63 67 75 81 89 95 97 105 109 113 117 123 127 131 141 143 145 151 155 159 161 163 173 181 183 189 193 197 203 209 213 215 217 219 221 223 225 227 235 237 239 241 243 245 253 255 259 261 269 273 275 277 279 281 283 285 287 289 293 295 297 299 301 305 309 313 315 317 319 323 325 329 331 333 341 343 345 349 351 353 357 359 361 363 367 369 371 373 377 379 381 385 387 391 395 397 399 403 405 409 411 413 415 417 421 423 425 427 429 433 435 437 439 443 445 447 449 451 453 455 457 461 463 465 467 469 471 473 475 481 483 485 487 489 491 493 497 499 501 503 505 507 509 511 513 515 517 519 521 523 525 527 531 533 535 537 541 543 545 547 549 551 553 555 557 559 561 563 635 649 657 683 695 697 703 721 723 729 745 747 749 
191 1 3 5 7 9 11 13 15 19 25 29 31 33 37 39 41 45 51 53 55 57 59 61 63 65 67 69 71 73 75 77 79 81 83 85 87 89 91 93 95 97 99 101 103 105 107 109 111 113 115 117 121 123 125 127 129 131 133 135 137 139 141 143 145 147 149 151 153 155 157 159 161 163 241 259 269 273 275 277 285 287 295 301 315 331 367 371 373 377 379 385 397 399 409 413 425 429 435 437 439 443 449 451 453 457 463 473 487 491 493 497 501 505 511 519 521 523 525 531 537 547 549 555 557 565 573 575 577 579 581 587 589 591 593 595 599 601 603 611 617 621 623 625 627 629 631 635 637 639 641 643 645 647 649 655 657 661 667 669 671 677 683 685 687 689 693 695 697 699 703 705 709 713 715 719 721 723 725 727 729 733 735 737 739 741 745 747 749 751 753 755 
192 3 7 13 33 45 61 63 67 75 81 89 95 97 109 113 117 123 127 131 141 143 145 151 155 159 161 163 173 181 183 189 197 203 209 213 215 217 219 221 223 225 227 235 237 239 241 243 253 255 259 261 269 273 275 277 279 281 283 285 287 289 293 295 297 299 301 305 309 313 315 317 319 323 325 331 333 341 343 345 349 351 353 357 359 361 363 367 369 371 373 377 379 381 385 387 391 395 397 399 403 409 411 413 415 417 421 423 425 429 433 435 437 439 443 445 447 449 451 453 455 457 461 463 465 467 469 471 473 475 481 483 485 487 489 491 493 497 499 501 505 509 511 513 515 517 519 521 523 525 527 531 533 535 537 541 543 547 549 551 553 555 557 559 563 565 567 569 571 573 575 577 579 581 583 585 587 589 591 593 595 597 599 601 603 649 657 683 695 703 721 729 749 
193 1 3 5 7 9 11 13 15 25 29 31 33 37 39 41 45 53 55 57 59 61 63 65 67 69 71 75 77 79 81 85 87 89 91 93 95 97 99 101 103 105 107 109 113 115 117 121 123 125 127 129 131 133 135 137 139 141 143 145 149 151 155 159 161 163 167 169 171 173 175 177 179 181 183 185 189 191 193 195 197 201 203 205 207 209 211 213 215 217 219 221 223 225 227 229 231 233 235 237 239 241 243 245 247 249 251 253 255 257 259 261 263 301 371 373 377 379 397 429 435 443 449 451 473 497 501 505 511 519 521 531 537 547 549 555 557 573 575 579 581 587 589 591 593 595 599 601 603 617 621 623 625 627 629 631 635 641 643 645 647 649 655 657 661 667 669 671 683 685 687 689 693 695 697 699 703 705 713 715 719 721 723 725 727 729 739 741 745 747 749 751 753 755 
194 13 33 45 61 63 67 75 81 89 95 97 109 113 123 131 141 143 145 151 155 159 163 173 181 189 197 203 209 215 217 219 221 223 225 227 235 237 241 243 253 255 259 261 269 273 275 277 281 283 285 287 289 293 295 297 301 305 309 313 315 317 319 323 325 331 333 341 343 345 349 351 357 359 361 363 367 371 373 377 379 381 385 391 395 397 399 403 409 411 413 417 421 423 425 429 433 435 437 439 443 445 447 449 451 453 455 457 461 463 465 467 469 471 473 475 481 485 487 489 491 493 497 499 501 505 509 511 513 517 519 521 523 525 531 533 537 541 543 547 549 551 553 555 557 559 563 565 567 571 573 575 577 579 581 583 585 587 589 591 593 595 597 599 601 603 605 607 609 611 613 617 619 621 623 625 627 629 631 633 635 637 639 641 643 645 647 649 651 653 683 695 703 721 729 
193 1 3 5 7 9 11 13 15 17 19 21 25 27 29 31 33 35 37 63 81 143 145 151 173 203 209 217 219 225 241 243 259 261 269 273 275 277 281 283 285 287 289 293 295 297 301 305 313 315 317 325 331 341 343 357 359 363 367 371 373 377 379 385 397 399 403 409 411 413 421 425 429 433 435 437 439 443 445 447 449 451 453 457 461 463 465 471 473 481 485 487 489 491 493 497 499 501 505 511 513 519 521 523 525 531 537 541 547 549 551 553 555 557 565 567 573 575 577 579 581 585 587 589 591 593 595 599 601 603 605 611 613 617 621 623 625 627 629 631 633 635 637 639 641 643 645 647 649 651 655 657 661 667 669 671 675 677 679 681 683 685 687 689 693 695 697 699 701 703 705 709 711 713 715 719 721 723 725 727 729 731 733 735 737 739 741 743 745 747 749 751 753 755 
196 13 33 45 61 63 67 75 81 89 95 97 109 113 117 123 131 141 143 145 151 155 159 161 163 173 181 183 189 197 203 209 213 215 217 219 221 223 225 227 235 237 239 241 243 253 255 259 261 269 273 275 277 279 281 283 285 287 289 293 295 297 301 305 309 313 315 317 319 323 325 331 333 341 343 345 349 351 357 359 361 363 367 369 371 373 377 379 381 385 391 395 397 399 403 409 411 413 415 417 421 423 425 429 433 435 437 439 443 445 447 449 451 453 455 457 461 463 465 467 469 471 473 475 481 485 487 489 491 493 497 499 501 505 509 511 513 517 519 521 523 525 527 531 533 537 541 543 547 549 551 553 555 557 559 563 565 567 571 573 575 577 579 581 583 585 587 589 591 593 595 597 599 601 603 605 607 609 611 613 615 617 619 621 623 625 627 629 631 633 635 637 683 695 703 721 729 
202 1 3 5 7 9 13 31 33 37 45 53 55 57 61 63 65 67 69 75 77 79 81 87 89 91 93 95 97 99 101 105 107 109 113 115 117 121 123 127 131 137 139 141 143 145 149 151 155 159 161 163 167 169 171 173 175 177 179 181 183 185 189 191 193 195 197 201 203 207 209 211 213 215 217 219 221 223 225 227 233 235 237 239 241 243 245 247 251 253 255 259 261 263 265 267 269 271 273 275 277 279 281 283 285 287 289 293 295 297 299 301 303 305 307 309 311 313 315 317 319 321 323 325 327 329 331 333 335 339 341 343 345 347 349 351 353 355 357 359 361 363 365 367 369 371 373 375 377 379 381 429 451 497 501 505 511 521 531 547 549 557 573 575 579 581 587 589 591 603 621 623 627 629 635 641 643 647 649 655 657 661 667 671 683 685 687 693 695 697 703 705 721 723 725 729 741 745 747 749 751 753 755 
194 1 3 5 7 9 11 13 15 17 61 63 81 97 143 145 151 173 189 203 209 215 217 219 225 241 243 259 261 269 273 275 277 281 283 285 287 289 293 295 297 301 305 309 313 315 317 325 331 341 343 357 359 363 367 371 373 377 379 381 385 397 399 403 409 411 413 421 423 425 429 433 435 437 439 443 445 447 449 451 453 457 461 463 465 471 473 475 481 485 487 489 491 493 497 499 501 505 511 513 519 521 523 525 531 537 541 547 549 551 553 555 557 565 567 573 575 577 579 581 585 587 589 591 593 595 599 601 603 605 609 611 613 617 621 623 625 627 629 631 633 635 637 639 641 643 645 647 649 651 655 657 661 667 669 671 675 677 679 681 683 685 687 689 691 693 695 697 699 701 703 705 709 711 713 715 719 721 723 725 727 729 731 733 735 737 739 741 743 745 747 749 751 753 755 
185 1 3 5 7 9 11 13 15 17 19 25 29 31 33 37 39 41 45 51 53 55 57 59 61 63 65 67 69 71 73 75 77 79 81 83 85 87 89 91 93 95 97 99 101 103 105 107 109 111 113 115 117 119 121 123 125 127 129 173 225 241 259 269 273 275 277 285 287 295 301 305 315 331 359 363 367 371 373 377 379 385 397 399 409 411 413 425 429 435 437 439 443 449 451 453 457 463 473 485 487 491 493 497 501 505 511 519 521 523 525 531 537 547 549 555 557 565 573 575 577 579 581 585 587 589 591 593 595 599 601 603 611 617 621 623 625 627 629 631 635 637 639 641 643 645 647 649 655 657 661 667 669 671 675 677 683 685 687 689 693 695 697 699 703 705 709 713 715 719 721 723 725 727 729 733 735 737 739 741 745 747 749 751 753 755 
193 1 3 7 13 31 33 45 57 61 63 67 69 75 81 87 89 95 97 105 107 109 113 117 123 127 131 137 141 143 145 149 151 155 159 161 163 167 173 181 183 189 193 195 197 203 209 213 215 217 219 221 223 225 227 233 235 237 239 241 243 245 247 251 253 255 259 261 269 271 273 275 277 279 281 283 285 287 289 293 295 297 299 301 305 309 313 315 317 319 323 325 327 329 331 333 341 343 345 347 349 351 353 357 359 361 363 367 369 371 373 375 377 379 381 385 387 391 395 397 399 403 405 407 409 411 413 415 417 421 423 425 427 429 431 433 435 437 439 443 445 447 449 451 453 455 457 461 463 465 467 469 471 473 475 481 483 485 487 489 491 493 497 499 501 503 505 507 509 531 557 575 579 587 603 627 635 649 655 657 661 683 685 687 695 697 703 721 723 729 745 747 749 755 
201 1 3 5 7 9 13 31 33 37 39 41 45 53 55 57 61 63 65 67 69 75 77 79 81 87 89 91 93 95 97 99 101 105 107 109 113 115 117 121 123 127 131 137 139 141 143 145 149 151 155 159 161 163 167 169 171 173 175 177 179 181 183 185 189 191 193 195 197 201 203 207 209 211 213 215 217 219 221 223 225 227 233 235 237 239 241 243 245 247 251 253 255 259 261 263 265 267 269 271 273 275 277 279 281 283 285 287 289 293 295 297 299 301 303 305 307 309 311 313 315 317 319 321 323 325 327 329 331 333 335 339 341 343 345 347 349 351 353 355 357 359 361 363 365 367 369 371 429 435 451 497 501 505 511 521 531 547 549 557 573 575 579 581 587 589 591 603 621 623 627 629 635 641 643 647 649 655 657 661 667 671 683 685 687 693 695 697 699 703 705 721 723 725 729 741 745 747 749 751 753 755 
203 1 3 5 7 9 13 31 33 37 39 45 53 55 57 61 63 65 67 69 75 77 79 81 87 89 91 93 95 97 99 101 105 107 109 113 115 117 121 123 127 131 137 139 141 143 145 149 151 155 159 161 163 167 169 171 173 175 177 179 181 183 185 189 191 193 195 197 201 203 207 209 211 213 215 217 219 221 223 225 227 233 235 237 239 241 243 245 247 251 253 255 259 261 263 265 267 269 271 273 275 277 279 281 283 285 287 289 293 295 297 299 301 303 305 307 309 311 313 315 317 319 321 323 325 327 329 331 333 335 339 341 343 345 347 349 351 353 355 357 359 361 363 365 367 369 371 373 375 377 429 435 451 497 501 505 511 521 531 547 549 557 573 575 579 581 587 589 591 603 621 623 627 629 635 641 643 647 649 655 657 661 667 671 683 685 687 693 695 697 699 703 705 721 723 725 729 741 745 747 749 751 753 755 
193 33 61 63 67 75 81 89 95 97 123 141 143 145 151 163 173 181 189 197 203 209 215 217 219 223 225 235 241 243 253 259 261 269 273 275 277 281 283 285 287 289 293 295 297 301 305 309 313 315 317 323 325 331 341 343 349 351 357 359 361 363 367 371 373 377 379 381 385 391 395 397 399 403 409 411 413 421 423 425 429 433 435 437 439 443 445 447 449 451 453 455 457 461 463 465 469 471 473 475 481 485 487 489 491 493 497 499 501 505 509 511 513 519 521 523 525 531 533 537 541 543 547 549 551 553 555 557 563 565 567 573 575 577 579 581 585 587 589 591 593 595 597 599 601 603 605 607 609 611 613 617 619 621 623 625 627 629 631 633 635 637 639 641 643 645 647 649 651 653 655 657 661 667 669 671 673 675 677 679 681 683 685 687 689 691 693 695 697 699 701 703 705 707 
197 33 45 61 63 67 75 81 89 95 97 123 141 143 145 151 155 159 163 173 181 189 197 203 209 215 217 219 221 223 225 227 235 237 241 243 253 259 261 269 273 275 277 281 283 285 287 289 293 295 297 301 305 309 313 315 317 319 323 325 331 333 341 343 349 351 357 359 361 363 367 371 373 377 379 381 385 391 395 397 399 403 409 411 413 417 421 423 425 429 433 435 437 439 443 445 447 449 451 453 455 457 461 463 465 467 469 471 473 475 481 485 487 489 491 493 497 499 501 505 509 511 513 519 521 523 525 531 533 537 541 543 547 549 551 553 555 557 563 565 567 571 573 575 577 579 581 585 587 589 591 593 595 597 599 601 603 605 607 609 611 613 617 619 621 623 625 627 629 631 633 635 637 639 641 643 645 647 649 651 653 655 657 659 661 665 667 669 671 673 675 677 679 681 683 703 721 729 
187 3 7 13 33 45 61 63 67 69 75 81 89 95 97 105 107 109 113 117 123 127 131 137 141 143 145 149 151 155 159 161 163 167 173 181 183 189 193 197 203 209 213 215 217 219 221 223 225 227 235 237 239 241 243 245 253 255 259 261 269 273 275 277 279 281 283 285 287 289 293 295 297 299 301 305 309 313 315 317 319 323 325 329 331 333 341 343 345 349 351 353 357 359 361 363 367 369 371 373 375 377 379 381 385 387 391 395 397 399 403 405 409 411 413 415 417 421 423 425 427 429 431 433 435 437 439 443 445 447 449 451 453 455 457 461 463 465 467 469 471 473 475 481 483 485 487 489 491 493 497 499 501 503 505 507 509 511 513 515 517 519 521 523 525 527 529 531 533 535 537 539 541 557 627 635 649 657 683 695 697 703 721 723 729 745 747 749 
195 1 3 5 7 13 31 33 45 57 61 63 67 69 75 79 81 87 89 95 97 99 105 107 109 113 117 123 127 131 137 141 143 145 149 151 155 159 161 163 167 171 173 181 183 189 193 195 197 203 209 213 215 217 219 221 223 225 227 233 235 237 239 241 243 245 247 251 253 255 259 261 269 271 273 275 277 279 281 283 285 287 289 293 295 297 299 301 305 309 311 313 315 317 319 323 325 327 329 331 333 341 343 345 347 349 351 353 357 359 361 363 367 369 371 373 375 377 379 381 385 387 391 395 397 399 403 405 407 409 411 413 415 417 421 423 425 427 429 431 433 435 437 439 443 445 447 449 451 453 455 457 459 461 463 465 467 469 471 473 475 479 481 483 485 487 489 491 493 531 557 575 579 587 603 621 627 635 649 655 657 661 683 685 687 695 697 703 721 723 729 745 747 749 753 755 
191 1 3 5 7 9 13 25 31 33 37 39 41 45 53 55 57 59 61 63 65 67 69 71 75 77 79 81 87 89 91 93 95 97 99 101 103 105 107 109 113 115 117 121 123 125 127 129 131 135 137 139 141 143 145 149 151 155 159 161 163 167 169 171 173 175 177 179 181 183 185 189 191 193 195 197 201 203 205 207 209 211 213 215 217 219 221 223 225 227 229 231 233 235 237 239 241 243 245 247 249 251 253 255 259 261 263 265 267 269 271 273 275 277 279 281 283 285 287 289 291 293 295 297 371 373 379 397 429 435 449 451 497 501 505 511 521 531 547 549 555 557 573 575 579 581 587 589 591 593 595 599 603 621 623 625 627 629 635 641 643 647 649 655 657 661 667 671 683 685 687 689 693 695 697 699 703 705 713 719 721 723 725 727 729 741 745 747 749 751 753 755 
183 1 3 5 7 9 11 13 15 17 19 25 29 31 33 35 37 39 41 45 49 51 53 55 57 59 61 63 65 67 69 71 73 75 77 79 81 83 85 87 89 91 93 95 97 99 101 143 173 209 217 225 241 259 269 273 275 277 281 285 287 293 295 301 305 315 331 359 363 367 371 373 377 379 385 397 399 409 411 413 425 429 435 437 439 443 445 447 449 451 453 457 463 465 473 485 487 491 493 497 499 501 505 511 519 521 523 525 531 537 547 549 555 557 565 567 573 575 577 579 581 585 587 589 591 593 595 599 601 603 611 617 621 623 625 627 629 631 635 637 639 641 643 645 647 649 655 657 661 667 669 671 675 677 683 685 687 689 693 695 697 699 703 705 709 713 715 719 721 723 725 727 729 733 735 737 739 741 745 747 749 751 753 755 
194 33 61 63 67 75 81 89 97 141 143 145 151 163 173 181 189 203 209 215 217 219 223 225 235 241 243 253 259 261 269 273 275 277 281 283 285 287 289 293 295 297 301 305 309 313 315 317 323 325 331 341 343 349 351 357 359 361 363 367 371 373 377 379 381 385 395 397 399 403 409 411 413 421 423 425 429 433 435 437 439 443 445 447 449 451 453 455 457 461 463 465 469 471 473 475 481 485 487 489 491 493 497 499 501 505 509 511 513 519 521 523 525 531 533 537 541 543 547 549 551 553 555 557 565 567 573 575 577 579 581 585 587 589 591 593 595 597 599 601 603 605 607 609 611 613 617 619 621 623 625 627 629 631 633 635 637 639 641 643 645 647 649 651 655 657 661 667 669 671 673 675 677 679 681 683 685 687 689 691 693 695 697 699 701 703 705 707 709 711 713 715 717 719 721 
198 1 3 5 7 9 13 31 33 37 39 41 45 53 55 57 59 61 63 65 67 69 71 75 77 79 81 87 89 91 93 95 97 99 101 105 107 109 113 115 117 121 123 125 127 131 135 137 139 141 143 145 149 151 155 159 161 163 167 169 171 173 175 177 179 181 183 185 189 191 193 195 197 201 203 205 207 209 211 213 215 217 219 221 223 225 227 231 233 235 237 239 241 243 245 247 249 251 253 255 259 261 263 265 267 269 271 273 275 277 279 281 283 285 287 289 293 295 297 299 301 303 305 307 309 311 313 315 317 319 321 323 325 327 329 331 333 335 337 371 429 435 449 451 497 501 505 511 521 531 547 549 557 573 575 579 581 587 589 591 595 599 603 621 623 627 629 635 641 643 647 649 655 657 661 667 671 683 685 687 693 695 697 699 703 705 719 721 723 725 727 729 741 745 747 749 751 753 755 
193 1 3 5 7 9 11 13 15 17 19 21 23 61 63 81 97 143 145 151 173 189 203 209 215 217 219 225 241 243 259 261 269 273 275 277 281 283 285 287 289 293 295 297 301 305 309 313 315 317 325 331 341 343 357 359 363 367 371 373 377 379 385 397 399 403 409 411 413 421 425 429 433 435 437 439 443 445 447 449 451 453 457 461 463 465 471 473 481 485 487 489 491 493 497 499 501 505 511 513 519 521 523 525 531 537 541 547 549 551 553 555 557 565 567 573 575 577 579 581 585 587 589 591 593 595 599 601 603 605 609 611 613 617 621 623 625 627 629 631 633 635 637 639 641 643 645 647 649 651 655 657 661 667 669 671 675 677 679 681 683 685 687 689 693 695 697 699 701 703 705 709 711 713 715 719 721 723 725 727 729 731 733 735 737 739 741 743 745 747 749 751 753 755 
193 1 3 5 7 9 11 13 15 25 29 31 33 37 39 41 45 53 55 57 59 61 63 65 67 69 71 75 77 79 81 85 87 89 91 93 95 97 99 101 103 105 107 109 113 115 117 121 123 125 127 129 131 133 135 137 139 141 143 145 149 151 155 159 161 163 167 169 171 173 175 177 179 181 183 185 189 191 193 195 197 201 203 205 207 209 211 213 215 217 219 221 223 225 227 229 231 233 235 237 239 241 243 245 247 249 251 253 255 257 259 285 301 371 373 377 379 397 429 435 439 443 449 451 473 497 501 505 511 519 521 531 537 547 549 555 557 573 575 579 581 587 589 591 593 595 599 601 603 617 621 623 625 627 629 631 635 641 643 645 647 649 655 657 661 667 669 671 683 685 687 689 693 695 697 699 703 705 713 715 719 721 723 725 727 729 739 741 745 747 749 751 753 755 
187 1 3 5 7 9 11 13 15 25 29 31 33 37 39 41 45 51 53 55 57 59 61 63 65 67 69 71 75 77 79 81 83 85 87 89 91 93 95 97 99 101 103 105 107 109 111 113 115 117 121 123 125 127 129 131 133 135 137 139 141 143 145 149 151 155 159 161 163 167 169 171 173 175 177 179 181 183 185 187 189 191 193 195 197 199 201 203 205 207 269 273 277 285 301 371 373 377 379 397 409 425 429 435 437 439 443 449 451 457 473 493 497 501 505 511 519 521 525 531 537 547 549 555 557 565 573 575 579 581 587 589 591 593 595 599 601 603 611 617 621 623 625 627 629 631 635 639 641 643 645 647 649 655 657 661 667 669 671 683 685 687 689 693 695 697 699 703 705 709 713 715 719 721 723 725 727 729 735 737 739 741 745 747 749 751 753 755 
197 1 3 5 7 13 31 33 37 45 53 57 61 63 65 67 69 75 79 81 87 89 91 95 97 99 105 107 109 113 117 121 123 127 131 137 141 143 145 149 151 155 159 161 163 167 171 173 175 177 179 181 183 185 189 193 195 197 203 207 209 211 213 215 217 219 221 223 225 227 233 235 237 239 241 243 245 247 251 253 255 259 261 263 267 269 271 273 275 277 279 281 283 285 287 289 293 295 297 299 301 305 309 311 313 315 317 319 323 325 327 329 331 333 341 343 345 347 349 351 353 357 359 361 363 365 367 369 371 373 375 377 379 381 385 387 389 391 395 397 399 403 405 407 409 411 413 415 417 421 423 425 427 429 431 433 435 437 439 441 443 445 505 511 531 557 573 575 579 581 587 589 591 603 621 623 627 629 635 649 655 657 661 683 685 687 695 697 703 705 721 723 729 745 747 749 753 755 
195 1 3 5 7 13 31 33 37 45 57 61 63 65 67 69 75 79 81 87 89 91 95 97 99 105 107 109 113 117 121 123 127 131 137 141 143 145 149 151 155 159 161 163 167 171 173 177 181 183 189 193 195 197 203 207 209 211 213 215 217 219 221 223 225 227 233 235 237 239 241 243 245 247 251 253 255 259 261 263 267 269 271 273 275 277 279 281 283 285 287 289 293 295 297 299 301 305 309 311 313 315 317 319 323 325 327 329 331 333 341 343 345 347 349 351 353 357 359 361 363 367 369 371 373 375 377 379 381 385 387 391 395 397 399 403 405 407 409 411 413 415 417 421 423 425 427 429 431 433 435 437 439 443 445 447 449 451 453 455 457 459 505 511 531 557 573 575 579 581 587 589 603 621 623 627 629 635 649 655 657 661 683 685 687 695 697 703 721 723 729 745 747 749 753 755 
187 1 3 5 7 9 11 13 15 19 25 29 31 33 37 39 41 45 51 53 55 57 59 61 63 65 67 69 71 73 75 77 79 81 83 85 87 89 91 93 95 97 99 101 103 105 107 109 111 113 115 117 121 123 125 127 129 131 133 135 137 139 141 143 145 147 149 173 241 259 269 273 275 277 285 287 295 301 315 331 359 367 371 373 377 379 385 397 399 409 413 425 429 435 437 439 443 449 451 453 457 463 473 487 491 493 497 501 505 511 519 521 523 525 531 537 547 549 555 557 565 573 575 577 579 581 587 589 591 593 595 599 601 603 611 617 621 623 625 627 629 631 635 637 639 641 643 645 647 649 655 657 661 667 669 671 675 677 683 685 687 689 693 695 697 699 703 705 709 713 715 719 721 723 725 727 729 733 735 737 739 741 745 747 749 751 753 755 
195 1 3 5 7 13 31 33 45 57 61 63 67 69 75 81 87 89 95 97 105 107 109 113 117 123 127 131 137 141 143 145 149 151 155 159 161 163 167 173 181 183 189 193 195 197 203 209 213 215 217 219 221 223 225 227 233 235 237 239 241 243 245 247 251 253 255 259 261 269 271 273 275 277 279 281 283 285 287 289 293 295 297 299 301 305 309 311 313 315 317 319 323 325 327 329 331 333 341 343 345 347 349 351 353 357 359 361 363 367 369 371 373 375 377 379 381 385 387 391 395 397 399 403 405 407 409 411 413 415 417 421 423 425 427 429 431 433 435 437 439 443 445 447 449 451 453 455 457 461 463 465 467 469 471 473 475 479 481 483 485 487 489 491 493 495 497 499 501 503 505 531 557 575 579 587 603 627 635 649 655 657 661 683 685 687 695 697 703 721 723 729 745 747 749 755 
188 1 3 5 7 9 11 13 15 25 29 31 33 37 39 41 45 53 55 57 59 61 63 65 67 69 71 75 77 79 81 83 85 87 89 91 93 95 97 99 101 103 105 107 109 111 113 115 117 121 123 125 127 129 131 133 135 137 139 141 143 145 149 151 155 159 161 163 167 169 171 173 175 177 179 181 183 185 187 189 191 193 195 197 199 201 203 205 207 209 211 213 215 217 269 277 285 301 371 373 377 379 397 409 425 429 435 437 439 443 449 451 457 473 493 497 501 505 511 519 521 525 531 537 547 549 555 557 573 575 579 581 587 589 591 593 595 599 601 603 617 621 623 625 627 629 631 635 639 641 643 645 647 649 655 657 661 667 669 671 683 685 687 689 693 695 697 699 703 705 709 713 715 719 721 723 725 727 729 735 737 739 741 745 747 749 751 753 755 
198 1 3 5 7 13 31 33 37 45 53 57 61 63 65 67 69 75 79 81 87 89 91 95 97 99 105 107 109 113 117 121 123 127 131 137 141 143 145 149 151 155 159 161 163 167 169 171 173 175 177 179 181 183 185 189 191 193 195 197 203 207 209 211 213 215 217 219 221 223 225 227 233 235 237 239 241 243 245 247 251 253 255 259 261 263 267 269 271 273 275 277 279 281 283 285 287 289 293 295 297 299 301 305 309 311 313 315 317 319 323 325 327 329 331 333 335 339 341 343 345 347 349 351 353 357 359 361 363 365 367 369 371 373 375 377 379 381 385 387 389 391 393 395 397 399 403 405 407 409 411 413 415 417 419 421 423 425 427 505 511 521 531 547 557 573 575 579 581 587 589 591 603 621 623 627 629 635 643 647 649 655 657 661 683 685 687 695 697 703 705 721 723 729 745 747 749 753 755 
189 1 3 7 13 33 45 61 63 67 69 75 81 87 89 95 97 105 107 109 113 117 123 127 131 137 141 143 145 149 151 155 159 161 163 167 173 181 183 189 193 197 203 209 213 215 217 219 221 223 225 227 235 237 239 241 243 245 251 253 255 259 261 269 271 273 275 277 279 281 283 285 287 289 293 295 297 299 301 305 309 313 315 317 319 323 325 327 329 331 333 341 343 345 349 351 353 357 359 361 363 367 369 371 373 375 377 379 381 385 387 391 395 397 399 403 405 407 409 411 413 415 417 421 423 425 427 429 431 433 435 437 439 443 445 447 449 451 453 455 457 461 463 465 467 469 471 473 475 481 483 485 487 489 491 493 497 499 501 503 505 507 509 511 513 515 517 519 521 523 525 527 557 579 627 635 649 657 661 683 685 695 697 703 721 723 729 745 747 749 
193 1 3 5 7 13 31 33 37 45 57 61 63 65 67 69 75 79 81 87 89 91 95 97 99 105 107 109 113 117 121 123 127 131 137 141 143 145 149 151 155 159 161 163 167 171 173 177 181 183 189 193 195 197 203 207 209 213 215 217 219 221 223 225 227 233 235 237 239 241 243 245 247 251 253 255 259 261 263 267 269 271 273 275 277 279 281 283 285 287 289 293 295 297 299 301 305 309 311 313 315 317 319 323 325 327 329 331 333 341 343 345 347 349 351 353 357 359 361 363 367 369 371 373 375 377 379 381 385 387 391 395 397 399 403 405 407 409 411 413 415 417 421 423 425 427 429 431 433 435 437 439 443 445 447 449 451 453 455 457 459 461 463 465 511 531 557 573 575 579 587 589 603 621 627 635 649 655 657 661 683 685 687 695 697 703 721 723 729 745 747 749 753 755 
200 1 3 5 7 13 31 33 37 45 53 57 61 63 65 67 69 75 79 81 87 89 91 95 97 99 101 105 107 109 113 117 121 123 127 131 137 141 143 145 149 151 155 159 161 163 167 169 171 173 175 177 179 181 183 185 189 191 193 195 197 203 207 209 211 213 215 217 219 221 223 225 227 233 235 237 239 241 243 245 247 251 253 255 259 261 263 265 267 269 271 273 275 277 279 281 283 285 287 289 293 295 297 299 301 305 307 309 311 313 315 317 319 323 325 327 329 331 333 335 339 341 343 345 347 349 351 353 357 359 361 363 365 367 369 371 373 375 377 379 381 383 385 387 389 391 393 395 397 399 403 405 407 409 411 413 415 417 429 505 511 521 531 547 557 573 575 579 581 587 589 591 603 621 623 627 629 635 641 643 647 649 655 657 661 667 683 685 687 695 697 703 705 721 723 729 745 747 749 753 755 
185 1 3 5 7 9 11 13 15 17 19 25 29 31 33 37 39 41 45 51 53 55 57 59 61 63 65 67 69 71 73 75 77 79 81 83 85 87 89 91 93 95 97 99 101 103 105 107 109 111 113 115 117 119 121 123 125 173 225 241 259 269 273 275 277 285 287 295 301 305 315 331 359 363 367 371 373 377 379 385 397 399 409 411 413 425 429 435 437 439 443 449 451 453 457 463 465 473 485 487 491 493 497 499 501 505 511 519 521 523 525 531 537 547 549 555 557 565 573 575 577 579 581 585 587 589 591 593 595 599 601 603 611 617 621 623 625 627 629 631 635 637 639 641 643 645 647 649 655 657 661 667 669 671 675 677 683 685 687 689 693 695 697 699 703 705 709 713 715 719 721 723 725 727 729 733 735 737 739 741 745 747 749 751 753 755 
191 1 3 5 7 9 11 13 15 17 19 21 25 27 29 31 63 81 143 145 151 173 203 209 215 217 219 225 241 243 259 261 269 273 275 277 281 283 285 287 289 293 295 297 301 305 313 315 317 325 331 341 343 357 359 363 367 371 373 377 379 385 397 399 403 409 411 413 421 425 429 433 435 437 439 443 445 447 449 451 453 457 461 463 465 471 473 481 485 487 489 491 493 497 499 501 505 511 513 519 521 523 525 531 537 541 547 549 551 553 555 557 565 567 573 575 577 579 581 585 587 589 591 593 595 599 601 603 605 611 613 617 621 623 625 627 629 631 633 635 637 639 641 643 645 647 649 651 655 657 661 667 669 671 675 677 679 681 683 685 687 689 693 695 697 699 701 703 705 709 711 713 715 719 721 723 725 727 729 731 733 735 737 739 741 743 745 747 749 751 753 755 
201 1 3 5 7 9 13 31 33 37 39 41 45 53 55 57 61 63 65 67 69 75 77 79 81 87 89 91 93 95 97 99 101 105 107 109 113 115 117 121 123 127 131 137 139 141 143 145 149 151 155 159 161 163 167 169 171 173 175 177 179 181 183 185 189 191 193 195 197 201 203 207 209 211 213 215 217 219 221 223 225 227 233 235 237 239 241 243 245 247 251 253 255 259 261 263 265 267 269 271 273 275 277 279 281 283 285 287 289 293 295 297 299 301 303 305 307 309 311 313 315 317 319 321 323 325 327 329 331 333 335 339 341 343 345 347 349 351 353 355 357 359 361 363 365 367 371 429 435 451 497 501 505 511 521 531 547 549 557 573 575 579 581 587 589 591 595 603 621 623 627 629 635 641 643 647 649 655 657 661 667 671 683 685 687 693 695 697 699 703 705 721 723 725 729 741 745 747 749 751 753 755 
187 3 7 13 33 45 61 63 67 75 81 89 95 97 105 109 113 117 123 127 131 141 143 145 151 155 159 161 163 167 173 181 183 189 193 197 203 209 213 215 217 219 221 223 225 227 235 237 239 241 243 245 253 255 259 261 269 273 275 277 279 281 283 285 287 289 293 295 297 299 301 305 309 313 315 317 319 323 325 329 331 333 341 343 345 349 351 353 357 359 361 363 367 369 371 373 375 377 379 381 385 387 391 395 397 399 403 405 409 411 413 415 417 421 423 425 427 429 433 435 437 439 443 445 447 449 451 453 455 457 461 463 465 467 469 471 473 475 481 483 485 487 489 491 493 497 499 501 503 505 507 509 511 513 515 517 519 521 523 525 527 529 531 533 535 537 539 541 543 545 547 549 551 557 627 635 649 657 683 695 697 703 721 723 729 745 747 749 
194 1 3 5 7 9 11 13 15 25 29 31 33 37 39 41 45 53 55 57 59 61 63 65 67 69 71 75 77 79 81 83 85 87 89 91 93 95 97 99 101 103 105 107 109 111 113 115 117 121 123 125 127 129 131 133 135 137 139 141 143 145 149 151 155 159 161 163 167 169 171 173 175 177 179 181 183 185 189 191 193 195 197 199 201 203 205 207 209 211 213 215 217 219 221 223 225 227 229 231 233 235 237 239 277 285 301 371 373 377 379 397 425 429 435 437 439 443 449 451 473 493 497 501 505 511 519 521 525 531 537 547 549 555 557 573 575 579 581 587 589 591 593 595 599 601 603 617 621 623 625 627 629 631 635 639 641 643 645 647 649 655 657 661 667 669 671 683 685 687 689 693 695 697 699 703 705 713 715 719 721 723 725 727 729 735 737 739 741 745 747 749 751 753 755 
190 7 13 33 45 61 63 67 75 81 89 95 97 109 113 117 123 127 131 141 143 145 151 155 159 161 163 173 181 183 189 197 203 209 213 215 217 219 221 223 225 227 235 237 239 241 243 253 255 259 261 269 273 275 277 279 281 283 285 287 289 293 295 297 301 305 309 313 315 317 319 323 325 331 333 341 343 345 349 351 357 359 361 363 367 369 371 373 377 379 381 385 387 391 395 397 399 403 409 411 413 415 417 421 423 425 429 433 435 437 439 443 445 447 449 451 453 455 457 461 463 465 467 469 471 473 475 481 483 485 487 489 491 493 497 499 501 505 509 511 513 517 519 521 523 525 527 531 533 535 537 541 543 547 549 551 553 555 557 559 563 565 567 569 571 573 575 577 579 581 583 585 587 589 591 593 595 597 599 601 603 605 607 609 611 657 683 695 703 721 729 
197 1 3 5 7 13 31 33 37 45 53 57 61 63 65 67 69 75 79 81 87 89 91 95 97 99 105 107 109 113 117 121 123 127 131 137 141 143 145 149 151 155 159 161 163 167 171 173 175 177 179 181 183 185 189 191 193 195 197 203 207 209 211 213 215 217 219 221 223 225 227 233 235 237 239 241 243 245 247 251 253 255 259 261 263 267 269 271 273 275 277 279 281 283 285 287 289 293 295 297 299 301 305 309 311 313 315 317 319 323 325 327 329 331 333 339 341 343 345 347 349 351 353 357 359 361 363 365 367 369 371 373 375 377 379 381 385 387 389 391 393 395 397 399 403 405 407 409 411 413 415 417 421 423 425 427 429 431 433 435 505 511 531 557 573 575 579 581 587 589 591 603 621 623 627 629 635 643 647 649 655 657 661 683 685 687 695 697 703 705 721 723 729 745 747 749 753 755 
202 1 3 5 7 9 13 31 33 37 39 45 53 55 57 61 63 65 67 69 75 77 79 81 87 89 91 93 95 97 99 101 105 107 109 113 115 117 121 123 127 131 137 139 141 143 145 149 151 155 159 161 163 167 169 171 173 175 177 179 181 183 185 189 191 193 195 197 201 203 207 209 211 213 215 217 219 221 223 225 227 233 235 237 239 241 243 245 247 251 253 255 259 261 263 265 267 269 271 273 275 277 279 281 283 285 287 289 293 295 297 299 301 303 305 307 309 311 313 315 317 319 321 323 325 327 329 331 333 335 339 341 343 345 347 349 351 353 355 357 359 361 363 365 367 369 371 373 375 429 435 451 497 501 505 511 521 531 547 549 557 573 575 579 581 587 589 591 603 621 623 627 629 635 641 643 647 649 655 657 661 667 671 683 685 687 693 695 697 699 703 705 721 723 725 729 741 745 747 749 751 753 755 
194 1 3 5 7 9 11 13 15 25 29 31 33 37 39 41 45 53 55 57 59 61 63 65 67 69 71 75 77 79 81 85 87 89 91 93 95 97 99 101 103 105 107 109 113 115 117 121 123 125 127 129 131 133 135 137 139 141 143 145 149 151 155 159 161 163 167 169 171 173 175 177 179 181 183 185 189 191 193 195 197 201 203 205 207 209 211 213 215 217 219 221 223 225 227 229 231 233 235 237 239 241 243 245 247 249 251 253 255 257 259 261 263 265 267 269 271 371 373 377 379 397 429 435 443 449 451 473 497 501 505 511 519 521 531 537 547 549 555 557 573 575 579 581 587 589 591 593 595 599 601 603 617 621 623 625 627 629 635 641 643 647 649 655 657 661 667 669 671 683 685 687 689 693 695 697 699 703 705 713 715 719 721 723 725 727 729 739 741 745 747 749 751 753 755 
199 1 3 5 7 9 13 31 33 37 39 41 45 53 55 57 59 61 63 65 67 69 71 75 77 79 81 87 89 91 93 95 97 99 101 105 107 109 113 115 117 121 123 125 127 131 135 137 139 141 143 145 149 151 155 159 161 163 167 169 171 173 175 177 179 181 183 185 189 191 193 195 197 201 203 205 207 209 211 213 215 217 219 221 223 225 227 233 235 237 239 241 243 245 247 249 251 253 255 259 261 263 265 267 269 271 273 275 277 279 281 283 285 287 289 293 295 297 299 301 303 305 307 309 311 313 315 317 319 321 323 325 327 329 331 333 335 337 339 341 343 345 371 429 435 449 451 497 501 505 511 521 531 547 549 557 573 575 579 581 587 589 591 595 599 603 621 623 627 629 635 641 643 647 649 655 657 661 667 671 683 685 687 693 695 697 699 703 705 721 723 725 729 741 745 747 749 751 753 755 
184 1 3 5 7 9 11 13 15 17 19 25 29 31 33 37 39 41 45 51 53 55 57 59 61 63 65 67 69 71 73 75 77 79 81 83 85 87 89 91 93 95 97 99 101 103 105 107 109 111 113 115 173 209 225 241 259 269 273 275 277 281 285 287 293 295 301 305 315 331 359 363 367 371 373 377 379 385 397 399 409 411 413 425 429 435 437 439 443 447 449 451 453 457 463 465 473 485 487 491 493 497 499 501 505 511 519 521 523 525 531 537 547 549 555 557 565 573 575 577 579 581 585 587 589 591 593 595 599 601 603 611 617 621 623 625 627 629 631 635 637 639 641 643 645 647 649 655 657 661 667 669 671 675 677 683 685 687 689 693 695 697 699 703 705 709 713 715 719 721 723 725 727 729 733 735 737 739 741 745 747 749 751 753 755 
193 3 7 13 33 45 61 63 67 75 81 89 95 97 109 113 117 123 127 131 141 143 145 151 155 159 161 163 173 181 183 189 197 203 209 213 215 217 219 221 223 225 227 235 237 239 241 243 245 253 255 259 261 269 273 275 277 279 281 283 285 287 289 293 295 297 299 301 305 309 313 315 317 319 323 325 331 333 341 343 345 349 351 353 357 359 361 363 367 369 371 373 377 379 381 385 387 391 395 397 399 403 409 411 413 415 417 421 423 425 427 429 433 435 437 439 443 445 447 449 451 453 455 457 461 463 465 467 469 471 473 475 481 483 485 487 489 491 493 497 499 501 503 505 509 511 513 515 517 519 521 523 525 527 531 533 535 537 541 543 547 549 551 553 555 557 559 561 563 565 567 569 571 573 575 577 579 581 583 585 587 589 591 593 595 649 657 683 695 697 703 721 729 749 
191 1 3 5 7 9 11 13 15 25 29 31 33 37 39 41 45 53 55 57 59 61 63 65 67 69 71 75 77 79 81 85 87 89 91 93 95 97 99 101 103 105 107 109 113 115 117 121 123 125 127 129 131 133 135 137 139 141 143 145 149 151 155 159 161 163 167 169 171 173 175 177 179 181 183 185 189 191 193 195 197 201 203 205 207 209 211 213 215 217 219 221 223 225 227 229 231 233 235 237 239 241 243 245 247 249 251 285 301 371 373 377 379 397 429 435 439 443 449 451 473 497 501 505 511 519 521 531 537 547 549 555 557 573 575 579 581 587 589 591 593 595 599 601 603 617 621 623 625 627 629 631 635 639 641 643 645 647 649 655 657 661 667 669 671 683 685 687 689 693 695 697 699 703 705 713 715 719 721 723 725 727 729 737 739 741 745 747 749 751 753 755 
191 61 63 67 75 81 89 97 143 145 151 163 173 181 189 203 209 215 217 219 223 225 235 241 243 253 259 261 269 273 275 277 281 283 285 287 289 293 295 297 301 305 309 313 315 317 325 331 341 343 349 351 357 359 363 367 371 373 377 379 381 385 397 399 403 409 411 413 421 423 425 429 433 435 437 439 443 445 447 449 451 453 455 457 461 463 465 469 471 473 475 481 485 487 489 491 493 497 499 501 505 509 511 513 519 521 523 525 531 533 537 541 547 549 551 553 555 557 565 567 573 575 577 579 581 585 587 589 591 593 595 597 599 601 603 605 607 609 611 613 617 619 621 623 625 627 629 631 633 635 637 639 641 643 645 647 649 651 655 657 661 667 669 671 675 677 679 681 683 685 687 689 691 693 695 697 699 701 703 705 707 709 711 713 715 717 719 721 723 725 727 729 
196 1 3 5 7 13 31 33 45 57 61 63 67 69 75 79 81 87 89 95 97 99 105 107 109 113 117 123 127 131 137 141 143 145 149 151 155 159 161 163 167 173 181 183 189 193 195 197 203 209 213 215 217 219 221 223 225 227 233 235 237 239 241 243 245 247 251 253 255 259 261 269 271 273 275 277 279 281 283 285 287 289 293 295 297 299 301 305 309 311 313 315 317 319 323 325 327 329 331 333 341 343 345 347 349 351 353 357 359 361 363 367 369 371 373 375 377 379 381 385 387 391 395 397 399 403 405 407 409 411 413 415 417 421 423 425 427 429 431 433 435 437 439 443 445 447 449 451 453 455 457 461 463 465 467 469 471 473 475 479 481 483 485 487 489 491 493 495 497 499 501 531 557 575 579 587 603 627 635 649 655 657 661 683 685 687 695 697 703 721 723 729 745 747 749 753 755 
195 33 45 61 63 67 75 81 89 95 97 123 141 143 145 151 155 159 163 173 181 189 197 203 209 215 217 219 221 223 225 227 235 241 243 253 259 261 269 273 275 277 281 283 285 287 289 293 295 297 301 305 309 313 315 317 319 323 325 331 333 341 343 349 351 357 359 361 363 367 371 373 377 379 381 385 391 395 397 399 403 409 411 413 417 421 423 425 429 433 435 437 439 443 445 447 449 451 453 455 457 461 463 465 467 469 471 473 475 481 485 487 489 491 493 497 499 501 505 509 511 513 519 521 523 525 531 533 537 541 543 547 549 551 553 555 557 563 565 567 573 575 577 579 581 585 587 589 591 593 595 597 599 601 603 605 607 609 611 613 617 619 621 623 625 627 629 631 633 635 637 639 641 643 645 647 649 651 653 655 657 661 667 669 671 673 675 677 679 681 683 685 687 703 721 729 
189 3 7 13 33 45 61 63 67 75 81 89 95 97 105 109 113 117 123 127 131 141 143 145 151 155 159 161 163 173 181 183 189 193 197 203 209 213 215 217 219 221 223 225 227 235 237 239 241 243 245 253 255 259 261 269 273 275 277 279 281 283 285 287 289 293 295 297 299 301 305 309 313 315 317 319 323 325 329 331 333 341 343 345 349 351 353 357 359 361 363 367 369 371 373 377 379 381 385 387 391 395 397 399 403 409 411 413 415 417 421 423 425 427 429 433 435 437 439 443 445 447 449 451 453 455 457 461 463 465 467 469 471 473 475 481 483 485 487 489 491 493 497 499 501 503 505 507 509 511 513 515 517 519 521 523 525 527 531 533 535 537 541 543 545 547 549 551 553 555 557 559 561 563 565 567 569 635 649 657 683 695 697 703 721 723 729 745 747 749 
188 1 3 7 13 33 45 61 63 67 69 75 81 89 95 97 105 107 109 113 117 123 127 131 137 141 143 145 149 151 155 159 161 163 167 173 181 183 189 193 197 203 209 213 215 217 219 221 223 225 227 235 237 239 241 243 245 253 255 259 261 269 271 273 275 277 279 281 283 285 287 289 293 295 297 299 301 305 309 313 315 317 319 323 325 329 331 333 341 343 345 349 351 353 357 359 361 363 367 369 371 373 375 377 379 381 385 387 391 395 397 399 403 405 407 409 411 413 415 417 421 423 425 427 429 431 433 435 437 439 443 445 447 449 451 453 455 457 461 463 465 467 469 471 473 475 481 483 485 487 489 491 493 497 499 501 503 505 507 509 511 513 515 517 519 521 523 525 527 529 531 533 557 627 635 649 657 661 683 685 695 697 703 721 723 729 745 747 749 
185 1 3 5 7 9 11 13 15 17 19 25 29 31 33 37 39 41 45 51 53 55 57 59 61 63 65 67 69 71 73 75 77 79 81 83 85 87 89 91 93 95 97 99 101 103 105 107 109 111 113 115 117 119 121 123 173 225 241 259 269 273 275 277 285 287 293 295 301 305 315 331 359 363 367 371 373 377 379 385 397 399 409 411 413 425 429 435 437 439 443 449 451 453 457 463 465 473 485 487 491 493 497 499 501 505 511 519 521 523 525 531 537 547 549 555 557 565 573 575 577 579 581 585 587 589 591 593 595 599 601 603 611 617 621 623 625 627 629 631 635 637 639 641 643 645 647 649 655 657 661 667 669 671 675 677 683 685 687 689 693 695 697 699 703 705 709 713 715 719 721 723 725 727 729 733 735 737 739 741 745 747 749 751 753 755 
195 1 3 5 7 9 11 13 15 61 63 81 97 143 145 151 173 189 203 209 215 217 219 225 241 243 259 261 269 273 275 277 281 283 285 287 289 293 295 297 301 305 309 313 315 317 325 331 341 343 357 359 363 367 371 373 377 379 381 385 397 399 403 409 411 413 421 423 425 429 433 435 437 439 443 445 447 449 451 453 457 461 463 465 471 473 475 481 485 487 489 491 493 497 499 501 505 511 513 519 521 523 525 531 537 541 547 549 551 553 555 557 565 567 573 575 577 579 581 585 587 589 591 593 595 599 601 603 605 609 611 613 617 621 623 625 627 629 631 633 635 637 639 641 643 645 647 649 651 655 657 661 667 669 671 675 677 679 681 683 685 687 689 691 693 695 697 699 701 703 705 707 709 711 713 715 717 719 721 723 725 727 729 731 733 735 737 739 741 743 745 747 749 751 753 755 
191 1 3 5 7 9 11 13 15 17 19 21 25 27 29 31 33 35 37 39 41 43 63 143 145 151 173 203 209 217 219 225 241 243 259 261 269 273 275 277 281 285 287 289 293 295 297 301 305 313 315 317 331 341 343 357 359 363 367 371 373 377 379 385 397 399 403 409 411 413 421 425 429 433 435 437 439 443 445 447 449 451 453 457 461 463 465 471 473 485 487 489 491 493 497 499 501 505 511 513 519 521 523 525 531 537 541 547 549 551 553 555 557 565 567 573 575 577 579 581 585 587 589 591 593 595 599 601 603 605 611 613 617 621 623 625 627 629 631 633 635 637 639 641 643 645 647 649 651 655 657 661 667 669 671 675 677 679 681 683 685 687 689 693 695 697 699 703 705 709 711 713 715 719 721 723 725 727 729 731 733 735 737 739 741 743 745 747 749 751 753 755 
193 1 3 5 7 9 11 13 15 25 29 31 33 37 39 41 45 53 55 57 59 61 63 65 67 69 71 75 77 79 81 85 87 89 91 93 95 97 99 101 103 105 107 109 113 115 117 121 123 125 127 129 131 133 135 137 139 141 143 145 149 151 155 159 161 163 167 169 171 173 175 177 179 181 183 185 189 191 193 195 197 201 203 205 207 209 211 213 215 217 219 221 223 225 227 229 231 233 235 237 239 241 243 245 247 249 251 253 255 257 259 261 263 265 267 371 373 377 379 397 429 435 443 449 451 473 497 501 505 511 519 521 531 537 547 549 555 557 573 575 579 581 587 589 591 593 595 599 601 603 617 621 623 625 627 629 635 641 643 645 647 649 655 657 661 667 669 671 683 685 687 689 693 695 697 699 703 705 713 715 719 721 723 725 727 729 739 741 745 747 749 751 753 755 
196 1 3 5 7 13 31 33 37 45 53 57 61 63 65 67 69 75 79 81 87 89 91 95 97 99 105 107 109 113 117 121 123 127 131 137 141 143 145 149 151 155 159 161 163 167 171 173 175 177 179 181 183 185 189 193 195 197 203 207 209 211 213 215 217 219 221 223 225 227 233 235 237 239 241 243 245 247 251 253 255 259 261 263 267 269 271 273 275 277 279 281 283 285 287 289 293 295 297 299 301 305 309 311 313 315 317 319 323 325 327 329 331 333 341 343 345 347 349 351 353 357 359 361 363 365 367 369 371 373 375 377 379 381 385 387 389 391 393 395 397 399 403 405 407 409 411 413 415 417 421 423 425 427 429 431 433 435 437 439 441 505 511 531 557 573 575 579 581 587 589 591 603 621 623 627 629 635 649 655 657 661 683 685 687 695 697 703 705 721 723 729 745 747 749 753 755 
196 13 33 45 61 63 67 75 81 89 95 97 109 113 117 123 131 141 143 145 151 155 159 161 163 173 181 183 189 197 203 209 215 217 219 221 223 225 227 235 237 239 241 243 253 255 259 261 269 273 275 277 281 283 285 287 289 293 295 297 301 305 309 313 315 317 319 323 325 331 333 341 343 345 349 351 357 359 361 363 367 369 371 373 377 379 381 385 391 395 397 399 403 409 411 413 415 417 421 423 425 429 433 435 437 439 443 445 447 449 451 453 455 457 461 463 465 467 469 471 473 475 481 485 487 489 491 493 497 499 501 505 509 511 513 517 519 521 523 525 527 531 533 537 541 543 547 549 551 553 555 557 559 563 565 567 571 573 575 577 579 581 583 585 587 589 591 593 595 597 599 601 603 605 607 609 611 613 617 619 621 623 625 627 629 631 633 635 637 639 641 643 683 695 703 721 729 
196 1 3 5 7 9 13 25 31 33 37 39 41 45 53 55 57 59 61 63 65 67 69 71 75 77 79 81 87 89 91 93 95 97 99 101 103 105 107 109 113 115 117 121 123 125 127 129 131 135 137 139 141 143 145 149 151 155 159 161 163 167 169 171 173 175 177 179 181 183 185 189 191 193 195 197 201 203 205 207 209 211 213 215 217 219 221 223 225 227 229 231 233 235 237 239 241 243 245 247 249 251 253 255 259 261 263 265 267 269 271 273 275 277 279 281 283 285 287 289 291 293 295 297 299 301 303 305 307 309 311 313 315 371 397 429 435 449 451 497 501 505 511 521 531 547 549 555 557 573 575 579 581 587 589 591 593 595 599 603 621 623 625 627 629 635 641 643 647 649 655 657 661 667 671 683 685 687 693 695 697 699 703 705 719 721 723 725 727 729 741 745 747 749 751 753 755 
186 3 7 13 33 45 61 63 67 69 75 81 89 95 97 105 107 109 113 117 123 127 131 137 141 143 145 149 151 155 159 161 163 167 173 181 183 189 193 197 203 209 213 215 217 219 221 223 225 227 235 237 239 241 243 245 253 255 259 261 269 273 275 277 279 281 283 285 287 289 293 295 297 299 301 305 309 313 315 317 319 323 325 329 331 333 341 343 345 349 351 353 357 359 361 363 367 369 371 373 375 377 379 381 385 387 391 395 397 399 403 405 409 411 413 415 417 421 423 425 427 429 431 433 435 437 439 443 445 447 449 451 453 455 457 461 463 465 467 469 471 473 475 481 483 485 487 489 491 493 497 499 501 503 505 507 509 511 513 515 517 519 521 523 525 527 529 531 533 535 537 539 557 627 635 649 657 683 695 697 703 721 723 729 745 747 749 
194 33 61 63 67 75 81 89 95 97 123 141 143 145 151 163 173 181 189 203 209 215 217 219 223 225 235 241 243 253 259 261 269 273 275 277 281 283 285 287 289 293 295 297 301 305 309 313 315 317 323 325 331 341 343 349 351 357 359 361 363 367 371 373 377 379 381 385 391 395 397 399 403 409 411 413 421 423 425 429 433 435 437 439 443 445 447 449 451 453 455 457 461 463 465 469 471 473 475 481 485 487 489 491 493 497 499 501 505 509 511 513 519 521 523 525 531 533 537 541 543 547 549 551 553 555 557 565 567 573 575 577 579 581 585 587 589 591 593 595 597 599 601 603 605 607 609 611 613 617 619 621 623 625 627 629 631 633 635 637 639 641 643 645 647 649 651 653 655 657 661 667 669 671 673 675 677 679 681 683 685 687 689 691 693 695 697 699 701 703 705 707 709 711 713 
198 1 3 5 7 13 31 33 37 45 53 57 61 63 65 67 69 75 79 81 87 89 91 95 97 99 105 107 109 113 117 121 123 127 131 137 141 143 145 149 151 155 159 161 163 167 171 173 175 177 179 181 183 185 189 191 193 195 197 203 207 209 211 213 215 217 219 221 223 225 227 233 235 237 239 241 243 245 247 251 253 255 259 261 263 267 269 271 273 275 277 279 281 283 285 287 289 293 295 297 299 301 305 309 311 313 315 317 319 323 325 327 329 331 333 339 341 343 345 347 349 351 353 357 359 361 363 365 367 369 371 373 375 377 379 381 385 387 389 391 393 395 397 399 403 405 407 409 411 413 415 417 421 423 425 427 429 431 433 435 437 505 511 531 557 573 575 579 581 587 589 591 603 621 623 627 629 635 643 647 649 655 657 661 683 685 687 695 697 703 705 721 723 729 745 747 749 753 755 
195 1 3 5 7 9 11 13 15 17 19 21 23 25 27 61 63 81 97 143 145 151 173 189 203 209 215 217 219 225 241 243 259 261 269 273 275 277 281 283 285 287 289 293 295 297 301 305 309 313 315 317 325 331 341 343 357 359 363 367 371 373 377 379 385 397 399 403 409 411 413 421 425 429 433 435 437 439 443 445 447 449 451 453 457 461 463 465 471 473 481 485 487 489 491 493 497 499 501 505 511 513 519 521 523 525 531 537 541 547 549 551 553 555 557 565 567 573 575 577 579 581 585 587 589 591 593 595 599 601 603 605 609 611 613 617 621 623 625 627 629 631 633 635 637 639 641 643 645 647 649 651 655 657 661 667 669 671 675 677 679 681 683 685 687 689 693 695 697 699 701 703 705 709 711 713 715 719 721 723 725 727 729 731 733 735 737 739 741 743 745 747 749 751 753 755 
196 33 45 61 63 67 75 81 89 95 97 113 123 131 141 143 145 151 155 159 163 173 181 189 197 203 209 215 217 219 221 223 225 227 235 237 241 243 253 255 259 261 269 273 275 277 281 283 285 287 289 293 295 297 301 305 309 313 315 317 319 323 325 331 333 341 343 349 351 357 359 361 363 367 371 373 377 379 381 385 391 395 397 399 403 409 411 413 417 421 423 425 429 433 435 437 439 443 445 447 449 451 453 455 457 461 463 465 467 469 471 473 475 481 485 487 489 491 493 497 499 501 505 509 511 513 517 519 521 523 525 531 533 537 541 543 547 549 551 553 555 557 559 563 565 567 571 573 575 577 579 581 585 587 589 591 593 595 597 599 601 603 605 607 609 611 613 617 619 621 623 625 627 629 631 633 635 637 639 641 643 645 647 649 651 653 655 657 659 661 663 665 667 695 703 721 729 
195 7 13 33 45 61 63 67 75 81 89 95 97 109 113 117 123 131 141 143 145 151 155 159 161 163 173 181 183 189 197 203 209 213 215 217 219 221 223 225 227 235 237 239 241 243 253 255 259 261 269 273 275 277 279 281 283 285 287 289 293 295 297 301 305 309 313 315 317 319 323 325 331 333 341 343 345 349 351 357 359 361 363 367 369 371 373 377 379 381 385 391 395 397 399 403 409 411 413 415 417 421 423 425 429 433 435 437 439 443 445 447 449 451 453 455 457 461 463 465 467 469 471 473 475 481 483 485 487 489 491 493 497 499 501 505 509 511 513 517 519 521 523 525 527 531 533 535 537 541 543 547 549 551 553 555 557 559 563 565 567 569 571 573 575 577 579 581 583 585 587 589 591 593 595 597 599 601 603 605 607 609 611 613 615 617 619 621 623 625 657 683 695 703 721 729 
192 1 3 5 7 13 31 33 45 57 61 63 67 69 75 79 81 87 89 91 95 97 99 105 107 109 113 117 123 127 131 137 141 143 145 149 151 155 159 161 163 167 171 173 181 183 189 193 195 197 203 209 213 215 217 219 221 223 225 227 233 235 237 239 241 243 245 247 251 253 255 259 261 267 269 271 273 275 277 279 281 283 285 287 289 293 295 297 299 301 305 309 311 313 315 317 319 323 325 327 329 331 333 341 343 345 347 349 351 353 357 359 361 363 367 369 371 373 375 377 379 381 385 387 391 395 397 399 403 405 407 409 411 413 415 417 421 423 425 427 429 431 433 435 437 439 443 445 447 449 451 453 455 457 459 461 463 465 467 469 471 473 475 477 479 531 557 573 575 579 587 603 621 627 635 649 655 657 661 683 685 687 695 697 703 721 723 729 745 747 749 753 755 
194 1 3 5 7 9 11 13 61 63 81 97 143 145 151 173 189 203 209 215 217 219 225 241 243 259 261 269 273 275 277 281 283 285 287 289 293 295 297 301 305 309 313 315 317 325 331 341 343 357 359 363 367 371 373 377 379 381 385 397 399 403 409 411 413 421 423 425 429 433 435 437 439 443 445 447 449 451 453 457 461 463 465 471 473 475 481 485 487 489 491 493 497 499 501 505 511 513 519 521 523 525 531 537 541 547 549 551 553 555 557 565 567 573 575 577 579 581 585 587 589 591 593 595 599 601 603 605 609 611 613 617 621 623 625 627 629 631 633 635 637 639 641 643 645 647 649 651 655 657 661 667 669 671 675 677 679 681 683 685 687 689 691 693 695 697 699 701 703 705 707 709 711 713 715 717 719 721 723 725 727 729 731 733 735 737 739 741 743 745 747 749 751 753 755 
200 1 3 5 7 9 13 31 33 37 39 41 45 53 55 57 59 61 63 65 67 69 71 75 77 79 81 87 89 91 93 95 97 99 101 105 107 109 113 115 117 121 123 125 127 131 135 137 139 141 143 145 149 151 155 159 161 163 167 169 171 173 175 177 179 181 183 185 189 191 193 195 197 201 203 205 207 209 211 213 215 217 219 221 223 225 227 233 235 237 239 241 243 245 247 249 251 253 255 259 261 263 265 267 269 271 273 275 277 279 281 283 285 287 289 293 295 297 299 301 303 305 307 309 311 313 315 317 319 321 323 325 327 329 331 333 335 337 339 341 343 371 429 435 449 451 497 501 505 511 521 531 547 549 557 573 575 579 581 587 589 591 595 599 603 621 623 627 629 635 641 643 647 649 655 657 661 667 671 683 685 687 693 695 697 699 703 705 719 721 723 725 727 729 741 745 747 749 751 753 755 
197 1 3 5 7 9 13 25 31 33 37 39 41 45 53 55 57 59 61 63 65 67 69 71 75 77 79 81 87 89 91 93 95 97 99 101 103 105 107 109 113 115 117 121 123 125 127 129 131 135 137 139 141 143 145 149 151 155 159 161 163 167 169 171 173 175 177 179 181 183 185 189 191 193 195 197 201 203 205 207 209 211 213 215 217 219 221 223 225 227 229 231 233 235 237 239 241 243 245 247 249 251 253 255 259 261 263 265 267 269 271 273 275 277 279 281 283 285 287 289 293 295 297 299 301 303 305 307 309 311 313 315 317 319 321 371 397 429 435 449 451 497 501 505 511 521 531 547 549 557 573 575 579 581 587 589 591 593 595 599 603 621 623 625 627 629 635 641 643 647 649 655 657 661 667 671 683 685 687 693 695 697 699 703 705 719 721 723 725 727 729 741 745 747 749 751 753 755 
186 3 7 13 33 45 61 63 67 75 81 89 95 97 105 109 113 117 123 127 131 141 143 145 151 155 159 161 163 167 173 181 183 189 193 197 203 209 213 215 217 219 221 223 225 227 235 237 239 241 243 245 253 255 259 261 269 273 275 277 279 281 283 285 287 289 293 295 297 299 301 305 309 313 315 317 319 323 325 329 331 333 341 343 345 349 351 353 357 359 361 363 367 369 371 373 375 377 379 381 385 387 391 395 397 399 403 405 409 411 413 415 417 421 423 425 427 429 433 435 437 439 443 445 447 449 451 453 455 457 461 463 465 467 469 471 473 475 481 483 485 487 489 491 493 497 499 501 503 505 507 509 511 513 515 517 519 521 523 525 527 531 533 535 537 541 543 545 547 549 551 553 555 557 635 649 657 683 695 697 703 721 723 729 745 747 749 
182 1 3 5 7 9 11 13 15 17 19 25 29 31 33 35 37 39 41 45 49 51 53 55 57 59 61 63 65 67 69 71 73 75 77 79 81 83 85 87 89 91 93 95 97 99 143 173 209 217 225 241 259 269 273 275 277 281 285 287 293 295 301 305 315 331 359 363 367 371 373 377 379 385 397 399 409 411 413 425 429 435 437 439 443 445 447 449 451 453 457 463 465 473 485 487 491 493 497 499 501 505 511 519 521 523 525 531 537 547 549 555 557 565 567 573 575 577 579 581 585 587 589 591 593 595 599 601 603 611 617 621 623 625 627 629 631 635 637 639 641 643 645 647 649 655 657 661 667 669 671 675 677 683 685 687 689 693 695 697 699 703 705 709 713 715 719 721 723 725 727 729 733 735 737 739 741 745 747 749 751 753 755 
192 1 3 5 7 9 13 25 31 33 37 39 41 45 53 55 57 59 61 63 65 67 69 71 75 77 79 81 87 89 91 93 95 97 99 101 103 105 107 109 113 115 117 121 123 125 127 129 131 135 137 139 141 143 145 149 151 155 159 161 163 167 169 171 173 175 177 179 181 183 185 189 191 193 195 197 201 203 205 207 209 211 213 215 217 219 221 223 225 227 229 231 233 235 237 239 241 243 245 247 249 251 253 255 259 261 263 265 267 269 271 273 275 277 279 281 283 285 287 289 291 293 295 297 299 301 371 373 379 397 429 435 449 451 497 501 505 511 521 531 547 549 555 557 573 575 579 581 587 589 591 593 595 599 603 621 623 625 627 629 635 641 643 647 649 655 657 661 667 671 683 685 687 693 695 697 699 703 705 713 719 721 723 725 727 729 741 745 747 749 751 753 755 
184 1 3 5 7 9 11 13 15 17 19 25 29 31 33 37 39 41 45 51 53 55 57 59 61 63 65 67 69 71 73 75 77 79 81 83 85 87 89 91 93 95 97 99 101 103 105 107 109 111 113 173 209 225 241 259 269 273 275 277 281 285 287 293 295 301 305 315 331 359 363 367 371 373 377 379 385 397 399 409 411 413 425 429 435 437 439 443 447 449 451 453 457 463 465 473 485 487 491 493 497 499 501 505 511 519 521 523 525 531 537 547 549 555 557 565 567 573 575 577 579 581 585 587 589 591 593 595 599 601 603 611 617 621 623 625 627 629 631 635 637 639 641 643 645 647 649 655 657 661 667 669 671 675 677 683 685 687 689 693 695 697 699 703 705 709 713 715 719 721 723 725 727 729 733 735 737 739 741 745 747 749 751 753 755 
190 1 3 5 7 9 11 13 15 17 19 25 29 31 33 35 37 39 41 43 45 47 49 51 53 55 57 59 61 63 65 67 69 71 73 75 77 79 81 143 151 173 209 217 225 241 243 259 261 269 273 275 277 281 285 287 289 293 295 297 301 305 313 315 331 343 357 359 363 367 371 373 377 379 385 397 399 409 411 413 425 429 435 437 439 443 445 447 449 451 453 457 461 463 465 473 485 487 491 493 497 499 501 505 511 519 521 523 525 531 537 547 549 553 555 557 565 567 573 575 577 579 581 585 587 589 591 593 595 599 601 603 611 613 617 621 623 625 627 629 631 633 635 637 639 641 643 645 647 649 651 655 657 661 667 669 671 675 677 681 683 685 687 689 693 695 697 699 703 705 709 713 715 719 721 723 725 727 729 733 735 737 739 741 743 745 747 749 751 753 755 
197 1 3 5 7 13 31 33 45 57 61 63 67 69 75 79 81 87 89 95 97 99 105 107 109 113 117 123 127 131 137 141 143 145 149 151 155 159 161 163 167 171 173 181 183 189 193 195 197 203 209 213 215 217 219 221 223 225 227 233 235 237 239 241 243 245 247 251 253 255 259 261 269 271 273 275 277 279 281 283 285 287 289 293 295 297 299 301 305 309 311 313 315 317 319 323 325 327 329 331 333 341 343 345 347 349 351 353 357 359 361 363 367 369 371 373 375 377 379 381 385 387 391 395 397 399 403 405 407 409 411 413 415 417 421 423 425 427 429 431 433 435 437 439 443 445 447 449 451 453 455 457 459 461 463 465 467 469 471 473 475 479 481 483 485 487 489 491 493 495 497 531 557 575 579 587 603 621 627 635 649 655 657 661 683 685 687 695 697 703 721 723 729 745 747 749 753 755 
198 1 3 5 7 13 31 33 37 45 53 57 61 63 65 67 69 75 79 81 87 89 91 95 97 99 105 107 109 113 117 121 123 127 131 137 141 143 145 149 151 155 159 161 163 167 169 171 173 175 177 179 181 183 185 189 191 193 195 197 203 207 209 211 213 215 217 219 221 223 225 227 233 235 237 239 241 243 245 247 251 253 255 259 261 263 267 269 271 273 275 277 279 281 283 285 287 289 293 295 297 299 301 305 309 311 313 315 317 319 323 325 327 329 331 333 339 341 343 345 347 349 351 353 357 359 361 363 365 367 369 371 373 375 377 379 381 385 387 389 391 393 395 397 399 403 405 407 409 411 413 415 417 419 421 423 425 427 429 505 511 521 531 547 557 573 575 579 581 587 589 591 603 621 623 627 629 635 643 647 649 655 657 661 683 685 687 695 697 703 705 721 723 729 745 747 749 753 755 
194 1 3 5 7 13 31 33 45 57 61 63 67 69 75 79 81 87 89 95 97 99 105 107 109 113 117 123 127 131 137 141 143 145 149 151 155 159 161 163 167 171 173 181 183 189 193 195 197 203 209 213 215 217 219 221 223 225 227 233 235 237 239 241 243 245 247 251 253 255 259 261 267 269 271 273 275 277 279 281 283 285 287 289 293 295 297 299 301 305 309 311 313 315 317 319 323 325 327 329 331 333 341 343 345 347 349 351 353 357 359 361 363 367 369 371 373 375 377 379 381 385 387 391 395 397 399 403 405 407 409 411 413 415 417 421 423 425 427 429 431 433 435 437 439 443 445 447 449 451 453 455 457 459 461 463 465 467 469 471 473 475 477 479 481 483 485 487 531 557 575 579 587 603 621 627 635 649 655 657 661 683 685 687 695 697 703 721 723 729 745 747 749 753 755 
191 1 3 5 7 9 11 13 15 25 29 31 33 37 39 41 45 53 55 57 59 61 63 65 67 69 71 75 77 79 81 83 85 87 89 91 93 95 97 99 101 103 105 107 109 111 113 115 117 121 123 125 127 129 131 133 135 137 139 141 143 145 149 151 155 159 161 163 167 169 171 173 175 177 179 181 183 185 189 191 193 195 197 199 201 203 205 207 209 211 213 215 217 219 221 223 225 227 229 231 277 285 301 371 373 377 379 397 409 425 429 435 437 439 443 449 451 473 493 497 501 505 511 519 521 525 531 537 547 549 555 557 573 575 579 581 587 589 591 593 595 599 601 603 617 621 623 625 627 629 631 635 639 641 643 645 647 649 655 657 661 667 669 671 683 685 687 689 693 695 697 699 703 705 713 715 719 721 723 725 727 729 735 737 739 741 745 747 749 751 753 755 
203 1 3 5 7 13 31 33 37 45 53 57 61 63 65 67 69 75 79 81 87 89 91 95 97 99 101 105 107 109 113 117 121 123 127 131 137 141 143 145 149 151 155 159 161 163 167 169 171 173 175 177 179 181 183 185 189 191 193 195 197 203 207 209 211 213 215 217 219 221 223 225 227 233 235 237 239 241 243 245 247 251 253 255 259 261 263 265 267 269 271 273 275 277 279 281 283 285 287 289 293 295 297 299 301 305 307 309 311 313 315 317 319 323 325 327 329 331 333 335 339 341 343 345 347 349 351 353 357 359 361 363 365 367 369 371 373 375 377 379 381 383 385 387 389 391 393 395 397 399 403 405 407 409 411 413 415 417 419 421 423 429 505 511 521 531 547 557 573 575 579 581 587 589 591 603 621 623 627 629 635 641 643 647 649 655 657 661 667 683 685 687 695 697 703 705 721 723 729 745 747 749 753 755 
185 1 3 5 7 9 11 13 15 17 19 25 29 31 33 37 39 41 45 51 53 55 57 59 61 63 65 67 69 71 73 75 77 79 81 83 85 87 89 91 93 95 97 99 101 103 105 107 109 111 113 115 117 121 123 125 127 129 131 133 135 137 173 225 241 259 269 273 275 277 285 287 295 301 305 315 331 359 363 367 371 373 377 379 385 397 399 409 413 425 429 435 437 439 443 449 451 453 457 463 473 487 491 493 497 501 505 511 519 521 523 525 531 537 547 549 555 557 565 573 575 577 579 581 587 589 591 593 595 599 601 603 611 617 621 623 625 627 629 631 635 637 639 641 643 645 647 649 655 657 661 667 669 671 675 677 683 685 687 689 693 695 697 699 703 705 709 713 715 719 721 723 725 727 729 733 735 737 739 741 745 747 749 751 753 755 
196 33 45 61 63 67 75 81 89 95 97 123 131 141 143 145 151 155 159 163 173 181 189 197 203 209 215 217 219 221 223 225 227 235 237 241 243 253 255 259 261 269 273 275 277 281 283 285 287 289 293 295 297 301 305 309 313 315 317 319 323 325 331 333 341 343 349 351 357 359 361 363 367 371 373 377 379 381 385 391 395 397 399 403 409 411 413 417 421 423 425 429 433 435 437 439 443 445 447 449 451 453 455 457 461 463 465 467 469 471 473 475 481 485 487 489 491 493 497 499 501 505 509 511 513 519 521 523 525 531 533 537 541 543 547 549 551 553 555 557 563 565 567 571 573 575 577 579 581 585 587 589 591 593 595 597 599 601 603 605 607 609 611 613 617 619 621 623 625 627 629 631 633 635 637 639 641 643 645 647 649 651 653 655 657 659 661 665 667 669 671 673 675 677 703 721 729 
204 1 3 5 7 9 13 31 33 37 45 53 55 57 61 63 65 67 69 75 79 81 87 89 91 93 95 97 99 101 105 107 109 113 115 117 121 123 127 131 137 139 141 143 145 149 151 155 159 161 163 167 169 171 173 175 177 179 181 183 185 189 191 193 195 197 201 203 207 209 211 213 215 217 219 221 223 225 227 233 235 237 239 241 243 245 247 251 253 255 259 261 263 265 267 269 271 273 275 277 279 281 283 285 287 289 293 295 297 299 301 303 305 307 309 311 313 315 317 319 321 323 325 327 329 331 333 335 339 341 343 345 347 349 351 353 355 357 359 361 363 365 367 369 371 373 375 377 379 381 383 385 387 389 429 451 497 501 505 511 521 531 547 557 573 575 579 581 587 589 591 603 621 623 627 629 635 641 643 647 649 655 657 661 667 671 683 685 687 693 695 697 703 705 721 723 725 729 741 745 747 749 751 753 755 
192 1 3 5 7 9 11 13 15 19 25 29 31 33 37 39 41 45 51 53 55 57 59 61 63 65 67 69 71 73 75 77 79 81 83 85 87 89 91 93 95 97 99 101 103 105 107 109 111 113 115 117 121 123 125 127 129 131 133 135 137 139 141 143 145 147 149 151 155 157 159 161 163 165 167 169 171 173 175 177 179 241 269 273 275 277 285 287 295 301 315 331 367 371 373 377 379 397 409 413 425 429 435 437 439 443 449 451 457 463 473 491 493 497 501 505 511 519 521 523 525 531 537 547 549 555 557 565 573 575 579 581 587 589 591 593 595 599 601 603 611 617 621 623 625 627 629 631 635 637 639 641 643 645 647 649 655 657 661 667 669 671 677 683 685 687 689 693 695 697 699 703 705 709 713 715 719 721 723 725 727 729 733 735 737 739 741 745 747 749 751 753 755 
184 1 3 5 7 9 11 13 15 17 19 25 29 31 33 35 37 39 41 45 47 49 51 53 55 57 59 61 63 65 67 69 71 73 75 77 79 81 83 85 87 89 91 93 95 143 173 209 217 225 241 259 269 273 275 277 281 285 287 293 295 301 305 313 315 331 343 359 363 367 371 373 377 379 385 397 399 409 411 413 425 429 435 437 439 443 445 447 449 451 453 457 463 465 473 485 487 491 493 497 499 501 505 511 519 521 523 525 531 537 547 549 555 557 565 567 573 575 577 579 581 585 587 589 591 593 595 599 601 603 611 617 621 623 625 627 629 631 635 637 639 641 643 645 647 649 651 655 657 661 667 669 671 675 677 683 685 687 689 693 695 697 699 703 705 709 713 715 719 721 723 725 727 729 733 735 737 739 741 745 747 749 751 753 755 
191 1 3 5 7 9 11 13 15 25 29 31 33 37 39 41 45 53 55 57 59 61 63 65 67 69 71 75 77 79 81 85 87 89 91 93 95 97 99 101 103 105 107 109 113 115 117 121 123 125 127 129 131 133 135 137 139 141 143 145 149 151 155 159 161 163 167 169 171 173 175 177 179 181 183 185 189 191 193 195 197 201 203 205 207 209 211 213 215 217 219 221 223 225 227 229 231 233 235 237 239 241 243 245 247 249 285 301 371 373 377 379 397 429 435 439 443 449 451 473 497 501 505 511 519 521 531 537 547 549 555 557 573 575 579 581 587 589 591 593 595 599 601 603 617 621 623 625 627 629 631 635 639 641 643 645 647 649 655 657 661 667 669 671 683 685 687 689 693 695 697 699 703 705 713 715 719 721 723 725 727 729 735 737 739 741 745 747 749 751 753 755 
192 1 3 5 7 9 11 13 15 25 29 31 33 37 39 41 45 53 55 57 59 61 63 65 67 69 71 75 77 79 81 85 87 89 91 93 95 97 99 101 103 105 107 109 113 115 117 121 123 125 127 129 131 133 135 137 139 141 143 145 149 151 155 159 161 163 167 169 171 173 175 177 179 181 183 185 189 191 193 195 197 201 203 205 207 209 211 213 215 217 219 221 223 225 227 229 231 233 235 237 239 241 243 245 247 249 251 253 255 257 259 261 263 265 371 373 377 379 397 429 435 443 449 451 473 497 501 505 511 519 521 531 537 547 549 555 557 573 575 579 581 587 589 591 593 595 599 601 603 617 621 623 625 627 629 635 641 643 645 647 649 655 657 661 667 669 671 683 685 687 689 693 695 697 699 703 705 713 715 719 721 723 725 727 729 739 741 745 747 749 751 753 755 
185 1 3 5 7 9 11 13 15 17 19 25 29 31 33 37 39 41 45 51 53 55 57 59 61 63 65 67 69 71 73 75 77 79 81 83 85 87 89 91 93 95 97 99 101 103 105 107 109 111 113 115 117 121 123 125 127 129 131 133 135 137 139 141 173 225 241 259 269 273 275 277 285 287 295 301 315 331 359 367 371 373 377 379 385 397 399 409 413 425 429 435 437 439 443 449 451 453 457 463 473 487 491 493 497 501 505 511 519 521 523 525 531 537 547 549 555 557 565 573 575 577 579 581 587 589 591 593 595 599 601 603 611 617 621 623 625 627 629 631 635 637 639 641 643 645 647 649 655 657 661 667 669 671 675 677 683 685 687 689 693 695 697 699 703 705 709 713 715 719 721 723 725 727 729 733 735 737 739 741 745 747 749 751 753 755 
185 1 3 5 7 9 11 13 15 17 19 25 29 31 33 37 39 41 45 51 53 55 57 59 61 63 65 67 69 71 73 75 77 79 81 83 85 87 89 91 93 95 97 99 101 103 105 107 109 111 113 115 117 121 123 125 127 129 131 133 135 137 139 141 143 173 241 259 269 273 275 277 285 287 295 301 315 331 359 367 371 373 377 379 385 397 399 409 413 425 429 435 437 439 443 449 451 453 457 463 473 487 491 493 497 501 505 511 519 521 523 525 531 537 547 549 555 557 565 573 575 577 579 581 587 589 591 593 595 599 601 603 611 617 621 623 625 627 629 631 635 637 639 641 643 645 647 649 655 657 661 667 669 671 675 677 683 685 687 689 693 695 697 699 703 705 709 713 715 719 721 723 725 727 729 733 735 737 739 741 745 747 749 751 753 755 
189 1 3 5 7 9 11 13 15 19 25 29 31 33 37 39 41 45 51 53 55 57 59 61 63 65 67 69 71 73 75 77 79 81 83 85 87 89 91 93 95 97 99 101 103 105 107 109 111 113 115 117 121 123 125 127 129 131 133 135 137 139 141 143 145 147 149 151 153 173 241 259 269 273 275 277 285 287 295 301 315 331 359 367 371 373 377 379 385 397 399 409 413 425 429 435 437 439 443 449 451 453 457 463 473 487 491 493 497 501 505 511 519 521 523 525 531 537 547 549 555 557 565 573 575 577 579 581 587 589 591 593 595 599 601 603 611 617 621 623 625 627 629 631 635 637 639 641 643 645 647 649 655 657 661 667 669 671 675 677 683 685 687 689 693 695 697 699 703 705 709 713 715 719 721 723 725 727 729 733 735 737 739 741 745 747 749 751 753 755 
192 1 3 5 7 9 11 13 15 17 19 21 25 29 31 33 35 37 39 41 43 45 47 49 51 53 55 57 59 61 143 151 173 203 209 217 219 225 241 243 259 261 269 273 275 277 281 285 287 289 293 295 297 301 305 313 315 331 341 343 357 359 363 367 371 373 377 379 385 397 399 409 411 413 425 429 433 435 437 439 443 445 447 449 451 453 457 461 463 465 471 473 485 487 489 491 493 497 499 501 505 511 513 519 521 523 525 531 537 547 549 551 553 555 557 565 567 573 575 577 579 581 585 587 589 591 593 595 599 601 603 605 611 613 617 621 623 625 627 629 631 633 635 637 639 641 643 645 647 649 651 655 657 661 667 669 671 675 677 679 681 683 685 687 689 693 695 697 699 703 705 709 711 713 715 719 721 723 725 727 729 733 735 737 739 741 743 745 747 749 751 753 755 
184 1 3 5 7 9 11 13 15 17 19 25 29 31 33 37 39 41 45 51 53 55 57 59 61 63 65 67 69 71 73 75 77 79 81 83 85 87 89 91 93 95 97 99 101 103 105 107 109 111 113 115 117 119 121 173 225 241 259 269 273 275 277 285 287 293 295 301 305 315 331 359 363 367 371 373 377 379 385 397 399 409 411 413 425 429 435 437 439 443 449 451 453 457 463 465 473 485 487 491 493 497 499 501 505 511 519 521 523 525 531 537 547 549 555 557 565 573 575 577 579 581 585 587 589 591 593 595 599 601 603 611 617 621 623 625 627 629 631 635 637 639 641 643 645 647 649 655 657 661 667 669 671 675 677 683 685 687 689 693 695 697 699 703 705 709 713 715 719 721 723 725 727 729 733 735 737 739 741 745 747 749 751 753 755 
196 1 3 5 7 9 11 13 15 17 61 63 81 97 143 145 151 173 189 203 209 215 217 219 225 241 243 259 261 269 273 275 277 281 283 285 287 289 293 295 297 301 305 309 313 315 317 325 331 341 343 357 359 363 367 371 373 377 379 381 385 397 399 403 409 411 413 421 423 425 429 433 435 437 439 443 445 447 449 451 453 457 461 463 465 471 473 475 481 485 487 489 491 493 497 499 501 505 511 513 519 521 523 525 531 537 541 547 549 551 553 555 557 565 567 573 575 577 579 581 585 587 589 591 593 595 599 601 603 605 609 611 613 617 621 623 625 627 629 631 633 635 637 639 641 643 645 647 649 651 655 657 661 667 669 671 675 677 679 681 683 685 687 689 691 693 695 697 699 701 703 705 707 709 711 713 715 717 719 721 723 725 727 729 731 733 735 737 739 741 743 745 747 749 751 753 755 
192 1 3 5 7 9 11 13 25 31 33 37 39 41 45 53 55 57 59 61 63 65 67 69 71 75 77 79 81 85 87 89 91 93 95 97 99 101 103 105 107 109 113 115 117 121 123 125 127 129 131 133 135 137 139 141 143 145 149 151 155 159 161 163 167 169 171 173 175 177 179 181 183 185 189 191 193 195 197 201 203 205 207 209 211 213 215 217 219 221 223 225 227 229 231 233 235 237 239 241 243 245 247 249 251 253 255 257 259 261 263 265 267 269 271 273 275 277 279 371 373 379 397 429 435 443 449 451 473 497 501 505 511 519 521 531 537 547 549 555 557 573 575 579 581 587 589 591 593 595 599 603 621 623 625 627 629 635 641 643 647 649 655 657 661 667 671 683 685 687 689 693 695 697 699 703 705 713 715 719 721 723 725 727 729 739 741 745 747 749 751 753 755 
193 3 7 13 33 45 61 63 67 75 81 89 95 97 109 113 117 123 127 131 141 143 145 151 155 159 161 163 173 181 183 189 197 203 209 213 215 217 219 221 223 225 227 235 237 239 241 243 253 255 259 261 269 273 275 277 279 281 283 285 287 289 293 295 297 299 301 305 309 313 315 317 319 323 325 331 333 341 343 345 349 351 353 357 359 361 363 367 369 371 373 377 379 381 385 387 391 395 397 399 403 409 411 413 415 417 421 423 425 429 433 435 437 439 443 445 447 449 451 453 455 457 461 463 465 467 469 471 473 475 481 483 485 487 489 491 493 497 499 501 503 505 509 511 513 515 517 519 521 523 525 527 531 533 535 537 541 543 547 549 551 553 555 557 559 563 565 567 569 571 573 575 577 579 581 583 585 587 589 591 593 595 597 599 601 649 657 683 695 697 703 721 729 749 
199 1 3 5 7 9 13 31 33 37 39 41 45 53 55 57 61 63 65 67 69 75 77 79 81 87 89 91 93 95 97 99 101 105 107 109 113 115 117 121 123 127 131 137 139 141 143 145 149 151 155 159 161 163 167 169 171 173 175 177 179 181 183 185 189 191 193 195 197 201 203 207 209 211 213 215 217 219 221 223 225 227 233 235 237 239 241 243 245 247 251 253 255 259 261 263 265 267 269 271 273 275 277 279 281 283 285 287 289 293 295 297 299 301 303 305 307 309 311 313 315 317 319 321 323 325 327 329 331 333 335 339 341 343 345 347 349 351 353 355 357 359 361 363 371 429 435 451 497 501 505 511 521 531 547 549 557 573 575 579 581 587 589 591 595 603 621 623 627 629 635 641 643 647 649 655 657 661 667 671 683 685 687 693 695 697 699 703 705 721 723 725 729 741 745 747 749 751 753 755 
183 1 3 5 7 9 11 13 15 17 19 25 29 31 33 35 37 39 41 45 47 49 51 53 55 57 59 61 63 65 67 69 71 73 75 77 79 81 83 85 87 89 143 173 209 217 225 241 259 269 273 275 277 281 285 287 293 295 297 301 305 313 315 331 343 359 363 367 371 373 377 379 385 397 399 409 411 413 425 429 435 437 439 443 445 447 449 451 453 457 463 465 473 485 487 491 493 497 499 501 505 511 519 521 523 525 531 537 547 549 555 557 565 567 573 575 577 579 581 585 587 589 591 593 595 599 601 603 611 613 617 621 623 625 627 629 631 635 637 639 641 643 645 647 649 651 655 657 661 667 669 671 675 677 683 685 687 689 693 695 697 699 703 705 709 713 715 719 721 723 725 727 729 733 735 737 739 741 745 747 749 751 753 755 
184 1 3 5 7 9 11 13 15 17 19 25 29 31 33 37 39 41 45 51 53 55 57 59 61 63 65 67 69 71 73 75 77 79 81 83 85 87 89 91 93 95 97 99 101 103 105 107 109 111 113 115 117 119 173 225 241 259 269 273 275 277 285 287 293 295 301 305 315 331 359 363 367 371 373 377 379 385 397 399 409 411 413 425 429 435 437 439 443 447 449 451 453 457 463 465 473 485 487 491 493 497 499 501 505 511 519 521 523 525 531 537 547 549 555 557 565 573 575 577 579 581 585 587 589 591 593 595 599 601 603 611 617 621 623 625 627 629 631 635 637 639 641 643 645 647 649 655 657 661 667 669 671 675 677 683 685 687 689 693 695 697 699 703 705 709 713 715 719 721 723 725 727 729 733 735 737 739 741 745 747 749 751 753 755 
192 1 3 5 7 9 11 13 15 19 25 29 31 33 37 39 41 45 51 53 55 57 59 61 63 65 67 69 71 73 75 77 79 81 83 85 87 89 91 93 95 97 99 101 103 105 107 109 111 113 115 117 121 123 125 127 129 131 133 135 137 139 141 143 145 149 151 155 157 159 161 163 165 167 169 171 173 175 177 179 181 183 185 187 189 191 241 269 273 275 277 285 295 301 331 371 373 377 379 397 409 413 425 429 435 437 439 443 449 451 457 463 473 493 497 501 505 511 519 521 523 525 531 537 547 549 555 557 565 573 575 579 581 587 589 591 593 595 599 601 603 611 617 621 623 625 627 629 631 635 639 641 643 645 647 649 655 657 661 667 669 671 677 683 685 687 689 693 695 697 699 703 705 709 713 715 719 721 723 725 727 729 733 735 737 739 741 745 747 749 751 753 755 
199 1 3 5 7 9 13 31 33 37 39 41 45 53 55 57 59 61 63 65 67 69 71 75 77 79 81 87 89 91 93 95 97 99 101 103 105 107 109 113 115 117 121 123 125 127 129 131 135 137 139 141 143 145 149 151 155 159 161 163 167 169 171 173 175 177 179 181 183 185 189 191 193 195 197 201 203 205 207 209 211 213 215 217 219 221 223 225 227 231 233 235 237 239 241 243 245 247 249 251 253 255 259 261 263 265 267 269 271 273 275 277 279 281 283 285 287 289 293 295 297 299 301 303 305 307 309 311 313 315 317 319 321 323 325 327 329 331 333 335 371 429 435 449 451 497 501 505 511 521 531 547 549 557 573 575 579 581 587 589 591 595 599 603 621 623 627 629 635 641 643 647 649 655 657 661 667 671 683 685 687 693 695 697 699 703 705 719 721 723 725 727 729 741 745 747 749 751 753 755 
184 1 3 5 7 9 11 13 15 17 19 25 29 31 33 37 39 41 45 51 53 55 57 59 61 63 65 67 69 71 73 75 77 79 81 83 85 87 89 91 93 95 97 99 101 103 105 107 109 111 113 115 117 121 123 125 127 129 131 133 135 173 225 241 259 269 273 275 277 285 287 295 301 305 315 331 359 363 367 371 373 377 379 385 397 399 409 413 425 429 435 437 439 443 449 451 453 457 463 473 487 491 493 497 501 505 511 519 521 523 525 531 537 547 549 555 557 565 573 575 577 579 581 587 589 591 593 595 599 601 603 611 617 621 623 625 627 629 631 635 637 639 641 643 645 647 649 655 657 661 667 669 671 675 677 683 685 687 689 693 695 697 699 703 705 709 713 715 719 721 723 725 727 729 733 735 737 739 741 745 747 749 751 753 755 
204 1 3 5 7 13 31 33 37 45 53 55 57 61 63 65 67 69 75 79 81 87 89 91 95 97 99 101 105 107 109 113 115 117 121 123 127 131 137 139 141 143 145 149 151 155 159 161 163 167 169 171 173 175 177 179 181 183 185 189 191 193 195 197 203 207 209 211 213 215 217 219 221 223 225 227 233 235 237 239 241 243 245 247 251 253 255 259 261 263 265 267 269 271 273 275 277 279 281 283 285 287 289 293 295 297 299 301 303 305 307 309 311 313 315 317 319 323 325 327 329 331 333 335 339 341 343 345 347 349 351 353 357 359 361 363 365 367 369 371 373 375 377 379 381 383 385 387 389 391 393 395 397 399 401 403 405 407 429 451 501 505 511 521 531 547 557 573 575 579 581 587 589 591 603 621 623 627 629 635 641 643 647 649 655 657 661 667 683 685 687 693 695 697 703 705 721 723 729 745 747 749 751 753 755 
192 1 3 5 7 9 13 25 31 33 37 39 41 45 53 55 57 59 61 63 65 67 69 71 75 77 79 81 87 89 91 93 95 97 99 101 103 105 107 109 113 115 117 121 123 125 127 129 131 135 137 139 141 143 145 149 151 155 159 161 163 167 169 171 173 175 177 179 181 183 185 189 191 193 195 197 201 203 205 207 209 211 213 215 217 219 221 223 225 227 229 231 233 235 237 239 241 243 245 247 249 251 253 255 257 259 261 263 265 267 269 271 273 275 277 279 281 283 285 287 289 371 373 379 397 429 435 449 451 473 497 501 505 511 519 521 531 537 547 549 555 557 573 575 579 581 587 589 591 593 595 599 603 621 623 625 627 629 635 641 643 647 649 655 657 661 667 671 683 685 687 689 693 695 697 699 703 705 713 715 719 721 723 725 727 729 741 745 747 749 751 753 755 
198 1 3 5 7 13 31 33 37 45 53 57 61 63 65 67 69 75 79 81 87 89 91 95 97 99 105 107 109 113 117 121 123 127 131 137 141 143 145 149 151 155 159 161 163 167 169 171 173 175 177 179 181 183 185 189 191 193 195 197 203 207 209 211 213 215 217 219 221 223 225 227 233 235 237 239 241 243 245 247 251 253 255 259 261 263 267 269 271 273 275 277 279 281 283 285 287 289 293 295 297 299 301 305 309 311 313 315 317 319 323 325 327 329 331 333 339 341 343 345 347 349 351 353 357 359 361 363 365 367 369 371 373 375 377 379 381 385 387 389 391 393 395 397 399 403 405 407 409 411 413 415 417 419 421 423 425 427 429 431 505 511 531 547 557 573 575 579 581 587 589 591 603 621 623 627 629 635 643 647 649 655 657 661 683 685 687 695 697 703 705 721 723 729 745 747 749 753 755 
184 1 3 5 7 9 11 13 15 17 19 25 29 31 33 37 39 41 45 51 53 55 57 59 61 63 65 67 69 71 73 75 77 79 81 83 85 87 89 91 93 95 97 99 101 103 105 107 143 173 209 217 225 241 259 269 273 275 277 281 285 287 293 295 301 305 315 331 359 363 367 371 373 377 379 385 397 399 409 411 413 425 429 435 437 439 443 445 447 449 451 453 457 463 465 473 485 487 491 493 497 499 501 505 511 519 521 523 525 531 537 547 549 555 557 565 567 573 575 577 579 581 585 587 589 591 593 595 599 601 603 611 617 621 623 625 627 629 631 635 637 639 641 643 645 647 649 655 657 661 667 669 671 675 677 683 685 687 689 693 695 697 699 703 705 709 713 715 719 721 723 725 727 729 733 735 737 739 741 745 747 749 751 753 755 
193 1 3 5 7 13 31 33 37 45 57 61 63 65 67 69 75 79 81 87 89 91 95 97 99 105 107 109 113 117 123 127 131 137 141 143 145 149 151 155 159 161 163 167 171 173 177 181 183 189 193 195 197 203 209 213 215 217 219 221 223 225 227 233 235 237 239 241 243 245 247 251 253 255 259 261 267 269 271 273 275 277 279 281 283 285 287 289 293 295 297 299 301 305 309 311 313 315 317 319 323 325 327 329 331 333 341 343 345 347 349 351 353 357 359 361 363 367 369 371 373 375 377 379 381 385 387 391 395 397 399 403 405 407 409 411 413 415 417 421 423 425 427 429 431 433 435 437 439 443 445 447 449 451 453 455 457 459 461 463 465 467 469 471 473 531 557 573 575 579 587 589 603 621 627 635 649 655 657 661 683 685 687 695 697 703 721 723 729 745 747 749 753 755 
197 13 33 45 61 63 67 75 81 89 95 97 109 113 117 123 131 141 143 145 151 155 159 161 163 173 181 183 189 197 203 209 215 217 219 221 223 225 227 235 237 239 241 243 253 255 259 261 269 273 275 277 281 283 285 287 289 293 295 297 301 305 309 313 315 317 319 323 325 331 333 341 343 345 349 351 357 359 361 363 367 369 371 373 377 379 381 385 391 395 397 399 403 409 411 413 415 417 421 423 425 429 433 435 437 439 443 445 447 449 451 453 455 457 461 463 465 467 469 471 473 475 481 485 487 489 491 493 497 499 501 505 509 511 513 517 519 521 523 525 527 531 533 537 541 543 547 549 551 553 555 557 559 563 565 567 571 573 575 577 579 581 583 585 587 589 591 593 595 597 599 601 603 605 607 609 611 613 615 617 619 621 623 625 627 629 631 633 635 637 639 641 643 683 695 703 721 729 
192 1 3 7 13 33 45 61 63 67 69 75 81 87 89 95 97 105 107 109 113 117 123 127 131 137 141 143 145 149 151 155 159 161 163 167 173 181 183 189 193 195 197 203 209 213 215 217 219 221 223 225 227 235 237 239 241 243 245 247 251 253 255 259 261 269 271 273 275 277 279 281 283 285 287 289 293 295 297 299 301 305 309 313 315 317 319 323 325 327 329 331 333 341 343 345 347 349 351 353 357 359 361 363 367 369 371 373 375 377 379 381 385 387 391 395 397 399 403 405 407 409 411 413 415 417 421 423 425 427 429 431 433 435 437 439 443 445 447 449 451 453 455 457 461 463 465 467 469 471 473 475 481 483 485 487 489 491 493 497 499 501 503 505 507 509 511 513 515 517 531 557 575 579 587 603 627 635 649 657 661 683 685 687 695 697 703 721 723 729 745 747 749 
185 1 3 5 7 9 11 13 15 17 19 25 29 31 33 37 39 41 45 51 53 55 57 59 61 63 65 67 69 71 73 75 77 79 81 83 85 87 89 91 93 95 97 99 101 103 105 107 109 111 113 115 117 119 121 123 125 127 129 173 225 241 259 269 273 275 277 285 287 295 301 305 315 331 359 363 367 371 373 377 379 385 397 399 409 411 413 425 429 435 437 439 443 449 451 453 457 463 473 485 487 491 493 497 501 505 511 519 521 523 525 531 537 547 549 555 557 565 573 575 577 579 581 585 587 589 591 593 595 599 601 603 611 617 621 623 625 627 629 631 635 637 639 641 643 645 647 649 655 657 661 667 669 671 675 677 683 685 687 689 693 695 697 699 703 705 709 713 715 719 721 723 725 727 729 733 735 737 739 741 745 747 749 751 753 755 
191 61 63 67 75 81 89 97 143 145 151 163 173 181 189 203 209 215 217 219 223 225 235 241 243 259 261 269 273 275 277 281 283 285 287 289 293 295 297 301 305 309 313 315 317 325 331 341 343 349 351 357 359 363 367 371 373 377 379 381 385 397 399 403 409 411 413 421 423 425 429 433 435 437 439 443 445 447 449 451 453 457 461 463 465 469 471 473 475 481 485 487 489 491 493 497 499 501 505 509 511 513 519 521 523 525 531 533 537 541 547 549 551 553 555 557 565 567 573 575 577 579 581 585 587 589 591 593 595 597 599 601 603 605 609 611 613 617 621 623 625 627 629 631 633 635 637 639 641 643 645 647 649 651 655 657 661 667 669 671 675 677 679 681 683 685 687 689 691 693 695 697 699 701 703 705 707 709 711 713 715 717 719 721 723 725 727 729 731 733 735 737 
195 1 3 5 7 9 13 25 31 33 37 39 41 45 53 55 57 59 61 63 65 67 69 71 75 77 79 81 87 89 91 93 95 97 99 101 103 105 107 109 113 115 117 121 123 125 127 129 131 135 137 139 141 143 145 149 151 155 159 161 163 167 169 171 173 175 177 179 181 183 185 189 191 193 195 197 201 203 205 207 209 211 213 215 217 219 221 223 225 227 229 231 233 235 237 239 241 243 245 247 249 251 253 255 259 261 263 265 267 269 271 273 275 277 279 281 283 285 287 289 291 293 295 297 299 301 303 305 307 309 371 379 397 429 435 449 451 497 501 505 511 521 531 547 549 555 557 573 575 579 581 587 589 591 593 595 599 603 621 623 625 627 629 635 641 643 647 649 655 657 661 667 671 683 685 687 693 695 697 699 703 705 713 719 721 723 725 727 729 741 745 747 749 751 753 755 
194 1 3 5 7 13 31 33 37 45 57 61 63 65 67 69 75 79 81 87 89 91 95 97 99 105 107 109 113 117 121 123 127 131 137 141 143 145 149 151 155 159 161 163 167 171 173 175 177 181 183 189 193 195 197 203 207 209 211 213 215 217 219 221 223 225 227 233 235 237 239 241 243 245 247 251 253 255 259 261 263 267 269 271 273 275 277 279 281 283 285 287 289 293 295 297 299 301 305 309 311 313 315 317 319 323 325 327 329 331 333 341 343 345 347 349 351 353 357 359 361 363 367 369 371 373 375 377 379 381 385 387 391 395 397 399 403 405 407 409 411 413 415 417 421 423 425 427 429 431 433 435 437 439 443 445 447 449 451 453 455 505 511 531 557 573 575 579 581 587 589 603 621 623 627 629 635 649 655 657 661 683 685 687 695 697 703 721 723 729 745 747 749 753 755 
192 3 7 13 33 45 61 63 67 75 81 89 95 97 109 113 117 123 127 131 141 143 145 151 155 159 161 163 173 181 183 189 197 203 209 213 215 217 219 221 223 225 227 235 237 239 241 243 253 255 259 261 269 273 275 277 279 281 283 285 287 289 293 295 297 299 301 305 309 313 315 317 319 323 325 331 333 341 343 345 349 351 353 357 359 361 363 367 369 371 373 377 379 381 385 387 391 395 397 399 403 409 411 413 415 417 421 423 425 429 433 435 437 439 443 445 447 449 451 453 455 457 461 463 465 467 469 471 473 475 481 483 485 487 489 491 493 497 499 501 503 505 509 511 513 515 517 519 521 523 525 527 531 533 535 537 541 543 547 549 551 553 555 557 559 563 565 567 569 571 573 575 577 579 581 583 585 587 589 591 593 595 597 599 649 657 683 695 697 703 721 729 749 
183 1 3 5 7 9 11 13 15 17 19 25 29 31 33 35 37 39 41 45 47 49 51 53 55 57 59 61 63 65 67 69 71 73 75 77 79 81 83 85 87 89 91 143 173 209 217 225 241 259 269 273 275 277 281 285 287 293 295 297 301 305 313 315 331 343 359 363 367 371 373 377 379 385 397 399 409 411 413 425 429 435 437 439 443 445 447 449 451 453 457 463 465 473 485 487 491 493 497 499 501 505 511 519 521 523 525 531 537 547 549 555 557 565 567 573 575 577 579 581 585 587 589 591 593 595 599 601 603 611 617 621 623 625 627 629 631 635 637 639 641 643 645 647 649 651 655 657 661 667 669 671 675 677 683 685 687 689 693 695 697 699 703 705 709 713 715 719 721 723 725 727 729 733 735 737 739 741 745 747 749 751 753 755 
192 1 3 5 7 9 11 13 15 25 29 31 33 37 39 41 45 53 55 57 59 61 63 65 67 69 71 75 77 79 81 83 85 87 89 91 93 95 97 99 101 103 105 107 109 111 113 115 117 121 123 125 127 129 131 133 135 137 139 141 143 145 149 151 155 159 161 163 167 169 171 173 175 177 179 181 183 185 189 191 193 195 197 199 201 203 205 207 209 211 213 215 217 219 221 223 225 227 229 231 233 277 285 301 371 373 377 379 397 409 425 429 435 437 439 443 449 451 473 493 497 501 505 511 519 521 525 531 537 547 549 555 557 573 575 579 581 587 589 591 593 595 599 601 603 617 621 623 625 627 629 631 635 639 641 643 645 647 649 655 657 661 667 669 671 683 685 687 689 693 695 697 699 703 705 713 715 719 721 723 725 727 729 735 737 739 741 745 747 749 751 753 755 
186 1 3 5 7 9 11 13 15 25 29 31 33 37 39 41 45 51 53 55 57 59 61 63 65 67 69 71 75 77 79 81 83 85 87 89 91 93 95 97 99 101 103 105 107 109 111 113 115 117 121 123 125 127 129 131 133 135 137 139 141 143 145 149 151 155 159 161 163 167 169 171 173 175 177 179 181 183 185 187 189 191 193 195 197 199 201 203 205 207 209 211 269 277 285 301 371 373 377 379 397 409 425 429 435 437 439 443 449 451 457 473 493 497 501 505 511 519 521 525 531 537 547 549 555 557 573 575 579 581 587 589 591 593 595 599 601 603 617 621 623 625 627 629 631 635 639 641 643 645 647 649 655 657 661 667 669 671 683 685 687 689 693 695 697 699 703 705 709 713 715 719 721 723 725 727 729 735 737 739 741 745 747 749 751 753 755 
194 1 3 5 7 9 11 13 15 17 19 21 23 25 61 63 81 97 143 145 151 173 189 203 209 215 217 219 225 241 243 259 261 269 273 275 277 281 283 285 287 289 293 295 297 301 305 309 313 315 317 325 331 341 343 357 359 363 367 371 373 377 379 385 397 399 403 409 411 413 421 425 429 433 435 437 439 443 445 447 449 451 453 457 461 463 465 471 473 481 485 487 489 491 493 497 499 501 505 511 513 519 521 523 525 531 537 541 547 549 551 553 555 557 565 567 573 575 577 579 581 585 587 589 591 593 595 599 601 603 605 609 611 613 617 621 623 625 627 629 631 633 635 637 639 641 643 645 647 649 651 655 657 661 667 669 671 675 677 679 681 683 685 687 689 693 695 697 699 701 703 705 709 711 713 715 719 721 723 725 727 729 731 733 735 737 739 741 743 745 747 749 751 753 755 
190 1 3 5 7 9 11 13 15 25 29 31 33 37 39 41 45 51 53 55 57 59 61 63 65 67 69 71 73 75 77 79 81 83 85 87 89 91 93 95 97 99 101 103 105 107 109 111 113 115 117 121 123 125 127 129 131 133 135 137 139 141 143 145 149 151 155 159 161 163 165 167 169 171 173 175 177 179 181 183 185 187 189 191 193 195 197 199 241 269 273 277 285 295 301 371 373 377 379 397 409 425 429 435 437 439 443 449 451 457 463 473 493 497 501 505 511 519 521 523 525 531 537 547 549 555 557 565 573 575 579 581 587 589 591 593 595 599 601 603 611 617 621 623 625 627 629 631 635 639 641 643 645 647 649 655 657 661 667 669 671 683 685 687 689 693 695 697 699 703 705 709 713 715 719 721 723 725 727 729 733 735 737 739 741 745 747 749 751 753 755 
193 1 3 5 7 9 11 13 15 25 29 31 33 37 39 41 45 53 55 57 59 61 63 65 67 69 71 75 77 79 81 83 85 87 89 91 93 95 97 99 101 103 105 107 109 111 113 115 117 121 123 125 127 129 131 133 135 137 139 141 143 145 149 151 155 159 161 163 167 169 171 173 175 177 179 181 183 185 189 191 193 195 197 199 201 203 205 207 209 211 213 215 217 219 221 223 225 227 229 231 233 235 237 277 285 301 371 373 377 379 397 425 429 435 437 439 443 449 451 473 493 497 501 505 511 519 521 525 531 537 547 549 555 557 573 575 579 581 587 589 591 593 595 599 601 603 617 621 623 625 627 629 631 635 639 641 643 645 647 649 655 657 661 667 669 671 683 685 687 689 693 695 697 699 703 705 713 715 719 721 723 725 727 729 735 737 739 741 745 747 749 751 753 755 
195 13 33 45 61 63 67 75 81 89 95 97 109 113 117 123 131 141 143 145 151 155 159 161 163 173 181 183 189 197 203 209 213 215 217 219 221 223 225 227 235 237 239 241 243 253 255 259 261 269 273 275 277 279 281 283 285 287 289 293 295 297 301 305 309 313 315 317 319 323 325 331 333 341 343 345 349 351 357 359 361 363 367 369 371 373 377 379 381 385 391 395 397 399 403 409 411 413 415 417 421 423 425 429 433 435 437 439 443 445 447 449 451 453 455 457 461 463 465 467 469 471 473 475 481 485 487 489 491 493 497 499 501 505 509 511 513 517 519 521 523 525 527 531 533 535 537 541 543 547 549 551 553 555 557 559 563 565 567 571 573 575 577 579 581 583 585 587 589 591 593 595 597 599 601 603 605 607 609 611 613 615 617 619 621 623 625 627 629 631 633 683 695 703 721 729 
195 33 61 63 67 75 81 89 95 97 123 141 143 145 151 163 173 181 189 197 203 209 215 217 219 223 225 227 235 241 243 253 259 261 269 273 275 277 281 283 285 287 289 293 295 297 301 305 309 313 315 317 319 323 325 331 341 343 349 351 357 359 361 363 367 371 373 377 379 381 385 391 395 397 399 403 409 411 413 417 421 423 425 429 433 435 437 439 443 445 447 449 451 453 455 457 461 463 465 467 469 471 473 475 481 485 487 489 491 493 497 499 501 505 509 511 513 519 521 523 525 531 533 537 541 543 547 549 551 553 555 557 563 565 567 573 575 577 579 581 585 587 589 591 593 595 597 599 601 603 605 607 609 611 613 617 619 621 623 625 627 629 631 633 635 637 639 641 643 645 647 649 651 653 655 657 661 667 669 671 673 675 677 679 681 683 685 687 689 691 693 695 697 699 703 729 
189 1 3 5 7 9 11 13 15 17 19 25 29 31 33 35 37 39 41 43 45 47 49 51 53 55 57 59 61 63 65 67 69 71 73 143 151 173 203 209 217 225 241 243 259 261 269 273 275 277 281 285 287 289 293 295 297 301 305 313 315 331 343 357 359 363 367 371 373 377 379 385 397 399 409 411 413 425 429 435 437 439 443 445 447 449 451 453 457 461 463 465 473 485 487 491 493 497 499 501 505 511 519 521 523 525 531 537 547 549 551 553 555 557 565 567 573 575 577 579 581 585 587 589 591 593 595 599 601 603 611 613 617 621 623 625 627 629 631 633 635 637 639 641 643 645 647 649 651 655 657 661 667 669 671 675 677 681 683 685 687 689 693 695 697 699 703 705 709 711 713 715 719 721 723 725 727 729 733 735 737 739 741 743 745 747 749 751 753 755 
192 1 3 5 7 9 11 13 15 19 25 29 31 33 37 39 41 45 51 53 55 57 59 61 63 65 67 69 71 73 75 77 79 81 83 85 87 89 91 93 95 97 99 101 103 105 107 109 111 113 115 117 121 123 125 127 129 131 133 135 137 139 141 143 145 147 149 151 155 157 159 161 163 165 167 169 171 173 175 177 179 181 241 269 273 275 277 285 287 295 301 315 331 367 371 373 377 379 397 409 413 425 429 435 437 439 443 449 451 457 463 473 493 497 501 505 511 519 521 523 525 531 537 547 549 555 557 565 573 575 579 581 587 589 591 593 595 599 601 603 611 617 621 623 625 627 629 631 635 637 639 641 643 645 647 649 655 657 661 667 669 671 677 683 685 687 689 693 695 697 699 703 705 709 713 715 719 721 723 725 727 729 733 735 737 739 741 745 747 749 751 753 755 
192 1 3 5 7 9 13 25 31 33 37 39 41 45 53 55 57 59 61 63 65 67 69 71 75 77 79 81 87 89 91 93 95 97 99 101 103 105 107 109 113 115 117 121 123 125 127 129 131 135 137 139 141 143 145 149 151 155 159 161 163 167 169 171 173 175 177 179 181 183 185 189 191 193 195 197 201 203 205 207 209 211 213 215 217 219 221 223 225 227 229 231 233 235 237 239 241 243 245 247 249 251 253 255 259 261 263 265 267 269 271 273 275 277 279 281 283 285 287 289 291 293 295 371 373 379 397 429 435 449 451 497 501 505 511 521 531 537 547 549 555 557 573 575 579 581 587 589 591 593 595 599 603 621 623 625 627 629 635 641 643 647 649 655 657 661 667 671 683 685 687 689 693 695 697 699 703 705 713 715 719 721 723 725 727 729 741 745 747 749 751 753 755 
191 1 3 5 7 9 11 13 15 19 25 29 31 33 37 39 41 45 51 53 55 57 59 61 63 65 67 69 71 73 75 77 79 81 83 85 87 89 91 93 95 97 99 101 103 105 107 109 111 113 115 117 121 123 125 127 129 131 133 135 137 139 141 143 145 147 149 151 155 157 159 161 163 165 241 259 269 273 275 277 285 287 295 301 315 331 367 371 373 377 379 385 397 399 409 413 425 429 435 437 439 443 449 451 453 457 463 473 487 491 493 497 501 505 511 519 521 523 525 531 537 547 549 555 557 565 573 575 577 579 581 587 589 591 593 595 599 601 603 611 617 621 623 625 627 629 631 635 637 639 641 643 645 647 649 655 657 661 667 669 671 677 683 685 687 689 693 695 697 699 703 705 709 713 715 719 721 723 725 727 729 733 735 737 739 741 745 747 749 751 753 755 
193 3 7 13 33 45 61 63 67 75 81 89 95 97 105 109 113 117 123 127 131 141 143 145 151 155 159 161 163 173 181 183 189 197 203 209 213 215 217 219 221 223 225 227 235 237 239 241 243 245 253 255 259 261 269 273 275 277 279 281 283 285 287 289 293 295 297 299 301 305 309 313 315 317 319 323 325 331 333 341 343 345 349 351 353 357 359 361 363 367 369 371 373 377 379 381 385 387 391 395 397 399 403 409 411 413 415 417 421 423 425 427 429 433 435 437 439 443 445 447 449 451 453 455 457 461 463 465 467 469 471 473 475 481 483 485 487 489 491 493 497 499 501 503 505 509 511 513 515 517 519 521 523 525 527 531 533 535 537 541 543 547 549 551 553 555 557 559 561 563 565 567 569 571 573 575 577 579 581 583 585 587 589 591 593 649 657 683 695 697 703 721 729 749 
192 1 3 5 7 9 13 25 31 33 37 39 41 45 53 55 57 59 61 63 65 67 69 71 75 77 79 81 87 89 91 93 95 97 99 101 103 105 107 109 113 115 117 121 123 125 127 129 131 135 137 139 141 143 145 149 151 155 159 161 163 167 169 171 173 175 177 179 181 183 185 189 191 193 195 197 201 203 205 207 209 211 213 215 217 219 221 223 225 227 229 231 233 235 237 239 241 243 245 247 249 251 253 255 259 261 263 265 267 269 271 273 275 277 279 281 283 285 287 289 291 293 295 297 299 301 371 373 379 397 429 435 449 451 497 501 505 511 521 531 547 549 555 557 573 575 579 581 587 589 591 593 595 599 603 621 623 625 627 629 635 641 643 647 649 655 657 661 667 671 683 685 687 693 695 697 699 703 705 713 719 721 723 725 727 729 741 745 747 749 751 753 755 
194 1 3 5 7 13 31 33 45 57 61 63 67 69 75 79 81 87 89 91 95 97 99 105 107 109 113 117 123 127 131 137 141 143 145 149 151 155 159 161 163 167 171 173 181 183 189 193 195 197 203 209 213 215 217 219 221 223 225 227 233 235 237 239 241 243 245 247 251 253 255 259 261 267 269 271 273 275 277 279 281 283 285 287 289 293 295 297 299 301 305 309 311 313 315 317 319 323 325 327 329 331 333 341 343 345 347 349 351 353 357 359 361 363 367 369 371 373 375 377 379 381 385 387 391 395 397 399 403 405 407 409 411 413 415 417 421 423 425 427 429 431 433 435 437 439 443 445 447 449 451 453 455 457 459 461 463 465 467 469 471 473 475 477 479 481 483 531 557 573 575 579 587 603 621 627 635 649 655 657 661 683 685 687 695 697 703 721 723 729 745 747 749 753 755 
193 1 3 5 7 13 31 33 37 45 57 61 63 67 69 75 79 81 87 89 91 95 97 99 105 107 109 113 117 123 127 131 137 141 143 145 149 151 155 159 161 163 167 171 173 177 181 183 189 193 195 197 203 209 213 215 217 219 221 223 225 227 233 235 237 239 241 243 245 247 251 253 255 259 261 267 269 271 273 275 277 279 281 283 285 287 289 293 295 297 299 301 305 309 311 313 315 317 319 323 325 327 329 331 333 341 343 345 347 349 351 353 357 359 361 363 367 369 371 373 375 377 379 381 385 387 391 395 397 399 403 405 407 409 411 413 415 417 421 423 425 427 429 431 433 435 437 439 443 445 447 449 451 453 455 457 459 461 463 465 467 469 471 473 475 531 557 573 575 579 587 589 603 621 627 635 649 655 657 661 683 685 687 695 697 703 721 723 729 745 747 749 753 755 
192 61 63 67 75 81 89 97 143 145 151 163 173 181 189 203 209 215 217 219 223 225 235 241 243 259 261 269 273 275 277 281 283 285 287 289 293 295 297 301 305 309 313 315 317 325 331 341 343 349 351 357 359 363 367 371 373 377 379 381 385 397 399 403 409 411 413 421 423 425 429 433 435 437 439 443 445 447 449 451 453 457 461 463 465 469 471 473 475 481 485 487 489 491 493 497 499 501 505 509 511 513 519 521 523 525 531 533 537 541 547 549 551 553 555 557 565 567 573 575 577 579 581 585 587 589 591 593 595 597 599 601 603 605 609 611 613 617 621 623 625 627 629 631 633 635 637 639 641 643 645 647 649 651 655 657 661 667 669 671 675 677 679 681 683 685 687 689 691 693 695 697 699 701 703 705 707 709 711 713 715 717 719 721 723 725 727 729 731 733 735 737 739 
194 1 3 5 7 13 31 33 37 45 57 61 63 65 67 69 75 79 81 87 89 91 95 97 99 105 107 109 113 117 121 123 127 131 137 141 143 145 149 151 155 159 161 163 167 171 173 177 181 183 189 193 195 197 203 207 209 213 215 217 219 221 223 225 227 233 235 237 239 241 243 245 247 251 253 255 259 261 263 267 269 271 273 275 277 279 281 283 285 287 289 293 295 297 299 301 305 309 311 313 315 317 319 323 325 327 329 331 333 341 343 345 347 349 351 353 357 359 361 363 367 369 371 373 375 377 379 381 385 387 391 395 397 399 403 405 407 409 411 413 415 417 421 423 425 427 429 431 433 435 437 439 443 445 447 449 451 453 455 457 459 461 463 465 467 469 531 557 573 575 579 587 589 603 621 627 635 649 655 657 661 683 685 687 695 697 703 721 723 729 745 747 749 753 755 
192 1 3 5 7 9 11 13 15 19 25 29 31 33 37 39 41 45 51 53 55 57 59 61 63 65 67 69 71 73 75 77 79 81 83 85 87 89 91 93 95 97 99 101 103 105 107 109 111 113 115 117 121 123 125 127 129 131 133 135 137 139 141 143 145 147 149 151 155 157 159 161 163 165 167 169 171 173 175 177 179 181 241 269 273 275 277 285 287 295 301 315 331 367 371 373 377 379 397 409 413 425 429 435 437 439 443 449 451 457 463 473 493 497 501 505 511 519 521 523 525 531 537 547 549 555 557 565 573 575 579 581 587 589 591 593 595 599 601 603 611 617 621 623 625 627 629 631 635 637 639 641 643 645 647 649 655 657 661 667 669 671 677 683 685 687 689 693 695 697 699 703 705 709 713 715 719 721 723 725 727 729 733 735 737 739 741 745 747 749 751 753 755 
185 1 3 5 7 9 11 13 15 17 19 25 29 31 33 37 39 41 45 51 53 55 57 59 61 63 65 67 69 71 73 75 77 79 81 83 85 87 89 91 93 95 97 99 101 103 105 107 109 111 113 115 117 119 121 123 125 127 129 131 173 225 241 259 269 273 275 277 285 287 295 301 305 315 331 359 363 367 371 373 377 379 385 397 399 409 413 425 429 435 437 439 443 449 451 453 457 463 473 485 487 491 493 497 501 505 511 519 521 523 525 531 537 547 549 555 557 565 573 575 577 579 581 585 587 589 591 593 595 599 601 603 611 617 621 623 625 627 629 631 635 637 639 641 643 645 647 649 655 657 661 667 669 671 675 677 683 685 687 689 693 695 697 699 703 705 709 713 715 719 721 723 725 727 729 733 735 737 739 741 745 747 749 751 753 755 
183 1 3 5 7 9 11 13 15 17 19 25 29 31 33 35 37 39 41 45 51 53 55 57 59 61 63 65 67 69 71 73 75 77 79 81 83 85 87 89 91 93 95 97 99 101 103 143 173 209 217 225 241 259 269 273 275 277 281 285 287 293 295 301 305 315 331 359 363 367 371 373 377 379 385 397 399 409 411 413 425 429 435 437 439 443 445 447 449 451 453 457 463 465 473 485 487 491 493 497 499 501 505 511 519 521 523 525 531 537 547 549 555 557 565 567 573 575 577 579 581 585 587 589 591 593 595 599 601 603 611 617 621 623 625 627 629 631 635 637 639 641 643 645 647 649 655 657 661 667 669 671 675 677 683 685 687 689 693 695 697 699 703 705 709 713 715 719 721 723 725 727 729 733 735 737 739 741 745 747 749 751 753 755 
191 1 3 5 7 9 11 13 15 19 25 29 31 33 37 39 41 45 51 53 55 57 59 61 63 65 67 69 71 73 75 77 79 81 83 85 87 89 91 93 95 97 99 101 103 105 107 109 111 113 115 117 121 123 125 127 129 131 133 135 137 139 141 143 145 147 149 151 153 155 157 159 161 163 241 259 269 273 275 277 285 287 295 301 315 331 367 371 373 377 379 385 397 399 409 413 425 429 435 437 439 443 449 451 453 457 463 473 487 491 493 497 501 505 511 519 521 523 525 531 537 547 549 555 557 565 573 575 577 579 581 587 589 591 593 595 599 601 603 611 617 621 623 625 627 629 631 635 637 639 641 643 645 647 649 655 657 661 667 669 671 677 683 685 687 689 693 695 697 699 703 705 709 713 715 719 721 723 725 727 729 733 735 737 739 741 745 747 749 751 753 755 
193 1 3 5 7 9 11 13 15 25 29 31 33 37 39 41 45 53 55 57 59 61 63 65 67 69 71 75 77 79 81 85 87 89 91 93 95 97 99 101 103 105 107 109 111 113 115 117 121 123 125 127 129 131 133 135 137 139 141 143 145 149 151 155 159 161 163 167 169 171 173 175 177 179 181 183 185 189 191 193 195 197 199 201 203 205 207 209 211 213 215 217 219 221 223 225 227 229 231 233 235 237 239 241 243 285 301 371 373 377 379 397 425 429 435 437 439 443 449 451 473 493 497 501 505 511 519 521 531 537 547 549 555 557 573 575 579 581 587 589 591 593 595 599 601 603 617 621 623 625 627 629 631 635 639 641 643 645 647 649 655 657 661 667 669 671 683 685 687 689 693 695 697 699 703 705 713 715 719 721 723 725 727 729 735 737 739 741 745 747 749 751 753 755 
200 1 3 5 7 9 13 31 33 37 39 41 45 53 55 57 61 63 65 67 69 75 77 79 81 87 89 91 93 95 97 99 101 105 107 109 113 115 117 121 123 127 131 137 139 141 143 145 149 151 155 159 161 163 167 169 171 173 175 177 179 181 183 185 189 191 193 195 197 201 203 207 209 211 213 215 217 219 221 223 225 227 233 235 237 239 241 243 245 247 251 253 255 259 261 263 265 267 269 271 273 275 277 279 281 283 285 287 289 293 295 297 299 301 303 305 307 309 311 313 315 317 319 321 323 325 327 329 331 333 335 339 341 343 345 347 349 351 353 355 357 359 361 363 365 371 429 435 451 497 501 505 511 521 531 547 549 557 573 575 579 581 587 589 591 595 603 621 623 627 629 635 641 643 647 649 655 657 661 667 671 683 685 687 693 695 697 699 703 705 721 723 725 729 741 745 747 749 751 753 755 
189 1 3 5 7 9 11 13 15 19 25 29 31 33 37 39 41 45 51 53 55 57 59 61 63 65 67 69 71 73 75 77 79 81 83 85 87 89 91 93 95 97 99 101 103 105 107 109 111 113 115 117 121 123 125 127 129 131 133 135 137 139 141 143 145 147 149 151 153 155 157 159 241 259 269 273 275 277 285 287 295 301 315 331 367 371 373 377 379 385 397 399 409 413 425 429 435 437 439 443 449 451 453 457 463 473 487 491 493 497 501 505 511 519 521 523 525 531 537 547 549 555 557 565 573 575 577 579 581 587 589 591 593 595 599 601 603 611 617 621 623 625 627 629 631 635 637 639 641 643 645 647 649 655 657 661 667 669 671 677 683 685 687 689 693 695 697 699 703 705 709 713 715 719 721 723 725 727 729 733 735 737 739 741 745 747 749 751 753 755 
206 1 3 5 7 13 31 33 37 45 53 55 57 61 63 65 67 69 75 79 81 87 89 91 93 95 97 99 101 105 107 109 113 115 117 121 123 127 131 137 139 141 143 145 149 151 155 159 161 163 167 169 171 173 175 177 179 181 183 185 189 191 193 195 197 203 207 209 211 213 215 217 219 221 223 225 227 233 235 237 239 241 243 245 247 251 253 255 259 261 263 265 267 269 271 273 275 277 279 281 283 285 287 289 293 295 297 299 301 303 305 307 309 311 313 315 317 319 321 323 325 327 329 331 333 335 339 341 343 345 347 349 351 353 355 357 359 361 363 365 367 369 371 373 375 377 379 381 383 385 387 389 391 393 395 397 399 429 451 497 501 505 511 521 531 547 557 573 575 579 581 587 589 591 603 621 623 627 629 635 641 643 647 649 655 657 661 667 683 685 687 693 695 697 703 705 721 723 725 729 741 745 747 749 751 753 755 
193 1 3 7 13 33 45 61 63 67 69 75 81 87 89 95 97 105 107 109 113 117 123 127 131 137 141 143 145 149 151 155 159 161 163 167 173 181 183 189 193 195 197 203 209 213 215 217 219 221 223 225 227 233 235 237 239 241 243 245 247 251 253 255 259 261 269 271 273 275 277 279 281 283 285 287 289 293 295 297 299 301 305 309 313 315 317 319 323 325 327 329 331 333 341 343 345 347 349 351 353 357 359 361 363 367 369 371 373 375 377 379 381 385 387 391 395 397 399 403 405 407 409 411 413 415 417 421 423 425 427 429 431 433 435 437 439 443 445 447 449 451 453 455 457 461 463 465 467 469 471 473 475 481 483 485 487 489 491 493 497 499 501 503 505 507 509 511 513 515 531 557 575 579 587 603 627 635 649 655 657 661 683 685 687 695 697 703 721 723 729 745 747 749 
192 1 3 7 13 33 45 61 63 67 69 75 81 87 89 95 97 105 107 109 113 117 123 127 131 137 141 143 145 149 151 155 159 161 163 167 173 181 183 189 193 195 197 203 209 213 215 217 219 221 223 225 227 235 237 239 241 243 245 247 251 253 255 259 261 269 271 273 275 277 279 281 283 285 287 289 293 295 297 299 301 305 309 313 315 317 319 323 325 327 329 331 333 341 343 345 347 349 351 353 357 359 361 363 367 369 371 373 375 377 379 381 385 387 391 395 397 399 403 405 407 409 411 413 415 417 421 423 425 427 429 431 433 435 437 439 443 445 447 449 451 453 455 457 461 463 465 467 469 471 473 475 481 483 485 487 489 491 493 497 499 501 503 505 507 509 511 513 515 517 531 557 575 579 587 603 627 635 649 657 661 683 685 687 695 697 703 721 723 729 745 747 749 
190 3 7 13 33 45 61 63 67 75 81 89 95 97 105 109 113 117 123 127 131 141 143 145 151 155 159 161 163 173 181 183 189 193 197 203 209 213 215 217 219 221 223 225 227 235 237 239 241 243 245 253 255 259 261 269 273 275 277 279 281 283 285 287 289 293 295 297 299 301 305 309 313 315 317 319 323 325 331 333 341 343 345 349 351 353 357 359 361 363 367 369 371 373 377 379 381 385 387 391 395 397 399 403 409 411 413 415 417 421 423 425 427 429 433 435 437 439 443 445 447 449 451 453 455 457 461 463 465 467 469 471 473 475 481 483 485 487 489 491 493 497 499 501 503 505 507 509 511 513 515 517 519 521 523 525 527 531 533 535 537 541 543 545 547 549 551 553 555 557 559 561 563 565 567 569 571 573 635 649 657 683 695 697 703 721 723 729 745 747 749 
193 1 3 7 13 33 45 61 63 67 69 75 81 87 89 95 97 105 107 109 113 117 123 127 131 137 141 143 145 149 151 155 159 161 163 167 173 181 183 189 193 195 197 203 209 213 215 217 219 221 223 225 227 235 237 239 241 243 245 247 251 253 255 259 261 269 271 273 275 277 279 281 283 285 287 289 293 295 297 299 301 305 309 313 315 317 319 323 325 327 329 331 333 341 343 345 347 349 351 353 357 359 361 363 367 369 371 373 375 377 379 381 385 387 391 395 397 399 403 405 407 409 411 413 415 417 421 423 425 427 429 431 433 435 437 439 443 445 447 449 451 453 455 457 461 463 465 467 469 471 473 475 481 483 485 487 489 491 493 497 499 501 503 505 507 509 511 513 515 517 519 521 531 557 575 579 587 603 627 635 649 657 661 683 685 695 697 703 721 723 729 745 747 749 
192 1 3 5 7 13 31 33 37 45 57 61 63 67 69 75 79 81 87 89 91 95 97 99 105 107 109 113 117 123 127 131 137 141 143 145 149 151 155 159 161 163 167 171 173 181 183 189 193 195 197 203 209 213 215 217 219 221 223 225 227 233 235 237 239 241 243 245 247 251 253 255 259 261 267 269 271 273 275 277 279 281 283 285 287 289 293 295 297 299 301 305 309 311 313 315 317 319 323 325 327 329 331 333 341 343 345 347 349 351 353 357 359 361 363 367 369 371 373 375 377 379 381 385 387 391 395 397 399 403 405 407 409 411 413 415 417 421 423 425 427 429 431 433 435 437 439 443 445 447 449 451 453 455 457 459 461 463 465 467 469 471 473 475 477 531 557 573 575 579 587 603 621 627 635 649 655 657 661 683 685 687 695 697 703 721 723 729 745 747 749 753 755 
199 1 3 5 7 9 13 31 33 37 39 41 45 53 55 57 59 61 63 65 67 69 71 75 77 79 81 87 89 91 93 95 97 99 101 105 107 109 113 115 117 121 123 125 127 131 135 137 139 141 143 145 149 151 155 159 161 163 167 169 171 173 175 177 179 181 183 185 189 191 193 195 197 201 203 205 207 209 211 213 215 217 219 221 223 225 227 233 235 237 239 241 243 245 247 249 251 253 255 259 261 263 265 267 269 271 273 275 277 279 281 283 285 287 289 293 295 297 299 301 303 305 307 309 311 313 315 317 319 321 323 325 327 329 331 333 335 337 339 341 371 429 435 449 451 497 501 505 511 521 531 547 549 557 573 575 579 581 587 589 591 595 599 603 621 623 627 629 635 641 643 647 649 655 657 661 667 671 683 685 687 693 695 697 699 703 705 719 721 723 725 727 729 741 745 747 749 751 753 755 
200 1 3 5 7 13 31 33 37 45 53 57 61 63 65 67 69 75 79 81 87 89 91 95 97 99 105 107 109 113 117 121 123 127 131 137 141 143 145 149 151 155 159 161 163 167 169 171 173 175 177 179 181 183 185 189 191 193 195 197 203 207 209 211 213 215 217 219 221 223 225 227 233 235 237 239 241 243 245 247 251 253 255 259 261 263 265 267 269 271 273 275 277 279 281 283 285 287 289 293 295 297 299 301 305 307 309 311 313 315 317 319 323 325 327 329 331 333 335 339 341 343 345 347 349 351 353 357 359 361 363 365 367 369 371 373 375 377 379 381 383 385 387 389 391 393 395 397 399 403 405 407 409 411 413 415 417 419 421 423 429 505 511 521 531 547 557 573 575 579 581 587 589 591 603 621 623 627 629 635 643 647 649 655 657 661 683 685 687 695 697 703 705 721 723 729 745 747 749 753 755 
189 1 3 7 13 33 45 61 63 67 69 75 81 87 89 95 97 105 107 109 113 117 123 127 131 137 141 143 145 149 151 155 159 161 163 167 173 181 183 189 193 197 203 209 213 215 217 219 221 223 225 227 235 237 239 241 243 245 251 253 255 259 261 269 271 273 275 277 279 281 283 285 287 289 293 295 297 299 301 305 309 313 315 317 319 323 325 327 329 331 333 341 343 345 349 351 353 357 359 361 363 367 369 371 373 375 377 379 381 385 387 391 395 397 399 403 405 407 409 411 413 415 417 421 423 425 427 429 431 433 435 437 439 443 445 447 449 451 453 455 457 461 463 465 467 469 471 473 475 481 483 485 487 489 491 493 497 499 501 503 505 507 509 511 513 515 517 519 521 523 525 557 575 579 627 635 649 657 661 683 685 695 697 703 721 723 729 745 747 749 
186 1 3 5 7 9 11 13 15 17 19 25 29 31 33 37 39 41 45 51 53 55 57 59 61 63 65 67 69 71 73 75 77 79 81 83 85 87 89 91 93 95 97 99 101 103 105 107 109 111 113 115 117 119 121 123 125 173 225 241 259 269 273 275 277 285 287 293 295 301 305 315 331 359 363 367 371 373 377 379 385 397 399 409 411 413 425 429 435 437 439 443 449 451 453 457 463 465 473 485 487 491 493 497 499 501 505 511 519 521 523 525 531 537 547 549 555 557 565 573 575 577 579 581 585 587 589 591 593 595 599 601 603 611 617 621 623 625 627 629 631 635 637 639 641 643 645 647 649 655 657 661 667 669 671 675 677 683 685 687 689 693 695 697 699 703 705 709 713 715 719 721 723 725 727 729 733 735 737 739 741 745 747 749 751 753 755 
195 1 3 5 7 9 13 25 31 33 37 39 41 45 53 55 57 59 61 63 65 67 69 71 75 77 79 81 87 89 91 93 95 97 99 101 103 105 107 109 113 115 117 121 123 125 127 129 131 135 137 139 141 143 145 149 151 155 159 161 163 167 169 171 173 175 177 179 181 183 185 189 191 193 195 197 201 203 205 207 209 211 213 215 217 219 221 223 225 227 229 231 233 235 237 239 241 243 245 247 249 251 253 255 259 261 263 265 267 269 271 273 275 277 279 281 283 285 287 289 291 293 295 297 299 301 303 305 307 309 311 371 379 397 429 435 449 451 497 501 505 511 521 531 547 549 555 557 573 575 579 581 587 589 591 593 595 599 603 621 623 625 627 629 635 641 643 647 649 655 657 661 667 671 683 685 687 693 695 697 699 703 705 719 721 723 725 727 729 741 745 747 749 751 753 755 
196 33 45 61 63 67 75 81 89 95 97 123 131 141 143 145 151 155 159 163 173 181 189 197 203 209 215 217 219 221 223 225 227 235 237 241 243 253 255 259 261 269 273 275 277 281 283 285 287 289 293 295 297 301 305 309 313 315 317 319 323 325 331 333 341 343 349 351 357 359 361 363 367 371 373 377 379 381 385 391 395 397 399 403 409 411 413 417 421 423 425 429 433 435 437 439 443 445 447 449 451 453 455 457 461 463 465 467 469 471 473 475 481 485 487 489 491 493 497 499 501 505 509 511 513 519 521 523 525 531 533 537 541 543 547 549 551 553 555 557 563 565 567 571 573 575 577 579 581 585 587 589 591 593 595 597 599 601 603 605 607 609 611 613 617 619 621 623 625 627 629 631 633 635 637 639 641 643 645 647 649 651 653 655 657 659 661 665 667 669 671 673 675 677 703 721 729 
191 1 3 5 7 9 11 13 15 25 29 31 33 37 39 41 45 53 55 57 59 61 63 65 67 69 71 75 77 79 81 85 87 89 91 93 95 97 99 101 103 105 107 109 113 115 117 121 123 125 127 129 131 133 135 137 139 141 143 145 149 151 155 159 161 163 167 169 171 173 175 177 179 181 183 185 189 191 193 195 197 201 203 205 207 209 211 213 215 217 219 221 223 225 227 229 231 233 235 237 239 241 243 245 247 249 251 253 285 301 371 373 377 379 397 429 435 439 443 449 451 473 497 501 505 511 519 521 531 537 547 549 555 557 573 575 579 581 587 589 591 593 595 599 601 603 617 621 623 625 627 629 631 635 639 641 643 645 647 649 655 657 661 667 669 671 683 685 687 689 693 695 697 699 703 705 713 715 719 721 723 725 727 729 739 741 745 747 749 751 753 755 
192 1 3 5 7 9 11 13 15 17 19 21 25 29 31 33 35 37 39 41 43 45 47 49 51 53 55 63 143 145 151 173 203 209 217 219 225 241 243 259 261 269 273 275 277 281 285 287 289 293 295 297 301 305 313 315 331 341 343 357 359 363 367 371 373 377 379 385 397 399 409 411 413 425 429 433 435 437 439 443 445 447 449 451 453 457 461 463 465 471 473 485 487 489 491 493 497 499 501 505 511 513 519 521 523 525 531 537 547 549 551 553 555 557 565 567 573 575 577 579 581 585 587 589 591 593 595 599 601 603 605 611 613 617 621 623 625 627 629 631 633 635 637 639 641 643 645 647 649 651 655 657 661 667 669 671 675 677 679 681 683 685 687 689 693 695 697 699 703 705 709 711 713 715 719 721 723 725 727 729 731 733 735 737 739 741 743 745 747 749 751 753 755 
200 1 3 5 7 9 13 31 33 37 39 41 45 53 55 57 59 61 63 65 67 69 71 75 77 79 81 87 89 91 93 95 97 99 101 105 107 109 113 115 117 121 123 125 127 131 135 137 139 141 143 145 149 151 155 159 161 163 167 169 171 173 175 177 179 181 183 185 189 191 193 195 197 201 203 205 207 209 211 213 215 217 219 221 223 225 227 233 235 237 239 241 243 245 247 249 251 253 255 259 261 263 265 267 269 271 273 275 277 279 281 283 285 287 289 293 295 297 299 301 303 305 307 309 311 313 315 317 319 321 323 325 327 329 331 333 335 337 339 341 343 371 429 435 449 451 497 501 505 511 521 531 547 549 557 573 575 579 581 587 589 591 595 599 603 621 623 627 629 635 641 643 647 649 655 657 661 667 671 683 685 687 693 695 697 699 703 705 719 721 723 725 727 729 741 745 747 749 751 753 755 
199 1 3 5 7 9 13 31 33 37 39 41 45 53 55 57 59 61 63 65 67 69 71 75 77 79 81 87 89 91 93 95 97 99 101 105 107 109 113 115 117 121 123 125 127 131 135 137 139 141 143 145 149 151 155 159 161 163 167 169 171 173 175 177 179 181 183 185 189 191 193 195 197 201 203 205 207 209 211 213 215 217 219 221 223 225 227 233 235 237 239 241 243 245 247 249 251 253 255 259 261 263 265 267 269 271 273 275 277 279 281 283 285 287 289 293 295 297 299 301 303 305 307 309 311 313 315 317 319 321 323 325 327 329 331 333 335 337 339 341 343 345 371 429 435 449 451 497 501 505 511 521 531 547 549 557 573 575 579 581 587 589 591 595 599 603 621 623 627 629 635 641 643 647 649 655 657 661 667 671 683 685 687 693 695 697 699 703 705 721 723 725 729 741 745 747 749 751 753 755 
187 3 7 13 33 45 61 63 67 75 81 89 95 97 105 109 113 117 123 127 131 141 143 145 151 155 159 161 163 167 173 181 183 189 193 197 203 209 213 215 217 219 221 223 225 227 235 237 239 241 243 245 253 255 259 261 269 273 275 277 279 281 283 285 287 289 293 295 297 299 301 305 309 313 315 317 319 323 325 329 331 333 341 343 345 349 351 353 357 359 361 363 367 369 371 373 375 377 379 381 385 387 391 395 397 399 403 405 409 411 413 415 417 421 423 425 427 429 433 435 437 439 443 445 447 449 451 453 455 457 461 463 465 467 469 471 473 475 481 483 485 487 489 491 493 497 499 501 503 505 507 509 511 513 515 517 519 521 523 525 527 531 533 535 537 541 543 545 547 549 551 553 555 557 559 635 649 657 683 695 697 703 721 723 729 745 747 749 
193 1 3 5 7 9 13 25 31 33 37 39 41 45 53 55 57 59 61 63 65 67 69 71 75 77 79 81 87 89 91 93 95 97 99 101 103 105 107 109 113 115 117 121 123 125 127 129 131 135 137 139 141 143 145 149 151 155 159 161 163 167 169 171 173 175 177 179 181 183 185 189 191 193 195 197 201 203 205 207 209 211 213 215 217 219 221 223 225 227 229 231 233 235 237 239 241 243 245 247 249 251 253 255 257 259 261 263 265 267 269 271 273 275 277 279 281 283 285 287 289 291 293 371 373 379 397 429 435 449 451 473 497 501 505 511 521 531 537 547 549 555 557 573 575 579 581 587 589 591 593 595 599 603 621 623 625 627 629 635 641 643 647 649 655 657 661 667 671 683 685 687 689 693 695 697 699 703 705 713 715 719 721 723 725 727 729 741 745 747 749 751 753 755 
202 1 3 5 7 13 31 33 37 45 53 57 61 63 65 67 69 75 79 81 87 89 91 95 97 99 101 105 107 109 113 117 121 123 127 131 137 141 143 145 149 151 155 159 161 163 167 169 171 173 175 177 179 181 183 185 189 191 193 195 197 203 207 209 211 213 215 217 219 221 223 225 227 233 235 237 239 241 243 245 247 251 253 255 259 261 263 265 267 269 271 273 275 277 279 281 283 285 287 289 293 295 297 299 301 305 307 309 311 313 315 317 319 323 325 327 329 331 333 335 339 341 343 345 347 349 351 353 357 359 361 363 365 367 369 371 373 375 377 379 381 383 385 387 389 391 393 395 397 399 403 405 407 409 411 413 415 417 419 421 429 505 511 521 531 547 557 573 575 579 581 587 589 591 603 621 623 627 629 635 641 643 647 649 655 657 661 667 683 685 687 695 697 703 705 721 723 729 745 747 749 753 755 
182 1 3 5 7 9 11 13 15 17 19 25 29 31 33 35 37 39 41 45 49 51 53 55 57 59 61 63 65 67 69 71 73 75 77 79 81 83 85 87 89 91 93 95 97 99 143 173 209 217 225 241 259 269 273 275 277 281 285 287 293 295 301 305 315 331 359 363 367 371 373 377 379 385 397 399 409 411 413 425 429 435 437 439 443 445 447 449 451 453 457 463 465 473 485 487 491 493 497 499 501 505 511 519 521 523 525 531 537 547 549 555 557 565 567 573 575 577 579 581 585 587 589 591 593 595 599 601 603 611 617 621 623 625 627 629 631 635 637 639 641 643 645 647 649 655 657 661 667 669 671 675 677 683 685 687 689 693 695 697 699 703 705 709 713 715 719 721 723 725 727 729 733 735 737 739 741 745 747 749 751 753 755 
196 1 3 5 7 9 11 13 61 63 75 81 97 143 145 151 173 181 189 203 209 215 217 219 225 241 243 259 261 269 273 275 277 281 283 285 287 289 293 295 297 301 305 309 313 315 317 325 331 341 343 357 359 363 367 371 373 377 379 381 385 397 399 403 409 411 413 421 423 425 429 433 435 437 439 443 445 447 449 451 453 457 461 463 465 471 473 475 481 485 487 489 491 493 497 499 501 505 511 513 519 521 523 525 531 537 541 547 549 551 553 555 557 565 567 573 575 577 579 581 585 587 589 591 593 595 599 601 603 605 609 611 613 617 621 623 625 627 629 631 633 635 637 639 641 643 645 647 649 651 655 657 661 667 669 671 675 677 679 681 683 685 687 689 691 693 695 697 699 701 703 705 707 709 711 713 715 717 719 721 723 725 727 729 731 733 735 737 739 741 743 745 747 749 751 753 755 
202 1 3 5 7 13 31 33 37 45 53 57 61 63 65 67 69 75 79 81 87 89 91 95 97 99 101 105 107 109 113 117 121 123 127 131 137 141 143 145 149 151 155 159 161 163 167 169 171 173 175 177 179 181 183 185 189 191 193 195 197 203 207 209 211 213 215 217 219 221 223 225 227 233 235 237 239 241 243 245 247 251 253 255 259 261 263 265 267 269 271 273 275 277 279 281 283 285 287 289 293 295 297 299 301 303 305 307 309 311 313 315 317 319 323 325 327 329 331 333 335 339 341 343 345 347 349 351 353 357 359 361 363 365 367 369 371 373 375 377 379 381 383 385 387 389 391 393 395 397 399 401 403 405 407 409 411 413 429 451 505 511 521 531 547 557 573 575 579 581 587 589 591 603 621 623 627 629 635 641 643 647 649 655 657 661 667 683 685 687 693 695 697 703 705 721 723 729 745 747 749 753 755 
193 61 63 67 75 81 89 97 143 145 151 163 173 181 189 203 209 215 217 219 223 225 235 241 243 259 261 269 273 275 277 281 283 285 287 289 293 295 297 301 305 309 313 315 317 325 331 341 343 349 351 357 359 363 367 371 373 377 379 381 385 397 399 403 409 411 413 421 423 425 429 433 435 437 439 443 445 447 449 451 453 457 461 463 465 469 471 473 475 481 485 487 489 491 493 497 499 501 505 509 511 513 519 521 523 525 531 533 537 541 547 549 551 553 555 557 565 567 573 575 577 579 581 585 587 589 591 593 595 597 599 601 603 605 609 611 613 617 621 623 625 627 629 631 633 635 637 639 641 643 645 647 649 651 655 657 661 667 669 671 675 677 679 681 683 685 687 689 691 693 695 697 699 701 703 705 707 709 711 713 715 717 719 721 723 725 727 729 731 733 735 737 739 741 
196 33 45 61 63 67 75 81 89 95 97 123 141 143 145 151 159 163 173 181 189 197 203 209 215 217 219 221 223 225 227 235 241 243 253 259 261 269 273 275 277 281 283 285 287 289 293 295 297 301 305 309 313 315 317 319 323 325 331 333 341 343 349 351 357 359 361 363 367 371 373 377 379 381 385 391 395 397 399 403 409 411 413 417 421 423 425 429 433 435 437 439 443 445 447 449 451 453 455 457 461 463 465 467 469 471 473 475 481 485 487 489 491 493 497 499 501 505 509 511 513 519 521 523 525 531 533 537 541 543 547 549 551 553 555 557 563 565 567 573 575 577 579 581 585 587 589 591 593 595 597 599 601 603 605 607 609 611 613 617 619 621 623 625 627 629 631 633 635 637 639 641 643 645 647 649 651 653 655 657 661 667 669 671 673 675 677 679 681 683 685 687 689 691 703 721 729 
200 1 3 5 7 13 31 33 37 45 53 57 61 63 65 67 69 75 79 81 87 89 91 95 97 99 105 107 109 113 117 121 123 127 131 137 141 143 145 149 151 155 159 161 163 167 169 171 173 175 177 179 181 183 185 189 191 193 195 197 203 207 209 211 213 215 217 219 221 223 225 227 233 235 237 239 241 243 245 247 251 253 255 259 261 263 267 269 271 273 275 277 279 281 283 285 287 289 293 295 297 299 301 305 307 309 311 313 315 317 319 323 325 327 329 331 333 335 339 341 343 345 347 349 351 353 357 359 361 363 365 367 369 371 373 375 377 379 381 385 387 389 391 393 395 397 399 403 405 407 409 411 413 415 417 419 421 423 425 427 429 505 511 521 531 547 557 573 575 579 581 587 589 591 603 621 623 627 629 635 643 647 649 655 657 661 683 685 687 695 697 703 705 721 723 729 745 747 749 753 755 
193 1 3 5 7 9 11 13 15 17 19 21 23 61 63 81 97 143 145 151 173 189 203 209 215 217 219 225 241 243 259 261 269 273 275 277 281 283 285 287 289 293 295 297 301 305 309 313 315 317 325 331 341 343 357 359 363 367 371 373 377 379 385 397 399 403 409 411 413 421 425 429 433 435 437 439 443 445 447 449 451 453 457 461 463 465 471 473 481 485 487 489 491 493 497 499 501 505 511 513 519 521 523 525 531 537 541 547 549 551 553 555 557 565 567 573 575 577 579 581 585 587 589 591 593 595 599 601 603 605 609 611 613 617 621 623 625 627 629 631 633 635 637 639 641 643 645 647 649 651 655 657 661 667 669 671 675 677 679 681 683 685 687 689 693 695 697 699 701 703 705 709 711 713 715 719 721 723 725 727 729 731 733 735 737 739 741 743 745 747 749 751 753 755 
198 1 3 5 7 9 13 31 33 37 39 41 45 53 55 57 61 63 65 67 69 75 77 79 81 87 89 91 93 95 97 99 101 105 107 109 113 115 117 121 123 127 131 137 139 141 143 145 149 151 155 159 161 163 167 169 171 173 175 177 179 181 183 185 189 191 193 195 197 201 203 205 207 209 211 213 215 217 219 221 223 225 227 233 235 237 239 241 243 245 247 251 253 255 259 261 263 265 267 269 271 273 275 277 279 281 283 285 287 289 293 295 297 299 301 303 305 307 309 311 313 315 317 319 321 323 325 327 329 331 333 335 339 341 343 345 347 349 351 353 355 357 359 371 429 435 451 497 501 505 511 521 531 547 549 557 573 575 579 581 587 589 591 595 603 621 623 627 629 635 641 643 647 649 655 657 661 667 671 683 685 687 693 695 697 699 703 705 721 723 725 729 741 745 747 749 751 753 755 
188 1 3 5 7 9 11 13 15 19 25 29 31 33 37 39 41 45 51 53 55 57 59 61 63 65 67 69 71 73 75 77 79 81 83 85 87 89 91 93 95 97 99 101 103 105 107 109 111 113 115 117 121 123 125 127 129 131 133 135 137 139 141 143 145 147 149 151 153 155 157 241 259 269 273 275 277 285 287 295 301 315 331 367 371 373 377 379 385 397 399 409 413 425 429 435 437 439 443 449 451 453 457 463 473 487 491 493 497 501 505 511 519 521 523 525 531 537 547 549 555 557 565 573 575 577 579 581 587 589 591 593 595 599 601 603 611 617 621 623 625 627 629 631 635 637 639 641 643 645 647 649 655 657 661 667 669 671 677 683 685 687 689 693 695 697 699 703 705 709 713 715 719 721 723 725 727 729 733 735 737 739 741 745 747 749 751 753 755 
191 1 3 5 7 9 11 13 15 25 29 31 33 37 39 41 45 53 55 57 59 61 63 65 67 69 71 75 77 79 81 83 85 87 89 91 93 95 97 99 101 103 105 107 109 111 113 115 117 121 123 125 127 129 131 133 135 137 139 141 143 145 149 151 155 159 161 163 167 169 171 173 175 177 179 181 183 185 187 189 191 193 195 197 199 201 203 205 207 209 211 213 215 217 219 221 223 269 277 285 301 371 373 377 379 397 409 425 429 435 437 439 443 449 451 457 473 493 497 501 505 511 519 521 525 531 537 547 549 555 557 573 575 579 581 587 589 591 593 595 599 601 603 617 621 623 625 627 629 631 635 639 641 643 645 647 649 655 657 661 667 669 671 683 685 687 689 693 695 697 699 703 705 709 713 715 719 721 723 725 727 729 735 737 739 741 745 747 749 751 753 755 
202 1 3 5 7 9 13 31 33 37 45 53 55 57 61 63 65 67 69 75 77 79 81 87 89 91 93 95 97 99 101 105 107 109 113 115 117 121 123 127 131 137 139 141 143 145 149 151 155 159 161 163 167 169 171 173 175 177 179 181 183 185 189 191 193 195 197 201 203 207 209 211 213 215 217 219 221 223 225 227 233 235 237 239 241 243 245 247 251 253 255 259 261 263 265 267 269 271 273 275 277 279 281 283 285 287 289 293 295 297 299 301 303 305 307 309 311 313 315 317 319 321 323 325 327 329 331 333 335 339 341 343 345 347 349 351 353 355 357 359 361 363 365 367 369 371 373 375 377 379 381 429 451 497 501 505 511 521 531 547 549 557 573 575 579 581 587 589 591 603 621 623 627 629 635 641 643 647 649 655 657 661 667 671 683 685 687 693 695 697 703 705 721 723 725 729 741 745 747 749 751 753 755 
189 1 3 5 7 9 11 13 15 25 29 31 33 37 39 41 45 53 55 57 59 61 63 65 67 69 71 75 77 79 81 83 85 87 89 91 93 95 97 99 101 103 105 107 109 111 113 115 117 121 123 125 127 129 131 133 135 137 139 141 143 145 149 151 155 159 161 163 167 169 171 173 175 177 179 181 183 185 187 189 191 193 195 197 199 201 203 205 207 209 211 213 215 217 219 269 277 285 301 371 373 377 379 397 409 425 429 435 437 439 443 449 451 457 473 493 497 501 505 511 519 521 525 531 537 547 549 555 557 573 575 579 581 587 589 591 593 595 599 601 603 617 621 623 625 627 629 631 635 639 641 643 645 647 649 655 657 661 667 669 671 683 685 687 689 693 695 697 699 703 705 709 713 715 719 721 723 725 727 729 735 737 739 741 745 747 749 751 753 755 
195 1 3 5 7 9 11 13 15 61 63 81 97 143 145 151 173 189 203 209 215 217 219 225 241 243 259 261 269 273 275 277 281 283 285 287 289 293 295 297 301 305 309 313 315 317 325 331 341 343 357 359 363 367 371 373 377 379 381 385 397 399 403 409 411 413 421 423 425 429 433 435 437 439 443 445 447 449 451 453 457 461 463 465 471 473 475 481 485 487 489 491 493 497 499 501 505 511 513 519 521 523 525 531 537 541 547 549 551 553 555 557 565 567 573 575 577 579 581 585 587 589 591 593 595 599 601 603 605 609 611 613 617 621 623 625 627 629 631 633 635 637 639 641 643 645 647 649 651 655 657 661 667 669 671 675 677 679 681 683 685 687 689 691 693 695 697 699 701 703 705 707 709 711 713 715 717 719 721 723 725 727 729 731 733 735 737 739 741 743 745 747 749 751 753 755 
193 1 3 5 7 13 31 33 37 45 53 57 61 63 65 67 69 75 79 81 87 89 91 95 97 99 105 107 109 113 117 121 123 127 131 137 141 143 145 149 151 155 159 161 163 167 171 173 175 177 181 183 189 193 195 197 203 207 209 211 213 215 217 219 221 223 225 227 233 235 237 239 241 243 245 247 251 253 255 259 261 263 267 269 271 273 275 277 279 281 283 285 287 289 293 295 297 299 301 305 309 311 313 315 317 319 323 325 327 329 331 333 341 343 345 347 349 351 353 357 359 361 363 367 369 371 373 375 377 379 381 385 387 391 395 397 399 403 405 407 409 411 413 415 417 421 423 425 427 429 431 433 435 437 439 443 445 447 449 451 505 511 531 557 573 575 579 581 587 589 603 621 623 627 629 635 649 655 657 661 683 685 687 695 697 703 721 723 729 745 747 749 753 755 
192 1 3 7 13 33 45 61 63 67 69 75 81 87 89 95 97 105 107 109 113 117 123 127 131 137 141 143 145 149 151 155 159 161 163 167 173 181 183 189 193 195 197 203 209 213 215 217 219 221 223 225 227 233 235 237 239 241 243 245 247 251 253 255 259 261 269 271 273 275 277 279 281 283 285 287 289 293 295 297 299 301 305 309 313 315 317 319 323 325 327 329 331 333 341 343 345 347 349 351 353 357 359 361 363 367 369 371 373 375 377 379 381 385 387 391 395 397 399 403 405 407 409 411 413 415 417 421 423 425 427 429 431 433 435 437 439 443 445 447 449 451 453 455 457 461 463 465 467 469 471 473 475 481 483 485 487 489 491 493 497 499 501 503 505 507 509 511 513 531 557 575 579 587 603 627 635 649 655 657 661 683 685 687 695 697 703 721 723 729 745 747 749 
200 1 3 5 7 9 13 31 33 37 39 41 45 53 55 57 59 61 63 65 67 69 71 75 77 79 81 87 89 91 93 95 97 99 101 105 107 109 113 115 117 121 123 125 127 131 135 137 139 141 143 145 149 151 155 159 161 163 167 169 171 173 175 177 179 181 183 185 189 191 193 195 197 201 203 205 207 209 211 213 215 217 219 221 223 225 227 233 235 237 239 241 243 245 247 249 251 253 255 259 261 263 265 267 269 271 273 275 277 279 281 283 285 287 289 293 295 297 299 301 303 305 307 309 311 313 315 317 319 321 323 325 327 329 331 333 335 337 339 341 343 345 347 349 371 429 435 449 451 497 501 505 511 521 531 547 549 557 573 575 579 581 587 589 591 595 603 621 623 627 629 635 641 643 647 649 655 657 661 667 671 683 685 687 693 695 697 699 703 705 721 723 725 729 741 745 747 749 751 753 755 
190 1 3 5 7 9 11 13 15 25 29 31 33 37 39 41 45 53 55 57 59 61 63 65 67 69 71 75 77 79 81 83 85 87 89 91 93 95 97 99 101 103 105 107 109 111 113 115 117 121 123 125 127 129 131 133 135 137 139 141 143 145 149 151 155 159 161 163 167 169 171 173 175 177 179 181 183 185 187 189 191 193 195 197 199 201 203 205 207 209 211 213 215 217 219 221 269 277 285 301 371 373 377 379 397 409 425 429 435 437 439 443 449 451 457 473 493 497 501 505 511 519 521 525 531 537 547 549 555 557 573 575 579 581 587 589 591 593 595 599 601 603 617 621 623 625 627 629 631 635 639 641 643 645 647 649 655 657 661 667 669 671 683 685 687 689 693 695 697 699 703 705 709 713 715 719 721 723 725 727 729 735 737 739 741 745 747 749 751 753 755 
193 33 61 63 67 75 81 89 95 97 123 141 143 145 151 163 173 181 189 203 209 215 217 219 223 225 235 241 243 253 259 261 269 273 275 277 281 283 285 287 289 293 295 297 301 305 309 313 315 317 323 325 331 341 343 349 351 357 359 361 363 367 371 373 377 379 381 385 391 395 397 399 403 409 411 413 421 423 425 429 433 435 437 439 443 445 447 449 451 453 455 457 461 463 465 469 471 473 475 481 485 487 489 491 493 497 499 501 505 509 511 513 519 521 523 525 531 533 537 541 543 547 549 551 553 555 557 563 565 567 573 575 577 579 581 585 587 589 591 593 595 597 599 601 603 605 607 609 611 613 617 619 621 623 625 627 629 631 633 635 637 639 641 643 645 647 649 651 653 655 657 661 667 669 671 673 675 677 679 681 683 685 687 689 691 693 695 697 699 701 703 705 707 709 
193 1 3 5 7 9 13 25 31 33 37 39 41 45 53 55 57 59 61 63 65 67 69 71 75 77 79 81 87 89 91 93 95 97 99 101 103 105 107 109 113 115 117 121 123 125 127 129 131 135 137 139 141 143 145 149 151 155 159 161 163 167 169 171 173 175 177 179 181 183 185 189 191 193 195 197 201 203 205 207 209 211 213 215 217 219 221 223 225 227 229 231 233 235 237 239 241 243 245 247 249 251 253 255 259 261 263 265 267 269 271 273 275 277 279 281 283 285 287 289 291 293 295 297 299 301 303 305 371 379 397 429 435 449 451 497 501 505 511 521 531 547 549 555 557 573 575 579 581 587 589 591 593 595 599 603 621 623 625 627 629 635 641 643 647 649 655 657 661 667 671 683 685 687 693 695 697 699 703 705 713 719 721 723 725 727 729 741 745 747 749 751 753 755 
194 33 61 63 67 75 81 89 95 97 123 141 143 145 151 163 173 181 189 197 203 209 215 217 219 223 225 235 241 243 253 259 261 269 273 275 277 281 283 285 287 289 293 295 297 301 305 309 313 315 317 319 323 325 331 341 343 349 351 357 359 361 363 367 371 373 377 379 381 385 391 395 397 399 403 409 411 413 417 421 423 425 429 433 435 437 439 443 445 447 449 451 453 455 457 461 463 465 467 469 471 473 475 481 485 487 489 491 493 497 499 501 505 509 511 513 519 521 523 525 531 533 537 541 543 547 549 551 553 555 557 563 565 567 573 575 577 579 581 585 587 589 591 593 595 597 599 601 603 605 607 609 611 613 617 619 621 623 625 627 629 631 633 635 637 639 641 643 645 647 649 651 653 655 657 661 667 669 671 673 675 677 679 681 683 685 687 689 691 693 695 697 699 701 729 
192 1 3 5 7 9 11 13 15 17 19 21 25 27 29 31 33 35 37 39 63 143 145 151 173 203 209 217 219 225 241 243 259 261 269 273 275 277 281 283 285 287 289 293 295 297 301 305 313 315 317 325 331 341 343 357 359 363 367 371 373 377 379 385 397 399 403 409 411 413 421 425 429 433 435 437 439 443 445 447 449 451 453 457 461 463 465 471 473 481 485 487 489 491 493 497 499 501 505 511 513 519 521 523 525 531 537 541 547 549 551 553 555 557 565 567 573 575 577 579 581 585 587 589 591 593 595 599 601 603 605 611 613 617 621 623 625 627 629 631 633 635 637 639 641 643 645 647 649 651 655 657 661 667 669 671 675 677 679 681 683 685 687 689 693 695 697 699 703 705 709 711 713 715 719 721 723 725 727 729 731 733 735 737 739 741 743 745 747 749 751 753 755 
194 33 61 63 67 75 81 89 97 123 141 143 145 151 163 173 181 189 203 209 215 217 219 223 225 235 241 243 253 259 261 269 273 275 277 281 283 285 287 289 293 295 297 301 305 309 313 315 317 323 325 331 341 343 349 351 357 359 361 363 367 371 373 377 379 381 385 395 397 399 403 409 411 413 421 423 425 429 433 435 437 439 443 445 447 449 451 453 455 457 461 463 465 469 471 473 475 481 485 487 489 491 493 497 499 501 505 509 511 513 519 521 523 525 531 533 537 541 543 547 549 551 553 555 557 565 567 573 575 577 579 581 585 587 589 591 593 595 597 599 601 603 605 607 609 611 613 617 619 621 623 625 627 629 631 633 635 637 639 641 643 645 647 649 651 653 655 657 661 667 669 671 673 675 677 679 681 683 685 687 689 691 693 695 697 699 701 703 705 707 709 711 713 715 717 
197 1 3 5 7 13 31 33 37 45 53 57 61 63 65 67 69 75 79 81 87 89 91 95 97 99 105 107 109 113 117 121 123 127 131 137 141 143 145 149 151 155 159 161 163 167 171 173 175 177 179 181 183 185 189 193 195 197 203 207 209 211 213 215 217 219 221 223 225 227 233 235 237 239 241 243 245 247 251 253 255 259 261 263 267 269 271 273 275 277 279 281 283 285 287 289 293 295 297 299 301 305 309 311 313 315 317 319 323 325 327 329 331 333 339 341 343 345 347 349 351 353 357 359 361 363 365 367 369 371 373 375 377 379 381 385 387 389 391 393 395 397 399 403 405 407 409 411 413 415 417 421 423 425 427 429 431 433 435 437 439 441 505 511 531 557 573 575 579 581 587 589 591 603 621 623 627 629 635 649 655 657 661 683 685 687 695 697 703 705 721 723 729 745 747 749 753 755 
192 1 3 5 7 9 11 13 15 25 29 31 33 37 39 41 45 53 55 57 59 61 63 65 67 69 71 75 77 79 81 85 87 89 91 93 95 97 99 101 103 105 107 109 111 113 115 117 121 123 125 127 129 131 133 135 137 139 141 143 145 149 151 155 159 161 163 167 169 171 173 175 177 179 181 183 185 189 191 193 195 197 201 203 205 207 209 211 213 215 217 219 221 223 225 227 229 231 233 235 237 239 241 243 245 247 285 301 371 373 377 379 397 429 435 439 443 449 451 473 493 497 501 505 511 519 521 531 537 547 549 555 557 573 575 579 581 587 589 591 593 595 599 601 603 617 621 623 625 627 629 631 635 639 641 643 645 647 649 655 657 661 667 669 671 683 685 687 689 693 695 697 699 703 705 713 715 719 721 723 725 727 729 735 737 739 741 745 747 749 751 753 755 
188 1 3 5 7 9 11 13 15 25 29 31 33 37 39 41 45 51 53 55 57 59 61 63 65 67 69 71 75 77 79 81 83 85 87 89 91 93 95 97 99 101 103 105 107 109 111 113 115 117 121 123 125 127 129 131 133 135 137 139 141 143 145 149 151 155 159 161 163 165 167 169 171 173 175 177 179 181 183 185 187 189 191 193 195 197 199 201 203 269 273 277 285 301 371 373 377 379 397 409 425 429 435 437 439 443 449 451 457 463 473 493 497 501 505 511 519 521 525 531 537 547 549 555 557 565 573 575 579 581 587 589 591 593 595 599 601 603 611 617 621 623 625 627 629 631 635 639 641 643 645 647 649 655 657 661 667 669 671 683 685 687 689 693 695 697 699 703 705 709 713 715 719 721 723 725 727 729 733 735 737 739 741 745 747 749 751 753 755 
193 1 3 5 7 13 31 33 37 45 57 61 63 65 67 69 75 79 81 87 89 91 95 97 99 105 107 109 113 117 121 123 127 131 137 141 143 145 149 151 155 159 161 163 167 171 173 177 181 183 189 193 195 197 203 207 209 213 215 217 219 221 223 225 227 233 235 237 239 241 243 245 247 251 253 255 259 261 263 267 269 271 273 275 277 279 281 283 285 287 289 293 295 297 299 301 305 309 311 313 315 317 319 323 325 327 329 331 333 341 343 345 347 349 351 353 357 359 361 363 367 369 371 373 375 377 379 381 385 387 391 395 397 399 403 405 407 409 411 413 415 417 421 423 425 427 429 431 433 435 437 439 443 445 447 449 451 453 455 457 459 461 463 465 467 531 557 573 575 579 587 589 603 621 627 635 649 655 657 661 683 685 687 695 697 703 721 723 729 745 747 749 753 755 
196 1 3 5 7 13 31 33 37 45 53 57 61 63 65 67 69 75 79 81 87 89 91 95 97 99 105 107 109 113 117 121 123 127 131 137 141 143 145 149 151 155 159 161 163 167 171 173 175 177 179 181 183 185 189 193 195 197 203 207 209 211 213 215 217 219 221 223 225 227 233 235 237 239 241 243 245 247 251 253 255 259 261 263 267 269 271 273 275 277 279 281 283 285 287 289 293 295 297 299 301 305 309 311 313 315 317 319 323 325 327 329 331 333 341 343 345 347 349 351 353 357 359 361 363 367 369 371 373 375 377 379 381 385 387 389 391 395 397 399 403 405 407 409 411 413 415 417 421 423 425 427 429 431 433 435 437 439 441 443 445 505 511 531 557 573 575 579 581 587 589 591 603 621 623 627 629 635 649 655 657 661 683 685 687 695 697 703 705 721 723 729 745 747 749 753 755 
195 33 61 63 67 75 81 89 95 97 123 141 143 145 151 163 173 181 189 203 209 215 217 219 223 225 235 241 243 253 259 261 269 273 275 277 281 283 285 287 289 293 295 297 301 305 309 313 315 317 323 325 331 341 343 349 351 357 359 361 363 367 371 373 377 379 381 385 391 395 397 399 403 409 411 413 421 423 425 429 433 435 437 439 443 445 447 449 451 453 455 457 461 463 465 469 471 473 475 481 485 487 489 491 493 497 499 501 505 509 511 513 519 521 523 525 531 533 537 541 543 547 549 551 553 555 557 565 567 573 575 577 579 581 585 587 589 591 593 595 597 599 601 603 605 607 609 611 613 617 619 621 623 625 627 629 631 633 635 637 639 641 643 645 647 649 651 653 655 657 661 667 669 671 673 675 677 679 681 683 685 687 689 691 693 695 697 699 701 703 705 707 709 711 713 715 
194 1 3 5 7 13 31 33 37 45 57 61 63 65 67 69 75 79 81 87 89 91 95 97 99 105 107 109 113 117 121 123 127 131 137 141 143 145 149 151 155 159 161 163 167 171 173 177 181 183 189 193 195 197 203 207 209 211 213 215 217 219 221 223 225 227 233 235 237 239 241 243 245 247 251 253 255 259 261 263 267 269 271 273 275 277 279 281 283 285 287 289 293 295 297 299 301 305 309 311 313 315 317 319 323 325 327 329 331 333 341 343 345 347 349 351 353 357 359 361 363 367 369 371 373 375 377 379 381 385 387 391 395 397 399 403 405 407 409 411 413 415 417 421 423 425 427 429 431 433 435 437 439 443 445 447 449 451 453 455 457 505 511 531 557 573 575 579 581 587 589 603 621 623 627 629 635 649 655 657 661 683 685 687 695 697 703 721 723 729 745 747 749 753 755 
191 1 3 5 7 9 13 25 31 33 37 39 41 45 53 55 57 59 61 63 65 67 69 71 75 77 79 81 87 89 91 93 95 97 99 101 103 105 107 109 113 115 117 121 123 125 127 129 131 135 137 139 141 143 145 149 151 155 159 161 163 167 169 171 173 175 177 179 181 183 185 189 191 193 195 197 201 203 205 207 209 211 213 215 217 219 221 223 225 227 229 231 233 235 237 239 241 243 245 247 249 251 253 255 257 259 261 263 265 267 269 271 273 275 277 279 281 283 285 371 373 379 397 429 435 443 449 451 473 497 501 505 511 519 521 531 537 547 549 555 557 573 575 579 581 587 589 591 593 595 599 603 621 623 625 627 629 635 641 643 647 649 655 657 661 667 671 683 685 687 689 693 695 697 699 703 705 713 715 719 721 723 725 727 729 741 745 747 749 751 753 755 
191 1 3 5 7 9 11 13 25 31 33 37 39 41 45 53 55 57 59 61 63 65 67 69 71 75 77 79 81 87 89 91 93 95 97 99 101 103 105 107 109 113 115 117 121 123 125 127 129 131 135 137 139 141 143 145 149 151 155 159 161 163 167 169 171 173 175 177 179 181 183 185 189 191 193 195 197 201 203 205 207 209 211 213 215 217 219 221 223 225 227 229 231 233 235 237 239 241 243 245 247 249 251 253 255 257 259 261 263 265 267 269 271 273 275 277 279 281 283 371 373 379 397 429 435 443 449 451 473 497 501 505 511 519 521 531 537 547 549 555 557 573 575 579 581 587 589 591 593 595 599 603 621 623 625 627 629 635 641 643 647 649 655 657 661 667 671 683 685 687 689 693 695 697 699 703 705 713 715 719 721 723 725 727 729 741 745 747 749 751 753 755 
193 1 3 5 7 9 11 13 15 17 19 61 63 81 97 143 145 151 173 189 203 209 215 217 219 225 241 243 259 261 269 273 275 277 281 283 285 287 289 293 295 297 301 305 309 313 315 317 325 331 341 343 357 359 363 367 371 373 377 379 381 385 397 399 403 409 411 413 421 425 429 433 435 437 439 443 445 447 449 451 453 457 461 463 465 471 473 481 485 487 489 491 493 497 499 501 505 511 513 519 521 523 525 531 537 541 547 549 551 553 555 557 565 567 573 575 577 579 581 585 587 589 591 593 595 599 601 603 605 609 611 613 617 621 623 625 627 629 631 633 635 637 639 641 643 645 647 649 651 655 657 661 667 669 671 675 677 679 681 683 685 687 689 691 693 695 697 699 701 703 705 709 711 713 715 719 721 723 725 727 729 731 733 735 737 739 741 743 745 747 749 751 753 755 
184 1 3 5 7 9 11 13 15 17 19 25 29 31 33 37 39 41 45 51 53 55 57 59 61 63 65 67 69 71 73 75 77 79 81 83 85 87 89 91 93 95 97 99 101 103 105 107 109 111 113 115 117 121 123 125 127 129 131 133 173 225 241 259 269 273 275 277 285 287 295 301 305 315 331 359 363 367 371 373 377 379 385 397 399 409 413 425 429 435 437 439 443 449 451 453 457 463 473 485 487 491 493 497 501 505 511 519 521 523 525 531 537 547 549 555 557 565 573 575 577 579 581 587 589 591 593 595 599 601 603 611 617 621 623 625 627 629 631 635 637 639 641 643 645 647 649 655 657 661 667 669 671 675 677 683 685 687 689 693 695 697 699 703 705 709 713 715 719 721 723 725 727 729 733 735 737 739 741 745 747 749 751 753 755 
191 1 3 5 7 9 11 13 15 19 25 29 31 33 37 39 41 45 51 53 55 57 59 61 63 65 67 69 71 73 75 77 79 81 83 85 87 89 91 93 95 97 99 101 103 105 107 109 111 113 115 117 121 123 125 127 129 131 133 135 137 139 141 143 145 147 149 151 155 157 159 161 163 165 167 169 171 241 259 269 273 275 277 285 287 295 301 315 331 367 371 373 377 379 397 399 409 413 425 429 435 437 439 443 449 451 453 457 463 473 491 493 497 501 505 511 519 521 523 525 531 537 547 549 555 557 565 573 575 579 581 587 589 591 593 595 599 601 603 611 617 621 623 625 627 629 631 635 637 639 641 643 645 647 649 655 657 661 667 669 671 677 683 685 687 689 693 695 697 699 703 705 709 713 715 719 721 723 725 727 729 733 735 737 739 741 745 747 749 751 753 755 
194 1 3 5 7 9 13 25 31 33 37 39 41 45 53 55 57 59 61 63 65 67 69 71 75 77 79 81 87 89 91 93 95 97 99 101 103 105 107 109 113 115 117 121 123 125 127 129 131 135 137 139 141 143 145 149 151 155 159 161 163 167 169 171 173 175 177 179 181 183 185 189 191 193 195 197 201 203 205 207 209 211 213 215 217 219 221 223 225 227 229 231 233 235 237 239 241 243 245 247 249 251 253 255 259 261 263 265 267 269 271 273 275 277 279 281 283 285 287 289 291 293 295 297 299 301 303 305 307 371 379 397 429 435 449 451 497 501 505 511 521 531 547 549 555 557 573 575 579 581 587 589 591 593 595 599 603 621 623 625 627 629 635 641 643 647 649 655 657 661 667 671 683 685 687 693 695 697 699 703 705 713 719 721 723 725 727 729 741 745 747 749 751 753 755 
192 1 3 5 7 9 11 13 15 19 25 29 31 33 37 39 41 45 51 53 55 57 59 61 63 65 67 69 71 73 75 77 79 81 83 85 87 89 91 93 95 97 99 101 103 105 107 109 111 113 115 117 121 123 125 127 129 131 133 135 137 139 141 143 145 147 149 151 155 157 159 161 163 165 167 169 171 173 175 177 179 181 183 185 187 241 269 273 275 277 285 295 301 315 331 371 373 377 379 397 409 413 425 429 435 437 439 443 449 451 457 463 473 493 497 501 505 511 519 521 523 525 531 537 547 549 555 557 565 573 575 579 581 587 589 591 593 595 599 601 603 611 617 621 623 625 627 629 631 635 639 641 643 645 647 649 655 657 661 667 669 671 677 683 685 687 689 693 695 697 699 703 705 709 713 715 719 721 723 725 727 729 733 735 737 739 741 745 747 749 751 753 755 
189 1 3 5 7 9 11 13 15 17 19 25 29 31 33 35 37 39 41 43 45 47 49 51 53 55 57 59 61 63 65 67 69 71 73 143 151 173 203 209 217 225 241 243 259 261 269 273 275 277 281 285 287 289 293 295 297 301 305 313 315 331 343 357 359 363 367 371 373 377 379 385 397 399 409 411 413 425 429 435 437 439 443 445 447 449 451 453 457 461 463 465 473 485 487 491 493 497 499 501 505 511 519 521 523 525 531 537 547 549 551 553 555 557 565 567 573 575 577 579 581 585 587 589 591 593 595 599 601 603 611 613 617 621 623 625 627 629 631 633 635 637 639 641 643 645 647 649 651 655 657 661 667 669 671 675 677 681 683 685 687 689 693 695 697 699 703 705 709 711 713 715 719 721 723 725 727 729 733 735 737 739 741 743 745 747 749 751 753 755 
187 1 3 5 7 9 11 13 15 25 29 31 33 37 39 41 45 53 55 57 59 61 63 65 67 69 71 75 77 79 81 83 85 87 89 91 93 95 97 99 101 103 105 107 109 111 113 115 117 121 123 125 127 129 131 133 135 137 139 141 143 145 149 151 155 159 161 163 167 169 171 173 175 177 179 181 183 185 187 189 191 193 195 197 199 201 203 205 207 209 211 213 215 269 277 285 301 371 373 377 379 397 409 425 429 435 437 439 443 449 451 457 473 493 497 501 505 511 519 521 525 531 537 547 549 555 557 573 575 579 581 587 589 591 593 595 599 601 603 617 621 623 625 627 629 631 635 639 641 643 645 647 649 655 657 661 667 669 671 683 685 687 689 693 695 697 699 703 705 709 713 715 719 721 723 725 727 729 735 737 739 741 745 747 749 751 753 755 
193 1 3 5 7 9 11 13 15 17 19 21 25 29 31 33 35 37 39 41 43 45 47 49 51 53 55 57 59 61 63 143 151 173 203 209 217 219 225 241 243 259 261 269 273 275 277 281 285 287 289 293 295 297 301 305 313 315 331 341 343 357 359 363 367 371 373 377 379 385 397 399 409 411 413 425 429 433 435 437 439 443 445 447 449 451 453 457 461 463 465 471 473 485 487 489 491 493 497 499 501 505 511 513 519 521 523 525 531 537 547 549 551 553 555 557 565 567 573 575 577 579 581 585 587 589 591 593 595 599 601 603 605 611 613 617 621 623 625 627 629 631 633 635 637 639 641 643 645 647 649 651 655 657 661 667 669 671 675 677 679 681 683 685 687 689 693 695 697 699 703 705 709 711 713 715 719 721 723 725 727 729 733 735 737 739 741 743 745 747 749 751 753 755 
184 1 3 5 7 9 11 13 15 17 19 25 29 31 33 37 39 41 45 51 53 55 57 59 61 63 65 67 69 71 73 75 77 79 81 83 85 87 89 91 93 95 97 99 101 103 105 107 109 111 113 173 209 225 241 259 269 273 275 277 281 285 287 293 295 301 305 315 331 359 363 367 371 373 377 379 385 397 399 409 411 413 425 429 435 437 439 443 447 449 451 453 457 463 465 473 485 487 491 493 497 499 501 505 511 519 521 523 525 531 537 547 549 555 557 565 567 573 575 577 579 581 585 587 589 591 593 595 599 601 603 611 617 621 623 625 627 629 631 635 637 639 641 643 645 647 649 655 657 661 667 669 671 675 677 683 685 687 689 693 695 697 699 703 705 709 713 715 719 721 723 725 727 729 733 735 737 739 741 745 747 749 751 753 755 
197 1 3 5 7 13 31 33 37 45 53 57 61 63 65 67 69 75 79 81 87 89 91 95 97 99 105 107 109 113 117 121 123 127 131 137 141 143 145 149 151 155 159 161 163 167 171 173 175 177 179 181 183 185 189 191 193 195 197 203 207 209 211 213 215 217 219 221 223 225 227 233 235 237 239 241 243 245 247 251 253 255 259 261 263 267 269 271 273 275 277 279 281 283 285 287 289 293 295 297 299 301 305 309 311 313 315 317 319 323 325 327 329 331 333 339 341 343 345 347 349 351 353 357 359 361 363 365 367 369 371 373 375 377 379 381 385 387 389 391 393 395 397 399 403 405 407 409 411 413 415 417 421 423 425 427 429 431 433 435 437 505 511 531 557 573 575 579 581 587 589 591 603 621 623 627 629 635 643 649 655 657 661 683 685 687 695 697 703 705 721 723 729 745 747 749 753 755 
190 1 3 5 7 9 11 13 15 17 19 25 29 31 33 35 37 39 41 43 45 47 49 51 53 55 57 59 61 63 65 67 69 71 73 75 77 79 143 151 173 209 217 225 241 243 259 261 269 273 275 277 281 285 287 289 293 295 297 301 305 313 315 331 343 357 359 363 367 371 373 377 379 385 397 399 409 411 413 425 429 435 437 439 443 445 447 449 451 453 457 461 463 465 473 485 487 491 493 497 499 501 505 511 519 521 523 525 531 537 547 549 553 555 557 565 567 573 575 577 579 581 585 587 589 591 593 595 599 601 603 611 613 617 621 623 625 627 629 631 633 635 637 639 641 643 645 647 649 651 655 657 661 667 669 671 675 677 681 683 685 687 689 693 695 697 699 703 705 709 711 713 715 719 721 723 725 727 729 733 735 737 739 741 743 745 747 749 751 753 755 
197 13 33 45 61 63 67 75 81 89 95 97 109 113 117 123 131 141 143 145 151 155 159 161 163 173 181 183 189 197 203 209 215 217 219 221 223 225 227 235 237 239 241 243 253 255 259 261 269 273 275 277 281 283 285 287 289 293 295 297 301 305 309 313 315 317 319 323 325 331 333 341 343 345 349 351 357 359 361 363 367 369 371 373 377 379 381 385 391 395 397 399 403 409 411 413 415 417 421 423 425 429 433 435 437 439 443 445 447 449 451 453 455 457 461 463 465 467 469 471 473 475 481 485 487 489 491 493 497 499 501 505 509 511 513 517 519 521 523 525 527 531 533 537 541 543 547 549 551 553 555 557 559 563 565 567 571 573 575 577 579 581 583 585 587 589 591 593 595 597 599 601 603 605 607 609 611 613 617 619 621 623 625 627 629 631 633 635 637 639 641 643 645 683 695 703 721 729 
194 1 3 5 7 9 13 25 31 33 37 39 41 45 53 55 57 59 61 63 65 67 69 71 75 77 79 81 87 89 91 93 95 97 99 101 103 105 107 109 113 115 117 121 123 125 127 129 131 135 137 139 141 143 145 149 151 155 159 161 163 167 169 171 173 175 177 179 181 183 185 189 191 193 195 197 201 203 205 207 209 211 213 215 217 219 221 223 225 227 229 231 233 235 237 239 241 243 245 247 249 251 253 255 259 261 263 265 267 269 271 273 275 277 279 281 283 285 287 289 291 293 295 297 299 301 303 305 307 371 379 397 429 435 449 451 497 501 505 511 521 531 547 549 555 557 573 575 579 581 587 589 591 593 595 599 603 621 623 625 627 629 635 641 643 647 649 655 657 661 667 671 683 685 687 693 695 697 699 703 705 713 719 721 723 725 727 729 741 745 747 749 751 753 755 
194 1 3 5 7 9 13 25 31 33 37 39 41 45 53 55 57 59 61 63 65 67 69 71 75 77 79 81 87 89 91 93 95 97 99 101 103 105 107 109 113 115 117 121 123 125 127 129 131 135 137 139 141 143 145 149 151 155 159 161 163 167 169 171 173 175 177 179 181 183 185 189 191 193 195 197 201 203 205 207 209 211 213 215 217 219 221 223 225 227 229 231 233 235 237 239 241 243 245 247 249 251 253 255 259 261 263 265 267 269 271 273 275 277 279 281 283 285 287 289 291 293 295 297 299 301 303 305 371 373 379 397 429 435 449 451 497 501 505 511 521 531 547 549 555 557 573 575 579 581 587 589 591 593 595 599 603 621 623 625 627 629 635 641 643 647 649 655 657 661 667 671 683 685 687 693 695 697 699 703 705 713 719 721 723 725 727 729 741 745 747 749 751 753 755 
193 1 3 5 7 9 11 13 15 25 29 31 33 37 39 41 45 53 55 57 59 61 63 65 67 69 71 75 77 79 81 85 87 89 91 93 95 97 99 101 103 105 107 109 113 115 117 121 123 125 127 129 131 133 135 137 139 141 143 145 149 151 155 159 161 163 167 169 171 173 175 177 179 181 183 185 189 191 193 195 197 201 203 205 207 209 211 213 215 217 219 221 223 225 227 229 231 233 235 237 239 241 243 245 247 249 251 253 255 257 285 301 371 373 377 379 397 429 435 439 443 449 451 473 497 501 505 511 519 521 531 537 547 549 555 557 573 575 579 581 587 589 591 593 595 599 601 603 617 621 623 625 627 629 631 635 639 641 643 645 647 649 655 657 661 667 669 671 683 685 687 689 693 695 697 699 703 705 713 715 719 721 723 725 727 729 739 741 745 747 749 751 753 755 
203 1 3 5 7 13 31 33 37 45 53 55 57 61 63 65 67 69 75 79 81 87 89 91 95 97 99 101 105 107 109 113 115 117 121 123 127 131 137 139 141 143 145 149 151 155 159 161 163 167 169 171 173 175 177 179 181 183 185 189 191 193 195 197 203 207 209 211 213 215 217 219 221 223 225 227 233 235 237 239 241 243 245 247 251 253 255 259 261 263 265 267 269 271 273 275 277 279 281 283 285 287 289 293 295 297 299 301 303 305 307 309 311 313 315 317 319 323 325 327 329 331 333 335 339 341 343 345 347 349 351 353 357 359 361 363 365 367 369 371 373 375 377 379 381 383 385 387 389 391 393 395 397 399 401 403 405 429 451 501 505 511 521 531 547 557 573 575 579 581 587 589 591 603 621 623 627 629 635 641 643 647 649 655 657 661 667 683 685 687 693 695 697 703 705 721 723 729 745 747 749 751 753 755 
192 7 13 33 45 61 63 67 75 81 89 95 97 109 113 117 123 127 131 141 143 145 151 155 159 161 163 173 181 183 189 197 203 209 213 215 217 219 221 223 225 227 235 237 239 241 243 253 255 259 261 269 273 275 277 279 281 283 285 287 289 293 295 297 301 305 309 313 315 317 319 323 325 331 333 341 343 345 349 351 357 359 361 363 367 369 371 373 377 379 381 385 391 395 397 399 403 409 411 413 415 417 421 423 425 429 433 435 437 439 443 445 447 449 451 453 455 457 461 463 465 467 469 471 473 475 481 483 485 487 489 491 493 497 499 501 505 509 511 513 517 519 521 523 525 527 531 533 535 537 541 543 547 549 551 553 555 557 559 563 565 567 569 571 573 575 577 579 581 583 585 587 589 591 593 595 597 599 601 603 605 607 609 611 613 615 617 657 683 695 703 721 729 
192 61 63 67 75 81 89 97 143 145 151 163 173 181 189 203 209 215 217 219 223 225 235 241 243 259 261 269 273 275 277 281 283 285 287 289 293 295 297 301 305 309 313 315 317 325 331 341 343 349 351 357 359 363 367 371 373 377 379 381 385 397 399 403 409 411 413 421 423 425 429 433 435 437 439 443 445 447 449 451 453 457 461 463 465 469 471 473 475 481 485 487 489 491 493 497 499 501 505 509 511 513 519 521 523 525 531 533 537 541 547 549 551 553 555 557 565 567 573 575 577 579 581 585 587 589 591 593 595 597 599 601 603 605 609 611 613 617 621 623 625 627 629 631 633 635 637 639 641 643 645 647 649 651 655 657 661 667 669 671 675 677 679 681 683 685 687 689 691 693 695 697 699 701 703 705 707 709 711 713 715 717 719 721 723 725 727 729 731 733 735 737 739 
190 1 3 5 7 9 11 13 15 17 19 25 29 31 33 35 37 39 41 43 45 47 49 51 53 55 57 59 61 63 65 67 69 71 73 75 143 151 173 203 209 217 225 241 243 259 261 269 273 275 277 281 285 287 289 293 295 297 301 305 313 315 331 343 357 359 363 367 371 373 377 379 385 397 399 409 411 413 425 429 435 437 439 443 445 447 449 451 453 457 461 463 465 473 485 487 491 493 497 499 501 505 511 519 521 523 525 531 537 547 549 551 553 555 557 565 567 573 575 577 579 581 585 587 589 591 593 595 599 601 603 611 613 617 621 623 625 627 629 631 633 635 637 639 641 643 645 647 649 651 655 657 661 667 669 671 675 677 681 683 685 687 689 693 695 697 699 703 705 709 711 713 715 719 721 723 725 727 729 733 735 737 739 741 743 745 747 749 751 753 755 
196 13 33 45 61 63 67 75 81 89 95 97 109 113 117 123 131 141 143 145 151 155 159 161 163 173 181 183 189 197 203 209 213 215 217 219 221 223 225 227 235 237 239 241 243 253 255 259 261 269 273 275 277 279 281 283 285 287 289 293 295 297 301 305 309 313 315 317 319 323 325 331 333 341 343 345 349 351 357 359 361 363 367 369 371 373 377 379 381 385 391 395 397 399 403 409 411 413 415 417 421 423 425 429 433 435 437 439 443 445 447 449 451 453 455 457 461 463 465 467 469 471 473 475 481 485 487 489 491 493 497 499 501 505 509 511 513 517 519 521 523 525 527 531 533 535 537 541 543 547 549 551 553 555 557 559 563 565 567 571 573 575 577 579 581 583 585 587 589 591 593 595 597 599 601 603 605 607 609 611 613 615 617 619 621 623 625 627 629 631 633 635 683 695 703 721 729 
194 1 3 5 7 9 11 13 15 25 29 31 33 37 39 41 45 53 55 57 59 61 63 65 67 69 71 75 77 79 81 85 87 89 91 93 95 97 99 101 103 105 107 109 111 113 115 117 121 123 125 127 129 131 133 135 137 139 141 143 145 149 151 155 159 161 163 167 169 171 173 175 177 179 181 183 185 189 191 193 195 197 199 201 203 205 207 209 211 213 215 217 219 221 223 225 227 229 231 233 235 237 239 241 243 245 247 285 301 371 373 377 379 397 429 435 437 439 443 449 451 473 493 497 501 505 511 519 521 531 537 547 549 555 557 573 575 579 581 587 589 591 593 595 599 601 603 617 621 623 625 627 629 631 635 639 641 643 645 647 649 655 657 661 667 669 671 683 685 687 689 693 695 697 699 703 705 713 715 719 721 723 725 727 729 735 737 739 741 745 747 749 751 753 755 
191 3 7 13 33 45 61 63 67 75 81 89 95 97 109 113 117 123 127 131 141 143 145 151 155 159 161 163 173 181 183 189 197 203 209 213 215 217 219 221 223 225 227 235 237 239 241 243 253 255 259 261 269 273 275 277 279 281 283 285 287 289 293 295 297 301 305 309 313 315 317 319 323 325 331 333 341 343 345 349 351 353 357 359 361 363 367 369 371 373 377 379 381 385 387 391 395 397 399 403 409 411 413 415 417 421 423 425 429 433 435 437 439 443 445 447 449 451 453 455 457 461 463 465 467 469 471 473 475 481 483 485 487 489 491 493 497 499 501 505 509 511 513 515 517 519 521 523 525 527 531 533 535 537 541 543 547 549 551 553 555 557 559 563 565 567 569 571 573 575 577 579 581 583 585 587 589 591 593 595 597 599 601 603 605 649 657 683 695 703 721 729 
194 61 63 67 75 81 89 97 143 145 151 163 173 181 189 203 209 215 217 219 223 225 235 241 243 259 261 269 273 275 277 281 283 285 287 289 293 295 297 301 305 309 313 315 317 325 331 341 343 349 351 357 359 363 367 371 373 377 379 381 385 397 399 403 409 411 413 421 423 425 429 433 435 437 439 443 445 447 449 451 453 457 461 463 465 469 471 473 475 481 485 487 489 491 493 497 499 501 505 509 511 513 519 521 523 525 531 533 537 541 547 549 551 553 555 557 565 567 573 575 577 579 581 585 587 589 591 593 595 597 599 601 603 605 609 611 613 617 621 623 625 627 629 631 633 635 637 639 641 643 645 647 649 651 655 657 661 667 669 671 675 677 679 681 683 685 687 689 691 693 695 697 699 701 703 705 707 709 711 713 715 717 719 721 723 725 727 729 731 733 735 737 739 741 743 
195 1 3 5 61 63 75 81 97 143 145 151 173 181 189 203 209 215 217 219 225 235 241 243 259 261 269 273 275 277 281 283 285 287 289 293 295 297 301 305 309 313 315 317 325 331 341 343 349 357 359 363 367 371 373 377 379 381 385 397 399 403 409 411 413 421 423 425 429 433 435 437 439 443 445 447 449 451 453 457 461 463 465 471 473 475 481 485 487 489 491 493 497 499 501 505 509 511 513 519 521 523 525 531 537 541 547 549 551 553 555 557 565 567 573 575 577 579 581 585 587 589 591 593 595 599 601 603 605 609 611 613 617 621 623 625 627 629 631 633 635 637 639 641 643 645 647 649 651 655 657 661 667 669 671 675 677 679 681 683 685 687 689 691 693 695 697 699 701 703 705 707 709 711 713 715 717 719 721 723 725 727 729 731 733 735 737 739 741 743 745 747 749 751 753 755 
186 3 7 13 33 45 61 63 67 75 81 89 95 97 105 107 109 113 117 123 127 131 137 141 143 145 151 155 159 161 163 167 173 181 183 189 193 197 203 209 213 215 217 219 221 223 225 227 235 237 239 241 243 245 253 255 259 261 269 273 275 277 279 281 283 285 287 289 293 295 297 299 301 305 309 313 315 317 319 323 325 329 331 333 341 343 345 349 351 353 357 359 361 363 367 369 371 373 375 377 379 381 385 387 391 395 397 399 403 405 409 411 413 415 417 421 423 425 427 429 431 433 435 437 439 443 445 447 449 451 453 455 457 461 463 465 467 469 471 473 475 481 483 485 487 489 491 493 497 499 501 503 505 507 509 511 513 515 517 519 521 523 525 527 529 531 533 535 537 539 541 543 557 627 635 649 657 683 695 697 703 721 723 729 745 747 749 
196 61 63 75 81 89 97 143 145 151 173 181 189 203 209 215 217 219 225 235 241 243 259 261 269 273 275 277 281 283 285 287 289 293 295 297 301 305 309 313 315 317 325 331 341 343 349 357 359 363 367 371 373 377 379 381 385 397 399 403 409 411 413 421 423 425 429 433 435 437 439 443 445 447 449 451 453 457 461 463 465 469 471 473 475 481 485 487 489 491 493 497 499 501 505 509 511 513 519 521 523 525 531 533 537 541 547 549 551 553 555 557 565 567 573 575 577 579 581 585 587 589 591 593 595 597 599 601 603 605 609 611 613 617 621 623 625 627 629 631 633 635 637 639 641 643 645 647 649 651 655 657 661 667 669 671 675 677 679 681 683 685 687 689 691 693 695 697 699 701 703 705 707 709 711 713 715 717 719 721 723 725 727 729 731 733 735 737 739 741 743 745 747 749 751 753 755 
195 1 3 5 7 13 31 33 45 57 61 63 67 69 75 79 81 87 89 95 97 99 105 107 109 113 117 123 127 131 137 141 143 145 149 151 155 159 161 163 167 171 173 181 183 189 193 195 197 203 209 213 215 217 219 221 223 225 227 233 235 237 239 241 243 245 247 251 253 255 259 261 267 269 271 273 275 277 279 281 283 285 287 289 293 295 297 299 301 305 309 311 313 315 317 319 323 325 327 329 331 333 341 343 345 347 349 351 353 357 359 361 363 367 369 371 373 375 377 379 381 385 387 391 395 397 399 403 405 407 409 411 413 415 417 421 423 425 427 429 431 433 435 437 439 443 445 447 449 451 453 455 457 459 461 463 465 467 469 471 473 475 477 479 481 483 485 487 531 557 573 575 579 587 603 621 627 635 649 655 657 661 683 685 687 695 697 703 721 723 729 745 747 749 753 755 
190 1 3 7 13 33 45 61 63 67 69 75 81 87 89 95 97 105 107 109 113 117 123 127 131 137 141 143 145 149 151 155 159 161 163 167 173 181 183 189 193 195 197 203 209 213 215 217 219 221 223 225 227 233 235 237 239 241 243 245 247 251 253 255 259 261 269 271 273 275 277 279 281 283 285 287 289 293 295 297 299 301 305 309 313 315 317 319 323 325 327 329 331 333 341 343 345 347 349 351 353 357 359 361 363 367 369 371 373 375 377 379 381 385 387 391 395 397 399 403 405 407 409 411 413 415 417 421 423 425 427 429 431 433 435 437 439 443 445 447 449 451 453 455 457 461 463 465 467 469 471 473 475 481 483 485 487 489 491 493 497 499 501 503 505 507 509 531 557 575 579 587 603 627 635 649 655 657 661 683 685 687 695 697 703 721 723 729 745 747 749 
193 1 3 5 7 9 11 13 15 19 25 29 31 33 37 39 41 45 51 53 55 57 59 61 63 65 67 69 71 73 75 77 79 81 83 85 87 89 91 93 95 97 99 101 103 105 107 109 111 113 115 117 121 123 125 127 129 131 133 135 137 139 141 143 145 147 149 151 155 157 159 161 163 165 167 169 171 241 259 269 273 275 277 285 287 295 301 315 331 367 371 373 377 379 397 399 409 413 425 429 435 437 439 443 449 451 453 457 463 473 487 491 493 497 501 505 511 519 521 523 525 531 537 547 549 555 557 565 573 575 577 579 581 587 589 591 593 595 599 601 603 611 617 621 623 625 627 629 631 635 637 639 641 643 645 647 649 655 657 661 667 669 671 677 683 685 687 689 693 695 697 699 703 705 709 713 715 719 721 723 725 727 729 733 735 737 739 741 745 747 749 751 753 755 
193 1 3 5 7 9 13 25 31 33 37 39 41 45 53 55 57 59 61 63 65 67 69 71 75 77 79 81 87 89 91 93 95 97 99 101 103 105 107 109 113 115 117 121 123 125 127 129 131 135 137 139 141 143 145 149 151 155 159 161 163 167 169 171 173 175 177 179 181 183 185 189 191 193 195 197 201 203 205 207 209 211 213 215 217 219 221 223 225 227 229 231 233 235 237 239 241 243 245 247 249 251 253 255 259 261 263 265 267 269 271 273 275 277 279 281 283 285 287 289 291 293 295 297 299 301 303 371 373 379 397 429 435 449 451 497 501 505 511 521 531 547 549 555 557 573 575 579 581 587 589 591 593 595 599 603 621 623 625 627 629 635 641 643 647 649 655 657 661 667 671 683 685 687 693 695 697 699 703 705 713 719 721 723 725 727 729 741 745 747 749 751 753 755 
201 1 3 5 7 13 31 33 37 45 53 57 61 63 65 67 69 75 79 81 87 89 91 95 97 99 101 105 107 109 113 117 121 123 127 131 137 141 143 145 149 151 155 159 161 163 167 169 171 173 175 177 179 181 183 185 189 191 193 195 197 203 207 209 211 213 215 217 219 221 223 225 227 233 235 237 239 241 243 245 247 251 253 255 259 261 263 265 267 269 271 273 275 277 279 281 283 285 287 289 293 295 297 299 301 305 307 309 311 313 315 317 319 323 325 327 329 331 333 335 339 341 343 345 347 349 351 353 357 359 361 363 365 367 369 371 373 375 377 379 381 383 385 387 389 391 393 395 397 399 403 405 407 409 411 413 415 417 419 429 505 511 521 531 547 557 573 575 579 581 587 589 591 603 621 623 627 629 635 641 643 647 649 655 657 661 667 683 685 687 695 697 703 705 721 723 729 745 747 749 753 755 
196 13 33 45 61 63 67 75 81 89 95 97 109 113 117 123 131 141 143 145 151 155 159 161 163 173 181 183 189 197 203 209 213 215 217 219 221 223 225 227 235 237 239 241 243 253 255 259 261 269 273 275 277 279 281 283 285 287 289 293 295 297 301 305 309 313 315 317 319 323 325 331 333 341 343 345 349 351 357 359 361 363 367 369 371 373 377 379 381 385 391 395 397 399 403 409 411 413 415 417 421 423 425 429 433 435 437 439 443 445 447 449 451 453 455 457 461 463 465 467 469 471 473 475 481 485 487 489 491 493 497 499 501 505 509 511 513 517 519 521 523 525 527 531 533 535 537 541 543 547 549 551 553 555 557 559 563 565 567 571 573 575 577 579 581 583 585 587 589 591 593 595 597 599 601 603 605 607 609 611 613 615 617 619 621 623 625 627 629 631 633 635 683 695 703 721 729 
188 3 7 13 33 45 61 63 67 69 75 81 89 95 97 105 107 109 113 117 123 127 131 137 141 143 145 149 151 155 159 161 163 167 173 181 183 189 193 197 203 209 213 215 217 219 221 223 225 227 235 237 239 241 243 245 253 255 259 261 269 271 273 275 277 279 281 283 285 287 289 293 295 297 299 301 305 309 313 315 317 319 323 325 329 331 333 341 343 345 349 351 353 357 359 361 363 367 369 371 373 375 377 379 381 385 387 391 395 397 399 403 405 407 409 411 413 415 417 421 423 425 427 429 431 433 435 437 439 443 445 447 449 451 453 455 457 461 463 465 467 469 471 473 475 481 483 485 487 489 491 493 497 499 501 503 505 507 509 511 513 515 517 519 521 523 525 527 529 531 533 535 557 627 635 649 657 661 683 685 695 697 703 721 723 729 745 747 749 
194 1 3 5 7 13 31 33 37 45 57 61 63 65 67 69 75 79 81 87 89 91 95 97 99 105 107 109 113 117 121 123 127 131 137 141 143 145 149 151 155 159 161 163 167 171 173 177 181 183 189 193 195 197 203 207 209 213 215 217 219 221 223 225 227 233 235 237 239 241 243 245 247 251 253 255 259 261 263 267 269 271 273 275 277 279 281 283 285 287 289 293 295 297 299 301 305 309 311 313 315 317 319 323 325 327 329 331 333 341 343 345 347 349 351 353 357 359 361 363 367 369 371 373 375 377 379 381 385 387 391 395 397 399 403 405 407 409 411 413 415 417 421 423 425 427 429 431 433 435 437 439 443 445 447 449 451 453 455 457 459 461 463 465 467 469 531 557 573 575 579 587 589 603 621 627 635 649 655 657 661 683 685 687 695 697 703 721 723 729 745 747 749 753 755 
192 3 7 13 33 45 61 63 67 75 81 89 95 97 109 113 117 123 127 131 141 143 145 151 155 159 161 163 173 181 183 189 197 203 209 213 215 217 219 221 223 225 227 235 237 239 241 243 253 255 259 261 269 273 275 277 279 281 283 285 287 289 293 295 297 301 305 309 313 315 317 319 323 325 331 333 341 343 345 349 351 353 357 359 361 363 367 369 371 373 377 379 381 385 387 391 395 397 399 403 409 411 413 415 417 421 423 425 429 433 435 437 439 443 445 447 449 451 453 455 457 461 463 465 467 469 471 473 475 481 483 485 487 489 491 493 497 499 501 505 509 511 513 515 517 519 521 523 525 527 531 533 535 537 541 543 547 549 551 553 555 557 559 563 565 567 569 571 573 575 577 579 581 583 585 587 589 591 593 595 597 599 601 603 605 607 649 657 683 695 703 721 729 
194 1 3 5 7 13 31 33 37 45 53 57 61 63 65 67 69 75 79 81 87 89 91 95 97 99 105 107 109 113 117 121 123 127 131 137 141 143 145 149 151 155 159 161 163 167 171 173 175 177 181 183 189 193 195 197 203 207 209 211 213 215 217 219 221 223 225 227 233 235 237 239 241 243 245 247 251 253 255 259 261 263 267 269 271 273 275 277 279 281 283 285 287 289 293 295 297 299 301 305 309 311 313 315 317 319 323 325 327 329 331 333 341 343 345 347 349 351 353 357 359 361 363 367 369 371 373 375 377 379 381 385 387 389 391 395 397 399 403 405 407 409 411 413 415 417 421 423 425 427 429 431 433 435 437 439 441 443 445 447 505 511 531 557 573 575 579 581 587 589 603 621 623 627 629 635 649 655 657 661 683 685 687 695 697 703 705 721 723 729 745 747 749 753 755 
197 1 3 5 7 13 31 33 37 45 53 57 61 63 65 67 69 75 79 81 87 89 91 95 97 99 105 107 109 113 117 121 123 127 131 137 141 143 145 149 151 155 159 161 163 167 171 173 175 177 179 181 183 185 189 193 195 197 203 207 209 211 213 215 217 219 221 223 225 227 233 235 237 239 241 243 245 247 251 253 255 259 261 263 267 269 271 273 275 277 279 281 283 285 287 289 293 295 297 299 301 305 309 311 313 315 317 319 323 325 327 329 331 333 341 343 345 347 349 351 353 357 359 361 363 365 367 369 371 373 375 377 379 381 385 387 389 391 393 395 397 399 403 405 407 409 411 413 415 417 421 423 425 427 429 431 433 435 437 439 441 443 505 511 531 557 573 575 579 581 587 589 591 603 621 623 627 629 635 649 655 657 661 683 685 687 695 697 703 705 721 723 729 745 747 749 753 755 
193 1 3 5 7 9 11 13 15 17 19 21 23 25 27 61 63 81 143 145 151 173 189 203 209 215 217 219 225 241 243 259 261 269 273 275 277 281 283 285 287 289 293 295 297 301 305 313 315 317 325 331 341 343 357 359 363 367 371 373 377 379 385 397 399 403 409 411 413 421 425 429 433 435 437 439 443 445 447 449 451 453 457 461 463 465 471 473 481 485 487 489 491 493 497 499 501 505 511 513 519 521 523 525 531 537 541 547 549 551 553 555 557 565 567 573 575 577 579 581 585 587 589 591 593 595 599 601 603 605 609 611 613 617 621 623 625 627 629 631 633 635 637 639 641 643 645 647 649 651 655 657 661 667 669 671 675 677 679 681 683 685 687 689 693 695 697 699 701 703 705 709 711 713 715 719 721 723 725 727 729 731 733 735 737 739 741 743 745 747 749 751 753 755 
190 1 3 7 13 33 45 61 63 67 69 75 81 87 89 95 97 105 107 109 113 117 123 127 131 137 141 143 145 149 151 155 159 161 163 167 173 181 183 189 193 197 203 209 213 215 217 219 221 223 225 227 235 237 239 241 243 245 251 253 255 259 261 269 271 273 275 277 279 281 283 285 287 289 293 295 297 299 301 305 309 313 315 317 319 323 325 327 329 331 333 341 343 345 347 349 351 353 357 359 361 363 367 369 371 373 375 377 379 381 385 387 391 395 397 399 403 405 407 409 411 413 415 417 421 423 425 427 429 431 433 435 437 439 443 445 447 449 451 453 455 457 461 463 465 467 469 471 473 475 481 483 485 487 489 491 493 497 499 501 503 505 507 509 511 513 515 517 519 521 523 557 575 579 603 627 635 649 657 661 683 685 695 697 703 721 723 729 745 747 749 
197 33 45 61 63 67 75 81 89 95 97 123 141 143 145 151 155 159 163 173 181 189 197 203 209 215 217 219 221 223 225 227 235 241 243 253 259 261 269 273 275 277 281 283 285 287 289 293 295 297 301 305 309 313 315 317 319 323 325 331 333 341 343 349 351 357 359 361 363 367 371 373 377 379 381 385 391 395 397 399 403 409 411 413 417 421 423 425 429 433 435 437 439 443 445 447 449 451 453 455 457 461 463 465 467 469 471 473 475 481 485 487 489 491 493 497 499 501 505 509 511 513 519 521 523 525 531 533 537 541 543 547 549 551 553 555 557 563 565 567 573 575 577 579 581 585 587 589 591 593 595 597 599 601 603 605 607 609 611 613 617 619 621 623 625 627 629 631 633 635 637 639 641 643 645 647 649 651 653 655 657 661 667 669 671 673 675 677 679 681 683 685 687 689 691 703 721 729 
193 1 3 5 7 9 11 13 15 25 29 31 33 37 39 41 45 53 55 57 59 61 63 65 67 69 71 75 77 79 81 85 87 89 91 93 95 97 99 101 103 105 107 109 113 115 117 121 123 125 127 129 131 133 135 137 139 141 143 145 149 151 155 159 161 163 167 169 171 173 175 177 179 181 183 185 189 191 193 195 197 201 203 205 207 209 211 213 215 217 219 221 223 225 227 229 231 233 235 237 239 241 243 245 247 249 251 253 255 257 259 285 301 371 373 377 379 397 429 435 439 443 449 451 473 497 501 505 511 519 521 531 537 547 549 555 557 573 575 579 581 587 589 591 593 595 599 601 603 617 621 623 625 627 629 631 635 641 643 645 647 649 655 657 661 667 669 671 683 685 687 689 693 695 697 699 703 705 713 715 719 721 723 725 727 729 739 741 745 747 749 751 753 755 
203 1 3 5 7 13 31 33 37 45 53 55 57 61 63 65 67 69 75 79 81 87 89 91 93 95 97 99 101 105 107 109 113 115 117 121 123 127 131 137 139 141 143 145 149 151 155 159 161 163 167 169 171 173 175 177 179 181 183 185 189 191 193 195 197 203 207 209 211 213 215 217 219 221 223 225 227 233 235 237 239 241 243 245 247 251 253 255 259 261 263 265 267 269 271 273 275 277 279 281 283 285 287 289 293 295 297 299 301 303 305 307 309 311 313 315 317 319 321 323 325 327 329 331 333 335 339 341 343 345 347 349 351 353 355 357 359 361 363 365 367 369 371 373 375 377 379 381 383 385 387 389 391 393 429 451 497 501 505 511 521 531 547 557 573 575 579 581 587 589 591 603 621 623 627 629 635 641 643 647 649 655 657 661 667 683 685 687 693 695 697 703 705 721 723 725 729 741 745 747 749 751 753 755 
190 1 3 5 7 9 11 13 15 17 19 25 29 31 33 35 37 39 41 45 47 49 51 53 55 57 59 61 63 65 67 69 71 73 75 77 79 81 83 85 143 151 173 209 217 225 241 243 259 261 269 273 275 277 281 285 287 289 293 295 297 301 305 313 315 331 343 357 359 363 367 371 373 377 379 385 397 399 409 411 413 425 429 435 437 439 443 445 447 449 451 453 457 463 465 473 485 487 491 493 497 499 501 505 511 519 521 523 525 531 537 547 549 553 555 557 565 567 573 575 577 579 581 585 587 589 591 593 595 599 601 603 611 613 617 621 623 625 627 629 631 633 635 637 639 641 643 645 647 649 651 655 657 661 667 669 671 675 677 681 683 685 687 689 693 695 697 699 703 705 709 713 715 719 721 723 725 727 729 733 735 737 739 741 743 745 747 749 751 753 755 
196 1 3 5 7 9 61 63 75 81 97 143 145 151 173 181 189 203 209 215 217 219 225 241 243 259 261 269 273 275 277 281 283 285 287 289 293 295 297 301 305 309 313 315 317 325 331 341 343 349 357 359 363 367 371 373 377 379 381 385 397 399 403 409 411 413 421 423 425 429 433 435 437 439 443 445 447 449 451 453 457 461 463 465 471 473 475 481 485 487 489 491 493 497 499 501 505 509 511 513 519 521 523 525 531 537 541 547 549 551 553 555 557 565 567 573 575 577 579 581 585 587 589 591 593 595 599 601 603 605 609 611 613 617 621 623 625 627 629 631 633 635 637 639 641 643 645 647 649 651 655 657 661 667 669 671 675 677 679 681 683 685 687 689 691 693 695 697 699 701 703 705 707 709 711 713 715 717 719 721 723 725 727 729 731 733 735 737 739 741 743 745 747 749 751 753 755 
194 1 3 61 63 75 81 97 143 145 151 173 181 189 203 209 215 217 219 225 235 241 243 259 261 269 273 275 277 281 283 285 287 289 293 295 297 301 305 309 313 315 317 325 331 341 343 349 357 359 363 367 371 373 377 379 381 385 397 399 403 409 411 413 421 423 425 429 433 435 437 439 443 445 447 449 451 453 457 461 463 465 471 473 475 481 485 487 489 491 493 497 499 501 505 509 511 513 519 521 523 525 531 537 541 547 549 551 553 555 557 565 567 573 575 577 579 581 585 587 589 591 593 595 599 601 603 605 609 611 613 617 621 623 625 627 629 631 633 635 637 639 641 643 645 647 649 651 655 657 661 667 669 671 675 677 679 681 683 685 687 689 691 693 695 697 699 701 703 705 707 709 711 713 715 717 719 721 723 725 727 729 731 733 735 737 739 741 743 745 747 749 751 753 755 
189 3 7 13 33 45 61 63 67 75 81 89 95 97 105 109 113 117 123 127 131 141 143 145 151 155 159 161 163 173 181 183 189 193 197 203 209 213 215 217 219 221 223 225 227 235 237 239 241 243 245 253 255 259 261 269 273 275 277 279 281 283 285 287 289 293 295 297 299 301 305 309 313 315 317 319 323 325 329 331 333 341 343 345 349 351 353 357 359 361 363 367 369 371 373 377 379 381 385 387 391 395 397 399 403 409 411 413 415 417 421 423 425 427 429 433 435 437 439 443 445 447 449 451 453 455 457 461 463 465 467 469 471 473 475 481 483 485 487 489 491 493 497 499 501 503 505 507 509 511 513 515 517 519 521 523 525 527 531 533 535 537 541 543 545 547 549 551 553 555 557 559 561 563 565 567 569 635 649 657 683 695 697 703 721 723 729 745 747 749 
193 61 63 75 81 89 97 143 145 151 163 173 181 189 203 209 215 217 219 225 235 241 243 259 261 269 273 275 277 281 283 285 287 289 293 295 297 301 305 309 313 315 317 325 331 341 343 349 357 359 363 367 371 373 377 379 381 385 397 399 403 409 411 413 421 423 425 429 433 435 437 439 443 445 447 449 451 453 457 461 463 465 469 471 473 475 481 485 487 489 491 493 497 499 501 505 509 511 513 519 521 523 525 531 533 537 541 547 549 551 553 555 557 565 567 573 575 577 579 581 585 587 589 591 593 595 597 599 601 603 605 609 611 613 617 621 623 625 627 629 631 633 635 637 639 641 643 645 647 649 651 655 657 661 667 669 671 675 677 679 681 683 685 687 689 691 693 695 697 699 701 703 705 707 709 711 713 715 717 719 721 723 725 727 729 731 733 735 737 739 741 743 745 747 
191 1 3 5 7 9 11 13 15 19 25 29 31 33 37 39 41 45 51 53 55 57 59 61 63 65 67 69 71 73 75 77 79 81 83 85 87 89 91 93 95 97 99 101 103 105 107 109 111 113 115 117 121 123 125 127 129 131 133 135 137 139 141 143 145 147 149 151 155 157 159 161 163 165 167 169 171 173 175 241 259 269 273 275 277 285 287 295 301 315 331 367 371 373 377 379 397 409 413 425 429 435 437 439 443 449 451 457 463 473 491 493 497 501 505 511 519 521 523 525 531 537 547 549 555 557 565 573 575 579 581 587 589 591 593 595 599 601 603 611 617 621 623 625 627 629 631 635 637 639 641 643 645 647 649 655 657 661 667 669 671 677 683 685 687 689 693 695 697 699 703 705 709 713 715 719 721 723 725 727 729 733 735 737 739 741 745 747 749 751 753 755 
192 3 7 13 33 45 61 63 67 75 81 89 95 97 105 109 113 117 123 127 131 141 143 145 151 155 159 161 163 173 181 183 189 197 203 209 213 215 217 219 221 223 225 227 235 237 239 241 243 245 253 255 259 261 269 273 275 277 279 281 283 285 287 289 293 295 297 299 301 305 309 313 315 317 319 323 325 331 333 341 343 345 349 351 353 357 359 361 363 367 369 371 373 377 379 381 385 387 391 395 397 399 403 409 411 413 415 417 421 423 425 427 429 433 435 437 439 443 445 447 449 451 453 455 457 461 463 465 467 469 471 473 475 481 483 485 487 489 491 493 497 499 501 503 505 507 509 511 513 515 517 519 521 523 525 527 531 533 535 537 541 543 547 549 551 553 555 557 559 561 563 565 567 569 571 573 575 577 579 581 583 649 657 683 695 697 703 721 723 729 745 747 749 
196 1 3 5 7 9 13 25 31 33 37 39 41 45 53 55 57 59 61 63 65 67 69 71 75 77 79 81 87 89 91 93 95 97 99 101 103 105 107 109 113 115 117 121 123 125 127 129 131 135 137 139 141 143 145 149 151 155 159 161 163 167 169 171 173 175 177 179 181 183 185 189 191 193 195 197 201 203 205 207 209 211 213 215 217 219 221 223 225 227 229 231 233 235 237 239 241 243 245 247 249 251 253 255 259 261 263 265 267 269 271 273 275 277 279 281 283 285 287 289 291 293 295 297 299 301 303 305 307 309 311 371 379 397 429 435 449 451 497 501 505 511 521 531 547 549 555 557 573 575 579 581 587 589 591 593 595 599 603 621 623 625 627 629 635 641 643 647 649 655 657 661 667 671 683 685 687 693 695 697 699 703 705 713 719 721 723 725 727 729 741 745 747 749 751 753 755 
183 1 3 5 7 9 11 13 15 17 19 25 29 31 33 37 39 41 45 51 53 55 57 59 61 63 65 67 69 71 73 75 77 79 81 83 85 87 89 91 93 95 97 99 101 103 105 107 109 111 113 115 117 173 225 241 259 269 273 275 277 285 287 293 295 301 305 315 331 359 363 367 371 373 377 379 385 397 399 409 411 413 425 429 435 437 439 443 447 449 451 453 457 463 465 473 485 487 491 493 497 499 501 505 511 519 521 523 525 531 537 547 549 555 557 565 573 575 577 579 581 585 587 589 591 593 595 599 601 603 611 617 621 623 625 627 629 631 635 637 639 641 643 645 647 649 655 657 661 667 669 671 675 677 683 685 687 689 693 695 697 699 703 705 709 713 715 719 721 723 725 727 729 733 735 737 739 741 745 747 749 751 753 755 
202 1 3 5 7 13 31 33 37 45 53 57 61 63 65 67 69 75 79 81 87 89 91 95 97 99 101 105 107 109 113 117 121 123 127 131 137 141 143 145 149 151 155 159 161 163 167 169 171 173 175 177 179 181 183 185 189 191 193 195 197 203 207 209 211 213 215 217 219 221 223 225 227 233 235 237 239 241 243 245 247 251 253 255 259 261 263 265 267 269 271 273 275 277 279 281 283 285 287 289 293 295 297 299 301 305 307 309 311 313 315 317 319 323 325 327 329 331 333 335 339 341 343 345 347 349 351 353 357 359 361 363 365 367 369 371 373 375 377 379 381 383 385 387 389 391 393 395 397 399 403 405 407 409 411 413 415 417 419 421 429 505 511 521 531 547 557 573 575 579 581 587 589 591 603 621 623 627 629 635 641 643 647 649 655 657 661 667 683 685 687 695 697 703 705 721 723 729 745 747 749 753 755 
186 1 3 5 7 9 11 13 15 25 29 31 33 37 39 41 45 53 55 57 59 61 63 65 67 69 71 75 77 79 81 83 85 87 89 91 93 95 97 99 101 103 105 107 109 111 113 115 117 121 123 125 127 129 131 133 135 137 139 141 143 145 149 151 155 159 161 163 167 169 171 173 175 177 179 181 183 185 187 189 191 193 195 197 199 201 203 205 207 209 211 213 269 277 285 301 371 373 377 379 397 409 425 429 435 437 439 443 449 451 457 473 493 497 501 505 511 519 521 525 531 537 547 549 555 557 573 575 579 581 587 589 591 593 595 599 601 603 617 621 623 625 627 629 631 635 639 641 643 645 647 649 655 657 661 667 669 671 683 685 687 689 693 695 697 699 703 705 709 713 715 719 721 723 725 727 729 735 737 739 741 745 747 749 751 753 755 
186 1 3 5 7 9 11 13 15 17 19 25 29 31 33 37 39 41 45 51 53 55 57 59 61 63 65 67 69 71 73 75 77 79 81 83 85 87 89 91 93 95 97 99 101 103 105 107 109 111 113 115 117 121 123 125 127 129 131 133 135 137 139 173 225 241 259 269 273 275 277 285 287 295 301 305 315 331 359 363 367 371 373 377 379 385 397 399 409 413 425 429 435 437 439 443 449 451 453 457 463 473 487 491 493 497 501 505 511 519 521 523 525 531 537 547 549 555 557 565 573 575 577 579 581 587 589 591 593 595 599 601 603 611 617 621 623 625 627 629 631 635 637 639 641 643 645 647 649 655 657 661 667 669 671 675 677 683 685 687 689 693 695 697 699 703 705 709 713 715 719 721 723 725 727 729 733 735 737 739 741 745 747 749 751 753 755 
184 1 3 5 7 9 11 13 15 17 19 25 29 31 33 37 39 41 45 51 53 55 57 59 61 63 65 67 69 71 73 75 77 79 81 83 85 87 89 91 93 95 97 99 101 103 105 107 109 111 113 115 117 119 121 173 225 241 259 269 273 275 277 285 287 293 295 301 305 315 331 359 363 367 371 373 377 379 385 397 399 409 411 413 425 429 435 437 439 443 449 451 453 457 463 465 473 485 487 491 493 497 499 501 505 511 519 521 523 525 531 537 547 549 555 557 565 573 575 577 579 581 585 587 589 591 593 595 599 601 603 611 617 621 623 625 627 629 631 635 637 639 641 643 645 647 649 655 657 661 667 669 671 675 677 683 685 687 689 693 695 697 699 703 705 709 713 715 719 721 723 725 727 729 733 735 737 739 741 745 747 749 751 753 755 
195 1 3 5 7 9 11 13 15 25 29 31 33 37 39 41 45 53 55 57 59 61 63 65 67 69 71 75 77 79 81 85 87 89 91 93 95 97 99 101 103 105 107 109 113 115 117 121 123 125 127 129 131 133 135 137 139 141 143 145 149 151 155 159 161 163 167 169 171 173 175 177 179 181 183 185 189 191 193 195 197 201 203 205 207 209 211 213 215 217 219 221 223 225 227 229 231 233 235 237 239 241 243 245 247 249 251 253 255 257 259 261 263 265 267 269 271 273 275 371 373 377 379 397 429 435 443 449 451 473 497 501 505 511 519 521 531 537 547 549 555 557 573 575 579 581 587 589 591 593 595 599 601 603 617 621 623 625 627 629 635 641 643 647 649 655 657 661 667 671 683 685 687 689 693 695 697 699 703 705 713 715 719 721 723 725 727 729 739 741 745 747 749 751 753 755 
200 1 3 5 7 9 13 25 31 33 37 39 41 45 53 55 57 59 61 63 65 67 69 71 75 77 79 81 87 89 91 93 95 97 99 101 103 105 107 109 113 115 117 121 123 125 127 129 131 135 137 139 141 143 145 149 151 155 159 161 163 167 169 171 173 175 177 179 181 183 185 189 191 193 195 197 201 203 205 207 209 211 213 215 217 219 221 223 225 227 231 233 235 237 239 241 243 245 247 249 251 253 255 259 261 263 265 267 269 271 273 275 277 279 281 283 285 287 289 293 295 297 299 301 303 305 307 309 311 313 315 317 319 321 323 325 327 329 371 397 429 435 449 451 497 501 505 511 521 531 547 549 557 573 575 579 581 587 589 591 593 595 599 603 621 623 625 627 629 635 641 643 647 649 655 657 661 667 671 683 685 687 693 695 697 699 703 705 719 721 723 725 727 729 741 745 747 749 751 753 755 
195 1 3 5 7 13 31 33 37 45 57 61 63 65 67 69 75 79 81 87 89 91 95 97 99 105 107 109 113 117 121 123 127 131 137 141 143 145 149 151 155 159 161 163 167 171 173 177 181 183 189 193 195 197 203 207 209 211 213 215 217 219 221 223 225 227 233 235 237 239 241 243 245 247 251 253 255 259 261 263 267 269 271 273 275 277 279 281 283 285 287 289 293 295 297 299 301 305 309 311 313 315 317 319 323 325 327 329 331 333 341 343 345 347 349 351 353 357 359 361 363 367 369 371 373 375 377 379 381 385 387 391 395 397 399 403 405 407 409 411 413 415 417 421 423 425 427 429 431 433 435 437 439 443 445 447 449 451 453 455 457 459 505 511 531 557 573 575 579 581 587 589 603 621 623 627 629 635 649 655 657 661 683 685 687 695 697 703 721 723 729 745 747 749 753 755 
192 1 3 5 7 9 11 13 15 19 25 29 31 33 37 39 41 45 51 53 55 57 59 61 63 65 67 69 71 73 75 77 79 81 83 85 87 89 91 93 95 97 99 101 103 105 107 109 111 113 115 117 121 123 125 127 129 131 133 135 137 139 141 143 145 147 149 151 155 157 159 161 163 165 167 169 171 173 175 177 179 181 183 185 241 269 273 275 277 285 287 295 301 315 331 371 373 377 379 397 409 413 425 429 435 437 439 443 449 451 457 463 473 493 497 501 505 511 519 521 523 525 531 537 547 549 555 557 565 573 575 579 581 587 589 591 593 595 599 601 603 611 617 621 623 625 627 629 631 635 639 641 643 645 647 649 655 657 661 667 669 671 677 683 685 687 689 693 695 697 699 703 705 709 713 715 719 721 723 725 727 729 733 735 737 739 741 745 747 749 751 753 755 
195 61 63 75 81 89 97 143 145 151 163 173 181 189 203 209 215 217 219 225 235 241 243 259 261 269 273 275 277 281 283 285 287 289 293 295 297 301 305 309 313 315 317 325 331 341 343 349 357 359 363 367 371 373 377 379 381 385 397 399 403 409 411 413 421 423 425 429 433 435 437 439 443 445 447 449 451 453 457 461 463 465 469 471 473 475 481 485 487 489 491 493 497 499 501 505 509 511 513 519 521 523 525 531 533 537 541 547 549 551 553 555 557 565 567 573 575 577 579 581 585 587 589 591 593 595 597 599 601 603 605 609 611 613 617 621 623 625 627 629 631 633 635 637 639 641 643 645 647 649 651 655 657 661 667 669 671 675 677 679 681 683 685 687 689 691 693 695 697 699 701 703 705 707 709 711 713 715 717 719 721 723 725 727 729 731 733 735 737 739 741 743 745 747 749 751 
193 1 3 5 7 9 11 13 15 25 29 31 33 37 39 41 45 53 55 57 59 61 63 65 67 69 71 75 77 79 81 85 87 89 91 93 95 97 99 101 103 105 107 109 113 115 117 121 123 125 127 129 131 133 135 137 139 141 143 145 149 151 155 159 161 163 167 169 171 173 175 177 179 181 183 185 189 191 193 195 197 201 203 205 207 209 211 213 215 217 219 221 223 225 227 229 231 233 235 237 239 241 243 245 247 249 251 253 255 257 259 261 263 265 267 269 371 373 377 379 397 429 435 443 449 451 473 497 501 505 511 519 521 531 537 547 549 555 557 573 575 579 581 587 589 591 593 595 599 601 603 617 621 623 625 627 629 635 641 643 647 649 655 657 661 667 669 671 683 685 687 689 693 695 697 699 703 705 713 715 719 721 723 725 727 729 739 741 745 747 749 751 753 755 
192 3 7 13 33 45 61 63 67 75 81 89 95 97 109 113 117 123 127 131 141 143 145 151 155 159 161 163 173 181 183 189 197 203 209 213 215 217 219 221 223 225 227 235 237 239 241 243 253 255 259 261 269 273 275 277 279 281 283 285 287 289 293 295 297 301 305 309 313 315 317 319 323 325 331 333 341 343 345 349 351 353 357 359 361 363 367 369 371 373 377 379 381 385 387 391 395 397 399 403 409 411 413 415 417 421 423 425 429 433 435 437 439 443 445 447 449 451 453 455 457 461 463 465 467 469 471 473 475 481 483 485 487 489 491 493 497 499 501 505 509 511 513 515 517 519 521 523 525 527 531 533 535 537 541 543 547 549 551 553 555 557 559 563 565 567 569 571 573 575 577 579 581 583 585 587 589 591 593 595 597 599 601 603 605 649 657 683 695 703 721 729 749 
196 33 45 61 63 67 75 81 89 95 97 123 131 141 143 145 151 155 159 163 173 181 189 197 203 209 215 217 219 221 223 225 227 235 237 241 243 253 255 259 261 269 273 275 277 281 283 285 287 289 293 295 297 301 305 309 313 315 317 319 323 325 331 333 341 343 349 351 357 359 361 363 367 371 373 377 379 381 385 391 395 397 399 403 409 411 413 417 421 423 425 429 433 435 437 439 443 445 447 449 451 453 455 457 461 463 465 467 469 471 473 475 481 485 487 489 491 493 497 499 501 505 509 511 513 519 521 523 525 531 533 537 541 543 547 549 551 553 555 557 559 563 565 567 571 573 575 577 579 581 585 587 589 591 593 595 597 599 601 603 605 607 609 611 613 617 619 621 623 625 627 629 631 633 635 637 639 641 643 645 647 649 651 653 655 657 659 661 665 667 669 671 673 675 703 721 729 
191 1 3 5 7 9 11 13 15 19 25 29 31 33 37 39 41 45 51 53 55 57 59 61 63 65 67 69 71 73 75 77 79 81 83 85 87 89 91 93 95 97 99 101 103 105 107 109 111 113 115 117 121 123 125 127 129 131 133 135 137 139 141 143 145 147 149 151 155 157 159 161 163 165 167 169 171 173 175 177 179 181 183 241 269 273 275 277 285 287 295 301 315 331 371 373 377 379 397 409 413 425 429 435 437 439 443 449 451 457 463 473 493 497 501 505 511 519 521 523 525 531 537 547 549 555 557 565 573 575 579 581 587 589 591 593 595 599 601 603 611 617 621 623 625 627 629 631 635 639 641 643 645 647 649 655 657 661 667 669 671 677 683 685 687 689 693 695 697 699 703 705 709 713 715 719 721 723 725 727 729 733 735 737 739 741 745 747 749 751 753 755 
187 3 7 13 33 45 61 63 67 75 81 89 95 97 105 109 113 117 123 127 131 141 143 145 151 155 159 161 163 167 173 181 183 189 193 197 203 209 213 215 217 219 221 223 225 227 235 237 239 241 243 245 253 255 259 261 269 273 275 277 279 281 283 285 287 289 293 295 297 299 301 305 309 313 315 317 319 323 325 329 331 333 341 343 345 349 351 353 357 359 361 363 367 369 371 373 375 377 379 381 385 387 391 395 397 399 403 405 409 411 413 415 417 421 423 425 427 429 433 435 437 439 443 445 447 449 451 453 455 457 461 463 465 467 469 471 473 475 481 483 485 487 489 491 493 497 499 501 503 505 507 509 511 513 515 517 519 521 523 525 527 531 533 535 537 539 541 543 545 547 549 551 553 557 627 635 649 657 683 695 697 703 721 723 729 745 747 749 
194 61 63 67 75 81 89 97 141 143 145 151 163 173 181 189 203 209 215 217 219 223 225 235 241 243 253 259 261 269 273 275 277 281 283 285 287 289 293 295 297 301 305 309 313 315 317 325 331 341 343 349 351 357 359 363 367 371 373 377 379 381 385 395 397 399 403 409 411 413 421 423 425 429 433 435 437 439 443 445 447 449 451 453 455 457 461 463 465 469 471 473 475 481 485 487 489 491 493 497 499 501 505 509 511 513 519 521 523 525 531 533 537 541 543 547 549 551 553 555 557 565 567 573 575 577 579 581 585 587 589 591 593 595 597 599 601 603 605 607 609 611 613 617 619 621 623 625 627 629 631 633 635 637 639 641 643 645 647 649 651 655 657 661 667 669 671 673 675 677 679 681 683 685 687 689 691 693 695 697 699 701 703 705 707 709 711 713 715 717 719 721 723 725 727 
192 1 3 5 7 9 11 13 15 19 25 29 31 33 37 39 41 45 51 53 55 57 59 61 63 65 67 69 71 73 75 77 79 81 83 85 87 89 91 93 95 97 99 101 103 105 107 109 111 113 115 117 121 123 125 127 129 131 133 135 137 139 141 143 145 147 149 151 155 157 159 161 163 165 167 169 171 173 175 177 179 181 183 185 241 269 273 275 277 285 287 295 301 315 331 371 373 377 379 397 409 413 425 429 435 437 439 443 449 451 457 463 473 493 497 501 505 511 519 521 523 525 531 537 547 549 555 557 565 573 575 579 581 587 589 591 593 595 599 601 603 611 617 621 623 625 627 629 631 635 639 641 643 645 647 649 655 657 661 667 669 671 677 683 685 687 689 693 695 697 699 703 705 709 713 715 719 721 723 725 727 729 733 735 737 739 741 745 747 749 751 753 755 
191 3 7 13 33 45 61 63 67 75 81 89 95 97 105 109 113 117 123 127 131 141 143 145 151 155 159 161 163 173 181 183 189 197 203 209 213 215 217 219 221 223 225 227 235 237 239 241 243 245 253 255 259 261 269 273 275 277 279 281 283 285 287 289 293 295 297 299 301 305 309 313 315 317 319 323 325 331 333 341 343 345 349 351 353 357 359 361 363 367 369 371 373 377 379 381 385 387 391 395 397 399 403 409 411 413 415 417 421 423 425 427 429 433 435 437 439 443 445 447 449 451 453 455 457 461 463 465 467 469 471 473 475 481 483 485 487 489 491 493 497 499 501 503 505 507 509 511 513 515 517 519 521 523 525 527 531 533 535 537 541 543 547 549 551 553 555 557 559 561 563 565 567 569 571 573 575 577 579 581 649 657 683 695 697 703 721 723 729 745 747 749 
191 1 3 5 7 9 11 13 15 17 19 21 25 29 31 33 35 37 39 41 43 45 47 49 51 53 55 57 59 143 151 173 203 209 217 219 225 241 243 259 261 269 273 275 277 281 285 287 289 293 295 297 301 305 313 315 331 341 343 357 359 363 367 371 373 377 379 385 397 399 409 411 413 425 429 433 435 437 439 443 445 447 449 451 453 457 461 463 465 471 473 485 487 489 491 493 497 499 501 505 511 513 519 521 523 525 531 537 547 549 551 553 555 557 565 567 573 575 577 579 581 585 587 589 591 593 595 599 601 603 605 611 613 617 621 623 625 627 629 631 633 635 637 639 641 643 645 647 649 651 655 657 661 667 669 671 675 677 679 681 683 685 687 689 693 695 697 699 703 705 709 711 713 715 719 721 723 725 727 729 733 735 737 739 741 743 745 747 749 751 753 755 
192 61 63 67 75 81 89 97 143 145 151 163 173 181 189 203 209 215 217 219 223 225 235 241 243 253 259 261 269 273 275 277 281 283 285 287 289 293 295 297 301 305 309 313 315 317 325 331 341 343 349 351 357 359 363 367 371 373 377 379 381 385 397 399 403 409 411 413 421 423 425 429 433 435 437 439 443 445 447 449 451 453 455 457 461 463 465 469 471 473 475 481 485 487 489 491 493 497 499 501 505 509 511 513 519 521 523 525 531 533 537 541 543 547 549 551 553 555 557 565 567 573 575 577 579 581 585 587 589 591 593 595 597 599 601 603 605 607 609 611 613 617 619 621 623 625 627 629 631 633 635 637 639 641 643 645 647 649 651 655 657 661 667 669 671 675 677 679 681 683 685 687 689 691 693 695 697 699 701 703 705 707 709 711 713 715 717 719 721 723 725 727 729 
194 1 3 5 7 13 31 33 37 45 57 61 63 65 67 69 75 79 81 87 89 91 95 97 99 105 107 109 113 117 121 123 127 131 137 141 143 145 149 151 155 159 161 163 167 171 173 177 181 183 189 193 195 197 203 207 209 211 213 215 217 219 221 223 225 227 233 235 237 239 241 243 245 247 251 253 255 259 261 263 267 269 271 273 275 277 279 281 283 285 287 289 293 295 297 299 301 305 309 311 313 315 317 319 323 325 327 329 331 333 341 343 345 347 349 351 353 357 359 361 363 367 369 371 373 375 377 379 381 385 387 391 395 397 399 403 405 407 409 411 413 415 417 421 423 425 427 429 431 433 435 437 439 443 445 447 449 451 453 455 457 459 461 463 511 531 557 573 575 579 581 587 589 603 621 627 635 649 655 657 661 683 685 687 695 697 703 721 723 729 745 747 749 753 755 
203 1 3 5 7 13 31 33 37 45 53 55 57 61 63 65 67 69 75 79 81 87 89 91 95 97 99 101 105 107 109 113 115 117 121 123 127 131 137 139 141 143 145 149 151 155 159 161 163 167 169 171 173 175 177 179 181 183 185 189 191 193 195 197 203 207 209 211 213 215 217 219 221 223 225 227 233 235 237 239 241 243 245 247 251 253 255 259 261 263 265 267 269 271 273 275 277 279 281 283 285 287 289 293 295 297 299 301 303 305 307 309 311 313 315 317 319 323 325 327 329 331 333 335 339 341 343 345 347 349 351 353 357 359 361 363 365 367 369 371 373 375 377 379 381 383 385 387 389 391 393 395 397 399 401 403 405 407 409 429 451 505 511 521 531 547 557 573 575 579 581 587 589 591 603 621 623 627 629 635 641 643 647 649 655 657 661 667 683 685 687 693 695 697 703 705 721 723 729 745 747 749 753 755 
206 1 3 5 7 13 31 33 37 45 53 55 57 61 63 65 67 69 75 79 81 87 89 91 93 95 97 99 101 105 107 109 113 115 117 121 123 127 131 137 139 141 143 145 149 151 155 159 161 163 167 169 171 173 175 177 179 181 183 185 189 191 193 195 197 203 207 209 211 213 215 217 219 221 223 225 227 233 235 237 239 241 243 245 247 251 253 255 259 261 263 265 267 269 271 273 275 277 279 281 283 285 287 289 293 295 297 299 301 303 305 307 309 311 313 315 317 319 321 323 325 327 329 331 333 335 339 341 343 345 347 349 351 353 355 357 359 361 363 365 367 369 371 373 375 377 379 381 383 385 387 389 391 393 395 397 399 401 429 451 501 505 511 521 531 547 557 573 575 579 581 587 589 591 603 621 623 627 629 635 641 643 647 649 655 657 661 667 683 685 687 693 695 697 703 705 721 723 725 729 741 745 747 749 751 753 755 
196 33 45 61 63 67 75 81 89 95 97 123 141 143 145 151 155 159 163 173 181 189 197 203 209 215 217 219 221 223 225 227 235 241 243 253 259 261 269 273 275 277 281 283 285 287 289 293 295 297 301 305 309 313 315 317 319 323 325 331 333 341 343 349 351 357 359 361 363 367 371 373 377 379 381 385 391 395 397 399 403 409 411 413 417 421 423 425 429 433 435 437 439 443 445 447 449 451 453 455 457 461 463 465 467 469 471 473 475 481 485 487 489 491 493 497 499 501 505 509 511 513 519 521 523 525 531 533 537 541 543 547 549 551 553 555 557 563 565 567 571 573 575 577 579 581 585 587 589 591 593 595 597 599 601 603 605 607 609 611 613 617 619 621 623 625 627 629 631 633 635 637 639 641 643 645 647 649 651 653 655 657 661 667 669 671 673 675 677 679 681 683 685 687 703 721 729 
197 33 45 61 63 67 75 81 89 95 97 123 141 143 145 151 163 173 181 189 197 203 209 215 217 219 221 223 225 227 235 241 243 253 259 261 269 273 275 277 281 283 285 287 289 293 295 297 301 305 309 313 315 317 319 323 325 331 333 341 343 349 351 357 359 361 363 367 371 373 377 379 381 385 391 395 397 399 403 409 411 413 417 421 423 425 429 433 435 437 439 443 445 447 449 451 453 455 457 461 463 465 467 469 471 473 475 481 485 487 489 491 493 497 499 501 505 509 511 513 519 521 523 525 531 533 537 541 543 547 549 551 553 555 557 563 565 567 573 575 577 579 581 585 587 589 591 593 595 597 599 601 603 605 607 609 611 613 617 619 621 623 625 627 629 631 633 635 637 639 641 643 645 647 649 651 653 655 657 661 667 669 671 673 675 677 679 681 683 685 687 689 691 693 695 703 721 729 
193 1 3 5 7 13 31 33 37 45 53 57 61 63 65 67 69 75 79 81 87 89 91 95 97 99 105 107 109 113 117 121 123 127 131 137 141 143 145 149 151 155 159 161 163 167 171 173 175 177 181 183 189 193 195 197 203 207 209 211 213 215 217 219 221 223 225 227 233 235 237 239 241 243 245 247 251 253 255 259 261 263 267 269 271 273 275 277 279 281 283 285 287 289 293 295 297 299 301 305 309 311 313 315 317 319 323 325 327 329 331 333 341 343 345 347 349 351 353 357 359 361 363 367 369 371 373 375 377 379 381 385 387 389 391 395 397 399 403 405 407 409 411 413 415 417 421 423 425 427 429 431 433 435 437 439 443 445 447 505 511 531 557 573 575 579 581 587 589 603 621 623 627 629 635 649 655 657 661 683 685 687 695 697 703 705 721 723 729 745 747 749 753 755 
195 1 3 5 7 13 31 33 45 57 61 63 67 69 75 81 87 89 95 97 105 107 109 113 117 123 127 131 137 141 143 145 149 151 155 159 161 163 167 173 181 183 189 193 195 197 203 209 213 215 217 219 221 223 225 227 233 235 237 239 241 243 245 247 251 253 255 259 261 269 271 273 275 277 279 281 283 285 287 289 293 295 297 299 301 305 309 311 313 315 317 319 323 325 327 329 331 333 341 343 345 347 349 351 353 357 359 361 363 367 369 371 373 375 377 379 381 385 387 391 395 397 399 403 405 407 409 411 413 415 417 421 423 425 427 429 431 433 435 437 439 443 445 447 449 451 453 455 457 461 463 465 467 469 471 473 475 479 481 483 485 487 489 491 493 495 497 499 501 503 505 531 557 575 579 587 603 627 635 649 655 657 661 683 685 687 695 697 703 721 723 729 745 747 749 755 
193 1 3 5 7 9 11 13 15 17 19 21 25 29 31 33 35 37 39 41 43 45 47 49 51 53 55 57 59 61 63 143 151 173 203 209 217 219 225 241 243 259 261 269 273 275 277 281 285 287 289 293 295 297 301 305 313 315 331 341 343 357 359 363 367 371 373 377 379 385 397 399 409 411 413 425 429 433 435 437 439 443 445 447 449 451 453 457 461 463 465 471 473 485 487 489 491 493 497 499 501 505 511 513 519 521 523 525 531 537 547 549 551 553 555 557 565 567 573 575 577 579 581 585 587 589 591 593 595 599 601 603 605 611 613 617 621 623 625 627 629 631 633 635 637 639 641 643 645 647 649 651 655 657 661 667 669 671 675 677 679 681 683 685 687 689 693 695 697 699 703 705 709 711 713 715 719 721 723 725 727 729 733 735 737 739 741 743 745 747 749 751 753 755 
195 1 3 5 7 9 13 25 31 33 37 39 41 45 53 55 57 59 61 63 65 67 69 71 75 77 79 81 87 89 91 93 95 97 99 101 103 105 107 109 113 115 117 121 123 125 127 129 131 135 137 139 141 143 145 149 151 155 159 161 163 167 169 171 173 175 177 179 181 183 185 189 191 193 195 197 201 203 205 207 209 211 213 215 217 219 221 223 225 227 229 231 233 235 237 239 241 243 245 247 249 251 253 255 259 261 263 265 267 269 271 273 275 277 279 281 283 285 287 289 291 293 295 297 299 301 303 305 307 309 311 313 371 397 429 435 449 451 497 501 505 511 521 531 547 549 555 557 573 575 579 581 587 589 591 593 595 599 603 621 623 625 627 629 635 641 643 647 649 655 657 661 667 671 683 685 687 693 695 697 699 703 705 719 721 723 725 727 729 741 745 747 749 751 753 755 
194 33 45 61 63 67 75 81 89 95 97 109 113 123 131 141 143 145 151 155 159 163 173 181 189 197 203 209 215 217 219 221 223 225 227 235 237 241 243 253 255 259 261 269 273 275 277 281 283 285 287 289 293 295 297 301 305 309 313 315 317 319 323 325 331 333 341 343 349 351 357 359 361 363 367 371 373 377 379 381 385 391 395 397 399 403 409 411 413 417 421 423 425 429 433 435 437 439 443 445 447 449 451 453 455 457 461 463 465 467 469 471 473 475 481 485 487 489 491 493 497 499 501 505 509 511 513 517 519 521 523 525 531 533 537 541 543 547 549 551 553 555 557 559 563 565 567 571 573 575 577 579 581 583 585 587 589 591 593 595 597 599 601 603 605 607 609 611 613 617 619 621 623 625 627 629 631 633 635 637 639 641 643 645 647 649 651 653 655 657 683 695 703 721 729 
192 1 3 5 7 13 31 33 37 45 57 61 63 67 69 75 79 81 87 89 91 95 97 99 105 107 109 113 117 123 127 131 137 141 143 145 149 151 155 159 161 163 167 171 173 177 181 183 189 193 195 197 203 209 213 215 217 219 221 223 225 227 233 235 237 239 241 243 245 247 251 253 255 259 261 267 269 271 273 275 277 279 281 283 285 287 289 293 295 297 299 301 305 309 311 313 315 317 319 323 325 327 329 331 333 341 343 345 347 349 351 353 357 359 361 363 367 369 371 373 375 377 379 381 385 387 391 395 397 399 403 405 407 409 411 413 415 417 421 423 425 427 429 431 433 435 437 439 443 445 447 449 451 453 455 457 459 461 463 465 467 469 471 473 475 531 557 573 575 579 587 603 621 627 635 649 655 657 661 683 685 687 695 697 703 721 723 729 745 747 749 753 755 
193 1 3 5 7 9 11 13 15 17 19 21 25 27 29 31 33 35 37 39 41 43 45 47 49 51 53 63 143 145 151 173 203 209 217 219 225 241 243 259 261 269 273 275 277 281 285 287 289 293 295 297 301 305 313 315 331 341 343 357 359 363 367 371 373 377 379 385 397 399 403 409 411 413 425 429 433 435 437 439 443 445 447 449 451 453 457 461 463 465 471 473 485 487 489 491 493 497 499 501 505 511 513 519 521 523 525 531 537 547 549 551 553 555 557 565 567 573 575 577 579 581 585 587 589 591 593 595 599 601 603 605 611 613 617 621 623 625 627 629 631 633 635 637 639 641 643 645 647 649 651 655 657 661 667 669 671 675 677 679 681 683 685 687 689 693 695 697 699 703 705 709 711 713 715 719 721 723 725 727 729 731 733 735 737 739 741 743 745 747 749 751 753 755 
187 1 3 7 13 33 45 61 63 67 69 75 81 89 95 97 105 107 109 113 117 123 127 131 137 141 143 145 149 151 155 159 161 163 167 173 181 183 189 193 197 203 209 213 215 217 219 221 223 225 227 235 237 239 241 243 245 253 255 259 261 269 271 273 275 277 279 281 283 285 287 289 293 295 297 299 301 305 309 313 315 317 319 323 325 329 331 333 341 343 345 349 351 353 357 359 361 363 367 369 371 373 375 377 379 381 385 387 391 395 397 399 403 405 407 409 411 413 415 417 421 423 425 427 429 431 433 435 437 439 443 445 447 449 451 453 455 457 461 463 465 467 469 471 473 475 481 483 485 487 489 491 493 497 499 501 503 505 507 509 511 513 515 517 519 521 523 525 527 529 531 557 627 635 649 657 661 683 685 695 697 703 721 723 729 745 747 749 
191 1 3 5 7 9 11 13 15 17 19 21 25 27 29 31 33 35 37 39 41 43 45 47 63 143 145 151 173 203 209 217 219 225 241 243 259 261 269 273 275 277 281 285 287 289 293 295 297 301 305 313 315 331 341 343 357 359 363 367 371 373 377 379 385 397 399 403 409 411 413 425 429 433 435 437 439 443 445 447 449 451 453 457 461 463 465 471 473 485 487 489 491 493 497 499 501 505 511 513 519 521 523 525 531 537 541 547 549 551 553 555 557 565 567 573 575 577 579 581 585 587 589 591 593 595 599 601 603 605 611 613 617 621 623 625 627 629 631 633 635 637 639 641 643 645 647 649 651 655 657 661 667 669 671 675 677 679 681 683 685 687 689 693 695 697 699 703 705 709 711 713 715 719 721 723 725 727 729 731 733 735 737 739 741 743 745 747 749 751 753 755 
190 1 3 5 7 9 13 25 31 33 37 39 41 45 53 55 57 59 61 63 65 67 69 71 75 77 79 81 87 89 91 93 95 97 99 101 103 105 107 109 113 115 117 121 123 125 127 129 131 135 137 139 141 143 145 149 151 155 159 161 163 167 169 171 173 175 177 179 181 183 185 189 191 193 195 197 201 203 205 207 209 211 213 215 217 219 221 223 225 227 229 231 233 235 237 239 241 243 245 247 249 251 253 255 259 261 263 265 267 269 271 273 275 277 279 281 283 285 287 289 291 293 295 297 371 373 379 397 429 435 449 451 497 501 505 511 521 531 547 549 555 557 573 575 579 581 587 589 591 593 595 599 603 621 623 625 627 629 635 641 643 647 649 655 657 661 667 671 683 685 687 693 695 697 699 703 705 713 719 721 723 725 727 729 741 745 747 749 751 753 755 
194 61 63 75 81 89 97 143 145 151 163 173 181 189 203 209 215 217 219 225 235 241 243 259 261 269 273 275 277 281 283 285 287 289 293 295 297 301 305 309 313 315 317 325 331 341 343 349 357 359 363 367 371 373 377 379 381 385 397 399 403 409 411 413 421 423 425 429 433 435 437 439 443 445 447 449 451 453 457 461 463 465 469 471 473 475 481 485 487 489 491 493 497 499 501 505 509 511 513 519 521 523 525 531 533 537 541 547 549 551 553 555 557 565 567 573 575 577 579 581 585 587 589 591 593 595 597 599 601 603 605 609 611 613 617 621 623 625 627 629 631 633 635 637 639 641 643 645 647 649 651 655 657 661 667 669 671 675 677 679 681 683 685 687 689 691 693 695 697 699 701 703 705 707 709 711 713 715 717 719 721 723 725 727 729 731 733 735 737 739 741 743 745 747 749 
192 3 7 13 33 45 61 63 67 75 81 89 95 97 105 109 113 117 123 127 131 141 143 145 151 155 159 161 163 173 181 183 189 197 203 209 213 215 217 219 221 223 225 227 235 237 239 241 243 245 253 255 259 261 269 273 275 277 279 281 283 285 287 289 293 295 297 299 301 305 309 313 315 317 319 323 325 331 333 341 343 345 349 351 353 357 359 361 363 367 369 371 373 377 379 381 385 387 391 395 397 399 403 409 411 413 415 417 421 423 425 427 429 433 435 437 439 443 445 447 449 451 453 455 457 461 463 465 467 469 471 473 475 481 483 485 487 489 491 493 497 499 501 503 505 507 509 511 513 515 517 519 521 523 525 527 531 533 535 537 541 543 547 549 551 553 555 557 559 561 563 565 567 569 571 573 575 577 579 581 583 649 657 683 695 697 703 721 723 729 745 747 749 
182 1 3 5 7 9 11 13 15 17 19 25 29 31 33 37 39 41 45 51 53 55 57 59 61 63 65 67 69 71 73 75 77 79 81 83 85 87 89 91 93 95 97 99 101 103 105 107 109 111 113 115 173 225 241 259 269 273 275 277 285 287 293 295 301 305 315 331 359 363 367 371 373 377 379 385 397 399 409 411 413 425 429 435 437 439 443 447 449 451 453 457 463 465 473 485 487 491 493 497 499 501 505 511 519 521 523 525 531 537 547 549 555 557 565 573 575 577 579 581 585 587 589 591 593 595 599 601 603 611 617 621 623 625 627 629 631 635 637 639 641 643 645 647 649 655 657 661 667 669 671 675 677 683 685 687 689 693 695 697 699 703 705 709 713 715 719 721 723 725 727 729 733 735 737 739 741 745 747 749 751 753 755 
196 13 33 45 61 63 67 75 81 89 95 97 109 113 117 123 131 141 143 145 151 155 159 161 163 173 181 183 189 197 203 209 213 215 217 219 221 223 225 227 235 237 239 241 243 253 255 259 261 269 273 275 277 281 283 285 287 289 293 295 297 301 305 309 313 315 317 319 323 325 331 333 341 343 345 349 351 357 359 361 363 367 369 371 373 377 379 381 385 391 395 397 399 403 409 411 413 415 417 421 423 425 429 433 435 437 439 443 445 447 449 451 453 455 457 461 463 465 467 469 471 473 475 481 485 487 489 491 493 497 499 501 505 509 511 513 517 519 521 523 525 527 531 533 537 541 543 547 549 551 553 555 557 559 563 565 567 571 573 575 577 579 581 583 585 587 589 591 593 595 597 599 601 603 605 607 609 611 613 615 617 619 621 623 625 627 629 631 633 635 637 639 683 695 703 721 729 
193 1 3 5 7 13 31 33 45 57 61 63 67 69 75 79 81 87 89 91 95 97 99 105 107 109 113 117 123 127 131 137 141 143 145 149 151 155 159 161 163 167 171 173 181 183 189 193 195 197 203 209 213 215 217 219 221 223 225 227 233 235 237 239 241 243 245 247 251 253 255 259 261 267 269 271 273 275 277 279 281 283 285 287 289 293 295 297 299 301 305 309 311 313 315 317 319 323 325 327 329 331 333 341 343 345 347 349 351 353 357 359 361 363 367 369 371 373 375 377 379 381 385 387 391 395 397 399 403 405 407 409 411 413 415 417 421 423 425 427 429 431 433 435 437 439 443 445 447 449 451 453 455 457 459 461 463 465 467 469 471 473 475 477 479 481 531 557 573 575 579 587 603 621 627 635 649 655 657 661 683 685 687 695 697 703 721 723 729 745 747 749 753 755 
191 3 7 13 33 45 61 63 67 75 81 89 95 97 105 109 113 117 123 127 131 141 143 145 151 155 159 161 163 173 181 183 189 193 197 203 209 213 215 217 219 221 223 225 227 235 237 239 241 243 245 253 255 259 261 269 273 275 277 279 281 283 285 287 289 293 295 297 299 301 305 309 313 315 317 319 323 325 329 331 333 341 343 345 349 351 353 357 359 361 363 367 369 371 373 377 379 381 385 387 391 395 397 399 403 409 411 413 415 417 421 423 425 427 429 433 435 437 439 443 445 447 449 451 453 455 457 461 463 465 467 469 471 473 475 481 483 485 487 489 491 493 497 499 501 503 505 507 509 511 513 515 517 519 521 523 525 527 531 533 535 537 541 543 545 547 549 551 553 555 557 559 561 563 565 567 569 571 573 635 649 657 683 695 697 703 721 723 729 745 747 749 
201 1 3 5 7 9 13 31 33 37 45 53 55 57 61 63 65 67 69 75 77 79 81 87 89 91 93 95 97 99 101 105 107 109 113 115 117 121 123 127 131 137 139 141 143 145 149 151 155 159 161 163 167 169 171 173 175 177 179 181 183 185 189 191 193 195 197 201 203 207 209 211 213 215 217 219 221 223 225 227 233 235 237 239 241 243 245 247 251 253 255 259 261 263 265 267 269 271 273 275 277 279 281 283 285 287 289 293 295 297 299 301 303 305 307 309 311 313 315 317 319 321 323 325 327 329 331 333 335 339 341 343 345 347 349 351 353 355 357 359 361 363 365 367 369 371 373 375 377 379 429 451 497 501 505 511 521 531 547 549 557 573 575 579 581 587 589 591 603 621 623 627 629 635 641 643 647 649 655 657 661 667 671 683 685 687 693 695 697 703 705 721 723 725 729 741 745 747 749 751 753 755 
201 1 3 5 7 9 13 31 33 37 39 45 53 55 57 61 63 65 67 69 75 77 79 81 87 89 91 93 95 97 99 101 105 107 109 113 115 117 121 123 127 131 137 139 141 143 145 149 151 155 159 161 163 167 169 171 173 175 177 179 181 183 185 189 191 193 195 197 201 203 207 209 211 213 215 217 219 221 223 225 227 233 235 237 239 241 243 245 247 251 253 255 259 261 263 265 267 269 271 273 275 277 279 281 283 285 287 289 293 295 297 299 301 303 305 307 309 311 313 315 317 319 321 323 325 327 329 331 333 335 339 341 343 345 347 349 351 353 355 357 359 361 363 365 367 369 371 373 429 435 451 497 501 505 511 521 531 547 549 557 573 575 579 581 587 589 591 603 621 623 627 629 635 641 643 647 649 655 657 661 667 671 683 685 687 693 695 697 699 703 705 721 723 725 729 741 745 747 749 751 753 755 
198 1 3 5 7 9 13 25 31 33 37 39 41 45 53 55 57 59 61 63 65 67 69 71 75 77 79 81 87 89 91 93 95 97 99 101 103 105 107 109 113 115 117 121 123 125 127 129 131 135 137 139 141 143 145 149 151 155 159 161 163 167 169 171 173 175 177 179 181 183 185 189 191 193 195 197 201 203 205 207 209 211 213 215 217 219 221 223 225 227 231 233 235 237 239 241 243 245 247 249 251 253 255 259 261 263 265 267 269 271 273 275 277 279 281 283 285 287 289 293 295 297 299 301 303 305 307 309 311 313 315 317 319 321 323 325 371 397 429 435 449 451 497 501 505 511 521 531 547 549 557 573 575 579 581 587 589 591 593 595 599 603 621 623 625 627 629 635 641 643 647 649 655 657 661 667 671 683 685 687 693 695 697 699 703 705 719 721 723 725 727 729 741 745 747 749 751 753 755 
193 1 3 5 7 9 11 13 15 17 19 21 25 27 29 31 33 35 37 39 41 43 45 47 49 51 53 63 143 145 151 173 203 209 217 219 225 241 243 259 261 269 273 275 277 281 285 287 289 293 295 297 301 305 313 315 331 341 343 357 359 363 367 371 373 377 379 385 397 399 403 409 411 413 425 429 433 435 437 439 443 445 447 449 451 453 457 461 463 465 471 473 485 487 489 491 493 497 499 501 505 511 513 519 521 523 525 531 537 547 549 551 553 555 557 565 567 573 575 577 579 581 585 587 589 591 593 595 599 601 603 605 611 613 617 621 623 625 627 629 631 633 635 637 639 641 643 645 647 649 651 655 657 661 667 669 671 675 677 679 681 683 685 687 689 693 695 697 699 703 705 709 711 713 715 719 721 723 725 727 729 731 733 735 737 739 741 743 745 747 749 751 753 755 
186 3 7 13 33 45 61 63 67 75 81 89 95 97 105 109 113 117 123 127 131 141 143 145 151 155 159 161 163 173 181 183 189 193 197 203 209 213 215 217 219 221 223 225 227 235 237 239 241 243 245 253 255 259 261 269 273 275 277 279 281 283 285 287 289 293 295 297 299 301 305 309 313 315 317 319 323 325 329 331 333 341 343 345 349 351 353 357 359 361 363 367 369 371 373 377 379 381 385 387 391 395 397 399 403 409 411 413 415 417 421 423 425 427 429 433 435 437 439 443 445 447 449 451 453 455 457 461 463 465 467 469 471 473 475 481 483 485 487 489 491 493 497 499 501 503 505 507 509 511 513 515 517 519 521 523 525 527 531 533 535 537 541 543 545 547 549 551 553 555 557 559 561 563 635 649 657 683 695 697 703 721 723 729 745 747 749 
192 1 3 5 7 9 11 13 15 25 29 31 33 37 39 41 45 53 55 57 59 61 63 65 67 69 71 75 77 79 81 83 85 87 89 91 93 95 97 99 101 103 105 107 109 111 113 115 117 121 123 125 127 129 131 133 135 137 139 141 143 145 149 151 155 159 161 163 167 169 171 173 175 177 179 181 183 185 187 189 191 193 195 197 199 201 203 205 207 209 211 213 215 217 219 221 223 225 227 277 285 301 371 373 377 379 397 409 425 429 435 437 439 443 449 451 457 473 493 497 501 505 511 519 521 525 531 537 547 549 555 557 573 575 579 581 587 589 591 593 595 599 601 603 617 621 623 625 627 629 631 635 639 641 643 645 647 649 655 657 661 667 669 671 683 685 687 689 693 695 697 699 703 705 709 713 715 719 721 723 725 727 729 735 737 739 741 745 747 749 751 753 755 
195 61 63 75 81 89 97 143 145 151 163 173 181 189 203 209 215 217 219 225 235 241 243 259 261 269 273 275 277 281 283 285 287 289 293 295 297 301 305 309 313 315 317 325 331 341 343 349 357 359 363 367 371 373 377 379 381 385 397 399 403 409 411 413 421 423 425 429 433 435 437 439 443 445 447 449 451 453 457 461 463 465 469 471 473 475 481 485 487 489 491 493 497 499 501 505 509 511 513 519 521 523 525 531 533 537 541 547 549 551 553 555 557 565 567 573 575 577 579 581 585 587 589 591 593 595 597 599 601 603 605 609 611 613 617 621 623 625 627 629 631 633 635 637 639 641 643 645 647 649 651 655 657 661 667 669 671 675 677 679 681 683 685 687 689 691 693 695 697 699 701 703 705 707 709 711 713 715 717 719 721 723 725 727 729 731 733 735 737 739 741 743 745 747 749 751 
194 7 13 33 45 61 63 67 75 81 89 95 97 109 113 117 123 131 141 143 145 151 155 159 161 163 173 181 183 189 197 203 209 213 215 217 219 221 223 225 227 235 237 239 241 243 253 255 259 261 269 273 275 277 279 281 283 285 287 289 293 295 297 301 305 309 313 315 317 319 323 325 331 333 341 343 345 349 351 357 359 361 363 367 369 371 373 377 379 381 385 391 395 397 399 403 409 411 413 415 417 421 423 425 429 433 435 437 439 443 445 447 449 451 453 455 457 461 463 465 467 469 471 473 475 481 483 485 487 489 491 493 497 499 501 505 509 511 513 517 519 521 523 525 527 531 533 535 537 541 543 547 549 551 553 555 557 559 563 565 567 569 571 573 575 577 579 581 583 585 587 589 591 593 595 597 599 601 603 605 607 609 611 613 615 617 619 621 623 657 683 695 703 721 729 
183 1 3 5 7 9 11 13 15 17 19 25 29 31 33 35 37 39 41 45 47 49 51 53 55 57 59 61 63 65 67 69 71 73 75 77 79 81 83 85 87 89 143 173 209 217 225 241 259 269 273 275 277 281 285 287 293 295 297 301 305 313 315 331 343 359 363 367 371 373 377 379 385 397 399 409 411 413 425 429 435 437 439 443 445 447 449 451 453 457 463 465 473 485 487 491 493 497 499 501 505 511 519 521 523 525 531 537 547 549 555 557 565 567 573 575 577 579 581 585 587 589 591 593 595 599 601 603 611 613 617 621 623 625 627 629 631 635 637 639 641 643 645 647 649 651 655 657 661 667 669 671 675 677 683 685 687 689 693 695 697 699 703 705 709 713 715 719 721 723 725 727 729 733 735 737 739 741 745 747 749 751 753 755 
199 1 3 5 7 9 13 25 31 33 37 39 41 45 53 55 57 59 61 63 65 67 69 71 75 77 79 81 87 89 91 93 95 97 99 101 103 105 107 109 113 115 117 121 123 125 127 129 131 135 137 139 141 143 145 149 151 155 159 161 163 167 169 171 173 175 177 179 181 183 185 189 191 193 195 197 201 203 205 207 209 211 213 215 217 219 221 223 225 227 231 233 235 237 239 241 243 245 247 249 251 253 255 259 261 263 265 267 269 271 273 275 277 279 281 283 285 287 289 293 295 297 299 301 303 305 307 309 311 313 315 317 319 321 323 325 327 329 331 371 397 429 435 449 451 497 501 505 511 521 531 547 549 557 573 575 579 581 587 589 591 595 599 603 621 623 627 629 635 641 643 647 649 655 657 661 667 671 683 685 687 693 695 697 699 703 705 719 721 723 725 727 729 741 745 747 749 751 753 755 
193 7 13 33 45 61 63 67 75 81 89 95 97 109 113 117 123 131 141 143 145 151 155 159 161 163 173 181 183 189 197 203 209 213 215 217 219 221 223 225 227 235 237 239 241 243 253 255 259 261 269 273 275 277 279 281 283 285 287 289 293 295 297 301 305 309 313 315 317 319 323 325 331 333 341 343 345 349 351 357 359 361 363 367 369 371 373 377 379 381 385 391 395 397 399 403 409 411 413 415 417 421 423 425 429 433 435 437 439 443 445 447 449 451 453 455 457 461 463 465 467 469 471 473 475 481 483 485 487 489 491 493 497 499 501 505 509 511 513 517 519 521 523 525 527 531 533 535 537 541 543 547 549 551 553 555 557 559 563 565 567 569 571 573 575 577 579 581 583 585 587 589 591 593 595 597 599 601 603 605 607 609 611 613 615 617 619 621 657 683 695 703 721 729 
185 1 3 5 7 9 11 13 15 17 19 25 29 31 33 37 39 41 45 51 53 55 57 59 61 63 65 67 69 71 73 75 77 79 81 83 85 87 89 91 93 95 97 99 101 103 105 107 109 111 113 115 117 119 121 123 125 127 173 225 241 259 269 273 275 277 285 287 295 301 305 315 331 359 363 367 371 373 377 379 385 397 399 409 411 413 425 429 435 437 439 443 449 451 453 457 463 473 485 487 491 493 497 499 501 505 511 519 521 523 525 531 537 547 549 555 557 565 573 575 577 579 581 585 587 589 591 593 595 599 601 603 611 617 621 623 625 627 629 631 635 637 639 641 643 645 647 649 655 657 661 667 669 671 675 677 683 685 687 689 693 695 697 699 703 705 709 713 715 719 721 723 725 727 729 733 735 737 739 741 745 747 749 751 753 755 
192 1 3 5 7 9 11 13 25 31 33 37 39 41 45 53 55 57 59 61 63 65 67 69 71 75 77 79 81 87 89 91 93 95 97 99 101 103 105 107 109 113 115 117 121 123 125 127 129 131 135 137 139 141 143 145 149 151 155 159 161 163 167 169 171 173 175 177 179 181 183 185 189 191 193 195 197 201 203 205 207 209 211 213 215 217 219 221 223 225 227 229 231 233 235 237 239 241 243 245 247 249 251 253 255 257 259 261 263 265 267 269 271 273 275 277 279 281 283 285 371 373 379 397 429 435 443 449 451 473 497 501 505 511 519 521 531 537 547 549 555 557 573 575 579 581 587 589 591 593 595 599 603 621 623 625 627 629 635 641 643 647 649 655 657 661 667 671 683 685 687 689 693 695 697 699 703 705 713 715 719 721 723 725 727 729 741 745 747 749 751 753 755 
200 1 3 5 7 9 13 31 33 37 39 41 45 53 55 57 59 61 63 65 67 69 71 75 77 79 81 87 89 91 93 95 97 99 101 105 107 109 113 115 117 121 123 125 127 131 135 137 139 141 143 145 149 151 155 159 161 163 167 169 171 173 175 177 179 181 183 185 189 191 193 195 197 201 203 205 207 209 211 213 215 217 219 221 223 225 227 233 235 237 239 241 243 245 247 249 251 253 255 259 261 263 265 267 269 271 273 275 277 279 281 283 285 287 289 293 295 297 299 301 303 305 307 309 311 313 315 317 319 321 323 325 327 329 331 333 335 337 339 341 343 345 347 371 429 435 449 451 497 501 505 511 521 531 547 549 557 573 575 579 581 587 589 591 595 599 603 621 623 627 629 635 641 643 647 649 655 657 661 667 671 683 685 687 693 695 697 699 703 705 721 723 725 729 741 745 747 749 751 753 755 
184 1 3 5 7 9 11 13 15 17 19 25 29 31 33 37 39 41 45 51 53 55 57 59 61 63 65 67 69 71 73 75 77 79 81 83 85 87 89 91 93 95 97 99 101 103 105 107 109 111 113 115 117 121 123 125 127 129 131 133 173 225 241 259 269 273 275 277 285 287 295 301 305 315 331 359 363 367 371 373 377 379 385 397 399 409 413 425 429 435 437 439 443 449 451 453 457 463 473 485 487 491 493 497 501 505 511 519 521 523 525 531 537 547 549 555 557 565 573 575 577 579 581 587 589 591 593 595 599 601 603 611 617 621 623 625 627 629 631 635 637 639 641 643 645 647 649 655 657 661 667 669 671 675 677 683 685 687 689 693 695 697 699 703 705 709 713 715 719 721 723 725 727 729 733 735 737 739 741 745 747 749 751 753 755 
197 13 33 45 61 63 67 75 81 89 95 97 109 113 117 123 131 141 143 145 151 155 159 161 163 173 181 183 189 197 203 209 213 215 217 219 221 223 225 227 235 237 239 241 243 253 255 259 261 269 273 275 277 281 283 285 287 289 293 295 297 301 305 309 313 315 317 319 323 325 331 333 341 343 345 349 351 357 359 361 363 367 369 371 373 377 379 381 385 391 395 397 399 403 409 411 413 415 417 421 423 425 429 433 435 437 439 443 445 447 449 451 453 455 457 461 463 465 467 469 471 473 475 481 485 487 489 491 493 497 499 501 505 509 511 513 517 519 521 523 525 527 531 533 537 541 543 547 549 551 553 555 557 559 563 565 567 571 573 575 577 579 581 583 585 587 589 591 593 595 597 599 601 603 605 607 609 611 613 615 617 619 621 623 625 627 629 631 633 635 637 639 641 683 695 703 721 729 
191 1 3 5 7 9 11 13 15 19 25 29 31 33 37 39 41 45 51 53 55 57 59 61 63 65 67 69 71 73 75 77 79 81 83 85 87 89 91 93 95 97 99 101 103 105 107 109 111 113 115 117 121 123 125 127 129 131 133 135 137 139 141 143 145 147 149 151 155 157 159 161 163 165 167 169 171 173 241 259 269 273 275 277 285 287 295 301 315 331 367 371 373 377 379 397 399 409 413 425 429 435 437 439 443 449 451 457 463 473 491 493 497 501 505 511 519 521 523 525 531 537 547 549 555 557 565 573 575 579 581 587 589 591 593 595 599 601 603 611 617 621 623 625 627 629 631 635 637 639 641 643 645 647 649 655 657 661 667 669 671 677 683 685 687 689 693 695 697 699 703 705 709 713 715 719 721 723 725 727 729 733 735 737 739 741 745 747 749 751 753 755 
200 1 3 5 7 13 31 33 37 45 53 57 61 63 65 67 69 75 79 81 87 89 91 95 97 99 105 107 109 113 117 121 123 127 131 137 141 143 145 149 151 155 159 161 163 167 169 171 173 175 177 179 181 183 185 189 191 193 195 197 203 207 209 211 213 215 217 219 221 223 225 227 233 235 237 239 241 243 245 247 251 253 255 259 261 263 267 269 271 273 275 277 279 281 283 285 287 289 293 295 297 299 301 305 307 309 311 313 315 317 319 323 325 327 329 331 333 335 339 341 343 345 347 349 351 353 357 359 361 363 365 367 369 371 373 375 377 379 381 383 385 387 389 391 393 395 397 399 403 405 407 409 411 413 415 417 419 421 423 425 429 505 511 521 531 547 557 573 575 579 581 587 589 591 603 621 623 627 629 635 643 647 649 655 657 661 683 685 687 695 697 703 705 721 723 729 745 747 749 753 755 
190 1 3 5 7 9 11 13 15 17 19 21 25 27 29 31 33 35 37 39 41 43 45 63 143 145 151 173 203 209 217 219 225 241 243 259 261 269 273 275 277 281 285 287 289 293 295 297 301 305 313 315 331 341 343 357 359 363 367 371 373 377 379 385 397 399 403 409 411 413 425 429 433 435 437 439 443 445 447 449 451 453 457 461 463 465 471 473 485 487 489 491 493 497 499 501 505 511 513 519 521 523 525 531 537 541 547 549 551 553 555 557 565 567 573 575 577 579 581 585 587 589 591 593 595 599 601 603 605 611 613 617 621 623 625 627 629 631 633 635 637 639 641 643 645 647 649 651 655 657 661 667 669 671 675 677 679 681 683 685 687 689 693 695 697 699 703 705 709 711 713 715 719 721 723 725 727 729 731 733 735 737 739 741 743 745 747 749 751 753 755 
192 1 3 5 7 9 11 13 15 17 19 21 25 27 29 31 33 63 81 143 145 151 173 203 209 215 217 219 225 241 243 259 261 269 273 275 277 281 283 285 287 289 293 295 297 301 305 313 315 317 325 331 341 343 357 359 363 367 371 373 377 379 385 397 399 403 409 411 413 421 425 429 433 435 437 439 443 445 447 449 451 453 457 461 463 465 471 473 481 485 487 489 491 493 497 499 501 505 511 513 519 521 523 525 531 537 541 547 549 551 553 555 557 565 567 573 575 577 579 581 585 587 589 591 593 595 599 601 603 605 611 613 617 621 623 625 627 629 631 633 635 637 639 641 643 645 647 649 651 655 657 661 667 669 671 675 677 679 681 683 685 687 689 693 695 697 699 701 703 705 709 711 713 715 719 721 723 725 727 729 731 733 735 737 739 741 743 745 747 749 751 753 755 
191 1 3 7 13 33 45 61 63 67 69 75 81 87 89 95 97 105 107 109 113 117 123 127 131 137 141 143 145 149 151 155 159 161 163 167 173 181 183 189 193 195 197 203 209 213 215 217 219 221 223 225 227 235 237 239 241 243 245 251 253 255 259 261 269 271 273 275 277 279 281 283 285 287 289 293 295 297 299 301 305 309 313 315 317 319 323 325 327 329 331 333 341 343 345 347 349 351 353 357 359 361 363 367 369 371 373 375 377 379 381 385 387 391 395 397 399 403 405 407 409 411 413 415 417 421 423 425 427 429 431 433 435 437 439 443 445 447 449 451 453 455 457 461 463 465 467 469 471 473 475 481 483 485 487 489 491 493 497 499 501 503 505 507 509 511 513 515 517 519 521 531 557 575 579 603 627 635 649 657 661 683 685 695 697 703 721 723 729 745 747 749 
195 1 3 5 7 9 11 13 15 25 29 31 33 37 39 41 45 53 55 57 59 61 63 65 67 69 71 75 77 79 81 85 87 89 91 93 95 97 99 101 103 105 107 109 111 113 115 117 121 123 125 127 129 131 133 135 137 139 141 143 145 149 151 155 159 161 163 167 169 171 173 175 177 179 181 183 185 189 191 193 195 197 199 201 203 205 207 209 211 213 215 217 219 221 223 225 227 229 231 233 235 237 239 241 243 277 285 301 371 373 377 379 397 425 429 435 437 439 443 449 451 473 493 497 501 505 511 519 521 525 531 537 547 549 555 557 573 575 579 581 587 589 591 593 595 599 601 603 617 621 623 625 627 629 631 635 639 641 643 645 647 649 655 657 661 667 669 671 683 685 687 689 693 695 697 699 703 705 713 715 719 721 723 725 727 729 735 737 739 741 745 747 749 751 753 755 
195 1 3 5 7 9 13 25 31 33 37 39 41 45 53 55 57 59 61 63 65 67 69 71 75 77 79 81 87 89 91 93 95 97 99 101 103 105 107 109 113 115 117 121 123 125 127 129 131 135 137 139 141 143 145 149 151 155 159 161 163 167 169 171 173 175 177 179 181 183 185 189 191 193 195 197 201 203 205 207 209 211 213 215 217 219 221 223 225 227 229 231 233 235 237 239 241 243 245 247 249 251 253 255 259 261 263 265 267 269 271 273 275 277 279 281 283 285 287 289 291 293 295 297 299 301 303 305 307 309 311 313 371 397 429 435 449 451 497 501 505 511 521 531 547 549 555 557 573 575 579 581 587 589 591 593 595 599 603 621 623 625 627 629 635 641 643 647 649 655 657 661 667 671 683 685 687 693 695 697 699 703 705 719 721 723 725 727 729 741 745 747 749 751 753 755 
190 3 7 13 33 45 61 63 67 75 81 89 95 97 105 109 113 117 123 127 131 141 143 145 151 155 159 161 163 173 181 183 189 197 203 209 213 215 217 219 221 223 225 227 235 237 239 241 243 245 253 255 259 261 269 273 275 277 279 281 283 285 287 289 293 295 297 299 301 305 309 313 315 317 319 323 325 331 333 341 343 345 349 351 353 357 359 361 363 367 369 371 373 377 379 381 385 387 391 395 397 399 403 409 411 413 415 417 421 423 425 427 429 433 435 437 439 443 445 447 449 451 453 455 457 461 463 465 467 469 471 473 475 481 483 485 487 489 491 493 497 499 501 503 505 507 509 511 513 515 517 519 521 523 525 527 531 533 535 537 541 543 547 549 551 553 555 557 559 561 563 565 567 569 571 573 575 577 579 649 657 683 695 697 703 721 723 729 745 747 749 
196 13 33 45 61 63 67 75 81 89 95 97 109 113 117 123 131 141 143 145 151 155 159 161 163 173 181 183 189 197 203 209 213 215 217 219 221 223 225 227 235 237 239 241 243 253 255 259 261 269 273 275 277 279 281 283 285 287 289 293 295 297 301 305 309 313 315 317 319 323 325 331 333 341 343 345 349 351 357 359 361 363 367 369 371 373 377 379 381 385 391 395 397 399 403 409 411 413 415 417 421 423 425 429 433 435 437 439 443 445 447 449 451 453 455 457 461 463 465 467 469 471 473 475 481 483 485 487 489 491 493 497 499 501 505 509 511 513 517 519 521 523 525 527 531 533 535 537 541 543 547 549 551 553 555 557 559 563 565 567 569 571 573 575 577 579 581 583 585 587 589 591 593 595 597 599 601 603 605 607 609 611 613 615 617 619 621 623 625 627 629 657 683 695 703 721 729 
184 1 3 5 7 9 11 13 15 17 19 25 29 31 33 35 37 39 41 45 47 49 51 53 55 57 59 61 63 65 67 69 71 73 75 77 79 81 83 85 87 89 91 93 95 97 143 173 209 217 225 241 259 269 273 275 277 281 285 287 293 295 301 305 313 315 331 343 359 363 367 371 373 377 379 385 397 399 409 411 413 425 429 435 437 439 443 445 447 449 451 453 457 463 465 473 485 487 491 493 497 499 501 505 511 519 521 523 525 531 537 547 549 555 557 565 567 573 575 577 579 581 585 587 589 591 593 595 599 601 603 611 617 621 623 625 627 629 631 635 637 639 641 643 645 647 649 655 657 661 667 669 671 675 677 683 685 687 689 693 695 697 699 703 705 709 713 715 719 721 723 725 727 729 733 735 737 739 741 745 747 749 751 753 755 
192 3 7 13 33 45 61 63 67 75 81 89 95 97 105 109 113 117 123 127 131 141 143 145 151 155 159 161 163 173 181 183 189 197 203 209 213 215 217 219 221 223 225 227 235 237 239 241 243 245 253 255 259 261 269 273 275 277 279 281 283 285 287 289 293 295 297 299 301 305 309 313 315 317 319 323 325 331 333 341 343 345 349 351 353 357 359 361 363 367 369 371 373 377 379 381 385 387 391 395 397 399 403 409 411 413 415 417 421 423 425 427 429 433 435 437 439 443 445 447 449 451 453 455 457 461 463 465 467 469 471 473 475 481 483 485 487 489 491 493 497 499 501 503 505 509 511 513 515 517 519 521 523 525 527 531 533 535 537 541 543 547 549 551 553 555 557 559 561 563 565 567 569 571 573 575 577 579 581 583 585 587 589 591 649 657 683 695 697 703 721 729 749 
190 1 3 5 7 9 11 13 15 25 29 31 33 37 39 41 45 53 55 57 59 61 63 65 67 69 71 75 77 79 81 83 85 87 89 91 93 95 97 99 101 103 105 107 109 111 113 115 117 121 123 125 127 129 131 133 135 137 139 141 143 145 149 151 155 159 161 163 167 169 171 173 175 177 179 181 183 185 189 191 193 195 197 199 201 203 205 207 209 211 213 215 217 219 221 223 225 227 229 277 285 301 371 373 377 379 397 409 425 429 435 437 439 443 449 451 473 493 497 501 505 511 519 521 525 531 537 547 549 555 557 573 575 579 581 587 589 591 593 595 599 601 603 617 621 623 625 627 629 631 635 639 641 643 645 647 649 655 657 661 667 669 671 683 685 687 689 693 695 697 699 703 705 713 715 719 721 723 725 727 729 735 737 739 741 745 747 749 751 753 755 
191 1 3 5 7 9 11 13 15 17 19 21 25 27 29 31 33 63 81 143 145 151 173 203 209 217 219 225 241 243 259 261 269 273 275 277 281 283 285 287 289 293 295 297 301 305 313 315 317 325 331 341 343 357 359 363 367 371 373 377 379 385 397 399 403 409 411 413 421 425 429 433 435 437 439 443 445 447 449 451 453 457 461 463 465 471 473 481 485 487 489 491 493 497 499 501 505 511 513 519 521 523 525 531 537 541 547 549 551 553 555 557 565 567 573 575 577 579 581 585 587 589 591 593 595 599 601 603 605 611 613 617 621 623 625 627 629 631 633 635 637 639 641 643 645 647 649 651 655 657 661 667 669 671 675 677 679 681 683 685 687 689 693 695 697 699 701 703 705 709 711 713 715 719 721 723 725 727 729 731 733 735 737 739 741 743 745 747 749 751 753 755 
194 1 3 5 7 13 31 33 37 45 57 61 63 65 67 69 75 79 81 87 89 91 95 97 99 105 107 109 113 117 121 123 127 131 137 141 143 145 149 151 155 159 161 163 167 171 173 177 181 183 189 193 195 197 203 207 209 211 213 215 217 219 221 223 225 227 233 235 237 239 241 243 245 247 251 253 255 259 261 263 267 269 271 273 275 277 279 281 283 285 287 289 293 295 297 299 301 305 309 311 313 315 317 319 323 325 327 329 331 333 341 343 345 347 349 351 353 357 359 361 363 367 369 371 373 375 377 379 381 385 387 391 395 397 399 403 405 407 409 411 413 415 417 421 423 425 427 429 431 433 435 437 439 443 445 447 449 451 453 455 457 459 461 463 511 531 557 573 575 579 581 587 589 603 621 627 635 649 655 657 661 683 685 687 695 697 703 721 723 729 745 747 749 753 755 
193 1 3 5 7 9 11 13 15 17 19 21 25 27 29 31 33 35 37 39 41 43 45 47 49 51 63 143 145 151 173 203 209 217 219 225 241 243 259 261 269 273 275 277 281 285 287 289 293 295 297 301 305 313 315 331 341 343 357 359 363 367 371 373 377 379 385 397 399 403 409 411 413 425 429 433 435 437 439 443 445 447 449 451 453 457 461 463 465 471 473 485 487 489 491 493 497 499 501 505 511 513 519 521 523 525 531 537 541 547 549 551 553 555 557 565 567 573 575 577 579 581 585 587 589 591 593 595 599 601 603 605 611 613 617 621 623 625 627 629 631 633 635 637 639 641 643 645 647 649 651 655 657 661 667 669 671 675 677 679 681 683 685 687 689 693 695 697 699 703 705 709 711 713 715 719 721 723 725 727 729 731 733 735 737 739 741 743 745 747 749 751 753 755 
193 1 3 5 7 9 11 13 15 17 19 61 63 81 97 143 145 151 173 189 203 209 215 217 219 225 241 243 259 261 269 273 275 277 281 283 285 287 289 293 295 297 301 305 309 313 315 317 325 331 341 343 357 359 363 367 371 373 377 379 381 385 397 399 403 409 411 413 421 425 429 433 435 437 439 443 445 447 449 451 453 457 461 463 465 471 473 481 485 487 489 491 493 497 499 501 505 511 513 519 521 523 525 531 537 541 547 549 551 553 555 557 565 567 573 575 577 579 581 585 587 589 591 593 595 599 601 603 605 609 611 613 617 621 623 625 627 629 631 633 635 637 639 641 643 645 647 649 651 655 657 661 667 669 671 675 677 679 681 683 685 687 689 691 693 695 697 699 701 703 705 709 711 713 715 719 721 723 725 727 729 731 733 735 737 739 741 743 745 747 749 751 753 755 
192 1 3 5 7 9 11 13 15 25 29 31 33 37 39 41 45 53 55 57 59 61 63 65 67 69 71 75 77 79 81 83 85 87 89 91 93 95 97 99 101 103 105 107 109 111 113 115 117 121 123 125 127 129 131 133 135 137 139 141 143 145 149 151 155 159 161 163 167 169 171 173 175 177 179 181 183 185 189 191 193 195 197 199 201 203 205 207 209 211 213 215 217 219 221 223 225 227 229 231 233 277 285 301 371 373 377 379 397 409 425 429 435 437 439 443 449 451 473 493 497 501 505 511 519 521 525 531 537 547 549 555 557 573 575 579 581 587 589 591 593 595 599 601 603 617 621 623 625 627 629 631 635 639 641 643 645 647 649 655 657 661 667 669 671 683 685 687 689 693 695 697 699 703 705 713 715 719 721 723 725 727 729 735 737 739 741 745 747 749 751 753 755 
191 1 3 5 7 9 11 13 15 19 25 29 31 33 37 39 41 45 51 53 55 57 59 61 63 65 67 69 71 73 75 77 79 81 83 85 87 89 91 93 95 97 99 101 103 105 107 109 111 113 115 117 121 123 125 127 129 131 133 135 137 139 141 143 145 147 149 151 155 157 159 161 163 165 167 241 259 269 273 275 277 285 287 295 301 315 331 367 371 373 377 379 397 399 409 413 425 429 435 437 439 443 449 451 453 457 463 473 487 491 493 497 501 505 511 519 521 523 525 531 537 547 549 555 557 565 573 575 577 579 581 587 589 591 593 595 599 601 603 611 617 621 623 625 627 629 631 635 637 639 641 643 645 647 649 655 657 661 667 669 671 677 683 685 687 689 693 695 697 699 703 705 709 713 715 719 721 723 725 727 729 733 735 737 739 741 745 747 749 751 753 755 
191 61 63 67 75 81 89 97 143 145 151 163 173 181 189 203 209 215 217 219 223 225 235 241 243 253 259 261 269 273 275 277 281 283 285 287 289 293 295 297 301 305 309 313 315 317 325 331 341 343 349 351 357 359 363 367 371 373 377 379 381 385 397 399 403 409 411 413 421 423 425 429 433 435 437 439 443 445 447 449 451 453 455 457 461 463 465 469 471 473 475 481 485 487 489 491 493 497 499 501 505 509 511 513 519 521 523 525 531 533 537 541 547 549 551 553 555 557 565 567 573 575 577 579 581 585 587 589 591 593 595 597 599 601 603 605 609 611 613 617 619 621 623 625 627 629 631 633 635 637 639 641 643 645 647 649 651 655 657 661 667 669 671 675 677 679 681 683 685 687 689 691 693 695 697 699 701 703 705 707 709 711 713 715 717 719 721 723 725 727 729 731 
192 3 7 13 33 45 61 63 67 75 81 89 95 97 105 109 113 117 123 127 131 141 143 145 151 155 159 161 163 173 181 183 189 193 197 203 209 213 215 217 219 221 223 225 227 235 237 239 241 243 245 253 255 259 261 269 273 275 277 279 281 283 285 287 289 293 295 297 299 301 305 309 313 315 317 319 323 325 331 333 341 343 345 349 351 353 357 359 361 363 367 369 371 373 377 379 381 385 387 391 395 397 399 403 409 411 413 415 417 421 423 425 427 429 433 435 437 439 443 445 447 449 451 453 455 457 461 463 465 467 469 471 473 475 481 483 485 487 489 491 493 497 499 501 503 505 507 509 511 513 515 517 519 521 523 525 527 531 533 535 537 541 543 547 549 551 553 555 557 559 561 563 565 567 569 571 573 575 577 579 635 649 657 683 695 697 703 721 723 729 745 747 749 
197 13 33 45 61 63 67 75 81 89 95 97 109 113 117 123 131 141 143 145 151 155 159 161 163 173 181 183 189 197 203 209 215 217 219 221 223 225 227 235 237 239 241 243 253 255 259 261 269 273 275 277 281 283 285 287 289 293 295 297 301 305 309 313 315 317 319 323 325 331 333 341 343 345 349 351 357 359 361 363 367 369 371 373 377 379 381 385 391 395 397 399 403 409 411 413 415 417 421 423 425 429 433 435 437 439 443 445 447 449 451 453 455 457 461 463 465 467 469 471 473 475 481 485 487 489 491 493 497 499 501 505 509 511 513 517 519 521 523 525 527 531 533 537 541 543 547 549 551 553 555 557 559 563 565 567 571 573 575 577 579 581 583 585 587 589 591 593 595 597 599 601 603 605 607 609 611 613 617 619 621 623 625 627 629 631 633 635 637 639 641 643 645 683 695 703 721 729 
194 33 45 61 63 67 75 81 89 95 97 109 113 123 131 141 143 145 151 155 159 163 173 181 189 197 203 209 215 217 219 221 223 225 227 235 237 241 243 253 255 259 261 269 273 275 277 281 283 285 287 289 293 295 297 301 305 309 313 315 317 319 323 325 331 333 341 343 349 351 357 359 361 363 367 371 373 377 379 381 385 391 395 397 399 403 409 411 413 417 421 423 425 429 433 435 437 439 443 445 447 449 451 453 455 457 461 463 465 467 469 471 473 475 481 485 487 489 491 493 497 499 501 505 509 511 513 517 519 521 523 525 531 533 537 541 543 547 549 551 553 555 557 559 563 565 567 571 573 575 577 579 581 583 585 587 589 591 593 595 597 599 601 603 605 607 609 611 613 617 619 621 623 625 627 629 631 633 635 637 639 641 643 645 647 649 651 653 655 657 683 695 703 721 729 
193 1 3 5 7 9 11 13 15 17 19 21 25 27 29 31 33 35 37 39 41 43 45 47 49 51 63 143 145 151 173 203 209 217 219 225 241 243 259 261 269 273 275 277 281 285 287 289 293 295 297 301 305 313 315 331 341 343 357 359 363 367 371 373 377 379 385 397 399 403 409 411 413 425 429 433 435 437 439 443 445 447 449 451 453 457 461 463 465 471 473 485 487 489 491 493 497 499 501 505 511 513 519 521 523 525 531 537 541 547 549 551 553 555 557 565 567 573 575 577 579 581 585 587 589 591 593 595 599 601 603 605 611 613 617 621 623 625 627 629 631 633 635 637 639 641 643 645 647 649 651 655 657 661 667 669 671 675 677 679 681 683 685 687 689 693 695 697 699 703 705 709 711 713 715 719 721 723 725 727 729 731 733 735 737 739 741 743 745 747 749 751 753 755 
191 1 3 5 7 9 11 13 15 17 19 21 25 29 31 33 35 37 39 41 43 45 47 49 51 53 55 57 59 61 63 65 67 143 151 173 203 209 217 225 241 243 259 261 269 273 275 277 281 285 287 289 293 295 297 301 305 313 315 331 341 343 357 359 363 367 371 373 377 379 385 397 399 409 411 413 425 429 435 437 439 443 445 447 449 451 453 457 461 463 465 473 485 487 489 491 493 497 499 501 505 511 513 519 521 523 525 531 537 547 549 551 553 555 557 565 567 573 575 577 579 581 585 587 589 591 593 595 599 601 603 611 613 617 621 623 625 627 629 631 633 635 637 639 641 643 645 647 649 651 655 657 661 667 669 671 675 677 679 681 683 685 687 689 693 695 697 699 703 705 709 711 713 715 719 721 723 725 727 729 733 735 737 739 741 743 745 747 749 751 753 755 
190 1 3 5 7 9 11 13 15 17 19 21 25 29 31 33 35 37 39 41 43 45 47 49 51 53 55 57 59 61 63 65 67 69 143 151 173 203 209 217 225 241 243 259 261 269 273 275 277 281 285 287 289 293 295 297 301 305 313 315 331 341 343 357 359 363 367 371 373 377 379 385 397 399 409 411 413 425 429 435 437 439 443 445 447 449 451 453 457 461 463 465 473 485 487 489 491 493 497 499 501 505 511 519 521 523 525 531 537 547 549 551 553 555 557 565 567 573 575 577 579 581 585 587 589 591 593 595 599 601 603 611 613 617 621 623 625 627 629 631 633 635 637 639 641 643 645 647 649 651 655 657 661 667 669 671 675 677 681 683 685 687 689 693 695 697 699 703 705 709 711 713 715 719 721 723 725 727 729 733 735 737 739 741 743 745 747 749 751 753 755 
195 13 33 45 61 63 67 75 81 89 95 97 109 113 117 123 131 141 143 145 151 155 159 161 163 173 181 183 189 197 203 209 213 215 217 219 221 223 225 227 235 237 239 241 243 253 255 259 261 269 273 275 277 279 281 283 285 287 289 293 295 297 301 305 309 313 315 317 319 323 325 331 333 341 343 345 349 351 357 359 361 363 367 369 371 373 377 379 381 385 391 395 397 399 403 409 411 413 415 417 421 423 425 429 433 435 437 439 443 445 447 449 451 453 455 457 461 463 465 467 469 471 473 475 481 483 485 487 489 491 493 497 499 501 505 509 511 513 517 519 521 523 525 527 531 533 535 537 541 543 547 549 551 553 555 557 559 563 565 567 569 571 573 575 577 579 581 583 585 587 589 591 593 595 597 599 601 603 605 607 609 611 613 615 617 619 621 623 625 627 657 683 695 703 721 729 
194 1 3 5 7 9 11 13 15 25 29 31 33 37 39 41 45 53 55 57 59 61 63 65 67 69 71 75 77 79 81 83 85 87 89 91 93 95 97 99 101 103 105 107 109 111 113 115 117 121 123 125 127 129 131 133 135 137 139 141 143 145 149 151 155 159 161 163 167 169 171 173 175 177 179 181 183 185 189 191 193 195 197 199 201 203 205 207 209 211 213 215 217 219 221 223 225 227 229 231 233 235 237 239 277 285 301 371 373 377 379 397 425 429 435 437 439 443 449 451 473 493 497 501 505 511 519 521 525 531 537 547 549 555 557 573 575 579 581 587 589 591 593 595 599 601 603 617 621 623 625 627 629 631 635 639 641 643 645 647 649 655 657 661 667 669 671 683 685 687 689 693 695 697 699 703 705 713 715 719 721 723 725 727 729 735 737 739 741 745 747 749 751 753 755 
203 1 3 5 7 9 13 31 33 37 45 53 55 57 61 63 65 67 69 75 79 81 87 89 91 93 95 97 99 101 105 107 109 113 115 117 121 123 127 131 137 139 141 143 145 149 151 155 159 161 163 167 169 171 173 175 177 179 181 183 185 189 191 193 195 197 201 203 207 209 211 213 215 217 219 221 223 225 227 233 235 237 239 241 243 245 247 251 253 255 259 261 263 265 267 269 271 273 275 277 279 281 283 285 287 289 293 295 297 299 301 303 305 307 309 311 313 315 317 319 321 323 325 327 329 331 333 335 339 341 343 345 347 349 351 353 355 357 359 361 363 365 367 369 371 373 375 377 379 381 383 385 429 451 497 501 505 511 521 531 547 549 557 573 575 579 581 587 589 591 603 621 623 627 629 635 641 643 647 649 655 657 661 667 671 683 685 687 693 695 697 703 705 721 723 725 729 741 745 747 749 751 753 755 
196 33 45 61 63 67 75 81 89 95 97 123 141 143 145 151 163 173 181 189 197 203 209 215 217 219 221 223 225 227 235 241 243 253 259 261 269 273 275 277 281 283 285 287 289 293 295 297 301 305 309 313 315 317 319 323 325 331 341 343 349 351 357 359 361 363 367 371 373 377 379 381 385 391 395 397 399 403 409 411 413 417 421 423 425 429 433 435 437 439 443 445 447 449 451 453 455 457 461 463 465 467 469 471 473 475 481 485 487 489 491 493 497 499 501 505 509 511 513 519 521 523 525 531 533 537 541 543 547 549 551 553 555 557 563 565 567 573 575 577 579 581 585 587 589 591 593 595 597 599 601 603 605 607 609 611 613 617 619 621 623 625 627 629 631 633 635 637 639 641 643 645 647 649 651 653 655 657 661 667 669 671 673 675 677 679 681 683 685 687 689 691 693 695 697 703 729 
193 7 13 33 45 61 63 67 75 81 89 95 97 109 113 117 123 131 141 143 145 151 155 159 161 163 173 181 183 189 197 203 209 213 215 217 219 221 223 225 227 235 237 239 241 243 253 255 259 261 269 273 275 277 279 281 283 285 287 289 293 295 297 301 305 309 313 315 317 319 323 325 331 333 341 343 345 349 351 357 359 361 363 367 369 371 373 377 379 381 385 391 395 397 399 403 409 411 413 415 417 421 423 425 429 433 435 437 439 443 445 447 449 451 453 455 457 461 463 465 467 469 471 473 475 481 483 485 487 489 491 493 497 499 501 505 509 511 513 517 519 521 523 525 527 531 533 535 537 541 543 547 549 551 553 555 557 559 563 565 567 569 571 573 575 577 579 581 583 585 587 589 591 593 595 597 599 601 603 605 607 609 611 613 615 617 619 621 657 683 695 703 721 729 
187 1 3 5 7 9 11 13 15 25 29 31 33 37 39 41 45 51 53 55 57 59 61 63 65 67 69 71 75 77 79 81 83 85 87 89 91 93 95 97 99 101 103 105 107 109 111 113 115 117 121 123 125 127 129 131 133 135 137 139 141 143 145 149 151 155 159 161 163 167 169 171 173 175 177 179 181 183 185 187 189 191 193 195 197 199 201 203 205 207 209 269 273 277 285 301 371 373 377 379 397 409 425 429 435 437 439 443 449 451 457 473 493 497 501 505 511 519 521 525 531 537 547 549 555 557 565 573 575 579 581 587 589 591 593 595 599 601 603 617 621 623 625 627 629 631 635 639 641 643 645 647 649 655 657 661 667 669 671 683 685 687 689 693 695 697 699 703 705 709 713 715 719 721 723 725 727 729 735 737 739 741 745 747 749 751 753 755 
187 1 3 5 7 9 11 13 15 19 25 29 31 33 37 39 41 45 51 53 55 57 59 61 63 65 67 69 71 73 75 77 79 81 83 85 87 89 91 93 95 97 99 101 103 105 107 109 111 113 115 117 121 123 125 127 129 131 133 135 137 139 141 143 145 147 149 151 153 155 241 259 269 273 275 277 285 287 295 301 315 331 367 371 373 377 379 385 397 399 409 413 425 429 435 437 439 443 449 451 453 457 463 473 487 491 493 497 501 505 511 519 521 523 525 531 537 547 549 555 557 565 573 575 577 579 581 587 589 591 593 595 599 601 603 611 617 621 623 625 627 629 631 635 637 639 641 643 645 647 649 655 657 661 667 669 671 677 683 685 687 689 693 695 697 699 703 705 709 713 715 719 721 723 725 727 729 733 735 737 739 741 745 747 749 751 753 755 
199 1 3 5 7 9 13 31 33 37 39 41 45 53 55 57 59 61 63 65 67 69 75 77 79 81 87 89 91 93 95 97 99 101 105 107 109 113 115 117 121 123 127 131 137 139 141 143 145 149 151 155 159 161 163 167 169 171 173 175 177 179 181 183 185 189 191 193 195 197 201 203 205 207 209 211 213 215 217 219 221 223 225 227 233 235 237 239 241 243 245 247 251 253 255 259 261 263 265 267 269 271 273 275 277 279 281 283 285 287 289 293 295 297 299 301 303 305 307 309 311 313 315 317 319 321 323 325 327 329 331 333 335 337 339 341 343 345 347 349 351 353 355 371 429 435 449 451 497 501 505 511 521 531 547 549 557 573 575 579 581 587 589 591 595 603 621 623 627 629 635 641 643 647 649 655 657 661 667 671 683 685 687 693 695 697 699 703 705 721 723 725 729 741 745 747 749 751 753 755 
193 1 3 5 7 9 11 13 15 25 29 31 33 37 39 41 45 53 55 57 59 61 63 65 67 69 71 75 77 79 81 85 87 89 91 93 95 97 99 101 103 105 107 109 113 115 117 121 123 125 127 129 131 133 135 137 139 141 143 145 149 151 155 159 161 163 167 169 171 173 175 177 179 181 183 185 189 191 193 195 197 201 203 205 207 209 211 213 215 217 219 221 223 225 227 229 231 233 235 237 239 241 243 245 247 249 251 253 255 257 259 261 285 301 371 373 377 379 397 429 435 443 449 451 473 497 501 505 511 519 521 531 537 547 549 555 557 573 575 579 581 587 589 591 593 595 599 601 603 617 621 623 625 627 629 631 635 641 643 645 647 649 655 657 661 667 669 671 683 685 687 689 693 695 697 699 703 705 713 715 719 721 723 725 727 729 739 741 745 747 749 751 753 755 
195 1 3 5 7 13 31 33 37 45 57 61 63 65 67 69 75 79 81 87 89 91 95 97 99 105 107 109 113 117 121 123 127 131 137 141 143 145 149 151 155 159 161 163 167 171 173 177 181 183 189 193 195 197 203 207 209 213 215 217 219 221 223 225 227 233 235 237 239 241 243 245 247 251 253 255 259 261 263 267 269 271 273 275 277 279 281 283 285 287 289 293 295 297 299 301 305 309 311 313 315 317 319 323 325 327 329 331 333 341 343 345 347 349 351 353 357 359 361 363 367 369 371 373 375 377 379 381 385 387 391 395 397 399 403 405 407 409 411 413 415 417 421 423 425 427 429 431 433 435 437 439 443 445 447 449 451 453 455 457 459 461 463 465 467 469 471 531 557 573 575 579 587 589 603 621 627 635 649 655 657 661 683 685 687 695 697 703 721 723 729 745 747 749 753 755 
196 61 63 75 81 89 97 143 145 151 163 173 181 189 203 209 215 217 219 225 235 241 243 259 261 269 273 275 277 281 283 285 287 289 293 295 297 301 305 309 313 315 317 325 331 341 343 349 357 359 363 367 371 373 377 379 381 385 397 399 403 409 411 413 421 423 425 429 433 435 437 439 443 445 447 449 451 453 457 461 463 465 469 471 473 475 481 485 487 489 491 493 497 499 501 505 509 511 513 519 521 523 525 531 533 537 541 547 549 551 553 555 557 565 567 573 575 577 579 581 585 587 589 591 593 595 597 599 601 603 605 609 611 613 617 621 623 625 627 629 631 633 635 637 639 641 643 645 647 649 651 655 657 661 667 669 671 675 677 679 681 683 685 687 689 691 693 695 697 699 701 703 705 707 709 711 713 715 717 719 721 723 725 727 729 731 733 735 737 739 741 743 745 747 749 751 753 
191 1 3 5 7 9 11 13 25 31 33 37 39 41 45 53 55 57 59 61 63 65 67 69 71 75 77 79 81 87 89 91 93 95 97 99 101 103 105 107 109 113 115 117 121 123 125 127 129 131 133 135 137 139 141 143 145 149 151 155 159 161 163 167 169 171 173 175 177 179 181 183 185 189 191 193 195 197 201 203 205 207 209 211 213 215 217 219 221 223 225 227 229 231 233 235 237 239 241 243 245 247 249 251 253 255 257 259 261 263 265 267 269 271 273 275 277 279 281 371 373 379 397 429 435 443 449 451 473 497 501 505 511 519 521 531 537 547 549 555 557 573 575 579 581 587 589 591 593 595 599 603 621 623 625 627 629 635 641 643 647 649 655 657 661 667 671 683 685 687 689 693 695 697 699 703 705 713 715 719 721 723 725 727 729 741 745 747 749 751 753 755 
192 1 3 5 7 9 13 25 31 33 37 39 41 45 53 55 57 59 61 63 65 67 69 71 75 77 79 81 87 89 91 93 95 97 99 101 103 105 107 109 113 115 117 121 123 125 127 129 131 135 137 139 141 143 145 149 151 155 159 161 163 167 169 171 173 175 177 179 181 183 185 189 191 193 195 197 201 203 205 207 209 211 213 215 217 219 221 223 225 227 229 231 233 235 237 239 241 243 245 247 249 251 253 255 257 259 261 263 265 267 269 271 273 275 277 279 281 283 285 287 289 291 371 373 379 397 429 435 449 451 473 497 501 505 511 521 531 537 547 549 555 557 573 575 579 581 587 589 591 593 595 599 603 621 623 625 627 629 635 641 643 647 649 655 657 661 667 671 683 685 687 689 693 695 697 699 703 705 713 715 719 721 723 725 727 729 741 745 747 749 751 753 755 
194 33 61 63 67 75 81 89 97 123 141 143 145 151 163 173 181 189 203 209 215 217 219 223 225 235 241 243 253 259 261 269 273 275 277 281 283 285 287 289 293 295 297 301 305 309 313 315 317 323 325 331 341 343 349 351 357 359 361 363 367 371 373 377 379 381 385 395 397 399 403 409 411 413 421 423 425 429 433 435 437 439 443 445 447 449 451 453 455 457 461 463 465 469 471 473 475 481 485 487 489 491 493 497 499 501 505 509 511 513 519 521 523 525 531 533 537 541 543 547 549 551 553 555 557 565 567 573 575 577 579 581 585 587 589 591 593 595 597 599 601 603 605 607 609 611 613 617 619 621 623 625 627 629 631 633 635 637 639 641 643 645 647 649 651 653 655 657 661 667 669 671 673 675 677 679 681 683 685 687 689 691 693 695 697 699 701 703 705 707 709 711 713 715 717 
193 1 3 5 7 9 11 13 15 19 25 29 31 33 37 39 41 45 51 53 55 57 59 61 63 65 67 69 71 73 75 77 79 81 83 85 87 89 91 93 95 97 99 101 103 105 107 109 111 113 115 117 121 123 125 127 129 131 133 135 137 139 141 143 145 147 149 151 155 157 159 161 163 165 167 169 171 173 175 177 179 181 183 185 187 241 269 273 275 277 285 287 295 301 315 331 371 373 377 379 397 409 413 425 429 435 437 439 443 449 451 457 463 473 493 497 501 505 511 519 521 523 525 531 537 547 549 555 557 565 573 575 579 581 587 589 591 593 595 599 601 603 611 617 621 623 625 627 629 631 635 639 641 643 645 647 649 655 657 661 667 669 671 677 683 685 687 689 693 695 697 699 703 705 709 713 715 719 721 723 725 727 729 733 735 737 739 741 745 747 749 751 753 755 
193 61 63 75 81 89 97 143 145 151 163 173 181 189 203 209 215 217 219 225 235 241 243 259 261 269 273 275 277 281 283 285 287 289 293 295 297 301 305 309 313 315 317 325 331 341 343 349 351 357 359 363 367 371 373 377 379 381 385 397 399 403 409 411 413 421 423 425 429 433 435 437 439 443 445 447 449 451 453 457 461 463 465 469 471 473 475 481 485 487 489 491 493 497 499 501 505 509 511 513 519 521 523 525 531 533 537 541 547 549 551 553 555 557 565 567 573 575 577 579 581 585 587 589 591 593 595 597 599 601 603 605 609 611 613 617 621 623 625 627 629 631 633 635 637 639 641 643 645 647 649 651 655 657 661 667 669 671 675 677 679 681 683 685 687 689 691 693 695 697 699 701 703 705 707 709 711 713 715 717 719 721 723 725 727 729 731 733 735 737 739 741 743 745 
187 1 3 7 13 33 45 61 63 67 69 75 81 89 95 97 105 107 109 113 117 123 127 131 137 141 143 145 149 151 155 159 161 163 167 173 181 183 189 193 197 203 209 213 215 217 219 221 223 225 227 235 237 239 241 243 245 251 253 255 259 261 269 271 273 275 277 279 281 283 285 287 289 293 295 297 299 301 305 309 313 315 317 319 323 325 329 331 333 341 343 345 349 351 353 357 359 361 363 367 369 371 373 375 377 379 381 385 387 391 395 397 399 403 405 407 409 411 413 415 417 421 423 425 427 429 431 433 435 437 439 443 445 447 449 451 453 455 457 461 463 465 467 469 471 473 475 481 483 485 487 489 491 493 497 499 501 503 505 507 509 511 513 515 517 519 521 523 525 527 529 557 627 635 649 657 661 683 685 695 697 703 721 723 729 745 747 749 
197 33 45 61 63 67 75 81 89 95 97 123 131 141 143 145 151 155 159 163 173 181 189 197 203 209 215 217 219 221 223 225 227 235 237 241 243 253 255 259 261 269 273 275 277 281 283 285 287 289 293 295 297 301 305 309 313 315 317 319 323 325 331 333 341 343 349 351 357 359 361 363 367 371 373 377 379 381 385 391 395 397 399 403 409 411 413 417 421 423 425 429 433 435 437 439 443 445 447 449 451 453 455 457 461 463 465 467 469 471 473 475 481 485 487 489 491 493 497 499 501 505 509 511 513 519 521 523 525 531 533 537 541 543 547 549 551 553 555 557 563 565 567 571 573 575 577 579 581 585 587 589 591 593 595 597 599 601 603 605 607 609 611 613 617 619 621 623 625 627 629 631 633 635 637 639 641 643 645 647 649 651 653 655 657 659 661 665 667 669 671 673 675 677 679 703 721 729 
194 61 63 67 75 81 89 97 141 143 145 151 163 173 181 189 203 209 215 217 219 223 225 235 241 243 253 259 261 269 273 275 277 281 283 285 287 289 293 295 297 301 305 309 313 315 317 325 331 341 343 349 351 357 359 363 367 371 373 377 379 381 385 395 397 399 403 409 411 413 421 423 425 429 433 435 437 439 443 445 447 449 451 453 455 457 461 463 465 469 471 473 475 481 485 487 489 491 493 497 499 501 505 509 511 513 519 521 523 525 531 533 537 541 543 547 549 551 553 555 557 565 567 573 575 577 579 581 585 587 589 591 593 595 597 599 601 603 605 607 609 611 613 617 619 621 623 625 627 629 631 633 635 637 639 641 643 645 647 649 651 655 657 661 667 669 671 673 675 677 679 681 683 685 687 689 691 693 695 697 699 701 703 705 707 709 711 713 715 717 719 721 723 725 727 
193 1 3 5 7 13 31 33 37 45 57 61 63 65 67 69 75 79 81 87 89 91 95 97 99 105 107 109 113 117 121 123 127 131 137 141 143 145 149 151 155 159 161 163 167 171 173 175 177 181 183 189 193 195 197 203 207 209 211 213 215 217 219 221 223 225 227 233 235 237 239 241 243 245 247 251 253 255 259 261 263 267 269 271 273 275 277 279 281 283 285 287 289 293 295 297 299 301 305 309 311 313 315 317 319 323 325 327 329 331 333 341 343 345 347 349 351 353 357 359 361 363 367 369 371 373 375 377 379 381 385 387 391 395 397 399 403 405 407 409 411 413 415 417 421 423 425 427 429 431 433 435 437 439 443 445 447 449 451 453 505 511 531 557 573 575 579 581 587 589 603 621 623 627 629 635 649 655 657 661 683 685 687 695 697 703 721 723 729 745 747 749 753 755 
195 1 3 5 7 13 31 33 45 57 61 63 67 69 75 79 81 87 89 95 97 99 105 107 109 113 117 123 127 131 137 141 143 145 149 151 155 159 161 163 167 171 173 181 183 189 193 195 197 203 209 213 215 217 219 221 223 225 227 233 235 237 239 241 243 245 247 251 253 255 259 261 269 271 273 275 277 279 281 283 285 287 289 293 295 297 299 301 305 309 311 313 315 317 319 323 325 327 329 331 333 341 343 345 347 349 351 353 357 359 361 363 367 369 371 373 375 377 379 381 385 387 391 395 397 399 403 405 407 409 411 413 415 417 421 423 425 427 429 431 433 435 437 439 443 445 447 449 451 453 455 457 459 461 463 465 467 469 471 473 475 479 481 483 485 487 489 491 493 531 557 575 579 587 603 621 627 635 649 655 657 661 683 685 687 695 697 703 721 723 729 745 747 749 753 755 
196 33 45 61 63 67 75 81 89 95 97 123 141 143 145 151 155 159 163 173 181 189 197 203 209 215 217 219 221 223 225 227 235 241 243 253 259 261 269 273 275 277 281 283 285 287 289 293 295 297 301 305 309 313 315 317 319 323 325 331 333 341 343 349 351 357 359 361 363 367 371 373 377 379 381 385 391 395 397 399 403 409 411 413 417 421 423 425 429 433 435 437 439 443 445 447 449 451 453 455 457 461 463 465 467 469 471 473 475 481 485 487 489 491 493 497 499 501 505 509 511 513 519 521 523 525 531 533 537 541 543 547 549 551 553 555 557 563 565 567 571 573 575 577 579 581 585 587 589 591 593 595 597 599 601 603 605 607 609 611 613 617 619 621 623 625 627 629 631 633 635 637 639 641 643 645 647 649 651 653 655 657 661 665 667 669 671 673 675 677 679 681 683 685 703 721 729 
196 33 45 61 63 67 75 81 89 95 97 113 123 131 141 143 145 151 155 159 163 173 181 189 197 203 209 215 217 219 221 223 225 227 235 237 241 243 253 255 259 261 269 273 275 277 281 283 285 287 289 293 295 297 301 305 309 313 315 317 319 323 325 331 333 341 343 349 351 357 359 361 363 367 371 373 377 379 381 385 391 395 397 399 403 409 411 413 417 421 423 425 429 433 435 437 439 443 445 447 449 451 453 455 457 461 463 465 467 469 471 473 475 481 485 487 489 491 493 497 499 501 505 509 511 513 517 519 521 523 525 531 533 537 541 543 547 549 551 553 555 557 559 563 565 567 571 573 575 577 579 581 585 587 589 591 593 595 597 599 601 603 605 607 609 611 613 617 619 621 623 625 627 629 631 633 635 637 639 641 643 645 647 649 651 653 655 657 659 661 663 665 667 695 703 721 729 
201 1 3 5 7 9 13 31 33 37 39 41 45 53 55 57 61 63 65 67 69 75 77 79 81 87 89 91 93 95 97 99 101 105 107 109 113 115 117 121 123 127 131 137 139 141 143 145 149 151 155 159 161 163 167 169 171 173 175 177 179 181 183 185 189 191 193 195 197 201 203 207 209 211 213 215 217 219 221 223 225 227 233 235 237 239 241 243 245 247 251 253 255 259 261 263 265 267 269 271 273 275 277 279 281 283 285 287 289 293 295 297 299 301 303 305 307 309 311 313 315 317 319 321 323 325 327 329 331 333 335 339 341 343 345 347 349 351 353 355 357 359 361 363 365 367 369 371 429 435 451 497 501 505 511 521 531 547 549 557 573 575 579 581 587 589 591 603 621 623 627 629 635 641 643 647 649 655 657 661 667 671 683 685 687 693 695 697 699 703 705 721 723 725 729 741 745 747 749 751 753 755 
197 1 3 5 7 13 31 33 37 45 53 57 61 63 65 67 69 75 79 81 87 89 91 95 97 99 105 107 109 113 117 121 123 127 131 137 141 143 145 149 151 155 159 161 163 167 169 171 173 175 177 179 181 183 185 189 191 193 195 197 203 207 209 211 213 215 217 219 221 223 225 227 233 235 237 239 241 243 245 247 251 253 255 259 261 263 267 269 271 273 275 277 279 281 283 285 287 289 293 295 297 299 301 305 309 311 313 315 317 319 323 325 327 329 331 333 339 341 343 345 347 349 351 353 357 359 361 363 365 367 369 371 373 375 377 379 381 385 387 389 391 393 395 397 399 403 405 407 409 411 413 415 417 419 421 423 425 427 429 505 511 531 547 557 573 575 579 581 587 589 591 603 621 623 627 629 635 643 647 649 655 657 661 683 685 687 695 697 703 705 721 723 729 745 747 749 753 755 
188 3 7 13 33 45 61 63 67 75 81 89 95 97 105 109 113 117 123 127 131 141 143 145 151 155 159 161 163 167 173 181 183 189 193 197 203 209 213 215 217 219 221 223 225 227 235 237 239 241 243 245 253 255 259 261 269 273 275 277 279 281 283 285 287 289 293 295 297 299 301 305 309 313 315 317 319 323 325 329 331 333 341 343 345 349 351 353 357 359 361 363 367 369 371 373 375 377 379 381 385 387 391 395 397 399 403 405 409 411 413 415 417 421 423 425 427 429 433 435 437 439 443 445 447 449 451 453 455 457 461 463 465 467 469 471 473 475 481 483 485 487 489 491 493 497 499 501 503 505 507 509 511 513 515 517 519 521 523 525 527 529 531 533 535 537 539 541 543 545 547 549 551 553 557 627 635 649 657 683 695 697 703 721 723 729 745 747 749 
198 1 3 5 7 9 13 31 33 37 39 41 45 53 55 57 61 63 65 67 69 75 77 79 81 87 89 91 93 95 97 99 101 105 107 109 113 115 117 121 123 127 131 137 139 141 143 145 149 151 155 159 161 163 167 169 171 173 175 177 179 181 183 185 189 191 193 195 197 201 203 205 207 209 211 213 215 217 219 221 223 225 227 233 235 237 239 241 243 245 247 251 253 255 259 261 263 265 267 269 271 273 275 277 279 281 283 285 287 289 293 295 297 299 301 303 305 307 309 311 313 315 317 319 321 323 325 327 329 331 333 335 339 341 343 345 347 349 351 353 355 357 359 371 429 435 451 497 501 505 511 521 531 547 549 557 573 575 579 581 587 589 591 595 603 621 623 627 629 635 641 643 647 649 655 657 661 667 671 683 685 687 693 695 697 699 703 705 721 723 725 729 741 745 747 749 751 753 755 
196 1 3 5 7 9 11 61 63 75 81 97 143 145 151 173 181 189 203 209 215 217 219 225 241 243 259 261 269 273 275 277 281 283 285 287 289 293 295 297 301 305 309 313 315 317 325 331 341 343 349 357 359 363 367 371 373 377 379 381 385 397 399 403 409 411 413 421 423 425 429 433 435 437 439 443 445 447 449 451 453 457 461 463 465 471 473 475 481 485 487 489 491 493 497 499 501 505 511 513 519 521 523 525 531 537 541 547 549 551 553 555 557 565 567 573 575 577 579 581 585 587 589 591 593 595 599 601 603 605 609 611 613 617 621 623 625 627 629 631 633 635 637 639 641 643 645 647 649 651 655 657 661 667 669 671 675 677 679 681 683 685 687 689 691 693 695 697 699 701 703 705 707 709 711 713 715 717 719 721 723 725 727 729 731 733 735 737 739 741 743 745 747 749 751 753 755 
188 1 3 5 7 9 11 13 15 25 29 31 33 37 39 41 45 51 53 55 57 59 61 63 65 67 69 71 73 75 77 79 81 83 85 87 89 91 93 95 97 99 101 103 105 107 109 111 113 115 117 121 123 125 127 129 131 133 135 137 139 141 143 145 149 151 155 159 161 163 165 167 169 171 173 175 177 179 181 183 185 187 189 191 193 195 197 199 201 269 273 277 285 301 371 373 377 379 397 409 425 429 435 437 439 443 449 451 457 463 473 493 497 501 505 511 519 521 525 531 537 547 549 555 557 565 573 575 579 581 587 589 591 593 595 599 601 603 611 617 621 623 625 627 629 631 635 639 641 643 645 647 649 655 657 661 667 669 671 683 685 687 689 693 695 697 699 703 705 709 713 715 719 721 723 725 727 729 733 735 737 739 741 745 747 749 751 753 755 
192 7 13 33 45 61 63 67 75 81 89 95 97 109 113 117 123 131 141 143 145 151 155 159 161 163 173 181 183 189 197 203 209 213 215 217 219 221 223 225 227 235 237 239 241 243 253 255 259 261 269 273 275 277 279 281 283 285 287 289 293 295 297 301 305 309 313 315 317 319 323 325 331 333 341 343 345 349 351 357 359 361 363 367 369 371 373 377 379 381 385 391 395 397 399 403 409 411 413 415 417 421 423 425 429 433 435 437 439 443 445 447 449 451 453 455 457 461 463 465 467 469 471 473 475 481 483 485 487 489 491 493 497 499 501 505 509 511 513 517 519 521 523 525 527 531 533 535 537 541 543 547 549 551 553 555 557 559 563 565 567 569 571 573 575 577 579 581 583 585 587 589 591 593 595 597 599 601 603 605 607 609 611 613 615 617 619 657 683 695 703 721 729 
194 33 61 63 67 75 81 89 97 141 143 145 151 163 173 181 189 203 209 215 217 219 223 225 235 241 243 253 259 261 269 273 275 277 281 283 285 287 289 293 295 297 301 305 309 313 315 317 323 325 331 341 343 349 351 357 359 361 363 367 371 373 377 379 381 385 395 397 399 403 409 411 413 421 423 425 429 433 435 437 439 443 445 447 449 451 453 455 457 461 463 465 469 471 473 475 481 485 487 489 491 493 497 499 501 505 509 511 513 519 521 523 525 531 533 537 541 543 547 549 551 553 555 557 565 567 573 575 577 579 581 585 587 589 591 593 595 597 599 601 603 605 607 609 611 613 617 619 621 623 625 627 629 631 633 635 637 639 641 643 645 647 649 651 655 657 661 667 669 671 673 675 677 679 681 683 685 687 689 691 693 695 697 699 701 703 705 707 709 711 713 715 717 719 721 
183 1 3 5 7 9 11 13 15 17 19 25 29 31 33 37 39 41 45 51 53 55 57 59 61 63 65 67 69 71 73 75 77 79 81 83 85 87 89 91 93 95 97 99 101 103 105 107 109 111 173 209 225 241 259 269 273 275 277 281 285 287 293 295 301 305 315 331 359 363 367 371 373 377 379 385 397 399 409 411 413 425 429 435 437 439 443 447 449 451 453 457 463 465 473 485 487 491 493 497 499 501 505 511 519 521 523 525 531 537 547 549 555 557 565 567 573 575 577 579 581 585 587 589 591 593 595 599 601 603 611 617 621 623 625 627 629 631 635 637 639 641 643 645 647 649 655 657 661 667 669 671 675 677 683 685 687 689 693 695 697 699 703 705 709 713 715 719 721 723 725 727 729 733 735 737 739 741 745 747 749 751 753 755 
195 1 3 5 7 9 11 13 15 25 29 31 33 37 39 41 45 53 55 57 59 61 63 65 67 69 71 75 77 79 81 83 85 87 89 91 93 95 97 99 101 103 105 107 109 111 113 115 117 121 123 125 127 129 131 133 135 137 139 141 143 145 149 151 155 159 161 163 167 169 171 173 175 177 179 181 183 185 189 191 193 195 197 199 201 203 205 207 209 211 213 215 217 219 221 223 225 227 229 231 233 235 237 239 241 277 285 301 371 373 377 379 397 425 429 435 437 439 443 449 451 473 493 497 501 505 511 519 521 525 531 537 547 549 555 557 573 575 579 581 587 589 591 593 595 599 601 603 617 621 623 625 627 629 631 635 639 641 643 645 647 649 655 657 661 667 669 671 683 685 687 689 693 695 697 699 703 705 713 715 719 721 723 725 727 729 735 737 739 741 745 747 749 751 753 755 
193 13 33 45 61 63 67 75 81 89 95 97 109 113 123 131 141 143 145 151 155 159 163 173 181 189 197 203 209 215 217 219 221 223 225 227 235 237 241 243 253 255 259 261 269 273 275 277 281 283 285 287 289 293 295 297 301 305 309 313 315 317 319 323 325 331 333 341 343 345 349 351 357 359 361 363 367 371 373 377 379 381 385 391 395 397 399 403 409 411 413 417 421 423 425 429 433 435 437 439 443 445 447 449 451 453 455 457 461 463 465 467 469 471 473 475 481 485 487 489 491 493 497 499 501 505 509 511 513 517 519 521 523 525 531 533 537 541 543 547 549 551 553 555 557 559 563 565 567 571 573 575 577 579 581 583 585 587 589 591 593 595 597 599 601 603 605 607 609 611 613 617 619 621 623 625 627 629 631 633 635 637 639 641 643 645 647 649 651 683 695 703 721 729 
191 1 3 7 13 33 45 61 63 67 69 75 81 87 89 95 97 105 107 109 113 117 123 127 131 137 141 143 145 149 151 155 159 161 163 167 173 181 183 189 193 195 197 203 209 213 215 217 219 221 223 225 227 233 235 237 239 241 243 245 247 251 253 255 259 261 269 271 273 275 277 279 281 283 285 287 289 293 295 297 299 301 305 309 313 315 317 319 323 325 327 329 331 333 341 343 345 347 349 351 353 357 359 361 363 367 369 371 373 375 377 379 381 385 387 391 395 397 399 403 405 407 409 411 413 415 417 421 423 425 427 429 431 433 435 437 439 443 445 447 449 451 453 455 457 461 463 465 467 469 471 473 475 481 483 485 487 489 491 493 497 499 501 503 505 507 509 511 531 557 575 579 587 603 627 635 649 655 657 661 683 685 687 695 697 703 721 723 729 745 747 749 
203 1 3 5 7 13 31 33 37 45 53 55 57 61 63 65 67 69 75 79 81 87 89 91 95 97 99 101 105 107 109 113 115 117 121 123 127 131 137 139 141 143 145 149 151 155 159 161 163 167 169 171 173 175 177 179 181 183 185 189 191 193 195 197 203 207 209 211 213 215 217 219 221 223 225 227 233 235 237 239 241 243 245 247 251 253 255 259 261 263 265 267 269 271 273 275 277 279 281 283 285 287 289 293 295 297 299 301 303 305 307 309 311 313 315 317 319 323 325 327 329 331 333 335 339 341 343 345 347 349 351 353 357 359 361 363 365 367 369 371 373 375 377 379 381 383 385 387 389 391 393 395 397 399 401 403 405 429 451 501 505 511 521 531 547 557 573 575 579 581 587 589 591 603 621 623 627 629 635 641 643 647 649 655 657 661 667 683 685 687 693 695 697 703 705 721 723 729 745 747 749 751 753 755 
198 1 3 5 7 9 13 25 31 33 37 39 41 45 53 55 57 59 61 63 65 67 69 71 75 77 79 81 87 89 91 93 95 97 99 101 103 105 107 109 113 115 117 121 123 125 127 129 131 135 137 139 141 143 145 149 151 155 159 161 163 167 169 171 173 175 177 179 181 183 185 189 191 193 195 197 201 203 205 207 209 211 213 215 217 219 221 223 225 227 231 233 235 237 239 241 243 245 247 249 251 253 255 259 261 263 265 267 269 271 273 275 277 279 281 283 285 287 289 293 295 297 299 301 303 305 307 309 311 313 315 317 319 321 323 325 371 397 429 435 449 451 497 501 505 511 521 531 547 549 557 573 575 579 581 587 589 591 593 595 599 603 621 623 625 627 629 635 641 643 647 649 655 657 661 667 671 683 685 687 693 695 697 699 703 705 719 721 723 725 727 729 741 745 747 749 751 753 755 
192 1 3 5 7 9 13 25 31 33 37 39 41 45 53 55 57 59 61 63 65 67 69 71 75 77 79 81 87 89 91 93 95 97 99 101 103 105 107 109 113 115 117 121 123 125 127 129 131 135 137 139 141 143 145 149 151 155 159 161 163 167 169 171 173 175 177 179 181 183 185 189 191 193 195 197 201 203 205 207 209 211 213 215 217 219 221 223 225 227 229 231 233 235 237 239 241 243 245 247 249 251 253 255 257 259 261 263 265 267 269 271 273 275 277 279 281 283 285 287 289 291 371 373 379 397 429 435 449 451 473 497 501 505 511 521 531 537 547 549 555 557 573 575 579 581 587 589 591 593 595 599 603 621 623 625 627 629 635 641 643 647 649 655 657 661 667 671 683 685 687 689 693 695 697 699 703 705 713 715 719 721 723 725 727 729 741 745 747 749 751 753 755 
192 7 13 33 45 61 63 67 75 81 89 95 97 109 113 117 123 127 131 141 143 145 151 155 159 161 163 173 181 183 189 197 203 209 213 215 217 219 221 223 225 227 235 237 239 241 243 253 255 259 261 269 273 275 277 279 281 283 285 287 289 293 295 297 301 305 309 313 315 317 319 323 325 331 333 341 343 345 349 351 357 359 361 363 367 369 371 373 377 379 381 385 391 395 397 399 403 409 411 413 415 417 421 423 425 429 433 435 437 439 443 445 447 449 451 453 455 457 461 463 465 467 469 471 473 475 481 483 485 487 489 491 493 497 499 501 505 509 511 513 517 519 521 523 525 527 531 533 535 537 541 543 547 549 551 553 555 557 559 563 565 567 569 571 573 575 577 579 581 583 585 587 589 591 593 595 597 599 601 603 605 607 609 611 613 615 617 657 683 695 703 721 729 
203 1 3 5 7 13 31 33 37 45 53 55 57 61 63 65 67 69 75 79 81 87 89 91 95 97 99 101 105 107 109 113 115 117 121 123 127 131 137 139 141 143 145 149 151 155 159 161 163 167 169 171 173 175 177 179 181 183 185 189 191 193 195 197 203 207 209 211 213 215 217 219 221 223 225 227 233 235 237 239 241 243 245 247 251 253 255 259 261 263 265 267 269 271 273 275 277 279 281 283 285 287 289 293 295 297 299 301 303 305 307 309 311 313 315 317 319 323 325 327 329 331 333 335 339 341 343 345 347 349 351 353 357 359 361 363 365 367 369 371 373 375 377 379 381 383 385 387 389 391 393 395 397 399 401 403 405 407 429 451 505 511 521 531 547 557 573 575 579 581 587 589 591 603 621 623 627 629 635 641 643 647 649 655 657 661 667 683 685 687 693 695 697 703 705 721 723 729 745 747 749 751 753 755 
195 33 45 61 63 67 75 81 89 95 97 123 131 141 143 145 151 155 159 163 173 181 189 197 203 209 215 217 219 221 223 225 227 235 237 241 243 253 255 259 261 269 273 275 277 281 283 285 287 289 293 295 297 301 305 309 313 315 317 319 323 325 331 333 341 343 349 351 357 359 361 363 367 371 373 377 379 381 385 391 395 397 399 403 409 411 413 417 421 423 425 429 433 435 437 439 443 445 447 449 451 453 455 457 461 463 465 467 469 471 473 475 481 485 487 489 491 493 497 499 501 505 509 511 513 519 521 523 525 531 533 537 541 543 547 549 551 553 555 557 559 563 565 567 571 573 575 577 579 581 585 587 589 591 593 595 597 599 601 603 605 607 609 611 613 617 619 621 623 625 627 629 631 633 635 637 639 641 643 645 647 649 651 653 655 657 659 661 665 667 669 671 673 703 721 729 
195 13 33 45 61 63 67 75 81 89 95 97 109 113 117 123 131 141 143 145 151 155 159 161 163 173 181 189 197 203 209 215 217 219 221 223 225 227 235 237 241 243 253 255 259 261 269 273 275 277 281 283 285 287 289 293 295 297 301 305 309 313 315 317 319 323 325 331 333 341 343 345 349 351 357 359 361 363 367 371 373 377 379 381 385 391 395 397 399 403 409 411 413 417 421 423 425 429 433 435 437 439 443 445 447 449 451 453 455 457 461 463 465 467 469 471 473 475 481 485 487 489 491 493 497 499 501 505 509 511 513 517 519 521 523 525 527 531 533 537 541 543 547 549 551 553 555 557 559 563 565 567 571 573 575 577 579 581 583 585 587 589 591 593 595 597 599 601 603 605 607 609 611 613 617 619 621 623 625 627 629 631 633 635 637 639 641 643 645 647 649 683 695 703 721 729 
195 13 33 45 61 63 67 75 81 89 95 97 109 113 117 123 131 141 143 145 151 155 159 161 163 173 181 183 189 197 203 209 213 215 217 219 221 223 225 227 235 237 239 241 243 253 255 259 261 269 273 275 277 279 281 283 285 287 289 293 295 297 301 305 309 313 315 317 319 323 325 331 333 341 343 345 349 351 357 359 361 363 367 369 371 373 377 379 381 385 391 395 397 399 403 409 411 413 415 417 421 423 425 429 433 435 437 439 443 445 447 449 451 453 455 457 461 463 465 467 469 471 473 475 481 485 487 489 491 493 497 499 501 505 509 511 513 517 519 521 523 525 527 531 533 535 537 541 543 547 549 551 553 555 557 559 563 565 567 571 573 575 577 579 581 583 585 587 589 591 593 595 597 599 601 603 605 607 609 611 613 615 617 619 621 623 625 627 629 631 633 683 695 703 721 729 
197 1 3 5 7 13 31 33 37 45 53 57 61 63 65 67 69 75 79 81 87 89 91 95 97 99 105 107 109 113 117 121 123 127 131 137 141 143 145 149 151 155 159 161 163 167 171 173 175 177 179 181 183 185 189 193 195 197 203 207 209 211 213 215 217 219 221 223 225 227 233 235 237 239 241 243 245 247 251 253 255 259 261 263 267 269 271 273 275 277 279 281 283 285 287 289 293 295 297 299 301 305 309 311 313 315 317 319 323 325 327 329 331 333 339 341 343 345 347 349 351 353 357 359 361 363 365 367 369 371 373 375 377 379 381 385 387 389 391 393 395 397 399 403 405 407 409 411 413 415 417 421 423 425 427 429 431 433 435 437 439 505 511 531 557 573 575 579 581 587 589 591 603 621 623 627 629 635 643 649 655 657 661 683 685 687 695 697 703 705 721 723 729 745 747 749 753 755 
184 1 3 5 7 9 11 13 15 17 19 25 29 31 33 37 39 41 45 51 53 55 57 59 61 63 65 67 69 71 73 75 77 79 81 83 85 87 89 91 93 95 97 99 101 103 105 107 143 173 209 217 225 241 259 269 273 275 277 281 285 287 293 295 301 305 315 331 359 363 367 371 373 377 379 385 397 399 409 411 413 425 429 435 437 439 443 445 447 449 451 453 457 463 465 473 485 487 491 493 497 499 501 505 511 519 521 523 525 531 537 547 549 555 557 565 567 573 575 577 579 581 585 587 589 591 593 595 599 601 603 611 617 621 623 625 627 629 631 635 637 639 641 643 645 647 649 655 657 661 667 669 671 675 677 683 685 687 689 693 695 697 699 703 705 709 713 715 719 721 723 725 727 729 733 735 737 739 741 745 747 749 751 753 755 
192 1 3 5 7 9 13 25 31 33 37 39 41 45 53 55 57 59 61 63 65 67 69 71 75 77 79 81 87 89 91 93 95 97 99 101 103 105 107 109 113 115 117 121 123 125 127 129 131 135 137 139 141 143 145 149 151 155 159 161 163 167 169 171 173 175 177 179 181 183 185 189 191 193 195 197 201 203 205 207 209 211 213 215 217 219 221 223 225 227 229 231 233 235 237 239 241 243 245 247 249 251 253 255 259 261 263 265 267 269 271 273 275 277 279 281 283 285 287 289 291 293 295 371 373 379 397 429 435 449 451 497 501 505 511 521 531 537 547 549 555 557 573 575 579 581 587 589 591 593 595 599 603 621 623 625 627 629 635 641 643 647 649 655 657 661 667 671 683 685 687 689 693 695 697 699 703 705 713 715 719 721 723 725 727 729 741 745 747 749 751 753 755 
196 1 3 5 7 13 31 33 45 57 61 63 67 69 75 79 81 87 89 95 97 99 105 107 109 113 117 123 127 131 137 141 143 145 149 151 155 159 161 163 167 171 173 181 183 189 193 195 197 203 209 213 215 217 219 221 223 225 227 233 235 237 239 241 243 245 247 251 253 255 259 261 267 269 271 273 275 277 279 281 283 285 287 289 293 295 297 299 301 305 309 311 313 315 317 319 323 325 327 329 331 333 341 343 345 347 349 351 353 357 359 361 363 367 369 371 373 375 377 379 381 385 387 391 395 397 399 403 405 407 409 411 413 415 417 421 423 425 427 429 431 433 435 437 439 443 445 447 449 451 453 455 457 459 461 463 465 467 469 471 473 475 477 479 481 483 485 487 489 491 531 557 575 579 587 603 621 627 635 649 655 657 661 683 685 687 695 697 703 721 723 729 745 747 749 753 755 
190 3 7 13 33 45 61 63 67 75 81 89 95 97 105 109 113 117 123 127 131 141 143 145 151 155 159 161 163 173 181 183 189 193 197 203 209 213 215 217 219 221 223 225 227 235 237 239 241 243 245 253 255 259 261 269 273 275 277 279 281 283 285 287 289 293 295 297 299 301 305 309 313 315 317 319 323 325 329 331 333 341 343 345 349 351 353 357 359 361 363 367 369 371 373 377 379 381 385 387 391 395 397 399 403 409 411 413 415 417 421 423 425 427 429 433 435 437 439 443 445 447 449 451 453 455 457 461 463 465 467 469 471 473 475 481 483 485 487 489 491 493 497 499 501 503 505 507 509 511 513 515 517 519 521 523 525 527 531 533 535 537 541 543 545 547 549 551 553 555 557 559 561 563 565 567 569 571 635 649 657 683 695 697 703 721 723 729 745 747 749 
204 1 3 5 7 13 31 33 37 45 53 55 57 61 63 65 67 69 75 79 81 87 89 91 95 97 99 101 105 107 109 113 115 117 121 123 127 131 137 139 141 143 145 149 151 155 159 161 163 167 169 171 173 175 177 179 181 183 185 189 191 193 195 197 203 207 209 211 213 215 217 219 221 223 225 227 233 235 237 239 241 243 245 247 251 253 255 259 261 263 265 267 269 271 273 275 277 279 281 283 285 287 289 293 295 297 299 301 303 305 307 309 311 313 315 317 319 323 325 327 329 331 333 335 339 341 343 345 347 349 351 353 357 359 361 363 365 367 369 371 373 375 377 379 381 383 385 387 389 391 393 395 397 399 401 403 405 407 409 429 451 505 511 521 531 547 557 573 575 579 581 587 589 591 603 621 623 627 629 635 641 643 647 649 655 657 661 667 683 685 687 693 695 697 703 705 721 723 729 745 747 749 751 753 755 
195 1 3 5 7 9 13 25 31 33 37 39 41 45 53 55 57 59 61 63 65 67 69 71 75 77 79 81 87 89 91 93 95 97 99 101 103 105 107 109 113 115 117 121 123 125 127 129 131 135 137 139 141 143 145 149 151 155 159 161 163 167 169 171 173 175 177 179 181 183 185 189 191 193 195 197 201 203 205 207 209 211 213 215 217 219 221 223 225 227 229 231 233 235 237 239 241 243 245 247 249 251 253 255 259 261 263 265 267 269 271 273 275 277 279 281 283 285 287 289 291 293 295 297 299 301 303 305 307 309 311 313 315 371 397 429 435 449 451 497 501 505 511 521 531 547 549 557 573 575 579 581 587 589 591 593 595 599 603 621 623 625 627 629 635 641 643 647 649 655 657 661 667 671 683 685 687 693 695 697 699 703 705 719 721 723 725 727 729 741 745 747 749 751 753 755 
192 3 7 13 33 45 61 63 67 75 81 89 95 97 105 109 113 117 123 127 131 141 143 145 151 155 159 161 163 173 181 183 189 197 203 209 213 215 217 219 221 223 225 227 235 237 239 241 243 245 253 255 259 261 269 273 275 277 279 281 283 285 287 289 293 295 297 299 301 305 309 313 315 317 319 323 325 331 333 341 343 345 349 351 353 357 359 361 363 367 369 371 373 377 379 381 385 387 391 395 397 399 403 409 411 413 415 417 421 423 425 427 429 433 435 437 439 443 445 447 449 451 453 455 457 461 463 465 467 469 471 473 475 481 483 485 487 489 491 493 497 499 501 503 505 509 511 513 515 517 519 521 523 525 527 531 533 535 537 541 543 547 549 551 553 555 557 559 561 563 565 567 569 571 573 575 577 579 581 583 585 587 589 649 657 683 695 697 703 721 723 729 749 
198 1 3 5 7 9 13 31 33 37 39 41 45 53 55 57 61 63 65 67 69 75 77 79 81 87 89 91 93 95 97 99 101 105 107 109 113 115 117 121 123 127 131 137 139 141 143 145 149 151 155 159 161 163 167 169 171 173 175 177 179 181 183 185 189 191 193 195 197 201 203 205 207 209 211 213 215 217 219 221 223 225 227 233 235 237 239 241 243 245 247 251 253 255 259 261 263 265 267 269 271 273 275 277 279 281 283 285 287 289 293 295 297 299 301 303 305 307 309 311 313 315 317 319 321 323 325 327 329 331 333 335 339 341 343 345 347 349 351 353 355 357 371 429 435 449 451 497 501 505 511 521 531 547 549 557 573 575 579 581 587 589 591 595 603 621 623 627 629 635 641 643 647 649 655 657 661 667 671 683 685 687 693 695 697 699 703 705 721 723 725 729 741 745 747 749 751 753 755 
200 1 3 5 7 9 13 25 31 33 37 39 41 45 53 55 57 59 61 63 65 67 69 71 75 77 79 81 87 89 91 93 95 97 99 101 103 105 107 109 113 115 117 121 123 125 127 129 131 135 137 139 141 143 145 149 151 155 159 161 163 167 169 171 173 175 177 179 181 183 185 189 191 193 195 197 201 203 205 207 209 211 213 215 217 219 221 223 225 227 231 233 235 237 239 241 243 245 247 249 251 253 255 259 261 263 265 267 269 271 273 275 277 279 281 283 285 287 289 293 295 297 299 301 303 305 307 309 311 313 315 317 319 321 323 325 327 329 331 333 371 397 429 435 449 451 497 501 505 511 521 531 547 549 557 573 575 579 581 587 589 591 595 599 603 621 623 627 629 635 641 643 647 649 655 657 661 667 671 683 685 687 693 695 697 699 703 705 719 721 723 725 727 729 741 745 747 749 751 753 755 
186 3 7 13 33 45 61 63 67 75 81 89 95 97 105 109 113 117 123 127 131 141 143 145 151 155 159 161 163 173 181 183 189 193 197 203 209 213 215 217 219 221 223 225 227 235 237 239 241 243 245 253 255 259 261 269 273 275 277 279 281 283 285 287 289 293 295 297 299 301 305 309 313 315 317 319 323 325 329 331 333 341 343 345 349 351 353 357 359 361 363 367 369 371 373 377 379 381 385 387 391 395 397 399 403 405 409 411 413 415 417 421 423 425 427 429 433 435 437 439 443 445 447 449 451 453 455 457 461 463 465 467 469 471 473 475 481 483 485 487 489 491 493 497 499 501 503 505 507 509 511 513 515 517 519 521 523 525 527 531 533 535 537 541 543 545 547 549 551 553 555 557 559 561 635 649 657 683 695 697 703 721 723 729 745 747 749 
195 33 45 61 63 67 75 81 89 95 97 113 123 131 141 143 145 151 155 159 163 173 181 189 197 203 209 215 217 219 221 223 225 227 235 237 241 243 253 255 259 261 269 273 275 277 281 283 285 287 289 293 295 297 301 305 309 313 315 317 319 323 325 331 333 341 343 349 351 357 359 361 363 367 371 373 377 379 381 385 391 395 397 399 403 409 411 413 417 421 423 425 429 433 435 437 439 443 445 447 449 451 453 455 457 461 463 465 467 469 471 473 475 481 485 487 489 491 493 497 499 501 505 509 511 513 517 519 521 523 525 531 533 537 541 543 547 549 551 553 555 557 559 563 565 567 571 573 575 577 579 581 583 585 587 589 591 593 595 597 599 601 603 605 607 609 611 613 617 619 621 623 625 627 629 631 633 635 637 639 641 643 645 647 649 651 653 655 657 659 661 683 695 703 721 729 
192 1 3 5 7 9 11 13 15 19 25 29 31 33 37 39 41 45 51 53 55 57 59 61 63 65 67 69 71 73 75 77 79 81 83 85 87 89 91 93 95 97 99 101 103 105 107 109 111 113 115 117 121 123 125 127 129 131 133 135 137 139 141 143 145 147 149 151 155 157 159 161 163 165 167 169 171 173 175 241 259 269 273 275 277 285 287 295 301 315 331 367 371 373 377 379 397 399 409 413 425 429 435 437 439 443 449 451 457 463 473 491 493 497 501 505 511 519 521 523 525 531 537 547 549 555 557 565 573 575 579 581 587 589 591 593 595 599 601 603 611 617 621 623 625 627 629 631 635 637 639 641 643 645 647 649 655 657 661 667 669 671 677 683 685 687 689 693 695 697 699 703 705 709 713 715 719 721 723 725 727 729 733 735 737 739 741 745 747 749 751 753 755 
186 3 7 13 33 45 61 63 67 75 81 89 95 97 105 107 109 113 117 123 127 131 137 141 143 145 151 155 159 161 163 167 173 181 183 189 193 197 203 209 213 215 217 219 221 223 225 227 235 237 239 241 243 245 253 255 259 261 269 273 275 277 279 281 283 285 287 289 293 295 297 299 301 305 309 313 315 317 319 323 325 329 331 333 341 343 345 349 351 353 357 359 361 363 367 369 371 373 375 377 379 381 385 387 391 395 397 399 403 405 409 411 413 415 417 421 423 425 427 429 431 433 435 437 439 443 445 447 449 451 453 455 457 461 463 465 467 469 471 473 475 481 483 485 487 489 491 493 497 499 501 503 505 507 509 511 513 515 517 519 521 523 525 527 529 531 533 535 537 539 541 543 557 627 635 649 657 683 695 697 703 721 723 729 745 747 749 
196 61 63 75 81 89 97 143 145 151 173 181 189 203 209 215 217 219 225 235 241 243 259 261 269 273 275 277 281 283 285 287 289 293 295 297 301 305 309 313 315 317 325 331 341 343 349 357 359 363 367 371 373 377 379 381 385 397 399 403 409 411 413 421 423 425 429 433 435 437 439 443 445 447 449 451 453 457 461 463 465 469 471 473 475 481 485 487 489 491 493 497 499 501 505 509 511 513 519 521 523 525 531 533 537 541 547 549 551 553 555 557 565 567 573 575 577 579 581 585 587 589 591 593 595 597 599 601 603 605 609 611 613 617 621 623 625 627 629 631 633 635 637 639 641 643 645 647 649 651 655 657 661 667 669 671 675 677 679 681 683 685 687 689 691 693 695 697 699 701 703 705 707 709 711 713 715 717 719 721 723 725 727 729 731 733 735 737 739 741 743 745 747 749 751 753 755 
191 3 7 13 33 45 61 63 67 75 81 89 95 97 105 109 113 117 123 127 131 141 143 145 151 155 159 161 163 173 181 183 189 193 197 203 209 213 215 217 219 221 223 225 227 235 237 239 241 243 245 253 255 259 261 269 273 275 277 279 281 283 285 287 289 293 295 297 299 301 305 309 313 315 317 319 323 325 331 333 341 343 345 349 351 353 357 359 361 363 367 369 371 373 377 379 381 385 387 391 395 397 399 403 409 411 413 415 417 421 423 425 427 429 433 435 437 439 443 445 447 449 451 453 455 457 461 463 465 467 469 471 473 475 481 483 485 487 489 491 493 497 499 501 503 505 507 509 511 513 515 517 519 521 523 525 527 531 533 535 537 541 543 547 549 551 553 555 557 559 561 563 565 567 569 571 573 575 577 635 649 657 683 695 697 703 721 723 729 745 747 749 
195 1 3 5 7 13 31 33 37 45 57 61 63 65 67 69 75 79 81 87 89 91 95 97 99 105 107 109 113 117 121 123 127 131 137 141 143 145 149 151 155 159 161 163 167 171 173 177 181 183 189 193 195 197 203 207 209 213 215 217 219 221 223 225 227 233 235 237 239 241 243 245 247 251 253 255 259 261 263 267 269 271 273 275 277 279 281 283 285 287 289 293 295 297 299 301 305 309 311 313 315 317 319 323 325 327 329 331 333 341 343 345 347 349 351 353 357 359 361 363 367 369 371 373 375 377 379 381 385 387 391 395 397 399 403 405 407 409 411 413 415 417 421 423 425 427 429 431 433 435 437 439 443 445 447 449 451 453 455 457 459 461 463 465 467 469 471 531 557 573 575 579 587 589 603 621 627 635 649 655 657 661 683 685 687 695 697 703 721 723 729 745 747 749 753 755 
193 61 63 67 75 81 89 97 141 143 145 151 163 173 181 189 203 209 215 217 219 223 225 235 241 243 253 259 261 269 273 275 277 281 283 285 287 289 293 295 297 301 305 309 313 315 317 323 325 331 341 343 349 351 357 359 363 367 371 373 377 379 381 385 395 397 399 403 409 411 413 421 423 425 429 433 435 437 439 443 445 447 449 451 453 455 457 461 463 465 469 471 473 475 481 485 487 489 491 493 497 499 501 505 509 511 513 519 521 523 525 531 533 537 541 543 547 549 551 553 555 557 565 567 573 575 577 579 581 585 587 589 591 593 595 597 599 601 603 605 607 609 611 613 617 619 621 623 625 627 629 631 633 635 637 639 641 643 645 647 649 651 655 657 661 667 669 671 673 675 677 679 681 683 685 687 689 691 693 695 697 699 701 703 705 707 709 711 713 715 717 719 721 723 
190 1 3 5 7 9 11 13 15 19 25 29 31 33 37 39 41 45 51 53 55 57 59 61 63 65 67 69 71 73 75 77 79 81 83 85 87 89 91 93 95 97 99 101 103 105 107 109 111 113 115 117 121 123 125 127 129 131 133 135 137 139 141 143 145 147 149 151 153 155 157 159 161 241 259 269 273 275 277 285 287 295 301 315 331 367 371 373 377 379 385 397 399 409 413 425 429 435 437 439 443 449 451 453 457 463 473 487 491 493 497 501 505 511 519 521 523 525 531 537 547 549 555 557 565 573 575 577 579 581 587 589 591 593 595 599 601 603 611 617 621 623 625 627 629 631 635 637 639 641 643 645 647 649 655 657 661 667 669 671 677 683 685 687 689 693 695 697 699 703 705 709 713 715 719 721 723 725 727 729 733 735 737 739 741 745 747 749 751 753 755 
193 33 61 63 67 75 81 89 95 97 123 141 143 145 151 163 173 181 189 203 209 215 217 219 223 225 235 241 243 253 259 261 269 273 275 277 281 283 285 287 289 293 295 297 301 305 309 313 315 317 323 325 331 341 343 349 351 357 359 361 363 367 371 373 377 379 381 385 391 395 397 399 403 409 411 413 421 423 425 429 433 435 437 439 443 445 447 449 451 453 455 457 461 463 465 469 471 473 475 481 485 487 489 491 493 497 499 501 505 509 511 513 519 521 523 525 531 533 537 541 543 547 549 551 553 555 557 563 565 567 573 575 577 579 581 585 587 589 591 593 595 597 599 601 603 605 607 609 611 613 617 619 621 623 625 627 629 631 633 635 637 639 641 643 645 647 649 651 653 655 657 661 667 669 671 673 675 677 679 681 683 685 687 689 691 693 695 697 699 701 703 705 707 709 
198 1 3 5 7 9 13 31 33 37 39 41 45 53 55 57 59 61 63 65 67 69 71 75 77 79 81 87 89 91 93 95 97 99 101 105 107 109 113 115 117 121 123 125 127 129 131 135 137 139 141 143 145 149 151 155 159 161 163 167 169 171 173 175 177 179 181 183 185 189 191 193 195 197 201 203 205 207 209 211 213 215 217 219 221 223 225 227 231 233 235 237 239 241 243 245 247 249 251 253 255 259 261 263 265 267 269 271 273 275 277 279 281 283 285 287 289 293 295 297 299 301 303 305 307 309 311 313 315 317 319 321 323 325 327 329 331 333 335 371 429 435 449 451 497 501 505 511 521 531 547 549 557 573 575 579 581 587 589 591 595 599 603 621 623 627 629 635 641 643 647 649 655 657 661 667 671 683 685 687 693 695 697 699 703 705 719 721 723 725 727 729 741 745 747 749 751 753 755 
195 13 33 45 61 63 67 75 81 89 95 97 109 113 117 123 131 141 143 145 151 155 159 161 163 173 181 183 189 197 203 209 213 215 217 219 221 223 225 227 235 237 239 241 243 253 255 259 261 269 273 275 277 279 281 283 285 287 289 293 295 297 301 305 309 313 315 317 319 323 325 331 333 341 343 345 349 351 357 359 361 363 367 369 371 373 377 379 381 385 391 395 397 399 403 409 411 413 415 417 421 423 425 429 433 435 437 439 443 445 447 449 451 453 455 457 461 463 465 467 469 471 473 475 481 483 485 487 489 491 493 497 499 501 505 509 511 513 517 519 521 523 525 527 531 533 535 537 541 543 547 549 551 553 555 557 559 563 565 567 569 571 573 575 577 579 581 583 585 587 589 591 593 595 597 599 601 603 605 607 609 611 613 615 617 619 621 623 625 627 657 683 695 703 721 729 
194 33 61 63 67 75 81 89 95 97 123 141 143 145 151 163 173 181 189 203 209 215 217 219 223 225 235 241 243 253 259 261 269 273 275 277 281 283 285 287 289 293 295 297 301 305 309 313 315 317 323 325 331 341 343 349 351 357 359 361 363 367 371 373 377 379 381 385 391 395 397 399 403 409 411 413 421 423 425 429 433 435 437 439 443 445 447 449 451 453 455 457 461 463 465 469 471 473 475 481 485 487 489 491 493 497 499 501 505 509 511 513 519 521 523 525 531 533 537 541 543 547 549 551 553 555 557 563 565 567 573 575 577 579 581 585 587 589 591 593 595 597 599 601 603 605 607 609 611 613 617 619 621 623 625 627 629 631 633 635 637 639 641 643 645 647 649 651 653 655 657 661 667 669 671 673 675 677 679 681 683 685 687 689 691 693 695 697 699 701 703 705 707 709 711 
191 61 63 67 75 81 89 97 143 145 151 163 173 181 189 203 209 215 217 219 223 225 235 241 243 253 259 261 269 273 275 277 281 283 285 287 289 293 295 297 301 305 309 313 315 317 325 331 341 343 349 351 357 359 363 367 371 373 377 379 381 385 397 399 403 409 411 413 421 423 425 429 433 435 437 439 443 445 447 449 451 453 457 461 463 465 469 471 473 475 481 485 487 489 491 493 497 499 501 505 509 511 513 519 521 523 525 531 533 537 541 547 549 551 553 555 557 565 567 573 575 577 579 581 585 587 589 591 593 595 597 599 601 603 605 609 611 613 617 619 621 623 625 627 629 631 633 635 637 639 641 643 645 647 649 651 655 657 661 667 669 671 675 677 679 681 683 685 687 689 691 693 695 697 699 701 703 705 707 709 711 713 715 717 719 721 723 725 727 729 731 733 
196 1 3 5 7 9 13 25 31 33 37 39 41 45 53 55 57 59 61 63 65 67 69 71 75 77 79 81 87 89 91 93 95 97 99 101 103 105 107 109 113 115 117 121 123 125 127 129 131 135 137 139 141 143 145 149 151 155 159 161 163 167 169 171 173 175 177 179 181 183 185 189 191 193 195 197 201 203 205 207 209 211 213 215 217 219 221 223 225 227 229 231 233 235 237 239 241 243 245 247 249 251 253 255 259 261 263 265 267 269 271 273 275 277 279 281 283 285 287 289 291 293 295 297 299 301 303 305 307 309 311 313 315 317 371 397 429 435 449 451 497 501 505 511 521 531 547 549 557 573 575 579 581 587 589 591 593 595 599 603 621 623 625 627 629 635 641 643 647 649 655 657 661 667 671 683 685 687 693 695 697 699 703 705 719 721 723 725 727 729 741 745 747 749 751 753 755 
188 1 3 5 7 9 11 13 15 19 25 29 31 33 37 39 41 45 51 53 55 57 59 61 63 65 67 69 71 73 75 77 79 81 83 85 87 89 91 93 95 97 99 101 103 105 107 109 111 113 115 117 121 123 125 127 129 131 133 135 137 139 141 143 145 147 149 151 153 155 157 241 259 269 273 275 277 285 287 295 301 315 331 367 371 373 377 379 385 397 399 409 413 425 429 435 437 439 443 449 451 453 457 463 473 487 491 493 497 501 505 511 519 521 523 525 531 537 547 549 555 557 565 573 575 577 579 581 587 589 591 593 595 599 601 603 611 617 621 623 625 627 629 631 635 637 639 641 643 645 647 649 655 657 661 667 669 671 677 683 685 687 689 693 695 697 699 703 705 709 713 715 719 721 723 725 727 729 733 735 737 739 741 745 747 749 751 753 755 
196 1 3 5 7 13 31 33 37 45 53 57 61 63 65 67 69 75 79 81 87 89 91 95 97 99 105 107 109 113 117 121 123 127 131 137 141 143 145 149 151 155 159 161 163 167 171 173 175 177 179 181 183 185 189 193 195 197 203 207 209 211 213 215 217 219 221 223 225 227 233 235 237 239 241 243 245 247 251 253 255 259 261 263 267 269 271 273 275 277 279 281 283 285 287 289 293 295 297 299 301 305 309 311 313 315 317 319 323 325 327 329 331 333 341 343 345 347 349 351 353 357 359 361 363 365 367 369 371 373 375 377 379 381 385 387 389 391 395 397 399 403 405 407 409 411 413 415 417 421 423 425 427 429 431 433 435 437 439 441 443 505 511 531 557 573 575 579 581 587 589 591 603 621 623 627 629 635 649 655 657 661 683 685 687 695 697 703 705 721 723 729 745 747 749 753 755 
189 1 3 5 7 9 11 13 15 19 25 29 31 33 37 39 41 45 51 53 55 57 59 61 63 65 67 69 71 73 75 77 79 81 83 85 87 89 91 93 95 97 99 101 103 105 107 109 111 113 115 117 121 123 125 127 129 131 133 135 137 139 141 143 145 147 149 151 153 155 157 159 241 259 269 273 275 277 285 287 295 301 315 331 367 371 373 377 379 385 397 399 409 413 425 429 435 437 439 443 449 451 453 457 463 473 487 491 493 497 501 505 511 519 521 523 525 531 537 547 549 555 557 565 573 575 577 579 581 587 589 591 593 595 599 601 603 611 617 621 623 625 627 629 631 635 637 639 641 643 645 647 649 655 657 661 667 669 671 677 683 685 687 689 693 695 697 699 703 705 709 713 715 719 721 723 725 727 729 733 735 737 739 741 745 747 749 751 753 755 
192 1 3 7 13 33 45 61 63 67 69 75 81 87 89 95 97 105 107 109 113 117 123 127 131 137 141 143 145 149 151 155 159 161 163 167 173 181 183 189 193 195 197 203 209 213 215 217 219 221 223 225 227 235 237 239 241 243 245 247 251 253 255 259 261 269 271 273 275 277 279 281 283 285 287 289 293 295 297 299 301 305 309 313 315 317 319 323 325 327 329 331 333 341 343 345 347 349 351 353 357 359 361 363 367 369 371 373 375 377 379 381 385 387 391 395 397 399 403 405 407 409 411 413 415 417 421 423 425 427 429 431 433 435 437 439 443 445 447 449 451 453 455 457 461 463 465 467 469 471 473 475 481 483 485 487 489 491 493 497 499 501 503 505 507 509 511 513 515 531 557 575 579 587 603 627 635 649 655 657 661 683 685 687 695 697 703 721 723 729 745 747 749 
194 33 61 63 67 75 81 89 95 97 123 141 143 145 151 163 173 181 189 203 209 215 217 219 223 225 235 241 243 253 259 261 269 273 275 277 281 283 285 287 289 293 295 297 301 305 309 313 315 317 323 325 331 341 343 349 351 357 359 361 363 367 371 373 377 379 381 385 395 397 399 403 409 411 413 421 423 425 429 433 435 437 439 443 445 447 449 451 453 455 457 461 463 465 469 471 473 475 481 485 487 489 491 493 497 499 501 505 509 511 513 519 521 523 525 531 533 537 541 543 547 549 551 553 555 557 565 567 573 575 577 579 581 585 587 589 591 593 595 597 599 601 603 605 607 609 611 613 617 619 621 623 625 627 629 631 633 635 637 639 641 643 645 647 649 651 653 655 657 661 667 669 671 673 675 677 679 681 683 685 687 689 691 693 695 697 699 701 703 705 707 709 711 713 715 
191 1 3 5 7 9 11 13 15 17 19 21 25 29 31 33 35 37 39 41 43 45 47 49 51 53 55 57 59 61 63 65 67 143 151 173 203 209 217 225 241 243 259 261 269 273 275 277 281 285 287 289 293 295 297 301 305 313 315 331 341 343 357 359 363 367 371 373 377 379 385 397 399 409 411 413 425 429 435 437 439 443 445 447 449 451 453 457 461 463 465 473 485 487 489 491 493 497 499 501 505 511 513 519 521 523 525 531 537 547 549 551 553 555 557 565 567 573 575 577 579 581 585 587 589 591 593 595 599 601 603 611 613 617 621 623 625 627 629 631 633 635 637 639 641 643 645 647 649 651 655 657 661 667 669 671 675 677 679 681 683 685 687 689 693 695 697 699 703 705 709 711 713 715 719 721 723 725 727 729 733 735 737 739 741 743 745 747 749 751 753 755 
206 1 3 5 7 13 31 33 37 45 53 55 57 61 63 65 67 69 75 79 81 87 89 91 93 95 97 99 101 105 107 109 113 115 117 121 123 127 131 137 139 141 143 145 149 151 155 159 161 163 167 169 171 173 175 177 179 181 183 185 189 191 193 195 197 203 207 209 211 213 215 217 219 221 223 225 227 233 235 237 239 241 243 245 247 251 253 255 259 261 263 265 267 269 271 273 275 277 279 281 283 285 287 289 293 295 297 299 301 303 305 307 309 311 313 315 317 319 321 323 325 327 329 331 333 335 339 341 343 345 347 349 351 353 355 357 359 361 363 365 367 369 371 373 375 377 379 381 383 385 387 389 391 393 395 397 399 429 451 497 501 505 511 521 531 547 557 573 575 579 581 587 589 591 603 621 623 627 629 635 641 643 647 649 655 657 661 667 683 685 687 693 695 697 703 705 721 723 725 729 741 745 747 749 751 753 755 
191 7 13 33 45 61 63 67 75 81 89 95 97 109 113 117 123 127 131 141 143 145 151 155 159 161 163 173 181 183 189 197 203 209 213 215 217 219 221 223 225 227 235 237 239 241 243 253 255 259 261 269 273 275 277 279 281 283 285 287 289 293 295 297 301 305 309 313 315 317 319 323 325 331 333 341 343 345 349 351 353 357 359 361 363 367 369 371 373 377 379 381 385 387 391 395 397 399 403 409 411 413 415 417 421 423 425 429 433 435 437 439 443 445 447 449 451 453 455 457 461 463 465 467 469 471 473 475 481 483 485 487 489 491 493 497 499 501 505 509 511 513 515 517 519 521 523 525 527 531 533 535 537 541 543 547 549 551 553 555 557 559 563 565 567 569 571 573 575 577 579 581 583 585 587 589 591 593 595 597 599 601 603 605 607 649 657 683 695 703 721 729 
191 1 3 5 7 9 11 13 15 25 29 31 33 37 39 41 45 53 55 57 59 61 63 65 67 69 71 75 77 79 81 83 85 87 89 91 93 95 97 99 101 103 105 107 109 111 113 115 117 121 123 125 127 129 131 133 135 137 139 141 143 145 149 151 155 159 161 163 167 169 171 173 175 177 179 181 183 185 189 191 193 195 197 199 201 203 205 207 209 211 213 215 217 219 221 223 225 227 229 231 277 285 301 371 373 377 379 397 409 425 429 435 437 439 443 449 451 473 493 497 501 505 511 519 521 525 531 537 547 549 555 557 573 575 579 581 587 589 591 593 595 599 601 603 617 621 623 625 627 629 631 635 639 641 643 645 647 649 655 657 661 667 669 671 683 685 687 689 693 695 697 699 703 705 713 715 719 721 723 725 727 729 735 737 739 741 745 747 749 751 753 755 
192 1 3 5 7 9 11 13 15 19 25 29 31 33 37 39 41 45 51 53 55 57 59 61 63 65 67 69 71 73 75 77 79 81 83 85 87 89 91 93 95 97 99 101 103 105 107 109 111 113 115 117 121 123 125 127 129 131 133 135 137 139 141 143 145 147 149 151 155 157 159 161 163 165 167 169 171 173 175 177 179 241 269 273 275 277 285 287 295 301 315 331 367 371 373 377 379 397 409 413 425 429 435 437 439 443 449 451 457 463 473 491 493 497 501 505 511 519 521 523 525 531 537 547 549 555 557 565 573 575 579 581 587 589 591 593 595 599 601 603 611 617 621 623 625 627 629 631 635 637 639 641 643 645 647 649 655 657 661 667 669 671 677 683 685 687 689 693 695 697 699 703 705 709 713 715 719 721 723 725 727 729 733 735 737 739 741 745 747 749 751 753 755 
191 61 63 67 75 81 89 97 143 145 151 163 173 181 189 203 209 215 217 219 223 225 235 241 243 253 259 261 269 273 275 277 281 283 285 287 289 293 295 297 301 305 309 313 315 317 325 331 341 343 349 351 357 359 363 367 371 373 377 379 381 385 397 399 403 409 411 413 421 423 425 429 433 435 437 439 443 445 447 449 451 453 457 461 463 465 469 471 473 475 481 485 487 489 491 493 497 499 501 505 509 511 513 519 521 523 525 531 533 537 541 547 549 551 553 555 557 565 567 573 575 577 579 581 585 587 589 591 593 595 597 599 601 603 605 609 611 613 617 619 621 623 625 627 629 631 633 635 637 639 641 643 645 647 649 651 655 657 661 667 669 671 675 677 679 681 683 685 687 689 691 693 695 697 699 701 703 705 707 709 711 713 715 717 719 721 723 725 727 729 731 733 
196 33 45 61 63 67 75 81 89 95 97 113 123 131 141 143 145 151 155 159 163 173 181 189 197 203 209 215 217 219 221 223 225 227 235 237 241 243 253 255 259 261 269 273 275 277 281 283 285 287 289 293 295 297 301 305 309 313 315 317 319 323 325 331 333 341 343 349 351 357 359 361 363 367 371 373 377 379 381 385 391 395 397 399 403 409 411 413 417 421 423 425 429 433 435 437 439 443 445 447 449 451 453 455 457 461 463 465 467 469 471 473 475 481 485 487 489 491 493 497 499 501 505 509 511 513 517 519 521 523 525 531 533 537 541 543 547 549 551 553 555 557 559 563 565 567 571 573 575 577 579 581 583 585 587 589 591 593 595 597 599 601 603 605 607 609 611 613 617 619 621 623 625 627 629 631 633 635 637 639 641 643 645 647 649 651 653 655 657 659 661 663 683 695 703 721 729 
194 13 33 45 61 63 67 75 81 89 95 97 109 113 123 131 141 143 145 151 155 159 163 173 181 189 197 203 209 215 217 219 221 223 225 227 235 237 241 243 253 255 259 261 269 273 275 277 281 283 285 287 289 293 295 297 301 305 309 313 315 317 319 323 325 331 333 341 343 345 349 351 357 359 361 363 367 371 373 377 379 381 385 391 395 397 399 403 409 411 413 417 421 423 425 429 433 435 437 439 443 445 447 449 451 453 455 457 461 463 465 467 469 471 473 475 481 485 487 489 491 493 497 499 501 505 509 511 513 517 519 521 523 525 531 533 537 541 543 547 549 551 553 555 557 559 563 565 567 571 573 575 577 579 581 583 585 587 589 591 593 595 597 599 601 603 605 607 609 611 613 617 619 621 623 625 627 629 631 633 635 637 639 641 643 645 647 649 651 653 683 695 703 721 729 
193 1 3 5 7 13 31 33 37 45 53 57 61 63 65 67 69 75 79 81 87 89 91 95 97 99 105 107 109 113 117 121 123 127 131 137 141 143 145 149 151 155 159 161 163 167 171 173 175 177 181 183 189 193 195 197 203 207 209 211 213 215 217 219 221 223 225 227 233 235 237 239 241 243 245 247 251 253 255 259 261 263 267 269 271 273 275 277 279 281 283 285 287 289 293 295 297 299 301 305 309 311 313 315 317 319 323 325 327 329 331 333 341 343 345 347 349 351 353 357 359 361 363 367 369 371 373 375 377 379 381 385 387 391 395 397 399 403 405 407 409 411 413 415 417 421 423 425 427 429 431 433 435 437 439 443 445 447 449 505 511 531 557 573 575 579 581 587 589 603 621 623 627 629 635 649 655 657 661 683 685 687 695 697 703 705 721 723 729 745 747 749 753 755 
195 33 61 63 67 75 81 89 95 97 123 141 143 145 151 163 173 181 189 203 209 215 217 219 223 225 235 241 243 253 259 261 269 273 275 277 281 283 285 287 289 293 295 297 301 305 309 313 315 317 323 325 331 341 343 349 351 357 359 361 363 367 371 373 377 379 381 385 391 395 397 399 403 409 411 413 421 423 425 429 433 435 437 439 443 445 447 449 451 453 455 457 461 463 465 469 471 473 475 481 485 487 489 491 493 497 499 501 505 509 511 513 519 521 523 525 531 533 537 541 543 547 549 551 553 555 557 563 565 567 573 575 577 579 581 585 587 589 591 593 595 597 599 601 603 605 607 609 611 613 617 619 621 623 625 627 629 631 633 635 637 639 641 643 645 647 649 651 653 655 657 661 667 669 671 673 675 677 679 681 683 685 687 689 691 693 695 697 699 701 703 705 707 709 711 713 
195 33 61 63 67 75 81 89 97 123 141 143 145 151 163 173 181 189 203 209 215 217 219 223 225 235 241 243 253 259 261 269 273 275 277 281 283 285 287 289 293 295 297 301 305 309 313 315 317 323 325 331 341 343 349 351 357 359 361 363 367 371 373 377 379 381 385 395 397 399 403 409 411 413 421 423 425 429 433 435 437 439 443 445 447 449 451 453 455 457 461 463 465 469 471 473 475 481 485 487 489 491 493 497 499 501 505 509 511 513 519 521 523 525 531 533 537 541 543 547 549 551 553 555 557 565 567 573 575 577 579 581 585 587 589 591 593 595 597 599 601 603 605 607 609 611 613 617 619 621 623 625 627 629 631 633 635 637 639 641 643 645 647 649 651 653 655 657 661 667 669 671 673 675 677 679 681 683 685 687 689 691 693 695 697 699 701 703 705 707 709 711 713 715 717 719 
194 1 3 5 7 13 31 33 37 45 57 61 63 65 67 69 75 79 81 87 89 91 95 97 99 105 107 109 113 117 121 123 127 131 137 141 143 145 149 151 155 159 161 163 167 171 173 175 177 181 183 189 193 195 197 203 207 209 211 213 215 217 219 221 223 225 227 233 235 237 239 241 243 245 247 251 253 255 259 261 263 267 269 271 273 275 277 279 281 283 285 287 289 293 295 297 299 301 305 309 311 313 315 317 319 323 325 327 329 331 333 341 343 345 347 349 351 353 357 359 361 363 367 369 371 373 375 377 379 381 385 387 391 395 397 399 403 405 407 409 411 413 415 417 421 423 425 427 429 431 433 435 437 439 443 445 447 449 451 453 455 505 511 531 557 573 575 579 581 587 589 603 621 623 627 629 635 649 655 657 661 683 685 687 695 697 703 721 723 729 745 747 749 753 755 
195 13 33 45 61 63 67 75 81 89 95 97 109 113 117 123 131 141 143 145 151 155 159 161 163 173 181 183 189 197 203 209 213 215 217 219 221 223 225 227 235 237 239 241 243 253 255 259 261 269 273 275 277 279 281 283 285 287 289 293 295 297 301 305 309 313 315 317 319 323 325 331 333 341 343 345 349 351 357 359 361 363 367 369 371 373 377 379 381 385 391 395 397 399 403 409 411 413 415 417 421 423 425 429 433 435 437 439 443 445 447 449 451 453 455 457 461 463 465 467 469 471 473 475 481 483 485 487 489 491 493 497 499 501 505 509 511 513 517 519 521 523 525 527 531 533 535 537 541 543 547 549 551 553 555 557 559 563 565 567 571 573 575 577 579 581 583 585 587 589 591 593 595 597 599 601 603 605 607 609 611 613 615 617 619 621 623 625 627 629 631 683 695 703 721 729 
199 1 3 5 7 9 13 31 33 37 39 41 45 53 55 57 61 63 65 67 69 75 77 79 81 87 89 91 93 95 97 99 101 105 107 109 113 115 117 121 123 127 131 137 139 141 143 145 149 151 155 159 161 163 167 169 171 173 175 177 179 181 183 185 189 191 193 195 197 201 203 207 209 211 213 215 217 219 221 223 225 227 233 235 237 239 241 243 245 247 251 253 255 259 261 263 265 267 269 271 273 275 277 279 281 283 285 287 289 293 295 297 299 301 303 305 307 309 311 313 315 317 319 321 323 325 327 329 331 333 335 339 341 343 345 347 349 351 353 355 357 359 361 363 371 429 435 451 497 501 505 511 521 531 547 549 557 573 575 579 581 587 589 591 595 603 621 623 627 629 635 641 643 647 649 655 657 661 667 671 683 685 687 693 695 697 699 703 705 721 723 725 729 741 745 747 749 751 753 755 
201 1 3 5 7 9 13 31 33 37 39 41 45 53 55 57 61 63 65 67 69 75 77 79 81 87 89 91 93 95 97 99 101 105 107 109 113 115 117 121 123 127 131 137 139 141 143 145 149 151 155 159 161 163 167 169 171 173 175 177 179 181 183 185 189 191 193 195 197 201 203 207 209 211 213 215 217 219 221 223 225 227 233 235 237 239 241 243 245 247 251 253 255 259 261 263 265 267 269 271 273 275 277 279 281 283 285 287 289 293 295 297 299 301 303 305 307 309 311 313 315 317 319 321 323 325 327 329 331 333 335 339 341 343 345 347 349 351 353 355 357 359 361 363 365 367 369 371 429 435 451 497 501 505 511 521 531 547 549 557 573 575 579 581 587 589 591 603 621 623 627 629 635 641 643 647 649 655 657 661 667 671 683 685 687 693 695 697 699 703 705 721 723 725 729 741 745 747 749 751 753 755 
193 1 3 5 7 9 11 13 15 19 25 29 31 33 37 39 41 45 51 53 55 57 59 61 63 65 67 69 71 73 75 77 79 81 83 85 87 89 91 93 95 97 99 101 103 105 107 109 111 113 115 117 121 123 125 127 129 131 133 135 137 139 141 143 145 147 149 151 155 157 159 161 163 165 167 169 171 173 175 177 179 181 183 241 269 273 275 277 285 287 295 301 315 331 367 371 373 377 379 397 409 413 425 429 435 437 439 443 449 451 457 463 473 493 497 501 505 511 519 521 523 525 531 537 547 549 555 557 565 573 575 579 581 587 589 591 593 595 599 601 603 611 617 621 623 625 627 629 631 635 637 639 641 643 645 647 649 655 657 661 667 669 671 677 683 685 687 689 693 695 697 699 703 705 709 713 715 719 721 723 725 727 729 733 735 737 739 741 745 747 749 751 753 755 
189 1 3 5 7 9 11 13 15 25 29 31 33 37 39 41 45 53 55 57 59 61 63 65 67 69 71 75 77 79 81 83 85 87 89 91 93 95 97 99 101 103 105 107 109 111 113 115 117 121 123 125 127 129 131 133 135 137 139 141 143 145 149 151 155 159 161 163 167 169 171 173 175 177 179 181 183 185 187 189 191 193 195 197 199 201 203 205 207 209 211 213 215 217 219 269 277 285 301 371 373 377 379 397 409 425 429 435 437 439 443 449 451 457 473 493 497 501 505 511 519 521 525 531 537 547 549 555 557 573 575 579 581 587 589 591 593 595 599 601 603 617 621 623 625 627 629 631 635 639 641 643 645 647 649 655 657 661 667 669 671 683 685 687 689 693 695 697 699 703 705 709 713 715 719 721 723 725 727 729 735 737 739 741 745 747 749 751 753 755 
192 1 3 5 7 9 11 13 15 17 19 21 25 29 31 33 35 37 39 41 43 45 47 49 51 53 55 57 59 61 143 151 173 203 209 217 219 225 241 243 259 261 269 273 275 277 281 285 287 289 293 295 297 301 305 313 315 331 341 343 357 359 363 367 371 373 377 379 385 397 399 409 411 413 425 429 433 435 437 439 443 445 447 449 451 453 457 461 463 465 471 473 485 487 489 491 493 497 499 501 505 511 513 519 521 523 525 531 537 547 549 551 553 555 557 565 567 573 575 577 579 581 585 587 589 591 593 595 599 601 603 605 611 613 617 621 623 625 627 629 631 633 635 637 639 641 643 645 647 649 651 655 657 661 667 669 671 675 677 679 681 683 685 687 689 693 695 697 699 703 705 709 711 713 715 719 721 723 725 727 729 733 735 737 739 741 743 745 747 749 751 753 755 
191 7 13 33 45 61 63 67 75 81 89 95 97 109 113 117 123 127 131 141 143 145 151 155 159 161 163 173 181 183 189 197 203 209 213 215 217 219 221 223 225 227 235 237 239 241 243 253 255 259 261 269 273 275 277 279 281 283 285 287 289 293 295 297 301 305 309 313 315 317 319 323 325 331 333 341 343 345 349 351 353 357 359 361 363 367 369 371 373 377 379 381 385 387 391 395 397 399 403 409 411 413 415 417 421 423 425 429 433 435 437 439 443 445 447 449 451 453 455 457 461 463 465 467 469 471 473 475 481 483 485 487 489 491 493 497 499 501 505 509 511 513 517 519 521 523 525 527 531 533 535 537 541 543 547 549 551 553 555 557 559 563 565 567 569 571 573 575 577 579 581 583 585 587 589 591 593 595 597 599 601 603 605 607 609 649 657 683 695 703 721 729 
195 13 33 45 61 63 67 75 81 89 95 97 109 113 117 123 131 141 143 145 151 155 159 161 163 173 181 183 189 197 203 209 213 215 217 219 221 223 225 227 235 237 239 241 243 253 255 259 261 269 273 275 277 279 281 283 285 287 289 293 295 297 301 305 309 313 315 317 319 323 325 331 333 341 343 345 349 351 357 359 361 363 367 369 371 373 377 379 381 385 391 395 397 399 403 409 411 413 415 417 421 423 425 429 433 435 437 439 443 445 447 449 451 453 455 457 461 463 465 467 469 471 473 475 481 483 485 487 489 491 493 497 499 501 505 509 511 513 517 519 521 523 525 527 531 533 535 537 541 543 547 549 551 553 555 557 559 563 565 567 569 571 573 575 577 579 581 583 585 587 589 591 593 595 597 599 601 603 605 607 609 611 613 615 617 619 621 623 625 627 629 683 695 703 721 729 
204 1 3 5 7 13 31 33 37 45 53 55 57 61 63 65 67 69 75 79 81 87 89 91 93 95 97 99 101 105 107 109 113 115 117 121 123 127 131 137 139 141 143 145 149 151 155 159 161 163 167 169 171 173 175 177 179 181 183 185 189 191 193 195 197 203 207 209 211 213 215 217 219 221 223 225 227 233 235 237 239 241 243 245 247 251 253 255 259 261 263 265 267 269 271 273 275 277 279 281 283 285 287 289 293 295 297 299 301 303 305 307 309 311 313 315 317 319 321 323 325 327 329 331 333 335 339 341 343 345 347 349 351 353 357 359 361 363 365 367 369 371 373 375 377 379 381 383 385 387 389 391 393 395 397 399 401 429 451 501 505 511 521 531 547 557 573 575 579 581 587 589 591 603 621 623 627 629 635 641 643 647 649 655 657 661 667 683 685 687 693 695 697 703 705 721 723 725 729 745 747 749 751 753 755 
195 1 3 5 7 13 31 33 45 57 61 63 67 69 75 81 87 89 95 97 99 105 107 109 113 117 123 127 131 137 141 143 145 149 151 155 159 161 163 167 173 181 183 189 193 195 197 203 209 213 215 217 219 221 223 225 227 233 235 237 239 241 243 245 247 251 253 255 259 261 269 271 273 275 277 279 281 283 285 287 289 293 295 297 299 301 305 309 311 313 315 317 319 323 325 327 329 331 333 341 343 345 347 349 351 353 357 359 361 363 367 369 371 373 375 377 379 381 385 387 391 395 397 399 403 405 407 409 411 413 415 417 421 423 425 427 429 431 433 435 437 439 443 445 447 449 451 453 455 457 461 463 465 467 469 471 473 475 479 481 483 485 487 489 491 493 495 497 499 501 503 531 557 575 579 587 603 627 635 649 655 657 661 683 685 687 695 697 703 721 723 729 745 747 749 755 
204 1 3 5 7 13 31 33 37 45 53 55 57 61 63 65 67 69 75 79 81 87 89 91 93 95 97 99 101 105 107 109 113 115 117 121 123 127 131 137 139 141 143 145 149 151 155 159 161 163 167 169 171 173 175 177 179 181 183 185 189 191 193 195 197 203 207 209 211 213 215 217 219 221 223 225 227 233 235 237 239 241 243 245 247 251 253 255 259 261 263 265 267 269 271 273 275 277 279 281 283 285 287 289 293 295 297 299 301 303 305 307 309 311 313 315 317 319 321 323 325 327 329 331 333 335 339 341 343 345 347 349 351 353 355 357 359 361 363 365 367 369 371 373 375 377 379 381 383 385 387 389 391 393 395 429 451 497 501 505 511 521 531 547 557 573 575 579 581 587 589 591 603 621 623 627 629 635 641 643 647 649 655 657 661 667 683 685 687 693 695 697 703 705 721 723 725 729 741 745 747 749 751 753 755 
187 3 7 13 33 45 61 63 67 75 81 89 95 97 105 109 113 117 123 127 131 141 143 145 151 155 159 161 163 173 181 183 189 193 197 203 209 213 215 217 219 221 223 225 227 235 237 239 241 243 245 253 255 259 261 269 273 275 277 279 281 283 285 287 289 293 295 297 299 301 305 309 313 315 317 319 323 325 329 331 333 341 343 345 349 351 353 357 359 361 363 367 369 371 373 377 379 381 385 387 391 395 397 399 403 409 411 413 415 417 421 423 425 427 429 433 435 437 439 443 445 447 449 451 453 455 457 461 463 465 467 469 471 473 475 481 483 485 487 489 491 493 497 499 501 503 505 507 509 511 513 515 517 519 521 523 525 527 531 533 535 537 541 543 545 547 549 551 553 555 557 559 561 563 565 635 649 657 683 695 697 703 721 723 729 745 747 749 
191 1 3 5 7 9 11 13 15 25 29 31 33 37 39 41 45 53 55 57 59 61 63 65 67 69 71 75 77 79 81 83 85 87 89 91 93 95 97 99 101 103 105 107 109 111 113 115 117 121 123 125 127 129 131 133 135 137 139 141 143 145 149 151 155 159 161 163 167 169 171 173 175 177 179 181 183 185 187 189 191 193 195 197 199 201 203 205 207 209 211 213 215 217 219 221 223 269 277 285 301 371 373 377 379 397 409 425 429 435 437 439 443 449 451 457 473 493 497 501 505 511 519 521 525 531 537 547 549 555 557 573 575 579 581 587 589 591 593 595 599 601 603 617 621 623 625 627 629 631 635 639 641 643 645 647 649 655 657 661 667 669 671 683 685 687 689 693 695 697 699 703 705 709 713 715 719 721 723 725 727 729 735 737 739 741 745 747 749 751 753 755 
187 1 3 5 7 9 11 13 15 25 29 31 33 37 39 41 45 53 55 57 59 61 63 65 67 69 71 75 77 79 81 83 85 87 89 91 93 95 97 99 101 103 105 107 109 111 113 115 117 121 123 125 127 129 131 133 135 137 139 141 143 145 149 151 155 159 161 163 167 169 171 173 175 177 179 181 183 185 187 189 191 193 195 197 199 201 203 205 207 209 211 213 215 269 277 285 301 371 373 377 379 397 409 425 429 435 437 439 443 449 451 457 473 493 497 501 505 511 519 521 525 531 537 547 549 555 557 573 575 579 581 587 589 591 593 595 599 601 603 617 621 623 625 627 629 631 635 639 641 643 645 647 649 655 657 661 667 669 671 683 685 687 689 693 695 697 699 703 705 709 713 715 719 721 723 725 727 729 735 737 739 741 745 747 749 751 753 755 
191 1 3 5 7 9 11 13 15 17 19 25 29 31 33 35 37 39 41 43 45 47 49 51 53 55 57 59 61 63 65 67 69 71 73 75 77 143 151 173 203 209 217 225 241 243 259 261 269 273 275 277 281 285 287 289 293 295 297 301 305 313 315 331 343 357 359 363 367 371 373 377 379 385 397 399 409 411 413 425 429 435 437 439 443 445 447 449 451 453 457 461 463 465 473 485 487 491 493 497 499 501 505 511 519 521 523 525 531 537 547 549 551 553 555 557 565 567 573 575 577 579 581 585 587 589 591 593 595 599 601 603 611 613 617 621 623 625 627 629 631 633 635 637 639 641 643 645 647 649 651 655 657 661 667 669 671 675 677 681 683 685 687 689 693 695 697 699 703 705 709 711 713 715 719 721 723 725 727 729 733 735 737 739 741 743 745 747 749 751 753 755 
185 1 3 5 7 9 11 13 15 25 29 31 33 37 39 41 45 51 53 55 57 59 61 63 65 67 69 71 75 77 79 81 83 85 87 89 91 93 95 97 99 101 103 105 107 109 111 113 115 117 121 123 125 127 129 131 133 135 137 139 141 143 145 149 151 155 159 161 163 167 169 171 173 175 177 179 181 183 185 187 189 191 193 195 197 199 201 203 205 207 209 269 277 285 301 371 373 377 379 397 409 425 429 435 437 439 443 449 451 457 473 493 497 501 505 511 519 521 525 531 537 547 549 555 557 573 575 579 581 587 589 591 593 595 599 601 603 617 621 623 625 627 629 631 635 639 641 643 645 647 649 655 657 661 667 669 671 683 685 687 689 693 695 697 699 703 705 709 713 715 719 721 723 725 727 729 735 737 739 741 745 747 749 751 753 755 
205 1 3 5 7 13 31 33 37 45 53 55 57 61 63 65 67 69 75 79 81 87 89 91 93 95 97 99 101 105 107 109 113 115 117 121 123 127 131 137 139 141 143 145 149 151 155 159 161 163 167 169 171 173 175 177 179 181 183 185 189 191 193 195 197 203 207 209 211 213 215 217 219 221 223 225 227 233 235 237 239 241 243 245 247 251 253 255 259 261 263 265 267 269 271 273 275 277 279 281 283 285 287 289 293 295 297 299 301 303 305 307 309 311 313 315 317 319 321 323 325 327 329 331 333 335 339 341 343 345 347 349 351 353 355 357 359 361 363 365 367 369 371 373 375 377 379 381 383 385 387 389 391 393 395 397 429 451 497 501 505 511 521 531 547 557 573 575 579 581 587 589 591 603 621 623 627 629 635 641 643 647 649 655 657 661 667 683 685 687 693 695 697 703 705 721 723 725 729 741 745 747 749 751 753 755 
185 1 3 5 7 9 11 13 15 17 19 25 29 31 33 37 39 41 45 51 53 55 57 59 61 63 65 67 69 71 73 75 77 79 81 83 85 87 89 91 93 95 97 99 101 103 105 107 109 111 113 115 117 119 121 123 173 225 241 259 269 273 275 277 285 287 293 295 301 305 315 331 359 363 367 371 373 377 379 385 397 399 409 411 413 425 429 435 437 439 443 449 451 453 457 463 465 473 485 487 491 493 497 499 501 505 511 519 521 523 525 531 537 547 549 555 557 565 573 575 577 579 581 585 587 589 591 593 595 599 601 603 611 617 621 623 625 627 629 631 635 637 639 641 643 645 647 649 655 657 661 667 669 671 675 677 683 685 687 689 693 695 697 699 703 705 709 713 715 719 721 723 725 727 729 733 735 737 739 741 745 747 749 751 753 755 
192 1 3 5 7 9 11 13 15 19 25 29 31 33 37 39 41 45 51 53 55 57 59 61 63 65 67 69 71 73 75 77 79 81 83 85 87 89 91 93 95 97 99 101 103 105 107 109 111 113 115 117 121 123 125 127 129 131 133 135 137 139 141 143 145 147 149 151 155 157 159 161 163 165 167 169 241 259 269 273 275 277 285 287 295 301 315 331 367 371 373 377 379 397 399 409 413 425 429 435 437 439 443 449 451 453 457 463 473 487 491 493 497 501 505 511 519 521 523 525 531 537 547 549 555 557 565 573 575 577 579 581 587 589 591 593 595 599 601 603 611 617 621 623 625 627 629 631 635 637 639 641 643 645 647 649 655 657 661 667 669 671 677 683 685 687 689 693 695 697 699 703 705 709 713 715 719 721 723 725 727 729 733 735 737 739 741 745 747 749 751 753 755 
192 1 3 5 7 9 11 13 15 19 25 29 31 33 37 39 41 45 51 53 55 57 59 61 63 65 67 69 71 73 75 77 79 81 83 85 87 89 91 93 95 97 99 101 103 105 107 109 111 113 115 117 121 123 125 127 129 131 133 135 137 139 141 143 145 149 151 155 157 159 161 163 165 167 169 171 173 175 177 179 181 183 185 187 189 191 193 195 197 241 269 273 275 277 285 295 301 371 373 377 379 397 409 425 429 435 437 439 443 449 451 457 463 473 493 497 501 505 511 519 521 523 525 531 537 547 549 555 557 565 573 575 579 581 587 589 591 593 595 599 601 603 611 617 621 623 625 627 629 631 635 639 641 643 645 647 649 655 657 661 667 669 671 683 685 687 689 693 695 697 699 703 705 709 713 715 719 721 723 725 727 729 733 735 737 739 741 745 747 749 751 753 755 
203 1 3 5 7 9 13 31 33 37 45 53 55 57 61 63 65 67 69 75 79 81 87 89 91 93 95 97 99 101 105 107 109 113 115 117 121 123 127 131 137 139 141 143 145 149 151 155 159 161 163 167 169 171 173 175 177 179 181 183 185 189 191 193 195 197 203 207 209 211 213 215 217 219 221 223 225 227 233 235 237 239 241 243 245 247 251 253 255 259 261 263 265 267 269 271 273 275 277 279 281 283 285 287 289 293 295 297 299 301 303 305 307 309 311 313 315 317 319 321 323 325 327 329 331 333 335 339 341 343 345 347 349 351 353 355 357 359 361 363 365 367 369 371 373 375 377 379 381 383 385 387 389 429 451 497 501 505 511 521 531 547 557 573 575 579 581 587 589 591 603 621 623 627 629 635 641 643 647 649 655 657 661 667 671 683 685 687 693 695 697 703 705 721 723 725 729 741 745 747 749 751 753 755 
191 7 13 33 45 61 63 67 75 81 89 95 97 109 113 117 123 127 131 141 143 145 151 155 159 161 163 173 181 183 189 197 203 209 213 215 217 219 221 223 225 227 235 237 239 241 243 253 255 259 261 269 273 275 277 279 281 283 285 287 289 293 295 297 301 305 309 313 315 317 319 323 325 331 333 341 343 345 349 351 357 359 361 363 367 369 371 373 377 379 381 385 387 391 395 397 399 403 409 411 413 415 417 421 423 425 429 433 435 437 439 443 445 447 449 451 453 455 457 461 463 465 467 469 471 473 475 481 483 485 487 489 491 493 497 499 501 505 509 511 513 517 519 521 523 525 527 531 533 535 537 541 543 547 549 551 553 555 557 559 563 565 567 569 571 573 575 577 579 581 583 585 587 589 591 593 595 597 599 601 603 605 607 609 611 613 657 683 695 703 721 729 
193 1 3 5 7 9 11 13 15 25 29 31 33 37 39 41 45 53 55 57 59 61 63 65 67 69 71 75 77 79 81 83 85 87 89 91 93 95 97 99 101 103 105 107 109 111 113 115 117 121 123 125 127 129 131 133 135 137 139 141 143 145 149 151 155 159 161 163 167 169 171 173 175 177 179 181 183 185 189 191 193 195 197 199 201 203 205 207 209 211 213 215 217 219 221 223 225 227 229 231 233 235 277 285 301 371 373 377 379 397 409 425 429 435 437 439 443 449 451 473 493 497 501 505 511 519 521 525 531 537 547 549 555 557 573 575 579 581 587 589 591 593 595 599 601 603 617 621 623 625 627 629 631 635 639 641 643 645 647 649 655 657 661 667 669 671 683 685 687 689 693 695 697 699 703 705 713 715 719 721 723 725 727 729 735 737 739 741 745 747 749 751 753 755 
200 1 3 5 7 9 13 25 31 33 37 39 41 45 53 55 57 59 61 63 65 67 69 71 75 77 79 81 87 89 91 93 95 97 99 101 103 105 107 109 113 115 117 121 123 125 127 129 131 135 137 139 141 143 145 149 151 155 159 161 163 167 169 171 173 175 177 179 181 183 185 189 191 193 195 197 201 203 205 207 209 211 213 215 217 219 221 223 225 227 231 233 235 237 239 241 243 245 247 249 251 253 255 259 261 263 265 267 269 271 273 275 277 279 281 283 285 287 289 293 295 297 299 301 303 305 307 309 311 313 315 317 319 321 323 325 327 329 331 333 371 397 429 435 449 451 497 501 505 511 521 531 547 549 557 573 575 579 581 587 589 591 595 599 603 621 623 627 629 635 641 643 647 649 655 657 661 667 671 683 685 687 693 695 697 699 703 705 719 721 723 725 727 729 741 745 747 749 751 753 755 
183 1 3 5 7 9 11 13 15 17 19 25 29 31 33 35 37 39 41 45 47 49 51 53 55 57 59 61 63 65 67 69 71 73 75 77 79 81 83 85 87 89 91 143 173 209 217 225 241 259 269 273 275 277 281 285 287 293 295 297 301 305 313 315 331 343 359 363 367 371 373 377 379 385 397 399 409 411 413 425 429 435 437 439 443 445 447 449 451 453 457 463 465 473 485 487 491 493 497 499 501 505 511 519 521 523 525 531 537 547 549 555 557 565 567 573 575 577 579 581 585 587 589 591 593 595 599 601 603 611 617 621 623 625 627 629 631 635 637 639 641 643 645 647 649 651 655 657 661 667 669 671 675 677 683 685 687 689 693 695 697 699 703 705 709 713 715 719 721 723 725 727 729 733 735 737 739 741 745 747 749 751 753 755 
194 1 3 5 7 9 11 13 15 17 19 21 23 25 27 29 31 61 63 81 143 145 151 173 189 203 209 215 217 219 225 241 243 259 261 269 273 275 277 281 283 285 287 289 293 295 297 301 305 313 315 317 325 331 341 343 357 359 363 367 371 373 377 379 385 397 399 403 409 411 413 421 425 429 433 435 437 439 443 445 447 449 451 453 457 461 463 465 471 473 481 485 487 489 491 493 497 499 501 505 511 513 519 521 523 525 531 537 541 547 549 551 553 555 557 565 567 573 575 577 579 581 585 587 589 591 593 595 599 601 603 605 611 613 617 621 623 625 627 629 631 633 635 637 639 641 643 645 647 649 651 655 657 661 667 669 671 675 677 679 681 683 685 687 689 693 695 697 699 701 703 705 709 711 713 715 719 721 723 725 727 729 731 733 735 737 739 741 743 745 747 749 751 753 755 
196 33 45 61 63 67 75 81 89 95 97 123 141 143 145 151 163 173 181 189 197 203 209 215 217 219 221 223 225 227 235 241 243 253 259 261 269 273 275 277 281 283 285 287 289 293 295 297 301 305 309 313 315 317 319 323 325 331 333 341 343 349 351 357 359 361 363 367 371 373 377 379 381 385 391 395 397 399 403 409 411 413 417 421 423 425 429 433 435 437 439 443 445 447 449 451 453 455 457 461 463 465 467 469 471 473 475 481 485 487 489 491 493 497 499 501 505 509 511 513 519 521 523 525 531 533 537 541 543 547 549 551 553 555 557 563 565 567 573 575 577 579 581 585 587 589 591 593 595 597 599 601 603 605 607 609 611 613 617 619 621 623 625 627 629 631 633 635 637 639 641 643 645 647 649 651 653 655 657 661 667 669 671 673 675 677 679 681 683 685 687 689 691 693 703 721 729 
192 1 3 5 7 9 11 13 15 19 25 29 31 33 37 39 41 45 51 53 55 57 59 61 63 65 67 69 71 73 75 77 79 81 83 85 87 89 91 93 95 97 99 101 103 105 107 109 111 113 115 117 121 123 125 127 129 131 133 135 137 139 141 143 145 147 149 151 155 157 159 161 163 165 167 169 171 173 175 177 241 259 269 273 275 277 285 287 295 301 315 331 367 371 373 377 379 397 409 413 425 429 435 437 439 443 449 451 457 463 473 491 493 497 501 505 511 519 521 523 525 531 537 547 549 555 557 565 573 575 579 581 587 589 591 593 595 599 601 603 611 617 621 623 625 627 629 631 635 637 639 641 643 645 647 649 655 657 661 667 669 671 677 683 685 687 689 693 695 697 699 703 705 709 713 715 719 721 723 725 727 729 733 735 737 739 741 745 747 749 751 753 755 
194 33 45 61 63 67 75 81 89 95 97 113 123 131 141 143 145 151 155 159 163 173 181 189 197 203 209 215 217 219 221 223 225 227 235 237 241 243 253 255 259 261 269 273 275 277 281 283 285 287 289 293 295 297 301 305 309 313 315 317 319 323 325 331 333 341 343 349 351 357 359 361 363 367 371 373 377 379 381 385 391 395 397 399 403 409 411 413 417 421 423 425 429 433 435 437 439 443 445 447 449 451 453 455 457 461 463 465 467 469 471 473 475 481 485 487 489 491 493 497 499 501 505 509 511 513 517 519 521 523 525 531 533 537 541 543 547 549 551 553 555 557 559 563 565 567 571 573 575 577 579 581 583 585 587 589 591 593 595 597 599 601 603 605 607 609 611 613 617 619 621 623 625 627 629 631 633 635 637 639 641 643 645 647 649 651 653 655 657 659 683 695 703 721 729 
204 1 3 5 7 9 13 31 33 37 45 53 55 57 61 63 65 67 69 75 79 81 87 89 91 93 95 97 99 101 105 107 109 113 115 117 121 123 127 131 137 139 141 143 145 149 151 155 159 161 163 167 169 171 173 175 177 179 181 183 185 189 191 193 195 197 201 203 207 209 211 213 215 217 219 221 223 225 227 233 235 237 239 241 243 245 247 251 253 255 259 261 263 265 267 269 271 273 275 277 279 281 283 285 287 289 293 295 297 299 301 303 305 307 309 311 313 315 317 319 321 323 325 327 329 331 333 335 339 341 343 345 347 349 351 353 355 357 359 361 363 365 367 369 371 373 375 377 379 381 383 385 387 429 451 497 501 505 511 521 531 547 549 557 573 575 579 581 587 589 591 603 621 623 627 629 635 641 643 647 649 655 657 661 667 671 683 685 687 693 695 697 703 705 721 723 725 729 741 745 747 749 751 753 755 
196 33 45 61 63 67 75 81 89 95 97 113 123 131 141 143 145 151 155 159 163 173 181 189 197 203 209 215 217 219 221 223 225 227 235 237 241 243 253 255 259 261 269 273 275 277 281 283 285 287 289 293 295 297 301 305 309 313 315 317 319 323 325 331 333 341 343 349 351 357 359 361 363 367 371 373 377 379 381 385 391 395 397 399 403 409 411 413 417 421 423 425 429 433 435 437 439 443 445 447 449 451 453 455 457 461 463 465 467 469 471 473 475 481 485 487 489 491 493 497 499 501 505 509 511 513 517 519 521 523 525 531 533 537 541 543 547 549 551 553 555 557 559 563 565 567 571 573 575 577 579 581 583 585 587 589 591 593 595 597 599 601 603 605 607 609 611 613 617 619 621 623 625 627 629 631 633 635 637 639 641 643 645 647 649 651 653 655 657 659 661 663 683 695 703 721 729 
191 1 3 5 7 9 11 13 15 19 25 29 31 33 37 39 41 45 51 53 55 57 59 61 63 65 67 69 71 73 75 77 79 81 83 85 87 89 91 93 95 97 99 101 103 105 107 109 111 113 115 117 121 123 125 127 129 131 133 135 137 139 141 143 145 149 151 155 157 159 161 163 165 167 169 171 173 175 177 179 181 183 185 187 189 191 241 269 273 275 277 285 295 301 331 371 373 377 379 397 409 425 429 435 437 439 443 449 451 457 463 473 493 497 501 505 511 519 521 523 525 531 537 547 549 555 557 565 573 575 579 581 587 589 591 593 595 599 601 603 611 617 621 623 625 627 629 631 635 639 641 643 645 647 649 655 657 661 667 669 671 677 683 685 687 689 693 695 697 699 703 705 709 713 715 719 721 723 725 727 729 733 735 737 739 741 745 747 749 751 753 755 
192 1 3 5 7 9 11 13 15 25 29 31 33 37 39 41 45 53 55 57 59 61 63 65 67 69 71 75 77 79 81 85 87 89 91 93 95 97 99 101 103 105 107 109 113 115 117 121 123 125 127 129 131 133 135 137 139 141 143 145 149 151 155 159 161 163 167 169 171 173 175 177 179 181 183 185 189 191 193 195 197 201 203 205 207 209 211 213 215 217 219 221 223 225 227 229 231 233 235 237 239 241 243 245 247 249 251 253 255 285 301 371 373 377 379 397 429 435 439 443 449 451 473 497 501 505 511 519 521 531 537 547 549 555 557 573 575 579 581 587 589 591 593 595 599 601 603 617 621 623 625 627 629 631 635 639 641 643 645 647 649 655 657 661 667 669 671 683 685 687 689 693 695 697 699 703 705 713 715 719 721 723 725 727 729 739 741 745 747 749 751 753 755 
186 3 7 13 33 45 61 63 67 75 81 89 95 97 105 109 113 117 123 127 131 141 143 145 151 155 159 161 163 167 173 181 183 189 193 197 203 209 213 215 217 219 221 223 225 227 235 237 239 241 243 245 253 255 259 261 269 273 275 277 279 281 283 285 287 289 293 295 297 299 301 305 309 313 315 317 319 323 325 329 331 333 341 343 345 349 351 353 357 359 361 363 367 369 371 373 375 377 379 381 385 387 391 395 397 399 403 405 409 411 413 415 417 421 423 425 427 429 431 433 435 437 439 443 445 447 449 451 453 455 457 461 463 465 467 469 471 473 475 481 483 485 487 489 491 493 497 499 501 503 505 507 509 511 513 515 517 519 521 523 525 527 529 531 533 535 537 539 541 543 545 547 557 627 635 649 657 683 695 697 703 721 723 729 745 747 749 
202 1 3 5 7 9 13 31 33 37 45 53 55 57 61 63 65 67 69 75 77 79 81 87 89 91 93 95 97 99 101 105 107 109 113 115 117 121 123 127 131 137 139 141 143 145 149 151 155 159 161 163 167 169 171 173 175 177 179 181 183 185 189 191 193 195 197 201 203 207 209 211 213 215 217 219 221 223 225 227 233 235 237 239 241 243 245 247 251 253 255 259 261 263 265 267 269 271 273 275 277 279 281 283 285 287 289 293 295 297 299 301 303 305 307 309 311 313 315 317 319 321 323 325 327 329 331 333 335 339 341 343 345 347 349 351 353 355 357 359 361 363 365 367 369 371 373 375 377 379 429 451 497 501 505 511 521 531 547 549 557 573 575 579 581 587 589 591 603 621 623 627 629 635 641 643 647 649 655 657 661 667 671 683 685 687 693 695 697 699 703 705 721 723 725 729 741 745 747 749 751 753 755 
189 1 3 5 7 9 11 13 15 25 29 31 33 37 39 41 45 51 53 55 57 59 61 63 65 67 69 71 73 75 77 79 81 83 85 87 89 91 93 95 97 99 101 103 105 107 109 111 113 115 117 121 123 125 127 129 131 133 135 137 139 141 143 145 149 151 155 159 161 163 165 167 169 171 173 175 177 179 181 183 185 187 189 191 193 195 197 199 241 269 273 277 285 301 371 373 377 379 397 409 425 429 435 437 439 443 449 451 457 463 473 493 497 501 505 511 519 521 523 525 531 537 547 549 555 557 565 573 575 579 581 587 589 591 593 595 599 601 603 611 617 621 623 625 627 629 631 635 639 641 643 645 647 649 655 657 661 667 669 671 683 685 687 689 693 695 697 699 703 705 709 713 715 719 721 723 725 727 729 733 735 737 739 741 745 747 749 751 753 755 
197 1 3 5 7 13 31 33 37 45 53 57 61 63 65 67 69 75 79 81 87 89 91 95 97 99 105 107 109 113 117 121 123 127 131 137 141 143 145 149 151 155 159 161 163 167 171 173 175 177 179 181 183 185 189 193 195 197 203 207 209 211 213 215 217 219 221 223 225 227 233 235 237 239 241 243 245 247 251 253 255 259 261 263 267 269 271 273 275 277 279 281 283 285 287 289 293 295 297 299 301 305 309 311 313 315 317 319 323 325 327 329 331 333 339 341 343 345 347 349 351 353 357 359 361 363 365 367 369 371 373 375 377 379 381 385 387 389 391 393 395 397 399 403 405 407 409 411 413 415 417 421 423 425 427 429 431 433 435 437 439 505 511 531 557 573 575 579 581 587 589 591 603 621 623 627 629 635 643 649 655 657 661 683 685 687 695 697 703 705 721 723 729 745 747 749 753 755 
191 1 3 5 7 9 13 25 31 33 37 39 41 45 53 55 57 59 61 63 65 67 69 71 75 77 79 81 87 89 91 93 95 97 99 101 103 105 107 109 113 115 117 121 123 125 127 129 131 135 137 139 141 143 145 149 151 155 159 161 163 167 169 171 173 175 177 179 181 183 185 189 191 193 195 197 201 203 205 207 209 211 213 215 217 219 221 223 225 227 229 231 233 235 237 239 241 243 245 247 249 251 253 255 259 261 263 265 267 269 271 273 275 277 279 281 283 285 287 289 291 293 295 297 299 371 373 379 397 429 435 449 451 497 501 505 511 521 531 547 549 555 557 573 575 579 581 587 589 591 593 595 599 603 621 623 625 627 629 635 641 643 647 649 655 657 661 667 671 683 685 687 693 695 697 699 703 705 713 719 721 723 725 727 729 741 745 747 749 751 753 755 
197 1 3 5 7 9 13 25 31 33 37 39 41 45 53 55 57 59 61 63 65 67 69 71 75 77 79 81 87 89 91 93 95 97 99 101 103 105 107 109 113 115 117 121 123 125 127 129 131 135 137 139 141 143 145 149 151 155 159 161 163 167 169 171 173 175 177 179 181 183 185 189 191 193 195 197 201 203 205 207 209 211 213 215 217 219 221 223 225 227 229 231 233 235 237 239 241 243 245 247 249 251 253 255 259 261 263 265 267 269 271 273 275 277 279 281 283 285 287 289 293 295 297 299 301 303 305 307 309 311 313 315 317 319 321 371 397 429 435 449 451 497 501 505 511 521 531 547 549 557 573 575 579 581 587 589 591 593 595 599 603 621 623 625 627 629 635 641 643 647 649 655 657 661 667 671 683 685 687 693 695 697 699 703 705 719 721 723 725 727 729 741 745 747 749 751 753 755 
193 13 33 45 61 63 67 75 81 89 95 97 109 113 123 131 141 143 145 151 155 159 163 173 181 189 197 203 209 215 217 219 221 223 225 227 235 237 241 243 253 255 259 261 269 273 275 277 281 283 285 287 289 293 295 297 301 305 309 313 315 317 319 323 325 331 333 341 343 345 349 351 357 359 361 363 367 371 373 377 379 381 385 391 395 397 399 403 409 411 413 417 421 423 425 429 433 435 437 439 443 445 447 449 451 453 455 457 461 463 465 467 469 471 473 475 481 485 487 489 491 493 497 499 501 505 509 511 513 517 519 521 523 525 527 531 533 537 541 543 547 549 551 553 555 557 559 563 565 567 571 573 575 577 579 581 583 585 587 589 591 593 595 597 599 601 603 605 607 609 611 613 617 619 621 623 625 627 629 631 633 635 637 639 641 643 645 647 649 683 695 703 721 729 
195 33 61 63 67 75 81 89 95 97 123 141 143 145 151 163 173 181 189 197 203 209 215 217 219 223 225 235 241 243 253 259 261 269 273 275 277 281 283 285 287 289 293 295 297 301 305 309 313 315 317 319 323 325 331 341 343 349 351 357 359 361 363 367 371 373 377 379 381 385 391 395 397 399 403 409 411 413 417 421 423 425 429 433 435 437 439 443 445 447 449 451 453 455 457 461 463 465 467 469 471 473 475 481 485 487 489 491 493 497 499 501 505 509 511 513 519 521 523 525 531 533 537 541 543 547 549 551 553 555 557 563 565 567 573 575 577 579 581 585 587 589 591 593 595 597 599 601 603 605 607 609 611 613 617 619 621 623 625 627 629 631 633 635 637 639 641 643 645 647 649 651 653 655 657 661 667 669 671 673 675 677 679 681 683 685 687 689 691 693 695 697 699 701 703 729 
201 1 3 5 7 9 13 31 33 37 39 45 53 55 57 61 63 65 67 69 75 77 79 81 87 89 91 93 95 97 99 101 105 107 109 113 115 117 121 123 127 131 137 139 141 143 145 149 151 155 159 161 163 167 169 171 173 175 177 179 181 183 185 189 191 193 195 197 201 203 207 209 211 213 215 217 219 221 223 225 227 233 235 237 239 241 243 245 247 251 253 255 259 261 263 265 267 269 271 273 275 277 279 281 283 285 287 289 293 295 297 299 301 303 305 307 309 311 313 315 317 319 321 323 325 327 329 331 333 335 339 341 343 345 347 349 351 353 355 357 359 361 363 365 367 369 371 373 429 435 451 497 501 505 511 521 531 547 549 557 573 575 579 581 587 589 591 603 621 623 627 629 635 641 643 647 649 655 657 661 667 671 683 685 687 693 695 697 699 703 705 721 723 725 729 741 745 747 749 751 753 755 
192 1 3 5 7 9 11 13 25 29 31 33 37 39 41 45 53 55 57 59 61 63 65 67 69 71 75 77 79 81 85 87 89 91 93 95 97 99 101 103 105 107 109 113 115 117 121 123 125 127 129 131 133 135 137 139 141 143 145 149 151 155 159 161 163 167 169 171 173 175 177 179 181 183 185 189 191 193 195 197 201 203 205 207 209 211 213 215 217 219 221 223 225 227 229 231 233 235 237 239 241 243 245 247 249 251 253 255 257 259 261 263 265 267 269 271 273 275 277 371 373 379 397 429 435 443 449 451 473 497 501 505 511 519 521 531 537 547 549 555 557 573 575 579 581 587 589 591 593 595 599 603 621 623 625 627 629 635 641 643 647 649 655 657 661 667 671 683 685 687 689 693 695 697 699 703 705 713 715 719 721 723 725 727 729 739 741 745 747 749 751 753 755 
192 1 3 7 13 31 33 45 57 61 63 67 69 75 81 87 89 95 97 105 107 109 113 117 123 127 131 137 141 143 145 149 151 155 159 161 163 167 173 181 183 189 193 195 197 203 209 213 215 217 219 221 223 225 227 233 235 237 239 241 243 245 247 251 253 255 259 261 269 271 273 275 277 279 281 283 285 287 289 293 295 297 299 301 305 309 313 315 317 319 323 325 327 329 331 333 341 343 345 347 349 351 353 357 359 361 363 367 369 371 373 375 377 379 381 385 387 391 395 397 399 403 405 407 409 411 413 415 417 421 423 425 427 429 431 433 435 437 439 443 445 447 449 451 453 455 457 461 463 465 467 469 471 473 475 481 483 485 487 489 491 493 497 499 501 503 505 507 531 557 575 579 587 603 627 635 649 655 657 661 683 685 687 695 697 703 721 723 729 745 747 749 755 
200 1 3 5 7 13 31 33 37 45 53 57 61 63 65 67 69 75 79 81 87 89 91 95 97 99 105 107 109 113 117 121 123 127 131 137 141 143 145 149 151 155 159 161 163 167 169 171 173 175 177 179 181 183 185 189 191 193 195 197 203 207 209 211 213 215 217 219 221 223 225 227 233 235 237 239 241 243 245 247 251 253 255 259 261 263 267 269 271 273 275 277 279 281 283 285 287 289 293 295 297 299 301 305 307 309 311 313 315 317 319 323 325 327 329 331 333 335 339 341 343 345 347 349 351 353 357 359 361 363 365 367 369 371 373 375 377 379 381 383 385 387 389 391 393 395 397 399 403 405 407 409 411 413 415 417 419 421 423 425 429 505 511 521 531 547 557 573 575 579 581 587 589 591 603 621 623 627 629 635 643 647 649 655 657 661 683 685 687 695 697 703 705 721 723 729 745 747 749 753 755 
185 1 3 5 7 9 11 13 15 19 25 29 31 33 37 39 41 45 51 53 55 57 59 61 63 65 67 69 71 73 75 77 79 81 83 85 87 89 91 93 95 97 99 101 103 105 107 109 111 113 115 117 121 123 125 127 129 131 133 135 137 139 141 143 145 173 241 259 269 273 275 277 285 287 295 301 315 331 359 367 371 373 377 379 385 397 399 409 413 425 429 435 437 439 443 449 451 453 457 463 473 487 491 493 497 501 505 511 519 521 523 525 531 537 547 549 555 557 565 573 575 577 579 581 587 589 591 593 595 599 601 603 611 617 621 623 625 627 629 631 635 637 639 641 643 645 647 649 655 657 661 667 669 671 675 677 683 685 687 689 693 695 697 699 703 705 709 713 715 719 721 723 725 727 729 733 735 737 739 741 745 747 749 751 753 755 
189 1 3 5 7 9 11 13 15 25 29 31 33 37 39 41 45 51 53 55 57 59 61 63 65 67 69 71 73 75 77 79 81 83 85 87 89 91 93 95 97 99 101 103 105 107 109 111 113 115 117 121 123 125 127 129 131 133 135 137 139 141 143 145 149 151 155 159 161 163 165 167 169 171 173 175 177 179 181 183 185 187 189 191 193 195 197 199 201 269 273 277 285 301 371 373 377 379 397 409 425 429 435 437 439 443 449 451 457 463 473 493 497 501 505 511 519 521 523 525 531 537 547 549 555 557 565 573 575 579 581 587 589 591 593 595 599 601 603 611 617 621 623 625 627 629 631 635 639 641 643 645 647 649 655 657 661 667 669 671 683 685 687 689 693 695 697 699 703 705 709 713 715 719 721 723 725 727 729 733 735 737 739 741 745 747 749 751 753 755 
201 1 3 5 7 13 31 33 37 45 53 57 61 63 65 67 69 75 79 81 87 89 91 95 97 99 101 105 107 109 113 117 121 123 127 131 137 141 143 145 149 151 155 159 161 163 167 169 171 173 175 177 179 181 183 185 189 191 193 195 197 203 207 209 211 213 215 217 219 221 223 225 227 233 235 237 239 241 243 245 247 251 253 255 259 261 263 265 267 269 271 273 275 277 279 281 283 285 287 289 293 295 297 299 301 303 305 307 309 311 313 315 317 319 323 325 327 329 331 333 335 339 341 343 345 347 349 351 353 357 359 361 363 365 367 369 371 373 375 377 379 381 383 385 387 389 391 393 395 397 399 401 403 405 407 409 411 413 429 505 511 521 531 547 557 573 575 579 581 587 589 591 603 621 623 627 629 635 641 643 647 649 655 657 661 667 683 685 687 693 695 697 703 705 721 723 729 745 747 749 753 755 
199 1 3 5 7 9 13 31 33 37 39 41 45 53 55 57 59 61 63 65 67 69 71 75 77 79 81 87 89 91 93 95 97 99 101 105 107 109 113 115 117 121 123 125 127 131 135 137 139 141 143 145 149 151 155 159 161 163 167 169 171 173 175 177 179 181 183 185 189 191 193 195 197 201 203 205 207 209 211 213 215 217 219 221 223 225 227 233 235 237 239 241 243 245 247 249 251 253 255 259 261 263 265 267 269 271 273 275 277 279 281 283 285 287 289 293 295 297 299 301 303 305 307 309 311 313 315 317 319 321 323 325 327 329 331 333 335 337 339 341 343 345 347 371 429 435 449 451 497 501 505 511 521 531 547 549 557 573 575 579 581 587 589 591 595 603 621 623 627 629 635 641 643 647 649 655 657 661 667 671 683 685 687 693 695 697 699 703 705 721 723 725 729 741 745 747 749 751 753 755 
193 1 3 5 7 9 13 25 31 33 37 39 41 45 53 55 57 59 61 63 65 67 69 71 75 77 79 81 87 89 91 93 95 97 99 101 103 105 107 109 113 115 117 121 123 125 127 129 131 135 137 139 141 143 145 149 151 155 159 161 163 167 169 171 173 175 177 179 181 183 185 189 191 193 195 197 201 203 205 207 209 211 213 215 217 219 221 223 225 227 229 231 233 235 237 239 241 243 245 247 249 251 253 255 259 261 263 265 267 269 271 273 275 277 279 281 283 285 287 289 291 293 295 297 299 301 303 371 373 379 397 429 435 449 451 497 501 505 511 521 531 547 549 555 557 573 575 579 581 587 589 591 593 595 599 603 621 623 625 627 629 635 641 643 647 649 655 657 661 667 671 683 685 687 693 695 697 699 703 705 713 719 721 723 725 727 729 741 745 747 749 751 753 755 
195 33 61 63 67 75 81 89 95 97 123 141 143 145 151 163 173 181 189 197 203 209 215 217 219 223 225 235 241 243 253 259 261 269 273 275 277 281 283 285 287 289 293 295 297 301 305 309 313 315 317 319 323 325 331 341 343 349 351 357 359 361 363 367 371 373 377 379 381 385 391 395 397 399 403 409 411 413 417 421 423 425 429 433 435 437 439 443 445 447 449 451 453 455 457 461 463 465 467 469 471 473 475 481 485 487 489 491 493 497 499 501 505 509 511 513 519 521 523 525 531 533 537 541 543 547 549 551 553 555 557 563 565 567 573 575 577 579 581 585 587 589 591 593 595 597 599 601 603 605 607 609 611 613 617 619 621 623 625 627 629 631 633 635 637 639 641 643 645 647 649 651 653 655 657 661 667 669 671 673 675 677 679 681 683 685 687 689 691 693 695 697 699 701 703 729 
196 13 33 45 61 63 67 75 81 89 95 97 109 113 117 123 131 141 143 145 151 155 159 161 163 173 181 189 197 203 209 215 217 219 221 223 225 227 235 237 239 241 243 253 255 259 261 269 273 275 277 281 283 285 287 289 293 295 297 301 305 309 313 315 317 319 323 325 331 333 341 343 345 349 351 357 359 361 363 367 371 373 377 379 381 385 391 395 397 399 403 409 411 413 415 417 421 423 425 429 433 435 437 439 443 445 447 449 451 453 455 457 461 463 465 467 469 471 473 475 481 485 487 489 491 493 497 499 501 505 509 511 513 517 519 521 523 525 527 531 533 537 541 543 547 549 551 553 555 557 559 563 565 567 571 573 575 577 579 581 583 585 587 589 591 593 595 597 599 601 603 605 607 609 611 613 617 619 621 623 625 627 629 631 633 635 637 639 641 643 645 647 683 695 703 721 729 
192 1 3 5 7 9 11 13 15 17 19 21 25 29 31 33 35 37 39 41 43 45 47 49 51 53 55 63 143 145 151 173 203 209 217 219 225 241 243 259 261 269 273 275 277 281 285 287 289 293 295 297 301 305 313 315 331 341 343 357 359 363 367 371 373 377 379 385 397 399 409 411 413 425 429 433 435 437 439 443 445 447 449 451 453 457 461 463 465 471 473 485 487 489 491 493 497 499 501 505 511 513 519 521 523 525 531 537 547 549 551 553 555 557 565 567 573 575 577 579 581 585 587 589 591 593 595 599 601 603 605 611 613 617 621 623 625 627 629 631 633 635 637 639 641 643 645 647 649 651 655 657 661 667 669 671 675 677 679 681 683 685 687 689 693 695 697 699 703 705 709 711 713 715 719 721 723 725 727 729 731 733 735 737 739 741 743 745 747 749 751 753 755 
193 1 3 5 7 13 31 33 37 45 57 61 63 65 67 69 75 79 81 87 89 91 95 97 99 105 107 109 113 117 121 123 127 131 137 141 143 145 149 151 155 159 161 163 167 171 173 175 177 181 183 189 193 195 197 203 207 209 211 213 215 217 219 221 223 225 227 233 235 237 239 241 243 245 247 251 253 255 259 261 263 267 269 271 273 275 277 279 281 283 285 287 289 293 295 297 299 301 305 309 311 313 315 317 319 323 325 327 329 331 333 341 343 345 347 349 351 353 357 359 361 363 367 369 371 373 375 377 379 381 385 387 391 395 397 399 403 405 407 409 411 413 415 417 421 423 425 427 429 431 433 435 437 439 443 445 447 449 451 453 505 511 531 557 573 575 579 581 587 589 603 621 623 627 629 635 649 655 657 661 683 685 687 695 697 703 721 723 729 745 747 749 753 755 
188 1 3 5 7 9 11 13 15 19 25 29 31 33 37 39 41 45 51 53 55 57 59 61 63 65 67 69 71 73 75 77 79 81 83 85 87 89 91 93 95 97 99 101 103 105 107 109 111 113 115 117 121 123 125 127 129 131 133 135 137 139 141 143 145 147 149 151 153 173 241 259 269 273 275 277 285 287 295 301 315 331 367 371 373 377 379 385 397 399 409 413 425 429 435 437 439 443 449 451 453 457 463 473 487 491 493 497 501 505 511 519 521 523 525 531 537 547 549 555 557 565 573 575 577 579 581 587 589 591 593 595 599 601 603 611 617 621 623 625 627 629 631 635 637 639 641 643 645 647 649 655 657 661 667 669 671 675 677 683 685 687 689 693 695 697 699 703 705 709 713 715 719 721 723 725 727 729 733 735 737 739 741 745 747 749 751 753 755 
193 61 63 67 75 81 89 97 143 145 151 163 173 181 189 203 209 215 217 219 223 225 235 241 243 259 261 269 273 275 277 281 283 285 287 289 293 295 297 301 305 309 313 315 317 325 331 341 343 349 351 357 359 363 367 371 373 377 379 381 385 397 399 403 409 411 413 421 423 425 429 433 435 437 439 443 445 447 449 451 453 457 461 463 465 469 471 473 475 481 485 487 489 491 493 497 499 501 505 509 511 513 519 521 523 525 531 533 537 541 547 549 551 553 555 557 565 567 573 575 577 579 581 585 587 589 591 593 595 597 599 601 603 605 609 611 613 617 621 623 625 627 629 631 633 635 637 639 641 643 645 647 649 651 655 657 661 667 669 671 675 677 679 681 683 685 687 689 691 693 695 697 699 701 703 705 707 709 711 713 715 717 719 721 723 725 727 729 731 733 735 737 739 741 
185 1 3 5 7 9 11 13 15 17 19 25 29 31 33 37 39 41 45 51 53 55 57 59 61 63 65 67 69 71 73 75 77 79 81 83 85 87 89 91 93 95 97 99 101 103 105 107 109 111 113 115 117 121 123 125 127 129 131 133 135 137 139 141 143 173 241 259 269 273 275 277 285 287 295 301 315 331 359 367 371 373 377 379 385 397 399 409 413 425 429 435 437 439 443 449 451 453 457 463 473 487 491 493 497 501 505 511 519 521 523 525 531 537 547 549 555 557 565 573 575 577 579 581 587 589 591 593 595 599 601 603 611 617 621 623 625 627 629 631 635 637 639 641 643 645 647 649 655 657 661 667 669 671 675 677 683 685 687 689 693 695 697 699 703 705 709 713 715 719 721 723 725 727 729 733 735 737 739 741 745 747 749 751 753 755 
198 1 3 5 7 9 13 31 33 37 39 41 45 53 55 57 61 63 65 67 69 75 77 79 81 87 89 91 93 95 97 99 101 105 107 109 113 115 117 121 123 127 131 137 139 141 143 145 149 151 155 159 161 163 167 169 171 173 175 177 179 181 183 185 189 191 193 195 197 201 203 207 209 211 213 215 217 219 221 223 225 227 233 235 237 239 241 243 245 247 251 253 255 259 261 263 265 267 269 271 273 275 277 279 281 283 285 287 289 293 295 297 299 301 303 305 307 309 311 313 315 317 319 321 323 325 327 329 331 333 335 339 341 343 345 347 349 351 353 355 357 359 361 371 429 435 451 497 501 505 511 521 531 547 549 557 573 575 579 581 587 589 591 595 603 621 623 627 629 635 641 643 647 649 655 657 661 667 671 683 685 687 693 695 697 699 703 705 721 723 725 729 741 745 747 749 751 753 755 
188 1 3 5 7 9 11 13 15 25 29 31 33 37 39 41 45 53 55 57 59 61 63 65 67 69 71 75 77 79 81 83 85 87 89 91 93 95 97 99 101 103 105 107 109 111 113 115 117 121 123 125 127 129 131 133 135 137 139 141 143 145 149 151 155 159 161 163 167 169 171 173 175 177 179 181 183 185 187 189 191 193 195 197 199 201 203 205 207 209 211 213 215 217 269 277 285 301 371 373 377 379 397 409 425 429 435 437 439 443 449 451 457 473 493 497 501 505 511 519 521 525 531 537 547 549 555 557 573 575 579 581 587 589 591 593 595 599 601 603 617 621 623 625 627 629 631 635 639 641 643 645 647 649 655 657 661 667 669 671 683 685 687 689 693 695 697 699 703 705 709 713 715 719 721 723 725 727 729 735 737 739 741 745 747 749 751 753 755 
200 1 3 5 7 13 31 33 37 45 53 57 61 63 65 67 69 75 79 81 87 89 91 95 97 99 101 105 107 109 113 117 121 123 127 131 137 141 143 145 149 151 155 159 161 163 167 169 171 173 175 177 179 181 183 185 189 191 193 195 197 203 207 209 211 213 215 217 219 221 223 225 227 233 235 237 239 241 243 245 247 251 253 255 259 261 263 265 267 269 271 273 275 277 279 281 283 285 287 289 293 295 297 299 301 305 307 309 311 313 315 317 319 323 325 327 329 331 333 335 339 341 343 345 347 349 351 353 357 359 361 363 365 367 369 371 373 375 377 379 381 383 385 387 389 391 393 395 397 399 403 405 407 409 411 413 415 417 429 505 511 521 531 547 557 573 575 579 581 587 589 591 603 621 623 627 629 635 641 643 647 649 655 657 661 667 683 685 687 695 697 703 705 721 723 729 745 747 749 753 755 
191 7 13 33 45 61 63 67 75 81 89 95 97 109 113 117 123 127 131 141 143 145 151 155 159 161 163 173 181 183 189 197 203 209 213 215 217 219 221 223 225 227 235 237 239 241 243 253 255 259 261 269 273 275 277 279 281 283 285 287 289 293 295 297 301 305 309 313 315 317 319 323 325 331 333 341 343 345 349 351 357 359 361 363 367 369 371 373 377 379 381 385 391 395 397 399 403 409 411 413 415 417 421 423 425 429 433 435 437 439 443 445 447 449 451 453 455 457 461 463 465 467 469 471 473 475 481 483 485 487 489 491 493 497 499 501 505 509 511 513 517 519 521 523 525 527 531 533 535 537 541 543 547 549 551 553 555 557 559 563 565 567 569 571 573 575 577 579 581 583 585 587 589 591 593 595 597 599 601 603 605 607 609 611 613 615 657 683 695 703 721 729 
194 1 3 5 7 9 11 13 15 25 29 31 33 37 39 41 45 53 55 57 59 61 63 65 67 69 71 75 77 79 81 85 87 89 91 93 95 97 99 101 103 105 107 109 113 115 117 121 123 125 127 129 131 133 135 137 139 141 143 145 149 151 155 159 161 163 167 169 171 173 175 177 179 181 183 185 189 191 193 195 197 201 203 205 207 209 211 213 215 217 219 221 223 225 227 229 231 233 235 237 239 241 243 245 247 249 251 253 255 257 259 261 263 265 267 269 271 371 373 377 379 397 429 435 443 449 451 473 497 501 505 511 519 521 531 537 547 549 555 557 573 575 579 581 587 589 591 593 595 599 601 603 617 621 623 625 627 629 635 641 643 647 649 655 657 661 667 669 671 683 685 687 689 693 695 697 699 703 705 713 715 719 721 723 725 727 729 739 741 745 747 749 751 753 755 
184 1 3 5 7 9 11 13 15 17 19 25 29 31 33 35 37 39 41 45 47 49 51 53 55 57 59 61 63 65 67 69 71 73 75 77 79 81 83 85 87 89 91 93 95 143 173 209 217 225 241 259 269 273 275 277 281 285 287 293 295 301 305 313 315 331 343 359 363 367 371 373 377 379 385 397 399 409 411 413 425 429 435 437 439 443 445 447 449 451 453 457 463 465 473 485 487 491 493 497 499 501 505 511 519 521 523 525 531 537 547 549 555 557 565 567 573 575 577 579 581 585 587 589 591 593 595 599 601 603 611 617 621 623 625 627 629 631 635 637 639 641 643 645 647 649 651 655 657 661 667 669 671 675 677 683 685 687 689 693 695 697 699 703 705 709 713 715 719 721 723 725 727 729 733 735 737 739 741 745 747 749 751 753 755 
194 33 45 61 63 67 75 81 89 95 97 109 113 123 131 141 143 145 151 155 159 163 173 181 189 197 203 209 215 217 219 221 223 225 227 235 237 241 243 253 255 259 261 269 273 275 277 281 283 285 287 289 293 295 297 301 305 309 313 315 317 319 323 325 331 333 341 343 345 349 351 357 359 361 363 367 371 373 377 379 381 385 391 395 397 399 403 409 411 413 417 421 423 425 429 433 435 437 439 443 445 447 449 451 453 455 457 461 463 465 467 469 471 473 475 481 485 487 489 491 493 497 499 501 505 509 511 513 517 519 521 523 525 531 533 537 541 543 547 549 551 553 555 557 559 563 565 567 571 573 575 577 579 581 583 585 587 589 591 593 595 597 599 601 603 605 607 609 611 613 617 619 621 623 625 627 629 631 633 635 637 639 641 643 645 647 649 651 653 655 683 695 703 721 729 
195 1 3 5 7 13 31 33 45 57 61 63 67 69 75 81 87 89 95 97 99 105 107 109 113 117 123 127 131 137 141 143 145 149 151 155 159 161 163 167 173 181 183 189 193 195 197 203 209 213 215 217 219 221 223 225 227 233 235 237 239 241 243 245 247 251 253 255 259 261 269 271 273 275 277 279 281 283 285 287 289 293 295 297 299 301 305 309 311 313 315 317 319 323 325 327 329 331 333 341 343 345 347 349 351 353 357 359 361 363 367 369 371 373 375 377 379 381 385 387 391 395 397 399 403 405 407 409 411 413 415 417 421 423 425 427 429 431 433 435 437 439 443 445 447 449 451 453 455 457 461 463 465 467 469 471 473 475 479 481 483 485 487 489 491 493 495 497 499 501 503 531 557 575 579 587 603 627 635 649 655 657 661 683 685 687 695 697 703 721 723 729 745 747 749 755 
196 1 3 5 7 13 31 33 45 57 61 63 67 69 75 79 81 87 89 95 97 99 105 107 109 113 117 123 127 131 137 141 143 145 149 151 155 159 161 163 167 171 173 181 183 189 193 195 197 203 209 213 215 217 219 221 223 225 227 233 235 237 239 241 243 245 247 251 253 255 259 261 269 271 273 275 277 279 281 283 285 287 289 293 295 297 299 301 305 309 311 313 315 317 319 323 325 327 329 331 333 341 343 345 347 349 351 353 357 359 361 363 367 369 371 373 375 377 379 381 385 387 391 395 397 399 403 405 407 409 411 413 415 417 421 423 425 427 429 431 433 435 437 439 443 445 447 449 451 453 455 457 461 463 465 467 469 471 473 475 479 481 483 485 487 489 491 493 495 497 499 531 557 575 579 587 603 627 635 649 655 657 661 683 685 687 695 697 703 721 723 729 745 747 749 753 755 
188 1 3 5 7 9 11 13 15 19 25 29 31 33 37 39 41 45 51 53 55 57 59 61 63 65 67 69 71 73 75 77 79 81 83 85 87 89 91 93 95 97 99 101 103 105 107 109 111 113 115 117 121 123 125 127 129 131 133 135 137 139 141 143 145 147 149 151 153 155 173 241 259 269 273 275 277 285 287 295 301 315 331 367 371 373 377 379 385 397 399 409 413 425 429 435 437 439 443 449 451 453 457 463 473 487 491 493 497 501 505 511 519 521 523 525 531 537 547 549 555 557 565 573 575 577 579 581 587 589 591 593 595 599 601 603 611 617 621 623 625 627 629 631 635 637 639 641 643 645 647 649 655 657 661 667 669 671 677 683 685 687 689 693 695 697 699 703 705 709 713 715 719 721 723 725 727 729 733 735 737 739 741 745 747 749 751 753 755 
191 3 7 13 33 45 61 63 67 75 81 89 95 97 105 109 113 117 123 127 131 141 143 145 151 155 159 161 163 173 181 183 189 193 197 203 209 213 215 217 219 221 223 225 227 235 237 239 241 243 245 253 255 259 261 269 273 275 277 279 281 283 285 287 289 293 295 297 299 301 305 309 313 315 317 319 323 325 331 333 341 343 345 349 351 353 357 359 361 363 367 369 371 373 377 379 381 385 387 391 395 397 399 403 409 411 413 415 417 421 423 425 427 429 433 435 437 439 443 445 447 449 451 453 455 457 461 463 465 467 469 471 473 475 481 483 485 487 489 491 493 497 499 501 503 505 507 509 511 513 515 517 519 521 523 525 527 531 533 535 537 541 543 545 547 549 551 553 555 557 559 561 563 565 567 569 571 573 575 635 649 657 683 695 697 703 721 723 729 745 747 749 
187 1 3 7 13 33 45 61 63 67 69 75 81 89 95 97 105 107 109 113 117 123 127 131 137 141 143 145 149 151 155 159 161 163 167 173 181 183 189 193 197 203 209 213 215 217 219 221 223 225 227 235 237 239 241 243 245 253 255 259 261 269 271 273 275 277 279 281 283 285 287 289 293 295 297 299 301 305 309 313 315 317 319 323 325 329 331 333 341 343 345 349 351 353 357 359 361 363 367 369 371 373 375 377 379 381 385 387 391 395 397 399 403 405 407 409 411 413 415 417 421 423 425 427 429 431 433 435 437 439 443 445 447 449 451 453 455 457 461 463 465 467 469 471 473 475 481 483 485 487 489 491 493 497 499 501 503 505 507 509 511 513 515 517 519 521 523 525 527 529 531 557 627 635 649 657 661 683 685 695 697 703 721 723 729 745 747 749 
187 3 7 13 33 45 61 63 67 69 75 81 89 95 97 105 107 109 113 117 123 127 131 137 141 143 145 149 151 155 159 161 163 167 173 181 183 189 193 197 203 209 213 215 217 219 221 223 225 227 235 237 239 241 243 245 253 255 259 261 269 271 273 275 277 279 281 283 285 287 289 293 295 297 299 301 305 309 313 315 317 319 323 325 329 331 333 341 343 345 349 351 353 357 359 361 363 367 369 371 373 375 377 379 381 385 387 391 395 397 399 403 405 407 409 411 413 415 417 421 423 425 427 429 431 433 435 437 439 443 445 447 449 451 453 455 457 461 463 465 467 469 471 473 475 481 483 485 487 489 491 493 497 499 501 503 505 507 509 511 513 515 517 519 521 523 525 527 529 531 533 535 537 557 627 635 649 657 683 695 697 703 721 723 729 745 747 749 
204 1 3 5 7 9 13 31 33 37 45 53 55 57 61 63 65 67 69 75 79 81 87 89 91 93 95 97 99 101 105 107 109 113 115 117 121 123 127 131 137 139 141 143 145 149 151 155 159 161 163 167 169 171 173 175 177 179 181 183 185 189 191 193 195 197 201 203 207 209 211 213 215 217 219 221 223 225 227 233 235 237 239 241 243 245 247 251 253 255 259 261 263 265 267 269 271 273 275 277 279 281 283 285 287 289 293 295 297 299 301 303 305 307 309 311 313 315 317 319 321 323 325 327 329 331 333 335 339 341 343 345 347 349 351 353 355 357 359 361 363 365 367 369 371 373 375 377 379 381 383 385 387 429 451 497 501 505 511 521 531 547 549 557 573 575 579 581 587 589 591 603 621 623 627 629 635 641 643 647 649 655 657 661 667 671 683 685 687 693 695 697 703 705 721 723 725 729 741 745 747 749 751 753 755 
204 1 3 5 7 13 31 33 37 45 53 55 57 61 63 65 67 69 75 79 81 87 89 91 93 95 97 99 101 105 107 109 113 115 117 121 123 127 131 137 139 141 143 145 149 151 155 159 161 163 167 169 171 173 175 177 179 181 183 185 189 191 193 195 197 203 207 209 211 213 215 217 219 221 223 225 227 233 235 237 239 241 243 245 247 251 253 255 259 261 263 265 267 269 271 273 275 277 279 281 283 285 287 289 293 295 297 299 301 303 305 307 309 311 313 315 317 319 321 323 325 327 329 331 333 335 339 341 343 345 347 349 351 353 357 359 361 363 365 367 369 371 373 375 377 379 381 383 385 387 389 391 393 395 397 399 401 403 429 451 501 505 511 521 531 547 557 573 575 579 581 587 589 591 603 621 623 627 629 635 641 643 647 649 655 657 661 667 683 685 687 693 695 697 703 705 721 723 729 745 747 749 751 753 755 
187 1 3 5 7 9 11 13 15 25 29 31 33 37 39 41 45 51 53 55 57 59 61 63 65 67 69 71 75 77 79 81 83 85 87 89 91 93 95 97 99 101 103 105 107 109 111 113 115 117 121 123 125 127 129 131 133 135 137 139 141 143 145 149 151 155 159 161 163 167 169 171 173 175 177 179 181 183 185 187 189 191 193 195 197 199 201 203 205 207 209 211 213 269 277 285 301 371 373 377 379 397 409 425 429 435 437 439 443 449 451 457 473 493 497 501 505 511 519 521 525 531 537 547 549 555 557 573 575 579 581 587 589 591 593 595 599 601 603 617 621 623 625 627 629 631 635 639 641 643 645 647 649 655 657 661 667 669 671 683 685 687 689 693 695 697 699 703 705 709 713 715 719 721 723 725 727 729 735 737 739 741 745 747 749 751 753 755 
195 33 45 61 63 67 75 81 89 95 97 123 141 143 145 151 155 159 163 173 181 189 197 203 209 215 217 219 221 223 225 227 235 241 243 253 259 261 269 273 275 277 281 283 285 287 289 293 295 297 301 305 309 313 315 317 319 323 325 331 333 341 343 349 351 357 359 361 363 367 371 373 377 379 381 385 391 395 397 399 403 409 411 413 417 421 423 425 429 433 435 437 439 443 445 447 449 451 453 455 457 461 463 465 467 469 471 473 475 481 485 487 489 491 493 497 499 501 505 509 511 513 519 521 523 525 531 533 537 541 543 547 549 551 553 555 557 563 565 567 571 573 575 577 579 581 585 587 589 591 593 595 597 599 601 603 605 607 609 611 613 617 619 621 623 625 627 629 631 633 635 637 639 641 643 645 647 649 651 653 655 657 661 667 669 671 673 675 677 679 681 683 685 703 721 729 
204 1 3 5 7 13 31 33 37 45 53 55 57 61 63 65 67 69 75 79 81 87 89 91 95 97 99 101 105 107 109 113 115 117 121 123 127 131 137 139 141 143 145 149 151 155 159 161 163 167 169 171 173 175 177 179 181 183 185 189 191 193 195 197 203 207 209 211 213 215 217 219 221 223 225 227 233 235 237 239 241 243 245 247 251 253 255 259 261 263 265 267 269 271 273 275 277 279 281 283 285 287 289 293 295 297 299 301 303 305 307 309 311 313 315 317 319 323 325 327 329 331 333 335 339 341 343 345 347 349 351 353 357 359 361 363 365 367 369 371 373 375 377 379 381 383 385 387 389 391 393 395 397 399 401 403 405 407 409 411 429 451 505 511 521 531 547 557 573 575 579 581 587 589 591 603 621 623 627 629 635 641 643 647 649 655 657 661 667 683 685 687 693 695 697 703 705 721 723 729 745 747 749 753 755 
191 1 3 7 13 33 45 61 63 67 69 75 81 87 89 95 97 105 107 109 113 117 123 127 131 137 141 143 145 149 151 155 159 161 163 167 173 181 183 189 193 197 203 209 213 215 217 219 221 223 225 227 235 237 239 241 243 245 251 253 255 259 261 269 271 273 275 277 279 281 283 285 287 289 293 295 297 299 301 305 309 313 315 317 319 323 325 327 329 331 333 341 343 345 347 349 351 353 357 359 361 363 367 369 371 373 375 377 379 381 385 387 391 395 397 399 403 405 407 409 411 413 415 417 421 423 425 427 429 431 433 435 437 439 443 445 447 449 451 453 455 457 461 463 465 467 469 471 473 475 481 483 485 487 489 491 493 497 499 501 503 505 507 509 511 513 515 517 519 521 523 525 557 575 579 603 627 635 649 657 661 683 685 695 697 703 721 723 729 745 747 749 
195 1 3 5 7 9 13 25 31 33 37 39 41 45 53 55 57 59 61 63 65 67 69 71 75 77 79 81 87 89 91 93 95 97 99 101 103 105 107 109 113 115 117 121 123 125 127 129 131 135 137 139 141 143 145 149 151 155 159 161 163 167 169 171 173 175 177 179 181 183 185 189 191 193 195 197 201 203 205 207 209 211 213 215 217 219 221 223 225 227 229 231 233 235 237 239 241 243 245 247 249 251 253 255 259 261 263 265 267 269 271 273 275 277 279 281 283 285 287 289 291 293 295 297 299 301 303 305 307 309 371 379 397 429 435 449 451 497 501 505 511 521 531 547 549 555 557 573 575 579 581 587 589 591 593 595 599 603 621 623 625 627 629 635 641 643 647 649 655 657 661 667 671 683 685 687 693 695 697 699 703 705 713 719 721 723 725 727 729 741 745 747 749 751 753 755 
193 1 3 5 7 13 31 33 45 57 61 63 67 69 75 79 81 87 89 91 95 97 99 105 107 109 113 117 123 127 131 137 141 143 145 149 151 155 159 161 163 167 171 173 181 183 189 193 195 197 203 209 213 215 217 219 221 223 225 227 233 235 237 239 241 243 245 247 251 253 255 259 261 267 269 271 273 275 277 279 281 283 285 287 289 293 295 297 299 301 305 309 311 313 315 317 319 323 325 327 329 331 333 341 343 345 347 349 351 353 357 359 361 363 367 369 371 373 375 377 379 381 385 387 391 395 397 399 403 405 407 409 411 413 415 417 421 423 425 427 429 431 433 435 437 439 443 445 447 449 451 453 455 457 459 461 463 465 467 469 471 473 475 477 479 481 531 557 573 575 579 587 603 621 627 635 649 655 657 661 683 685 687 695 697 703 721 723 729 745 747 749 753 755 
186 1 3 5 7 9 11 13 15 25 29 31 33 37 39 41 45 51 53 55 57 59 61 63 65 67 69 71 75 77 79 81 83 85 87 89 91 93 95 97 99 101 103 105 107 109 111 113 115 117 121 123 125 127 129 131 133 135 137 139 141 143 145 149 151 155 159 161 163 167 169 171 173 175 177 179 181 183 185 187 189 191 193 195 197 199 201 203 205 207 269 273 277 285 301 371 373 377 379 397 409 425 429 435 437 439 443 449 451 457 473 493 497 501 505 511 519 521 525 531 537 547 549 555 557 565 573 575 579 581 587 589 591 593 595 599 601 603 617 621 623 625 627 629 631 635 639 641 643 645 647 649 655 657 661 667 669 671 683 685 687 689 693 695 697 699 703 705 709 713 715 719 721 723 725 727 729 735 737 739 741 745 747 749 751 753 755 
200 1 3 5 7 13 31 33 37 45 53 57 61 63 65 67 69 75 79 81 87 89 91 95 97 99 101 105 107 109 113 117 121 123 127 131 137 141 143 145 149 151 155 159 161 163 167 169 171 173 175 177 179 181 183 185 189 191 193 195 197 203 207 209 211 213 215 217 219 221 223 225 227 233 235 237 239 241 243 245 247 251 253 255 259 261 263 265 267 269 271 273 275 277 279 281 283 285 287 289 293 295 297 299 301 305 307 309 311 313 315 317 319 323 325 327 329 331 333 335 339 341 343 345 347 349 351 353 357 359 361 363 365 367 369 371 373 375 377 379 381 383 385 387 389 391 393 395 397 399 403 405 407 409 411 413 415 429 505 511 521 531 547 557 573 575 579 581 587 589 591 603 621 623 627 629 635 641 643 647 649 655 657 661 667 683 685 687 693 695 697 703 705 721 723 729 745 747 749 753 755 
190 1 3 5 7 9 11 13 15 25 29 31 33 37 39 41 45 53 55 57 59 61 63 65 67 69 71 75 77 79 81 83 85 87 89 91 93 95 97 99 101 103 105 107 109 111 113 115 117 121 123 125 127 129 131 133 135 137 139 141 143 145 149 151 155 159 161 163 167 169 171 173 175 177 179 181 183 185 189 191 193 195 197 199 201 203 205 207 209 211 213 215 217 219 221 223 225 227 229 277 285 301 371 373 377 379 397 409 425 429 435 437 439 443 449 451 473 493 497 501 505 511 519 521 525 531 537 547 549 555 557 573 575 579 581 587 589 591 593 595 599 601 603 617 621 623 625 627 629 631 635 639 641 643 645 647 649 655 657 661 667 669 671 683 685 687 689 693 695 697 699 703 705 713 715 719 721 723 725 727 729 735 737 739 741 745 747 749 751 753 755 
193 1 3 5 7 13 31 33 37 45 57 61 63 67 69 75 79 81 87 89 91 95 97 99 105 107 109 113 117 123 127 131 137 141 143 145 149 151 155 159 161 163 167 171 173 177 181 183 189 193 195 197 203 209 213 215 217 219 221 223 225 227 233 235 237 239 241 243 245 247 251 253 255 259 261 267 269 271 273 275 277 279 281 283 285 287 289 293 295 297 299 301 305 309 311 313 315 317 319 323 325 327 329 331 333 341 343 345 347 349 351 353 357 359 361 363 367 369 371 373 375 377 379 381 385 387 391 395 397 399 403 405 407 409 411 413 415 417 421 423 425 427 429 431 433 435 437 439 443 445 447 449 451 453 455 457 459 461 463 465 467 469 471 473 475 477 531 557 573 575 579 587 603 621 627 635 649 655 657 661 683 685 687 695 697 703 721 723 729 745 747 749 753 755 
183 1 3 5 7 9 11 13 15 17 19 25 29 31 33 37 39 41 45 51 53 55 57 59 61 63 65 67 69 71 73 75 77 79 81 83 85 87 89 91 93 95 97 99 101 103 105 143 173 209 217 225 241 259 269 273 275 277 281 285 287 293 295 301 305 315 331 359 363 367 371 373 377 379 385 397 399 409 411 413 425 429 435 437 439 443 445 447 449 451 453 457 463 465 473 485 487 491 493 497 499 501 505 511 519 521 523 525 531 537 547 549 555 557 565 567 573 575 577 579 581 585 587 589 591 593 595 599 601 603 611 617 621 623 625 627 629 631 635 637 639 641 643 645 647 649 655 657 661 667 669 671 675 677 683 685 687 689 693 695 697 699 703 705 709 713 715 719 721 723 725 727 729 733 735 737 739 741 745 747 749 751 753 755 
193 3 7 13 33 45 61 63 67 75 81 89 95 97 109 113 117 123 127 131 141 143 145 151 155 159 161 163 173 181 183 189 197 203 209 213 215 217 219 221 223 225 227 235 237 239 241 243 253 255 259 261 269 273 275 277 279 281 283 285 287 289 293 295 297 299 301 305 309 313 315 317 319 323 325 331 333 341 343 345 349 351 353 357 359 361 363 367 369 371 373 377 379 381 385 387 391 395 397 399 403 409 411 413 415 417 421 423 425 429 433 435 437 439 443 445 447 449 451 453 455 457 461 463 465 467 469 471 473 475 481 483 485 487 489 491 493 497 499 501 503 505 509 511 513 515 517 519 521 523 525 527 531 533 535 537 541 543 547 549 551 553 555 557 559 561 563 565 567 569 571 573 575 577 579 581 583 585 587 589 591 593 595 597 599 649 657 683 695 697 703 721 729 749 
191 1 3 5 7 9 11 13 25 31 33 37 39 41 45 53 55 57 59 61 63 65 67 69 71 75 77 79 81 87 89 91 93 95 97 99 101 103 105 107 109 113 115 117 121 123 125 127 129 131 135 137 139 141 143 145 149 151 155 159 161 163 167 169 171 173 175 177 179 181 183 185 189 191 193 195 197 201 203 205 207 209 211 213 215 217 219 221 223 225 227 229 231 233 235 237 239 241 243 245 247 249 251 253 255 257 259 261 263 265 267 269 271 273 275 277 279 281 283 371 373 379 397 429 435 443 449 451 473 497 501 505 511 519 521 531 537 547 549 555 557 573 575 579 581 587 589 591 593 595 599 603 621 623 625 627 629 635 641 643 647 649 655 657 661 667 671 683 685 687 689 693 695 697 699 703 705 713 715 719 721 723 725 727 729 741 745 747 749 751 753 755 
191 1 3 5 7 9 11 13 15 17 19 21 25 27 29 31 33 35 37 39 41 43 45 47 63 143 145 151 173 203 209 217 219 225 241 243 259 261 269 273 275 277 281 285 287 289 293 295 297 301 305 313 315 331 341 343 357 359 363 367 371 373 377 379 385 397 399 403 409 411 413 425 429 433 435 437 439 443 445 447 449 451 453 457 461 463 465 471 473 485 487 489 491 493 497 499 501 505 511 513 519 521 523 525 531 537 541 547 549 551 553 555 557 565 567 573 575 577 579 581 585 587 589 591 593 595 599 601 603 605 611 613 617 621 623 625 627 629 631 633 635 637 639 641 643 645 647 649 651 655 657 661 667 669 671 675 677 679 681 683 685 687 689 693 695 697 699 703 705 709 711 713 715 719 721 723 725 727 729 731 733 735 737 739 741 743 745 747 749 751 753 755 
191 3 7 13 33 45 61 63 67 75 81 89 95 97 105 109 113 117 123 127 131 141 143 145 151 155 159 161 163 173 181 183 189 197 203 209 213 215 217 219 221 223 225 227 235 237 239 241 243 245 253 255 259 261 269 273 275 277 279 281 283 285 287 289 293 295 297 299 301 305 309 313 315 317 319 323 325 331 333 341 343 345 349 351 353 357 359 361 363 367 369 371 373 377 379 381 385 387 391 395 397 399 403 409 411 413 415 417 421 423 425 427 429 433 435 437 439 443 445 447 449 451 453 455 457 461 463 465 467 469 471 473 475 481 483 485 487 489 491 493 497 499 501 503 505 507 509 511 513 515 517 519 521 523 525 527 531 533 535 537 541 543 547 549 551 553 555 557 559 561 563 565 567 569 571 573 575 577 579 581 649 657 683 695 697 703 721 723 729 745 747 749 
192 3 7 13 33 45 61 63 67 75 81 89 95 97 105 109 113 117 123 127 131 141 143 145 151 155 159 161 163 173 181 183 189 197 203 209 213 215 217 219 221 223 225 227 235 237 239 241 243 245 253 255 259 261 269 273 275 277 279 281 283 285 287 289 293 295 297 299 301 305 309 313 315 317 319 323 325 331 333 341 343 345 349 351 353 357 359 361 363 367 369 371 373 377 379 381 385 387 391 395 397 399 403 409 411 413 415 417 421 423 425 427 429 433 435 437 439 443 445 447 449 451 453 455 457 461 463 465 467 469 471 473 475 481 483 485 487 489 491 493 497 499 501 503 505 509 511 513 515 517 519 521 523 525 527 531 533 535 537 541 543 547 549 551 553 555 557 559 561 563 565 567 569 571 573 575 577 579 581 583 585 587 589 649 657 683 695 697 703 721 723 729 749 
186 1 3 5 7 9 11 13 15 19 25 29 31 33 37 39 41 45 51 53 55 57 59 61 63 65 67 69 71 73 75 77 79 81 83 85 87 89 91 93 95 97 99 101 103 105 107 109 111 113 115 117 121 123 125 127 129 131 133 135 137 139 141 143 145 147 173 241 259 269 273 275 277 285 287 295 301 315 331 359 367 371 373 377 379 385 397 399 409 413 425 429 435 437 439 443 449 451 453 457 463 473 487 491 493 497 501 505 511 519 521 523 525 531 537 547 549 555 557 565 573 575 577 579 581 587 589 591 593 595 599 601 603 611 617 621 623 625 627 629 631 635 637 639 641 643 645 647 649 655 657 661 667 669 671 675 677 683 685 687 689 693 695 697 699 703 705 709 713 715 719 721 723 725 727 729 733 735 737 739 741 745 747 749 751 753 755 
199 1 3 5 7 9 13 31 33 37 39 41 45 53 55 57 59 61 63 65 67 69 71 75 77 79 81 87 89 91 93 95 97 99 101 105 107 109 113 115 117 121 123 125 127 131 135 137 139 141 143 145 149 151 155 159 161 163 167 169 171 173 175 177 179 181 183 185 189 191 193 195 197 201 203 205 207 209 211 213 215 217 219 221 223 225 227 231 233 235 237 239 241 243 245 247 249 251 253 255 259 261 263 265 267 269 271 273 275 277 279 281 283 285 287 289 293 295 297 299 301 303 305 307 309 311 313 315 317 319 321 323 325 327 329 331 333 335 337 339 371 429 435 449 451 497 501 505 511 521 531 547 549 557 573 575 579 581 587 589 591 595 599 603 621 623 627 629 635 641 643 647 649 655 657 661 667 671 683 685 687 693 695 697 699 703 705 719 721 723 725 727 729 741 745 747 749 751 753 755 
192 1 3 5 7 13 31 33 45 57 61 63 67 69 75 79 81 87 89 91 95 97 99 105 107 109 113 117 123 127 131 137 141 143 145 149 151 155 159 161 163 167 171 173 181 183 189 193 195 197 203 209 213 215 217 219 221 223 225 227 233 235 237 239 241 243 245 247 251 253 255 259 261 267 269 271 273 275 277 279 281 283 285 287 289 293 295 297 299 301 305 309 311 313 315 317 319 323 325 327 329 331 333 341 343 345 347 349 351 353 357 359 361 363 367 369 371 373 375 377 379 381 385 387 391 395 397 399 403 405 407 409 411 413 415 417 421 423 425 427 429 431 433 435 437 439 443 445 447 449 451 453 455 457 459 461 463 465 467 469 471 473 475 477 479 531 557 573 575 579 587 603 621 627 635 649 655 657 661 683 685 687 695 697 703 721 723 729 745 747 749 753 755 
191 1 3 7 13 33 45 61 63 67 69 75 81 87 89 95 97 105 107 109 113 117 123 127 131 137 141 143 145 149 151 155 159 161 163 167 173 181 183 189 193 195 197 203 209 213 215 217 219 221 223 225 227 233 235 237 239 241 243 245 247 251 253 255 259 261 269 271 273 275 277 279 281 283 285 287 289 293 295 297 299 301 305 309 313 315 317 319 323 325 327 329 331 333 341 343 345 347 349 351 353 357 359 361 363 367 369 371 373 375 377 379 381 385 387 391 395 397 399 403 405 407 409 411 413 415 417 421 423 425 427 429 431 433 435 437 439 443 445 447 449 451 453 455 457 461 463 465 467 469 471 473 475 481 483 485 487 489 491 493 497 499 501 503 505 507 509 511 531 557 575 579 587 603 627 635 649 655 657 661 683 685 687 695 697 703 721 723 729 745 747 749 
191 1 3 5 7 9 13 25 31 33 37 39 41 45 53 55 57 59 61 63 65 67 69 71 75 77 79 81 87 89 91 93 95 97 99 101 103 105 107 109 113 115 117 121 123 125 127 129 131 135 137 139 141 143 145 149 151 155 159 161 163 167 169 171 173 175 177 179 181 183 185 189 191 193 195 197 201 203 205 207 209 211 213 215 217 219 221 223 225 227 229 231 233 235 237 239 241 243 245 247 249 251 253 255 259 261 263 265 267 269 271 273 275 277 279 281 283 285 287 289 291 293 295 297 299 371 373 379 397 429 435 449 451 497 501 505 511 521 531 547 549 555 557 573 575 579 581 587 589 591 593 595 599 603 621 623 625 627 629 635 641 643 647 649 655 657 661 667 671 683 685 687 693 695 697 699 703 705 713 719 721 723 725 727 729 741 745 747 749 751 753 755 
193 3 7 13 33 45 61 63 67 75 81 89 95 97 109 113 117 123 127 131 141 143 145 151 155 159 161 163 173 181 183 189 197 203 209 213 215 217 219 221 223 225 227 235 237 239 241 243 245 253 255 259 261 269 273 275 277 279 281 283 285 287 289 293 295 297 299 301 305 309 313 315 317 319 323 325 331 333 341 343 345 349 351 353 357 359 361 363 367 369 371 373 377 379 381 385 387 391 395 397 399 403 409 411 413 415 417 421 423 425 427 429 433 435 437 439 443 445 447 449 451 453 455 457 461 463 465 467 469 471 473 475 481 483 485 487 489 491 493 497 499 501 503 505 509 511 513 515 517 519 521 523 525 527 531 533 535 537 541 543 547 549 551 553 555 557 559 561 563 565 567 569 571 573 575 577 579 581 583 585 587 589 591 593 595 649 657 683 695 697 703 721 729 749 
193 1 3 7 13 33 45 61 63 67 69 75 81 87 89 95 97 105 107 109 113 117 123 127 131 137 141 143 145 149 151 155 159 161 163 167 173 181 183 189 193 195 197 203 209 213 215 217 219 221 223 225 227 235 237 239 241 243 245 247 251 253 255 259 261 269 271 273 275 277 279 281 283 285 287 289 293 295 297 299 301 305 309 313 315 317 319 323 325 327 329 331 333 341 343 345 347 349 351 353 357 359 361 363 367 369 371 373 375 377 379 381 385 387 391 395 397 399 403 405 407 409 411 413 415 417 421 423 425 427 429 431 433 435 437 439 443 445 447 449 451 453 455 457 461 463 465 467 469 471 473 475 481 483 485 487 489 491 493 497 499 501 503 505 507 509 511 513 515 517 519 531 557 575 579 587 603 627 635 649 657 661 683 685 687 695 697 703 721 723 729 745 747 749 
200 1 3 5 7 9 13 31 33 37 39 41 45 53 55 57 59 61 63 65 67 69 71 75 77 79 81 87 89 91 93 95 97 99 101 105 107 109 113 115 117 121 123 125 127 131 137 139 141 143 145 149 151 155 159 161 163 167 169 171 173 175 177 179 181 183 185 189 191 193 195 197 201 203 205 207 209 211 213 215 217 219 221 223 225 227 233 235 237 239 241 243 245 247 251 253 255 259 261 263 265 267 269 271 273 275 277 279 281 283 285 287 289 293 295 297 299 301 303 305 307 309 311 313 315 317 319 321 323 325 327 329 331 333 335 337 339 341 343 345 347 349 351 353 371 429 435 449 451 497 501 505 511 521 531 547 549 557 573 575 579 581 587 589 591 595 603 621 623 627 629 635 641 643 647 649 655 657 661 667 671 683 685 687 693 695 697 699 703 705 721 723 725 729 741 745 747 749 751 753 755 
195 1 3 5 7 13 31 33 45 57 61 63 67 69 75 79 81 87 89 91 95 97 99 105 107 109 113 117 123 127 131 137 141 143 145 149 151 155 159 161 163 167 171 173 181 183 189 193 195 197 203 209 213 215 217 219 221 223 225 227 233 235 237 239 241 243 245 247 251 253 255 259 261 267 269 271 273 275 277 279 281 283 285 287 289 293 295 297 299 301 305 309 311 313 315 317 319 323 325 327 329 331 333 341 343 345 347 349 351 353 357 359 361 363 367 369 371 373 375 377 379 381 385 387 391 395 397 399 403 405 407 409 411 413 415 417 421 423 425 427 429 431 433 435 437 439 443 445 447 449 451 453 455 457 459 461 463 465 467 469 471 473 475 477 479 481 483 485 531 557 573 575 579 587 603 621 627 635 649 655 657 661 683 685 687 695 697 703 721 723 729 745 747 749 753 755 
192 1 3 5 7 9 11 13 15 17 19 21 25 27 29 31 33 35 63 81 143 145 151 173 203 209 217 219 225 241 243 259 261 269 273 275 277 281 283 285 287 289 293 295 297 301 305 313 315 317 325 331 341 343 357 359 363 367 371 373 377 379 385 397 399 403 409 411 413 421 425 429 433 435 437 439 443 445 447 449 451 453 457 461 463 465 471 473 481 485 487 489 491 493 497 499 501 505 511 513 519 521 523 525 531 537 541 547 549 551 553 555 557 565 567 573 575 577 579 581 585 587 589 591 593 595 599 601 603 605 611 613 617 621 623 625 627 629 631 633 635 637 639 641 643 645 647 649 651 655 657 661 667 669 671 675 677 679 681 683 685 687 689 693 695 697 699 701 703 705 709 711 713 715 719 721 723 725 727 729 731 733 735 737 739 741 743 745 747 749 751 753 755 
194 1 3 5 7 9 11 13 15 25 29 31 33 37 39 41 45 53 55 57 59 61 63 65 67 69 71 75 77 79 81 85 87 89 91 93 95 97 99 101 103 105 107 109 113 115 117 121 123 125 127 129 131 133 135 137 139 141 143 145 149 151 155 159 161 163 167 169 171 173 175 177 179 181 183 185 189 191 193 195 197 201 203 205 207 209 211 213 215 217 219 221 223 225 227 229 231 233 235 237 239 241 243 245 247 249 251 253 255 257 259 261 263 265 267 269 271 273 371 373 377 379 397 429 435 443 449 451 473 497 501 505 511 519 521 531 537 547 549 555 557 573 575 579 581 587 589 591 593 595 599 601 603 617 621 623 625 627 629 635 641 643 647 649 655 657 661 667 671 683 685 687 689 693 695 697 699 703 705 713 715 719 721 723 725 727 729 739 741 745 747 749 751 753 755 
200 1 3 5 7 13 31 33 37 45 53 57 61 63 65 67 69 75 79 81 87 89 91 95 97 99 101 105 107 109 113 117 121 123 127 131 137 141 143 145 149 151 155 159 161 163 167 169 171 173 175 177 179 181 183 185 189 191 193 195 197 203 207 209 211 213 215 217 219 221 223 225 227 233 235 237 239 241 243 245 247 251 253 255 259 261 263 265 267 269 271 273 275 277 279 281 283 285 287 289 293 295 297 299 301 305 307 309 311 313 315 317 319 323 325 327 329 331 333 335 339 341 343 345 347 349 351 353 357 359 361 363 365 367 369 371 373 375 377 379 381 383 385 387 389 391 393 395 397 399 403 405 407 409 411 413 415 429 505 511 521 531 547 557 573 575 579 581 587 589 591 603 621 623 627 629 635 641 643 647 649 655 657 661 667 683 685 687 693 695 697 703 705 721 723 729 745 747 749 753 755 
188 3 7 13 33 45 61 63 67 75 81 89 95 97 105 109 113 117 123 127 131 141 143 145 151 155 159 161 163 173 181 183 189 193 197 203 209 213 215 217 219 221 223 225 227 235 237 239 241 243 245 253 255 259 261 269 273 275 277 279 281 283 285 287 289 293 295 297 299 301 305 309 313 315 317 319 323 325 329 331 333 341 343 345 349 351 353 357 359 361 363 367 369 371 373 377 379 381 385 387 391 395 397 399 403 409 411 413 415 417 421 423 425 427 429 433 435 437 439 443 445 447 449 451 453 455 457 461 463 465 467 469 471 473 475 481 483 485 487 489 491 493 497 499 501 503 505 507 509 511 513 515 517 519 521 523 525 527 531 533 535 537 541 543 545 547 549 551 553 555 557 559 561 563 565 567 635 649 657 683 695 697 703 721 723 729 745 747 749 
187 3 7 13 33 45 61 63 67 75 81 89 95 97 105 109 113 117 123 127 131 141 143 145 151 155 159 161 163 167 173 181 183 189 193 197 203 209 213 215 217 219 221 223 225 227 235 237 239 241 243 245 253 255 259 261 269 273 275 277 279 281 283 285 287 289 293 295 297 299 301 305 309 313 315 317 319 323 325 329 331 333 341 343 345 349 351 353 357 359 361 363 367 369 371 373 375 377 379 381 385 387 391 395 397 399 403 405 409 411 413 415 417 421 423 425 427 429 433 435 437 439 443 445 447 449 451 453 455 457 461 463 465 467 469 471 473 475 481 483 485 487 489 491 493 497 499 501 503 505 507 509 511 513 515 517 519 521 523 525 527 529 531 533 535 537 539 541 543 545 547 549 551 557 627 635 649 657 683 695 697 703 721 723 729 745 747 749 
200 1 3 5 7 9 13 31 33 37 39 41 45 53 55 57 59 61 63 65 67 69 71 75 77 79 81 87 89 91 93 95 97 99 101 105 107 109 113 115 117 121 123 125 127 131 137 139 141 143 145 149 151 155 159 161 163 167 169 171 173 175 177 179 181 183 185 189 191 193 195 197 201 203 205 207 209 211 213 215 217 219 221 223 225 227 233 235 237 239 241 243 245 247 249 251 253 255 259 261 263 265 267 269 271 273 275 277 279 281 283 285 287 289 293 295 297 299 301 303 305 307 309 311 313 315 317 319 321 323 325 327 329 331 333 335 337 339 341 343 345 347 349 351 371 429 435 449 451 497 501 505 511 521 531 547 549 557 573 575 579 581 587 589 591 595 603 621 623 627 629 635 641 643 647 649 655 657 661 667 671 683 685 687 693 695 697 699 703 705 721 723 725 729 741 745 747 749 751 753 755 
193 1 3 5 7 9 11 13 15 17 19 21 25 27 29 31 33 35 37 63 81 143 145 151 173 203 209 217 219 225 241 243 259 261 269 273 275 277 281 283 285 287 289 293 295 297 301 305 313 315 317 325 331 341 343 357 359 363 367 371 373 377 379 385 397 399 403 409 411 413 421 425 429 433 435 437 439 443 445 447 449 451 453 457 461 463 465 471 473 481 485 487 489 491 493 497 499 501 505 511 513 519 521 523 525 531 537 541 547 549 551 553 555 557 565 567 573 575 577 579 581 585 587 589 591 593 595 599 601 603 605 611 613 617 621 623 625 627 629 631 633 635 637 639 641 643 645 647 649 651 655 657 661 667 669 671 675 677 679 681 683 685 687 689 693 695 697 699 701 703 705 709 711 713 715 719 721 723 725 727 729 731 733 735 737 739 741 743 745 747 749 751 753 755 
187 1 3 5 7 9 11 13 15 25 29 31 33 37 39 41 45 51 53 55 57 59 61 63 65 67 69 71 75 77 79 81 83 85 87 89 91 93 95 97 99 101 103 105 107 109 111 113 115 117 121 123 125 127 129 131 133 135 137 139 141 143 145 149 151 155 159 161 163 165 167 169 171 173 175 177 179 181 183 185 187 189 191 193 195 197 199 201 203 205 269 273 277 285 301 371 373 377 379 397 409 425 429 435 437 439 443 449 451 457 473 493 497 501 505 511 519 521 525 531 537 547 549 555 557 565 573 575 579 581 587 589 591 593 595 599 601 603 611 617 621 623 625 627 629 631 635 639 641 643 645 647 649 655 657 661 667 669 671 683 685 687 689 693 695 697 699 703 705 709 713 715 719 721 723 725 727 729 735 737 739 741 745 747 749 751 753 755 
194 1 3 5 7 13 31 33 45 57 61 63 67 69 75 79 81 87 89 95 97 99 105 107 109 113 117 123 127 131 137 141 143 145 149 151 155 159 161 163 167 171 173 181 183 189 193 195 197 203 209 213 215 217 219 221 223 225 227 233 235 237 239 241 243 245 247 251 253 255 259 261 269 271 273 275 277 279 281 283 285 287 289 293 295 297 299 301 305 309 311 313 315 317 319 323 325 327 329 331 333 341 343 345 347 349 351 353 357 359 361 363 367 369 371 373 375 377 379 381 385 387 391 395 397 399 403 405 407 409 411 413 415 417 421 423 425 427 429 431 433 435 437 439 443 445 447 449 451 453 455 457 459 461 463 465 467 469 471 473 475 479 481 483 485 487 489 491 531 557 575 579 587 603 621 627 635 649 655 657 661 683 685 687 695 697 703 721 723 729 745 747 749 753 755 
191 1 3 5 7 9 11 13 15 17 19 21 25 29 31 33 35 37 39 41 43 45 47 49 51 53 55 57 59 143 151 173 203 209 217 219 225 241 243 259 261 269 273 275 277 281 285 287 289 293 295 297 301 305 313 315 331 341 343 357 359 363 367 371 373 377 379 385 397 399 409 411 413 425 429 433 435 437 439 443 445 447 449 451 453 457 461 463 465 471 473 485 487 489 491 493 497 499 501 505 511 513 519 521 523 525 531 537 547 549 551 553 555 557 565 567 573 575 577 579 581 585 587 589 591 593 595 599 601 603 605 611 613 617 621 623 625 627 629 631 633 635 637 639 641 643 645 647 649 651 655 657 661 667 669 671 675 677 679 681 683 685 687 689 693 695 697 699 703 705 709 711 713 715 719 721 723 725 727 729 733 735 737 739 741 743 745 747 749 751 753 755 
197 33 45 61 63 67 75 81 89 95 97 123 131 141 143 145 151 155 159 163 173 181 189 197 203 209 215 217 219 221 223 225 227 235 237 241 243 253 255 259 261 269 273 275 277 281 283 285 287 289 293 295 297 301 305 309 313 315 317 319 323 325 331 333 341 343 349 351 357 359 361 363 367 371 373 377 379 381 385 391 395 397 399 403 409 411 413 417 421 423 425 429 433 435 437 439 443 445 447 449 451 453 455 457 461 463 465 467 469 471 473 475 481 485 487 489 491 493 497 499 501 505 509 511 513 519 521 523 525 531 533 537 541 543 547 549 551 553 555 557 563 565 567 571 573 575 577 579 581 585 587 589 591 593 595 597 599 601 603 605 607 609 611 613 617 619 621 623 625 627 629 631 633 635 637 639 641 643 645 647 649 651 653 655 657 659 661 665 667 669 671 673 675 677 679 703 721 729 
195 1 3 5 7 13 31 33 45 57 61 63 67 69 75 79 81 87 89 95 97 99 105 107 109 113 117 123 127 131 137 141 143 145 149 151 155 159 161 163 167 171 173 181 183 189 193 195 197 203 209 213 215 217 219 221 223 225 227 233 235 237 239 241 243 245 247 251 253 255 259 261 267 269 271 273 275 277 279 281 283 285 287 289 293 295 297 299 301 305 309 311 313 315 317 319 323 325 327 329 331 333 341 343 345 347 349 351 353 357 359 361 363 367 369 371 373 375 377 379 381 385 387 391 395 397 399 403 405 407 409 411 413 415 417 421 423 425 427 429 431 433 435 437 439 443 445 447 449 451 453 455 457 459 461 463 465 467 469 471 473 475 477 479 481 483 485 487 489 531 557 575 579 587 603 621 627 635 649 655 657 661 683 685 687 695 697 703 721 723 729 745 747 749 753 755 
190 1 3 5 7 9 11 13 15 17 19 21 25 27 29 31 33 35 37 39 41 63 143 145 151 173 203 209 217 219 225 241 243 259 261 269 273 275 277 281 285 287 289 293 295 297 301 305 313 315 317 331 341 343 357 359 363 367 371 373 377 379 385 397 399 403 409 411 413 421 425 429 433 435 437 439 443 445 447 449 451 453 457 461 463 465 471 473 485 487 489 491 493 497 499 501 505 511 513 519 521 523 525 531 537 541 547 549 551 553 555 557 565 567 573 575 577 579 581 585 587 589 591 593 595 599 601 603 605 611 613 617 621 623 625 627 629 631 633 635 637 639 641 643 645 647 649 651 655 657 661 667 669 671 675 677 679 681 683 685 687 689 693 695 697 699 703 705 709 711 713 715 719 721 723 725 727 729 731 733 735 737 739 741 743 745 747 749 751 753 755 
193 1 3 5 7 9 11 13 15 25 29 31 33 37 39 41 45 53 55 57 59 61 63 65 67 69 71 75 77 79 81 83 85 87 89 91 93 95 97 99 101 103 105 107 109 111 113 115 117 121 123 125 127 129 131 133 135 137 139 141 143 145 149 151 155 159 161 163 167 169 171 173 175 177 179 181 183 185 189 191 193 195 197 199 201 203 205 207 209 211 213 215 217 219 221 223 225 227 229 231 233 235 237 277 285 301 371 373 377 379 397 425 429 435 437 439 443 449 451 473 493 497 501 505 511 519 521 525 531 537 547 549 555 557 573 575 579 581 587 589 591 593 595 599 601 603 617 621 623 625 627 629 631 635 639 641 643 645 647 649 655 657 661 667 669 671 683 685 687 689 693 695 697 699 703 705 713 715 719 721 723 725 727 729 735 737 739 741 745 747 749 751 753 755 
198 33 45 61 63 67 75 81 89 95 97 123 131 141 143 145 151 155 159 163 173 181 189 197 203 209 215 217 219 221 223 225 227 235 237 241 243 253 255 259 261 269 273 275 277 281 283 285 287 289 293 295 297 301 305 309 313 315 317 319 323 325 331 333 341 343 349 351 357 359 361 363 367 371 373 377 379 381 385 391 395 397 399 403 409 411 413 417 421 423 425 429 433 435 437 439 443 445 447 449 451 453 455 457 461 463 465 467 469 471 473 475 481 485 487 489 491 493 497 499 501 505 509 511 513 519 521 523 525 531 533 537 541 543 547 549 551 553 555 557 563 565 567 571 573 575 577 579 581 585 587 589 591 593 595 597 599 601 603 605 607 609 611 613 617 619 621 623 625 627 629 631 633 635 637 639 641 643 645 647 649 651 653 655 657 659 661 665 667 669 671 673 675 677 679 681 703 721 729 
191 3 7 13 33 45 61 63 67 75 81 89 95 97 105 109 113 117 123 127 131 141 143 145 151 155 159 161 163 173 181 183 189 193 197 203 209 213 215 217 219 221 223 225 227 235 237 239 241 243 245 253 255 259 261 269 273 275 277 279 281 283 285 287 289 293 295 297 299 301 305 309 313 315 317 319 323 325 331 333 341 343 345 349 351 353 357 359 361 363 367 369 371 373 377 379 381 385 387 391 395 397 399 403 409 411 413 415 417 421 423 425 427 429 433 435 437 439 443 445 447 449 451 453 455 457 461 463 465 467 469 471 473 475 481 483 485 487 489 491 493 497 499 501 503 505 507 509 511 513 515 517 519 521 523 525 527 531 533 535 537 541 543 547 549 551 553 555 557 559 561 563 565 567 569 571 573 575 577 635 649 657 683 695 697 703 721 723 729 745 747 749 
193 1 3 5 7 9 11 13 15 25 29 31 33 37 39 41 45 53 55 57 59 61 63 65 67 69 71 75 77 79 81 85 87 89 91 93 95 97 99 101 103 105 107 109 113 115 117 121 123 125 127 129 131 133 135 137 139 141 143 145 149 151 155 159 161 163 167 169 171 173 175 177 179 181 183 185 189 191 193 195 197 201 203 205 207 209 211 213 215 217 219 221 223 225 227 229 231 233 235 237 239 241 243 245 247 249 251 253 255 257 259 261 263 301 371 373 377 379 397 429 435 443 449 451 473 497 501 505 511 519 521 531 537 547 549 555 557 573 575 579 581 587 589 591 593 595 599 601 603 617 621 623 625 627 629 631 635 641 643 645 647 649 655 657 661 667 669 671 683 685 687 689 693 695 697 699 703 705 713 715 719 721 723 725 727 729 739 741 745 747 749 751 753 755 
191 7 13 33 45 61 63 67 75 81 89 95 97 109 113 117 123 127 131 141 143 145 151 155 159 161 163 173 181 183 189 197 203 209 213 215 217 219 221 223 225 227 235 237 239 241 243 253 255 259 261 269 273 275 277 279 281 283 285 287 289 293 295 297 301 305 309 313 315 317 319 323 325 331 333 341 343 345 349 351 357 359 361 363 367 369 371 373 377 379 381 385 391 395 397 399 403 409 411 413 415 417 421 423 425 429 433 435 437 439 443 445 447 449 451 453 455 457 461 463 465 467 469 471 473 475 481 483 485 487 489 491 493 497 499 501 505 509 511 513 517 519 521 523 525 527 531 533 535 537 541 543 547 549 551 553 555 557 559 563 565 567 569 571 573 575 577 579 581 583 585 587 589 591 593 595 597 599 601 603 605 607 609 611 613 615 657 683 695 703 721 729 
191 3 7 13 33 45 61 63 67 75 81 89 95 97 105 109 113 117 123 127 131 141 143 145 151 155 159 161 163 173 181 183 189 197 203 209 213 215 217 219 221 223 225 227 235 237 239 241 243 245 253 255 259 261 269 273 275 277 279 281 283 285 287 289 293 295 297 299 301 305 309 313 315 317 319 323 325 331 333 341 343 345 349 351 353 357 359 361 363 367 369 371 373 377 379 381 385 387 391 395 397 399 403 409 411 413 415 417 421 423 425 427 429 433 435 437 439 443 445 447 449 451 453 455 457 461 463 465 467 469 471 473 475 481 483 485 487 489 491 493 497 499 501 503 505 509 511 513 515 517 519 521 523 525 527 531 533 535 537 541 543 547 549 551 553 555 557 559 561 563 565 567 569 571 573 575 577 579 581 583 585 587 649 657 683 695 697 703 721 723 729 749 
183 1 3 5 7 9 11 13 15 17 19 25 29 31 33 37 39 41 45 51 53 55 57 59 61 63 65 67 69 71 73 75 77 79 81 83 85 87 89 91 93 95 97 99 101 103 105 107 109 111 173 209 225 241 259 269 273 275 277 281 285 287 293 295 301 305 315 331 359 363 367 371 373 377 379 385 397 399 409 411 413 425 429 435 437 439 443 447 449 451 453 457 463 465 473 485 487 491 493 497 499 501 505 511 519 521 523 525 531 537 547 549 555 557 565 567 573 575 577 579 581 585 587 589 591 593 595 599 601 603 611 617 621 623 625 627 629 631 635 637 639 641 643 645 647 649 655 657 661 667 669 671 675 677 683 685 687 689 693 695 697 699 703 705 709 713 715 719 721 723 725 727 729 733 735 737 739 741 745 747 749 751 753 755 
183 1 3 5 7 9 11 13 15 17 19 25 29 31 33 35 37 39 41 45 47 49 51 53 55 57 59 61 63 65 67 69 71 73 75 77 79 81 83 85 87 89 91 93 95 97 143 173 209 217 225 241 259 269 273 275 277 281 285 287 293 295 301 305 313 315 331 359 363 367 371 373 377 379 385 397 399 409 411 413 425 429 435 437 439 443 445 447 449 451 453 457 463 465 473 485 487 491 493 497 499 501 505 511 519 521 523 525 531 537 547 549 555 557 565 567 573 575 577 579 581 585 587 589 591 593 595 599 601 603 611 617 621 623 625 627 629 631 635 637 639 641 643 645 647 649 655 657 661 667 669 671 675 677 683 685 687 689 693 695 697 699 703 705 709 713 715 719 721 723 725 727 729 733 735 737 739 741 745 747 749 751 753 755 
196 1 3 5 7 13 31 33 45 57 61 63 67 69 75 79 81 87 89 95 97 99 105 107 109 113 117 123 127 131 137 141 143 145 149 151 155 159 161 163 167 171 173 181 183 189 193 195 197 203 209 213 215 217 219 221 223 225 227 233 235 237 239 241 243 245 247 251 253 255 259 261 269 271 273 275 277 279 281 283 285 287 289 293 295 297 299 301 305 309 311 313 315 317 319 323 325 327 329 331 333 341 343 345 347 349 351 353 357 359 361 363 367 369 371 373 375 377 379 381 385 387 391 395 397 399 403 405 407 409 411 413 415 417 421 423 425 427 429 431 433 435 437 439 443 445 447 449 451 453 455 457 459 461 463 465 467 469 471 473 475 479 481 483 485 487 489 491 493 495 531 557 575 579 587 603 621 627 635 649 655 657 661 683 685 687 695 697 703 721 723 729 745 747 749 753 755 
200 1 3 5 7 9 13 31 33 37 39 41 45 53 55 57 59 61 63 65 67 69 71 75 77 79 81 87 89 91 93 95 97 99 101 105 107 109 113 115 117 121 123 125 127 131 135 137 139 141 143 145 149 151 155 159 161 163 167 169 171 173 175 177 179 181 183 185 189 191 193 195 197 201 203 205 207 209 211 213 215 217 219 221 223 225 227 233 235 237 239 241 243 245 247 249 251 253 255 259 261 263 265 267 269 271 273 275 277 279 281 283 285 287 289 293 295 297 299 301 303 305 307 309 311 313 315 317 319 321 323 325 327 329 331 333 335 337 339 341 343 345 347 349 371 429 435 449 451 497 501 505 511 521 531 547 549 557 573 575 579 581 587 589 591 595 603 621 623 627 629 635 641 643 647 649 655 657 661 667 671 683 685 687 693 695 697 699 703 705 721 723 725 729 741 745 747 749 751 753 755 
192 3 7 13 33 45 61 63 67 75 81 89 95 97 109 113 117 123 127 131 141 143 145 151 155 159 161 163 173 181 183 189 197 203 209 213 215 217 219 221 223 225 227 235 237 239 241 243 253 255 259 261 269 273 275 277 279 281 283 285 287 289 293 295 297 299 301 305 309 313 315 317 319 323 325 331 333 341 343 345 349 351 353 357 359 361 363 367 369 371 373 377 379 381 385 387 391 395 397 399 403 409 411 413 415 417 421 423 425 429 433 435 437 439 443 445 447 449 451 453 455 457 461 463 465 467 469 471 473 475 481 483 485 487 489 491 493 497 499 501 505 509 511 513 515 517 519 521 523 525 527 531 533 535 537 541 543 547 549 551 553 555 557 559 563 565 567 569 571 573 575 577 579 581 583 585 587 589 591 593 595 597 599 601 649 657 683 695 697 703 721 729 749 
183 1 3 5 7 9 11 13 15 17 19 25 29 31 33 37 39 41 45 51 53 55 57 59 61 63 65 67 69 71 73 75 77 79 81 83 85 87 89 91 93 95 97 99 101 103 105 143 173 209 217 225 241 259 269 273 275 277 281 285 287 293 295 301 305 315 331 359 363 367 371 373 377 379 385 397 399 409 411 413 425 429 435 437 439 443 445 447 449 451 453 457 463 465 473 485 487 491 493 497 499 501 505 511 519 521 523 525 531 537 547 549 555 557 565 567 573 575 577 579 581 585 587 589 591 593 595 599 601 603 611 617 621 623 625 627 629 631 635 637 639 641 643 645 647 649 655 657 661 667 669 671 675 677 683 685 687 689 693 695 697 699 703 705 709 713 715 719 721 723 725 727 729 733 735 737 739 741 745 747 749 751 753 755 
191 1 3 5 7 9 11 13 15 25 29 31 33 37 39 41 45 53 55 57 59 61 63 65 67 69 71 75 77 79 81 85 87 89 91 93 95 97 99 101 103 105 107 109 113 115 117 121 123 125 127 129 131 133 135 137 139 141 143 145 149 151 155 159 161 163 167 169 171 173 175 177 179 181 183 185 189 191 193 195 197 201 203 205 207 209 211 213 215 217 219 221 223 225 227 229 231 233 235 237 239 241 243 245 247 249 251 253 285 301 371 373 377 379 397 429 435 439 443 449 451 473 497 501 505 511 519 521 531 537 547 549 555 557 573 575 579 581 587 589 591 593 595 599 601 603 617 621 623 625 627 629 631 635 639 641 643 645 647 649 655 657 661 667 669 671 683 685 687 689 693 695 697 699 703 705 713 715 719 721 723 725 727 729 739 741 745 747 749 751 753 755 
192 1 3 5 7 9 11 13 15 17 19 21 25 27 29 31 33 35 63 81 143 145 151 173 203 209 217 219 225 241 243 259 261 269 273 275 277 281 283 285 287 289 293 295 297 301 305 313 315 317 325 331 341 343 357 359 363 367 371 373 377 379 385 397 399 403 409 411 413 421 425 429 433 435 437 439 443 445 447 449 451 453 457 461 463 465 471 473 481 485 487 489 491 493 497 499 501 505 511 513 519 521 523 525 531 537 541 547 549 551 553 555 557 565 567 573 575 577 579 581 585 587 589 591 593 595 599 601 603 605 611 613 617 621 623 625 627 629 631 633 635 637 639 641 643 645 647 649 651 655 657 661 667 669 671 675 677 679 681 683 685 687 689 693 695 697 699 701 703 705 709 711 713 715 719 721 723 725 727 729 731 733 735 737 739 741 743 745 747 749 751 753 755 
200 1 3 5 7 9 13 31 33 37 39 41 45 53 55 57 61 63 65 67 69 75 77 79 81 87 89 91 93 95 97 99 101 105 107 109 113 115 117 121 123 127 131 137 139 141 143 145 149 151 155 159 161 163 167 169 171 173 175 177 179 181 183 185 189 191 193 195 197 201 203 207 209 211 213 215 217 219 221 223 225 227 233 235 237 239 241 243 245 247 251 253 255 259 261 263 265 267 269 271 273 275 277 279 281 283 285 287 289 293 295 297 299 301 303 305 307 309 311 313 315 317 319 321 323 325 327 329 331 333 335 339 341 343 345 347 349 351 353 355 357 359 361 363 365 367 371 429 435 451 497 501 505 511 521 531 547 549 557 573 575 579 581 587 589 591 603 621 623 627 629 635 641 643 647 649 655 657 661 667 671 683 685 687 693 695 697 699 703 705 721 723 725 729 741 745 747 749 751 753 755 
194 1 3 5 7 9 11 13 15 17 19 21 23 25 27 29 61 63 81 143 145 151 173 189 203 209 215 217 219 225 241 243 259 261 269 273 275 277 281 283 285 287 289 293 295 297 301 305 313 315 317 325 331 341 343 357 359 363 367 371 373 377 379 385 397 399 403 409 411 413 421 425 429 433 435 437 439 443 445 447 449 451 453 457 461 463 465 471 473 481 485 487 489 491 493 497 499 501 505 511 513 519 521 523 525 531 537 541 547 549 551 553 555 557 565 567 573 575 577 579 581 585 587 589 591 593 595 599 601 603 605 609 611 613 617 621 623 625 627 629 631 633 635 637 639 641 643 645 647 649 651 655 657 661 667 669 671 675 677 679 681 683 685 687 689 693 695 697 699 701 703 705 709 711 713 715 719 721 723 725 727 729 731 733 735 737 739 741 743 745 747 749 751 753 755 
196 33 45 61 63 67 75 81 89 95 97 123 131 141 143 145 151 155 159 163 173 181 189 197 203 209 215 217 219 221 223 225 227 235 237 241 243 253 255 259 261 269 273 275 277 281 283 285 287 289 293 295 297 301 305 309 313 315 317 319 323 325 331 333 341 343 349 351 357 359 361 363 367 371 373 377 379 381 385 391 395 397 399 403 409 411 413 417 421 423 425 429 433 435 437 439 443 445 447 449 451 453 455 457 461 463 465 467 469 471 473 475 481 485 487 489 491 493 497 499 501 505 509 511 513 517 519 521 523 525 531 533 537 541 543 547 549 551 553 555 557 559 563 565 567 571 573 575 577 579 581 585 587 589 591 593 595 597 599 601 603 605 607 609 611 613 617 619 621 623 625 627 629 631 633 635 637 639 641 643 645 647 649 651 653 655 657 659 661 663 665 667 669 695 703 721 729 
196 1 3 5 7 9 13 25 31 33 37 39 41 45 53 55 57 59 61 63 65 67 69 71 75 77 79 81 87 89 91 93 95 97 99 101 103 105 107 109 113 115 117 121 123 125 127 129 131 135 137 139 141 143 145 149 151 155 159 161 163 167 169 171 173 175 177 179 181 183 185 189 191 193 195 197 201 203 205 207 209 211 213 215 217 219 221 223 225 227 229 231 233 235 237 239 241 243 245 247 249 251 253 255 259 261 263 265 267 269 271 273 275 277 279 281 283 285 287 289 293 295 297 299 301 303 305 307 309 311 313 315 317 319 371 397 429 435 449 451 497 501 505 511 521 531 547 549 557 573 575 579 581 587 589 591 593 595 599 603 621 623 625 627 629 635 641 643 647 649 655 657 661 667 671 683 685 687 693 695 697 699 703 705 719 721 723 725 727 729 741 745 747 749 751 753 755 
193 1 3 7 13 31 33 45 57 61 63 67 69 75 81 87 89 95 97 105 107 109 113 117 123 127 131 137 141 143 145 149 151 155 159 161 163 167 173 181 183 189 193 195 197 203 209 213 215 217 219 221 223 225 227 233 235 237 239 241 243 245 247 251 253 255 259 261 269 271 273 275 277 279 281 283 285 287 289 293 295 297 299 301 305 309 313 315 317 319 323 325 327 329 331 333 341 343 345 347 349 351 353 357 359 361 363 367 369 371 373 375 377 379 381 385 387 391 395 397 399 403 405 407 409 411 413 415 417 421 423 425 427 429 431 433 435 437 439 443 445 447 449 451 453 455 457 461 463 465 467 469 471 473 475 481 483 485 487 489 491 493 495 497 499 501 503 505 507 531 557 575 579 587 603 627 635 649 655 657 661 683 685 687 695 697 703 721 723 729 745 747 749 755 
191 1 3 5 7 9 13 25 31 33 37 39 41 45 53 55 57 59 61 63 65 67 69 71 75 77 79 81 87 89 91 93 95 97 99 101 103 105 107 109 113 115 117 121 123 125 127 129 131 135 137 139 141 143 145 149 151 155 159 161 163 167 169 171 173 175 177 179 181 183 185 189 191 193 195 197 201 203 205 207 209 211 213 215 217 219 221 223 225 227 229 231 233 235 237 239 241 243 245 247 249 251 253 255 257 259 261 263 265 267 269 271 273 275 277 279 281 283 285 287 371 373 379 397 429 435 449 451 473 497 501 505 511 519 521 531 537 547 549 555 557 573 575 579 581 587 589 591 593 595 599 603 621 623 625 627 629 635 641 643 647 649 655 657 661 667 671 683 685 687 689 693 695 697 699 703 705 713 715 719 721 723 725 727 729 741 745 747 749 751 753 755 
193 1 3 5 7 9 11 13 15 19 25 29 31 33 37 39 41 45 51 53 55 57 59 61 63 65 67 69 71 73 75 77 79 81 83 85 87 89 91 93 95 97 99 101 103 105 107 109 111 113 115 117 121 123 125 127 129 131 133 135 137 139 141 143 145 149 151 155 157 159 161 163 165 167 169 171 173 175 177 179 181 183 185 187 189 191 193 195 241 269 273 275 277 285 295 301 331 371 373 377 379 397 409 425 429 435 437 439 443 449 451 457 463 473 493 497 501 505 511 519 521 523 525 531 537 547 549 555 557 565 573 575 579 581 587 589 591 593 595 599 601 603 611 617 621 623 625 627 629 631 635 639 641 643 645 647 649 655 657 661 667 669 671 677 683 685 687 689 693 695 697 699 703 705 709 713 715 719 721 723 725 727 729 733 735 737 739 741 745 747 749 751 753 755 
190 7 13 33 45 61 63 67 75 81 89 95 97 109 113 117 123 127 131 141 143 145 151 155 159 161 163 173 181 183 189 197 203 209 213 215 217 219 221 223 225 227 235 237 239 241 243 253 255 259 261 269 273 275 277 279 281 283 285 287 289 293 295 297 301 305 309 313 315 317 319 323 325 331 333 341 343 345 349 351 357 359 361 363 367 369 371 373 377 379 381 385 387 391 395 397 399 403 409 411 413 415 417 421 423 425 429 433 435 437 439 443 445 447 449 451 453 455 457 461 463 465 467 469 471 473 475 481 483 485 487 489 491 493 497 499 501 505 509 511 513 517 519 521 523 525 527 531 533 535 537 541 543 547 549 551 553 555 557 559 563 565 567 569 571 573 575 577 579 581 583 585 587 589 591 593 595 597 599 601 603 605 607 609 611 657 683 695 703 721 729 
192 3 7 13 33 45 61 63 67 75 81 89 95 97 109 113 117 123 127 131 141 143 145 151 155 159 161 163 173 181 183 189 197 203 209 213 215 217 219 221 223 225 227 235 237 239 241 243 253 255 259 261 269 273 275 277 279 281 283 285 287 289 293 295 297 299 301 305 309 313 315 317 319 323 325 331 333 341 343 345 349 351 353 357 359 361 363 367 369 371 373 377 379 381 385 387 391 395 397 399 403 409 411 413 415 417 421 423 425 429 433 435 437 439 443 445 447 449 451 453 455 457 461 463 465 467 469 471 473 475 481 483 485 487 489 491 493 497 499 501 503 505 509 511 513 515 517 519 521 523 525 527 531 533 535 537 541 543 547 549 551 553 555 557 559 561 563 565 567 569 571 573 575 577 579 581 583 585 587 589 591 593 595 597 649 657 683 695 697 703 721 729 749 
193 1 3 5 7 9 13 25 31 33 37 39 41 45 53 55 57 59 61 63 65 67 69 71 75 77 79 81 87 89 91 93 95 97 99 101 103 105 107 109 113 115 117 121 123 125 127 129 131 135 137 139 141 143 145 149 151 155 159 161 163 167 169 171 173 175 177 179 181 183 185 189 191 193 195 197 201 203 205 207 209 211 213 215 217 219 221 223 225 227 229 231 233 235 237 239 241 243 245 247 249 251 253 255 257 259 261 263 265 267 269 271 273 275 277 279 281 283 285 287 289 291 293 371 373 379 397 429 435 449 451 473 497 501 505 511 521 531 537 547 549 555 557 573 575 579 581 587 589 591 593 595 599 603 621 623 625 627 629 635 641 643 647 649 655 657 661 667 671 683 685 687 689 693 695 697 699 703 705 713 715 719 721 723 725 727 729 741 745 747 749 751 753 755 
195 1 3 5 7 9 13 25 31 33 37 39 41 45 53 55 57 59 61 63 65 67 69 71 75 77 79 81 87 89 91 93 95 97 99 101 103 105 107 109 113 115 117 121 123 125 127 129 131 135 137 139 141 143 145 149 151 155 159 161 163 167 169 171 173 175 177 179 181 183 185 189 191 193 195 197 201 203 205 207 209 211 213 215 217 219 221 223 225 227 229 231 233 235 237 239 241 243 245 247 249 251 253 255 259 261 263 265 267 269 271 273 275 277 279 281 283 285 287 289 293 295 297 299 301 303 305 307 309 311 313 315 317 371 397 429 435 449 451 497 501 505 511 521 531 547 549 557 573 575 579 581 587 589 591 593 595 599 603 621 623 625 627 629 635 641 643 647 649 655 657 661 667 671 683 685 687 693 695 697 699 703 705 719 721 723 725 727 729 741 745 747 749 751 753 755 
192 1 3 5 7 9 11 13 15 19 25 29 31 33 37 39 41 45 51 53 55 57 59 61 63 65 67 69 71 73 75 77 79 81 83 85 87 89 91 93 95 97 99 101 103 105 107 109 111 113 115 117 121 123 125 127 129 131 133 135 137 139 141 143 145 147 149 151 155 157 159 161 163 165 167 241 259 269 273 275 277 285 287 295 301 315 331 367 371 373 377 379 385 397 399 409 413 425 429 435 437 439 443 449 451 453 457 463 473 487 491 493 497 501 505 511 519 521 523 525 531 537 547 549 555 557 565 573 575 577 579 581 587 589 591 593 595 599 601 603 611 617 621 623 625 627 629 631 635 637 639 641 643 645 647 649 655 657 661 667 669 671 677 683 685 687 689 693 695 697 699 703 705 709 713 715 719 721 723 725 727 729 733 735 737 739 741 745 747 749 751 753 755 
193 1 3 5 7 13 31 33 37 45 53 57 61 63 65 67 69 75 79 81 87 89 91 95 97 99 105 107 109 113 117 121 123 127 131 137 141 143 145 149 151 155 159 161 163 167 171 173 175 177 181 183 189 193 195 197 203 207 209 211 213 215 217 219 221 223 225 227 233 235 237 239 241 243 245 247 251 253 255 259 261 263 267 269 271 273 275 277 279 281 283 285 287 289 293 295 297 299 301 305 309 311 313 315 317 319 323 325 327 329 331 333 341 343 345 347 349 351 353 357 359 361 363 367 369 371 373 375 377 379 381 385 387 391 395 397 399 403 405 407 409 411 413 415 417 421 423 425 427 429 431 433 435 437 439 443 445 447 449 451 505 511 531 557 573 575 579 581 587 589 603 621 623 627 629 635 649 655 657 661 683 685 687 695 697 703 721 723 729 745 747 749 753 755 
190 1 3 5 7 9 11 13 15 25 29 31 33 37 39 41 45 53 55 57 59 61 63 65 67 69 71 75 77 79 81 83 85 87 89 91 93 95 97 99 101 103 105 107 109 111 113 115 117 121 123 125 127 129 131 133 135 137 139 141 143 145 149 151 155 159 161 163 167 169 171 173 175 177 179 181 183 185 187 189 191 193 195 197 199 201 203 205 207 209 211 213 215 217 219 221 269 277 285 301 371 373 377 379 397 409 425 429 435 437 439 443 449 451 457 473 493 497 501 505 511 519 521 525 531 537 547 549 555 557 573 575 579 581 587 589 591 593 595 599 601 603 617 621 623 625 627 629 631 635 639 641 643 645 647 649 655 657 661 667 669 671 683 685 687 689 693 695 697 699 703 705 709 713 715 719 721 723 725 727 729 735 737 739 741 745 747 749 751 753 755 
195 1 3 5 7 13 31 33 45 57 61 63 67 69 75 79 81 87 89 95 97 99 105 107 109 113 117 123 127 131 137 141 143 145 149 151 155 159 161 163 167 171 173 181 183 189 193 195 197 203 209 213 215 217 219 221 223 225 227 233 235 237 239 241 243 245 247 251 253 255 259 261 267 269 271 273 275 277 279 281 283 285 287 289 293 295 297 299 301 305 309 311 313 315 317 319 323 325 327 329 331 333 341 343 345 347 349 351 353 357 359 361 363 367 369 371 373 375 377 379 381 385 387 391 395 397 399 403 405 407 409 411 413 415 417 421 423 425 427 429 431 433 435 437 439 443 445 447 449 451 453 455 457 459 461 463 465 467 469 471 473 475 477 479 481 483 485 487 489 531 557 575 579 587 603 621 627 635 649 655 657 661 683 685 687 695 697 703 721 723 729 745 747 749 753 755 
198 1 3 5 7 9 13 31 33 37 39 41 45 53 55 57 61 63 65 67 69 75 77 79 81 87 89 91 93 95 97 99 101 105 107 109 113 115 117 121 123 127 131 137 139 141 143 145 149 151 155 159 161 163 167 169 171 173 175 177 179 181 183 185 189 191 193 195 197 201 203 205 207 209 211 213 215 217 219 221 223 225 227 233 235 237 239 241 243 245 247 251 253 255 259 261 263 265 267 269 271 273 275 277 279 281 283 285 287 289 293 295 297 299 301 303 305 307 309 311 313 315 317 319 321 323 325 327 329 331 333 335 339 341 343 345 347 349 351 353 355 357 371 429 435 449 451 497 501 505 511 521 531 547 549 557 573 575 579 581 587 589 591 595 603 621 623 627 629 635 641 643 647 649 655 657 661 667 671 683 685 687 693 695 697 699 703 705 721 723 725 729 741 745 747 749 751 753 755 
194 1 3 5 7 9 11 13 15 17 19 21 23 25 61 63 81 97 143 145 151 173 189 203 209 215 217 219 225 241 243 259 261 269 273 275 277 281 283 285 287 289 293 295 297 301 305 309 313 315 317 325 331 341 343 357 359 363 367 371 373 377 379 385 397 399 403 409 411 413 421 425 429 433 435 437 439 443 445 447 449 451 453 457 461 463 465 471 473 481 485 487 489 491 493 497 499 501 505 511 513 519 521 523 525 531 537 541 547 549 551 553 555 557 565 567 573 575 577 579 581 585 587 589 591 593 595 599 601 603 605 609 611 613 617 621 623 625 627 629 631 633 635 637 639 641 643 645 647 649 651 655 657 661 667 669 671 675 677 679 681 683 685 687 689 693 695 697 699 701 703 705 709 711 713 715 719 721 723 725 727 729 731 733 735 737 739 741 743 745 747 749 751 753 755 
197 13 33 45 61 63 67 75 81 89 95 97 109 113 117 123 131 141 143 145 151 155 159 161 163 173 181 183 189 197 203 209 215 217 219 221 223 225 227 235 237 239 241 243 253 255 259 261 269 273 275 277 281 283 285 287 289 293 295 297 301 305 309 313 315 317 319 323 325 331 333 341 343 345 349 351 357 359 361 363 367 371 373 377 379 381 385 391 395 397 399 403 409 411 413 415 417 421 423 425 429 433 435 437 439 443 445 447 449 451 453 455 457 461 463 465 467 469 471 473 475 481 485 487 489 491 493 497 499 501 505 509 511 513 517 519 521 523 525 527 531 533 537 541 543 547 549 551 553 555 557 559 563 565 567 571 573 575 577 579 581 583 585 587 589 591 593 595 597 599 601 603 605 607 609 611 613 617 619 621 623 625 627 629 631 633 635 637 639 641 643 645 647 683 695 703 721 729 
193 61 63 75 81 89 97 143 145 151 163 173 181 189 203 209 215 217 219 225 235 241 243 259 261 269 273 275 277 281 283 285 287 289 293 295 297 301 305 309 313 315 317 325 331 341 343 349 357 359 363 367 371 373 377 379 381 385 397 399 403 409 411 413 421 423 425 429 433 435 437 439 443 445 447 449 451 453 457 461 463 465 469 471 473 475 481 485 487 489 491 493 497 499 501 505 509 511 513 519 521 523 525 531 533 537 541 547 549 551 553 555 557 565 567 573 575 577 579 581 585 587 589 591 593 595 597 599 601 603 605 609 611 613 617 621 623 625 627 629 631 633 635 637 639 641 643 645 647 649 651 655 657 661 667 669 671 675 677 679 681 683 685 687 689 691 693 695 697 699 701 703 705 707 709 711 713 715 717 719 721 723 725 727 729 731 733 735 737 739 741 743 745 747 
197 33 45 61 63 67 75 81 89 95 97 123 141 143 145 151 159 163 173 181 189 197 203 209 215 217 219 221 223 225 227 235 241 243 253 259 261 269 273 275 277 281 283 285 287 289 293 295 297 301 305 309 313 315 317 319 323 325 331 333 341 343 349 351 357 359 361 363 367 371 373 377 379 381 385 391 395 397 399 403 409 411 413 417 421 423 425 429 433 435 437 439 443 445 447 449 451 453 455 457 461 463 465 467 469 471 473 475 481 485 487 489 491 493 497 499 501 505 509 511 513 519 521 523 525 531 533 537 541 543 547 549 551 553 555 557 563 565 567 573 575 577 579 581 585 587 589 591 593 595 597 599 601 603 605 607 609 611 613 617 619 621 623 625 627 629 631 633 635 637 639 641 643 645 647 649 651 653 655 657 661 667 669 671 673 675 677 679 681 683 685 687 689 691 693 703 721 729 
187 3 7 13 33 45 61 63 67 75 81 89 95 97 105 109 113 117 123 127 131 141 143 145 151 155 159 161 163 173 181 183 189 193 197 203 209 213 215 217 219 221 223 225 227 235 237 239 241 243 245 253 255 259 261 269 273 275 277 279 281 283 285 287 289 293 295 297 299 301 305 309 313 315 317 319 323 325 329 331 333 341 343 345 349 351 353 357 359 361 363 367 369 371 373 377 379 381 385 387 391 395 397 399 403 409 411 413 415 417 421 423 425 427 429 433 435 437 439 443 445 447 449 451 453 455 457 461 463 465 467 469 471 473 475 481 483 485 487 489 491 493 497 499 501 503 505 507 509 511 513 515 517 519 521 523 525 527 531 533 535 537 541 543 545 547 549 551 553 555 557 559 561 563 565 635 649 657 683 695 697 703 721 723 729 745 747 749 
195 33 61 63 67 75 81 89 95 97 123 141 143 145 151 163 173 181 189 197 203 209 215 217 219 223 225 235 241 243 253 259 261 269 273 275 277 281 283 285 287 289 293 295 297 301 305 309 313 315 317 323 325 331 341 343 349 351 357 359 361 363 367 371 373 377 379 381 385 391 395 397 399 403 409 411 413 417 421 423 425 429 433 435 437 439 443 445 447 449 451 453 455 457 461 463 465 467 469 471 473 475 481 485 487 489 491 493 497 499 501 505 509 511 513 519 521 523 525 531 533 537 541 543 547 549 551 553 555 557 563 565 567 573 575 577 579 581 585 587 589 591 593 595 597 599 601 603 605 607 609 611 613 617 619 621 623 625 627 629 631 633 635 637 639 641 643 645 647 649 651 653 655 657 661 667 669 671 673 675 677 679 681 683 685 687 689 691 693 695 697 699 701 703 705 729 
194 7 13 33 45 61 63 67 75 81 89 95 97 109 113 117 123 131 141 143 145 151 155 159 161 163 173 181 183 189 197 203 209 213 215 217 219 221 223 225 227 235 237 239 241 243 253 255 259 261 269 273 275 277 279 281 283 285 287 289 293 295 297 301 305 309 313 315 317 319 323 325 331 333 341 343 345 349 351 357 359 361 363 367 369 371 373 377 379 381 385 391 395 397 399 403 409 411 413 415 417 421 423 425 429 433 435 437 439 443 445 447 449 451 453 455 457 461 463 465 467 469 471 473 475 481 483 485 487 489 491 493 497 499 501 505 509 511 513 517 519 521 523 525 527 531 533 535 537 541 543 547 549 551 553 555 557 559 563 565 567 569 571 573 575 577 579 581 583 585 587 589 591 593 595 597 599 601 603 605 607 609 611 613 615 617 619 621 623 657 683 695 703 721 729 
197 1 3 5 7 13 31 33 37 45 53 57 61 63 65 67 69 75 79 81 87 89 91 95 97 99 105 107 109 113 117 121 123 127 131 137 141 143 145 149 151 155 159 161 163 167 171 173 175 177 179 181 183 185 189 191 193 195 197 203 207 209 211 213 215 217 219 221 223 225 227 233 235 237 239 241 243 245 247 251 253 255 259 261 263 267 269 271 273 275 277 279 281 283 285 287 289 293 295 297 299 301 305 309 311 313 315 317 319 323 325 327 329 331 333 339 341 343 345 347 349 351 353 357 359 361 363 365 367 369 371 373 375 377 379 381 385 387 389 391 393 395 397 399 403 405 407 409 411 413 415 417 419 421 423 425 427 429 431 433 505 511 531 557 573 575 579 581 587 589 591 603 621 623 627 629 635 643 647 649 655 657 661 683 685 687 695 697 703 705 721 723 729 745 747 749 753 755 
185 3 7 13 33 45 61 63 67 75 81 89 95 97 105 109 113 117 123 127 131 141 143 145 151 155 159 161 163 167 173 181 183 189 193 197 203 209 213 215 217 219 221 223 225 227 235 237 239 241 243 245 253 255 259 261 269 273 275 277 279 281 283 285 287 289 293 295 297 299 301 305 309 313 315 317 319 323 325 329 331 333 341 343 345 349 351 353 357 359 361 363 367 369 371 373 375 377 379 381 385 387 391 395 397 399 403 405 409 411 413 415 417 421 423 425 427 429 433 435 437 439 443 445 447 449 451 453 455 457 461 463 465 467 469 471 473 475 481 483 485 487 489 491 493 497 499 501 503 505 507 509 511 513 515 517 519 521 523 525 527 529 531 533 535 537 539 541 543 545 547 557 627 635 649 657 683 695 697 703 721 723 729 745 747 749 
189 1 3 5 7 9 11 13 15 17 19 21 25 27 29 31 33 35 37 39 41 43 63 143 145 151 173 203 209 217 219 225 241 243 259 261 269 273 275 277 281 285 287 289 293 295 297 301 305 313 315 331 341 343 357 359 363 367 371 373 377 379 385 397 399 403 409 411 413 425 429 433 435 437 439 443 445 447 449 451 453 457 461 463 465 471 473 485 487 489 491 493 497 499 501 505 511 513 519 521 523 525 531 537 541 547 549 551 553 555 557 565 567 573 575 577 579 581 585 587 589 591 593 595 599 601 603 605 611 613 617 621 623 625 627 629 631 633 635 637 639 641 643 645 647 649 651 655 657 661 667 669 671 675 677 679 681 683 685 687 689 693 695 697 699 703 705 709 711 713 715 719 721 723 725 727 729 731 733 735 737 739 741 743 745 747 749 751 753 755 
187 3 7 13 33 45 61 63 67 69 75 81 89 95 97 105 107 109 113 117 123 127 131 137 141 143 145 149 151 155 159 161 163 167 173 181 183 189 193 197 203 209 213 215 217 219 221 223 225 227 235 237 239 241 243 245 253 255 259 261 269 271 273 275 277 279 281 283 285 287 289 293 295 297 299 301 305 309 313 315 317 319 323 325 329 331 333 341 343 345 349 351 353 357 359 361 363 367 369 371 373 375 377 379 381 385 387 391 395 397 399 403 405 407 409 411 413 415 417 421 423 425 427 429 431 433 435 437 439 443 445 447 449 451 453 455 457 461 463 465 467 469 471 473 475 481 483 485 487 489 491 493 497 499 501 503 505 507 509 511 513 515 517 519 521 523 525 527 529 531 533 557 627 635 649 657 661 683 685 695 697 703 721 723 729 745 747 749 
194 13 33 45 61 63 67 75 81 89 95 97 109 113 123 131 141 143 145 151 155 159 163 173 181 189 197 203 209 215 217 219 221 223 225 227 235 237 241 243 253 255 259 261 269 273 275 277 281 283 285 287 289 293 295 297 301 305 309 313 315 317 319 323 325 331 333 341 343 345 349 351 357 359 361 363 367 371 373 377 379 381 385 391 395 397 399 403 409 411 413 417 421 423 425 429 433 435 437 439 443 445 447 449 451 453 455 457 461 463 465 467 469 471 473 475 481 485 487 489 491 493 497 499 501 505 509 511 513 517 519 521 523 525 527 531 533 537 541 543 547 549 551 553 555 557 559 563 565 567 571 573 575 577 579 581 583 585 587 589 591 593 595 597 599 601 603 605 607 609 611 613 617 619 621 623 625 627 629 631 633 635 637 639 641 643 645 647 649 651 683 695 703 721 729 
184 1 3 5 7 9 11 13 15 17 19 25 29 31 33 35 37 39 41 45 49 51 53 55 57 59 61 63 65 67 69 71 73 75 77 79 81 83 85 87 89 91 93 95 97 99 101 103 143 173 209 217 225 241 259 269 273 275 277 281 285 287 293 295 301 305 315 331 359 363 367 371 373 377 379 385 397 399 409 411 413 425 429 435 437 439 443 445 447 449 451 453 457 463 465 473 485 487 491 493 497 499 501 505 511 519 521 523 525 531 537 547 549 555 557 565 567 573 575 577 579 581 585 587 589 591 593 595 599 601 603 611 617 621 623 625 627 629 631 635 637 639 641 643 645 647 649 655 657 661 667 669 671 675 677 683 685 687 689 693 695 697 699 703 705 709 713 715 719 721 723 725 727 729 733 735 737 739 741 745 747 749 751 753 755 
196 13 33 45 61 63 67 75 81 89 95 97 109 113 117 123 131 141 143 145 151 155 159 161 163 173 181 183 189 197 203 209 213 215 217 219 221 223 225 227 235 237 239 241 243 253 255 259 261 269 273 275 277 279 281 283 285 287 289 293 295 297 301 305 309 313 315 317 319 323 325 331 333 341 343 345 349 351 357 359 361 363 367 369 371 373 377 379 381 385 391 395 397 399 403 409 411 413 415 417 421 423 425 429 433 435 437 439 443 445 447 449 451 453 455 457 461 463 465 467 469 471 473 475 481 483 485 487 489 491 493 497 499 501 505 509 511 513 517 519 521 523 525 527 531 533 535 537 541 543 547 549 551 553 555 557 559 563 565 567 569 571 573 575 577 579 581 583 585 587 589 591 593 595 597 599 601 603 605 607 609 611 613 615 617 619 621 623 625 627 629 631 683 695 703 721 729 
194 33 45 61 63 67 75 81 89 95 97 109 113 123 131 141 143 145 151 155 159 163 173 181 189 197 203 209 215 217 219 221 223 225 227 235 237 241 243 253 255 259 261 269 273 275 277 281 283 285 287 289 293 295 297 301 305 309 313 315 317 319 323 325 331 333 341 343 345 349 351 357 359 361 363 367 371 373 377 379 381 385 391 395 397 399 403 409 411 413 417 421 423 425 429 433 435 437 439 443 445 447 449 451 453 455 457 461 463 465 467 469 471 473 475 481 485 487 489 491 493 497 499 501 505 509 511 513 517 519 521 523 525 531 533 537 541 543 547 549 551 553 555 557 559 563 565 567 571 573 575 577 579 581 583 585 587 589 591 593 595 597 599 601 603 605 607 609 611 613 617 619 621 623 625 627 629 631 633 635 637 639 641 643 645 647 649 651 653 655 683 695 703 721 729 
190 1 3 5 7 9 11 13 15 17 19 25 29 31 33 35 37 39 41 45 47 49 51 53 55 57 59 61 63 65 67 69 71 73 75 77 79 81 83 143 151 173 209 217 225 241 243 259 261 269 273 275 277 281 285 287 289 293 295 297 301 305 313 315 331 343 357 359 363 367 371 373 377 379 385 397 399 409 411 413 425 429 435 437 439 443 445 447 449 451 453 457 461 463 465 473 485 487 491 493 497 499 501 505 511 519 521 523 525 531 537 547 549 553 555 557 565 567 573 575 577 579 581 585 587 589 591 593 595 599 601 603 611 613 617 621 623 625 627 629 631 633 635 637 639 641 643 645 647 649 651 655 657 661 667 669 671 675 677 681 683 685 687 689 693 695 697 699 703 705 709 713 715 719 721 723 725 727 729 733 735 737 739 741 743 745 747 749 751 753 755 
192 1 3 5 7 9 11 13 15 19 25 29 31 33 37 39 41 45 51 53 55 57 59 61 63 65 67 69 71 73 75 77 79 81 83 85 87 89 91 93 95 97 99 101 103 105 107 109 111 113 115 117 121 123 125 127 129 131 133 135 137 139 141 143 145 149 151 155 157 159 161 163 165 167 169 171 173 175 177 179 181 183 185 187 189 191 193 241 269 273 275 277 285 295 301 331 371 373 377 379 397 409 425 429 435 437 439 443 449 451 457 463 473 493 497 501 505 511 519 521 523 525 531 537 547 549 555 557 565 573 575 579 581 587 589 591 593 595 599 601 603 611 617 621 623 625 627 629 631 635 639 641 643 645 647 649 655 657 661 667 669 671 677 683 685 687 689 693 695 697 699 703 705 709 713 715 719 721 723 725 727 729 733 735 737 739 741 745 747 749 751 753 755 
185 1 3 5 7 9 11 13 15 17 19 25 29 31 33 37 39 41 45 51 53 55 57 59 61 63 65 67 69 71 73 75 77 79 81 83 85 87 89 91 93 95 97 99 101 103 105 107 109 111 113 115 117 121 123 125 127 129 131 133 135 173 225 241 259 269 273 275 277 285 287 295 301 305 315 331 359 363 367 371 373 377 379 385 397 399 409 413 425 429 435 437 439 443 449 451 453 457 463 473 485 487 491 493 497 501 505 511 519 521 523 525 531 537 547 549 555 557 565 573 575 577 579 581 587 589 591 593 595 599 601 603 611 617 621 623 625 627 629 631 635 637 639 641 643 645 647 649 655 657 661 667 669 671 675 677 683 685 687 689 693 695 697 699 703 705 709 713 715 719 721 723 725 727 729 733 735 737 739 741 745 747 749 751 753 755 
194 61 63 75 81 89 97 143 145 151 163 173 181 189 203 209 215 217 219 225 235 241 243 259 261 269 273 275 277 281 283 285 287 289 293 295 297 301 305 309 313 315 317 325 331 341 343 349 357 359 363 367 371 373 377 379 381 385 397 399 403 409 411 413 421 423 425 429 433 435 437 439 443 445 447 449 451 453 457 461 463 465 469 471 473 475 481 485 487 489 491 493 497 499 501 505 509 511 513 519 521 523 525 531 533 537 541 547 549 551 553 555 557 565 567 573 575 577 579 581 585 587 589 591 593 595 597 599 601 603 605 609 611 613 617 621 623 625 627 629 631 633 635 637 639 641 643 645 647 649 651 655 657 661 667 669 671 675 677 679 681 683 685 687 689 691 693 695 697 699 701 703 705 707 709 711 713 715 717 719 721 723 725 727 729 731 733 735 737 739 741 743 745 747 749 
201 1 3 5 7 13 31 33 37 45 53 57 61 63 65 67 69 75 79 81 87 89 91 95 97 99 101 105 107 109 113 117 121 123 127 131 137 141 143 145 149 151 155 159 161 163 167 169 171 173 175 177 179 181 183 185 189 191 193 195 197 203 207 209 211 213 215 217 219 221 223 225 227 233 235 237 239 241 243 245 247 251 253 255 259 261 263 265 267 269 271 273 275 277 279 281 283 285 287 289 293 295 297 299 301 305 307 309 311 313 315 317 319 323 325 327 329 331 333 335 339 341 343 345 347 349 351 353 357 359 361 363 365 367 369 371 373 375 377 379 381 383 385 387 389 391 393 395 397 399 403 405 407 409 411 413 415 417 419 429 505 511 521 531 547 557 573 575 579 581 587 589 591 603 621 623 627 629 635 641 643 647 649 655 657 661 667 683 685 687 695 697 703 705 721 723 729 745 747 749 753 755 
202 1 3 5 7 13 31 33 37 45 53 55 57 61 63 65 67 69 75 79 81 87 89 91 93 95 97 99 101 105 107 109 113 115 117 121 123 127 131 137 139 141 143 145 149 151 155 159 161 163 167 169 171 173 175 177 179 181 183 185 189 191 193 195 197 203 207 209 211 213 215 217 219 221 223 225 227 233 235 237 239 241 243 245 247 251 253 255 259 261 263 265 267 269 271 273 275 277 279 281 283 285 287 289 293 295 297 299 301 303 305 307 309 311 313 315 317 319 321 323 325 327 329 331 333 335 339 341 343 345 347 349 351 353 355 357 359 361 363 365 367 369 371 373 375 377 379 381 383 385 387 389 391 429 451 497 501 505 511 521 531 547 557 573 575 579 581 587 589 591 603 621 623 627 629 635 641 643 647 649 655 657 661 667 683 685 687 693 695 697 703 705 721 723 725 729 741 745 747 749 751 753 755 
194 1 3 5 7 13 31 33 37 45 53 57 61 63 65 67 69 75 79 81 87 89 91 95 97 99 105 107 109 113 117 121 123 127 131 137 141 143 145 149 151 155 159 161 163 167 171 173 175 177 181 183 189 193 195 197 203 207 209 211 213 215 217 219 221 223 225 227 233 235 237 239 241 243 245 247 251 253 255 259 261 263 267 269 271 273 275 277 279 281 283 285 287 289 293 295 297 299 301 305 309 311 313 315 317 319 323 325 327 329 331 333 341 343 345 347 349 351 353 357 359 361 363 367 369 371 373 375 377 379 381 385 387 389 391 395 397 399 403 405 407 409 411 413 415 417 421 423 425 427 429 431 433 435 437 439 443 445 447 449 505 511 531 557 573 575 579 581 587 589 603 621 623 627 629 635 649 655 657 661 683 685 687 695 697 703 705 721 723 729 745 747 749 753 755 
184 1 3 5 7 9 11 13 15 17 19 25 29 31 33 35 37 39 41 45 47 49 51 53 55 57 59 61 63 65 67 69 71 73 75 77 79 81 83 85 87 89 91 93 143 173 209 217 225 241 259 269 273 275 277 281 285 287 293 295 297 301 305 313 315 331 343 359 363 367 371 373 377 379 385 397 399 409 411 413 425 429 435 437 439 443 445 447 449 451 453 457 463 465 473 485 487 491 493 497 499 501 505 511 519 521 523 525 531 537 547 549 555 557 565 567 573 575 577 579 581 585 587 589 591 593 595 599 601 603 611 617 621 623 625 627 629 631 635 637 639 641 643 645 647 649 651 655 657 661 667 669 671 675 677 683 685 687 689 693 695 697 699 703 705 709 713 715 719 721 723 725 727 729 733 735 737 739 741 745 747 749 751 753 755 
191 1 3 5 7 9 11 13 15 25 29 31 33 37 39 41 45 53 55 57 59 61 63 65 67 69 71 75 77 79 81 83 85 87 89 91 93 95 97 99 101 103 105 107 109 111 113 115 117 121 123 125 127 129 131 133 135 137 139 141 143 145 149 151 155 159 161 163 167 169 171 173 175 177 179 181 183 185 187 189 191 193 195 197 199 201 203 205 207 209 211 213 215 217 219 221 223 225 277 285 301 371 373 377 379 397 409 425 429 435 437 439 443 449 451 457 473 493 497 501 505 511 519 521 525 531 537 547 549 555 557 573 575 579 581 587 589 591 593 595 599 601 603 617 621 623 625 627 629 631 635 639 641 643 645 647 649 655 657 661 667 669 671 683 685 687 689 693 695 697 699 703 705 709 713 715 719 721 723 725 727 729 735 737 739 741 745 747 749 751 753 755 
196 33 45 61 63 67 75 81 89 95 97 123 141 143 145 151 163 173 181 189 197 203 209 215 217 219 221 223 225 227 235 241 243 253 259 261 269 273 275 277 281 283 285 287 289 293 295 297 301 305 309 313 315 317 319 323 325 331 341 343 349 351 357 359 361 363 367 371 373 377 379 381 385 391 395 397 399 403 409 411 413 417 421 423 425 429 433 435 437 439 443 445 447 449 451 453 455 457 461 463 465 467 469 471 473 475 481 485 487 489 491 493 497 499 501 505 509 511 513 519 521 523 525 531 533 537 541 543 547 549 551 553 555 557 563 565 567 573 575 577 579 581 585 587 589 591 593 595 597 599 601 603 605 607 609 611 613 617 619 621 623 625 627 629 631 633 635 637 639 641 643 645 647 649 651 653 655 657 661 667 669 671 673 675 677 679 681 683 685 687 689 691 693 695 697 703 729 
195 33 45 61 63 67 75 81 89 95 97 123 131 141 143 145 151 155 159 163 173 181 189 197 203 209 215 217 219 221 223 225 227 235 237 241 243 253 255 259 261 269 273 275 277 281 283 285 287 289 293 295 297 301 305 309 313 315 317 319 323 325 331 333 341 343 349 351 357 359 361 363 367 371 373 377 379 381 385 391 395 397 399 403 409 411 413 417 421 423 425 429 433 435 437 439 443 445 447 449 451 453 455 457 461 463 465 467 469 471 473 475 481 485 487 489 491 493 497 499 501 505 509 511 513 517 519 521 523 525 531 533 537 541 543 547 549 551 553 555 557 559 563 565 567 571 573 575 577 579 581 585 587 589 591 593 595 597 599 601 603 605 607 609 611 613 617 619 621 623 625 627 629 631 633 635 637 639 641 643 645 647 649 651 653 655 657 659 661 665 667 669 671 703 721 729 
192 1 3 5 7 9 11 13 15 17 19 21 25 27 29 31 33 35 37 39 41 43 45 47 49 63 143 145 151 173 203 209 217 219 225 241 243 259 261 269 273 275 277 281 285 287 289 293 295 297 301 305 313 315 331 341 343 357 359 363 367 371 373 377 379 385 397 399 403 409 411 413 425 429 433 435 437 439 443 445 447 449 451 453 457 461 463 465 471 473 485 487 489 491 493 497 499 501 505 511 513 519 521 523 525 531 537 541 547 549 551 553 555 557 565 567 573 575 577 579 581 585 587 589 591 593 595 599 601 603 605 611 613 617 621 623 625 627 629 631 633 635 637 639 641 643 645 647 649 651 655 657 661 667 669 671 675 677 679 681 683 685 687 689 693 695 697 699 703 705 709 711 713 715 719 721 723 725 727 729 731 733 735 737 739 741 743 745 747 749 751 753 755 
190 1 3 5 7 9 11 13 15 17 19 25 29 31 33 35 37 39 41 43 45 47 49 51 53 55 57 59 61 63 65 67 69 71 143 151 173 203 209 217 225 241 243 259 261 269 273 275 277 281 285 287 289 293 295 297 301 305 313 315 331 341 343 357 359 363 367 371 373 377 379 385 397 399 409 411 413 425 429 435 437 439 443 445 447 449 451 453 457 461 463 465 473 485 487 489 491 493 497 499 501 505 511 519 521 523 525 531 537 547 549 551 553 555 557 565 567 573 575 577 579 581 585 587 589 591 593 595 599 601 603 611 613 617 621 623 625 627 629 631 633 635 637 639 641 643 645 647 649 651 655 657 661 667 669 671 675 677 681 683 685 687 689 693 695 697 699 703 705 709 711 713 715 719 721 723 725 727 729 733 735 737 739 741 743 745 747 749 751 753 755 
188 1 3 5 7 9 11 13 15 19 25 29 31 33 37 39 41 45 51 53 55 57 59 61 63 65 67 69 71 73 75 77 79 81 83 85 87 89 91 93 95 97 99 101 103 105 107 109 111 113 115 117 121 123 125 127 129 131 133 135 137 139 141 143 145 147 149 151 173 241 259 269 273 275 277 285 287 295 301 315 331 359 367 371 373 377 379 385 397 399 409 413 425 429 435 437 439 443 449 451 453 457 463 473 487 491 493 497 501 505 511 519 521 523 525 531 537 547 549 555 557 565 573 575 577 579 581 587 589 591 593 595 599 601 603 611 617 621 623 625 627 629 631 635 637 639 641 643 645 647 649 655 657 661 667 669 671 675 677 683 685 687 689 693 695 697 699 703 705 709 713 715 719 721 723 725 727 729 733 735 737 739 741 745 747 749 751 753 755 
192 1 3 5 7 9 11 13 15 17 19 21 25 27 29 31 33 35 37 39 41 43 45 47 49 63 143 145 151 173 203 209 217 219 225 241 243 259 261 269 273 275 277 281 285 287 289 293 295 297 301 305 313 315 331 341 343 357 359 363 367 371 373 377 379 385 397 399 403 409 411 413 425 429 433 435 437 439 443 445 447 449 451 453 457 461 463 465 471 473 485 487 489 491 493 497 499 501 505 511 513 519 521 523 525 531 537 541 547 549 551 553 555 557 565 567 573 575 577 579 581 585 587 589 591 593 595 599 601 603 605 611 613 617 621 623 625 627 629 631 633 635 637 639 641 643 645 647 649 651 655 657 661 667 669 671 675 677 679 681 683 685 687 689 693 695 697 699 703 705 709 711 713 715 719 721 723 725 727 729 731 733 735 737 739 741 743 745 747 749 751 753 755 
192 1 3 5 7 9 11 13 25 29 31 33 37 39 41 45 53 55 57 59 61 63 65 67 69 71 75 77 79 81 85 87 89 91 93 95 97 99 101 103 105 107 109 113 115 117 121 123 125 127 129 131 133 135 137 139 141 143 145 149 151 155 159 161 163 167 169 171 173 175 177 179 181 183 185 189 191 193 195 197 201 203 205 207 209 211 213 215 217 219 221 223 225 227 229 231 233 235 237 239 241 243 245 247 249 251 253 255 257 259 261 263 265 267 269 271 273 275 371 373 379 397 429 435 443 449 451 473 497 501 505 511 519 521 531 537 547 549 555 557 573 575 579 581 587 589 591 593 595 599 603 617 621 623 625 627 629 635 641 643 647 649 655 657 661 667 671 683 685 687 689 693 695 697 699 703 705 713 715 719 721 723 725 727 729 739 741 745 747 749 751 753 755 
187 3 7 13 33 45 61 63 67 75 81 89 95 97 105 109 113 117 123 127 131 141 143 145 151 155 159 161 163 167 173 181 183 189 193 197 203 209 213 215 217 219 221 223 225 227 235 237 239 241 243 245 253 255 259 261 269 273 275 277 279 281 283 285 287 289 293 295 297 299 301 305 309 313 315 317 319 323 325 329 331 333 341 343 345 349 351 353 357 359 361 363 367 369 371 373 375 377 379 381 385 387 391 395 397 399 403 405 409 411 413 415 417 421 423 425 427 429 433 435 437 439 443 445 447 449 451 453 455 457 461 463 465 467 469 471 473 475 481 483 485 487 489 491 493 497 499 501 503 505 507 509 511 513 515 517 519 521 523 525 527 531 533 535 537 541 543 545 547 549 551 553 555 557 559 635 649 657 683 695 697 703 721 723 729 745 747 749 
191 3 7 13 33 45 61 63 67 75 81 89 95 97 109 113 117 123 127 131 141 143 145 151 155 159 161 163 173 181 183 189 197 203 209 213 215 217 219 221 223 225 227 235 237 239 241 243 253 255 259 261 269 273 275 277 279 281 283 285 287 289 293 295 297 301 305 309 313 315 317 319 323 325 331 333 341 343 345 349 351 353 357 359 361 363 367 369 371 373 377 379 381 385 387 391 395 397 399 403 409 411 413 415 417 421 423 425 429 433 435 437 439 443 445 447 449 451 453 455 457 461 463 465 467 469 471 473 475 481 483 485 487 489 491 493 497 499 501 505 509 511 513 515 517 519 521 523 525 527 531 533 535 537 541 543 547 549 551 553 555 557 559 563 565 567 569 571 573 575 577 579 581 583 585 587 589 591 593 595 597 599 601 603 649 657 683 695 703 721 729 749 
187 1 3 5 7 9 11 13 15 19 25 29 31 33 37 39 41 45 51 53 55 57 59 61 63 65 67 69 71 73 75 77 79 81 83 85 87 89 91 93 95 97 99 101 103 105 107 109 111 113 115 117 121 123 125 127 129 131 133 135 137 139 141 143 145 147 149 173 241 259 269 273 275 277 285 287 295 301 315 331 359 367 371 373 377 379 385 397 399 409 413 425 429 435 437 439 443 449 451 453 457 463 473 487 491 493 497 501 505 511 519 521 523 525 531 537 547 549 555 557 565 573 575 577 579 581 587 589 591 593 595 599 601 603 611 617 621 623 625 627 629 631 635 637 639 641 643 645 647 649 655 657 661 667 669 671 675 677 683 685 687 689 693 695 697 699 703 705 709 713 715 719 721 723 725 727 729 733 735 737 739 741 745 747 749 751 753 755 
195 1 3 5 7 9 11 13 15 25 29 31 33 37 39 41 45 53 55 57 59 61 63 65 67 69 71 75 77 79 81 85 87 89 91 93 95 97 99 101 103 105 107 109 113 115 117 121 123 125 127 129 131 133 135 137 139 141 143 145 149 151 155 159 161 163 167 169 171 173 175 177 179 181 183 185 189 191 193 195 197 201 203 205 207 209 211 213 215 217 219 221 223 225 227 229 231 233 235 237 239 241 243 245 247 249 251 253 255 257 259 261 263 265 267 269 271 273 371 373 377 379 397 429 435 443 449 451 473 497 501 505 511 519 521 531 537 547 549 555 557 573 575 579 581 587 589 591 593 595 599 601 603 617 621 623 625 627 629 635 641 643 647 649 655 657 661 667 669 671 683 685 687 689 693 695 697 699 703 705 713 715 719 721 723 725 727 729 739 741 745 747 749 751 753 755 
192 1 3 5 7 13 31 33 37 45 57 61 63 65 67 69 75 79 81 87 89 91 95 97 99 105 107 109 113 117 121 123 127 131 137 141 143 145 149 151 155 159 161 163 167 171 173 177 181 183 189 193 195 197 203 207 209 213 215 217 219 221 223 225 227 233 235 237 239 241 243 245 247 251 253 255 259 261 263 267 269 271 273 275 277 279 281 283 285 287 289 293 295 297 299 301 305 309 311 313 315 317 319 323 325 327 329 331 333 341 343 345 347 349 351 353 357 359 361 363 367 369 371 373 375 377 379 381 385 387 391 395 397 399 403 405 407 409 411 413 415 417 421 423 425 427 429 431 433 435 437 439 443 445 447 449 451 453 455 457 459 461 463 465 531 557 573 575 579 587 589 603 621 627 635 649 655 657 661 683 685 687 695 697 703 721 723 729 745 747 749 753 755 
202 1 3 5 7 9 13 31 33 37 45 53 55 57 61 63 65 67 69 75 79 81 87 89 91 93 95 97 99 101 105 107 109 113 115 117 121 123 127 131 137 139 141 143 145 149 151 155 159 161 163 167 169 171 173 175 177 179 181 183 185 189 191 193 195 197 201 203 207 209 211 213 215 217 219 221 223 225 227 233 235 237 239 241 243 245 247 251 253 255 259 261 263 265 267 269 271 273 275 277 279 281 283 285 287 289 293 295 297 299 301 303 305 307 309 311 313 315 317 319 321 323 325 327 329 331 333 335 339 341 343 345 347 349 351 353 355 357 359 361 363 365 367 369 371 373 375 377 379 381 383 429 451 497 501 505 511 521 531 547 549 557 573 575 579 581 587 589 591 603 621 623 627 629 635 641 643 647 649 655 657 661 667 671 683 685 687 693 695 697 703 705 721 723 725 729 741 745 747 749 751 753 755 
193 1 3 5 7 9 11 13 15 19 25 29 31 33 37 39 41 45 51 53 55 57 59 61 63 65 67 69 71 73 75 77 79 81 83 85 87 89 91 93 95 97 99 101 103 105 107 109 111 113 115 117 121 123 125 127 129 131 133 135 137 139 141 143 145 149 151 155 157 159 161 163 165 167 169 171 173 175 177 179 181 183 185 187 189 191 193 195 241 269 273 275 277 285 295 301 331 371 373 377 379 397 409 425 429 435 437 439 443 449 451 457 463 473 493 497 501 505 511 519 521 523 525 531 537 547 549 555 557 565 573 575 579 581 587 589 591 593 595 599 601 603 611 617 621 623 625 627 629 631 635 639 641 643 645 647 649 655 657 661 667 669 671 677 683 685 687 689 693 695 697 699 703 705 709 713 715 719 721 723 725 727 729 733 735 737 739 741 745 747 749 751 753 755 
185 1 3 5 7 9 11 13 15 17 19 25 29 31 33 35 37 39 41 45 47 49 51 53 55 57 59 61 63 65 67 69 71 73 75 77 79 81 83 85 87 143 151 173 209 217 225 241 243 259 269 273 275 277 281 285 287 293 295 297 301 305 313 315 331 343 359 363 367 371 373 377 379 385 397 399 409 411 413 425 429 435 437 439 443 445 447 449 451 453 457 463 465 473 485 487 491 493 497 499 501 505 511 519 521 523 525 531 537 547 549 555 557 565 567 573 575 577 579 581 585 587 589 591 593 595 599 601 603 611 613 617 621 623 625 627 629 631 635 637 639 641 643 645 647 649 651 655 657 661 667 669 671 675 677 683 685 687 689 693 695 697 699 703 705 709 713 715 719 721 723 725 727 729 733 735 737 739 741 743 745 747 749 751 753 755 
192 61 63 75 81 89 97 143 145 151 163 173 181 189 203 209 215 217 219 225 235 241 243 259 261 269 273 275 277 281 283 285 287 289 293 295 297 301 305 309 313 315 317 325 331 341 343 349 351 357 359 363 367 371 373 377 379 381 385 397 399 403 409 411 413 421 423 425 429 433 435 437 439 443 445 447 449 451 453 457 461 463 465 469 471 473 475 481 485 487 489 491 493 497 499 501 505 509 511 513 519 521 523 525 531 533 537 541 547 549 551 553 555 557 565 567 573 575 577 579 581 585 587 589 591 593 595 597 599 601 603 605 609 611 613 617 621 623 625 627 629 631 633 635 637 639 641 643 645 647 649 651 655 657 661 667 669 671 675 677 679 681 683 685 687 689 691 693 695 697 699 701 703 705 707 709 711 713 715 717 719 721 723 725 727 729 731 733 735 737 739 741 743 
192 1 3 5 7 9 11 13 15 19 25 29 31 33 37 39 41 45 51 53 55 57 59 61 63 65 67 69 71 73 75 77 79 81 83 85 87 89 91 93 95 97 99 101 103 105 107 109 111 113 115 117 121 123 125 127 129 131 133 135 137 139 141 143 145 149 151 155 157 159 161 163 165 167 169 171 173 175 177 179 181 183 185 187 189 191 193 195 197 241 269 273 275 277 285 295 301 371 373 377 379 397 409 425 429 435 437 439 443 449 451 457 463 473 493 497 501 505 511 519 521 523 525 531 537 547 549 555 557 565 573 575 579 581 587 589 591 593 595 599 601 603 611 617 621 623 625 627 629 631 635 639 641 643 645 647 649 655 657 661 667 669 671 683 685 687 689 693 695 697 699 703 705 709 713 715 719 721 723 725 727 729 733 735 737 739 741 745 747 749 751 753 755 
203 1 3 5 7 13 31 33 37 45 53 55 57 61 63 65 67 69 75 79 81 87 89 91 93 95 97 99 101 105 107 109 113 115 117 121 123 127 131 137 139 141 143 145 149 151 155 159 161 163 167 169 171 173 175 177 179 181 183 185 189 191 193 195 197 203 207 209 211 213 215 217 219 221 223 225 227 233 235 237 239 241 243 245 247 251 253 255 259 261 263 265 267 269 271 273 275 277 279 281 283 285 287 289 293 295 297 299 301 303 305 307 309 311 313 315 317 319 321 323 325 327 329 331 333 335 339 341 343 345 347 349 351 353 355 357 359 361 363 365 367 369 371 373 375 377 379 381 383 385 387 389 391 393 429 451 497 501 505 511 521 531 547 557 573 575 579 581 587 589 591 603 621 623 627 629 635 641 643 647 649 655 657 661 667 683 685 687 693 695 697 703 705 721 723 725 729 741 745 747 749 751 753 755 
194 61 63 67 75 81 89 97 141 143 145 151 163 173 181 189 203 209 215 217 219 223 225 235 241 243 253 259 261 269 273 275 277 281 283 285 287 289 293 295 297 301 305 309 313 315 317 323 325 331 341 343 349 351 357 359 363 367 371 373 377 379 381 385 395 397 399 403 409 411 413 421 423 425 429 433 435 437 439 443 445 447 449 451 453 455 457 461 463 465 469 471 473 475 481 485 487 489 491 493 497 499 501 505 509 511 513 519 521 523 525 531 533 537 541 543 547 549 551 553 555 557 565 567 573 575 577 579 581 585 587 589 591 593 595 597 599 601 603 605 607 609 611 613 617 619 621 623 625 627 629 631 633 635 637 639 641 643 645 647 649 651 655 657 661 667 669 671 673 675 677 679 681 683 685 687 689 691 693 695 697 699 701 703 705 707 709 711 713 715 717 719 721 723 725 
186 3 7 13 33 45 61 63 67 69 75 81 89 95 97 105 107 109 113 117 123 127 131 137 141 143 145 149 151 155 159 161 163 167 173 181 183 189 193 197 203 209 213 215 217 219 221 223 225 227 235 237 239 241 243 245 253 255 259 261 269 273 275 277 279 281 283 285 287 289 293 295 297 299 301 305 309 313 315 317 319 323 325 329 331 333 341 343 345 349 351 353 357 359 361 363 367 369 371 373 375 377 379 381 385 387 391 395 397 399 403 405 409 411 413 415 417 421 423 425 427 429 431 433 435 437 439 443 445 447 449 451 453 455 457 461 463 465 467 469 471 473 475 481 483 485 487 489 491 493 497 499 501 503 505 507 509 511 513 515 517 519 521 523 525 527 529 531 533 535 537 539 557 627 635 649 657 683 695 697 703 721 723 729 745 747 749 
192 1 3 5 7 9 11 13 15 25 29 31 33 37 39 41 45 53 55 57 59 61 63 65 67 69 71 75 77 79 81 83 85 87 89 91 93 95 97 99 101 103 105 107 109 111 113 115 117 121 123 125 127 129 131 133 135 137 139 141 143 145 149 151 155 159 161 163 167 169 171 173 175 177 179 181 183 185 187 189 191 193 195 197 199 201 203 205 207 209 211 213 215 217 219 221 223 225 269 277 285 301 371 373 377 379 397 409 425 429 435 437 439 443 449 451 457 473 493 497 501 505 511 519 521 525 531 537 547 549 555 557 573 575 579 581 587 589 591 593 595 599 601 603 617 621 623 625 627 629 631 635 639 641 643 645 647 649 655 657 661 667 669 671 683 685 687 689 693 695 697 699 703 705 709 713 715 719 721 723 725 727 729 735 737 739 741 745 747 749 751 753 755 
192 1 3 5 7 9 13 25 31 33 37 39 41 45 53 55 57 59 61 63 65 67 69 71 75 77 79 81 87 89 91 93 95 97 99 101 103 105 107 109 113 115 117 121 123 125 127 129 131 135 137 139 141 143 145 149 151 155 159 161 163 167 169 171 173 175 177 179 181 183 185 189 191 193 195 197 201 203 205 207 209 211 213 215 217 219 221 223 225 227 229 231 233 235 237 239 241 243 245 247 249 251 253 255 257 259 261 263 265 267 269 271 273 275 277 279 281 283 285 287 289 371 373 379 397 429 435 449 451 473 497 501 505 511 519 521 531 537 547 549 555 557 573 575 579 581 587 589 591 593 595 599 603 621 623 625 627 629 635 641 643 647 649 655 657 661 667 671 683 685 687 689 693 695 697 699 703 705 713 715 719 721 723 725 727 729 741 745 747 749 751 753 755 
194 1 3 5 7 13 31 33 37 45 57 61 63 65 67 69 75 79 81 87 89 91 95 97 99 105 107 109 113 117 121 123 127 131 137 141 143 145 149 151 155 159 161 163 167 171 173 177 181 183 189 193 195 197 203 207 209 211 213 215 217 219 221 223 225 227 233 235 237 239 241 243 245 247 251 253 255 259 261 263 267 269 271 273 275 277 279 281 283 285 287 289 293 295 297 299 301 305 309 311 313 315 317 319 323 325 327 329 331 333 341 343 345 347 349 351 353 357 359 361 363 367 369 371 373 375 377 379 381 385 387 391 395 397 399 403 405 407 409 411 413 415 417 421 423 425 427 429 431 433 435 437 439 443 445 447 449 451 453 455 457 505 511 531 557 573 575 579 581 587 589 603 621 623 627 629 635 649 655 657 661 683 685 687 695 697 703 721 723 729 745 747 749 753 755 
188 3 7 13 33 45 61 63 67 75 81 89 95 97 105 109 113 117 123 127 131 141 143 145 151 155 159 161 163 167 173 181 183 189 193 197 203 209 213 215 217 219 221 223 225 227 235 237 239 241 243 245 253 255 259 261 269 273 275 277 279 281 283 285 287 289 293 295 297 299 301 305 309 313 315 317 319 323 325 329 331 333 341 343 345 349 351 353 357 359 361 363 367 369 371 373 375 377 379 381 385 387 391 395 397 399 403 405 409 411 413 415 417 421 423 425 427 429 433 435 437 439 443 445 447 449 451 453 455 457 461 463 465 467 469 471 473 475 481 483 485 487 489 491 493 497 499 501 503 505 507 509 511 513 515 517 519 521 523 525 527 531 533 535 537 539 541 543 545 547 549 551 553 555 557 627 635 649 657 683 695 697 703 721 723 729 745 747 749 
185 1 3 5 7 9 11 13 15 17 19 25 29 31 33 37 39 41 45 51 53 55 57 59 61 63 65 67 69 71 73 75 77 79 81 83 85 87 89 91 93 95 97 99 101 103 105 107 109 111 113 115 117 119 121 123 125 127 173 225 241 259 269 273 275 277 285 287 295 301 305 315 331 359 363 367 371 373 377 379 385 397 399 409 411 413 425 429 435 437 439 443 449 451 453 457 463 473 485 487 491 493 497 499 501 505 511 519 521 523 525 531 537 547 549 555 557 565 573 575 577 579 581 585 587 589 591 593 595 599 601 603 611 617 621 623 625 627 629 631 635 637 639 641 643 645 647 649 655 657 661 667 669 671 675 677 683 685 687 689 693 695 697 699 703 705 709 713 715 719 721 723 725 727 729 733 735 737 739 741 745 747 749 751 753 755 
194 1 3 5 7 9 11 13 15 25 29 31 33 37 39 41 45 53 55 57 59 61 63 65 67 69 71 75 77 79 81 85 87 89 91 93 95 97 99 101 103 105 107 109 113 115 117 121 123 125 127 129 131 133 135 137 139 141 143 145 149 151 155 159 161 163 167 169 171 173 175 177 179 181 183 185 189 191 193 195 197 201 203 205 207 209 211 213 215 217 219 221 223 225 227 229 231 233 235 237 239 241 243 245 247 249 251 253 255 257 259 261 263 265 267 269 371 373 377 379 397 429 435 443 449 451 473 497 501 505 511 519 521 531 537 547 549 555 557 573 575 579 581 587 589 591 593 595 599 601 603 617 621 623 625 627 629 635 641 643 645 647 649 655 657 661 667 669 671 683 685 687 689 693 695 697 699 703 705 713 715 719 721 723 725 727 729 739 741 745 747 749 751 753 755 
188 3 7 13 33 45 61 63 67 75 81 89 95 97 105 109 113 117 123 127 131 141 143 145 151 155 159 161 163 173 181 183 189 193 197 203 209 213 215 217 219 221 223 225 227 235 237 239 241 243 245 253 255 259 261 269 273 275 277 279 281 283 285 287 289 293 295 297 299 301 305 309 313 315 317 319 323 325 329 331 333 341 343 345 349 351 353 357 359 361 363 367 369 371 373 377 379 381 385 387 391 395 397 399 403 409 411 413 415 417 421 423 425 427 429 433 435 437 439 443 445 447 449 451 453 455 457 461 463 465 467 469 471 473 475 481 483 485 487 489 491 493 497 499 501 503 505 507 509 511 513 515 517 519 521 523 525 527 531 533 535 537 541 543 545 547 549 551 553 555 557 559 561 563 565 567 635 649 657 683 695 697 703 721 723 729 745 747 749 
201 1 3 5 7 13 31 33 37 45 53 57 61 63 65 67 69 75 79 81 87 89 91 95 97 99 101 105 107 109 113 117 121 123 127 131 137 141 143 145 149 151 155 159 161 163 167 169 171 173 175 177 179 181 183 185 189 191 193 195 197 203 207 209 211 213 215 217 219 221 223 225 227 233 235 237 239 241 243 245 247 251 253 255 259 261 263 265 267 269 271 273 275 277 279 281 283 285 287 289 293 295 297 299 301 303 305 307 309 311 313 315 317 319 323 325 327 329 331 333 335 339 341 343 345 347 349 351 353 357 359 361 363 365 367 369 371 373 375 377 379 381 383 385 387 389 391 393 395 397 399 401 403 405 407 409 411 429 451 505 511 521 531 547 557 573 575 579 581 587 589 591 603 621 623 627 629 635 641 643 647 649 655 657 661 667 683 685 687 693 695 697 703 705 721 723 729 745 747 749 753 755 
198 1 3 5 7 9 13 31 33 37 39 41 45 53 55 57 59 61 63 65 67 69 71 75 77 79 81 87 89 91 93 95 97 99 101 105 107 109 113 115 117 121 123 125 127 131 135 137 139 141 143 145 149 151 155 159 161 163 167 169 171 173 175 177 179 181 183 185 189 191 193 195 197 201 203 205 207 209 211 213 215 217 219 221 223 225 227 231 233 235 237 239 241 243 245 247 249 251 253 255 259 261 263 265 267 269 271 273 275 277 279 281 283 285 287 289 293 295 297 299 301 303 305 307 309 311 313 315 317 319 321 323 325 327 329 331 333 335 337 371 429 435 449 451 497 501 505 511 521 531 547 549 557 573 575 579 581 587 589 591 595 599 603 621 623 627 629 635 641 643 647 649 655 657 661 667 671 683 685 687 693 695 697 699 703 705 719 721 723 725 727 729 741 745 747 749 751 753 755 
195 1 3 5 7 9 11 13 15 25 29 31 33 37 39 41 45 53 55 57 59 61 63 65 67 69 71 75 77 79 81 83 85 87 89 91 93 95 97 99 101 103 105 107 109 111 113 115 117 121 123 125 127 129 131 133 135 137 139 141 143 145 149 151 155 159 161 163 167 169 171 173 175 177 179 181 183 185 189 191 193 195 197 199 201 203 205 207 209 211 213 215 217 219 221 223 225 227 229 231 233 235 237 239 241 277 285 301 371 373 377 379 397 425 429 435 437 439 443 449 451 473 493 497 501 505 511 519 521 525 531 537 547 549 555 557 573 575 579 581 587 589 591 593 595 599 601 603 617 621 623 625 627 629 631 635 639 641 643 645 647 649 655 657 661 667 669 671 683 685 687 689 693 695 697 699 703 705 713 715 719 721 723 725 727 729 735 737 739 741 745 747 749 751 753 755 
192 1 3 5 7 9 11 13 15 25 29 31 33 37 39 41 45 53 55 57 59 61 63 65 67 69 71 75 77 79 81 85 87 89 91 93 95 97 99 101 103 105 107 109 113 115 117 121 123 125 127 129 131 133 135 137 139 141 143 145 149 151 155 159 161 163 167 169 171 173 175 177 179 181 183 185 189 191 193 195 197 201 203 205 207 209 211 213 215 217 219 221 223 225 227 229 231 233 235 237 239 241 243 245 247 249 251 253 255 285 301 371 373 377 379 397 429 435 439 443 449 451 473 497 501 505 511 519 521 531 537 547 549 555 557 573 575 579 581 587 589 591 593 595 599 601 603 617 621 623 625 627 629 631 635 639 641 643 645 647 649 655 657 661 667 669 671 683 685 687 689 693 695 697 699 703 705 713 715 719 721 723 725 727 729 739 741 745 747 749 751 753 755 
195 33 45 61 63 67 75 81 89 95 97 123 131 141 143 145 151 155 159 163 173 181 189 197 203 209 215 217 219 221 223 225 227 235 237 241 243 253 255 259 261 269 273 275 277 281 283 285 287 289 293 295 297 301 305 309 313 315 317 319 323 325 331 333 341 343 349 351 357 359 361 363 367 371 373 377 379 381 385 391 395 397 399 403 409 411 413 417 421 423 425 429 433 435 437 439 443 445 447 449 451 453 455 457 461 463 465 467 469 471 473 475 481 485 487 489 491 493 497 499 501 505 509 511 513 519 521 523 525 531 533 537 541 543 547 549 551 553 555 557 559 563 565 567 571 573 575 577 579 581 585 587 589 591 593 595 597 599 601 603 605 607 609 611 613 617 619 621 623 625 627 629 631 633 635 637 639 641 643 645 647 649 651 653 655 657 659 661 665 667 669 671 673 703 721 729 
195 33 45 61 63 67 75 81 89 95 97 123 131 141 143 145 151 155 159 163 173 181 189 197 203 209 215 217 219 221 223 225 227 235 237 241 243 253 255 259 261 269 273 275 277 281 283 285 287 289 293 295 297 301 305 309 313 315 317 319 323 325 331 333 341 343 349 351 357 359 361 363 367 371 373 377 379 381 385 391 395 397 399 403 409 411 413 417 421 423 425 429 433 435 437 439 443 445 447 449 451 453 455 457 461 463 465 467 469 471 473 475 481 485 487 489 491 493 497 499 501 505 509 511 513 517 519 521 523 525 531 533 537 541 543 547 549 551 553 555 557 559 563 565 567 571 573 575 577 579 581 585 587 589 591 593 595 597 599 601 603 605 607 609 611 613 617 619 621 623 625 627 629 631 633 635 637 639 641 643 645 647 649 651 653 655 657 659 661 665 667 669 695 703 721 729 
185 1 3 5 7 9 11 13 15 17 19 25 29 31 33 37 39 41 45 51 53 55 57 59 61 63 65 67 69 71 73 75 77 79 81 83 85 87 89 91 93 95 97 99 101 103 105 107 109 111 113 115 117 121 123 125 127 129 131 133 135 137 139 141 173 225 241 259 269 273 275 277 285 287 295 301 315 331 359 367 371 373 377 379 385 397 399 409 413 425 429 435 437 439 443 449 451 453 457 463 473 487 491 493 497 501 505 511 519 521 523 525 531 537 547 549 555 557 565 573 575 577 579 581 587 589 591 593 595 599 601 603 611 617 621 623 625 627 629 631 635 637 639 641 643 645 647 649 655 657 661 667 669 671 675 677 683 685 687 689 693 695 697 699 703 705 709 713 715 719 721 723 725 727 729 733 735 737 739 741 745 747 749 751 753 755 
195 33 45 61 63 67 75 81 89 95 97 123 141 143 145 151 163 173 181 189 197 203 209 215 217 219 221 223 225 227 235 241 243 253 259 261 269 273 275 277 281 283 285 287 289 293 295 297 301 305 309 313 315 317 319 323 325 331 341 343 349 351 357 359 361 363 367 371 373 377 379 381 385 391 395 397 399 403 409 411 413 417 421 423 425 429 433 435 437 439 443 445 447 449 451 453 455 457 461 463 465 467 469 471 473 475 481 485 487 489 491 493 497 499 501 505 509 511 513 519 521 523 525 531 533 537 541 543 547 549 551 553 555 557 563 565 567 573 575 577 579 581 585 587 589 591 593 595 597 599 601 603 605 607 609 611 613 617 619 621 623 625 627 629 631 633 635 637 639 641 643 645 647 649 651 653 655 657 661 667 669 671 673 675 677 679 681 683 685 687 689 691 693 695 703 729 
192 1 3 5 7 9 11 13 15 17 19 21 25 27 29 31 33 35 37 39 41 63 143 145 151 173 203 209 217 219 225 241 243 259 261 269 273 275 277 281 285 287 289 293 295 297 301 305 313 315 317 325 331 341 343 357 359 363 367 371 373 377 379 385 397 399 403 409 411 413 421 425 429 433 435 437 439 443 445 447 449 451 453 457 461 463 465 471 473 481 485 487 489 491 493 497 499 501 505 511 513 519 521 523 525 531 537 541 547 549 551 553 555 557 565 567 573 575 577 579 581 585 587 589 591 593 595 599 601 603 605 611 613 617 621 623 625 627 629 631 633 635 637 639 641 643 645 647 649 651 655 657 661 667 669 671 675 677 679 681 683 685 687 689 693 695 697 699 703 705 709 711 713 715 719 721 723 725 727 729 731 733 735 737 739 741 743 745 747 749 751 753 755 
196 33 45 61 63 67 75 81 89 95 97 123 141 143 145 151 155 159 163 173 181 189 197 203 209 215 217 219 221 223 225 227 235 241 243 253 259 261 269 273 275 277 281 283 285 287 289 293 295 297 301 305 309 313 315 317 319 323 325 331 333 341 343 349 351 357 359 361 363 367 371 373 377 379 381 385 391 395 397 399 403 409 411 413 417 421 423 425 429 433 435 437 439 443 445 447 449 451 453 455 457 461 463 465 467 469 471 473 475 481 485 487 489 491 493 497 499 501 505 509 511 513 519 521 523 525 531 533 537 541 543 547 549 551 553 555 557 563 565 567 573 575 577 579 581 585 587 589 591 593 595 597 599 601 603 605 607 609 611 613 617 619 621 623 625 627 629 631 633 635 637 639 641 643 645 647 649 651 653 655 657 661 667 669 671 673 675 677 679 681 683 685 687 689 703 721 729 
198 1 3 5 7 13 31 33 37 45 53 57 61 63 65 67 69 75 79 81 87 89 91 95 97 99 105 107 109 113 117 121 123 127 131 137 141 143 145 149 151 155 159 161 163 167 169 171 173 175 177 179 181 183 185 189 191 193 195 197 203 207 209 211 213 215 217 219 221 223 225 227 233 235 237 239 241 243 245 247 251 253 255 259 261 263 267 269 271 273 275 277 279 281 283 285 287 289 293 295 297 299 301 305 309 311 313 315 317 319 323 325 327 329 331 333 339 341 343 345 347 349 351 353 357 359 361 363 365 367 369 371 373 375 377 379 381 385 387 389 391 393 395 397 399 403 405 407 409 411 413 415 417 419 421 423 425 427 429 431 505 511 531 547 557 573 575 579 581 587 589 591 603 621 623 627 629 635 643 647 649 655 657 661 683 685 687 695 697 703 705 721 723 729 745 747 749 753 755 
191 7 13 33 45 61 63 67 75 81 89 95 97 109 113 117 123 127 131 141 143 145 151 155 159 161 163 173 181 183 189 197 203 209 213 215 217 219 221 223 225 227 235 237 239 241 243 253 255 259 261 269 273 275 277 279 281 283 285 287 289 293 295 297 301 305 309 313 315 317 319 323 325 331 333 341 343 345 349 351 353 357 359 361 363 367 369 371 373 377 379 381 385 387 391 395 397 399 403 409 411 413 415 417 421 423 425 429 433 435 437 439 443 445 447 449 451 453 455 457 461 463 465 467 469 471 473 475 481 483 485 487 489 491 493 497 499 501 505 509 511 513 517 519 521 523 525 527 531 533 535 537 541 543 547 549 551 553 555 557 559 563 565 567 569 571 573 575 577 579 581 583 585 587 589 591 593 595 597 599 601 603 605 607 609 649 657 683 695 703 721 729 
194 1 3 5 61 63 75 81 97 143 145 151 173 181 189 203 209 215 217 219 225 241 243 259 261 269 273 275 277 281 283 285 287 289 293 295 297 301 305 309 313 315 317 325 331 341 343 349 357 359 363 367 371 373 377 379 381 385 397 399 403 409 411 413 421 423 425 429 433 435 437 439 443 445 447 449 451 453 457 461 463 465 471 473 475 481 485 487 489 491 493 497 499 501 505 509 511 513 519 521 523 525 531 537 541 547 549 551 553 555 557 565 567 573 575 577 579 581 585 587 589 591 593 595 599 601 603 605 609 611 613 617 621 623 625 627 629 631 633 635 637 639 641 643 645 647 649 651 655 657 661 667 669 671 675 677 679 681 683 685 687 689 691 693 695 697 699 701 703 705 707 709 711 713 715 717 719 721 723 725 727 729 731 733 735 737 739 741 743 745 747 749 751 753 755 
193 1 3 7 13 33 45 61 63 67 69 75 81 87 89 95 97 105 107 109 113 117 123 127 131 137 141 143 145 149 151 155 159 161 163 167 173 181 183 189 193 195 197 203 209 213 215 217 219 221 223 225 227 235 237 239 241 243 245 247 251 253 255 259 261 269 271 273 275 277 279 281 283 285 287 289 293 295 297 299 301 305 309 313 315 317 319 323 325 327 329 331 333 341 343 345 347 349 351 353 357 359 361 363 367 369 371 373 375 377 379 381 385 387 391 395 397 399 403 405 407 409 411 413 415 417 421 423 425 427 429 431 433 435 437 439 443 445 447 449 451 453 455 457 461 463 465 467 469 471 473 475 481 483 485 487 489 491 493 497 499 501 503 505 507 509 511 513 515 517 519 531 557 575 579 587 603 627 635 649 657 661 683 685 687 695 697 703 721 723 729 745 747 749 
194 33 61 63 67 75 81 89 95 97 123 141 143 145 151 163 173 181 189 203 209 215 217 219 223 225 235 241 243 253 259 261 269 273 275 277 281 283 285 287 289 293 295 297 301 305 309 313 315 317 323 325 331 341 343 349 351 357 359 361 363 367 371 373 377 379 381 385 391 395 397 399 403 409 411 413 421 423 425 429 433 435 437 439 443 445 447 449 451 453 455 457 461 463 465 469 471 473 475 481 485 487 489 491 493 497 499 501 505 509 511 513 519 521 523 525 531 533 537 541 543 547 549 551 553 555 557 563 565 567 573 575 577 579 581 585 587 589 591 593 595 597 599 601 603 605 607 609 611 613 617 619 621 623 625 627 629 631 633 635 637 639 641 643 645 647 649 651 653 655 657 661 667 669 671 673 675 677 679 681 683 685 687 689 691 693 695 697 699 701 703 705 707 709 711 
188 1 3 5 7 9 11 13 15 25 29 31 33 37 39 41 45 51 53 55 57 59 61 63 65 67 69 71 75 77 79 81 83 85 87 89 91 93 95 97 99 101 103 105 107 109 111 113 115 117 121 123 125 127 129 131 133 135 137 139 141 143 145 149 151 155 159 161 163 165 167 169 171 173 175 177 179 181 183 185 187 189 191 193 195 197 199 201 203 205 269 273 277 285 301 371 373 377 379 397 409 425 429 435 437 439 443 449 451 457 463 473 493 497 501 505 511 519 521 525 531 537 547 549 555 557 565 573 575 579 581 587 589 591 593 595 599 601 603 611 617 621 623 625 627 629 631 635 639 641 643 645 647 649 655 657 661 667 669 671 683 685 687 689 693 695 697 699 703 705 709 713 715 719 721 723 725 727 729 735 737 739 741 745 747 749 751 753 755 
188 1 3 5 7 9 11 13 15 19 25 29 31 33 37 39 41 45 51 53 55 57 59 61 63 65 67 69 71 73 75 77 79 81 83 85 87 89 91 93 95 97 99 101 103 105 107 109 111 113 115 117 121 123 125 127 129 131 133 135 137 139 141 143 145 147 149 151 173 241 259 269 273 275 277 285 287 295 301 315 331 359 367 371 373 377 379 385 397 399 409 413 425 429 435 437 439 443 449 451 453 457 463 473 487 491 493 497 501 505 511 519 521 523 525 531 537 547 549 555 557 565 573 575 577 579 581 587 589 591 593 595 599 601 603 611 617 621 623 625 627 629 631 635 637 639 641 643 645 647 649 655 657 661 667 669 671 675 677 683 685 687 689 693 695 697 699 703 705 709 713 715 719 721 723 725 727 729 733 735 737 739 741 745 747 749 751 753 755 
192 1 3 5 7 9 11 13 25 29 31 33 37 39 41 45 53 55 57 59 61 63 65 67 69 71 75 77 79 81 85 87 89 91 93 95 97 99 101 103 105 107 109 113 115 117 121 123 125 127 129 131 133 135 137 139 141 143 145 149 151 155 159 161 163 167 169 171 173 175 177 179 181 183 185 189 191 193 195 197 201 203 205 207 209 211 213 215 217 219 221 223 225 227 229 231 233 235 237 239 241 243 245 247 249 251 253 255 257 259 261 263 265 267 269 271 273 275 277 371 373 379 397 429 435 443 449 451 473 497 501 505 511 519 521 531 537 547 549 555 557 573 575 579 581 587 589 591 593 595 599 603 621 623 625 627 629 635 641 643 647 649 655 657 661 667 671 683 685 687 689 693 695 697 699 703 705 713 715 719 721 723 725 727 729 739 741 745 747 749 751 753 755 
199 1 3 5 7 9 13 31 33 37 39 41 45 53 55 57 59 61 63 65 67 69 71 75 77 79 81 87 89 91 93 95 97 99 101 105 107 109 113 115 117 121 123 125 127 131 135 137 139 141 143 145 149 151 155 159 161 163 167 169 171 173 175 177 179 181 183 185 189 191 193 195 197 201 203 205 207 209 211 213 215 217 219 221 223 225 227 231 233 235 237 239 241 243 245 247 249 251 253 255 259 261 263 265 267 269 271 273 275 277 279 281 283 285 287 289 293 295 297 299 301 303 305 307 309 311 313 315 317 319 321 323 325 327 329 331 333 335 337 339 371 429 435 449 451 497 501 505 511 521 531 547 549 557 573 575 579 581 587 589 591 595 599 603 621 623 627 629 635 641 643 647 649 655 657 661 667 671 683 685 687 693 695 697 699 703 705 719 721 723 725 727 729 741 745 747 749 751 753 755 
196 1 3 5 7 9 13 25 31 33 37 39 41 45 53 55 57 59 61 63 65 67 69 71 75 77 79 81 87 89 91 93 95 97 99 101 103 105 107 109 113 115 117 121 123 125 127 129 131 135 137 139 141 143 145 149 151 155 159 161 163 167 169 171 173 175 177 179 181 183 185 189 191 193 195 197 201 203 205 207 209 211 213 215 217 219 221 223 225 227 229 231 233 235 237 239 241 243 245 247 249 251 253 255 259 261 263 265 267 269 271 273 275 277 279 281 283 285 287 289 293 295 297 299 301 303 305 307 309 311 313 315 317 319 371 397 429 435 449 451 497 501 505 511 521 531 547 549 557 573 575 579 581 587 589 591 593 595 599 603 621 623 625 627 629 635 641 643 647 649 655 657 661 667 671 683 685 687 693 695 697 699 703 705 719 721 723 725 727 729 741 745 747 749 751 753 755 
194 33 45 61 63 67 75 81 89 95 97 123 131 141 143 145 151 155 159 163 173 181 189 197 203 209 215 217 219 221 223 225 227 235 237 241 243 253 255 259 261 269 273 275 277 281 283 285 287 289 293 295 297 301 305 309 313 315 317 319 323 325 331 333 341 343 349 351 357 359 361 363 367 371 373 377 379 381 385 391 395 397 399 403 409 411 413 417 421 423 425 429 433 435 437 439 443 445 447 449 451 453 455 457 461 463 465 467 469 471 473 475 481 485 487 489 491 493 497 499 501 505 509 511 513 519 521 523 525 531 533 537 541 543 547 549 551 553 555 557 559 563 565 567 571 573 575 577 579 581 585 587 589 591 593 595 597 599 601 603 605 607 609 611 613 617 619 621 623 625 627 629 631 633 635 637 639 641 643 645 647 649 651 653 655 657 659 661 665 667 669 671 703 721 729 
196 33 45 61 63 67 75 81 89 95 97 113 123 131 141 143 145 151 155 159 163 173 181 189 197 203 209 215 217 219 221 223 225 227 235 237 241 243 253 255 259 261 269 273 275 277 281 283 285 287 289 293 295 297 301 305 309 313 315 317 319 323 325 331 333 341 343 349 351 357 359 361 363 367 371 373 377 379 381 385 391 395 397 399 403 409 411 413 417 421 423 425 429 433 435 437 439 443 445 447 449 451 453 455 457 461 463 465 467 469 471 473 475 481 485 487 489 491 493 497 499 501 505 509 511 513 517 519 521 523 525 531 533 537 541 543 547 549 551 553 555 557 559 563 565 567 571 573 575 577 579 581 583 585 587 589 591 593 595 597 599 601 603 605 607 609 611 613 617 619 621 623 625 627 629 631 633 635 637 639 641 643 645 647 649 651 653 655 657 659 661 663 665 695 703 721 729 
192 1 3 5 7 9 11 13 15 17 19 21 25 29 31 33 35 37 39 41 43 45 47 49 51 53 55 57 59 61 63 65 67 69 143 151 173 203 209 217 225 241 243 259 261 269 273 275 277 281 285 287 289 293 295 297 301 305 313 315 331 341 343 357 359 363 367 371 373 377 379 385 397 399 409 411 413 425 429 435 437 439 443 445 447 449 451 453 457 461 463 465 473 485 487 489 491 493 497 499 501 505 511 513 519 521 523 525 531 537 547 549 551 553 555 557 565 567 573 575 577 579 581 585 587 589 591 593 595 599 601 603 611 613 617 621 623 625 627 629 631 633 635 637 639 641 643 645 647 649 651 655 657 661 667 669 671 675 677 679 681 683 685 687 689 693 695 697 699 703 705 709 711 713 715 719 721 723 725 727 729 733 735 737 739 741 743 745 747 749 751 753 755 
192 1 3 5 7 9 11 13 25 31 33 37 39 41 45 53 55 57 59 61 63 65 67 69 71 75 77 79 81 85 87 89 91 93 95 97 99 101 103 105 107 109 113 115 117 121 123 125 127 129 131 133 135 137 139 141 143 145 149 151 155 159 161 163 167 169 171 173 175 177 179 181 183 185 189 191 193 195 197 201 203 205 207 209 211 213 215 217 219 221 223 225 227 229 231 233 235 237 239 241 243 245 247 249 251 253 255 257 259 261 263 265 267 269 271 273 275 277 279 281 371 373 379 397 429 435 443 449 451 473 497 501 505 511 519 521 531 537 547 549 555 557 573 575 579 581 587 589 591 593 595 599 603 621 623 625 627 629 635 641 643 647 649 655 657 661 667 671 683 685 687 689 693 695 697 699 703 705 713 715 719 721 723 725 727 729 741 745 747 749 751 753 755 
197 1 3 5 7 13 31 33 45 57 61 63 67 69 75 79 81 87 89 95 97 99 105 107 109 113 117 123 127 131 137 141 143 145 149 151 155 159 161 163 167 171 173 181 183 189 193 195 197 203 209 213 215 217 219 221 223 225 227 233 235 237 239 241 243 245 247 251 253 255 259 261 269 271 273 275 277 279 281 283 285 287 289 293 295 297 299 301 305 309 311 313 315 317 319 323 325 327 329 331 333 341 343 345 347 349 351 353 357 359 361 363 367 369 371 373 375 377 379 381 385 387 391 395 397 399 403 405 407 409 411 413 415 417 421 423 425 427 429 431 433 435 437 439 443 445 447 449 451 453 455 457 461 463 465 467 469 471 473 475 479 481 483 485 487 489 491 493 495 497 499 531 557 575 579 587 603 621 627 635 649 655 657 661 683 685 687 695 697 703 721 723 729 745 747 749 753 755 
195 33 45 61 63 67 75 81 89 95 97 113 123 131 141 143 145 151 155 159 163 173 181 189 197 203 209 215 217 219 221 223 225 227 235 237 241 243 253 255 259 261 269 273 275 277 281 283 285 287 289 293 295 297 301 305 309 313 315 317 319 323 325 331 333 341 343 349 351 357 359 361 363 367 371 373 377 379 381 385 391 395 397 399 403 409 411 413 417 421 423 425 429 433 435 437 439 443 445 447 449 451 453 455 457 461 463 465 467 469 471 473 475 481 485 487 489 491 493 497 499 501 505 509 511 513 517 519 521 523 525 531 533 537 541 543 547 549 551 553 555 557 559 563 565 567 571 573 575 577 579 581 585 587 589 591 593 595 597 599 601 603 605 607 609 611 613 617 619 621 623 625 627 629 631 633 635 637 639 641 643 645 647 649 651 653 655 657 659 661 663 665 695 703 721 729 
187 3 7 13 33 45 61 63 67 75 81 89 95 97 105 109 113 117 123 127 131 141 143 145 151 155 159 161 163 167 173 181 183 189 193 197 203 209 213 215 217 219 221 223 225 227 235 237 239 241 243 245 253 255 259 261 269 273 275 277 279 281 283 285 287 289 293 295 297 299 301 305 309 313 315 317 319 323 325 329 331 333 341 343 345 349 351 353 357 359 361 363 367 369 371 373 377 379 381 385 387 391 395 397 399 403 405 409 411 413 415 417 421 423 425 427 429 433 435 437 439 443 445 447 449 451 453 455 457 461 463 465 467 469 471 473 475 481 483 485 487 489 491 493 497 499 501 503 505 507 509 511 513 515 517 519 521 523 525 527 531 533 535 537 541 543 545 547 549 551 553 555 557 559 561 635 649 657 683 695 697 703 721 723 729 745 747 749 
192 1 3 5 7 9 11 13 25 31 33 37 39 41 45 53 55 57 59 61 63 65 67 69 71 75 77 79 81 85 87 89 91 93 95 97 99 101 103 105 107 109 113 115 117 121 123 125 127 129 131 133 135 137 139 141 143 145 149 151 155 159 161 163 167 169 171 173 175 177 179 181 183 185 189 191 193 195 197 201 203 205 207 209 211 213 215 217 219 221 223 225 227 229 231 233 235 237 239 241 243 245 247 249 251 253 255 257 259 261 263 265 267 269 271 273 275 277 279 371 373 379 397 429 435 443 449 451 473 497 501 505 511 519 521 531 537 547 549 555 557 573 575 579 581 587 589 591 593 595 599 603 621 623 625 627 629 635 641 643 647 649 655 657 661 667 671 683 685 687 689 693 695 697 699 703 705 713 715 719 721 723 725 727 729 739 741 745 747 749 751 753 755 
195 1 3 5 7 13 31 33 37 45 57 61 63 65 67 69 75 79 81 87 89 91 95 97 99 105 107 109 113 117 121 123 127 131 137 141 143 145 149 151 155 159 161 163 167 171 173 177 181 183 189 193 195 197 203 207 209 211 213 215 217 219 221 223 225 227 233 235 237 239 241 243 245 247 251 253 255 259 261 263 267 269 271 273 275 277 279 281 283 285 287 289 293 295 297 299 301 305 309 311 313 315 317 319 323 325 327 329 331 333 341 343 345 347 349 351 353 357 359 361 363 367 369 371 373 375 377 379 381 385 387 391 395 397 399 403 405 407 409 411 413 415 417 421 423 425 427 429 431 433 435 437 439 443 445 447 449 451 453 455 457 459 461 511 531 557 573 575 579 581 587 589 603 621 623 627 629 635 649 655 657 661 683 685 687 695 697 703 721 723 729 745 747 749 753 755 
186 1 3 5 7 9 11 13 15 25 29 31 33 37 39 41 45 51 53 55 57 59 61 63 65 67 69 71 75 77 79 81 83 85 87 89 91 93 95 97 99 101 103 105 107 109 111 113 115 117 121 123 125 127 129 131 133 135 137 139 141 143 145 149 151 155 159 161 163 167 169 171 173 175 177 179 181 183 185 187 189 191 193 195 197 199 201 203 205 207 209 211 269 277 285 301 371 373 377 379 397 409 425 429 435 437 439 443 449 451 457 473 493 497 501 505 511 519 521 525 531 537 547 549 555 557 573 575 579 581 587 589 591 593 595 599 601 603 617 621 623 625 627 629 631 635 639 641 643 645 647 649 655 657 661 667 669 671 683 685 687 689 693 695 697 699 703 705 709 713 715 719 721 723 725 727 729 735 737 739 741 745 747 749 751 753 755 
191 1 3 5 7 9 13 25 31 33 37 39 41 45 53 55 57 59 61 63 65 67 69 71 75 77 79 81 87 89 91 93 95 97 99 101 103 105 107 109 113 115 117 121 123 125 127 129 131 135 137 139 141 143 145 149 151 155 159 161 163 167 169 171 173 175 177 179 181 183 185 189 191 193 195 197 201 203 205 207 209 211 213 215 217 219 221 223 225 227 229 231 233 235 237 239 241 243 245 247 249 251 253 255 257 259 261 263 265 267 269 271 273 275 277 279 281 283 285 287 371 373 379 397 429 435 449 451 473 497 501 505 511 519 521 531 537 547 549 555 557 573 575 579 581 587 589 591 593 595 599 603 621 623 625 627 629 635 641 643 647 649 655 657 661 667 671 683 685 687 689 693 695 697 699 703 705 713 715 719 721 723 725 727 729 741 745 747 749 751 753 755 
195 33 61 63 67 75 81 89 97 123 141 143 145 151 163 173 181 189 203 209 215 217 219 223 225 235 241 243 253 259 261 269 273 275 277 281 283 285 287 289 293 295 297 301 305 309 313 315 317 323 325 331 341 343 349 351 357 359 361 363 367 371 373 377 379 381 385 395 397 399 403 409 411 413 421 423 425 429 433 435 437 439 443 445 447 449 451 453 455 457 461 463 465 469 471 473 475 481 485 487 489 491 493 497 499 501 505 509 511 513 519 521 523 525 531 533 537 541 543 547 549 551 553 555 557 565 567 573 575 577 579 581 585 587 589 591 593 595 597 599 601 603 605 607 609 611 613 617 619 621 623 625 627 629 631 633 635 637 639 641 643 645 647 649 651 653 655 657 661 667 669 671 673 675 677 679 681 683 685 687 689 691 693 695 697 699 701 703 705 707 709 711 713 715 717 719 
196 1 3 5 7 9 11 61 63 75 81 97 143 145 151 173 181 189 203 209 215 217 219 225 241 243 259 261 269 273 275 277 281 283 285 287 289 293 295 297 301 305 309 313 315 317 325 331 341 343 349 357 359 363 367 371 373 377 379 381 385 397 399 403 409 411 413 421 423 425 429 433 435 437 439 443 445 447 449 451 453 457 461 463 465 471 473 475 481 485 487 489 491 493 497 499 501 505 511 513 519 521 523 525 531 537 541 547 549 551 553 555 557 565 567 573 575 577 579 581 585 587 589 591 593 595 599 601 603 605 609 611 613 617 621 623 625 627 629 631 633 635 637 639 641 643 645 647 649 651 655 657 661 667 669 671 675 677 679 681 683 685 687 689 691 693 695 697 699 701 703 705 707 709 711 713 715 717 719 721 723 725 727 729 731 733 735 737 739 741 743 745 747 749 751 753 755 
192 1 3 5 7 9 11 13 15 25 29 31 33 37 39 41 45 53 55 57 59 61 63 65 67 69 71 75 77 79 81 85 87 89 91 93 95 97 99 101 103 105 107 109 113 115 117 121 123 125 127 129 131 133 135 137 139 141 143 145 149 151 155 159 161 163 167 169 171 173 175 177 179 181 183 185 189 191 193 195 197 201 203 205 207 209 211 213 215 217 219 221 223 225 227 229 231 233 235 237 239 241 243 245 247 249 251 253 255 257 285 301 371 373 377 379 397 429 435 439 443 449 451 473 497 501 505 511 519 521 531 537 547 549 555 557 573 575 579 581 587 589 591 593 595 599 601 603 617 621 623 625 627 629 631 635 641 643 645 647 649 655 657 661 667 669 671 683 685 687 689 693 695 697 699 703 705 713 715 719 721 723 725 727 729 739 741 745 747 749 751 753 755 
190 1 3 5 7 9 11 13 15 25 29 31 33 37 39 41 45 53 55 57 59 61 63 65 67 69 71 75 77 79 81 83 85 87 89 91 93 95 97 99 101 103 105 107 109 111 113 115 117 121 123 125 127 129 131 133 135 137 139 141 143 145 149 151 155 159 161 163 167 169 171 173 175 177 179 181 183 185 189 191 193 195 197 199 201 203 205 207 209 211 213 215 217 219 221 223 225 227 277 285 301 371 373 377 379 397 409 425 429 435 437 439 443 449 451 457 473 493 497 501 505 511 519 521 525 531 537 547 549 555 557 573 575 579 581 587 589 591 593 595 599 601 603 617 621 623 625 627 629 631 635 639 641 643 645 647 649 655 657 661 667 669 671 683 685 687 689 693 695 697 699 703 705 713 715 719 721 723 725 727 729 735 737 739 741 745 747 749 751 753 755 
203 1 3 5 7 9 13 31 33 37 39 45 53 55 57 61 63 65 67 69 75 77 79 81 87 89 91 93 95 97 99 101 105 107 109 113 115 117 121 123 127 131 137 139 141 143 145 149 151 155 159 161 163 167 169 171 173 175 177 179 181 183 185 189 191 193 195 197 201 203 207 209 211 213 215 217 219 221 223 225 227 233 235 237 239 241 243 245 247 251 253 255 259 261 263 265 267 269 271 273 275 277 279 281 283 285 287 289 293 295 297 299 301 303 305 307 309 311 313 315 317 319 321 323 325 327 329 331 333 335 339 341 343 345 347 349 351 353 355 357 359 361 363 365 367 369 371 373 375 377 429 435 451 497 501 505 511 521 531 547 549 557 573 575 579 581 587 589 591 603 621 623 627 629 635 641 643 647 649 655 657 661 667 671 683 685 687 693 695 697 699 703 705 721 723 725 729 741 745 747 749 751 753 755 
186 3 7 13 33 45 61 63 67 75 81 89 95 97 105 107 109 113 117 123 127 131 141 143 145 151 155 159 161 163 167 173 181 183 189 193 197 203 209 213 215 217 219 221 223 225 227 235 237 239 241 243 245 253 255 259 261 269 273 275 277 279 281 283 285 287 289 293 295 297 299 301 305 309 313 315 317 319 323 325 329 331 333 341 343 345 349 351 353 357 359 361 363 367 369 371 373 375 377 379 381 385 387 391 395 397 399 403 405 409 411 413 415 417 421 423 425 427 429 431 433 435 437 439 443 445 447 449 451 453 455 457 461 463 465 467 469 471 473 475 481 483 485 487 489 491 493 497 499 501 503 505 507 509 511 513 515 517 519 521 523 525 527 529 531 533 535 537 539 541 543 545 557 627 635 649 657 683 695 697 703 721 723 729 745 747 749 
188 1 3 5 7 9 11 13 15 17 19 25 29 31 33 35 37 39 41 45 47 49 51 53 55 57 59 61 63 65 67 69 71 73 75 77 79 81 83 85 143 151 173 209 217 225 241 243 259 261 269 273 275 277 281 285 287 289 293 295 297 301 305 313 315 331 343 357 359 363 367 371 373 377 379 385 397 399 409 411 413 425 429 435 437 439 443 445 447 449 451 453 457 463 465 473 485 487 491 493 497 499 501 505 511 519 521 523 525 531 537 547 549 555 557 565 567 573 575 577 579 581 585 587 589 591 593 595 599 601 603 611 613 617 621 623 625 627 629 631 633 635 637 639 641 643 645 647 649 651 655 657 661 667 669 671 675 677 683 685 687 689 693 695 697 699 703 705 709 713 715 719 721 723 725 727 729 733 735 737 739 741 743 745 747 749 751 753 755 
191 1 3 5 7 9 11 13 15 25 29 31 33 37 39 41 45 53 55 57 59 61 63 65 67 69 71 75 77 79 81 85 87 89 91 93 95 97 99 101 103 105 107 109 113 115 117 121 123 125 127 129 131 133 135 137 139 141 143 145 149 151 155 159 161 163 167 169 171 173 175 177 179 181 183 185 189 191 193 195 197 201 203 205 207 209 211 213 215 217 219 221 223 225 227 229 231 233 235 237 239 241 243 245 247 249 285 301 371 373 377 379 397 429 435 439 443 449 451 473 497 501 505 511 519 521 531 537 547 549 555 557 573 575 579 581 587 589 591 593 595 599 601 603 617 621 623 625 627 629 631 635 639 641 643 645 647 649 655 657 661 667 669 671 683 685 687 689 693 695 697 699 703 705 713 715 719 721 723 725 727 729 735 737 739 741 745 747 749 751 753 755 
194 1 3 61 63 75 81 97 143 145 151 173 181 189 203 209 215 217 219 225 235 241 243 259 261 269 273 275 277 281 283 285 287 289 293 295 297 301 305 309 313 315 317 325 331 341 343 349 357 359 363 367 371 373 377 379 381 385 397 399 403 409 411 413 421 423 425 429 433 435 437 439 443 445 447 449 451 453 457 461 463 465 471 473 475 481 485 487 489 491 493 497 499 501 505 509 511 513 519 521 523 525 531 537 541 547 549 551 553 555 557 565 567 573 575 577 579 581 585 587 589 591 593 595 599 601 603 605 609 611 613 617 621 623 625 627 629 631 633 635 637 639 641 643 645 647 649 651 655 657 661 667 669 671 675 677 679 681 683 685 687 689 691 693 695 697 699 701 703 705 707 709 711 713 715 717 719 721 723 725 727 729 731 733 735 737 739 741 743 745 747 749 751 753 755 
194 1 3 5 7 9 11 13 15 17 19 21 61 63 81 97 143 145 151 173 189 203 209 215 217 219 225 241 243 259 261 269 273 275 277 281 283 285 287 289 293 295 297 301 305 309 313 315 317 325 331 341 343 357 359 363 367 371 373 377 379 381 385 397 399 403 409 411 413 421 425 429 433 435 437 439 443 445 447 449 451 453 457 461 463 465 471 473 481 485 487 489 491 493 497 499 501 505 511 513 519 521 523 525 531 537 541 547 549 551 553 555 557 565 567 573 575 577 579 581 585 587 589 591 593 595 599 601 603 605 609 611 613 617 621 623 625 627 629 631 633 635 637 639 641 643 645 647 649 651 655 657 661 667 669 671 675 677 679 681 683 685 687 689 691 693 695 697 699 701 703 705 709 711 713 715 719 721 723 725 727 729 731 733 735 737 739 741 743 745 747 749 751 753 755 
196 1 61 63 75 81 97 143 145 151 173 181 189 203 209 215 217 219 225 235 241 243 259 261 269 273 275 277 281 283 285 287 289 293 295 297 301 305 309 313 315 317 325 331 341 343 349 357 359 363 367 371 373 377 379 381 385 397 399 403 409 411 413 421 423 425 429 433 435 437 439 443 445 447 449 451 453 457 461 463 465 469 471 473 475 481 485 487 489 491 493 497 499 501 505 509 511 513 519 521 523 525 531 533 537 541 547 549 551 553 555 557 565 567 573 575 577 579 581 585 587 589 591 593 595 597 599 601 603 605 609 611 613 617 621 623 625 627 629 631 633 635 637 639 641 643 645 647 649 651 655 657 661 667 669 671 675 677 679 681 683 685 687 689 691 693 695 697 699 701 703 705 707 709 711 713 715 717 719 721 723 725 727 729 731 733 735 737 739 741 743 745 747 749 751 753 755 
191 1 3 5 7 9 11 13 15 25 29 31 33 37 39 41 45 53 55 57 59 61 63 65 67 69 71 75 77 79 81 85 87 89 91 93 95 97 99 101 103 105 107 109 113 115 117 121 123 125 127 129 131 133 135 137 139 141 143 145 149 151 155 159 161 163 167 169 171 173 175 177 179 181 183 185 189 191 193 195 197 201 203 205 207 209 211 213 215 217 219 221 223 225 227 229 231 233 235 237 239 241 243 245 247 249 251 285 301 371 373 377 379 397 429 435 439 443 449 451 473 497 501 505 511 519 521 531 537 547 549 555 557 573 575 579 581 587 589 591 593 595 599 601 603 617 621 623 625 627 629 631 635 639 641 643 645 647 649 655 657 661 667 669 671 683 685 687 689 693 695 697 699 703 705 713 715 719 721 723 725 727 729 737 739 741 745 747 749 751 753 755 
192 1 3 5 7 9 11 13 15 19 25 29 31 33 37 39 41 45 51 53 55 57 59 61 63 65 67 69 71 73 75 77 79 81 83 85 87 89 91 93 95 97 99 101 103 105 107 109 111 113 115 117 121 123 125 127 129 131 133 135 137 139 141 143 145 147 149 151 155 157 159 161 163 165 167 169 171 173 175 177 241 259 269 273 275 277 285 287 295 301 315 331 367 371 373 377 379 397 409 413 425 429 435 437 439 443 449 451 457 463 473 491 493 497 501 505 511 519 521 523 525 531 537 547 549 555 557 565 573 575 579 581 587 589 591 593 595 599 601 603 611 617 621 623 625 627 629 631 635 637 639 641 643 645 647 649 655 657 661 667 669 671 677 683 685 687 689 693 695 697 699 703 705 709 713 715 719 721 723 725 727 729 733 735 737 739 741 745 747 749 751 753 755 
186 1 3 5 7 9 11 13 15 17 19 25 29 31 33 37 39 41 45 51 53 55 57 59 61 63 65 67 69 71 73 75 77 79 81 83 85 87 89 91 93 95 97 99 101 103 105 107 109 111 113 115 117 121 123 125 127 129 131 133 135 137 139 173 225 241 259 269 273 275 277 285 287 295 301 305 315 331 359 363 367 371 373 377 379 385 397 399 409 413 425 429 435 437 439 443 449 451 453 457 463 473 487 491 493 497 501 505 511 519 521 523 525 531 537 547 549 555 557 565 573 575 577 579 581 587 589 591 593 595 599 601 603 611 617 621 623 625 627 629 631 635 637 639 641 643 645 647 649 655 657 661 667 669 671 675 677 683 685 687 689 693 695 697 699 703 705 709 713 715 719 721 723 725 727 729 733 735 737 739 741 745 747 749 751 753 755 
191 1 3 5 7 9 11 13 15 17 19 21 25 29 31 33 35 37 39 41 43 45 47 49 51 53 55 57 143 145 151 173 203 209 217 219 225 241 243 259 261 269 273 275 277 281 285 287 289 293 295 297 301 305 313 315 331 341 343 357 359 363 367 371 373 377 379 385 397 399 409 411 413 425 429 433 435 437 439 443 445 447 449 451 453 457 461 463 465 471 473 485 487 489 491 493 497 499 501 505 511 513 519 521 523 525 531 537 547 549 551 553 555 557 565 567 573 575 577 579 581 585 587 589 591 593 595 599 601 603 605 611 613 617 621 623 625 627 629 631 633 635 637 639 641 643 645 647 649 651 655 657 661 667 669 671 675 677 679 681 683 685 687 689 693 695 697 699 703 705 709 711 713 715 719 721 723 725 727 729 733 735 737 739 741 743 745 747 749 751 753 755 
183 1 3 5 7 9 11 13 15 17 19 25 29 31 33 37 39 41 45 51 53 55 57 59 61 63 65 67 69 71 73 75 77 79 81 83 85 87 89 91 93 95 97 99 101 103 105 107 109 173 209 217 225 241 259 269 273 275 277 281 285 287 293 295 301 305 315 331 359 363 367 371 373 377 379 385 397 399 409 411 413 425 429 435 437 439 443 447 449 451 453 457 463 465 473 485 487 491 493 497 499 501 505 511 519 521 523 525 531 537 547 549 555 557 565 567 573 575 577 579 581 585 587 589 591 593 595 599 601 603 611 617 621 623 625 627 629 631 635 637 639 641 643 645 647 649 655 657 661 667 669 671 675 677 683 685 687 689 693 695 697 699 703 705 709 713 715 719 721 723 725 727 729 733 735 737 739 741 745 747 749 751 753 755 
191 1 3 5 7 9 11 13 15 19 25 29 31 33 37 39 41 45 51 53 55 57 59 61 63 65 67 69 71 73 75 77 79 81 83 85 87 89 91 93 95 97 99 101 103 105 107 109 111 113 115 117 121 123 125 127 129 131 133 135 137 139 141 143 145 147 149 151 155 157 159 161 163 165 167 169 171 173 241 259 269 273 275 277 285 287 295 301 315 331 367 371 373 377 379 397 399 409 413 425 429 435 437 439 443 449 451 457 463 473 491 493 497 501 505 511 519 521 523 525 531 537 547 549 555 557 565 573 575 579 581 587 589 591 593 595 599 601 603 611 617 621 623 625 627 629 631 635 637 639 641 643 645 647 649 655 657 661 667 669 671 677 683 685 687 689 693 695 697 699 703 705 709 713 715 719 721 723 725 727 729 733 735 737 739 741 745 747 749 751 753 755 
191 61 63 67 75 81 89 97 143 145 151 163 173 181 189 203 209 215 217 219 223 225 235 241 243 259 261 269 273 275 277 281 283 285 287 289 293 295 297 301 305 309 313 315 317 325 331 341 343 349 351 357 359 363 367 371 373 377 379 381 385 397 399 403 409 411 413 421 423 425 429 433 435 437 439 443 445 447 449 451 453 457 461 463 465 469 471 473 475 481 485 487 489 491 493 497 499 501 505 509 511 513 519 521 523 525 531 533 537 541 547 549 551 553 555 557 565 567 573 575 577 579 581 585 587 589 591 593 595 597 599 601 603 605 609 611 613 617 621 623 625 627 629 631 633 635 637 639 641 643 645 647 649 651 655 657 661 667 669 671 675 677 679 681 683 685 687 689 691 693 695 697 699 701 703 705 707 709 711 713 715 717 719 721 723 725 727 729 731 733 735 737 
197 1 3 5 7 13 31 33 37 45 53 57 61 63 65 67 69 75 79 81 87 89 91 95 97 99 105 107 109 113 117 121 123 127 131 137 141 143 145 149 151 155 159 161 163 167 171 173 175 177 179 181 183 185 189 191 193 195 197 203 207 209 211 213 215 217 219 221 223 225 227 233 235 237 239 241 243 245 247 251 253 255 259 261 263 267 269 271 273 275 277 279 281 283 285 287 289 293 295 297 299 301 305 309 311 313 315 317 319 323 325 327 329 331 333 339 341 343 345 347 349 351 353 357 359 361 363 365 367 369 371 373 375 377 379 381 385 387 389 391 393 395 397 399 403 405 407 409 411 413 415 417 419 421 423 425 427 429 431 433 505 511 531 557 573 575 579 581 587 589 591 603 621 623 627 629 635 643 647 649 655 657 661 683 685 687 695 697 703 705 721 723 729 745 747 749 753 755 
185 1 3 5 7 9 11 13 15 17 19 25 29 31 33 35 37 39 41 45 47 49 51 53 55 57 59 61 63 65 67 69 71 73 75 77 79 81 83 85 87 143 151 173 209 217 225 241 243 259 269 273 275 277 281 285 287 293 295 297 301 305 313 315 331 343 359 363 367 371 373 377 379 385 397 399 409 411 413 425 429 435 437 439 443 445 447 449 451 453 457 463 465 473 485 487 491 493 497 499 501 505 511 519 521 523 525 531 537 547 549 555 557 565 567 573 575 577 579 581 585 587 589 591 593 595 599 601 603 611 613 617 621 623 625 627 629 631 635 637 639 641 643 645 647 649 651 655 657 661 667 669 671 675 677 683 685 687 689 693 695 697 699 703 705 709 713 715 719 721 723 725 727 729 733 735 737 739 741 743 745 747 749 751 753 755 
196 1 3 5 7 13 31 33 45 57 61 63 67 69 75 79 81 87 89 95 97 99 105 107 109 113 117 123 127 131 137 141 143 145 149 151 155 159 161 163 167 171 173 181 183 189 193 195 197 203 209 213 215 217 219 221 223 225 227 233 235 237 239 241 243 245 247 251 253 255 259 261 269 271 273 275 277 279 281 283 285 287 289 293 295 297 299 301 305 309 311 313 315 317 319 323 325 327 329 331 333 341 343 345 347 349 351 353 357 359 361 363 367 369 371 373 375 377 379 381 385 387 391 395 397 399 403 405 407 409 411 413 415 417 421 423 425 427 429 431 433 435 437 439 443 445 447 449 451 453 455 457 459 461 463 465 467 469 471 473 475 479 481 483 485 487 489 491 493 495 531 557 575 579 587 603 621 627 635 649 655 657 661 683 685 687 695 697 703 721 723 729 745 747 749 753 755 
194 33 61 63 67 75 81 89 95 97 123 141 143 145 151 163 173 181 189 197 203 209 215 217 219 223 225 235 241 243 253 259 261 269 273 275 277 281 283 285 287 289 293 295 297 301 305 309 313 315 317 323 325 331 341 343 349 351 357 359 361 363 367 371 373 377 379 381 385 391 395 397 399 403 409 411 413 417 421 423 425 429 433 435 437 439 443 445 447 449 451 453 455 457 461 463 465 469 471 473 475 481 485 487 489 491 493 497 499 501 505 509 511 513 519 521 523 525 531 533 537 541 543 547 549 551 553 555 557 563 565 567 573 575 577 579 581 585 587 589 591 593 595 597 599 601 603 605 607 609 611 613 617 619 621 623 625 627 629 631 633 635 637 639 641 643 645 647 649 651 653 655 657 661 667 669 671 673 675 677 679 681 683 685 687 689 691 693 695 697 699 701 703 705 729 
187 3 7 13 33 45 61 63 67 75 81 89 95 97 105 109 113 117 123 127 131 141 143 145 151 155 159 161 163 167 173 181 183 189 193 197 203 209 213 215 217 219 221 223 225 227 235 237 239 241 243 245 253 255 259 261 269 273 275 277 279 281 283 285 287 289 293 295 297 299 301 305 309 313 315 317 319 323 325 329 331 333 341 343 345 349 351 353 357 359 361 363 367 369 371 373 375 377 379 381 385 387 391 395 397 399 403 405 409 411 413 415 417 421 423 425 427 429 433 435 437 439 443 445 447 449 451 453 455 457 461 463 465 467 469 471 473 475 481 483 485 487 489 491 493 497 499 501 503 505 507 509 511 513 515 517 519 521 523 525 527 531 533 535 537 541 543 545 547 549 551 553 555 557 627 635 649 657 683 695 697 703 721 723 729 745 747 749 
196 33 45 61 63 67 75 81 89 95 97 123 131 141 143 145 151 155 159 163 173 181 189 197 203 209 215 217 219 221 223 225 227 235 237 241 243 253 255 259 261 269 273 275 277 281 283 285 287 289 293 295 297 301 305 309 313 315 317 319 323 325 331 333 341 343 349 351 357 359 361 363 367 371 373 377 379 381 385 391 395 397 399 403 409 411 413 417 421 423 425 429 433 435 437 439 443 445 447 449 451 453 455 457 461 463 465 467 469 471 473 475 481 485 487 489 491 493 497 499 501 505 509 511 513 519 521 523 525 531 533 537 541 543 547 549 551 553 555 557 559 563 565 567 571 573 575 577 579 581 585 587 589 591 593 595 597 599 601 603 605 607 609 611 613 617 619 621 623 625 627 629 631 633 635 637 639 641 643 645 647 649 651 653 655 657 659 661 665 667 669 671 673 675 703 721 729 
190 1 3 5 7 9 11 13 15 17 19 25 29 31 33 35 37 39 41 43 45 47 49 51 53 55 57 59 61 63 65 67 69 71 73 75 77 79 81 143 151 173 209 217 225 241 243 259 261 269 273 275 277 281 285 287 289 293 295 297 301 305 313 315 331 343 357 359 363 367 371 373 377 379 385 397 399 409 411 413 425 429 435 437 439 443 445 447 449 451 453 457 461 463 465 473 485 487 491 493 497 499 501 505 511 519 521 523 525 531 537 547 549 553 555 557 565 567 573 575 577 579 581 585 587 589 591 593 595 599 601 603 611 613 617 621 623 625 627 629 631 633 635 637 639 641 643 645 647 649 651 655 657 661 667 669 671 675 677 681 683 685 687 689 693 695 697 699 703 705 709 713 715 719 721 723 725 727 729 733 735 737 739 741 743 745 747 749 751 753 755 
204 1 3 5 7 13 31 33 37 45 53 55 57 61 63 65 67 69 75 79 81 87 89 91 93 95 97 99 101 105 107 109 113 115 117 121 123 127 131 137 139 141 143 145 149 151 155 159 161 163 167 169 171 173 175 177 179 181 183 185 189 191 193 195 197 203 207 209 211 213 215 217 219 221 223 225 227 233 235 237 239 241 243 245 247 251 253 255 259 261 263 265 267 269 271 273 275 277 279 281 283 285 287 289 293 295 297 299 301 303 305 307 309 311 313 315 317 319 321 323 325 327 329 331 333 335 339 341 343 345 347 349 351 353 355 357 359 361 363 365 367 369 371 373 375 377 379 381 383 385 387 389 391 393 395 429 451 497 501 505 511 521 531 547 557 573 575 579 581 587 589 591 603 621 623 627 629 635 641 643 647 649 655 657 661 667 683 685 687 693 695 697 703 705 721 723 725 729 741 745 747 749 751 753 755 
183 1 3 5 7 9 11 13 15 17 19 25 29 31 33 35 37 39 41 45 49 51 53 55 57 59 61 63 65 67 69 71 73 75 77 79 81 83 85 87 89 91 93 95 97 99 101 143 173 209 217 225 241 259 269 273 275 277 281 285 287 293 295 301 305 315 331 359 363 367 371 373 377 379 385 397 399 409 411 413 425 429 435 437 439 443 445 447 449 451 453 457 463 465 473 485 487 491 493 497 499 501 505 511 519 521 523 525 531 537 547 549 555 557 565 567 573 575 577 579 581 585 587 589 591 593 595 599 601 603 611 617 621 623 625 627 629 631 635 637 639 641 643 645 647 649 655 657 661 667 669 671 675 677 683 685 687 689 693 695 697 699 703 705 709 713 715 719 721 723 725 727 729 733 735 737 739 741 745 747 749 751 753 755 
202 1 3 5 7 9 13 31 33 37 45 53 55 57 61 63 65 67 69 75 79 81 87 89 91 93 95 97 99 101 105 107 109 113 115 117 121 123 127 131 137 139 141 143 145 149 151 155 159 161 163 167 169 171 173 175 177 179 181 183 185 189 191 193 195 197 201 203 207 209 211 213 215 217 219 221 223 225 227 233 235 237 239 241 243 245 247 251 253 255 259 261 263 265 267 269 271 273 275 277 279 281 283 285 287 289 293 295 297 299 301 303 305 307 309 311 313 315 317 319 321 323 325 327 329 331 333 335 339 341 343 345 347 349 351 353 355 357 359 361 363 365 367 369 371 373 375 377 379 381 383 429 451 497 501 505 511 521 531 547 549 557 573 575 579 581 587 589 591 603 621 623 627 629 635 641 643 647 649 655 657 661 667 671 683 685 687 693 695 697 703 705 721 723 725 729 741 745 747 749 751 753 755 
191 1 3 5 7 9 11 13 15 17 19 25 29 31 33 35 37 39 41 43 45 47 49 51 53 55 57 59 61 63 65 67 69 71 73 75 77 143 151 173 203 209 217 225 241 243 259 261 269 273 275 277 281 285 287 289 293 295 297 301 305 313 315 331 343 357 359 363 367 371 373 377 379 385 397 399 409 411 413 425 429 435 437 439 443 445 447 449 451 453 457 461 463 465 473 485 487 491 493 497 499 501 505 511 519 521 523 525 531 537 547 549 551 553 555 557 565 567 573 575 577 579 581 585 587 589 591 593 595 599 601 603 611 613 617 621 623 625 627 629 631 633 635 637 639 641 643 645 647 649 651 655 657 661 667 669 671 675 677 681 683 685 687 689 693 695 697 699 703 705 709 711 713 715 719 721 723 725 727 729 733 735 737 739 741 743 745 747 749 751 753 755 
193 1 3 5 7 9 11 13 15 17 19 21 23 25 27 29 61 63 81 143 145 151 173 189 203 209 215 217 219 225 241 243 259 261 269 273 275 277 281 283 285 287 289 293 295 297 301 305 313 315 317 325 331 341 343 357 359 363 367 371 373 377 379 385 397 399 403 409 411 413 421 425 429 433 435 437 439 443 445 447 449 451 453 457 461 463 465 471 473 481 485 487 489 491 493 497 499 501 505 511 513 519 521 523 525 531 537 541 547 549 551 553 555 557 565 567 573 575 577 579 581 585 587 589 591 593 595 599 601 603 605 611 613 617 621 623 625 627 629 631 633 635 637 639 641 643 645 647 649 651 655 657 661 667 669 671 675 677 679 681 683 685 687 689 693 695 697 699 701 703 705 709 711 713 715 719 721 723 725 727 729 731 733 735 737 739 741 743 745 747 749 751 753 755 
192 1 3 5 7 9 11 13 15 25 29 31 33 37 39 41 45 53 55 57 59 61 63 65 67 69 71 75 77 79 81 83 85 87 89 91 93 95 97 99 101 103 105 107 109 111 113 115 117 121 123 125 127 129 131 133 135 137 139 141 143 145 149 151 155 159 161 163 167 169 171 173 175 177 179 181 183 185 189 191 193 195 197 199 201 203 205 207 209 211 213 215 217 219 221 223 225 227 229 231 233 235 277 285 301 371 373 377 379 397 425 429 435 437 439 443 449 451 473 493 497 501 505 511 519 521 525 531 537 547 549 555 557 573 575 579 581 587 589 591 593 595 599 601 603 617 621 623 625 627 629 631 635 639 641 643 645 647 649 655 657 661 667 669 671 683 685 687 689 693 695 697 699 703 705 713 715 719 721 723 725 727 729 735 737 739 741 745 747 749 751 753 755 
195 7 13 33 45 61 63 67 75 81 89 95 97 109 113 117 123 131 141 143 145 151 155 159 161 163 173 181 183 189 197 203 209 213 215 217 219 221 223 225 227 235 237 239 241 243 253 255 259 261 269 273 275 277 279 281 283 285 287 289 293 295 297 301 305 309 313 315 317 319 323 325 331 333 341 343 345 349 351 357 359 361 363 367 369 371 373 377 379 381 385 391 395 397 399 403 409 411 413 415 417 421 423 425 429 433 435 437 439 443 445 447 449 451 453 455 457 461 463 465 467 469 471 473 475 481 483 485 487 489 491 493 497 499 501 505 509 511 513 517 519 521 523 525 527 531 533 535 537 541 543 547 549 551 553 555 557 559 563 565 567 569 571 573 575 577 579 581 583 585 587 589 591 593 595 597 599 601 603 605 607 609 611 613 615 617 619 621 623 625 657 683 695 703 721 729 
194 33 61 63 67 75 81 89 95 97 123 141 143 145 151 163 173 181 189 197 203 209 215 217 219 223 225 235 241 243 253 259 261 269 273 275 277 281 283 285 287 289 293 295 297 301 305 309 313 315 317 323 325 331 341 343 349 351 357 359 361 363 367 371 373 377 379 381 385 391 395 397 399 403 409 411 413 421 423 425 429 433 435 437 439 443 445 447 449 451 453 455 457 461 463 465 469 471 473 475 481 485 487 489 491 493 497 499 501 505 509 511 513 519 521 523 525 531 533 537 541 543 547 549 551 553 555 557 563 565 567 573 575 577 579 581 585 587 589 591 593 595 597 599 601 603 605 607 609 611 613 617 619 621 623 625 627 629 631 633 635 637 639 641 643 645 647 649 651 653 655 657 661 667 669 671 673 675 677 679 681 683 685 687 689 691 693 695 697 699 701 703 705 707 729 
197 1 3 5 7 13 31 33 45 57 61 63 67 69 75 79 81 87 89 95 97 99 105 107 109 113 117 123 127 131 137 141 143 145 149 151 155 159 161 163 167 171 173 181 183 189 193 195 197 203 209 213 215 217 219 221 223 225 227 233 235 237 239 241 243 245 247 251 253 255 259 261 269 271 273 275 277 279 281 283 285 287 289 293 295 297 299 301 305 309 311 313 315 317 319 323 325 327 329 331 333 341 343 345 347 349 351 353 357 359 361 363 367 369 371 373 375 377 379 381 385 387 391 395 397 399 403 405 407 409 411 413 415 417 421 423 425 427 429 431 433 435 437 439 443 445 447 449 451 453 455 457 459 461 463 465 467 469 471 473 475 479 481 483 485 487 489 491 493 495 497 531 557 575 579 587 603 621 627 635 649 655 657 661 683 685 687 695 697 703 721 723 729 745 747 749 753 755 
200 1 3 5 7 9 13 31 33 37 39 41 45 53 55 57 59 61 63 65 67 69 71 75 77 79 81 87 89 91 93 95 97 99 101 105 107 109 113 115 117 121 123 125 127 131 137 139 141 143 145 149 151 155 159 161 163 167 169 171 173 175 177 179 181 183 185 189 191 193 195 197 201 203 205 207 209 211 213 215 217 219 221 223 225 227 233 235 237 239 241 243 245 247 249 251 253 255 259 261 263 265 267 269 271 273 275 277 279 281 283 285 287 289 293 295 297 299 301 303 305 307 309 311 313 315 317 319 321 323 325 327 329 331 333 335 337 339 341 343 345 347 349 351 371 429 435 449 451 497 501 505 511 521 531 547 549 557 573 575 579 581 587 589 591 595 603 621 623 627 629 635 641 643 647 649 655 657 661 667 671 683 685 687 693 695 697 699 703 705 721 723 725 729 741 745 747 749 751 753 755 
192 1 3 5 7 9 11 13 15 17 19 21 25 29 31 33 35 37 39 41 43 45 47 49 51 53 55 57 143 145 151 173 203 209 217 219 225 241 243 259 261 269 273 275 277 281 285 287 289 293 295 297 301 305 313 315 331 341 343 357 359 363 367 371 373 377 379 385 397 399 409 411 413 425 429 433 435 437 439 443 445 447 449 451 453 457 461 463 465 471 473 485 487 489 491 493 497 499 501 505 511 513 519 521 523 525 531 537 547 549 551 553 555 557 565 567 573 575 577 579 581 585 587 589 591 593 595 599 601 603 605 611 613 617 621 623 625 627 629 631 633 635 637 639 641 643 645 647 649 651 655 657 661 667 669 671 675 677 679 681 683 685 687 689 693 695 697 699 703 705 709 711 713 715 719 721 723 725 727 729 731 733 735 737 739 741 743 745 747 749 751 753 755 
193 1 3 5 7 13 31 33 37 45 57 61 63 65 67 69 75 79 81 87 89 91 95 97 99 105 107 109 113 117 121 123 127 131 137 141 143 145 149 151 155 159 161 163 167 171 173 177 181 183 189 193 195 197 203 207 209 213 215 217 219 221 223 225 227 233 235 237 239 241 243 245 247 251 253 255 259 261 263 267 269 271 273 275 277 279 281 283 285 287 289 293 295 297 299 301 305 309 311 313 315 317 319 323 325 327 329 331 333 341 343 345 347 349 351 353 357 359 361 363 367 369 371 373 375 377 379 381 385 387 391 395 397 399 403 405 407 409 411 413 415 417 421 423 425 427 429 431 433 435 437 439 443 445 447 449 451 453 455 457 459 461 463 465 467 531 557 573 575 579 587 589 603 621 627 635 649 655 657 661 683 685 687 695 697 703 721 723 729 745 747 749 753 755 
193 3 7 13 33 45 61 63 67 75 81 89 95 97 105 109 113 117 123 127 131 141 143 145 151 155 159 161 163 173 181 183 189 197 203 209 213 215 217 219 221 223 225 227 235 237 239 241 243 245 253 255 259 261 269 273 275 277 279 281 283 285 287 289 293 295 297 299 301 305 309 313 315 317 319 323 325 331 333 341 343 345 349 351 353 357 359 361 363 367 369 371 373 377 379 381 385 387 391 395 397 399 403 409 411 413 415 417 421 423 425 427 429 433 435 437 439 443 445 447 449 451 453 455 457 461 463 465 467 469 471 473 475 481 483 485 487 489 491 493 497 499 501 503 505 509 511 513 515 517 519 521 523 525 527 531 533 535 537 541 543 547 549 551 553 555 557 559 561 563 565 567 569 571 573 575 577 579 581 583 585 587 589 591 649 657 683 695 697 703 721 723 729 749 
197 13 33 45 61 63 67 75 81 89 95 97 109 113 117 123 131 141 143 145 151 155 159 161 163 173 181 183 189 197 203 209 213 215 217 219 221 223 225 227 235 237 239 241 243 253 255 259 261 269 273 275 277 281 283 285 287 289 293 295 297 301 305 309 313 315 317 319 323 325 331 333 341 343 345 349 351 357 359 361 363 367 369 371 373 377 379 381 385 391 395 397 399 403 409 411 413 415 417 421 423 425 429 433 435 437 439 443 445 447 449 451 453 455 457 461 463 465 467 469 471 473 475 481 485 487 489 491 493 497 499 501 505 509 511 513 517 519 521 523 525 527 531 533 537 541 543 547 549 551 553 555 557 559 563 565 567 571 573 575 577 579 581 583 585 587 589 591 593 595 597 599 601 603 605 607 609 611 613 615 617 619 621 623 625 627 629 631 633 635 637 639 641 683 695 703 721 729 
191 61 63 67 75 81 89 97 143 145 151 163 173 181 189 203 209 215 217 219 223 225 235 241 243 253 259 261 269 273 275 277 281 283 285 287 289 293 295 297 301 305 309 313 315 317 325 331 341 343 349 351 357 359 363 367 371 373 377 379 381 385 397 399 403 409 411 413 421 423 425 429 433 435 437 439 443 445 447 449 451 453 455 457 461 463 465 469 471 473 475 481 485 487 489 491 493 497 499 501 505 509 511 513 519 521 523 525 531 533 537 541 547 549 551 553 555 557 565 567 573 575 577 579 581 585 587 589 591 593 595 597 599 601 603 605 609 611 613 617 619 621 623 625 627 629 631 633 635 637 639 641 643 645 647 649 651 655 657 661 667 669 671 675 677 679 681 683 685 687 689 691 693 695 697 699 701 703 705 707 709 711 713 715 717 719 721 723 725 727 729 731 
195 33 61 63 67 75 81 89 95 97 123 141 143 145 151 163 173 181 189 197 203 209 215 217 219 223 225 235 241 243 253 259 261 269 273 275 277 281 283 285 287 289 293 295 297 301 305 309 313 315 317 319 323 325 331 341 343 349 351 357 359 361 363 367 371 373 377 379 381 385 391 395 397 399 403 409 411 413 417 421 423 425 429 433 435 437 439 443 445 447 449 451 453 455 457 461 463 465 467 469 471 473 475 481 485 487 489 491 493 497 499 501 505 509 511 513 519 521 523 525 531 533 537 541 543 547 549 551 553 555 557 563 565 567 573 575 577 579 581 585 587 589 591 593 595 597 599 601 603 605 607 609 611 613 617 619 621 623 625 627 629 631 633 635 637 639 641 643 645 647 649 651 653 655 657 661 667 669 671 673 675 677 679 681 683 685 687 689 691 693 695 697 699 701 703 729 
191 1 3 5 7 9 11 13 15 17 19 25 29 31 33 35 37 39 41 43 45 47 49 51 53 55 57 59 61 63 65 67 69 71 73 75 77 79 81 83 143 151 173 209 217 225 241 243 259 261 269 273 275 277 281 285 287 289 293 295 297 301 305 313 315 331 343 357 359 363 367 371 373 377 379 385 397 399 409 411 413 425 429 435 437 439 443 445 447 449 451 453 457 461 463 465 473 485 487 491 493 497 499 501 505 511 519 521 523 525 531 537 547 549 553 555 557 565 567 573 575 577 579 581 585 587 589 591 593 595 599 601 603 611 613 617 621 623 625 627 629 631 633 635 637 639 641 643 645 647 649 651 655 657 661 667 669 671 675 677 681 683 685 687 689 693 695 697 699 703 705 709 713 715 719 721 723 725 727 729 733 735 737 739 741 743 745 747 749 751 753 755 
198 33 45 61 63 67 75 81 89 95 97 123 131 141 143 145 151 155 159 163 173 181 189 197 203 209 215 217 219 221 223 225 227 235 237 241 243 253 259 261 269 273 275 277 281 283 285 287 289 293 295 297 301 305 309 313 315 317 319 323 325 331 333 341 343 349 351 357 359 361 363 367 371 373 377 379 381 385 391 395 397 399 403 409 411 413 417 421 423 425 429 433 435 437 439 443 445 447 449 451 453 455 457 461 463 465 467 469 471 473 475 481 485 487 489 491 493 497 499 501 505 509 511 513 519 521 523 525 531 533 537 541 543 547 549 551 553 555 557 563 565 567 571 573 575 577 579 581 585 587 589 591 593 595 597 599 601 603 605 607 609 611 613 617 619 621 623 625 627 629 631 633 635 637 639 641 643 645 647 649 651 653 655 657 659 661 665 667 669 671 673 675 677 679 681 683 703 721 729 
189 1 3 7 13 33 45 61 63 67 69 75 81 87 89 95 97 105 107 109 113 117 123 127 131 137 141 143 145 149 151 155 159 161 163 167 173 181 183 189 193 197 203 209 213 215 217 219 221 223 225 227 235 237 239 241 243 245 251 253 255 259 261 269 271 273 275 277 279 281 283 285 287 289 293 295 297 299 301 305 309 313 315 317 319 323 325 327 329 331 333 341 343 345 349 351 353 357 359 361 363 367 369 371 373 375 377 379 381 385 387 391 395 397 399 403 405 407 409 411 413 415 417 421 423 425 427 429 431 433 435 437 439 443 445 447 449 451 453 455 457 461 463 465 467 469 471 473 475 481 483 485 487 489 491 493 497 499 501 503 505 507 509 511 513 515 517 519 521 523 525 527 557 579 627 635 649 657 661 683 685 695 697 703 721 723 729 745 747 749 
196 13 33 45 61 63 67 75 81 89 95 97 109 113 117 123 131 141 143 145 151 155 159 161 163 173 181 183 189 197 203 209 213 215 217 219 221 223 225 227 235 237 239 241 243 253 255 259 261 269 273 275 277 279 281 283 285 287 289 293 295 297 301 305 309 313 315 317 319 323 325 331 333 341 343 345 349 351 357 359 361 363 367 369 371 373 377 379 381 385 391 395 397 399 403 409 411 413 415 417 421 423 425 429 433 435 437 439 443 445 447 449 451 453 455 457 461 463 465 467 469 471 473 475 481 485 487 489 491 493 497 499 501 505 509 511 513 517 519 521 523 525 527 531 533 537 541 543 547 549 551 553 555 557 559 563 565 567 571 573 575 577 579 581 583 585 587 589 591 593 595 597 599 601 603 605 607 609 611 613 615 617 619 621 623 625 627 629 631 633 635 637 683 695 703 721 729 
186 3 7 13 33 45 61 63 67 69 75 81 89 95 97 105 107 109 113 117 123 127 131 137 141 143 145 151 155 159 161 163 167 173 181 183 189 193 197 203 209 213 215 217 219 221 223 225 227 235 237 239 241 243 245 253 255 259 261 269 273 275 277 279 281 283 285 287 289 293 295 297 299 301 305 309 313 315 317 319 323 325 329 331 333 341 343 345 349 351 353 357 359 361 363 367 369 371 373 375 377 379 381 385 387 391 395 397 399 403 405 409 411 413 415 417 421 423 425 427 429 431 433 435 437 439 443 445 447 449 451 453 455 457 461 463 465 467 469 471 473 475 481 483 485 487 489 491 493 497 499 501 503 505 507 509 511 513 515 517 519 521 523 525 527 529 531 533 535 537 539 541 557 627 635 649 657 683 695 697 703 721 723 729 745 747 749 
192 1 3 5 7 9 11 13 15 19 25 29 31 33 37 39 41 45 51 53 55 57 59 61 63 65 67 69 71 73 75 77 79 81 83 85 87 89 91 93 95 97 99 101 103 105 107 109 111 113 115 117 121 123 125 127 129 131 133 135 137 139 141 143 145 147 149 151 155 157 159 161 163 165 167 169 241 259 269 273 275 277 285 287 295 301 315 331 367 371 373 377 379 397 399 409 413 425 429 435 437 439 443 449 451 453 457 463 473 487 491 493 497 501 505 511 519 521 523 525 531 537 547 549 555 557 565 573 575 577 579 581 587 589 591 593 595 599 601 603 611 617 621 623 625 627 629 631 635 637 639 641 643 645 647 649 655 657 661 667 669 671 677 683 685 687 689 693 695 697 699 703 705 709 713 715 719 721 723 725 727 729 733 735 737 739 741 745 747 749 751 753 755 
193 1 3 5 7 9 11 13 15 25 29 31 33 37 39 41 45 53 55 57 59 61 63 65 67 69 71 75 77 79 81 85 87 89 91 93 95 97 99 101 103 105 107 109 113 115 117 121 123 125 127 129 131 133 135 137 139 141 143 145 149 151 155 159 161 163 167 169 171 173 175 177 179 181 183 185 189 191 193 195 197 201 203 205 207 209 211 213 215 217 219 221 223 225 227 229 231 233 235 237 239 241 243 245 247 249 251 253 255 257 259 261 263 265 267 371 373 377 379 397 429 435 443 449 451 473 497 501 505 511 519 521 531 537 547 549 555 557 573 575 579 581 587 589 591 593 595 599 601 603 617 621 623 625 627 629 635 641 643 645 647 649 655 657 661 667 669 671 683 685 687 689 693 695 697 699 703 705 713 715 719 721 723 725 727 729 739 741 745 747 749 751 753 755 
190 1 3 5 7 9 11 13 15 17 19 25 29 31 33 35 37 39 41 43 45 47 49 51 53 55 57 59 61 63 65 67 69 71 73 75 77 79 143 151 173 209 217 225 241 243 259 261 269 273 275 277 281 285 287 289 293 295 297 301 305 313 315 331 343 357 359 363 367 371 373 377 379 385 397 399 409 411 413 425 429 435 437 439 443 445 447 449 451 453 457 461 463 465 473 485 487 491 493 497 499 501 505 511 519 521 523 525 531 537 547 549 553 555 557 565 567 573 575 577 579 581 585 587 589 591 593 595 599 601 603 611 613 617 621 623 625 627 629 631 633 635 637 639 641 643 645 647 649 651 655 657 661 667 669 671 675 677 681 683 685 687 689 693 695 697 699 703 705 709 711 713 715 719 721 723 725 727 729 733 735 737 739 741 743 745 747 749 751 753 755 
193 61 63 67 75 81 89 97 141 143 145 151 163 173 181 189 203 209 215 217 219 223 225 235 241 243 253 259 261 269 273 275 277 281 283 285 287 289 293 295 297 301 305 309 313 315 317 323 325 331 341 343 349 351 357 359 363 367 371 373 377 379 381 385 395 397 399 403 409 411 413 421 423 425 429 433 435 437 439 443 445 447 449 451 453 455 457 461 463 465 469 471 473 475 481 485 487 489 491 493 497 499 501 505 509 511 513 519 521 523 525 531 533 537 541 543 547 549 551 553 555 557 565 567 573 575 577 579 581 585 587 589 591 593 595 597 599 601 603 605 607 609 611 613 617 619 621 623 625 627 629 631 633 635 637 639 641 643 645 647 649 651 655 657 661 667 669 671 673 675 677 679 681 683 685 687 689 691 693 695 697 699 701 703 705 707 709 711 713 715 717 719 721 723 
183 1 3 5 7 9 11 13 15 17 19 25 29 31 33 37 39 41 45 51 53 55 57 59 61 63 65 67 69 71 73 75 77 79 81 83 85 87 89 91 93 95 97 99 101 103 105 107 109 111 113 115 117 173 225 241 259 269 273 275 277 285 287 293 295 301 305 315 331 359 363 367 371 373 377 379 385 397 399 409 411 413 425 429 435 437 439 443 447 449 451 453 457 463 465 473 485 487 491 493 497 499 501 505 511 519 521 523 525 531 537 547 549 555 557 565 573 575 577 579 581 585 587 589 591 593 595 599 601 603 611 617 621 623 625 627 629 631 635 637 639 641 643 645 647 649 655 657 661 667 669 671 675 677 683 685 687 689 693 695 697 699 703 705 709 713 715 719 721 723 725 727 729 733 735 737 739 741 745 747 749 751 753 755 
195 1 3 5 7 9 61 63 75 81 97 143 145 151 173 181 189 203 209 215 217 219 225 241 243 259 261 269 273 275 277 281 283 285 287 289 293 295 297 301 305 309 313 315 317 325 331 341 343 349 357 359 363 367 371 373 377 379 381 385 397 399 403 409 411 413 421 423 425 429 433 435 437 439 443 445 447 449 451 453 457 461 463 465 471 473 475 481 485 487 489 491 493 497 499 501 505 511 513 519 521 523 525 531 537 541 547 549 551 553 555 557 565 567 573 575 577 579 581 585 587 589 591 593 595 599 601 603 605 609 611 613 617 621 623 625 627 629 631 633 635 637 639 641 643 645 647 649 651 655 657 661 667 669 671 675 677 679 681 683 685 687 689 691 693 695 697 699 701 703 705 707 709 711 713 715 717 719 721 723 725 727 729 731 733 735 737 739 741 743 745 747 749 751 753 755 
192 3 7 13 33 45 61 63 67 75 81 89 95 97 105 109 113 117 123 127 131 141 143 145 151 155 159 161 163 173 181 183 189 197 203 209 213 215 217 219 221 223 225 227 235 237 239 241 243 245 253 255 259 261 269 273 275 277 279 281 283 285 287 289 293 295 297 299 301 305 309 313 315 317 319 323 325 331 333 341 343 345 349 351 353 357 359 361 363 367 369 371 373 377 379 381 385 387 391 395 397 399 403 409 411 413 415 417 421 423 425 427 429 433 435 437 439 443 445 447 449 451 453 455 457 461 463 465 467 469 471 473 475 481 483 485 487 489 491 493 497 499 501 503 505 507 509 511 513 515 517 519 521 523 525 527 531 533 535 537 541 543 547 549 551 553 555 557 559 561 563 565 567 569 571 573 575 577 579 581 583 585 649 657 683 695 697 703 721 723 729 745 749 
195 61 63 75 81 89 97 143 145 151 173 181 189 203 209 215 217 219 225 235 241 243 259 261 269 273 275 277 281 283 285 287 289 293 295 297 301 305 309 313 315 317 325 331 341 343 349 357 359 363 367 371 373 377 379 381 385 397 399 403 409 411 413 421 423 425 429 433 435 437 439 443 445 447 449 451 453 457 461 463 465 469 471 473 475 481 485 487 489 491 493 497 499 501 505 509 511 513 519 521 523 525 531 533 537 541 547 549 551 553 555 557 565 567 573 575 577 579 581 585 587 589 591 593 595 597 599 601 603 605 609 611 613 617 621 623 625 627 629 631 633 635 637 639 641 643 645 647 649 651 655 657 661 667 669 671 675 677 679 681 683 685 687 689 691 693 695 697 699 701 703 705 707 709 711 713 715 717 719 721 723 725 727 729 731 733 735 737 739 741 743 745 747 749 751 753 
200 1 3 5 7 9 13 31 33 37 39 41 45 53 55 57 59 61 63 65 67 69 71 75 77 79 81 87 89 91 93 95 97 99 101 105 107 109 113 115 117 121 123 125 127 131 135 137 139 141 143 145 149 151 155 159 161 163 167 169 171 173 175 177 179 181 183 185 189 191 193 195 197 201 203 205 207 209 211 213 215 217 219 221 223 225 227 231 233 235 237 239 241 243 245 247 249 251 253 255 259 261 263 265 267 269 271 273 275 277 279 281 283 285 287 289 293 295 297 299 301 303 305 307 309 311 313 315 317 319 321 323 325 327 329 331 333 335 337 339 341 371 429 435 449 451 497 501 505 511 521 531 547 549 557 573 575 579 581 587 589 591 595 599 603 621 623 627 629 635 641 643 647 649 655 657 661 667 671 683 685 687 693 695 697 699 703 705 719 721 723 725 727 729 741 745 747 749 751 753 755 
193 1 3 5 7 9 11 13 15 17 19 21 61 63 81 97 143 145 151 173 189 203 209 215 217 219 225 241 243 259 261 269 273 275 277 281 283 285 287 289 293 295 297 301 305 309 313 315 317 325 331 341 343 357 359 363 367 371 373 377 379 381 385 397 399 403 409 411 413 421 425 429 433 435 437 439 443 445 447 449 451 453 457 461 463 465 471 473 481 485 487 489 491 493 497 499 501 505 511 513 519 521 523 525 531 537 541 547 549 551 553 555 557 565 567 573 575 577 579 581 585 587 589 591 593 595 599 601 603 605 609 611 613 617 621 623 625 627 629 631 633 635 637 639 641 643 645 647 649 651 655 657 661 667 669 671 675 677 679 681 683 685 687 689 693 695 697 699 701 703 705 709 711 713 715 719 721 723 725 727 729 731 733 735 737 739 741 743 745 747 749 751 753 755 
195 1 3 5 7 61 63 75 81 97 143 145 151 173 181 189 203 209 215 217 219 225 241 243 259 261 269 273 275 277 281 283 285 287 289 293 295 297 301 305 309 313 315 317 325 331 341 343 349 357 359 363 367 371 373 377 379 381 385 397 399 403 409 411 413 421 423 425 429 433 435 437 439 443 445 447 449 451 453 457 461 463 465 471 473 475 481 485 487 489 491 493 497 499 501 505 509 511 513 519 521 523 525 531 537 541 547 549 551 553 555 557 565 567 573 575 577 579 581 585 587 589 591 593 595 599 601 603 605 609 611 613 617 621 623 625 627 629 631 633 635 637 639 641 643 645 647 649 651 655 657 661 667 669 671 675 677 679 681 683 685 687 689 691 693 695 697 699 701 703 705 707 709 711 713 715 717 719 721 723 725 727 729 731 733 735 737 739 741 743 745 747 749 751 753 755 
185 1 3 5 7 9 11 13 15 19 25 29 31 33 37 39 41 45 51 53 55 57 59 61 63 65 67 69 71 73 75 77 79 81 83 85 87 89 91 93 95 97 99 101 103 105 107 109 111 113 115 117 121 123 125 127 129 131 133 135 137 139 141 143 145 173 241 259 269 273 275 277 285 287 295 301 315 331 359 367 371 373 377 379 385 397 399 409 413 425 429 435 437 439 443 449 451 453 457 463 473 487 491 493 497 501 505 511 519 521 523 525 531 537 547 549 555 557 565 573 575 577 579 581 587 589 591 593 595 599 601 603 611 617 621 623 625 627 629 631 635 637 639 641 643 645 647 649 655 657 661 667 669 671 675 677 683 685 687 689 693 695 697 699 703 705 709 713 715 719 721 723 725 727 729 733 735 737 739 741 745 747 749 751 753 755 
196 13 33 45 61 63 67 75 81 89 95 97 109 113 117 123 131 141 143 145 151 155 159 161 163 173 181 183 189 197 203 209 213 215 217 219 221 223 225 227 235 237 239 241 243 253 255 259 261 269 273 275 277 281 283 285 287 289 293 295 297 301 305 309 313 315 317 319 323 325 331 333 341 343 345 349 351 357 359 361 363 367 369 371 373 377 379 381 385 391 395 397 399 403 409 411 413 415 417 421 423 425 429 433 435 437 439 443 445 447 449 451 453 455 457 461 463 465 467 469 471 473 475 481 485 487 489 491 493 497 499 501 505 509 511 513 517 519 521 523 525 527 531 533 537 541 543 547 549 551 553 555 557 559 563 565 567 571 573 575 577 579 581 583 585 587 589 591 593 595 597 599 601 603 605 607 609 611 613 615 617 619 621 623 625 627 629 631 633 635 637 639 683 695 703 721 729 
200 1 3 5 7 9 13 31 33 37 39 41 45 53 55 57 59 61 63 65 67 69 71 75 77 79 81 87 89 91 93 95 97 99 101 105 107 109 113 115 117 121 123 125 127 131 137 139 141 143 145 149 151 155 159 161 163 167 169 171 173 175 177 179 181 183 185 189 191 193 195 197 201 203 205 207 209 211 213 215 217 219 221 223 225 227 233 235 237 239 241 243 245 247 251 253 255 259 261 263 265 267 269 271 273 275 277 279 281 283 285 287 289 293 295 297 299 301 303 305 307 309 311 313 315 317 319 321 323 325 327 329 331 333 335 337 339 341 343 345 347 349 351 353 371 429 435 449 451 497 501 505 511 521 531 547 549 557 573 575 579 581 587 589 591 595 603 621 623 627 629 635 641 643 647 649 655 657 661 667 671 683 685 687 693 695 697 699 703 705 721 723 725 729 741 745 747 749 751 753 755 
191 1 3 5 7 9 11 13 15 19 25 29 31 33 37 39 41 45 51 53 55 57 59 61 63 65 67 69 71 73 75 77 79 81 83 85 87 89 91 93 95 97 99 101 103 105 107 109 111 113 115 117 121 123 125 127 129 131 133 135 137 139 141 143 145 149 151 155 157 159 161 163 165 167 169 171 173 175 177 179 181 183 185 187 189 241 269 273 275 277 285 295 301 331 371 373 377 379 397 409 413 425 429 435 437 439 443 449 451 457 463 473 493 497 501 505 511 519 521 523 525 531 537 547 549 555 557 565 573 575 579 581 587 589 591 593 595 599 601 603 611 617 621 623 625 627 629 631 635 639 641 643 645 647 649 655 657 661 667 669 671 677 683 685 687 689 693 695 697 699 703 705 709 713 715 719 721 723 725 727 729 733 735 737 739 741 745 747 749 751 753 755 
193 1 3 5 7 13 31 33 37 45 57 61 63 65 67 69 75 79 81 87 89 91 95 97 99 105 107 109 113 117 123 127 131 137 141 143 145 149 151 155 159 161 163 167 171 173 177 181 183 189 193 195 197 203 209 213 215 217 219 221 223 225 227 233 235 237 239 241 243 245 247 251 253 255 259 261 267 269 271 273 275 277 279 281 283 285 287 289 293 295 297 299 301 305 309 311 313 315 317 319 323 325 327 329 331 333 341 343 345 347 349 351 353 357 359 361 363 367 369 371 373 375 377 379 381 385 387 391 395 397 399 403 405 407 409 411 413 415 417 421 423 425 427 429 431 433 435 437 439 443 445 447 449 451 453 455 457 459 461 463 465 467 469 471 473 531 557 573 575 579 587 589 603 621 627 635 649 655 657 661 683 685 687 695 697 703 721 723 729 745 747 749 753 755 
193 61 63 75 81 89 97 143 145 151 163 173 181 189 203 209 215 217 219 225 235 241 243 259 261 269 273 275 277 281 283 285 287 289 293 295 297 301 305 309 313 315 317 325 331 341 343 349 351 357 359 363 367 371 373 377 379 381 385 397 399 403 409 411 413 421 423 425 429 433 435 437 439 443 445 447 449 451 453 457 461 463 465 469 471 473 475 481 485 487 489 491 493 497 499 501 505 509 511 513 519 521 523 525 531 533 537 541 547 549 551 553 555 557 565 567 573 575 577 579 581 585 587 589 591 593 595 597 599 601 603 605 609 611 613 617 621 623 625 627 629 631 633 635 637 639 641 643 645 647 649 651 655 657 661 667 669 671 675 677 679 681 683 685 687 689 691 693 695 697 699 701 703 705 707 709 711 713 715 717 719 721 723 725 727 729 731 733 735 737 739 741 743 745 
194 1 3 5 7 9 11 13 15 25 29 31 33 37 39 41 45 53 55 57 59 61 63 65 67 69 71 75 77 79 81 85 87 89 91 93 95 97 99 101 103 105 107 109 111 113 115 117 121 123 125 127 129 131 133 135 137 139 141 143 145 149 151 155 159 161 163 167 169 171 173 175 177 179 181 183 185 189 191 193 195 197 199 201 203 205 207 209 211 213 215 217 219 221 223 225 227 229 231 233 235 237 239 241 243 245 285 301 371 373 377 379 397 425 429 435 437 439 443 449 451 473 493 497 501 505 511 519 521 531 537 547 549 555 557 573 575 579 581 587 589 591 593 595 599 601 603 617 621 623 625 627 629 631 635 639 641 643 645 647 649 655 657 661 667 669 671 683 685 687 689 693 695 697 699 703 705 713 715 719 721 723 725 727 729 735 737 739 741 745 747 749 751 753 755 
198 1 3 5 7 9 13 25 31 33 37 39 41 45 53 55 57 59 61 63 65 67 69 71 75 77 79 81 87 89 91 93 95 97 99 101 103 105 107 109 113 115 117 121 123 125 127 129 131 135 137 139 141 143 145 149 151 155 159 161 163 167 169 171 173 175 177 179 181 183 185 189 191 193 195 197 201 203 205 207 209 211 213 215 217 219 221 223 225 227 229 231 233 235 237 239 241 243 245 247 249 251 253 255 259 261 263 265 267 269 271 273 275 277 279 281 283 285 287 289 293 295 297 299 301 303 305 307 309 311 313 315 317 319 321 323 371 397 429 435 449 451 497 501 505 511 521 531 547 549 557 573 575 579 581 587 589 591 593 595 599 603 621 623 625 627 629 635 641 643 647 649 655 657 661 667 671 683 685 687 693 695 697 699 703 705 719 721 723 725 727 729 741 745 747 749 751 753 755 
186 1 3 5 7 9 11 13 15 19 25 29 31 33 37 39 41 45 51 53 55 57 59 61 63 65 67 69 71 73 75 77 79 81 83 85 87 89 91 93 95 97 99 101 103 105 107 109 111 113 115 117 121 123 125 127 129 131 133 135 137 139 141 143 145 147 173 241 259 269 273 275 277 285 287 295 301 315 331 359 367 371 373 377 379 385 397 399 409 413 425 429 435 437 439 443 449 451 453 457 463 473 487 491 493 497 501 505 511 519 521 523 525 531 537 547 549 555 557 565 573 575 577 579 581 587 589 591 593 595 599 601 603 611 617 621 623 625 627 629 631 635 637 639 641 643 645 647 649 655 657 661 667 669 671 675 677 683 685 687 689 693 695 697 699 703 705 709 713 715 719 721 723 725 727 729 733 735 737 739 741 745 747 749 751 753 755 
200 1 3 5 7 9 13 31 33 37 39 41 45 53 55 57 61 63 65 67 69 75 77 79 81 87 89 91 93 95 97 99 101 105 107 109 113 115 117 121 123 127 131 137 139 141 143 145 149 151 155 159 161 163 167 169 171 173 175 177 179 181 183 185 189 191 193 195 197 201 203 207 209 211 213 215 217 219 221 223 225 227 233 235 237 239 241 243 245 247 251 253 255 259 261 263 265 267 269 271 273 275 277 279 281 283 285 287 289 293 295 297 299 301 303 305 307 309 311 313 315 317 319 321 323 325 327 329 331 333 335 339 341 343 345 347 349 351 353 355 357 359 361 363 365 371 429 435 451 497 501 505 511 521 531 547 549 557 573 575 579 581 587 589 591 595 603 621 623 627 629 635 641 643 647 649 655 657 661 667 671 683 685 687 693 695 697 699 703 705 721 723 725 729 741 745 747 749 751 753 755 
198 1 3 5 7 9 13 25 31 33 37 39 41 45 53 55 57 59 61 63 65 67 69 71 75 77 79 81 87 89 91 93 95 97 99 101 103 105 107 109 113 115 117 121 123 125 127 129 131 135 137 139 141 143 145 149 151 155 159 161 163 167 169 171 173 175 177 179 181 183 185 189 191 193 195 197 201 203 205 207 209 211 213 215 217 219 221 223 225 227 229 231 233 235 237 239 241 243 245 247 249 251 253 255 259 261 263 265 267 269 271 273 275 277 279 281 283 285 287 289 293 295 297 299 301 303 305 307 309 311 313 315 317 319 321 323 371 397 429 435 449 451 497 501 505 511 521 531 547 549 557 573 575 579 581 587 589 591 593 595 599 603 621 623 625 627 629 635 641 643 647 649 655 657 661 667 671 683 685 687 693 695 697 699 703 705 719 721 723 725 727 729 741 745 747 749 751 753 755 
195 1 3 5 7 13 31 33 45 57 61 63 67 69 75 79 81 87 89 91 95 97 99 105 107 109 113 117 123 127 131 137 141 143 145 149 151 155 159 161 163 167 171 173 181 183 189 193 195 197 203 209 213 215 217 219 221 223 225 227 233 235 237 239 241 243 245 247 251 253 255 259 261 267 269 271 273 275 277 279 281 283 285 287 289 293 295 297 299 301 305 309 311 313 315 317 319 323 325 327 329 331 333 341 343 345 347 349 351 353 357 359 361 363 367 369 371 373 375 377 379 381 385 387 391 395 397 399 403 405 407 409 411 413 415 417 421 423 425 427 429 431 433 435 437 439 443 445 447 449 451 453 455 457 459 461 463 465 467 469 471 473 475 477 479 481 483 485 531 557 573 575 579 587 603 621 627 635 649 655 657 661 683 685 687 695 697 703 721 723 729 745 747 749 753 755 
