2052
4881
2056
286
1125
1743
4488
2128
2433
3050
538
531
352
1950
1383
163
1178
1295
3229
518
68
3586
1303
2589
3294
2011
2741
65
591
3133
2223
1167
988
2507
2293
2516
796
3188
1973
112
2962
1279
351
208
2178
2162
2810
2642
762
1287
1619
2357
702
1236
2092
3923
75
2398
370
1721
1793
508
1533
2772
84
749
285
2441
720
1720
1310
2317
2601
4095
780
2414
2009
2583
3041
1261
2592
2642
1815
2965
4100
822
2706
1289
916
1783
3067
3349
1579
803
2504
2272
1197
2250
83
557
1067
1513
3224
2677
1862
205
981
539
687
3143
451
400
3876
3527
3075
4531
573
4155
3833
280
2943
515
327
934
652
96
437
2162
1771
3401
727
1343
1930
3393
2196
645
810
1330
1388
567
1098
1373
334
288
114
3238
2918
387
668
3533
2494
2140
474
1883
3955
700
3151
2154
3475
4328
2465
222
2102
2122
114
973
480
2714
113
1909
2341
1106
2094
666
612
55
645
1765
4425
985
169
762
171
3224
944
88
3333
2711
937
457
1134
657
831
2553
834
991
2431
3959
1288
1922
704
410
370
473
1458
15
342
2986
2971
2308
595
2125
626
1881
15
1160
3162
1982
347
1273
3018
3386
561
165
79
3957
1830
1891
1788
1833
235
4312
1020
443
695
568
3091
105
2359
702
315
3619
1229
773
1189
16
1179
959
807
1785
2526
1107
2343
266
575
274
1111
561
4059
2971
374
560
1872
1501
3650
476
2006
322
1838
442
2009
523
1161
1604
53
1456
1287
2089
1368
2092
2485
2294
43
1810
1945
1047
1854
2592
1533
1324
1281
3323
3390
3326
1341
1523
2654
228
791
3574
1836
168
569
227
1995
1297
58
275
981
2016
1837
2812
1299
237
179
664
725
390
566
1518
165
3433
4057
1287
1306
3574
340
1135
3510
255
2260
1240
1550
2834
426
727
1454
1583
2393
493
883
3209
1609
2959
2617
1937
547
107
1743
1197
322
661
5
3084
337
4217
3563
2025
1215
78
24
1258
4371
2634
3161
3324
456
2816
3591
1029
624
2107
1477
2386
1359
818
479
1769
1288
3967
3833
4473
1378
3972
1716
1738
1256
2988
3911
130
1834
2652
1678
1938
4436
625
1700
2028
897
1394
715
3361
305
1921
2405
1536
914
410
3451
1098
1725
23
1214
1084
454
247
259
325
635
404
1705
2548
1957
604
406
2529
594
2916
2179
2029
2905
78
235
1505
216
671
1549
2856
1595
1762
2114
1474
1559
302
280
2613
4470
932
1590
2841
814
2225
2516
2572
3994
2095
2111
445
824
1399
3186
3776
297
2902
1581
2853
1534
2363
191
694
458
1647
408
1148
1257
2173
2675
624
1109
1069
1502
2273
362
3792
2139
2694
3793
1141
742
2921
868
869
1418
3005
1798
870
1681
4322
4234
1661
100
2111
492
4572
1426
50
1830
3398
1700
79
441
672
233
3329
1990
1513
2080
3083
815
2295
225
2009
167
1639
1277
2090
718
2579
4192
68
707
444
2379
339
2405
545
32
655
395
2512
44
3194
1794
289
660
1549
46
3734
3697
901
745
3338
256
2259
2536
2899
3410
290
2568
1190
2120
2637
2001
2682
359
151
2198
1181
3265
955
667
26
349
989
1591
3695
477
4285
1866
2679
457
839
2749
2372
2699
2653
1292
908
1896
242
1430
1066
1025
1146
954
1075
1140
555
2140
3872
1912
2208
1727
2801
4595
899
1538
2812
1286
1437
1214
197
4086
874
1781
481
1816
2484
16
1253
177
2957
531
1556
3213
922
1134
1203
1377
3060
1240
522
466
1872
2760
345
2905
523
1154
1435
2027
4229
3832
1510
1085
700
2057
3160
618
822
962
2575
3111
1956
2920
817
3999
626
3172
2855
208
3091
3364
2522
764
196
1495
2526
83
788
425
799
857
2094
1325
484
1101
3486
832
564
1848
840
2402
256
1448
585
244
2831
1467
2935
324
1585
1343
1546
89
824
218
4514
848
560
2212
921
2308
1402
2361
345
3014
1352
128
2190
1662
2928
51
2766
2457
1349
140
1597
1396
247
2130
1683
2418
1925
4230
1947
971
918
3439
2042
2219
1647
30
1761
141
1101
1354
371
1182
1070
3503
1448
1030
230
1533
2489
1339
2974
3362
118
215
4453
1203
777
3098
3819
1278
775
2039
837
4003
2308
3738
511
2210
3179
4813
1308
2479
19
678
3212
1782
3233
4399
1354
1928
3589
3139
1795
175
262
1008
3413
284
4329
2427
737
2221
529
396
34
4530
434
70
1279
814
1630
1721
1001
1216
3511
695
573
322
631
1409
3947
2682
590
982
1156
2734
2669
3244
2330
1289
3583
9
177
989
1875
615
896
96
2635
2869
108
2780
188
1432
2992
387
282
2727
1615
1984
3757
373
1686
1577
550
626
188
324
2645
4367
4286
491
1384
1499
1268
984
779
1160
398
2287
103
1967
979
3155
3053
3012
1025
2466
2867
1399
112
340
2868
3869
3307
2671
1873
3009
333
600
479
2934
219
1997
609
787
1472
3397
2353
956
296
1231
386
4141
1081
2191
2232
301
1217
309
239
2007
325
2574
147
1099
3359
202
287
2366
927
2554
3498
1019
3226
3125
2496
638
59
1397
1802
370
306
1920
567
1007
240
11
1275
2988
350
1334
4370
841
3355
1782
336
2695
116
135
194
3906
1910
3252
983
548
3254
411
985
2611
957
135
80
1211
2944
2841
3772
2548
1919
2751
1911
4053
2327
1900
41
1716
3574
2791
3874
608
620
135
1991
277
2798
2498
800
596
1785
270
1017
4066
2524
3465
161
2493
3347
1067
3285
859
3652
1116
2006
4377
2493
2075
1109
1350
750
880
1177
3111
3351
3921
2884
612
3261
1903
2897
3917
640
453
3497
4274
4232
1679
2088
353
2374
3308
1345
258
763
2002
2688
588
1202
3333
3269
2832
2548
3937
1806
167
2358
18
1444
690
65
2209
3502
916
1118
2275
1868
2712
1598
4785
3770
484
362
4383
1877
3100
632
2196
3094
211
678
2436
2337
1523
668
657
2643
2793
1279
1922
2947
2639
956
577
2414
3004
2227
314
2989
57
537
1776
4413
3023
1615
2378
309
1529
1827
2321
1540
149
220
6
1255
1676
2840
1274
3379
302
1352
252
3261
1112
519
805
119
1547
1966
521
1045
507
1529
838
2137
1288
1987
895
3427
1255
607
1128
2664
276
1934
2561
2261
3950
945
1943
3754
348
3174
2840
1784
330
298
2271
2604
1881
2247
3351
1620
621
2523
2749
2165
4220
2168
1474
1122
771
1598
3746
2619
4008
432
1454
1259
3154
3714
1379
1284
1211
3385
2682
3725
2753
537
1979
3397
2757
1549
1878
1441
845
2498
3657
1530
4256
1146
4169
549
89
729
2062
1056
3160
1928
1477
167
1593
886
3185
2341
603
680
265
2377
469
52
271
416
645
24
2207
269
3722
559
654
2753
1845
866
1276
2388
2269
1803
2544
1872
1807
3664
1554
1531
1038
1505
968
4260
2162
882
3253
304
338
1245
2148
120
3024
331
596
1956
977
1975
2529
2081
81
244
2335
2860
922
1012
910
1537
1358
937
810
1982
1625
3971
2201
1268
3504
3371
29
2290
788
1358
2831
1795
714
438
1267
1279
223
3683
3377
1537
1735
708
1066
1521
2012
1959
42
278
800
1870
2979
657
2261
1370
818
1172
823
1203
726
2291
3077
766
663
1233
204
1563
1193
954
519
2679
2375
1802
1793
2381
1776
1571
3385
1137
437
2967
2089
918
741
2667
448
2934
1068
1182
758
1595
1138
905
4074
936
12
575
930
733
1429
563
1114
1530
245
2210
3690
1085
3508
3206
1124
1712
2553
2209
2334
1841
1749
839
2260
160
2265
1996
1643
2152
642
1007
845
152
815
2686
856
811
1012
3084
3769
3723
2033
417
603
2665
1711
1206
1852
544
2507
3676
417
4412
2917
2705
3054
93
262
3290
130
2441
1340
1772
3681
1645
3254
1641
2128
607
1570
988
1787
288
2730
2601
1561
1065
856
1696
3708
4123
3967
3496
3294
1842
1156
108
2197
2619
2909
1540
88
3783
1410
637
4309
126
1015
3277
4308
2937
1833
2878
426
184
589
1306
187
2741
1831
4127
603
1391
3449
1011
1010
4822
3214
2763
4713
3667
152
1981
767
452
2284
3761
1764
2389
2928
1929
331
308
1264
729
1153
2080
1805
1529
3375
1729
1126
1426
2256
1314
585
2019
982
2423
1415
3210
3328
893
1207
2890
3714
2573
3964
1434
220
590
1472
813
1990
204
1813
2456
1126
3826
1833
1243
2600
1376
1860
2623
1997
952
2170
629
3672
2551
2425
2777
2949
743
612
1096
286
188
443
1480
1432
1691
1712
1128
957
2565
760
1710
2162
644
1247
547
1406
3029
1572
114
3116
989
3181
1071
1550
3044
1053
116
3464
497
321
811
1042
1904
1400
2768
2123
2176
3696
296
2172
1209
171
1063
2627
633
3665
667
328
607
1400
4106
121
855
4180
589
404
1857
463
601
39
1803
787
1593
1844
3183
2103
946
1300
1915
1564
2801
4589
412
3730
652
693
1167
519
2101
228
1603
3625
603
1672
771
2969
3637
1063
4103
850
284
2272
2971
1432
156
3787
2732
299
852
3383
2344
2282
426
3777
3536
515
1280
408
4264
536
1815
1402
1061
3398
2706
2240
2102
1329
3879
788
1796
212
445
658
133
3548
2646
1895
483
28
3645
517
3033
4024
1088
4612
2265
831
1010
3281
5
2949
1673
3119
2144
956
296
1371
646
1989
2559
1158
357
1536
1728
774
3313
4317
543
3055
300
2221
1404
1030
1101
709
3518
593
1577
1455
571
809
1331
1294
246
2266
1599
1312
3403
1607
665
252
1557
2060
510
1314
380
34
163
2728
258
468
211
242
1581
431
1087
3221
1246
735
145
1472
2604
279
3450
485
2338
1652
2134
2007
3794
552
1701
2365
998
3494
920
2063
3378
1085
3327
18
730
156
1808
2474
760
3743
2614
2929
19
1589
1869
303
4039
1006
2323
3857
111
1839
3265
234
4109
106
672
1481
3037
1850
2992
1266
1744
1689
3407
1489
1624
5
818
1032
3529
2804
2345
193
207
521
828
47
510
1619
3623
2184
1626
2660
3450
1676
4629
745
993
2392
1419
466
1001
1637
795
238
3082
686
1539
2375
1589
2454
1779
1765
957
1429
4568
1250
865
310
1400
145
2141
1056
2028
851
235
1109
3931
3319
1506
246
2817
4072
378
4203
3484
245
813
2072
1827
2936
480
3109
1528
2487
2033
2378
2520
3025
2489
1428
1238
1311
2009
505
1178
1622
2275
931
371
357
3768
814
2266
1183
1483
1881
1862
2228
367
908
2834
81
2577
3816
1327
643
2860
156
1945
199
2905
2787
35
1333
1797
2444
835
1627
1507
1804
1069
1022
523
1138
108
4352
97
2701
3054
329
1608
2339
2470
311
1426
448
740
182
905
2704
1283
2143
1486
3214
3747
3976
983
381
520
2810
1831
3212
749
232
855
1541
64
2901
2772
997
3280
2281
825
394
1225
1221
1066
3987
2318
49
2202
3087
31
2142
1516
124
2817
2494
2565
2022
730
2739
509
419
1174
10
2378
45
625
1851
455
822
2461
2296
1001
6
1853
1101
1279
1667
2038
3093
4225
347
2916
736
1603
383
3512
1744
3314
845
2726
336
3977
64
210
558
1038
1504
972
3071
1908
1488
675
1257
2421
3192
338
2997
2321
101
525
134
3997
2720
1688
840
658
1166
543
3137
1825
3176
487
2804
1019
18
74
258
1824
1149
191
1068
209
348
1436
1307
194
1939
145
3338
2190
1299
2871
3994
1856
1342
1698
1457
800
1306
4337
58
1762
1504
1599
2492
2558
589
2391
1941
947
912
2342
1673
1370
1658
346
1430
129
1256
1453
3389
104
399
2991
937
311
51
312
3540
173
306
2687
1186
173
2064
252
776
479
1611
2799
1352
1294
1407
704
3854
805
1567
2165
1799
1778
2967
2580
230
301
2565
1183
655
2320
2278
833
698
3465
2603
3935
313
2325
2053
1443
3214
1319
195
768
2906
507
1387
1308
1895
673
112
2235
217
1626
559
4174
729
1107
939
1100
2842
298
3216
1255
103
1675
2158
220
3116
2948
2710
1169
1384
3382
1601
2705
900
3992
2204
4615
2465
479
2378
376
3945
3147
2365
174
1484
731
3682
1819
929
2556
1939
1930
819
19
2724
584
172
573
1787
1101
219
3253
3280
934
949
462
1048
1727
3081
1356
2628
756
3816
1786
1171
709
839
1937
1406
1176
2641
3757
343
2893
85
1872
312
1386
171
1465
123
414
1249
3636
280
3043
910
1088
3137
2979
2844
4928
436
723
855
2648
1951
1282
2648
1139
308
4669
737
2656
836
1021
527
2735
37
1736
2011
1864
79
134
752
854
1754
3878
4508
4129
1435
3850
1150
1963
1100
1499
1781
1153
327
649
2075
649
1928
190
1893
785
1322
1627
1562
141
4199
3263
2562
1245
2342
2851
3065
91
1272
1820
1551
1827
954
279
1151
1023
620
136
772
3021
2129
735
278
2065
1361
538
1176
3099
1569
643
14
1776
202
200
3269
505
747
152
1180
1801
1557
778
934
1063
3728
1512
833
3127
1839
1079
1893
73
921
549
395
1529
2548
2820
2117
23
1147
765
2452
906
2526
488
2343
4332
1709
3110
691
4803
236
478
585
59
2451
83
674
2774
2642
835
895
2909
1141
1021
3181
2147
4345
1928
2353
428
3694
1958
3949
3107
1000
1961
102
196
706
3181
2912
581
1961
4681
736
1927
2285
212
3602
1820
228
2051
202
730
3280
3288
1887
1247
723
726
2816
700
1490
2675
2563
3711
1238
3071
948
2326
2135
4662
470
2050
4105
3206
2571
1595
884
1317
163
1503
3554
4282
473
2692
70
1650
1715
1861
909
279
1649
4657
1462
617
2200
479
2300
563
984
3459
189
3716
3390
2263
1019
2534
1545
2849
278
1173
685
2973
1056
246
1367
4662
2054
1146
36
398
500
883
3530
3680
137
1479
1643
123
1881
2530
3919
2647
966
653
511
2688
296
675
420
1567
388
3174
2101
57
984
2425
2239
1644
276
92
1093
1975
836
1028
1043
1222
1416
1539
2478
3261
243
2645
614
2019
119
993
2797
569
963
1753
824
886
4469
377
809
1574
366
1952
1482
2595
1759
1595
412
2691
2408
1740
1345
1389
1214
1469
1487
554
221
324
1724
1551
2796
2310
1228
299
3154
351
3361
292
1399
3216
161
1356
1792
1278
2718
3409
3183
1154
736
2033
245
625
2937
1089
575
3231
3204
1488
1745
3087
1113
38
4237
1271
698
2392
471
4525
931
3374
3525
2074
345
1109
657
2898
23
905
884
3946
2759
2199
987
2453
1303
1145
365
799
2922
608
977
1716
848
3272
652
550
1809
1046
4105
480
2386
3156
252
1344
605
237
80
4312
342
2625
1267
1889
1468
1213
740
176
963
49
1997
632
632
268
2794
3603
477
374
1678
637
4275
791
13
1952
733
2639
642
1592
77
1879
4426
2957
9
3928
109
990
2721
3620
2376
3004
2803
2173
1149
1382
2486
1901
694
2221
783
634
220
3751
207
225
3112
435
2184
149
1137
3402
1979
1227
2332
2879
4512
1973
989
1172
1373
3338
1331
3570
1925
771
1582
1138
626
443
1587
3164
286
884
1890
268
3080
204
734
1885
2605
873
19
101
1911
672
3809
971
206
1888
679
3487
973
706
262
459
523
752
1756
2857
500
481
1051
2274
42
3729
309
2459
277
1052
1289
2326
1495
1710
1301
824
2783
4086
1835
2521
808
2589
969
1013
1154
1982
1476
3598
3989
1660
1929
1709
693
746
2039
259
2326
4148
1360
1749
1546
3683
3417
997
1917
445
473
691
1036
1976
817
1521
3159
79
2996
1367
1989
273
2011
3288
4415
4240
2754
669
793
572
1729
2672
2878
1414
751
571
3143
138
1244
1376
4159
1819
242
595
1455
1561
76
839
3073
3460
263
1026
2691
1068
1758
2166
2505
1833
2542
260
1011
2345
4801
605
1953
3399
3558
4491
2351
151
3495
4112
1749
1954
1565
1367
2740
1222
1451
1841
1747
1750
214
1204
1192
1940
36
1908
98
1530
200
3421
1549
530
213
913
2283
1897
2126
40
2877
2229
2250
2488
319
3746
801
1799
2833
1516
3564
86
2476
894
1825
3488
1525
267
1486
1359
1585
2156
2668
3982
529
1806
222
3019
3588
2416
3604
2772
3599
1238
770
1283
234
2180
3786
3508
2345
2075
1425
3
1470
4566
659
1299
1997
2535
2688
2538
2655
2709
421
2893
1211
966
212
66
3308
3382
1062
197
1013
1428
1473
856
2256
3453
505
1599
257
2283
4410
135
1766
3508
884
63
706
588
3102
894
664
348
758
1908
359
3250
574
1894
90
273
1152
2426
2030
407
1431
1392
558
2338
973
2288
884
4394
134
1375
653
1447
350
407
877
3038
2441
1792
732
1076
2382
347
3296
59
2168
412
1088
1324
1802
2448
3439
597
3308
1292
474
2539
242
59
1036
1907
47
594
1130
3918
2294
4174
778
813
802
1736
566
1357
564
3634
1208
155
3004
1894
117
3766
98
317
1499
921
1261
1054
2437
2951
600
1245
1950
2953
1189
205
165
3998
3220
3355
545
1653
1499
3115
780
609
2212
19
953
955
469
2697
650
446
2561
1523
181
820
1895
1008
1195
2780
2744
2030
2152
1504
1054
684
4240
987
1112
1103
1410
163
2277
4104
2071
785
2419
4351
2317
389
1952
1900
376
1361
573
568
2361
155
658
1551
1510
3751
2697
1251
1862
1300
1609
1150
2258
565
1246
3176
338
2109
2610
176
401
811
156
1025
539
2678
1359
900
2224
4251
711
3556
1467
303
1521
733
3192
2825
3385
562
2642
581
1376
2248
3051
3077
1808
2722
324
3395
2326
1435
1758
1081
703
7
501
2714
925
135
936
876
3820
2971
2761
2817
489
1592
1705
232
566
847
689
3539
2979
1408
110
210
582
67
1166
2783
3652
619
230
809
395
3235
3647
1747
778
923
679
1534
1257
2967
1239
2774
1044
2035
1131
812
1375
2095
1146
2305
4335
12
932
2396
3784
3278
904
1091
1460
190
1732
580
777
533
2102
1762
56
601
3397
86
190
159
1109
1177
2093
663
2125
2748
945
402
3492
3076
2276
3866
1929
2165
394
3488
2968
109
1012
3405
685
207
3729
3821
384
1783
1311
1849
4515
731
2950
278
2135
30
779
3838
3327
2921
1026
568
1123
2469
3533
212
1478
707
3160
1540
1600
1736
111
842
1440
1727
279
1302
160
141
2757
2097
136
1571
3156
1066
2520
62
1322
3559
1710
791
1553
1809
1502
1210
1778
370
319
431
1391
198
2121
3973
4236
1303
356
1465
3355
3709
3160
2761
738
1924
874
2565
3874
397
583
4231
1755
381
54
2423
3707
478
2259
3854
3222
2630
2165
994
1590
240
1342
4205
3572
394
71
178
2415
2294
121
1830
2157
1657
1472
380
152
266
172
114
712
2699
805
2116
1155
1322
1904
624
811
2178
3295
1601
1623
2013
966
2985
3658
2453
1788
1924
128
2218
3502
3041
521
449
74
1414
2018
249
1156
4203
3132
1657
275
521
1486
445
314
666
436
2514
1352
1064
1742
2633
407
3608
2177
3966
220
1935
1030
1462
2318
1730
2688
1230
216
1723
939
1261
1444
2562
3245
2314
1983
722
3303
679
3924
998
704
2347
3215
395
765
243
981
442
2450
4076
266
1413
972
3253
1964
2806
3309
2846
770
1868
2229
140
1693
272
3719
3313
3301
533
1700
2767
768
2844
991
3768
10
2558
1901
4147
746
3103
755
2344
2790
1758
1329
1033
2156
410
1674
3985
346
2774
359
612
3029
1597
1111
1226
3991
3498
201
2039
359
1685
4063
563
64
359
703
1685
3526
1070
1292
3466
1635
845
388
1611
419
2704
2916
2576
2566
1053
637
1363
2477
2906
3028
850
781
606
1036
330
4255
1690
1868
554
1486
612
786
1383
4452
522
822
1405
763
1877
1265
1061
2755
963
315
1816
4077
1607
164
1392
2080
2358
300
4568
1423
1818
2025
310
2505
2749
1015
2667
3369
323
3043
501
66
2830
1132
2682
328
515
2218
1608
3819
1172
4218
330
25
1348
175
4326
1492
2882
29
2010
831
1923
1117
1033
1853
1166
966
158
1360
1329
2470
777
1087
128
4519
2657
2029
1537
1647
3439
343
3757
439
2128
815
2362
291
943
1595
12
2183
3707
1641
3265
518
2417
3160
1161
312
1954
1037
2590
4786
243
1682
1423
213
1167
39
441
1379
205
1976
3117
526
206
1924
451
4068
1201
295
905
1238
709
369
2024
4516
2459
324
1099
1382
2174
4309
1592
983
2586
3445
1125
507
934
487
3893
3534
1264
955
3526
3346
1511
3819
1835
2713
1859
2791
985
789
1043
2403
1511
795
2698
1404
1313
2702
1174
639
1101
2872
1799
3523
1984
281
741
898
174
1232
252
755
385
11
640
4021
1054
2099
368
91
133
3245
254
1485
683
1500
2788
2206
1939
2558
816
164
1597
1574
664
659
1067
1146
2865
257
522
1474
3735
98
2061
2868
15
629
1234
4228
283
1761
1420
17
285
695
2629
384
3723
969
534
1884
343
1093
2708
611
107
2746
13
477
936
1447
5
300
3708
1061
1174
279
1551
842
1535
4206
3403
3379
1992
2020
2230
586
2328
55
3374
102
320
433
2381
1703
1159
788
3168
415
4574
176
282
754
1247
678
4477
2087
1607
3094
1586
331
1661
3644
1588
981
3276
1150
4074
2306
335
1331
3710
670
201
1297
1477
2935
503
4034
92
53
71
942
193
2442
295
2962
4596
1886
2614
114
70
627
944
1755
1060
2804
4070
1380
999
349
2862
1075
1680
3109
185
799
1702
2224
2178
1236
1326
1153
2641
1374
3630
3228
1036
1446
3278
891
1923
2875
2159
1252
16
918
2701
1872
2353
1345
1175
1790
402
99
1284
4602
1104
450
4329
2965
329
135
1940
820
4128
939
1453
574
2614
1468
1795
722
1636
244
1052
194
2136
4266
1631
1885
2853
3693
1802
373
1868
637
860
1523
803
623
1569
1322
1218
350
2331
3218
1602
489
241
2107
918
663
4151
1125
2469
93
1661
4335
1876
2875
981
364
690
1845
1210
611
267
516
750
2396
949
449
3915
315
1779
2401
923
268
1681
3016
64
1629
3165
515
1008
3413
1260
661
1800
1034
1345
1858
4076
3446
3813
1630
3372
1387
930
1484
3224
2110
191
400
3996
3989
1570
504
1299
2115
3623
4766
1648
1795
742
3082
4495
16
333
4176
1955
876
915
1308
1002
2207
1052
1594
405
1127
912
1250
67
12
1739
1847
1011
803
1029
39
2725
1285
710
881
1491
2110
56
4290
665
537
1865
2224
2772
167
3750
676
417
790
407
163
3077
145
2426
1609
979
551
2664
821
360
3573
762
562
589
3031
2094
901
1222
3824
1553
546
1219
2103
2512
1518
1396
1302
3594
1348
1179
1139
3093
1641
2192
3417
498
3249
1856
3884
2962
616
692
927
1408
6
1585
972
3789
2916
1252
3964
860
2164
2432
4290
2372
399
2691
206
856
502
1937
1631
1024
262
2643
2058
1270
1515
369
2420
2954
1218
978
464
615
3755
1218
143
3716
798
3048
778
1355
322
1017
84
1605
1173
1435
2048
873
2494
769
3068
962
131
166
637
3395
890
1410
3164
3992
1504
1178
178
1584
3428
2220
2421
761
1363
1975
870
1770
1682
140
295
1939
2856
4037
122
1518
2309
2363
2689
2352
250
873
1182
1116
2122
143
2340
1599
1152
2890
130
1345
58
2172
2681
742
1880
768
4653
1750
500
4624
1747
1720
2644
358
3942
1490
1085
825
4701
4010
1260
668
13
2439
2903
202
512
1490
1151
2672
1351
1577
2975
60
821
344
2265
2809
4555
3507
2854
501
4327
2733
3509
596
3713
557
958
98
2219
2427
3094
1734
4
659
1029
138
1330
389
882
677
2543
278
2715
92
3372
1996
1091
3410
1446
1251
2975
2087
1848
1688
873
2381
286
4584
2831
569
239
77
868
284
1909
2816
1125
1711
1230
751
2662
26
3632
1131
2429
2284
1448
338
3044
4366
455
188
3238
1287
3142
1218
1833
2131
2207
1055
355
4327
2314
1337
2742
243
1869
75
4036
1331
2139
330
1739
685
2168
2771
219
2012
974
300
1324
678
2049
676
499
1893
881
1216
3558
2763
1004
446
992
1332
1145
3358
486
1450
3304
1690
2576
2540
1983
1392
1358
907
1725
1131
825
2164
1398
1286
2125
3343
1831
2094
223
2892
1122
2663
3208
284
1197
516
860
343
658
1056
4097
2565
1676
1944
585
3152
76
1737
791
45
1559
1751
3132
429
3379
1619
1639
1740
842
59
2072
960
3285
2663
1252
2598
3191
15
1424
1236
850
792
2160
1158
2219
2251
1902
522
109
1585
2581
2189
439
2779
166
775
1337
1697
642
1856
264
1347
251
4053
3608
4017
381
630
1995
3519
2020
479
751
1335
1597
519
3962
734
791
541
3200
740
538
907
2751
767
730
2084
4145
1838
3170
1008
754
1010
1901
1194
1876
2049
4017
820
3921
2324
3931
4351
1018
285
242
833
1411
821
661
1127
2743
2401
4087
911
3711
1117
302
1377
884
2873
320
4013
1879
1474
833
1361
1426
172
2695
3654
4059
1222
4200
2000
583
1743
473
959
3696
2575
3582
1376
1851
2244
532
2660
584
1677
3207
2470
549
833
2175
4021
4010
4106
881
266
2218
1827
4289
2537
2617
1692
1344
3320
1920
1925
864
560
298
1712
111
2807
2877
484
1291
262
1068
1285
435
1339
720
889
699
637
1809
2602
221
1701
2616
2813
165
2124
2406
2185
867
907
3984
336
1046
63
2965
1541
1199
3047
548
2223
1633
2477
1199
2250
1766
1529
2491
883
2161
376
2982
2778
2678
8
196
1029
15
4301
1840
954
664
1623
2055
3192
2901
2085
4110
729
1695
277
2420
2447
1602
2571
2364
1767
1114
4678
4102
2452
44
787
208
736
693
1418
1332
4539
591
99
1768
551
815
2803
1830
988
3832
133
3241
1361
328
1522
2587
570
1434
3560
2153
1412
1585
2056
247
809
2210
883
2143
372
167
1166
100
1355
741
2288
4436
123
42
3801
704
1224
894
577
439
3598
678
2483
270
600
614
685
3131
2750
1995
761
3421
3699
2189
3030
2841
2685
814
3481
2736
3953
435
151
1259
3582
1429
1913
37
4399
175
1902
538
3349
612
2535
989
2070
2689
1631
1942
443
1486
116
1045
737
114
2960
1473
3328
2184
230
51
2078
2354
758
4388
2068
4
1793
4095
853
2498
2673
1743
199
413
1194
2916
834
1095
1667
7
1055
889
1213
3233
1120
4003
213
622
771
88
2498
1302
3144
2404
2193
1471
4329
3364
1874
1201
4688
171
2379
2963
91
480
3096
3439
845
1842
380
3029
655
380
427
2206
719
2100
3859
1632
505
2736
4230
507
3321
2759
962
646
3943
1656
475
868
1717
1043
556
413
1054
3735
1621
3386
1196
3201
2131
1775
526
3724
2752
1802
3162
162
2049
278
3584
1288
2653
3681
738
2552
3336
594
296
1675
2122
580
3659
3852
3890
1615
2849
956
3138
32
1894
2321
1239
767
138
670
2019
1337
3072
4714
414
533
1659
851
3041
3943
503
2291
1189
457
1655
2059
1178
86
32
844
1765
494
2611
1594
88
2911
1602
388
2286
1168
2633
3095
507
1815
3306
3332
625
2345
1844
3281
549
2870
3963
2066
1820
2524
205
1796
2073
1185
3114
1007
2122
708
224
1170
2248
1575
760
2381
2360
2699
385
1638
1031
1673
410
1740
1620
310
526
733
3107
168
855
60
1451
2092
868
3515
577
686
2485
376
1355
519
363
1679
1270
1561
3569
2076
1995
2304
1258
861
2490
600
3542
1486
380
801
1056
3099
172
395
3000
860
3394
3231
2299
4340
314
2423
2478
107
646
2677
1071
139
2199
2115
2993
974
1865
584
3773
2437
1618
2958
455
2796
534
942
1264
2593
1455
1757
427
1818
17
3524
774
2460
1405
2290
1230
672
2266
556
1897
3059
609
3924
2123
327
1313
2651
1839
2137
653
329
55
2935
2778
14
3068
2074
2635
2126
2918
1115
4405
3704
214
2954
62
3567
3703
326
1494
3864
1289
1365
3729
1259
2390
184
139
1294
1427
3006
1002
283
1347
1352
1337
827
3564
2048
2784
1695
621
1982
2359
1665
690
426
3954
545
237
4450
1175
2475
3881
1826
2179
1290
4825
562
791
263
1961
978
1568
557
3040
4105
2530
408
206
789
118
600
767
196
296
2557
1085
1697
3761
1680
4203
1384
1077
2039
167
1160
1336
2000
1028
1233
1121
1100
361
550
2483
804
1602
1683
3156
2576
130
560
923
2791
1993
1514
2734
102
1385
1715
3899
2100
493
635
2364
2356
2735
983
1360
2257
1537
3662
1008
705
3268
2439
2143
3310
3971
4353
444
1678
71
865
475
2336
1900
999
4559
1428
1470
373
191
753
2276
1175
4128
409
3196
1711
3841
78
2520
2109
697
3583
410
3056
70
3645
1558
3288
228
1447
2391
2109
128
3606
1478
279
3806
331
588
3932
1458
1894
1531
28
612
1244
2434
1764
3292
2633
940
1131
1763
1993
1465
1543
1911
1344
2984
2911
1831
297
554
174
1058
2069
197
4324
1067
2069
1356
1461
391
3160
51
1770
151
3415
2354
348
2499
2063
2624
469
205
2657
637
446
1616
1220
1472
1836
1248
1259
1478
1574
4402
2207
412
2919
2194
1267
1068
856
2204
2929
1474
2412
4080
2130
278
2015
217
1919
2342
142
3321
2485
2009
1839
2095
1604
544
2670
2151
882
2624
630
1824
65
402
4603
2999
517
1143
667
891
3585
1008
755
8
2339
1865
472
2281
1595
438
2656
20
565
1995
299
3280
796
3346
3313
144
905
1461
3377
2654
1069
694
537
2268
141
688
3765
939
342
2420
1150
541
379
3584
524
104
3310
276
1687
3028
3182
184
173
209
382
389
1459
1046
609
2543
586
621
1314
1033
508
2929
3957
894
817
994
565
1112
2568
2843
2771
3613
38
188
2267
439
2113
1299
1363
3626
1396
1564
3803
3016
1661
617
841
3217
1818
2525
895
2832
2995
2181
3374
2265
2268
3066
3008
1377
2207
1747
341
440
1055
27
842
874
3983
815
2533
515
3150
4019
228
1140
593
2803
13
684
722
751
2236
300
789
2380
1295
1192
1398
95
966
3786
1499
712
720
543
1171
1769
1361
3047
1716
3741
2947
321
3228
944
1759
592
647
785
744
2635
1128
1421
2624
504
1577
1331
2120
2687
355
2668
476
3578
1328
271
2184
2120
2592
2435
3473
4293
731
1085
214
2492
651
379
1102
1477
1387
2185
89
2910
1387
153
1988
413
3557
1276
539
1140
1384
76
467
436
3715
968
1471
3462
3269
3070
1624
1074
95
3571
1207
580
3108
1481
1092
79
1141
1783
3282
135
1659
3353
771
739
2358
131
3690
1381
1916
555
1538
4278
947
1444
295
355
2600
464
3916
1860
682
314
1517
2356
640
1023
2102
2794
2387
570
1368
1930
1598
15
2658
1295
269
1203
404
1899
1512
2529
2317
529
330
3224
40
3563
1083
742
3667
859
1283
952
2002
4807
1305
760
1510
1337
3795
1983
2048
1813
1995
1589
2235
1255
2445
2380
3519
686
1630
2416
490
1173
2051
494
149
2338
2558
74
1790
14
3489
1378
3230
311
1165
1030
1296
307
949
1652
425
4546
982
978
1554
667
2037
1675
789
972
51
1306
2490
143
1125
450
628
1660
431
3663
2208
2821
3878
471
2877
2357
1060
1099
427
1765
1962
2472
2890
53
127
2665
1471
2390
822
1176
4434
2389
625
581
898
998
2214
1186
75
4
189
2524
4137
3755
3093
3450
1197
3382
997
2613
2546
771
375
401
1961
460
4126
621
2601
1591
2962
3649
1384
1168
698
2544
630
351
545
1075
2147
1323
1553
1644
1651
395
930
3177
581
3365
463
326
902
1199
3174
1651
4704
942
2869
1562
3139
3252
397
2551
2564
2340
2800
3250
2354
627
2656
1206
2212
1734
788
1659
3857
948
1347
51
1870
2055
983
738
898
2679
1425
201
4661
805
1476
2389
3872
726
3601
3768
2946
3908
1828
2321
797
20
72
1800
3040
1065
1082
1461
1422
4427
2588
715
953
1865
3295
2429
2071
738
1845
376
2177
2255
293
3561
916
429
470
192
4583
3875
928
895
2221
2150
1796
721
2513
1157
985
566
1918
2205
1934
3373
1037
291
1513
543
1834
2262
635
688
1539
685
2768
2203
34
1920
1448
581
2927
3001
1378
802
3440
2058
1444
1215
488
3483
583
3393
3768
2374
3725
142
1845
2307
2136
1474
2259
1602
439
2433
4016
3498
1627
2793
979
2041
969
1334
1031
2910
925
611
1406
1048
4687
302
1112
3712
2853
2462
1011
1811
1526
4438
448
1556
3820
84
42
3671
1974
2463
1180
2614
4360
2360
1158
193
4068
1614
1210
2083
1483
768
486
3900
2982
753
3132
163
2370
1563
1274
420
641
2177
450
1328
2120
537
1614
457
2945
2303
1234
2031
3558
4844
2133
3325
10
1372
1701
2552
888
1013
4281
3454
1779
937
3508
439
1956
3646
1323
4100
1703
2499
416
2063
340
1875
4078
1185
4227
1996
2509
88
2336
393
3131
2793
1609
933
554
25
3724
1820
884
4057
3125
1527
2339
1183
1990
372
1638
1560
785
2859
296
1871
1494
2516
51
3671
709
341
1390
3667
1024
556
4087
1743
1522
87
2133
2125
3055
923
556
45
3982
821
585
1065
863
774
2068
206
96
2011
1292
2894
366
504
2354
873
3045
1337
2361
2359
1279
393
2348
1280
2204
3271
2466
1111
1091
791
2087
157
1308
3519
1754
3078
1505
1523
291
1837
2590
3434
212
1583
382
1351
2834
426
2033
69
2712
790
2338
679
4100
2384
1513
1465
3504
134
33
2829
1673
1239
2955
153
2544
310
2646
408
2327
3201
405
601
1022
465
1083
1888
3505
1143
2010
2325
988
1475
2838
2364
145
275
164
2656
1704
157
1056
2718
1437
1078
1608
687
4394
1530
20
1878
353
4063
200
1260
3331
3771
1078
367
4594
3543
1191
3636
4387
2508
3973
2462
3531
2756
1307
912
136
3068
3954
4370
1172
2881
3117
1926
492
7
945
3661
3692
1394
666
1159
521
2386
2209
326
1786
3439
2420
68
790
670
2233
175
1477
1068
426
1662
3715
3416
70
550
3876
3217
322
2322
966
1780
123
2516
519
214
974
2835
1233
134
732
2197
1074
1328
1713
266
621
1148
1343
2698
3296
2530
417
737
2927
12
1602
1174
393
3941
1717
2484
792
304
1308
1712
3394
2045
513
1711
2070
587
1852
187
586
3794
1013
698
2096
1543
207
1399
3926
2299
1302
3789
1085
2558
2375
3217
1700
990
2549
512
2008
603
3627
1455
2262
503
1661
1334
1809
1509
2348
220
519
527
1639
3380
2513
4557
1049
2409
1774
912
97
2868
1738
916
930
2011
1810
2073
179
3808
2851
2139
2203
1832
150
202
1198
198
836
158
397
483
1290
396
1192
13
701
844
927
1930
1376
2170
2658
517
3979
265
415
2184
2481
127
3234
944
1249
160
624
591
733
1379
156
1300
3851
252
2865
1018
519
3134
1209
3923
631
369
1699
1776
2968
3621
1066
3851
49
1158
344
524
1765
3612
2840
175
2668
438
1544
1271
2267
221
2429
2423
1332
1166
3772
2025
2571
63
3348
1678
4050
1685
333
1950
535
2299
1032
2297
2602
96
1625
673
2690
7
3826
603
556
163
11
503
1252
2016
2321
175
2742
481
1374
2008
1443
978
346
543
3374
1471
703
850
1383
1393
2771
279
2278
927
621
2202
587
3712
1209
2460
629
738
536
1844
1889
868
405
789
560
314
2644
3106
1417
926
1030
338
2485
30
108
1035
896
1291
2246
2
1733
4008
136
1174
1351
67
299
1042
1307
2299
2783
3384
2771
353
694
906
1269
1924
685
4219
1937
936
481
2796
2170
1346
3343
1653
231
1435
500
1155
1743
2439
2057
3540
2547
1011
4
2743
544
1343
385
52
1260
3041
2380
1254
1411
2540
188
278
1887
3494
649
249
949
1915
3290
577
2998
1538
1268
728
220
2543
4572
2337
2642
171
1999
1823
415
2456
1135
2007
935
158
3960
3069
239
589
32
906
879
3168
3019
1169
1486
1856
2193
2945
4356
341
1492
1647
1602
2511
579
3188
760
732
2983
2732
283
1333
851
2465
782
71
2499
1729
704
470
1689
1636
1855
715
148
684
898
901
2147
2070
157
3599
10
1454
891
2641
1078
1579
2989
1460
683
234
588
1497
1245
612
567
1721
1672
1302
2495
2101
4678
754
362
291
2300
1436
1735
796
1924
1213
3672
3361
1730
2562
219
93
4300
4556
100
3194
2081
2280
1069
2019
662
3256
1620
112
359
4067
203
1010
853
4082
903
710
1473
94
1196
3055
4925
1324
1798
3240
3781
2265
2696
4247
3456
3157
1673
290
681
1041
1834
106
758
2253
2263
1348
1058
3513
3150
2800
3622
573
3458
1862
864
1984
483
2237
2236
3064
4540
618
896
2180
1076
293
861
42
368
1950
684
2707
427
1687
1569
819
1011
2350
1525
127
2578
2867
2857
310
678
3254
2912
2130
1028
2136
471
1088
3965
2616
3314
2233
1663
477
125
3171
4221
1684
1233
432
86
284
1823
3728
3824
1336
558
1017
1498
279
574
1754
3382
1150
2601
1806
1671
1832
1032
241
2350
2666
4077
957
3460
2595
245
2619
657
1312
2719
251
2380
197
2258
127
3683
2937
879
937
1697
1076
2777
3197
2208
402
2950
1333
3042
670
171
4190
2861
579
391
2374
1749
2030
4418
2886
503
3272
2363
4668
2262
1378
2301
589
943
767
3426
1775
2855
1721
2370
3168
674
646
2340
1704
1299
1320
10
409
718
3334
1713
727
1046
2225
3661
191
1533
732
2147
2588
451
590
1525
4237
4367
2964
1304
879
3376
844
184
187
1340
397
2834
3206
2061
1367
4151
116
1383
3313
783
3117
614
1710
564
907
67
1741
3341
54
2908
741
339
1634
3570
520
3493
80
701
1692
1858
815
930
2808
3186
1734
2013
131
1576
6
2279
1632
3542
943
1360
4499
1859
1160
198
466
4284
688
3083
478
1741
2510
3401
1508
3632
129
2437
552
2140
226
909
395
730
1421
3233
2399
4203
311
2731
1045
527
1757
1523
3353
256
490
2782
73
2282
242
2872
205
2146
1944
4065
2924
1778
2172
1977
1758
1173
1554
318
1921
3240
844
204
863
303
895
418
951
1019
3513
3276
1046
513
2014
611
490
1695
1000
4022
1152
2417
2060
2593
1233
3839
1541
731
1849
3139
2782
237
1341
1110
1510
942
43
1271
614
1283
1131
2319
2916
2841
503
1718
3038
852
2407
3452
153
153
352
1032
3263
1510
1613
978
1400
3727
643
3530
1900
3111
1812
3503
284
3161
213
1309
1099
936
472
4286
1530
4173
1613
1775
2184
1797
1700
637
1494
652
2517
945
3154
2749
1399
2424
3236
289
718
108
3519
2383
430
2302
755
3798
1482
734
88
2640
2794
2732
1158
3433
1190
453
1963
692
22
3282
1517
883
1740
2351
103
3498
296
573
212
57
2623
3898
627
4146
1512
2800
2309
1137
3147
1735
1877
587
511
4815
1435
200
2160
2102
3812
39
3140
658
3234
1378
1388
307
371
2788
671
2906
389
1243
4257
948
2316
1462
1419
258
3005
1099
254
1226
469
4055
1257
1735
566
229
3155
2432
1324
824
2011
2388
593
1456
733
1165
436
1242
4352
906
1879
789
3235
126
672
3540
484
3177
2894
1739
1051
1410
2073
771
1321
2243
201
2802
1811
1884
1334
1148
83
1728
550
673
954
1085
2694
796
283
2965
453
1492
306
823
2380
539
424
3814
477
260
38
42
2361
1300
46
138
3396
3255
4339
164
2101
4275
3514
648
89
3378
1167
58
1839
1274
2520
609
505
1953
2968
947
936
3770
702
1823
1872
1521
1353
1221
90
624
1181
184
1700
1015
2026
1821
692
532
1351
882
172
99
1213
1984
427
2101
2047
821
1698
170
1344
1619
3159
2271
1619
2594
797
1484
3259
1071
2937
2483
1822
2026
1257
4504
335
1233
2912
4158
659
2399
212
974
1742
1987
424
1005
306
301
1016
891
1011
2833
725
2892
2640
399
833
2721
1267
2822
401
3136
1011
1926
1146
349
28
895
3154
513
3838
576
1492
1587
2318
1008
1959
2423
1242
583
1252
80
3347
544
461
1123
453
951
2467
3166
1830
1304
3122
3654
2526
2461
1938
2462
1495
208
2088
855
617
1662
593
2227
1266
326
2303
4304
1108
2151
2172
711
1881
1072
2273
724
1595
1848
1148
2046
1142
888
660
547
1391
3351
948
472
2289
3397
20
2210
3145
205
657
2415
567
1619
1911
1661
1565
1110
1560
1587
1214
1291
94
3681
192
223
2190
410
747
1523
2396
2899
3922
2230
1745
3336
1168
1429
1092
1556
1818
1693
2372
1504
755
1226
211
1532
1767
2092
1411
163
243
3118
120
2434
1551
95
3714
2382
852
982
3218
1150
509
3189
1712
1442
3757
1450
1784
1604
1461
48
4002
958
796
2405
3026
778
3570
2210
492
2284
868
962
1695
1014
1589
824
661
3726
616
716
499
840
437
4189
1639
981
376
1582
2774
3895
2602
1351
2715
3467
2105
1900
2914
26
1669
591
1135
1100
3241
2033
754
1430
107
1236
355
457
3754
3587
282
219
1493
332
788
3459
1545
2899
1462
3695
2745
1055
1698
333
1042
482
3843
1269
2185
2030
1353
1697
3584
2929
2491
2264
3094
1822
457
2668
340
2637
152
546
1780
531
856
1153
1085
4036
250
877
4823
1899
2458
686
1928
2068
1283
2081
582
2140
3099
2814
1651
3766
23
1025
3032
3120
110
2058
87
2475
3157
8
2437
1322
985
761
1867
691
1090
285
925
1282
1349
440
324
705
367
3012
1767
2268
3969
1723
2054
2316
545
390
3574
1845
1634
2925
2630
251
401
3009
312
1958
2974
1577
515
1538
2457
2541
1523
1063
3307
696
164
1649
2474
1766
1213
2065
1138
3608
1186
1338
1949
3181
1621
1080
2586
616
385
532
1812
2066
517
1914
3358
40
648
2002
3313
1443
2653
2649
145
589
640
2052
133
1060
2062
2124
3410
1027
325
2499
1595
449
1617
2304
609
1411
2089
1561
473
1778
1103
735
1587
1616
1240
522
238
365
2501
3853
1565
2498
1278
4493
2947
3679
3400
3234
2384
248
77
1896
3114
4571
1622
849
3372
1115
3790
781
2289
1647
2264
316
717
264
1593
2273
396
701
2025
2350
346
243
3546
2151
763
149
895
2022
2649
2710
4302
2198
1372
1068
1222
4243
709
404
1012
1886
1778
268
569
784
390
1139
2543
492
1180
924
98
1937
2255
1053
816
729
239
578
123
2293
1032
1370
1932
93
1589
741
2342
2987
850
1046
1024
464
724
289
2510
565
1775
1390
3646
3725
2054
621
3444
349
94
1087
3479
834
3832
473
4080
1407
759
1225
3031
516
168
213
650
1303
2016
1181
2737
2769
3247
2970
2958
176
1248
1956
1899
2364
4018
2248
1058
40
1757
1005
360
884
2487
376
1496
340
2178
1507
803
1973
550
329
1302
216
1440
3488
1293
1104
961
3552
3435
3173
1089
3428
193
584
2708
3899
2141
1324
1291
4521
3983
1827
1110
3377
2251
2173
551
2240
2733
421
375
647
2282
183
2040
34
415
4048
1890
1138
677
2516
2355
450
1091
1114
1739
51
2683
2336
2036
2796
2887
1941
1680
2513
773
1713
2232
1262
406
1310
221
4230
4751
2244
578
572
574
609
3465
46
572
2094
176
1427
489
3214
1354
2755
2381
1041
563
187
1359
2365
2505
172
2094
1093
1123
1670
667
14
1230
2613
935
781
521
738
4161
146
1744
376
2046
2136
1750
2700
796
3658
3829
2174
3994
1479
501
2316
1836
607
2081
2329
996
865
1962
1514
1483
3835
1134
464
692
74
118
68
2605
3906
1018
3399
150
489
2747
1617
1694
1523
896
54
2423
784
1533
3437
1920
514
34
890
1952
2294
928
981
270
1936
1622
750
347
1740
348
1771
3393
1342
288
4016
3183
1161
3469
943
3232
188
1730
3906
1492
2665
1954
563
239
4167
2882
2166
228
540
2925
516
12
347
1942
3951
2920
4346
4474
2108
1410
1729
2235
1744
2165
2981
2969
3094
2969
3395
4473
696
2122
875
468
612
513
987
3416
2082
1062
2806
698
1113
991
1497
3086
3640
3390
707
134
688
1918
2485
1503
3188
2269
1172
3080
1777
943
1094
4244
1041
3512
1019
298
2411
548
4234
1441
3861
910
249
1495
1818
91
1502
268
57
510
474
2067
1166
2619
1744
1013
2848
3214
7
1533
82
2758
1560
3016
3217
1811
1363
4394
2879
588
2794
358
507
259
2919
2374
1056
1713
2287
426
823
676
2133
1764
902
3044
894
2080
770
2472
2742
2263
414
1885
166
17
262
1779
1897
2842
722
3364
2057
2640
2538
1039
2036
854
789
3145
4273
2257
5000
559
1354
1794
1269
997
2277
1873
1254
1643
1933
3580
1107
1188
2637
195
777
1826
1063
4454
120
2696
3231
1503
2855
2263
1465
1213
1397
1934
14
1239
4394
1735
529
33
3443
3644
1537
1655
975
248
3235
2098
809
499
2289
2037
2798
1075
839
1499
3749
2372
1748
558
506
180
34
1647
776
201
2105
2764
3720
2372
185
32
2713
432
96
1506
2626
62
1196
847
3555
361
365
2539
714
2680
689
2835
3336
409
669
2841
318
2969
240
117
1243
2653
1129
776
3322
1599
2510
723
2210
328
112
2503
935
158
1299
3470
200
3704
88
2421
905
2253
1912
1911
97
3365
550
200
3515
453
118
2262
1796
246
3435
551
846
884
215
99
336
1912
1643
2301
1919
1454
252
1138
637
1067
1023
1315
2824
1351
995
2920
2000
1051
78
1140
262
1814
3964
3030
1112
266
220
1004
1288
532
2412
1773
3908
1170
2454
4075
921
1803
1442
1176
2799
2005
566
2435
2145
1693
393
1677
30
1063
1530
884
819
426
979
1037
678
607
678
613
1277
167
356
529
628
2518
3555
2004
745
4365
836
2283
222
2821
440
3888
159
1085
1369
1068
1478
1942
2083
1580
564
154
260
689
3037
877
2632
4093
1757
1909
3454
1475
3045
1160
1532
3566
2184
2324
1633
2298
1580
1981
758
3543
805
3667
622
444
755
3109
994
2255
1026
1548
2038
979
2243
1199
2162
2855
311
158
1744
3461
3708
1606
1659
1578
302
3070
80
1698
1184
1041
330
3204
4160
1210
2184
469
2095
2031
2561
2059
166
3102
1349
3021
485
3375
769
3183
684
3623
1213
756
286
1752
2526
3965
1688
1125
60
2879
1247
1841
1605
148
977
930
2915
1605
4238
351
211
978
2466
1249
3048
1747
227
43
30
1783
2010
2335
1809
608
19
654
1999
1010
3325
1841
343
1399
521
2321
1598
3714
435
2165
4610
2165
4262
1942
4557
164
1411
2258
859
2573
2375
1262
31
1489
890
117
277
1537
2105
2295
895
343
3
977
169
3416
175
1171
2046
37
2631
2525
4227
1110
1459
2515
1753
1867
3408
691
1709
641
3337
1145
200
2387
1523
489
1750
4075
4306
1422
3171
2261
1985
1440
381
1622
1155
37
2117
2387
3299
2985
1090
3248
3405
129
275
2769
740
1695
1615
2130
813
2547
1200
1890
2720
807
2295
1981
966
1032
2224
1829
763
3003
3360
2278
2146
1914
1541
3934
1395
2705
4597
1010
1022
3913
1441
2573
3010
1649
4449
422
912
120
1357
3354
698
3931
2610
3106
252
432
224
884
1208
566
10
1632
2421
2469
1120
785
1306
180
1018
348
266
665
4057
652
933
2575
2862
2096
2756
101
4467
1070
52
683
137
3223
272
1610
171
4507
1591
825
1430
2233
2354
380
445
1841
429
4040
720
403
528
202
362
3009
2343
173
1776
617
330
9
1401
1757
1296
530
1937
3862
2397
3483
1179
311
2044
2372
2923
478
1249
442
3091
692
133
1891
1388
2112
3623
1186
2382
179
693
2011
1359
1181
521
873
478
542
352
2699
2816
1907
1206
1873
2705
105
166
1750
2324
2724
2807
1430
1583
1114
909
194
1946
2785
2238
2128
3038
962
407
1426
1446
729
57
483
1158
195
414
1331
374
878
2514
526
3344
1481
341
1690
2989
4427
483
1073
1029
1795
512
165
378
3628
3665
360
1483
2917
555
2202
2235
182
1965
66
581
3028
885
687
1365
1771
1575
2321
622
1729
4559
2775
2750
1228
1790
3351
1486
1271
2080
1303
2735
1832
2271
2055
1861
448
201
1587
2757
310
1228
419
4033
3474
547
2912
748
1953
1046
1848
2267
2706
195
3483
1239
1842
1929
1838
26
602
3265
1206
2164
2537
1018
3845
739
1319
3656
786
2114
152
2781
2656
1087
1543
2049
355
49
889
1536
1153
2279
539
1179
2581
1462
1643
2849
3450
54
272
388
140
2593
3092
916
1077
989
4235
2391
1961
2777
949
2513
1536
554
1195
1490
364
73
140
4792
3614
1009
864
2288
2794
731
2319
2993
3846
195
3665
877
2639
3024
2530
1873
1485
636
389
355
370
1101
4193
1174
2383
3905
788
2719
149
1597
4120
714
1725
997
1367
1299
4185
1240
957
1400
3112
2629
463
547
1866
1815
387
462
1409
4105
3363
806
1104
3102
649
2832
1953
91
3105
1813
1881
1236
1584
2659
3201
3475
1463
1415
1353
837
18
1626
509
1415
3342
465
2166
1676
1895
832
514
2387
1663
2631
1721
3441
332
3702
149
2586
1440
2255
3163
2688
1023
1612
169
3788
1055
1526
3514
1967
516
2053
4569
2196
1474
2671
102
432
1985
2554
4602
2314
216
1793
1746
2167
1073
1155
1138
840
1711
2166
2355
1899
3438
2102
1985
1089
60
4492
1021
1682
407
2343
3435
2919
468
2012
766
757
2711
843
116
488
1122
108
3086
2866
970
347
1145
3620
1093
2485
1874
2869
1233
2925
3306
691
1749
1480
312
3156
1035
942
186
3424
273
1558
2258
394
432
2758
4106
2899
310
2226
1819
478
139
3546
3805
648
366
2145
1942
4523
1310
1388
155
1446
2366
1908
2271
2249
1953
63
2823
1980
2047
4562
3333
1162
776
130
3562
938
3198
127
1378
1174
3307
158
3386
3231
13
2890
2086
1186
1108
1764
755
1924
44
446
2317
2080
1736
1821
178
1049
3432
874
4538
2996
978
1821
1801
2562
937
481
3090
2582
3615
892
1909
142
77
941
4111
4676
646
1029
2390
174
118
2071
999
1917
589
4555
947
2247
598
1217
2280
644
3865
4060
2670
4156
2810
427
2725
1727
741
1604
417
657
765
361
2136
439
4157
3730
4188
504
2163
1299
1963
847
2483
808
925
180
2022
3054
1234
1947
543
2085
1237
652
2460
3426
433
1421
1002
3045
798
1022
381
4510
1281
2387
1227
876
3957
4302
1183
2947
1247
3021
2071
2097
239
3708
2489
409
2198
4186
1834
470
281
1201
1261
1738
308
2891
223
7
1457
435
1946
601
924
2290
2406
533
1195
433
1357
3782
3706
2538
69
2726
1662
1142
30
994
1185
3005
2014
525
924
2829
1075
2492
1976
574
873
1058
2569
403
1874
2728
2681
2252
1583
3373
2511
1839
2353
796
4035
236
4192
3423
1371
3864
1456
3530
2792
1098
1393
1530
2335
1011
564
43
171
225
584
3750
1666
1733
2584
2329
1907
3608
89
210
1698
1713
1053
315
1502
2359
3193
827
1746
3125
948
1712
3711
3158
2474
526
412
908
726
3716
583
1683
416
2233
965
1790
508
280
2952
2685
2092
13
56
1456
2296
1308
1373
734
967
1848
3389
3218
1969
3294
45
4153
3029
1365
2470
3319
312
707
1715
2671
1887
471
2200
2304
1958
2598
3364
456
3220
1269
1527
4137
1112
3597
3095
3620
1720
912
593
20
1861
2583
600
247
692
2145
2821
554
890
2441
1101
2353
3396
3745
4279
290
573
3151
2796
312
900
232
1601
2640
960
638
2307
856
2585
2788
395
3467
243
1589
2136
1120
712
718
3192
1563
62
2280
3800
2525
3452
980
545
131
2437
1661
503
613
504
1013
2015
387
1272
1882
3202
2174
25
1850
3667
634
2062
2189
4412
341
3125
3793
1802
1884
1535
3898
2312
3592
1721
3253
761
2788
1444
711
4599
1010
112
2318
3066
74
326
1534
2435
2894
104
419
486
318
1437
319
2815
1437
1907
326
2591
2013
4647
1158
88
2320
892
3666
1482
2286
4504
2260
1956
2444
4396
3107
3169
2401
1002
342
999
881
2656
1840
1238
1850
3873
2957
1507
987
2035
1572
2700
1917
781
1670
2048
2580
547
3180
1472
585
3557
2536
683
1170
4318
2503
1892
793
674
1965
3968
849
468
244
1358
3115
1592
2368
3585
597
321
1837
714
815
1236
527
520
1156
1623
1909
2166
1281
549
3055
1653
1324
3271
1483
4134
1574
2947
293
29
1143
1554
1325
1733
2587
737
4516
1080
1814
897
1679
1618
1279
357
2254
104
3557
2296
299
1340
1319
855
2296
1024
1352
1155
580
2557
569
1745
3670
2752
277
3108
458
723
187
2491
618
2395
2496
473
808
278
4757
1650
1062
530
1137
4315
1108
603
664
3944
696
1256
1730
3298
4254
3679
1961
1368
2748
1688
935
1245
721
1276
1201
2597
2889
3014
2012
1709
2337
694
1408
256
1480
1087
3
224
111
2059
1688
3569
965
1200
777
358
1005
3648
2331
12
2209
976
1401
2793
1441
522
2768
792
3713
2142
3027
3439
44
2915
2180
3494
967
3796
1123
550
2377
935
2935
2003
739
2674
1677
219
1649
2203
2968
2239
591
3323
1299
3360
2279
3630
2182
171
94
960
2838
574
2063
539
1625
511
455
971
3812
513
2028
4086
4083
1866
166
35
741
17
2815
594
620
3990
1295
1985
654
2619
10
694
718
1682
1591
3
385
1716
333
2481
617
1672
4226
622
3095
198
280
1667
2583
2000
3663
3400
3432
312
2894
1231
80
505
1983
770
2187
1052
1714
53
2937
844
2283
2724
2658
3968
398
507
705
3664
3794
4157
1255
2367
1643
2000
1750
3243
3481
3410
508
735
2073
2890
374
2109
968
680
518
1169
500
127
3226
2792
950
24
2662
3221
3158
964
721
4136
276
2995
13
340
855
348
1939
2776
1874
3449
732
2097
252
648
87
2514
218
1114
2823
140
785
3111
1924
108
1843
242
565
937
133
1079
2956
1192
157
1680
62
3150
433
3187
2285
1994
1279
835
743
2697
3209
78
3005
102
694
3024
1222
2886
826
668
633
952
2958
120
1700
537
1452
2159
728
1743
1511
129
2488
2209
1468
3919
466
1371
1172
709
542
4141
3896
130
2765
987
2848
1327
1107
1536
899
1525
1634
939
4366
712
715
1211
3454
1861
1815
349
2652
3016
2915
646
697
85
1410
3067
2055
1124
2709
330
512
3044
1306
384
971
282
593
921
458
2736
432
43
2344
2256
384
2254
4158
590
2151
716
2894
2260
1583
1910
3107
2341
2816
3869
4679
3627
1155
1022
1952
1105
3103
1749
859
210
184
2179
2730
309
480
297
1680
374
1496
2465
260
2179
2563
1439
2833
2147
1976
209
3710
2241
4065
2312
1279
3323
2211
3653
1103
1377
981
1797
641
943
850
4290
2892
659
4185
636
342
1009
1647
570
639
3386
4747
1339
2113
1063
1327
552
1925
459
1502
2700
61
292
2354
1601
1254
2642
561
425
3073
2425
804
876
1931
2658
854
3916
174
1663
143
421
3072
1019
870
1350
1782
4218
494
4038
1892
2551
554
1585
1909
742
270
1637
3537
3188
1965
841
137
3026
3318
360
1948
1287
959
397
426
1380
563
844
34
2200
31
3124
2831
337
2865
3027
1118
740
1879
807
807
90
468
903
455
2551
1940
2075
2410
2678
1972
358
3534
398
430
1666
98
1731
313
247
941
55
407
1938
110
3125
3659
945
60
1099
2139
657
2162
3335
16
384
156
810
3840
808
1216
1655
315
1104
1495
726
3196
566
3580
3472
3348
1110
1598
3365
431
3211
1935
3354
3450
1277
469
1790
1606
257
1316
1539
4230
601
12
1179
1530
554
1239
633
708
3762
2836
447
2693
251
1979
2878
191
474
2781
1685
347
812
1933
3566
1184
634
2754
2400
2122
3568
137
2661
3660
333
3463
1817
2477
2347
830
236
708
1585
619
3473
2569
1000
1387
429
1967
427
1150
582
2779
957
667
2510
802
2033
497
2519
554
1872
2678
866
1142
307
1595
3726
4195
720
1649
842
2564
1553
2502
387
443
986
325
2948
759
2403
1614
335
3482
1631
543
2139
3322
209
867
900
3334
3257
2397
1788
856
3789
3429
4374
2175
1392
490
3417
1982
2477
4018
2936
2923
4051
3629
888
3385
2475
1266
1715
1094
1775
2686
935
1836
2397
1504
1722
1777
2506
212
371
362
905
3658
1314
831
2865
567
536
1605
2185
1826
1456
2949
2264
1377
2367
3905
4168
766
902
5
113
904
656
3689
4708
2127
3019
1976
834
976
52
137
321
1670
1104
2504
717
2846
1821
1387
1428
700
500
2397
2016
194
3248
3165
1289
1192
3416
1183
783
1039
3653
2310
133
59
1084
3414
175
34
2846
2290
389
1247
3104
496
1353
700
3746
798
4250
3010
1069
221
1522
509
2377
2383
2168
3536
2224
1683
818
1653
319
271
2923
753
1114
1640
996
1178
1943
915
1669
347
1295
94
156
583
1419
491
1982
1241
3080
1255
4270
1765
821
2841
486
1869
1638
4059
2179
2182
978
3481
398
1336
2840
2812
2392
746
709
2923
51
3233
3333
1719
321
496
979
1105
3309
1778
3370
1693
1105
119
2903
3339
2525
2688
3622
2087
3042
167
4073
2308
885
600
1937
796
4021
1073
992
1797
2233
337
755
2019
1167
1299
2349
1162
389
10
705
65
3412
4049
825
1186
78
1307
2492
1989
4195
576
252
1950
1306
793
1882
1784
1656
1564
2956
202
1256
1566
1970
1826
517
1343
2513
2917
775
2878
992
2418
2392
3413
2714
1177
510
2398
4087
293
2215
612
3492
1648
3787
661
1801
504
4068
961
335
1307
644
1409
1599
2517
118
330
1651
855
738
504
20
3152
2334
700
564
956
1634
1369
165
447
16
290
3400
662
771
525
3199
538
1795
4123
468
1958
742
3523
3235
532
963
1025
2668
3609
1531
2843
2954
1321
1523
3686
1974
416
4052
1975
2254
2319
641
1200
2002
1693
3439
509
205
2278
3531
678
2617
1584
1111
3501
3531
1852
1058
2598
625
2171
1054
3538
574
343
1571
109
2801
402
880
2288
1666
88
1639
2136
889
3251
3404
4525
2698
626
2931
2670
4260
1762
253
619
1901
1018
1729
2181
626
3123
1842
591
3577
203
1418
1681
1057
613
1594
1883
1601
3446
1473
1259
4260
1940
1279
656
3933
3637
844
1005
1482
1751
723
957
2951
2669
123
3844
1113
973
439
1809
3155
654
2704
2932
688
2722
2313
102
242
4537
187
1572
2044
2655
770
2719
804
1254
2520
2081
1668
994
925
205
720
1169
188
1180
1133
1000
966
2477
1107
2490
931
2601
358
936
153
3376
3011
1011
609
350
266
26
1837
1059
3844
1769
3259
2854
1792
2662
168
1424
2203
1923
2969
1005
726
1300
2178
3171
584
466
3518
1336
13
817
735
2649
202
39
2215
1835
594
1648
2007
4685
67
22
120
781
2138
603
2113
2133
4023
153
300
3459
772
485
1619
3418
625
326
1069
1847
1166
3301
3594
1025
833
2533
1313
4424
4311
3409
1384
3377
595
2680
5
1412
100
2771
2029
3474
2285
41
326
2100
2475
29
1434
1134
1036
1173
628
3190
1025
484
2393
3156
2051
2236
298
112
1067
818
1306
3046
1030
1972
3942
965
2119
3012
1566
2009
2833
1864
1210
391
365
3019
3507
2317
3595
2908
2912
1209
677
739
4328
3334
2342
1711
1937
780
3295
2242
3316
1720
685
1701
695
788
181
1875
2956
615
2207
1260
626
174
1956
666
2030
945
1896
3045
2837
119
2761
466
2292
3605
3899
1067
3792
2633
3711
3700
831
2763
1081
1171
933
2580
3755
3937
916
1227
397
966
1935
358
219
1944
3901
672
540
2869
966
4312
2264
2769
941
2871
955
2787
1839
2154
1877
3437
397
178
142
2929
1050
2164
238
2644
1426
1714
103
241
1457
150
92
484
121
1969
97
1702
138
780
3449
1767
1591
3
2009
2397
2350
1695
519
2400
1180
796
1868
108
1547
284
821
1129
1324
1564
222
13
4401
2780
1904
1519
1625
1132
952
114
419
1180
1044
114
7
452
2360
2246
673
3523
2699
1231
521
1416
61
86
577
794
816
3714
2708
1116
2311
1400
1573
1509
625
4060
492
302
1047
3637
3046
4626
679
1349
80
1635
2188
2139
3518
2597
1978
61
1142
2618
387
237
3901
415
4591
1141
480
48
2254
4153
2203
2114
681
2611
4146
181
768
2041
691
1169
2790
3191
364
3141
318
301
2816
3416
3960
170
2673
1960
1478
3265
2123
4050
3814
3421
1515
3765
4457
2254
1965
671
589
476
3574
3041
1037
2796
1112
791
3123
1165
2620
18
513
163
247
444
2970
279
1281
1440
3152
1491
248
1466
3124
88
463
1928
1154
1172
136
2896
4070
1009
1660
207
1106
2756
2488
1316
161
445
4144
646
745
2903
150
2938
77
493
4030
37
2477
924
3987
287
1691
521
1929
1974
519
1863
2737
3230
746
1084
1633
572
845
1798
540
36
1652
1160
871
4108
1622
1935
2342
3037
293
1386
1041
4250
3517
774
1513
25
281
2300
967
1794
1558
476
676
2588
1696
2832
1265
1087
2043
1583
1985
820
4327
1242
4483
2177
4526
1148
3217
1820
1384
2662
2017
513
339
385
2322
988
4411
3661
1704
575
2028
1902
3528
1615
3231
1262
1993
1245
272
956
3828
550
2635
507
2549
15
68
3085
3197
2516
487
993
2048
911
338
3016
2015
214
286
2345
1568
2591
1145
2780
1721
2960
234
1717
4244
3806
549
2885
2597
3009
85
2086
2374
1123
2933
1201
2331
1078
3174
637
960
2963
1943
307
3301
3930
1382
4041
1296
279
3345
2167
747
3180
1204
342
2082
3467
2197
169
3038
1115
2854
2407
2503
3948
2251
1143
1750
1418
1399
223
2667
1915
2688
1027
277
2289
1204
4551
1582
2640
312
3898
2049
970
1828
3148
1247
1480
1420
2160
33
2067
4306
3631
2097
391
2898
1202
1431
215
459
1022
2991
1829
58
2047
3817
3465
1594
153
2984
881
416
2431
7
3266
552
3705
2137
2122
146
2855
828
1795
1584
793
225
4079
1318
1328
1513
235
1763
2267
2885
517
2252
1192
580
2901
2783
360
1709
938
3423
3501
301
1996
762
1387
2320
1840
1957
3365
3082
355
3720
1824
827
91
840
759
804
1495
580
190
612
1685
2576
812
1368
1965
1679
607
2243
4128
427
1852
1960
830
1780
528
3327
3133
973
1636
2517
925
4441
950
443
141
1199
2519
42
945
1129
3206
1085
2505
934
917
1697
1807
2640
1303
2526
1067
3237
1411
369
438
1372
2800
1683
2435
820
1526
1535
2399
1628
1590
1425
2868
1245
896
3858
790
274
3624
480
2289
1207
1506
2514
2674
3378
4008
3018
2095
748
1508
25
977
1931
1202
785
1032
1169
3300
1150
136
974
2530
1898
1592
879
2014
480
3316
4126
681
3492
151
36
1681
101
2774
3061
3539
4358
1261
3285
1833
1154
2005
217
103
3837
2417
2215
2069
3447
276
1404
1838
3665
1634
1147
4453
786
4241
990
2261
3512
96
901
2847
1266
1913
376
3013
451
783
3223
1789
1563
329
801
1418
1463
1019
915
127
1052
2867
87
2588
27
131
185
3566
1827
2943
4637
1142
25
1644
546
2731
2382
640
229
1966
1962
1632
2003
4413
251
2127
945
4339
2955
3934
584
115
899
344
1663
363
2926
4540
1158
2764
3599
1170
2172
2024
3393
508
1204
3760
343
616
1234
518
2422
2967
2100
2802
4087
2372
3342
2702
105
1201
1130
2425
785
3479
2426
979
2370
3415
1682
876
3974
1320
1159
311
937
1844
3250
1566
1577
696
2144
3007
3425
2177
3009
157
1296
81
85
1546
1873
1811
2413
4219
571
56
733
3902
624
1496
124
132
3160
210
1927
1208
142
1104
3775
3078
1570
370
3581
2499
2894
1222
1216
517
489
158
48
1331
2418
1991
356
150
2320
1609
1228
884
3363
456
3978
2012
1899
1333
1432
351
2335
931
1636
593
444
323
468
2601
617
552
2599
437
2580
2679
497
3526
2948
1996
2643
436
524
443
2193
92
3462
895
1163
364
512
2394
2435
2133
3304
552
992
598
1140
2933
2609
666
581
372
3646
36
1602
241
4262
1689
2295
2436
3092
3267
2489
531
568
191
1880
1283
2688
2355
123
1324
715
1603
2465
2506
774
2519
633
4356
3034
179
1968
1292
384
4974
500
2414
3799
3741
1764
2950
305
599
1969
319
1056
266
3291
1666
45
1751
461
1402
1993
3804
1353
3170
110
4557
1503
1442
1000
1397
3152
493
2158
1954
3189
3118
550
543
3852
4047
2376
1065
827
1846
2766
1976
1228
3185
574
2263
75
3289
2685
4124
23
4075
767
3860
3815
434
1047
2816
171
1602
2481
4189
564
2346
354
1667
991
1210
2538
1836
3175
988
476
966
2651
1718
1796
1320
782
925
1207
230
1709
3402
4716
1984
781
345
1507
225
1007
3356
321
2940
4254
2185
3404
773
319
4411
1758
1653
2385
2718
3046
1355
1453
4269
2364
2187
3168
1909
1157
1527
1486
4123
4707
411
54
2408
3999
783
3856
809
2234
909
2137
787
1010
2418
1259
945
2033
2739
476
3552
2147
1615
87
1357
529
1975
578
1551
4288
1557
2142
45
2420
1113
1874
1336
1856
919
2452
1503
2490
2278
752
3270
2359
800
1147
966
760
463
2037
1454
704
2089
828
1507
1678
1096
2967
886
2095
4615
1492
662
2329
213
1372
3789
3971
994
1553
4560
900
2834
3263
1956
1894
1993
760
157
846
151
2524
391
2083
3545
2356
319
92
2827
1400
2102
340
1580
155
231
2812
537
711
1650
3274
109
3371
3619
2728
602
4630
2879
2702
1703
140
3713
665
2282
3266
738
2823
391
1512
1661
3417
971
4668
1498
3423
686
795
1495
550
420
856
1031
191
1437
1393
1809
2090
3318
2457
1740
1901
870
576
1872
749
827
2615
2706
960
256
219
1043
525
978
2794
3732
2215
1580
1761
76
627
98
635
508
766
1666
1822
845
2588
454
190
2409
2385
220
1889
672
3262
2031
2567
547
2092
1291
2995
3777
371
962
1529
3335
1357
332
4498
3334
3633
3847
4465
1014
167
273
1904
1112
2178
912
153
1407
1494
4191
618
1945
2350
654
3108
1290
4680
2615
976
1040
1341
971
1150
153
140
3415
2672
4487
317
2957
1548
1186
2858
207
2959
795
3039
1161
50
1253
1845
1496
904
101
554
2591
1375
321
2178
1639
1606
1230
1043
3317
279
432
1296
1135
1768
1045
71
551
1110
2033
2063
3755
1466
120
1836
4391
500
168
2538
1616
101
3701
662
999
125
726
4002
483
2551
2965
2737
1563
525
3520
4232
1477
3005
3326
564
2557
461
559
1152
2793
1927
2073
218
2524
576
507
2765
995
3915
329
351
3795
302
2812
2515
1523
2133
2903
664
1584
3434
256
2219
2202
49
2126
562
955
1518
2877
2022
4452
802
1885
224
1184
123
116
3073
255
130
136
1198
4348
1383
2320
703
3145
1765
382
748
1625
2636
3922
760
4
1349
1075
4550
2034
2686
2255
1653
786
149
149
1573
1438
3566
2595
2331
132
1209
2541
360
1382
211
2561
3592
2857
1739
189
260
2675
4279
524
2818
50
1342
2025
3358
804
1509
489
592
1715
361
2902
1532
2843
1394
2770
1362
1592
1067
2159
707
543
3476
3725
1976
2876
1591
34
1097
3145
436
935
3102
257
607
3158
1007
310
612
2464
1023
688
3813
3309
3183
983
1455
1302
3599
1544
552
2023
1090
269
1958
1007
45
271
2519
373
1189
3775
28
1144
3411
778
2912
381
855
46
1437
3115
2484
4552
2451
2974
1366
274
2177
2809
1812
2594
3542
3710
772
2382
2131
2045
1844
25
206
2595
2369
1485
1798
1395
2024
3190
4227
957
3864
1653
618
441
668
2554
1834
1826
1056
2974
830
2836
2258
711
3621
817
1027
2342
1055
1628
294
1774
3242
4086
2382
1317
45
171
1074
730
26
3904
180
2017
2802
2880
1641
157
2457
727
737
1573
471
4745
3465
3824
509
1358
2575
1226
976
3803
1015
675
836
583
960
3926
31
1954
938
551
1469
246
67
834
2847
2863
1870
1893
3734
1019
1011
563
1716
61
2056
1198
599
2416
961
117
2303
3626
226
1310
2714
2182
159
103
81
3699
1606
199
1419
2556
3283
2947
828
464
2071
294
997
1125
2590
878
112
2594
2808
879
732
2990
2540
292
275
713
1382
1158
521
409
306
764
2124
132
433
836
1506
2581
819
1081
92
523
170
796
1206
893
1992
668
4326
619
44
2733
3138
2045
2255
1350
1107
1880
1673
1106
550
321
4184
1196
933
1182
1218
2398
79
1346
1112
3945
653
183
362
1134
1929
2503
638
401
1608
3742
270
1187
2006
703
1005
668
2874
3012
3012
1272
2750
1648
2230
528
2352
840
58
2304
1000
199
56
2403
1700
1074
2474
899
3071
2343
943
1039
2910
2338
2675
3979
547
283
1504
156
1487
1384
35
722
198
190
757
1468
3366
1424
355
4198
206
75
1452
1430
2688
3685
429
234
2382
2462
595
457
3184
1680
343
690
2051
76
1684
3149
446
58
1331
140
1843
1595
3529
300
1479
4049
3726
4149
2399
1949
3321
695
855
17
360
375
4033
2063
793
3451
1044
328
1604
46
2217
428
1992
2794
4019
314
2219
1273
2067
1061
1125
678
1707
3200
1356
1210
1432
410
2998
766
26
2196
1503
492
707
2704
2213
2748
310
1842
131
1026
3154
1878
1760
657
2386
1307
765
1058
91
1695
1282
1908
2614
2846
341
1749
3264
222
458
2660
1227
1395
1786
2980
2190
289
1939
1704
996
2565
44
2152
3309
1017
1039
3228
754
3130
1895
601
591
2621
1798
200
1969
2380
1932
460
3968
2239
3596
1234
1115
157
2059
65
794
4937
70
1914
210
1574
2985
2281
2762
2586
409
571
1933
519
1814
2156
1374
140
2541
1563
88
949
6
4002
3428
1526
490
73
276
863
2465
2670
3547
1341
3824
4246
428
1638
4193
1276
4089
1407
2357
18
2237
3853
236
1901
471
3427
4772
3401
967
560
1477
1911
960
1390
1103
1920
26
3313
1026
171
1633
2174
1636
809
1382
3877
401
3121
3062
128
226
2742
313
1038
829
730
1434
1084
1170
3139
1497
3562
482
604
361
1618
2712
3801
2268
1277
2006
430
458
90
1370
2274
1225
2004
1422
2550
3749
2670
1892
1125
1222
4550
2742
3090
1055
1710
3001
664
3938
677
737
295
418
2733
384
114
2139
1180
622
2637
2666
208
309
4025
2226
1892
1204
3523
3432
725
1516
1219
1394
1248
2247
397
416
2057
1962
541
615
2522
4232
1492
4027
298
2520
455
740
1210
1111
886
1643
575
31
554
584
2714
1280
2664
3236
323
438
2021
1676
2046
2077
1807
98
1267
385
4160
2859
2573
3145
2047
4375
2144
808
4020
1247
1622
1653
70
3986
1519
2319
1520
1619
1813
3155
1104
74
343
2150
142
2853
657
790
824
526
1177
3532
3198
1258
3233
605
3307
4108
2552
3264
512
3713
1270
1044
4037
127
1132
1200
1424
3923
215
3091
469
2328
1829
186
1322
2375
1465
1718
1108
1970
2960
807
2880
2482
3862
779
86
2928
2112
2783
357
2273
636
304
1119
250
1771
117
2923
1059
2541
2777
1514
2143
3006
3165
1346
1843
293
1575
690
32
9
1463
2925
1547
19
640
884
837
140
1738
433
1752
575
95
2518
980
3480
1741
1849
132
4665
117
369
1811
1211
1022
991
3054
2439
46
3498
3175
1183
1941
2144
1926
2911
617
3026
3617
4448
3727
1890
1286
367
853
3572
2554
974
1608
2344
690
2785
302
2157
3222
2427
1064
749
696
1883
505
162
1106
981
540
80
1460
2814
1634
694
1741
751
1120
354
2804
2957
805
1344
1098
1403
2147
595
962
957
2056
722
1393
2249
38
93
850
283
2340
11
449
221
1520
529
2401
1156
336
153
1238
862
1672
281
1043
1360
735
2616
277
2090
321
1618
664
264
2013
2490
6
1069
8
2075
2141
1429
2388
3542
2025
3770
981
4068
515
382
481
4330
1537
2195
132
3530
419
1510
2016
2394
1283
440
139
4534
1671
154
1667
218
3350
1818
993
1488
3876
362
3000
1452
1082
525
1318
3644
887
2080
2841
180
1471
1703
1973
929
162
1217
726
432
3165
1223
2435
3168
2436
131
1194
4785
1481
1694
2802
4009
1349
78
1800
130
1392
928
2844
765
387
1084
4249
36
1121
1366
2460
801
4482
2131
2474
2845
3479
1106
3179
2865
82
2491
1198
3805
3166
308
225
365
764
636
1995
199
1660
521
1650
2622
878
2053
443
2989
4343
3405
891
23
983
1665
1185
713
2453
1137
850
2670
3107
448
98
2428
1121
2431
1699
2374
83
3413
963
94
1732
1240
2857
2602
1120
1908
1153
2951
229
1744
151
2819
1673
898
3530
1703
1372
662
1252
810
747
451
712
2175
722
781
581
4354
812
1856
2133
2828
1018
773
3724
1622
848
2052
4398
1218
134
45
1816
1540
308
3490
37
2490
3874
3470
917
4046
1410
2285
1107
1501
2014
955
2789
1163
514
11
3653
968
2940
4057
591
42
1381
1070
309
828
290
520
2111
1664
1363
1776
527
2679
1173
23
3609
2190
2469
1559
1918
3657
1410
547
218
3248
225
2748
2002
480
946
1165
2323
476
2726
2865
4423
709
417
1428
9
1205
44
1719
3854
2025
2949
2070
303
3321
348
1685
228
261
895
108
765
2707
779
1524
1162
1101
313
315
1771
1940
1053
1711
2443
1255
846
620
308
487
3183
1673
2614
2184
2750
312
1713
2625
1514
427
1017
3184
424
3272
2151
2899
4269
634
2776
4133
1260
1567
1106
218
1509
1798
2377
750
4570
1918
2929
2295
1905
1029
2195
281
295
1633
137
1264
2166
1159
1516
262
154
1267
491
843
1119
1658
294
2480
1344
476
2014
2830
955
1005
2217
1538
1430
583
849
3319
321
3885
471
649
984
501
1627
1944
785
1523
2503
1
763
709
499
172
3667
652
181
221
2664
542
1930
2121
505
20
3517
1084
2271
1564
1560
148
1508
472
2211
579
250
4786
1105
661
2627
948
2493
3132
1684
1348
2716
470
1267
904
2045
734
93
1277
1915
1697
1786
2707
431
3577
3866
678
1345
1724
219
2084
2192
2459
470
250
2608
4031
2726
592
4656
1661
2585
668
598
1799
1926
564
1126
531
3081
387
767
162
3993
3409
516
2070
341
4316
1096
3412
280
4038
2370
2617
1656
2773
2752
566
1853
3099
1559
2029
898
3494
2198
35
914
4454
2871
1271
224
1483
2612
1610
376
4317
385
2358
1077
927
2935
1988
2284
361
3203
3108
2500
181
606
684
3177
2342
1690
1532
1510
3584
1433
350
3272
2282
614
2182
63
815
1506
2770
469
910
1152
2263
517
2017
615
730
647
3691
1486
406
3510
2754
1624
1138
2634
1607
826
260
569
1403
567
2102
695
2052
1579
94
232
423
584
55
1153
1788
668
1685
592
1569
701
1706
666
3747
1573
689
693
4138
1728
862
56
3245
2152
365
2371
2886
1349
771
2656
2661
1881
2283
2297
588
3190
129
3082
68
1250
166
2180
921
1248
1061
3243
1273
1860
2780
585
898
754
828
1405
3010
658
4562
1631
1499
1657
1318
3068
1702
3137
257
1367
1232
1094
1234
2381
461
453
271
3237
589
1592
2357
1035
1942
82
3281
847
1851
2313
1517
890
396
4137
3485
237
1461
141
378
540
794
4436
322
1053
504
2585
1650
1030
14
269
3157
371
1778
1693
3032
3303
2901
932
201
3210
2157
4215
1247
258
1549
1403
208
709
3908
2971
3068
958
1852
554
2353
1320
4264
882
2927
649
2380
2162
3015
1593
2129
827
706
326
983
2100
663
1156
1662
21
3395
1019
1412
610
20
4203
2563
846
438
1936
1098
2653
137
877
2561
1853
823
3382
1270
291
2202
311
4014
1674
2535
302
4848
40
919
1486
251
4096
127
25
262
1100
3370
1226
3212
233
744
4210
36
40
266
3122
1635
397
2573
2027
214
2448
3368
1045
1350
4672
2591
2566
2978
639
1180
757
2330
1628
2701
2637
410
1732
533
2939
497
1962
877
1112
57
804
2914
800
2308
463
1451
51
3128
3292
500
1548
4206
534
228
1170
4014
840
898
1584
1456
2522
454
1107
2297
405
2121
207
1086
119
173
3435
346
1326
3196
238
1852
995
2371
3683
2997
4310
2103
868
51
1623
3352
2522
3274
250
1070
4330
119
2164
811
1785
21
230
3718
618
1519
2728
2152
4048
1811
589
1805
2381
447
4280
44
1249
2489
2584
399
802
1474
1861
975
1196
4353
2655
1053
358
148
203
631
3389
2250
420
1565
2978
4488
464
1812
271
2560
4152
2542
1818
326
701
2223
1404
1764
3644
2328
69
2283
3322
2666
3635
1910
1515
580
1641
88
4287
1561
878
4571
2073
1191
1332
296
2393
3724
2889
2927
1633
1799
1069
1475
2497
1678
2871
301
1027
2031
2216
1745
1755
601
392
3634
38
1345
1216
864
176
2650
1964
1904
263
4270
2137
1697
2847
1055
554
1568
3457
1571
724
4237
2850
2435
751
2611
2264
1813
507
1496
321
2771
422
1875
37
2059
2433
903
1241
603
2495
240
496
1330
499
1762
1083
376
2220
678
1076
1435
746
563
1091
2790
2487
887
4820
1119
149
724
768
2430
4747
402
846
3421
3052
455
289
2614
1594
605
139
554
4495
1444
943
1760
136
634
555
3612
1079
3382
393
2573
590
3933
1381
2455
1833
990
3982
1949
2801
1161
1987
3389
871
374
2364
2503
4421
1682
1139
766
2466
1653
303
1195
1766
328
2971
683
905
112
503
128
2589
2540
1264
2807
222
2701
1651
141
3330
169
2030
2310
640
810
458
1489
3698
1456
1387
3452
2837
799
1886
725
14
1599
1494
1389
247
2330
3977
1641
2475
325
4325
3544
1196
3912
922
78
1263
3302
1670
1010
3677
2734
2531
705
288
2618
1623
2534
1081
44
759
842
1915
1816
408
48
864
4171
690
400
170
2325
1474
4145
441
1521
501
871
4213
2431
1639
2426
184
290
1808
635
1053
1927
1983
3023
1051
2167
2361
1280
501
3037
3277
347
1583
614
3952
1050
2970
712
46
1193
2445
439
1807
850
452
2422
2015
691
426
3212
2988
727
1364
589
3317
1940
118
3277
361
885
4280
1685
324
154
165
570
1751
4531
1443
3231
2280
135
2231
950
2940
1958
1634
801
611
3336
1252
1582
641
355
641
4549
22
1012
899
3444
2060
1892
1099
4639
1914
2961
2101
108
932
1757
1788
138
3813
1024
2220
183
1591
1141
1335
368
3604
1159
1372
1254
1196
1776
4086
2531
1168
1125
2076
1824
471
2745
2094
2662
369
2414
4753
1093
3479
3427
621
1361
91
1046
372
340
318
3934
2138
1847
1538
1436
274
1109
48
306
3159
1590
1856
3867
1127
1482
2348
1489
1674
1332
1413
2817
811
2225
339
1762
1628
611
3276
125
574
174
538
198
325
1583
2664
2986
1697
3935
2326
3704
3373
179
3975
238
2952
658
1771
750
903
2184
963
1040
1708
4019
2363
86
3291
3682
616
627
332
853
1666
2209
1958
2440
293
1673
1583
934
3144
1319
333
2784
1202
2325
451
3061
3728
1048
203
1910
2851
2318
4040
3427
3070
3784
414
1973
178
2364
379
1453
1292
819
589
212
39
3431
1214
3736
2808
345
963
2763
2829
2100
3250
358
77
705
2861
464
73
1030
3181
988
2614
81
1126
1984
2948
3720
2112
727
902
485
568
3900
977
682
504
1991
3416
1675
1553
2723
907
2832
173
1571
593
2890
2559
3200
3388
570
81
248
2215
2901
417
566
1715
3228
216
175
1764
1811
2459
2216
2493
2146
23
2363
3217
3321
1383
3377
3501
3360
2837
684
3284
1420
2631
442
1275
441
3667
1256
419
4329
2346
2153
670
382
3678
993
607
3313
4260
2795
2788
1232
153
3548
506
493
1645
1287
3895
953
37
37
785
107
389
934
879
2255
2300
4182
793
1436
247
1444
1292
723
1689
24
726
1952
3359
235
310
1421
1077
749
936
730
2831
1749
921
187
6
412
1926
1486
1000
1413
3180
1513
2413
1799
1585
121
172
326
1182
1169
2371
394
1873
2942
2927
1606
3540
1441
1198
216
180
2854
2566
378
2385
2810
1572
2963
1337
2191
973
2662
255
237
1756
2274
159
2522
513
32
2044
937
950
3308
3970
283
71
2256
856
1046
3000
426
2112
1130
3218
3005
1177
448
384
2309
394
703
3084
3394
4857
1536
1832
2851
1046
1936
2248
1595
224
1791
441
360
4008
2169
1343
3813
420
1273
1627
4147
2295
901
2545
2526
11
814
3973
322
2070
2855
1299
30
839
3777
1755
3647
4767
1438
1220
155
2190
898
893
879
1366
274
106
4133
32
595
32
3436
1813
2007
2243
3610
1987
409
3564
1896
3454
2995
723
1196
511
22
3060
2831
2288
1979
2149
1812
2180
2049
2788
162
1367
472
42
2460
410
3066
3774
822
2231
2737
2599
808
313
3227
941
3862
511
978
123
2338
2399
2274
150
626
1040
1789
1123
1051
1636
1670
1524
116
276
1923
2094
3442
277
461
3326
86
530
2236
2256
2996
3486
806
341
3305
3152
1722
1488
258
3942
3893
1058
731
314
1756
1997
1405
463
869
2749
374
760
1447
3440
428
689
3383
2678
2618
2188
492
3387
673
2330
1974
2768
2918
659
1542
3017
1735
1244
443
561
731
2460
540
4070
3498
1337
545
1116
1260
2749
22
134
1381
315
3476
3564
2980
1874
294
297
2568
4219
1983
2283
1817
1203
569
1180
538
693
826
2683
959
124
1262
919
1243
540
1094
395
3402
1291
1732
188
2743
1552
3823
3596
549
2065
3415
1794
1738
1986
3684
1231
1742
86
509
280
1557
2231
68
91
541
687
553
1471
3178
662
264
2324
325
2982
2327
112
1772
417
1522
851
509
1678
2837
3024
425
275
2413
4002
618
82
2352
1300
1446
103
61
2884
2935
1939
3057
94
8
1448
3440
920
376
2133
3738
2818
766
349
372
140
1326
92
2660
72
4087
4832
1507
2767
2857
3041
1160
1222
331
281
2234
1742
3734
2385
3323
2010
756
370
238
3969
3436
1970
675
1874
1432
1951
3433
2739
2548
29
3467
816
2919
1271
513
408
2043
3599
3365
1753
2356
57
1340
1367
616
800
211
780
4258
2032
1140
4518
3989
193
3700
1300
2266
1014
2712
171
1250
1342
3391
606
3444
111
1360
1882
1167
601
3525
189
957
1546
51
1481
4740
310
3090
1228
956
3462
2945
798
691
2264
3157
2771
1184
2441
190
2615
1188
128
494
3569
1481
436
1441
864
4984
125
1652
1200
1357
639
332
4332
869
2976
84
1385
3090
1935
2594
667
1624
3168
833
1578
794
302
202
2283
1008
259
645
2249
985
447
450
1119
209
1819
1106
3747
2272
811
2599
1496
3235
1546
1844
1627
616
3425
1556
764
729
1043
215
3085
450
4063
3350
773
1758
1254
1483
2230
379
3785
1547
238
1919
3122
457
1858
4126
961
1539
1948
3785
454
1085
999
2726
2475
1608
337
1708
100
868
1482
97
1991
1328
1677
485
478
208
146
3341
86
216
3394
441
4077
4284
421
4029
3333
852
3171
2195
1608
1003
4135
4323
395
4001
2476
2025
415
1402
240
526
1803
1236
15
113
1562
1527
608
3598
1621
2641
823
1992
1927
696
2128
3779
1115
2377
1489
523
2047
500
667
1723
940
91
1695
3064
1129
2961
2790
3095
2243
1118
845
2855
4234
2768
2248
95
990
3198
2812
62
2350
3498
51
731
3457
2523
796
906
805
1885
1437
1529
2817
167
436
3657
684
4235
2234
3223
167
2361
1991
736
1257
2079
2059
1176
4220
3559
675
2802
301
4601
366
2786
292
985
22
230
908
604
859
346
548
550
167
291
2405
2532
2405
3120
761
4391
1856
4486
3245
1391
198
155
229
1551
1947
1794
1815
1123
2706
1538
1348
1089
2780
2094
1688
1292
64
99
1083
2013
873
903
474
3992
1633
3096
1216
3359
2280
3491
636
1167
261
2876
2978
3058
533
1761
1440
537
1610
1733
1152
2122
2266
18
3240
2391
773
2577
4571
252
4036
3004
648
4402
623
495
192
1053
4189
669
430
2412
1605
24
2837
1188
2797
2442
1182
1080
3756
3456
150
946
521
3319
2607
1495
788
1217
712
992
2163
1242
199
1906
722
157
2021
3266
1423
525
3238
3940
639
4474
2791
1309
1488
1881
136
447
945
388
352
182
4133
1393
2879
2177
3625
994
2299
527
1517
1613
2749
1930
3552
2992
20
1307
1004
2985
1376
1275
1225
814
1784
950
2123
3512
3263
1070
1419
3830
3753
3178
1730
2986
643
1102
2590
936
1319
1826
24
419
1215
617
1606
1454
2239
125
1345
1447
947
950
1317
4118
3121
1871
1053
700
3170
1596
1668
135
14
574
2108
2311
2342
1772
2033
1140
3576
2227
1127
463
1311
265
1412
3344
487
3029
918
965
1211
1479
3656
826
1508
791
3133
1229
1720
3222
257
729
3672
429
435
1610
1182
3183
790
2287
44
3447
332
166
2017
3328
320
709
4166
306
3705
588
2156
2664
716
1334
2964
1470
551
2216
3439
924
816
2830
311
400
1922
850
697
1205
1393
4016
3200
581
1229
1086
321
3320
216
2756
2908
1089
3026
4601
509
3946
3975
3821
719
2822
2109
1533
3557
193
307
444
4116
940
3820
1840
497
1904
902
3206
1097
2124
667
1927
89
133
335
1532
698
1434
701
773
284
8
901
1375
3426
1484
617
2502
1284
998
2952
2630
1571
1358
713
1487
76
942
1247
327
940
2826
626
3019
2368
3282
991
2386
2955
616
812
3030
284
1101
180
3475
811
3124
668
339
410
2743
2913
2091
1392
3309
390
886
2219
1875
1431
3937
1523
1126
264
511
451
1863
679
209
431
1536
2120
1704
694
164
239
1744
529
1744
3487
344
1705
681
2072
672
2618
344
433
1657
3553
4178
3179
367
1467
1337
2
1097
2063
100
3413
1444
990
1477
3795
3374
1815
2630
1069
703
3545
2183
91
1303
4582
733
92
988
2225
1321
1519
1884
2964
494
2714
1857
795
1440
365
1244
2000
1387
450
74
234
72
373
287
2733
689
2367
2385
50
2466
1182
1168
1138
556
234
2821
2178
1374
853
2190
256
2547
3805
2530
2385
2371
192
3032
2840
1691
2030
3291
601
246
608
737
2300
675
2507
3171
1953
965
529
3259
605
3575
2284
77
2177
1237
1845
1358
2983
3789
1299
540
1128
1503
1114
1725
1830
680
268
115
1209
144
12
1019
174
2674
1807
2024
255
461
291
2475
2054
496
145
1714
53
2941
2395
1515
538
3979
2902
3164
59
2486
2703
747
490
2493
2163
1985
2811
3387
2601
441
148
1222
3517
1110
2523
284
486
596
1920
1278
1764
1144
1028
2022
1716
981
895
2557
1694
1352
4073
4009
1458
4015
513
715
800
1078
3711
560
1852
366
16
2573
2188
4546
2224
3371
2390
152
1214
2626
1969
1341
2228
3029
579
4085
49
642
1103
143
2066
448
425
1538
550
1103
2389
769
543
1783
1201
1195
1779
350
2409
1853
37
1655
370
59
2257
565
1269
1097
1757
993
926
740
488
2033
3640
1808
168
2417
1180
225
1435
253
2288
16
2027
545
2753
2511
700
2022
895
747
1281
1083
3236
1159
1027
29
703
15
414
1542
2247
2586
1070
2167
3902
1401
1957
2069
979
2307
366
1792
325
3704
468
2237
3968
3900
2541
2872
1337
3475
1525
1370
1724
1829
2271
739
302
2088
1912
346
3020
1487
602
1497
887
3081
1753
37
1398
2704
2738
1248
192
458
180
1268
2055
4013
3175
1156
3399
764
2459
2514
1793
1365
4305
335
3253
2618
1355
4387
2057
2902
3324
2529
1679
425
1374
278
3635
2353
660
2487
4309
1106
1104
1992
3243
997
1079
135
3896
1934
124
2524
347
2665
3221
745
13
596
3427
594
4322
392
3404
2010
2755
1032
3478
4566
557
2793
911
2976
685
1315
873
1418
881
1714
2233
1078
139
1298
3477
166
2791
604
1507
1884
3065
88
2285
2493
255
2597
116
1304
3646
331
404
3745
750
2157
128
1012
1956
4042
471
788
1942
834
1703
778
3623
335
4329
2539
18
2522
20
962
83
3127
1904
1124
405
2131
335
3690
2555
1687
1310
411
1540
1617
1548
3338
2966
2852
2317
3528
2749
2272
2225
1349
4148
3213
798
171
755
1596
2396
469
2777
1682
1388
2546
53
2101
192
306
3897
648
1411
1582
1613
1700
3308
604
1797
101
2551
128
544
956
1951
785
249
1680
4456
461
3956
1094
400
1040
1498
511
2478
3329
428
3454
2123
3231
1216
290
148
623
1383
1023
2954
1784
1742
16
3386
447
3481
59
53
274
1886
2592
1828
1891
3235
456
1268
934
3600
683
1605
284
2185
960
3634
586
114
869
580
2056
1684
1615
1494
870
2641
4104
3335
3173
1216
397
3562
303
2888
623
1510
1954
303
834
2519
1017
2263
158
3782
3449
222
1306
3495
1204
1745
2053
306
2324
28
592
3260
4556
1905
1681
446
2665
665
3038
2921
1571
341
750
1964
3859
3002
1118
796
513
1465
2445
659
762
2508
1061
1402
154
120
3816
23
1602
3238
993
2569
1812
1582
2674
1184
3237
2893
3614
375
1892
1231
480
83
1215
135
743
1471
965
1565
523
1194
811
222
980
19
463
1661
270
1494
3889
2081
112
941
2161
3001
376
2388
627
608
1043
2896
2471
3970
1282
712
1162
995
1789
436
3475
352
2694
1720
1358
3222
99
734
1539
2689
176
1097
3359
359
943
1102
1094
649
2198
3182
181
1788
911
2640
767
1572
266
1107
1092
2879
3696
1344
4287
3547
3038
2384
515
1000
2
3285
2976
71
1697
1168
1079
3573
923
1725
1233
3685
64
1479
1505
1881
2941
1101
910
740
2562
2069
145
2100
1977
2975
834
902
2386
1911
4508
4523
2066
1266
1243
3192
4104
389
1742
784
438
2305
2508
423
1772
417
152
694
2909
1987
2368
2297
2289
228
449
2060
4470
1125
36
1115
1969
1692
4065
449
2176
1051
233
2640
3738
1622
210
648
1611
1616
3900
665
653
2995
125
752
1097
347
2424
1070
1728
94
2871
1773
42
184
1421
1541
1787
227
1761
1402
202
2710
2003
917
63
1766
387
2333
1539
940
629
1885
250
4634
52
2198
3610
1805
4169
4540
2250
113
1358
89
2333
1193
3155
2775
325
1058
1355
1054
3392
3232
946
2948
3045
790
1811
366
1829
801
4739
2659
498
3853
755
2474
2463
4794
2326
350
161
1252
2782
1145
1883
1731
1549
1240
2879
52
2954
938
921
1397
2031
2772
2964
117
31
813
1906
2354
3262
1275
2358
1492
2412
1761
170
2023
3289
1034
558
3276
278
810
2172
922
852
338
1154
1466
3965
1275
4507
2688
931
1914
3579
3548
4095
2413
988
929
2189
238
1310
178
3211
353
819
1277
153
797
1745
569
854
3838
1711
1150
1708
545
1203
158
2336
2768
4203
577
3302
2538
3543
804
3269
443
399
1223
3066
2289
903
2304
2059
3572
2306
942
288
665
32
3411
3296
1692
2219
39
867
4351
1759
1206
2220
2698
592
2122
1466
710
2852
197
2015
128
1977
778
868
230
1204
328
2434
1458
2252
1685
815
4115
3100
2771
951
1771
321
1845
4000
401
4157
998
666
3899
3390
3206
520
2593
1896
1840
558
408
1926
351
655
347
2390
924
158
3881
930
585
123
1495
3102
4330
938
621
375
2044
1957
2905
1098
1410
3030
1801
2229
958
643
1887
2606
1753
2836
2498
1409
2205
2624
3262
360
1260
288
4362
189
1765
2109
3436
2464
2600
1193
464
3281
256
2966
1870
2722
1952
254
3797
2017
3311
4306
569
1266
916
747
979
37
536
1105
1823
3637
2576
820
3899
2397
4570
830
1109
3628
4116
1910
2061
3052
177
1411
136
1014
533
2719
1359
1664
107
2984
2323
3856
1315
1138
500
2692
1674
2351
3611
933
1481
2341
1443
1472
1828
924
2123
1428
3089
1915
516
653
267
666
2038
2934
636
3241
1550
3338
2619
149
3789
1974
3599
212
1031
3184
364
295
95
540
2700
2423
379
830
1896
2997
544
1339
2663
1950
1712
1238
1321
641
1096
1189
3198
3526
826
3332
632
1422
4355
3414
1623
491
593
1367
253
548
2122
2107
650
568
4498
2637
1974
599
2016
983
4168
2050
3229
1136
1297
28
2819
3685
2639
2147
192
2777
2075
2789
4165
2164
767
1943
1397
1350
857
1264
649
1941
678
710
1584
547
3072
91
2244
2570
699
2416
2978
1122
296
4488
617
1300
600
2253
1808
1182
369
1438
304
332
2758
2146
2591
1944
63
1357
1425
2984
2018
815
1515
2604
1549
2524
2457
847
1335
2513
224
3128
2218
4409
735
801
4340
1999
3973
62
3517
433
873
2887
1725
208
520
464
2647
657
601
3732
3380
652
159
3668
1608
2840
1149
92
1503
3419
1664
1574
3044
2411
1161
493
180
445
4122
556
1273
1751
1965
632
464
4477
198
1679
293
3535
1865
3084
982
3001
2243
1704
200
3303
43
1826
25
3292
1927
2307
45
2833
2625
615
3375
1548
2363
1528
1140
733
543
3023
1809
2013
2888
4067
541
4470
2391
1308
1978
152
111
3919
1597
2349
1937
4237
925
3948
2524
1091
146
423
1459
1599
1504
159
1815
3242
1581
1434
1685
606
380
4007
780
601
735
865
1056
2193
2250
600
2922
202
1558
1154
592
59
683
425
2910
1050
2402
3718
3427
605
3928
2231
2470
2788
2166
2221
3047
1960
30
2799
1847
2716
104
2844
807
1989
55
1538
3028
4099
3454
1634
1777
1182
858
162
881
915
554
1257
3021
395
1082
226
734
439
3362
1809
1960
521
4934
1491
619
2582
991
1134
4528
3273
2185
1071
577
2784
1743
260
348
3626
1663
1221
4510
1098
1508
3295
991
582
1605
2852
522
2647
927
777
1868
1025
2380
2336
128
1484
1067
668
3349
1596
1855
38
3172
1540
57
2213
2278
491
2173
1133
1962
502
3965
1421
1866
1447
1653
287
2872
43
2818
1363
3603
1383
754
1286
375
593
798
1558
16
3211
535
1298
2165
133
1131
355
1993
1551
1380
1824
413
789
1553
14
197
4876
40
1680
4356
1546
137
1311
2983
349
1316
3811
470
205
2651
1297
473
1420
1603
3391
1739
5
524
1187
3836
3120
8
881
1277
694
2244
1678
568
3633
1436
2489
647
3993
2526
158
514
1155
2777
725
1356
3565
370
1525
2353
2033
929
2999
509
2724
2458
1367
145
224
235
4018
1989
1722
3888
1517
319
123
49
775
2042
307
301
1912
3192
734
1708
967
2441
1356
1497
621
92
1308
2861
1682
3965
1662
2679
487
1232
334
1826
3550
2869
55
830
85
464
3888
676
1126
3682
419
841
771
1308
2574
1694
3567
1155
3323
274
2640
73
2396
1848
1963
2704
1248
1261
1058
3326
2230
2573
1734
409
2281
1059
1527
2106
1815
526
3703
19
3982
692
1058
3308
1093
212
112
1478
1281
1238
758
2035
3607
2735
698
2805
1804
2101
1087
1696
570
457
369
2501
4296
430
1779
2748
2855
516
1543
3425
4634
634
3172
2004
4349
795
138
748
824
2997
2330
1059
1418
2076
2448
978
839
1426
1702
815
1697
616
20
453
115
1792
662
3941
109
373
108
793
1124
2123
1357
1953
232
284
1871
3905
1137
1385
1342
1153
534
2164
1100
729
32
978
693
1780
275
536
1577
2228
3177
2733
1432
1316
1077
4418
555
3609
555
3051
315
759
611
2510
2434
289
2812
2329
389
2041
281
3599
894
786
570
1349
434
365
1269
748
270
3018
363
3245
3117
318
2265
2294
1140
3231
790
1876
825
2475
3315
254
623
2875
422
357
1926
1526
1370
1554
1234
3173
4016
347
979
9
3860
176
376
541
1269
1423
15
4419
768
477
3625
948
1337
760
1395
2815
820
367
4601
3377
3539
730
249
1467
870
1849
1541
955
1393
141
109
1259
1347
2082
1388
3938
1700
2254
192
1912
1135
1897
42
2867
2979
449
504
250
1623
1660
1054
1790
945
3817
856
319
2407
1349
1269
2748
2327
1788
1353
2106
2192
830
74
2649
1488
1746
1609
1168
872
3847
2600
1936
1479
1165
462
1371
1324
11
472
492
2620
3489
3393
402
1432
2655
1829
1843
1615
3002
1046
1872
2795
1097
3003
3127
1562
2720
771
1499
639
2101
1725
3449
1898
1681
3034
3083
2857
2053
1459
582
3873
245
1600
48
2939
3130
1105
2451
1985
357
2404
3171
2171
1973
3168
2255
397
1542
2130
2500
2361
1552
1300
1703
536
1761
254
807
2775
4109
3181
4207
444
3384
2560
1321
4082
2597
209
2339
2351
2255
2996
551
470
273
412
1183
2150
389
1733
909
625
3607
2236
3212
275
1456
1988
1321
518
857
1073
1744
2235
1248
3492
4053
352
446
1553
3771
2990
1212
2811
1194
2843
1692
1889
7
895
33
562
3091
2051
1073
3928
984
1373
4023
478
3449
1084
739
2977
483
854
1032
2244
625
364
350
1116
167
751
3887
2264
479
2570
634
2564
2479
1458
2227
2260
2958
936
2928
409
2023
1096
1769
1481
3243
4377
580
3691
1185
1302
818
1050
1221
49
354
462
1179
105
1229
1591
1898
157
3282
2463
586
912
2269
1420
581
354
358
4713
121
176
1596
335
2657
1801
4291
1584
180
3050
1980
3129
439
2780
516
1029
3946
835
1098
1426
4374
1090
219
4195
2143
3564
2061
850
175
436
1677
2690
644
81
3288
2009
2005
565
2826
1344
2373
3537
857
234
3683
87
2945
1363
1284
232
2116
3469
2550
1135
311
1390
3040
3288
4596
2209
964
3819
608
3339
1284
3133
1983
3467
1957
147
3872
3255
61
3302
3429
745
1263
837
1116
1751
1273
1987
511
117
1056
2160
2316
3644
1045
3382
2253
1455
387
662
1814
2880
386
2222
1436
1526
2523
204
1105
315
4169
3287
2885
1118
695
190
2212
2644
2017
1357
3446
1610
1615
2556
988
342
3045
1522
2195
1103
2349
132
1939
2379
2679
2319
3458
2042
332
1053
2257
977
363
1573
2370
1408
1560
71
2879
2385
3593
924
2441
1286
263
306
4628
592
3026
1979
841
452
2723
952
3720
3833
2218
1061
1374
255
1070
1377
581
1028
2682
2689
935
628
3216
920
1137
58
2435
135
2714
3124
1465
4389
1508
4372
1442
2758
2191
720
1213
167
749
1575
4359
2319
2249
1714
1427
2270
1204
1230
4018
226
825
618
2532
1157
1631
1487
1383
27
795
1582
176
474
1269
551
3573
461
141
4069
1521
3303
1663
3351
2533
3023
1579
713
2769
808
1929
3890
989
1922
3643
3316
1103
400
2253
3728
223
299
802
1075
1038
938
311
487
394
1283
424
548
990
96
1732
3763
3214
4445
1802
289
534
1435
1205
2381
169
1408
4300
3668
3927
1263
902
385
2140
3295
2251
990
3554
272
3683
3070
2712
3017
3625
1313
1260
2048
2105
2456
3168
2753
2080
33
431
214
2319
755
836
873
1801
1728
1091
2201
1452
179
892
1402
2971
1100
335
2273
1105
485
304
765
1368
4122
3129
1974
3536
2937
1080
1618
2114
1011
792
1381
1634
620
2154
1648
2365
3643
128
1401
3423
1524
1768
1578
3279
2970
130
1267
471
1238
571
932
372
1659
802
2336
341
2681
1371
1485
1476
206
3386
2631
2582
2463
2424
738
2767
2537
1718
3470
1917
1037
3633
2626
1163
470
1649
3804
33
2344
3108
86
2255
1339
3453
162
2398
2036
833
1621
1643
1122
126
3109
3956
2280
402
2346
3739
2336
4117
4268
3611
1278
2522
1760
738
2048
1282
1079
2666
3330
424
1054
1949
338
3196
535
3468
2348
1978
67
2532
143
332
2663
1273
653
29
4685
129
301
46
2815
1014
3097
1430
2651
816
1142
268
543
1753
2042
2058
1195
790
3418
3540
1926
1783
132
1015
2215
1056
326
91
2003
174
2245
1235
331
238
169
1108
1744
636
4168
852
791
1134
2879
1412
2034
2245
2337
867
1605
291
1716
3452
1742
410
1302
1958
1331
4265
2193
1101
2266
1729
2010
160
1831
1749
1430
1492
314
1407
3259
178
561
421
2608
1637
2208
196
2535
1199
900
3378
1045
1257
310
3085
1286
592
3780
1753
437
1480
3773
1157
1435
360
1565
2669
420
296
2452
3576
2061
618
1868
432
2954
2787
1029
1602
809
4037
3220
1116
551
523
1417
1112
699
695
3638
612
4481
670
2844
2643
4675
1938
793
2145
119
2045
4219
391
180
323
65
4077
3342
3661
242
565
3125
3782
612
4562
4592
987
1657
1927
153
2473
1667
1037
560
1961
224
3582
1829
210
74
200
1373
907
41
1549
172
1513
3327
3062
1566
487
1019
3210
1158
3260
3526
2300
190
201
3367
3868
1269
2292
1904
583
394
2914
3087
361
14
2350
1525
2077
167
1207
1822
166
451
2572
3609
1319
1449
2324
1506
982
1140
2326
2966
2075
2500
2864
1346
1791
4087
2140
1314
1785
934
1719
199
2136
2368
1694
901
1053
2756
1104
1623
1534
2629
285
1529
4561
646
8
3692
1402
1784
403
1437
3504
58
1131
2316
21
419
2648
1639
660
447
957
275
701
1802
1170
600
1741
537
2213
2553
2686
249
173
922
2344
2508
1734
1504
269
3999
2166
618
1052
312
561
1756
45
1072
2658
3120
919
487
1277
2468
3555
1793
3355
4327
1237
2527
677
1770
1499
2693
296
2856
821
3247
1306
63
1131
2858
3480
1854
3764
3856
2327
2702
707
988
290
2767
1795
2867
240
503
2591
854
2093
1356
530
227
82
2355
2787
1770
2515
567
1328
1718
1110
276
1048
2342
427
1049
2054
2138
1600
1378
688
23
775
633
757
2490
1368
2067
1594
2270
2741
1007
2693
2006
2801
411
1225
448
1276
170
1594
2545
14
3848
213
1711
4422
1104
2525
3618
879
66
3127
3088
1612
2891
481
1636
318
887
1941
607
407
993
2313
3030
14
4658
4260
1242
720
1018
1935
1553
1560
568
172
4192
2281
3496
3356
3280
1911
4853
2605
974
2491
27
3556
554
2206
158
1858
710
3326
1308
1440
1410
419
394
2358
1217
3401
60
249
3329
2472
4199
1095
1477
2877
1648
2181
1769
40
2145
438
4808
2084
906
2217
994
118
3966
2334
4009
3413
732
2544
1387
183
1318
1806
840
1570
1027
2920
2150
394
1586
872
2134
2287
3883
2787
256
2267
2525
749
1368
3026
2973
3888
587
2803
229
270
4088
220
2139
189
657
2569
385
1693
395
3758
3642
115
1473
439
2727
2352
1514
2537
306
209
470
3633
1228
144
2715
1495
238
681
1267
713
504
701
1833
677
4385
338
4373
108
2182
2763
2628
25
911
369
1506
2235
1613
179
78
1330
2255
109
379
3051
1690
3720
2512
764
1658
3976
2968
1658
2839
1369
3158
3199
698
954
2125
1301
1030
3378
2615
685
109
957
666
831
1694
1184
876
1396
1356
1483
1761
1377
141
2522
2121
3282
1482
557
1285
3111
755
936
1697
2251
1031
1131
341
2191
1502
3893
4192
3712
2265
875
982
2360
451
4390
174
3086
3020
2717
2296
2079
1949
426
3251
3373
2336
696
338
795
4259
1664
3071
437
2394
457
426
4125
1054
2950
2320
356
425
2007
1953
144
2828
587
2940
1164
3619
998
2546
3686
2763
1245
1761
114
1823
1319
2596
1861
2067
2210
1553
4698
775
32
774
806
3069
1069
2778
982
795
1703
559
582
2568
4066
775
4017
439
1244
443
2046
192
743
3027
3616
378
801
2865
393
3709
1876
4721
323
2802
115
637
2876
343
785
2256
768
662
2398
4348
1712
3014
1231
283
2331
3251
165
3464
986
1038
1652
2422
3785
3233
2329
388
512
1830
904
67
862
1130
4378
2544
549
2676
3011
119
1376
233
1767
895
2272
516
62
2906
2646
870
2787
3140
2571
1127
2183
1578
1927
2930
3251
1029
2270
1413
1143
3162
1137
2927
637
773
3574
1651
746
875
1061
1025
395
452
1574
1414
1766
148
195
1591
1284
283
583
679
1082
1279
611
260
2454
1121
2048
3356
3066
1747
1575
1909
1721
569
1217
3829
621
1733
2183
186
13
1812
972
4153
1087
1808
4632
209
2553
222
2471
1267
3037
2078
1770
342
517
994
2409
1644
2376
918
461
230
1715
24
2919
334
1606
1547
1436
1565
3422
592
2722
886
2539
4435
1487
736
1092
575
931
1402
3082
2754
2309
3334
2792
2266
1138
345
2126
2105
1344
165
3930
2782
3467
2957
420
131
2513
1783
1795
1613
1549
905
3674
689
224
710
178
511
1030
2665
4078
30
2249
883
768
265
2119
535
1131
1100
1079
1381
13
395
1982
932
613
1300
533
2623
837
2031
2958
1747
484
2188
2117
3494
666
2047
323
2274
1043
375
221
1997
4102
132
850
2149
38
3682
1585
979
379
834
759
1461
3000
1771
2325
446
2466
1472
1415
944
2660
1132
870
4130
916
74
1028
4322
4482
1208
86
2188
1814
439
1961
2114
866
79
997
2241
2174
368
822
1553
1720
184
1071
182
444
2626
872
765
1993
1382
3351
376
117
1297
1052
36
2412
1723
3491
557
590
1893
868
2616
3969
813
308
2059
990
3013
1352
3621
367
2120
1804
4149
8
3920
279
2993
3005
1738
2867
1985
346
292
3124
2171
3132
90
1226
999
3195
1003
494
2757
2777
1680
994
2722
2577
2721
1853
2045
3079
2410
4040
4294
2431
3719
696
649
2600
582
3297
7
1261
3783
258
959
2083
520
2760
2695
2891
360
832
4071
1369
2106
255
1170
4333
123
287
2411
1483
434
513
3321
2475
2408
577
341
2450
2034
1721
665
2951
380
2548
710
1445
745
1627
995
2169
1345
3084
1730
2670
3118
359
1166
398
148
260
563
3058
4545
3861
584
2957
3071
1109
2707
3006
4367
1160
111
405
1174
2100
27
4496
1092
3576
242
1975
1836
2189
123
6
1329
303
2716
1465
2740
1299
3987
2463
438
2591
855
2597
3578
269
874
2848
1922
3760
1537
2338
2224
1198
370
1724
520
1200
907
1049
2410
1138
2655
1048
430
1126
906
2601
1026
1570
65
13
2023
661
718
596
991
1718
392
1536
2901
650
145
2193
1556
1062
1722
1546
2228
306
676
136
589
1663
3965
2328
2953
2680
2705
1126
605
3
347
498
1263
2331
4450
572
1896
2068
1289
987
960
2411
2267
4786
502
440
2557
189
1019
455
3296
263
722
492
1619
922
1129
4192
728
2109
1876
2787
530
1790
1724
3213
38
1638
2484
3033
920
242
938
2034
248
96
586
966
1639
3177
3618
199
735
1948
2137
3381
165
1938
2900
1686
758
917
2376
2963
162
1748
2647
2575
2759
445
2898
4565
4226
3840
479
4110
3704
30
551
859
2832
2780
1490
1874
2046
2850
4109
1914
975
406
9
270
4340
1759
860
2554
831
1404
290
1446
2420
2705
2447
1640
2913
731
1820
3865
483
1408
2142
2620
2149
46
633
2499
719
4154
1956
661
3138
3722
184
567
2654
2362
3597
1541
580
3307
463
975
1731
1448
1811
1667
1828
3456
2754
2607
633
4097
15
392
1888
1277
1873
919
1673
3213
2393
2201
193
4866
2170
1212
927
920
3094
1670
380
786
3478
1486
280
991
2295
746
2027
121
1560
2411
3472
704
260
537
3449
2096
616
1679
3281
1029
351
1582
2385
846
2740
1226
2718
855
3423
3573
3048
555
2571
1163
1170
2383
1660
765
3768
1399
2116
376
2967
2533
1640
773
3092
647
1008
3142
210
190
1407
1825
3151
1671
643
8
728
3404
133
580
2451
1414
2414
436
1488
1455
2345
30
939
1700
397
1742
641
4124
2027
671
966
77
1745
3481
542
2966
2951
141
4059
2055
921
2444
4053
1664
264
10
1664
155
64
443
2310
2373
1599
2617
2186
3140
1523
1482
534
911
1431
1808
1912
235
3268
185
117
935
510
940
493
2144
498
3682
2305
306
4093
2558
3542
749
476
1671
1765
758
988
488
1536
691
2180
2615
65
2260
596
1069
2151
65
988
335
305
3147
2558
676
3137
2556
2056
364
1340
3407
2368
3071
15
3472
1032
3137
3123
3
1961
362
1681
2436
533
4003
2252
2387
2215
2868
2561
1444
1989
2917
1654
65
911
621
2629
1058
1938
4410
3327
1485
1415
2702
3078
2068
4196
653
2043
829
30
1451
147
1279
2205
885
1136
1600
1847
3886
1333
2289
3482
1081
3675
864
2668
666
1998
1145
2759
2068
1811
1264
701
1908
68
1382
927
2745
3035
1881
545
2571
1398
864
2589
2905
485
740
236
1026
1714
4163
2671
1559
955
627
1357
1644
1317
734
2790
503
697
2719
717
2791
382
2179
1625
60
2686
385
2740
898
1192
2672
1053
4605
2161
2449
3125
3717
119
578
1339
327
2219
427
2730
126
3838
1392
2877
246
300
1079
1358
187
920
1058
905
3744
36
4030
1880
196
93
610
676
1622
1856
4689
1237
1831
1217
4454
816
199
2068
4135
1125
2744
2300
215
3841
3484
2992
3286
3138
872
351
4457
2412
1048
3996
3113
1856
342
3225
3448
2180
3797
38
782
4566
854
3173
4895
3805
511
2413
3053
207
2820
2970
609
461
578
599
3361
3172
2192
493
4420
2780
1024
1167
1395
1569
964
1046
2207
656
4562
86
2722
353
3860
1407
1306
888
547
465
750
2379
308
2619
1655
551
3502
439
1754
3368
611
567
1044
1405
1985
1138
2973
392
621
1201
3538
500
4865
3155
2700
694
1590
302
1556
3974
2024
2992
2822
1196
2037
780
293
85
309
572
2096
664
750
2790
3020
136
3083
1288
1607
997
1204
154
1692
3289
1236
268
1528
2754
1224
3683
920
552
426
2368
1281
2787
1918
3760
3701
979
192
981
3443
134
3011
2692
2231
266
410
611
171
1469
4747
56
702
576
2038
4069
2302
1849
1795
710
602
1150
3808
103
1596
2658
853
2321
1389
2000
214
487
461
136
1574
1170
1646
2563
1047
487
1418
887
3881
2414
3489
103
996
1144
125
754
181
604
1494
2963
4763
721
2427
525
2335
289
1820
60
846
705
322
1752
2587
2492
2438
361
730
2167
199
2455
903
1909
1910
124
997
942
1891
1276
70
590
1451
1396
3787
1747
945
4328
56
387
4607
1287
2652
2906
718
3446
1659
802
3698
4815
5
585
816
3826
2925
3452
1441
2233
3749
2802
514
3459
242
153
763
281
3050
1969
1693
4107
1303
2097
1535
2552
1059
2382
604
2611
1103
2649
2073
2869
1871
396
3452
383
2694
536
3733
2170
236
442
2369
937
947
3362
1062
3053
737
332
53
2551
2668
3186
770
2999
1844
2375
2880
1760
352
2253
560
2619
979
1874
1109
4145
1356
299
2606
2757
825
925
2234
1664
3642
3181
668
200
1888
4213
3078
786
3050
201
2252
4132
3240
2760
68
2836
2724
162
979
3886
605
3030
386
3724
84
382
1112
808
1806
3495
2575
3799
2160
1701
465
106
1420
3870
177
2303
3809
119
2393
1155
2385
1570
1833
3513
976
419
764
296
3863
3175
4600
312
2900
1780
2851
407
239
1484
2284
311
342
1374
530
3552
1428
2139
1342
3997
394
542
606
967
4503
1286
497
2378
835
2002
2262
672
1233
1444
106
4692
906
1549
2128
2864
2516
2700
3105
529
4731
2773
921
4722
557
1206
2887
1015
1388
32
2092
1558
2049
1358
1024
3559
44
382
3475
492
1208
1946
900
1777
1229
2695
3087
349
107
581
2424
1302
1519
300
771
758
279
536
10
1044
2434
4100
3382
1049
466
2384
535
1915
2743
2511
3665
4634
1981
54
1936
1988
2878
114
3018
724
1511
2093
2617
519
1869
3924
2373
2249
3033
1720
3146
2695
1397
804
2597
1014
267
2399
2890
1240
1889
1803
203
2715
1790
903
2817
1342
390
1199
744
2792
3802
1543
2845
2473
1778
4898
1893
1020
36
314
1805
3193
2686
1984
2105
3678
1066
1423
2464
1683
759
713
382
1702
529
490
1704
1618
2953
3626
150
1098
173
757
2060
1374
3290
191
1424
29
446
2833
346
3151
4145
135
907
2954
3474
1785
1071
933
1364
2335
1163
2139
819
2243
1386
2332
2254
4435
2301
1003
1489
809
1216
761
910
1109
93
840
3046
1458
611
2399
2209
1435
2826
188
22
593
49
3856
208
1447
3602
1431
444
2525
426
789
410
436
2052
110
1015
1394
14
2044
872
1385
2042
89
1835
1336
1840
721
3220
601
973
240
13
2287
420
2205
3905
1168
32
1116
479
1318
2890
824
2664
2503
321
305
1204
45
3522
1003
280
1231
2250
2115
800
840
4649
1186
3961
1864
596
640
1939
581
2497
2176
2538
916
3449
2305
2199
2590
621
1388
3756
2809
2200
952
886
80
3934
1238
4381
4330
1478
694
1261
510
417
774
2785
2310
4226
3079
4351
507
751
2350
2010
443
396
165
321
764
146
1876
747
148
3410
600
3541
15
964
3812
1746
2288
1480
1175
3477
17
3518
786
2982
2644
2897
2024
2507
9
558
2019
753
2687
207
49
1224
492
1292
1446
4450
4034
1106
673
1268
1802
1399
1148
2600
2623
2289
967
1128
707
749
503
977
2998
3131
1185
3750
4118
244
110
168
3924
157
128
2336
1196
1790
2171
248
2134
593
1447
1451
1252
2060
260
1278
2081
369
3943
72
2160
1226
626
1448
1705
596
1349
4643
590
1878
803
1493
1176
3648
944
3810
1651
4025
382
3298
2861
1192
236
156
799
2634
3642
571
1632
1484
21
3680
2142
2167
310
2954
2743
2896
239
343
827
1567
776
2439
1288
349
156
223
1026
328
89
1840
3464
2146
2903
2449
1568
1956
894
3178
2657
2876
2287
1812
2966
2158
2981
1756
164
3659
1726
3239
1977
261
79
713
1378
2482
2007
3059
1033
2690
2571
1041
3031
1026
913
1071
1113
1286
102
1923
2881
4068
1434
498
2872
1260
3205
1314
1877
851
1239
2123
1012
1106
3471
1537
3568
1111
2584
245
161
4160
3901
2442
3213
1581
3538
965
1106
2374
432
1562
597
686
2490
3907
1562
797
282
2109
303
433
1390
994
1520
3687
938
42
2068
1335
707
1372
301
3196
701
1589
968
85
1982
2764
3600
3876
3267
3174
757
2794
247
2789
419
436
443
44
1673
751
2087
562
1438
3855
1366
2751
2191
1826
202
986
699
452
1450
3218
287
32
2569
1390
792
3005
656
726
280
1306
2149
431
1338
1341
1881
22
3093
318
1529
4118
1950
970
1967
2495
663
1581
2542
3553
315
3726
2172
3395
1702
756
2481
3295
3243
1634
303
3501
158
430
644
408
1161
1955
48
4333
1322
2017
618
476
2043
88
1882
1788
1877
1004
475
1852
2642
1821
1928
1372
1538
836
850
1784
2121
817
1956
1004
937
1004
272
1160
268
2193
186
1308
2265
3409
1203
92
2499
941
624
514
195
3316
3227
2932
227
2484
358
792
2462
2068
883
819
1985
580
3459
1901
1958
1741
44
3848
422
422
2754
2089
860
799
2356
687
2130
1551
866
4296
2204
1272
4495
561
702
703
297
593
726
714
3176
1899
25
4187
474
79
82
2626
2552
107
1288
3423
2823
845
872
616
343
431
3272
2770
922
1193
591
220
895
1681
661
90
1468
763
2839
1249
2327
1135
3959
101
780
1491
599
3563
190
875
2299
943
1704
776
3022
1356
1336
1421
284
1990
1884
2400
3665
2116
2756
901
2008
1905
429
1326
2072
455
811
700
39
1816
1147
800
2924
477
2879
2228
699
3413
490
1562
284
385
2451
3656
1140
1105
3168
774
532
629
303
3492
3296
1323
818
2282
1424
1580
387
2572
456
3600
3727
1143
2094
344
352
1711
3726
2201
1497
2453
903
470
2143
720
3417
639
3014
826
3390
623
416
808
1739
2660
1487
4156
3193
1732
293
3886
1295
3527
3490
981
1387
34
593
1048
428
1117
2195
607
1336
1936
2025
2974
584
2981
2093
1454
3855
3809
3074
347
879
868
3570
1303
236
1590
2247
4477
2191
1129
979
96
129
3614
1918
248
1374
2260
2480
1467
3500
254
2719
781
2788
643
561
2440
1230
4441
2946
515
621
677
4265
1708
2557
2353
248
698
1130
1116
943
2586
3323
1735
452
501
1991
2735
2376
3220
2840
1490
3561
127
3779
1645
2600
1621
1678
1558
1423
3599
4346
1565
2281
753
402
2255
2050
1910
1482
915
158
3201
468
1708
141
1866
2098
2275
649
2442
2042
115
75
151
1837
2187
1175
2636
1549
2961
9
317
3079
818
2628
143
3309
3258
2178
1678
308
2735
842
1658
82
2392
69
475
1630
2877
2948
2241
4820
1410
2309
2666
1426
541
1977
903
2867
277
3011
1158
2503
4192
382
4189
2205
2698
841
791
2746
1976
534
4403
471
875
1919
3730
1459
1958
196
2039
4915
3382
3760
2164
77
3889
2448
2306
1733
1686
666
1189
1684
32
361
112
1955
24
911
1564
451
3525
938
570
1325
2132
1884
2462
732
3344
2847
1701
1368
2011
2381
713
906
443
741
257
1004
2773
4037
2445
208
1427
436
1075
2123
587
915
725
490
478
393
775
687
411
1770
987
2242
2161
1142
1435
4235
14
2406
1014
632
1117
59
239
3577
414
2918
1229
710
1849
2919
1633
3753
1446
883
2994
3159
2813
2869
699
1737
857
3052
2163
838
863
2943
1754
1517
2704
635
666
3851
4360
973
2172
1019
987
336
1438
2722
755
2993
1824
551
122
997
209
597
1209
493
138
2072
1849
841
2591
278
2033
1754
1563
2010
499
2586
3079
2442
4713
74
2797
180
983
279
1544
3657
2873
988
2032
784
1407
40
542
2505
759
1536
3189
3847
558
3027
3356
555
1779
3417
145
2967
471
4353
1835
1732
1086
723
2517
2323
3868
960
585
1505
1913
1504
653
530
595
1607
1665
54
2343
1775
498
1802
2808
670
2909
2466
306
3263
1420
1689
3349
975
387
113
2794
1559
3889
804
3508
1314
2295
3848
1271
578
1843
1836
125
1242
2591
1898
282
2840
339
315
1041
224
3125
2572
2220
2248
2059
3689
3644
1229
128
1042
2578
46
2069
43
192
519
2305
2994
158
2099
628
463
705
2577
4393
391
4847
402
3448
2288
3436
1536
477
683
3732
240
2773
3262
3281
3335
3361
3634
2780
3020
940
3595
375
505
2825
1227
221
551
702
479
112
1359
3588
2129
2052
297
2687
2047
2160
1887
3794
1159
1962
1409
875
1932
2382
69
1733
357
2680
518
2963
1287
329
728
4406
2821
2381
2804
755
4028
738
3009
2642
3253
2549
1477
1600
870
2449
3781
585
369
209
576
676
1728
3335
3598
1143
67
105
1925
1353
3415
417
1639
57
1561
952
3098
1586
772
4564
2747
3447
449
3229
1644
721
2506
2474
893
4091
418
2591
165
51
2050
583
4278
2202
1288
289
3305
1452
3257
684
64
1706
3411
1586
109
5
2998
1648
2479
4024
2387
466
2373
3777
1973
333
3226
585
4375
1350
1545
711
2534
2286
3161
4350
344
2642
2714
1795
1661
591
180
182
1258
87
2632
1314
3874
650
350
1554
20
3177
869
617
1751
2333
90
2922
2392
4043
3585
3074
3605
1489
2396
1584
3028
4326
169
2678
1188
2876
1350
3391
462
2697
1573
1062
529
2409
3734
391
284
832
731
9
3350
9
3393
1761
3178
1380
3088
1498
1510
1099
882
3627
2296
2537
710
1197
43
551
280
3710
1446
1909
1348
4468
1286
3247
2179
281
2000
754
617
3043
351
3190
582
593
3314
3498
641
487
2312
1226
197
1522
1477
787
2201
958
1540
3759
1721
1563
2905
650
752
1843
60
3186
3191
3218
173
1563
1306
231
842
852
1580
426
285
311
553
907
1602
704
1455
2309
3025
1646
4751
1805
362
190
1435
1747
2554
1994
4295
2548
2466
3324
249
1542
3210
2682
1059
2921
1333
3259
2451
2749
1159
1299
366
169
472
3305
509
18
3009
825
3399
2629
4264
2012
437
1558
957
2957
3979
1983
733
948
1906
317
2400
718
1677
807
1154
3678
1173
3119
2408
765
893
343
1918
3365
2611
3056
2324
2765
2170
1784
2464
2621
2448
115
1486
275
1236
3841
1257
27
191
3196
3822
2107
3020
907
299
1720
1669
3802
4706
3026
1634
1621
815
27
4420
2401
1993
2672
1296
1709
2855
54
886
748
2357
3351
2400
4688
3070
832
345
386
895
1191
1901
3674
257
3795
482
2176
3052
1428
2867
3939
1853
2132
3195
560
1508
336
1645
1912
238
3352
906
355
4050
2818
1617
2894
3684
1673
2190
2976
4540
2354
1568
1042
4264
2498
75
2873
76
1380
2395
2707
1964
443
3435
261
1083
4085
1918
405
3159
659
1935
490
229
365
692
59
420
4220
739
2511
330
146
1414
1163
2675
890
475
714
1562
2824
172
3014
3221
2274
767
3255
237
3002
884
102
1165
2004
282
705
689
685
536
251
1089
1720
3618
863
829
4652
1999
2313
859
2354
2739
3511
738
2595
2192
3776
5
1386
2096
1336
3756
736
1071
2684
968
928
1547
2943
3519
1813
879
316
593
4174
2711
2167
1029
1397
53
1583
284
4112
175
2484
2411
356
777
1488
957
4450
2799
2334
1122
4906
1724
3719
301
350
688
1064
2350
798
741
137
1949
24
1101
418
501
2224
2261
3034
875
1501
431
2451
2477
2668
1046
2621
799
4301
1440
428
2148
27
2861
2823
3415
2314
2539
2375
3356
862
969
201
2279
265
2536
86
1211
851
4544
3744
1027
279
3787
145
972
3163
966
1094
1391
2195
2764
892
1352
2058
608
2008
3543
3239
4411
266
740
4609
279
1518
2209
2354
61
1569
3562
978
968
1280
111
233
2362
4066
1255
2075
1655
56
1864
2981
1727
2933
3288
976
1976
2712
676
336
455
398
1607
4245
702
998
703
860
1589
4289
2397
2046
1681
941
4118
3667
1762
1398
2726
335
388
299
1236
370
4042
3219
2783
319
262
4131
1212
1251
900
2470
1025
1846
416
2605
2840
1241
2035
479
775
1004
2629
1947
1915
3213
979
3434
3854
983
3009
106
2633
2004
2614
1489
139
2797
3089
936
2385
248
145
3702
3065
960
2969
1223
1650
3027
3373
1411
3097
959
2178
2626
2519
4162
2871
2249
3043
831
1419
2044
627
313
2265
281
2633
1690
1244
3157
2719
2144
3598
779
939
2695
57
792
1456
3801
3677
95
1517
1175
4118
3242
2941
1694
3043
4392
201
3182
2614
496
1219
3717
779
2956
3127
62
228
269
1455
1184
1532
2738
1461
1718
4600
1073
996
356
2227
1375
4615
1820
826
1466
535
2390
547
1372
3165
993
806
350
1416
496
4697
142
2077
1672
2518
3014
2943
3103
2956
3497
1598
2687
4168
2672
3803
1440
101
2772
4082
129
1426
1355
733
1180
1816
504
948
1217
1446
1568
587
1695
938
802
3694
922
535
2306
2683
3610
782
548
1885
750
4151
930
2961
2712
2940
1057
1186
1438
363
1734
3373
1186
608
202
2725
216
3405
2229
789
1426
2658
1503
41
2431
2186
2381
1062
243
332
392
1427
1322
2961
2024
338
1759
2092
3216
978
35
2882
3446
2012
896
144
1421
1549
1954
2881
2017
1091
2526
590
3129
1137
2453
682
850
1280
626
634
699
2943
516
18
851
2296
2371
246
609
2747
799
129
1556
2717
1413
2731
1705
2269
530
60
19
1862
1266
3758
3703
498
3013
868
2784
882
1426
3052
3427
2683
336
1014
607
208
2278
777
87
168
1060
2078
1396
922
2616
1655
743
598
1244
121
2585
1978
1954
1096
3181
650
515
3743
2235
912
2829
1620
173
3302
1169
4036
1827
1881
740
1478
973
596
1593
2345
186
340
641
1240
1285
462
950
3015
3052
2917
3833
1323
2988
898
1040
145
615
1255
1159
1514
1623
209
3282
3743
1731
1967
2129
4236
2049
2816
2023
3657
2413
3196
242
1042
1251
1518
1802
1305
2120
499
4498
246
1401
2403
557
1955
557
1515
2293
1411
400
348
366
2619
1200
2143
3193
1083
4483
1418
2422
3385
725
1325
135
3644
2951
2534
493
1652
2771
977
2660
2836
3384
519
1877
1086
2325
1565
562
4259
831
149
2855
1608
3790
2668
15
696
2279
2732
1156
1963
173
4185
1684
1193
4166
2180
1791
1636
4043
4326
1811
658
1785
3489
1196
1689
78
915
334
2308
66
4329
1238
907
2911
3547
2927
1623
3123
643
2631
1572
722
1627
1229
3460
1659
705
1503
337
995
2968
788
3421
3648
2179
1727
559
1694
1658
3318
2598
2128
1114
634
2447
1273
1596
170
886
2993
2617
2171
196
1011
572
3041
4455
952
1930
818
521
376
926
3480
162
3031
404
1006
2914
1672
1680
3130
1301
3057
1286
1021
2530
1210
300
255
208
1332
2272
1026
2485
2136
1641
1207
554
524
3304
1549
883
64
2549
3164
61
375
563
713
1380
359
953
1507
3990
4135
190
3606
1720
975
4478
688
1069
1566
1143
2473
4349
1601
263
3983
2517
3191
3162
1540
1641
3542
721
4245
3714
1412
815
1770
926
3942
1028
2665
2799
2034
751
3188
2711
255
81
1537
2263
761
163
1741
3184
889
639
873
218
3736
1085
3259
1487
2889
131
3021
3501
244
701
1158
300
1471
361
2760
1742
2072
1939
3202
1276
1959
1015
2067
832
951
1692
1096
943
3014
2743
3662
1157
3326
1556
75
2626
3636
546
1457
3784
3310
156
1225
1816
684
938
2403
24
800
2352
846
1258
4258
196
99
1888
1697
2628
623
2973
3853
937
650
1261
2888
3224
1832
248
3988
325
1688
4293
2401
763
3383
829
785
2503
3071
961
4288
3371
4007
2449
352
1763
2075
86
1718
2191
1126
2568
1033
433
3020
1032
1470
2237
2397
613
420
1160
564
2398
1070
291
1813
708
1302
3512
815
3129
466
350
1738
626
2449
676
700
3000
2464
773
621
4125
1221
1604
395
631
171
466
890
463
2606
2131
2748
4089
3194
729
2460
849
102
899
2296
10
1418
197
1130
1508
3259
847
1384
3169
2346
1222
3030
3267
4281
115
1064
1245
1087
732
1080
1744
3069
349
3872
991
2275
211
938
269
3271
810
1527
228
1633
4721
4425
245
2112
758
2699
198
260
477
761
3209
1309
1918
2606
1347
2155
590
808
1246
2603
480
1397
1388
2879
2758
775
231
1467
782
2403
1256
2090
946
273
715
56
1640
3714
2695
3483
3594
28
1841
3158
1120
700
205
327
668
3895
465
76
3602
2373
632
2991
4293
1299
1152
512
1120
1755
2010
3425
1091
751
1381
142
3263
3978
1408
112
4888
931
960
1491
744
3345
1226
1201
805
921
1098
4683
350
680
1392
3822
2046
945
77
267
3523
4673
363
289
170
2903
492
2946
236
1721
453
1769
622
2503
2099
532
1397
590
4554
936
891
769
3073
1155
978
2344
54
186
97
1474
861
3172
2195
273
4367
158
2855
1383
1049
1588
2779
378
3946
481
91
3046
383
3257
1145
3212
2844
2421
2736
3578
1009
344
2960
2383
3316
2087
1462
1012
236
1150
946
324
154
832
1623
1155
1880
1103
325
1586
1500
1034
833
1860
2672
951
3073
3418
3560
46
573
296
1314
4199
2998
911
2196
3152
416
23
4594
3159
220
1662
3266
671
2621
1453
2714
2020
2412
2633
3398
990
205
3437
2070
996
1318
2588
1741
3091
134
305
2949
197
648
1324
911
2255
521
1307
2799
2565
1737
2496
2757
903
2665
1669
283
3357
739
1376
782
236
465
2599
52
11
97
3637
4109
1422
2659
715
1456
1432
1175
1182
941
732
1365
473
2188
1842
2961
2318
1426
4405
1111
1202
155
2364
3204
4196
2343
4254
2847
2707
1792
174
1287
554
2325
673
1573
1646
2328
638
966
2336
1838
1428
647
3976
327
4098
116
2976
2054
3607
2338
1286
205
1975
1614
4145
1651
708
1352
1228
2504
946
377
1161
383
411
898
1749
321
4213
3517
1672
1346
1540
1199
1436
2520
1157
570
251
1893
2051
586
2260
835
1342
2619
1673
2185
1516
2321
2831
3185
493
3885
572
2380
1619
325
1966
1337
985
1686
14
2407
1605
1657
1732
2093
62
2313
1704
2342
1965
285
1210
578
1446
475
1416
1614
3038
594
1337
283
2567
1961
1801
157
2333
987
2098
3497
3998
855
3524
3620
3900
213
481
207
3081
2395
1889
1195
3803
2543
1051
3681
572
1132
1940
2936
2966
1736
705
625
1216
715
3316
4259
1803
2568
3555
2165
1026
4107
1006
2919
1189
2191
80
863
3334
218
1117
982
393
437
4718
600
2055
2005
793
429
1345
266
248
2952
310
1527
1076
2175
2886
1955
196
1610
4545
1366
1201
827
64
2165
3581
746
4056
1888
2743
2563
2466
3273
1793
2406
112
1115
1491
1780
3146
2278
179
962
3040
362
375
355
1641
2125
3527
350
913
2173
4454
814
1644
2810
3058
21
2251
1699
469
1255
1529
485
3262
323
2530
2684
3203
2899
1230
1215
2063
615
3270
864
628
1666
743
1354
1596
2729
438
992
3260
1969
2920
1902
665
342
2902
1604
1149
1690
127
709
254
1500
1061
266
1280
237
2968
814
2454
2041
3504
274
3613
1635
3620
448
2034
3316
924
476
2571
224
364
1329
741
260
2204
1983
203
1398
3554
1858
2977
3611
2478
1700
64
1776
968
1921
3275
963
1267
1482
2537
2724
2720
1063
4304
319
1605
1027
1117
774
145
2192
297
889
726
2024
990
418
956
3029
2459
1884
508
1540
756
1690
1631
2607
17
469
3619
4307
2445
3848
1581
1812
1791
1307
3458
350
2580
2372
1312
902
214
3772
2169
1140
559
255
863
795
2408
125
320
1550
1925
506
6
1388
3822
3939
80
1438
1852
3228
1450
534
49
2939
4034
1854
217
847
4026
3638
187
2124
391
2918
258
4172
269
199
641
3411
3913
2049
1600
1584
266
1576
245
1198
799
459
976
3196
2684
1808
403
1816
178
1413
1945
2755
2095
538
1216
3504
1904
3888
3617
1356
326
2123
3727
51
2945
392
1132
2221
517
2356
3384
355
3901
988
116
1586
1542
1546
2998
1290
1610
952
1438
3535
2779
161
3741
374
2544
1741
2022
1690
486
189
2941
4667
201
3827
4513
317
521
2961
1728
1176
593
173
1400
290
1935
1692
252
1057
214
838
1669
110
765
1645
2417
288
1066
2677
1332
1156
379
42
1684
990
1393
2442
1536
3456
2087
2218
4295
1479
341
3102
4048
878
1585
3018
2189
4195
662
258
1233
2628
1048
1629
3250
4419
463
310
1628
3063
1169
2079
141
1826
1322
949
3398
219
1020
304
268
690
824
1509
383
376
1311
606
1096
2290
1903
1338
5
1928
801
145
770
2008
1500
1629
1687
3994
3400
2212
3002
2391
364
2249
193
4249
964
992
2009
2307
539
1335
1566
581
1690
1652
368
333
297
4099
885
3558
3326
397
1473
1112
268
219
2688
3172
451
1600
3963
1116
3932
1777
2901
194
1755
1496
623
1990
2131
2401
1173
253
621
1877
2746
3972
817
4740
4380
2815
803
502
430
4191
2983
1301
1169
4107
1521
3588
1329
1514
557
4187
3492
384
2465
429
454
1188
3195
2308
1517
2103
2231
1728
316
1082
834
2290
942
2158
1477
3973
813
1094
120
212
20
656
1454
464
2648
193
1670
1452
1048
3711
1550
585
383
511
1616
1113
259
433
2712
2193
701
334
3165
3864
1287
2051
2481
1133
843
2717
1548
3267
2946
1059
1913
2749
2106
1801
1641
782
3155
1773
213
923
3476
321
302
1143
3893
836
2254
107
2295
921
2220
50
2656
721
781
1544
523
1023
55
3452
1325
271
2071
922
639
2405
741
861
2547
1480
1728
362
2080
1589
300
1057
720
1486
715
1383
2393
262
95
62
382
693
482
675
96
1204
1892
3053
3355
2189
156
675
2130
1930
1478
2300
119
4637
1813
2891
517
1245
1787
1843
2631
1287
591
495
2579
2786
2036
1989
1742
1602
679
588
2694
4698
1243
1539
3847
2485
4026
3579
2301
1999
3928
2479
794
2587
1470
2928
591
2170
3239
1155
4879
4378
630
822
312
1585
109
2776
787
2744
3098
3280
2336
4151
2744
873
490
208
2989
1497
398
1886
13
1868
2031
3041
1583
221
648
1300
2719
1096
3304
976
1033
2767
40
3120
1302
3908
448
318
672
2973
2642
4956
33
2046
900
3152
816
4457
3711
562
1950
1253
559
969
1748
1411
2678
3108
751
741
2916
2469
3749
180
126
1281
1108
768
1295
3483
45
604
205
222
1928
3266
2687
498
2179
1549
1801
261
2804
1668
173
4357
283
2153
3943
358
768
745
619
1797
2483
626
581
3801
2442
2645
2540
2830
480
1983
3091
604
2612
1794
1104
3129
1227
186
1726
33
1203
1910
547
6
2081
1528
3683
304
29
1979
1613
1898
1714
1941
3110
1466
3370
177
2492
262
2614
2063
439
2826
567
1456
1638
1400
1366
863
997
761
1518
1203
986
3884
554
265
73
2455
1020
1867
301
3238
2468
1694
3241
254
4030
16
1723
2619
98
3735
3296
947
85
3081
2720
421
568
777
1347
504
2527
449
3265
403
79
2888
622
4736
2970
2084
466
777
23
2483
3974
603
2982
3159
4271
4399
641
1763
2269
1364
2305
1060
390
2755
1194
1771
2065
825
3154
3726
1100
1552
1715
2978
3139
681
592
4149
845
2411
1704
3352
722
2267
2042
1848
1096
150
3109
951
764
1514
1157
2157
710
788
2328
2916
518
3812
1515
3351
4137
1857
1770
557
751
337
1021
3388
1936
345
4151
944
3100
2953
2875
2191
463
1356
2066
4018
1604
345
1910
3151
2662
113
1446
338
295
1443
725
3443
2631
210
2192
2084
1891
1967
20
3487
4000
1080
89
338
1355
970
556
1679
342
276
2751
2431
1335
2932
1421
43
3214
4595
763
1656
963
4333
407
3096
4002
1554
815
2919
134
1464
3732
1061
3071
1309
559
2636
1608
763
2937
2228
2475
2806
2295
2482
1187
3510
2737
2845
4106
2613
2372
1092
2653
844
1090
2259
1030
383
1480
4443
3423
2127
1165
2868
487
673
3194
2364
428
2417
50
683
52
1122
2093
1995
3877
2090
1156
64
1175
2378
4247
459
319
825
236
499
68
1280
2800
2646
1065
41
1571
2672
936
536
339
3262
3611
1985
2725
454
25
2843
1092
2242
54
1626
1401
2032
2141
726
448
1361
1539
141
1788
98
527
1785
2302
2058
1208
4169
276
4373
795
1501
1681
237
3268
2725
1190
2121
3185
1480
837
4238
2538
1910
325
2208
2015
107
3548
61
1065
1092
1014
3271
2299
246
2922
557
2095
2955
424
489
784
2348
2413
3509
1864
2657
103
374
419
2825
2175
215
1619
4437
4051
3075
1775
1346
1868
1587
564
2229
1571
3317
3456
729
177
74
667
2569
196
306
3083
1848
1914
1511
322
985
11
617
3805
21
985
2479
4152
408
2453
3784
2344
263
2422
280
3028
1660
1526
204
4321
2
62
3280
1633
972
1154
1655
3691
384
2132
310
902
2933
686
1495
1328
962
2346
1912
806
1423
1452
559
1989
1769
1922
3372
2156
1839
1230
823
144
2633
2712
3894
1983
2905
3495
237
376
1600
1235
2269
637
2443
1062
2801
1691
2560
1459
2906
6
2181
477
1124
1748
1201
1572
2066
1061
1979
272
287
914
2223
2454
1710
3404
2220
3417
766
126
1036
542
456
1658
724
1896
130
2664
899
1849
3378
1052
1880
1627
14
2303
1355
2746
1008
624
697
1096
3101
2492
410
2668
2595
34
2157
417
1107
1617
1044
65
668
2727
2596
1528
1786
4039
2718
195
1286
1295
992
1104
32
1772
553
3816
2813
15
1077
3336
1314
1855
443
1042
1872
447
517
985
4714
2772
4905
215
1264
3061
3632
816
955
385
141
1862
2333
1754
397
4329
1646
1220
887
1278
245
493
23
2245
87
2043
407
1214
2898
627
241
1203
395
2291
1645
1770
1581
3454
2128
363
1480
666
868
2554
2671
371
1728
1714
639
903
2302
1902
3531
1010
655
2766
1105
220
1509
4349
407
1306
961
3541
3806
3511
2108
106
1517
63
1166
871
1527
3385
1670
3122
709
2317
886
3037
3352
1980
2865
369
1451
3678
3122
2364
3668
1660
2625
1032
2088
3905
2090
3028
383
2076
637
2166
3320
2059
2369
3213
941
86
2683
1124
1072
3702
2038
864
3739
1691
2559
1042
468
3914
568
3982
1285
37
2359
1336
15
1246
739
618
3667
1025
1042
172
1621
2549
739
336
2522
313
1189
1831
3102
3533
617
1585
474
2370
292
1615
1591
1605
942
1139
225
1924
2559
3388
1760
3388
3718
1656
455
206
722
288
517
150
978
3411
913
1248
1993
2008
368
3108
3025
67
1301
1021
121
790
2858
1068
2958
2634
3444
2178
3672
569
2148
2752
1635
2505
894
917
380
69
1241
1072
887
1853
1090
2363
2930
1800
2591
3671
2347
1366
1799
940
253
300
57
1876
536
3088
1414
368
366
437
638
1865
479
1465
639
992
2896
3103
335
1747
636
2055
4179
3086
3716
1667
4532
1279
513
2745
2421
1705
1290
3370
1179
2949
526
2998
1247
3402
4435
1578
1832
3771
3618
545
4579
335
1544
3962
416
339
1534
1681
2488
1791
1289
205
1499
769
1380
2052
1239
3158
63
1760
2333
13
3335
4629
2688
4140
1137
1080
567
962
408
1083
3020
3075
3971
42
1148
2324
3316
675
1268
343
922
974
3443
221
2535
1033
559
1009
2596
134
2221
547
922
523
579
1023
1743
1434
574
3298
2164
3228
386
885
4369
1031
485
3173
332
2432
868
2235
1463
320
2112
633
2032
3590
1935
1353
3089
2321
1585
3424
419
985
562
367
165
297
242
1151
1268
419
906
1237
2161
1842
2888
1743
1441
385
799
179
2682
776
1500
1772
656
1340
1621
3022
1314
3638
968
2376
3142
1422
2237
1617
896
133
1659
639
159
1326
2571
928
1442
1084
780
1139
365
757
1876
357
973
2318
362
1230
407
61
1800
2410
69
940
1532
1209
406
1084
2333
326
1318
838
2179
1313
269
2587
213
1259
1181
81
132
1158
2416
939
877
849
540
1459
3438
998
1108
190
1179
238
2663
2439
922
2366
3609
1018
7
2216
443
2779
1260
1703
803
2812
3757
1175
187
358
2292
2577
1249
179
2041
188
121
3417
1214
1739
1762
2164
1066
2024
1597
2261
51
1959
2251
1454
237
2219
875
931
1582
4373
507
2967
474
331
1783
393
4738
1656
3254
1397
514
804
2025
2829
1075
358
972
169
1463
1977
507
167
3614
1800
3346
3902
1812
3733
571
1954
4291
3189
734
1233
822
985
2839
1282
2053
2333
280
763
1093
1136
3225
4088
3599
3339
600
1334
136
2379
1279
502
2380
2680
3819
3020
858
3465
881
1421
544
428
93
3799
715
3190
968
1302
1592
1042
3780
1252
400
2354
814
989
397
133
697
2696
2952
3644
365
2101
121
1665
2312
3920
946
624
2266
446
2093
1467
1163
2588
139
2381
3091
139
1550
2743
3113
2347
2481
3457
804
1880
2241
4536
988
1672
1656
4340
647
449
1462
448
2739
4344
2117
3741
2849
4367
425
2315
207
179
2384
1533
746
2683
1327
61
1960
102
1130
822
1934
2248
14
1493
1491
2041
3500
1759
3022
1658
3720
1396
757
2938
2504
788
4312
1693
1119
2832
46
546
603
1552
1070
1434
3634
1044
997
2881
2327
942
1751
668
2322
1268
1549
380
385
1570
4101
1921
911
3003
595
1416
1254
3129
913
2226
3331
1138
432
1489
234
1790
627
751
1056
1386
2801
1816
1645
4744
2983
800
991
196
2453
175
2473
213
184
1155
1767
4076
1699
3416
1883
363
208
2222
245
2080
3257
2141
2997
142
3519
2363
2145
1388
86
159
615
1211
1188
3985
494
1099
313
1802
160
3242
2291
1550
1951
1078
82
2270
1002
587
2613
3589
957
2065
893
1019
2265
2595
2348
1266
3123
931
1883
556
3161
1122
2001
2325
2446
4338
23
4165
236
78
4180
3083
331
305
1751
579
2108
1067
451
812
246
297
3513
2303
827
3666
1609
181
1209
516
3402
2378
246
1195
3000
1661
673
2715
3714
2138
2042
3304
844
2862
1849
4549
1759
4263
1208
2078
339
1681
882
4398
1130
645
2217
56
234
2134
1822
3026
2696
32
4751
849
3130
3905
659
1631
2264
1355
19
1920
1562
1516
2151
1796
765
2885
1261
1454
847
523
2196
2880
1204
1303
1759
177
451
902
311
1827
543
737
3197
352
1622
1549
952
46
3242
800
3864
120
494
2680
379
309
345
3588
911
1254
1658
491
1501
3471
590
427
2566
3948
98
2031
2509
108
1831
3176
1234
969
3914
2740
3455
1479
53
587
2803
2550
339
3171
1516
1808
1316
1530
4426
2277
188
1285
2903
52
3589
221
691
2106
2652
291
3632
1595
1817
220
2917
361
2587
1253
895
2980
92
1268
2540
904
744
1296
2822
216
2162
4152
2252
1793
92
2907
944
183
1048
656
3075
2025
4128
43
380
1210
2057
1627
4186
3588
117
2272
1426
3354
1320
3394
516
1840
2062
2175
952
1760
728
1253
3681
175
1330
2886
79
2973
818
1510
978
2072
192
730
1103
1668
689
87
2971
2870
3217
866
1181
756
573
111
682
538
879
2197
1132
1281
808
3571
3421
567
413
2674
1557
3512
548
532
258
2514
2609
988
3402
479
1761
87
371
4337
2997
710
1118
2467
2551
562
622
2332
2539
1001
3636
268
1238
1561
26
392
348
3487
243
1623
2001
3300
73
150
2420
860
269
4836
2959
2639
2581
47
2317
1596
1041
561
1555
1356
1803
806
910
293
1040
191
580
453
521
239
295
2145
1740
1648
2208
2802
3316
3301
2508
211
1557
3290
1868
562
654
1669
936
104
4317
264
1142
213
2308
1862
2525
3279
1140
149
3371
654
578
844
674
1387
249
2085
4248
1823
2223
3141
1455
92
3705
4024
2584
2600
1839
687
3615
1063
1342
3035
2085
2162
3268
400
2344
690
1852
2900
1485
2431
793
3531
2446
1998
554
1094
1922
795
1642
2505
2739
1622
2686
540
1089
2857
488
667
2064
1199
647
984
2343
1073
3003
964
540
716
1643
1643
1314
1630
3819
810
1904
28
219
1709
1544
1190
1069
1861
1531
2139
827
350
2251
464
2411
3182
235
592
853
363
5
1417
3374
2081
3446
980
1306
2262
916
1789
642
596
1705
3333
2090
3459
954
1536
1270
1966
514
1299
2096
793
620
313
943
1844
3640
1266
737
802
1664
3209
733
2386
1073
1529
1892
404
2955
2263
2461
1841
504
1121
784
2308
2258
479
693
672
439
62
2396
1056
985
2132
325
1632
442
1699
116
2733
2339
4295
3349
344
1925
1505
3181
371
518
2578
3652
796
3564
1816
3695
588
3811
1319
1322
346
274
2391
1517
1084
798
2344
2701
317
159
3256
3593
2554
199
1927
1495
1984
2130
1599
2696
2936
3590
37
193
646
1674
1008
4348
1622
3236
364
150
2156
3019
3136
2145
960
699
1301
104
1619
1001
1986
1012
123
831
577
2232
3104
701
2143
496
2858
1282
731
821
4066
3649
490
4137
1338
1171
1500
2957
1894
2748
873
4122
1678
2996
2887
2418
2169
1506
2861
4444
887
1051
180
580
2369
3452
2658
2346
1140
876
1797
861
381
1618
194
251
299
985
2452
2372
1496
1202
276
750
1530
1600
243
714
1208
2255
1709
782
313
2349
319
462
806
1356
522
1348
1312
680
3184
241
1035
4700
106
2758
3437
259
1524
2792
1369
1087
2657
730
3326
2283
1348
2747
429
2294
1587
2437
1382
326
180
181
540
2551
2465
1056
217
3553
1033
1313
1100
658
2819
1054
2520
3305
170
2845
2293
1007
1892
19
2675
368
2536
911
1209
1808
1162
741
1122
376
552
3206
1538
4360
170
1395
1467
2369
777
1971
21
2324
1047
538
613
3327
2300
657
888
1083
1367
145
2826
3703
370
3028
4095
1974
2109
158
3276
66
1034
1386
2308
411
685
1298
1057
690
340
1055
1029
401
3057
3097
2859
287
85
3767
2444
1378
1747
1324
1037
3942
1329
2350
4135
1885
920
1909
2008
3104
1731
2454
1380
777
147
1889
1426
565
150
883
367
890
1915
891
1697
1786
2550
396
2276
907
1197
1231
621
252
1535
336
24
1920
3555
3726
879
965
385
2657
3864
2272
1046
4525
466
1849
2079
663
229
584
662
2742
830
1934
1590
417
500
1927
1348
983
3665
1674
2668
443
381
2266
2098
4576
3326
100
4642
2543
714
1268
1445
2353
26
713
1992
989
635
1035
1426
4837
855
1473
2861
3202
163
4570
1189
259
1338
2045
2287
2486
2039
550
3082
236
1798
2620
296
1221
574
718
1816
1222
2020
4280
2171
1794
1396
231
1410
3973
571
2080
2073
188
1410
375
860
442
330
2330
204
257
1104
1985
2344
2004
2092
2504
3656
416
774
167
543
3154
2118
2331
4198
212
1438
3501
3963
2575
3062
819
323
619
1667
595
66
2225
1051
36
106
288
2221
452
274
1232
2988
2726
622
1073
1361
1761
2156
1068
734
849
1862
3279
1222
2596
512
404
212
742
1044
2200
4206
885
1240
2174
1098
2398
3925
1846
142
1293
1774
779
1598
2870
1153
2485
1166
1294
7
2965
2427
1921
350
645
1305
1620
2327
171
852
784
91
1320
2557
4661
1392
2123
2157
899
3323
1057
3087
43
1350
316
1322
2365
4088
587
76
1457
4098
1937
748
3118
953
3742
2332
330
286
3559
2040
4007
238
1305
3878
252
1224
173
1479
374
1499
1571
4131
1236
3061
2342
4737
4050
907
378
1489
671
2432
578
443
3720
1048
36
970
442
1122
1892
719
484
2278
364
529
1999
4773
2336
566
1723
2296
791
1851
1153
2003
473
3738
825
2325
4021
2955
4572
3995
2188
1583
308
3528
704
1418
71
2323
1122
433
1692
1233
157
130
1055
1615
2972
349
2230
264
1979
1998
1550
2809
2819
4876
2671
3027
1476
4085
2497
83
1429
414
528
813
2783
3830
2171
2015
1935
293
2399
284
523
2185
622
336
983
1032
1421
2226
594
921
616
3839
3192
2126
1344
1948
212
2486
2427
60
1806
2175
414
2768
1098
2447
1451
755
948
149
680
2557
2745
269
700
946
334
4449
2009
1422
1791
801
1057
3181
3561
4525
1239
1868
2375
1497
4406
2697
63
3476
1193
47
1286
1675
1598
3166
1029
2262
1735
1680
520
2019
43
3580
3729
9
242
309
3030
3565
664
807
798
484
1808
1999
499
3602
1564
2740
2537
1564
45
176
4151
1646
1081
1186
4431
1538
2
2490
3807
2111
471
2434
1978
739
3186
2212
4277
2408
1179
4013
1347
2982
1711
3568
1531
32
1827
1353
218
498
1943
621
2291
3492
1276
3965
2153
59
1010
3239
2335
837
3403
2181
1095
39
3627
236
3918
2476
3380
2793
4498
4106
3708
1914
1433
646
2742
1052
4819
3470
1306
1096
1037
2966
1729
153
79
3178
2752
2015
765
279
904
328
2504
1380
1730
2568
1286
1001
159
688
4583
2394
2315
3734
288
3913
923
1625
878
1236
336
1899
1238
188
4687
3636
2783
1490
1429
167
4407
2626
1075
101
598
1286
1135
2312
2347
919
1500
806
902
2615
2441
576
4492
792
31
154
2409
1727
365
633
3302
4608
5
1649
1888
861
576
310
2044
919
1264
1096
3747
3333
1215
1732
3639
1676
572
2885
2985
2958
4141
1140
823
1164
937
3345
268
717
1876
894
3163
2043
417
497
2085
980
20
339
1509
468
1014
942
133
1296
2704
417
4425
3610
784
2346
4520
2101
492
1733
1116
691
1135
2860
1240
662
1294
214
2112
97
1521
4285
2317
913
3170
224
167
1368
2909
669
1005
926
162
1346
2563
456
3363
1506
888
368
1258
2709
3151
273
487
1244
449
3738
1050
3724
2341
1681
1824
1974
2539
1022
657
4177
1286
2344
3165
4767
757
841
250
1347
4524
3789
122
3512
3158
1819
1297
1924
2490
318
1188
4186
1460
28
1676
2422
634
1754
280
3073
2113
1690
2295
1391
1065
1283
209
1778
4449
2792
3366
365
1533
1840
2418
2398
1082
1328
251
1126
1118
3944
2010
1521
3354
2704
3442
879
208
1778
2820
1893
1868
267
1001
2006
2275
363
441
246
1951
1557
3149
2757
712
3423
881
1618
1005
1661
3443
2397
367
3585
1388
2827
1261
2559
4250
520
3712
3587
3212
1299
3642
1595
1033
263
2877
2442
646
1189
325
744
1529
217
2645
1402
413
3003
2922
2121
4219
4188
3523
2335
715
54
531
1528
724
1181
1114
1579
1285
239
251
652
429
1043
1800
4303
1183
331
670
123
544
3613
2399
179
776
1163
872
2377
1976
1928
784
4341
351
3960
293
1855
2640
4267
543
2952
2081
205
128
893
163
2818
564
1559
3426
4294
1870
325
1694
451
1927
927
129
400
1268
2082
3922
2084
3170
2789
389
2476
1396
2284
1720
2274
3759
1088
4154
4556
1437
1814
1781
329
3515
1170
995
1400
2185
1457
1791
512
741
3444
2023
858
255
3205
288
967
2895
78
4128
1559
1060
2437
137
3995
2229
881
1204
4126
944
2939
1936
2192
1475
2966
825
770
1378
1256
1112
951
3913
2713
568
965
336
768
1173
1070
2302
2375
1249
39
491
665
1782
1284
1574
1195
596
1240
1034
3234
70
4553
932
182
1265
2201
2999
1463
1041
3601
157
3706
2120
1473
791
3568
84
25
1219
1450
115
222
269
1334
35
2588
1969
599
1592
3477
2208
1748
2159
3718
1942
665
595
1936
2235
2014
2040
783
1203
2843
1825
2978
3585
2752
1479
2130
692
2612
3187
3482
2764
1980
2135
2646
3119
3850
2276
630
483
2461
2182
4465
1338
9
3538
172
3324
2007
3882
1540
1364
3844
4986
152
1206
93
1375
242
2470
2052
972
4269
1015
317
1854
701
314
1380
3777
1869
948
666
1014
3138
2121
1887
3609
3227
2432
4478
1750
1675
49
467
1828
111
1140
2710
2351
2917
1165
3534
104
3364
776
3356
571
1726
2336
202
120
1389
2604
2171
1226
1905
2253
4500
3746
527
1043
2692
1781
1913
2200
2209
2087
1818
159
2750
3439
945
614
2076
987
374
4105
4004
2086
1882
3067
4462
698
3479
3277
1282
236
586
1619
684
1747
2078
2828
1175
2078
1476
1143
2622
2525
2944
95
626
2127
2640
2945
754
4450
1580
2981
216
1717
1300
1062
937
3598
728
3147
786
163
3848
2051
463
71
1223
1602
465
397
2472
3004
3186
1417
1731
1188
928
801
3346
2615
2007
2286
3020
2429
1082
1203
475
1481
4359
1393
122
156
1512
2125
1563
2513
1503
3279
602
1017
3880
33
1660
2668
1675
3899
1258
588
1508
182
1662
3999
1921
975
658
777
735
3490
2866
4574
325
442
1232
2622
2400
388
2983
1563
1567
1033
1794
2331
419
2050
4299
768
123
861
2513
3055
385
2654
457
739
237
1094
335
1857
3184
2400
3133
239
1141
76
1193
572
1355
186
995
2432
3978
3402
272
367
4503
1940
2490
1172
1941
1999
4076
1695
3023
2976
1587
1014
3797
348
1315
3496
1778
277
2090
1298
941
3612
1539
2905
447
201
4090
2987
3334
2255
2404
726
489
881
289
297
615
182
1462
302
1263
370
2816
424
2661
582
2385
73
1855
1616
844
1332
664
3159
1855
1105
3336
2334
3862
1475
1905
3588
639
2089
1622
2261
915
2144
2168
2063
2782
4623
577
529
166
3355
1527
1295
184
936
818
1594
23
1294
2168
3452
3121
981
499
2188
3528
148
1516
2637
892
1675
3154
3943
3314
59
2780
1658
3290
3451
2444
842
1877
961
304
149
753
3242
1660
2008
1489
2398
3894
1370
1035
3170
307
4084
1961
1352
3277
673
816
3524
3641
2112
1208
2816
2406
1892
2441
368
2874
786
1421
598
2313
3917
2380
8
9
2844
1634
1352
1022
1638
650
1254
1165
2382
773
3329
1601
1863
2032
1403
988
476
4035
1697
2769
2521
324
599
1321
4310
579
1367
134
637
3670
335
1268
324
826
1784
629
2458
2765
282
2534
411
1158
2165
1705
3076
2490
899
1529
1776
1169
1371
1999
2843
3326
3098
1769
1058
58
945
2015
1359
240
724
599
3820
896
4767
4101
1778
633
3359
2124
528
3578
1230
2011
1123
1296
3589
11
3334
861
698
826
1502
2564
3865
2382
2685
1641
225
4172
834
1945
291
4667
2159
1504
157
922
614
697
21
547
1437
551
2216
1592
1039
1206
2761
3358
470
2039
2933
1489
1140
2038
797
3543
1405
3012
1913
2886
4166
55
699
2179
3694
2409
2242
33
164
354
3237
913
867
1939
3316
1871
1973
2286
337
2375
1415
1872
874
3425
1888
373
1353
1107
826
2006
3132
1383
1165
714
3782
104
1110
2100
2371
1386
713
2008
689
483
3371
274
2576
3622
1631
3192
253
1573
1390
2253
272
327
1575
2308
1136
37
1651
18
200
2173
1420
155
3907
3724
808
1336
1488
1350
3850
341
269
1134
16
778
2894
4348
1469
1801
2213
1148
3059
1024
1134
1448
3
1655
116
1124
577
487
1360
180
3813
1996
2920
637
540
9
3189
327
2465
1175
1983
2179
2261
2696
1179
2315
972
3570
376
2433
4110
3852
449
4155
439
2454
3261
4633
1204
3800
924
612
899
119
1457
558
2850
1336
1702
830
4531
873
80
271
3459
3656
156
1379
2012
559
2005
1558
636
515
2301
2960
1397
587
512
2628
2072
3378
880
63
2754
3272
612
2548
2372
2615
3035
296
1089
252
3565
1419
4521
3223
3477
435
3041
3004
1384
1433
615
2318
3940
1148
2367
1383
307
866
3957
2395
4395
1167
1456
2085
1791
2236
3171
3670
1455
443
275
1810
1728
2996
1600
1832
2438
565
1228
2439
1181
316
2518
1734
126
248
509
1073
232
2905
1085
1155
478
1524
1255
2911
4094
2702
2318
1253
3582
1815
1861
1167
1215
2237
856
812
2006
290
1536
1417
2818
963
1993
728
3454
730
43
808
2242
1008
1126
373
787
1241
4034
1263
975
1649
546
863
3443
1115
990
1680
1491
785
2324
289
2354
1737
1061
3428
251
1990
2311
1537
1009
1553
338
4032
2334
42
108
215
1786
2539
2705
1279
1435
2342
4005
1979
3994
1139
1169
2066
2443
71
3798
2057
3286
814
1189
2302
1024
1849
260
1803
1601
524
1689
2870
103
2572
1244
872
4840
948
1477
64
210
1220
1872
2917
1431
573
1008
1851
1643
2072
1950
2038
262
2114
1846
931
3644
2078
187
1385
1653
1720
1065
241
345
623
696
2241
869
523
1341
3620
191
1025
3302
2381
695
666
667
2630
1249
343
990
1252
129
62
4503
3412
455
1270
108
242
1715
948
2479
2950
240
114
2287
3027
2807
2196
500
2128
3072
2759
451
1520
762
3184
120
3629
2521
4103
4108
961
747
2662
960
85
3001
781
2850
247
148
1723
1608
1413
1294
2605
1177
2993
31
16
1576
1088
1947
3311
2537
1123
2089
1729
584
1184
1306
3817
1213
803
578
224
177
1891
2256
4451
690
427
1892
229
3890
855
409
624
643
4524
1193
504
1804
652
2437
975
3560
2901
3478
3709
513
545
4543
1882
3290
1022
2840
1632
2208
820
2433
834
823
2373
2706
2126
721
556
3713
227
580
1133
2555
288
866
900
2950
201
2996
2093
1671
2125
2858
3289
1523
599
658
1464
561
1003
987
438
3465
607
1327
2495
1263
2320
1310
965
815
3235
2695
3351
2310
2358
511
1269
1950
2051
1275
2847
2480
44
314
2499
1802
155
941
2404
764
1140
585
343
347
250
1572
4062
3187
2009
626
1709
436
1285
3388
1060
2362
1895
42
637
406
343
160
3583
2593
1687
561
1584
693
55
365
2418
1395
929
1736
3664
26
1963
558
4634
2372
2193
655
3977
2675
254
1122
516
4239
2108
1085
3621
3446
2277
262
464
1662
1183
3361
964
4067
272
204
1337
2904
1074
2253
2145
3589
492
4039
3336
341
1954
2133
1305
537
1545
1018
1621
162
2020
622
1828
4081
386
2869
1614
3612
2780
545
321
824
1715
124
1882
2622
1607
2277
3528
1769
812
2631
789
1577
511
3862
1551
998
48
2570
478
1188
1456
705
1499
1742
685
500
361
1712
608
299
2107
1650
1160
1048
2085
1353
1107
2694
1220
194
1464
2766
1975
2277
1227
200
795
556
1489
1623
4370
2151
3354
1877
2721
2545
4097
282
2221
1128
1714
2280
3418
778
2580
713
2570
826
970
364
3322
3308
834
1148
232
936
3736
2375
1430
490
1151
3517
589
906
107
751
797
1364
1433
2012
479
2801
1100
378
1773
606
182
1110
2235
96
1067
667
492
1874
1708
124
2575
3291
693
1970
931
2574
3476
2254
502
228
2749
2849
3015
2271
2393
1587
347
662
2089
1542
2429
111
1213
3378
4018
537
1979
129
1194
536
114
2032
1126
321
1852
409
345
531
126
420
737
2683
50
3981
4751
601
2149
2635
4129
3016
1640
3440
906
1242
1433
482
173
2094
2305
1220
369
4713
2555
1655
761
4063
1345
4007
446
1090
2018
166
611
264
4130
11
432
1684
1016
2816
439
3407
2636
262
4524
3219
777
1340
3911
1652
2454
4533
2869
3637
4060
1162
2113
2079
593
101
613
4405
435
698
2056
669
1478
2179
726
739
834
3179
1021
2114
1404
192
583
2606
356
4683
3244
4156
651
2320
370
4682
415
1119
102
656
1797
1669
3411
1739
1524
1733
827
1537
3616
111
1150
3136
1124
2412
1957
1082
1925
335
310
655
1026
1476
227
1473
1444
2290
527
216
2984
42
2531
3577
458
2626
2353
970
542
2414
2454
709
2356
221
2168
270
2596
1294
1740
1986
3028
1898
532
1917
191
1860
193
1409
2861
1823
1542
134
997
2543
912
1318
1733
468
1910
2269
1433
110
3404
1679
1330
20
2581
3998
565
353
735
958
1620
662
3205
3051
1433
310
469
286
599
1229
3002
3720
1101
1841
3188
978
1151
1122
1174
279
22
516
2580
2190
1577
3511
507
1919
2200
291
4151
589
1236
1998
1422
2533
458
2378
469
1648
2212
4345
1749
615
1199
1895
1201
1441
1289
4195
247
803
1830
2296
649
3348
585
1376
105
1221
3130
2060
699
921
2689
3620
552
1689
2076
1228
619
1983
300
3463
1500
2548
2081
4252
645
1765
3423
3550
544
1951
1359
165
1776
1346
2315
1204
33
525
1170
3463
101
359
276
2275
3637
1089
1862
473
613
1316
1210
572
413
1079
2750
529
2391
1072
984
594
1170
854
707
2398
1666
2486
289
2799
3428
1069
3869
2162
3135
753
296
293
878
552
1251
237
639
2472
1341
408
2672
4619
3830
310
296
2691
770
1223
3618
1580
2331
378
1953
381
1016
3337
1019
1416
2142
293
689
2426
3370
2065
923
1118
67
4052
716
504
751
2098
171
2236
791
2317
571
2456
2815
3056
2578
1534
826
2043
1983
2086
727
774
63
875
1675
835
3232
1007
307
1626
1651
2872
871
1275
234
2329
4312
1363
2223
2415
1853
4245
1602
2228
202
3326
146
713
580
423
2481
4052
181
165
168
1852
2608
421
1626
2518
2754
87
2529
3615
2295
1355
1558
1048
3396
227
1971
407
1149
3945
340
1353
981
4693
448
1939
830
3261
265
1410
281
1703
3478
50
913
2537
40
263
3164
1464
3471
617
333
294
467
618
1387
2772
1923
4103
221
2917
483
87
232
648
375
81
846
1098
3194
617
265
652
597
1236
1023
1714
1308
1007
1579
2791
1049
512
1404
1402
1445
1838
364
3185
938
104
2512
624
1660
1334
2593
948
3534
2823
3854
3120
764
4141
2387
485
5
220
758
2205
3088
3028
147
1027
736
3293
817
860
28
396
837
3686
76
3285
2819
1881
597
2617
2559
3689
2226
78
2869
1218
3373
564
1174
1792
4
3295
1228
4241
1770
3323
970
2247
2382
108
152
1650
249
700
1003
2839
849
485
409
1535
2706
892
347
1083
749
774
3611
1583
4843
605
1921
3767
1990
2202
800
3764
1175
1138
4611
1089
1215
986
2199
2536
1027
634
2089
1233
4296
919
3662
1423
2589
289
3220
74
284
2938
1397
1972
77
1130
830
220
3725
2250
3772
916
2248
2562
1573
2553
248
361
765
2740
2141
786
3665
483
1056
3058
1480
1964
1019
4154
1456
181
4535
1013
2473
1005
555
771
2320
2422
1032
4107
3839
1947
877
1586
1888
508
4566
316
2748
92
54
2024
3423
187
370
1530
2215
2378
1487
1143
1750
894
910
2742
301
2433
488
767
3352
3582
2867
2154
3704
1521
1531
2421
846
2673
2268
1325
1243
302
1191
3990
2837
989
856
764
4160
1924
615
3554
2065
1338
362
4746
189
2666
2679
2405
911
418
1540
203
1993
679
2732
1012
156
3215
939
786
2099
1083
3076
2795
3223
562
1062
158
990
1869
196
965
3117
664
262
1644
800
2808
8
869
396
438
1788
1394
130
2313
2810
387
1241
2510
85
2073
1424
3265
142
3827
3969
4829
903
2040
2815
1661
2039
2323
868
686
962
167
632
1908
1158
1025
3108
1653
300
946
698
1072
1333
3288
3935
4513
73
2475
3315
610
232
940
995
3544
34
3183
3695
4549
3490
285
2474
2476
2797
1819
518
1472
1449
796
3811
129
840
4437
2697
2814
2698
2976
1181
1888
3050
126
2524
584
529
1942
954
1084
616
2624
44
529
3434
669
2060
3895
3721
548
703
544
330
1239
3958
1402
854
843
2669
393
114
113
2466
1529
3448
3534
2941
2505
607
2312
2918
367
156
1036
1900
1023
3095
1487
1549
3065
405
488
3012
3115
2848
900
2199
3192
3189
1106
725
2049
2980
1807
1694
3953
937
784
1354
174
1550
928
546
2157
2219
177
182
214
3265
1845
2940
548
1337
1878
1993
2084
1582
1558
400
147
228
4181
686
1425
3053
2592
599
2116
2549
475
2437
2778
1670
1180
556
2056
2583
3665
871
2473
1148
1913
1169
2349
1395
1082
558
374
285
2413
2156
876
332
987
1785
793
826
27
1669
1969
1122
2807
224
3408
930
1691
1347
251
1067
1553
2053
1484
2272
618
773
3020
2356
747
954
82
2774
1967
2349
2868
3608
2871
53
218
1799
856
417
2623
2781
2267
809
1428
3599
441
5
1369
741
651
75
3175
72
1912
1386
559
2069
926
2559
3188
1231
2301
3561
1009
2553
3640
23
3453
1617
99
1082
1028
386
119
2895
1502
291
2492
429
2110
2036
1144
1721
1712
919
205
1185
2567
430
4213
1961
453
3625
1755
1584
2062
2502
962
1538
1320
1638
931
1992
2688
2805
90
1704
529
1256
1721
3590
585
2959
1094
3310
219
2718
2060
2206
2902
1882
879
2367
497
1548
60
2861
1639
2380
1412
3587
2178
2244
13
1215
2979
863
1289
2562
1732
821
4224
1211
3292
2836
1626
2345
606
1005
1345
192
2272
332
1307
4125
3675
405
4746
1454
1092
1520
419
3334
149
294
130
3378
71
1301
1627
2164
1941
163
624
127
1041
612
3474
4285
1758
2029
2391
1421
1142
1733
2500
1415
1980
1129
2506
1667
2255
3314
1586
1422
2639
313
3316
366
2824
293
385
416
2812
2269
111
470
808
798
1167
790
251
2402
2615
30
668
2315
1196
1030
993
2517
2921
24
2688
501
2822
1452
3252
2999
1027
2769
1470
1629
494
167
195
2570
1361
525
993
1214
2435
2251
1571
790
1834
196
2030
2328
1118
475
2307
3136
4716
120
2116
2743
1380
992
574
2718
876
1831
2663
161
73
1063
989
626
1556
3106
1109
1873
3698
945
1042
1995
819
3373
2367
3630
235
2486
3149
3712
1096
2766
3855
437
1074
2547
676
864
796
2105
811
2613
2362
233
1261
427
272
166
997
1491
1339
2309
4663
1876
1778
3503
1043
2739
3852
4755
1263
418
3439
897
1829
1073
730
1644
28
2443
1142
1566
468
853
1578
1608
4718
189
1082
267
2185
337
1231
1960
969
2483
2224
1518
1283
2932
1249
1773
1768
1085
1546
44
516
463
2469
4333
219
306
3101
678
3161
135
1009
1754
4193
1547
1232
342
1272
2980
27
1368
2765
3701
1412
1344
561
1148
4480
386
1670
3247
1099
1864
429
1656
3060
1823
1619
824
1696
1077
916
1302
200
2815
3127
2878
2193
834
1039
3884
736
2305
1041
2637
178
872
917
1706
2896
298
133
4582
2697
1895
3453
1973
2231
56
2185
1954
448
1768
2565
820
792
2796
1800
3026
3796
861
2010
3349
2676
2285
320
3187
4893
2294
1337
2864
3371
1313
209
1044
984
2489
835
1261
1655
2047
1754
3496
1215
17
94
3739
992
3101
1907
71
2172
795
4045
1833
232
2758
2269
570
315
150
1944
712
2212
1082
3912
1340
504
1270
2273
960
3687
344
218
1462
1171
2999
375
2600
2192
1831
1023
947
721
890
1093
2244
2262
807
1249
2809
1571
3669
1349
802
1109
1064
1207
1628
1298
311
2668
1992
1283
2322
1605
639
1494
2691
920
2087
2115
2974
404
1480
3978
3761
2065
3950
473
572
1588
471
4229
1009
2156
483
3436
734
2990
2232
3023
353
1791
976
3034
209
1329
885
266
114
19
976
3716
4287
1492
3089
1877
1459
210
678
1918
205
186
982
1395
2014
1585
1548
3028
2131
1145
789
260
4008
745
592
1042
1262
2386
2560
1976
2809
715
169
694
823
458
1630
412
2702
2245
2770
2422
4481
971
2711
3595
2897
2553
1439
2938
2937
1373
1930
1963
2570
812
1243
3900
1403
774
365
1492
2190
971
3983
2714
1453
4022
333
86
3232
678
1141
2448
1939
106
1602
492
1172
9
2264
2150
761
3067
1467
385
40
4
1521
2887
3530
436
1158
3617
2949
2753
1720
3410
1705
2415
12
166
1389
1206
2515
353
2480
912
1525
1487
1115
381
382
615
2392
3250
1431
1358
1841
836
2842
3994
417
655
3873
1352
960
2322
2493
558
1688
2325
1632
2186
665
1002
3419
240
2292
1366
2641
2924
1247
757
1861
1700
3509
72
208
1754
1369
857
314
1127
1626
2613
2736
691
3980
2549
1324
779
468
311
934
597
663
1383
2458
1457
2086
1568
1453
2619
1536
2457
11
620
1429
4056
2126
699
2599
1875
2864
3415
310
2247
875
670
311
4004
1877
2972
3500
2768
293
1961
3464
1875
4553
2389
1441
1116
1090
2700
1665
198
1309
3096
870
1587
725
3290
2324
435
416
622
503
1695
504
828
4013
4756
2766
253
1688
994
233
2685
20
2085
3400
1291
2044
374
65
3591
1547
1856
2642
834
2598
2529
1212
1077
2030
1846
349
1647
988
1926
1063
2661
472
1781
2300
393
188
466
3160
1016
1798
1099
2343
727
704
1391
289
1081
1090
2952
1103
1392
2205
2837
1069
2800
1707
4329
434
1248
4174
2156
1146
3962
989
4258
172
2322
200
3274
765
1566
1814
1498
2118
3672
1423
2865
411
783
1886
2533
1534
241
2130
1963
2508
975
2567
1782
86
2900
1361
2606
2009
3212
951
2676
429
268
2178
514
1796
557
504
2718
113
1612
572
4495
2621
1247
2018
3231
1231
3078
150
653
100
2040
2605
1728
3823
1459
3271
995
774
2246
1678
2738
720
3259
4481
1650
3037
2084
2053
1903
881
3790
3438
2213
2658
3076
1870
332
511
2103
440
3376
409
1225
1492
3913
620
1467
1684
4498
779
700
490
2534
2251
1180
635
1101
777
2523
341
358
95
859
1153
977
2904
211
2786
1908
463
527
382
84
2772
1972
333
2207
2537
1663
1462
768
4420
1640
3218
19
2395
480
4074
1519
1598
1893
750
4616
47
1540
351
640
429
1563
845
1554
1820
1961
1368
1836
459
1947
1609
2549
331
1212
1785
136
3268
127
533
1176
2261
3441
2566
1093
4455
73
314
1473
352
1108
1410
1635
957
1024
328
3435
445
3479
888
3212
517
280
114
570
1096
881
4152
1251
3708
1316
1296
100
3696
2902
1519
1138
1179
453
169
1253
685
631
2791
635
1377
2675
1133
2132
2316
818
730
232
138
1882
1186
4219
2335
271
3696
308
3899
441
2244
1168
305
4234
645
582
3146
2303
1097
2320
797
854
2924
2139
2093
724
570
1322
146
4350
2585
375
4464
4339
227
3521
1993
3529
4176
2380
1368
1525
1751
322
2668
73
2584
1700
1055
1590
1274
3530
1731
228
155
820
859
3638
4138
831
1928
1138
3303
1855
3203
4330
294
861
2298
798
1068
3358
2073
2191
69
2531
2251
785
3431
1733
831
254
281
1640
2510
1084
3943
2010
1493
964
648
3232
338
18
909
2599
1806
1428
2548
3699
2973
2176
3633
38
3763
3545
2396
533
124
1427
1351
1141
1164
1256
1317
3999
2088
893
2475
1881
310
806
1468
2366
514
1133
789
778
1915
1111
3911
1796
3095
1286
1854
85
973
1575
1867
1154
596
3864
2679
1939
158
1196
812
2148
252
2002
2588
870
632
598
864
138
120
2493
3463
687
2463
487
766
289
997
1504
922
3986
2563
1870
219
3090
1151
3765
298
1328
2017
1932
2356
320
3280
2572
2356
63
2704
883
2591
2804
1803
1607
634
3991
2769
900
931
691
1092
2515
3431
81
655
1503
3548
2169
1261
3623
1814
683
1155
3301
1521
927
4713
1594
3938
964
2001
392
1288
1366
168
161
2511
1911
569
483
1117
370
723
1609
135
41
884
1928
2631
1513
2052
831
2756
3718
2386
3016
3187
892
2624
3531
2720
2964
1184
625
1087
1843
3897
885
877
1996
2314
1774
1116
4931
956
2920
3664
1533
212
1882
516
2683
2908
380
472
529
3898
154
2037
3708
2497
1637
1063
2320
580
620
3168
947
2626
2747
145
124
60
2562
389
427
1582
1490
247
219
410
2701
144
1137
1390
80
1415
3583
820
1111
2057
3563
2292
1429
1781
97
1488
440
1428
163
3587
614
1363
2060
3127
2825
1579
1784
3310
1019
648
109
2138
1614
1121
132
1857
1275
2628
1401
1224
2387
1666
1133
325
4004
1753
2745
2735
145
913
118
1461
1962
159
664
2077
2397
397
404
1383
1033
3140
1771
92
4467
952
867
841
33
2722
3598
2763
889
861
2567
407
2374
984
3599
403
567
2920
198
4389
436
4379
4089
2599
2997
841
803
1208
2444
2363
559
48
14
767
2176
1740
4335
342
479
219
1147
381
2773
3353
2284
1426
1301
1786
3495
2456
2169
1445
2506
613
47
642
1297
2683
2074
259
1890
481
2907
668
1508
408
814
1894
3786
2495
1607
1279
1485
1148
185
263
2037
1885
1080
1355
215
1220
112
231
3035
2572
1318
846
774
24
58
1960
116
1471
1370
2656
236
869
2740
1800
3179
3789
367
4359
1188
2717
681
3230
3996
616
1501
2245
1446
1463
2198
287
419
2281
2783
3010
934
4022
3895
4094
373
331
907
1963
455
955
655
2995
406
2034
1081
508
663
1718
385
414
4239
281
1182
2882
1306
1112
2352
1509
1205
146
43
2845
3970
304
689
834
253
1132
499
1038
903
3587
728
96
2667
2202
1007
1532
2377
586
1975
1623
3161
3547
682
158
939
758
822
3750
2970
3853
2429
2698
3443
91
1914
1129
4106
4442
985
3346
1215
766
1083
1566
3747
537
416
463
84
1406
1187
4017
3466
579
2026
202
1532
1618
287
76
3102
1285
1842
567
2031
1667
584
126
1841
724
1684
3191
2848
442
3646
23
121
3326
1362
574
955
1622
2915
2693
2351
174
1700
403
432
1404
1397
4147
1925
2942
2369
1028
2010
4105
502
892
1026
2792
782
2588
376
3022
905
577
3945
1803
4117
495
76
411
1426
82
1432
2342
1797
2630
3702
2321
1171
1859
2620
2626
3892
1136
566
862
2914
2202
1486
696
1148
1865
2738
1942
478
1976
159
789
323
2680
414
1667
3452
82
3205
1582
3508
4444
896
1915
4071
3780
1439
4337
14
3572
1757
378
2062
1053
1088
1749
838
2700
669
2794
2352
1796
2562
3413
3849
2729
1283
1296
4765
86
1899
1619
221
199
3047
4102
959
1712
2252
3855
117
1194
2752
1796
2247
1296
333
59
304
2823
2057
1848
280
3051
1295
4704
1907
2628
1301
228
584
2943
3036
1421
1119
1987
4762
2716
1999
2198
416
1418
1314
1612
2946
1038
206
937
3042
4512
872
4084
368
2112
579
246
2006
93
2849
4015
1305
2211
2253
211
3536
496
2807
2937
1736
287
3770
353
12
2887
2080
4112
1805
2639
646
1918
4383
707
1753
1870
1384
1038
3739
95
946
100
216
405
1357
2257
1732
228
1866
335
1841
1506
1219
323
2616
2200
2251
2060
2437
44
1700
1778
4029
530
3111
1614
4138
444
2238
1379
566
2070
3382
361
2646
631
1924
422
1187
680
1053
688
618
417
792
1009
677
3544
2128
3435
848
911
406
2080
3088
1589
1753
4160
282
803
2297
410
2177
1790
4603
45
3061
2654
1340
2908
308
800
3281
1236
1347
1517
672
483
1053
1855
3644
2580
881
2574
666
530
3551
498
1911
56
310
3387
274
678
2738
831
3515
1018
1760
361
2502
853
2207
3887
364
579
636
2210
1095
172
2158
1110
1557
3242
832
135
766
3214
1037
2453
958
2768
1108
1298
286
3356
1874
897
2685
737
4473
2499
3169
2176
1907
2551
4267
1799
3541
3155
1200
1441
2317
1328
298
2864
129
3088
2757
2631
257
1100
1259
464
430
1836
680
1514
4281
499
2064
3011
967
1832
2855
4240
196
2823
1414
2508
1865
4437
572
2709
4257
1041
3246
2239
1018
1035
2114
2084
2770
832
276
1515
358
1082
573
298
486
898
1868
445
381
3434
985
2638
1800
536
695
1172
357
2206
4140
434
181
1602
243
570
3839
948
3434
796
3262
1325
1508
3267
560
1820
1239
1310
4054
1181
366
1342
1264
789
1949
2721
446
6
37
1349
4767
393
3445
1801
2680
1755
1238
179
3707
103
1778
2044
217
1688
3857
1748
64
2414
3371
3825
442
2412
542
1841
4401
3051
4157
2628
3527
204
959
734
501
492
3302
2284
195
3777
976
4190
569
1020
2024
1069
1945
4310
303
3612
3080
65
991
1510
1138
4599
1774
120
724
585
77
778
1482
222
1326
1068
1833
2530
191
332
2261
1425
428
2171
2655
1212
267
1513
49
1119
808
1878
846
2769
3122
837
2697
2736
3354
1624
4435
525
2840
2180
933
665
569
1485
657
2980
4052
2569
2752
307
1079
3092
913
1668
2808
1325
1243
2981
971
940
424
2321
292
1142
2229
238
41
2622
611
2271
1341
2801
697
2967
3574
337
1054
630
1166
1868
3490
2856
4106
1516
2990
513
2119
2696
3509
33
2770
195
3861
969
3588
2035
1192
3171
1125
3096
1638
959
113
126
745
2919
490
429
805
3061
3252
2279
950
840
2801
3511
3112
1058
555
2204
2431
1006
921
2689
1758
2653
123
1303
1165
423
793
1883
2289
691
1069
3413
1136
3474
4004
1335
1396
2654
2709
1561
1266
3761
413
855
2389
2381
2305
3159
3033
1252
2200
854
2407
2189
2489
3955
1317
2196
1582
3814
2246
783
499
2476
3848
935
1378
1623
1009
1072
114
1387
3678
5
590
827
167
4241
860
2173
3006
1272
3179
2638
3079
1441
170
1820
3912
903
1255
4139
1779
1903
1542
195
2026
256
2423
1446
2823
955
1695
3439
3938
48
1052
1636
1330
2347
1250
1300
535
2861
1435
1508
2111
1964
854
575
2079
607
31
2421
496
616
2914
3704
4003
2439
736
1632
586
131
1577
1919
3287
1379
1294
2385
2095
135
902
837
1442
2040
1272
154
803
3389
1718
2295
439
2822
2548
488
652
470
504
846
974
2638
1777
2299
863
1885
972
382
951
3699
522
2753
1528
2824
1100
451
2297
2642
332
3636
183
2630
1342
507
1496
1493
638
3474
2614
1368
194
314
2893
286
3105
1224
246
3323
3077
3720
3425
1483
164
1875
1567
1881
1186
2203
2886
2482
90
2575
2367
286
606
4724
3160
3316
1575
68
1649
1071
1470
669
3011
425
3069
1376
513
237
1237
1264
1071
2588
1010
327
1047
1030
2637
2189
3529
831
1036
236
2538
607
3206
1994
818
13
1804
423
1722
2109
3211
222
2495
1003
1923
1722
1410
1143
1269
2378
218
1630
1901
94
2221
1900
1461
4012
3471
3983
1203
2558
1877
1202
3427
3425
644
260
3372
540
1729
436
1495
26
2063
2390
454
2351
1608
1532
975
3319
2044
315
584
1658
1460
1091
698
3616
236
1066
1663
277
2558
1471
1335
2101
1362
475
527
105
69
2023
838
2041
1891
135
2966
674
2735
3194
2741
423
2298
842
3079
1271
398
1444
3304
469
323
1409
1133
1877
962
1480
3191
2978
552
174
1800
4374
2680
3443
2694
1244
1994
905
970
1934
704
880
729
905
1355
2923
1891
3116
1880
492
1630
2029
333
3127
2674
2426
509
2624
3435
188
1476
3036
2371
423
3838
2875
4317
2897
3682
375
384
789
1481
2667
2012
941
1399
2573
579
85
3990
386
754
1516
1467
533
510
1985
4641
495
1856
1197
952
1836
249
816
3085
2897
2699
307
530
640
1466
1758
3207
1048
2492
962
1078
601
1314
3064
1515
1737
3023
1764
255
99
2681
365
2179
2197
76
735
863
2074
1249
1152
1065
2076
2056
1088
967
391
243
1722
661
2380
1670
1907
1102
392
1668
368
323
1595
3911
509
549
2306
3589
3161
1272
3902
408
459
477
2286
3030
1921
4369
503
1124
136
686
1370
201
203
954
564
2440
3023
1851
2733
2243
2406
769
575
588
1241
3656
744
227
2287
1598
1207
1300
2178
44
745
557
569
710
2209
1183
1253
3093
253
397
2775
705
1807
248
1081
955
967
1378
1961
367
174
2097
357
376
1942
364
1273
824
133
1614
1009
3171
269
189
3288
50
2731
2893
576
1664
2849
2477
3335
605
4447
963
1890
965
138
2863
1507
3715
308
3798
2294
377
559
2422
2515
3233
2015
407
847
125
1706
1235
849
1542
260
959
2075
118
1183
1310
2522
556
58
712
815
89
2238
1602
1271
1860
968
3370
3746
938
2391
2315
3921
2562
1561
3194
802
1396
2165
597
2921
4364
2848
2098
1164
2725
3493
964
1995
3271
971
2629
1462
3871
1372
1444
755
1108
2652
128
1595
3439
2296
814
873
1767
2027
345
4060
1278
36
1318
645
2581
2747
317
550
856
893
1737
1545
2463
1071
2903
31
683
329
161
1464
3793
1372
3055
423
1199
1449
2112
359
127
116
429
800
4731
1144
1722
58
3335
1823
1978
3100
2022
1803
1219
967
2443
1788
3479
1926
3843
2678
3805
3085
2321
4281
1545
1185
1364
1171
1699
2491
3567
520
1402
898
534
1017
645
654
2920
2457
566
355
2582
457
632
573
1087
1656
1156
109
465
3520
3562
3435
1709
689
3169
162
736
1724
173
4121
2205
338
1317
3765
2349
438
113
2788
677
4211
168
439
2214
139
3769
3870
3107
2205
189
383
222
453
2394
1374
935
31
1551
1575
549
2523
1422
1374
3328
2168
129
284
3219
2090
1015
584
654
36
1883
1036
1326
4217
2828
4049
650
2874
2248
81
489
1445
1742
957
912
585
1148
2432
313
67
2500
626
488
1459
628
1005
3073
1194
992
2227
2862
1096
2706
1088
2197
3929
741
3235
2573
970
1121
3147
2905
1610
1058
8
990
2440
188
2301
1966
1830
3852
426
2189
1920
2277
2620
2185
377
2733
4478
53
1474
3681
2763
1452
1478
2569
45
1076
95
2757
1280
140
2478
1176
1262
2903
1226
157
317
195
1807
430
3248
1651
207
1501
2394
3007
4138
955
1560
3308
1622
492
344
4006
848
870
1589
3746
150
969
625
3203
180
2211
1668
36
1218
964
1217
2698
1508
3219
476
1450
1541
894
2105
1341
1847
1731
2515
3341
1624
1843
781
4052
653
651
2453
489
1765
3345
2871
1362
118
827
607
150
3982
1168
932
2078
4220
3795
1444
273
787
2109
2921
2110
3646
507
1570
2578
2356
912
756
2423
1358
2193
3030
1605
3094
2586
560
1503
1399
2370
1096
44
2378
777
2763
2775
236
1909
3645
386
2984
2466
1121
1097
1241
3035
732
2313
866
15
1753
2554
2809
1958
17
788
837
2786
3351
1584
1067
3914
2213
486
1038
1872
321
264
4546
1444
2681
2123
2652
762
3961
586
1901
67
562
206
544
2018
2631
4120
724
2986
2167
2883
3169
1033
915
4151
960
1568
219
2504
1451
634
3943
1493
606
3557
1470
3589
3123
100
3709
1988
1668
1262
241
467
1985
87
2281
1224
4283
587
1403
3110
74
792
922
3894
2911
1541
466
1066
2088
575
627
4608
4705
2972
2044
231
1701
436
662
1044
2341
3051
989
1554
528
1917
1943
1218
874
1702
737
2065
638
940
1463
2506
1394
2752
2359
3668
927
2659
2347
1656
2657
4527
838
175
3005
765
1123
1518
975
242
481
1800
2447
2439
2278
1168
2651
1831
736
2205
117
2494
244
834
701
1671
2400
1676
3782
1259
4546
1994
2553
993
2105
1895
534
1545
914
3146
263
2681
2462
1010
394
2305
776
1958
1446
4304
876
266
766
4609
1458
3617
185
782
1336
3966
1956
2284
2011
1351
1522
614
106
865
3807
2032
27
865
3376
2096
1478
2550
2087
1021
3899
3173
521
606
982
338
2084
182
354
2278
3354
2949
793
3399
1724
2866
4008
605
968
1617
960
684
1028
845
1401
329
2380
1176
1599
3503
783
2452
2259
2105
1216
1384
525
1965
464
888
421
2916
3159
1300
709
2510
1315
1291
2605
1013
1981
1739
496
1998
2662
2150
654
2005
602
3246
2130
1492
225
430
444
2589
955
356
811
3677
1648
1548
750
3262
3298
832
328
2247
2698
2601
3977
3956
294
84
929
189
1162
2131
348
1546
1992
602
2299
289
3214
2762
31
1487
3140
1512
1829
4416
3499
2656
1263
2955
2722
180
2407
1089
657
1061
969
609
926
365
4117
2818
1472
868
735
1865
88
19
3912
2481
2258
804
2038
486
168
1921
425
1036
274
312
652
2590
283
2953
17
1392
616
218
1431
192
1879
2958
2440
1818
2196
1798
24
2494
3022
544
852
88
118
1441
516
1227
379
3707
1041
4671
2178
473
4261
3229
1676
1743
1055
2407
696
3179
2836
452
3021
1456
1862
2571
1787
464
2111
2202
2254
1517
440
689
893
139
1794
183
3091
2614
39
745
794
123
2395
2353
1973
705
116
3050
297
787
1304
2745
567
1458
2236
689
2654
3162
52
3696
1905
223
503
1462
1996
60
662
2124
2659
4824
1246
772
4056
3160
2814
11
904
3999
1879
572
2142
1919
2196
2826
2117
1178
1268
1490
3945
3321
191
463
3694
332
150
4116
455
1642
2286
349
955
122
1540
1976
1101
524
3266
1338
953
1315
310
1242
450
1553
362
558
4133
1325
2014
1031
324
79
1866
811
2323
1634
2438
1124
926
415
345
2666
1401
203
694
3416
3979
2355
1211
1032
2969
4895
1642
4547
229
3787
654
1479
4408
4279
2015
1867
3096
2337
247
123
464
644
1970
1061
1315
58
1966
1431
153
3589
1158
102
1888
2127
600
99
1081
2388
21
1479
51
654
153
702
1857
790
622
123
2078
3852
3985
2455
2715
3557
2625
310
814
2229
766
147
4007
3090
1856
2880
1715
2870
707
1990
1165
2078
2993
3480
749
793
1441
13
1650
536
761
3285
2389
1044
52
1920
296
531
3534
1109
2043
2868
4177
92
3763
3062
3321
3912
1545
1304
99
2266
1514
788
905
2341
2334
2241
1466
4392
1980
2898
3898
3755
742
518
35
651
141
540
404
797
2710
422
1823
1576
1998
796
14
1673
1187
1345
648
2653
494
455
1915
2975
2116
775
2696
2665
481
835
3115
2871
1768
812
1594
2427
1676
167
762
196
1942
3818
3231
2177
2122
2753
1030
2214
1035
4266
1995
109
3349
888
1863
2205
2986
1344
1774
1227
1251
1564
2664
1085
2763
292
1053
2244
933
2797
3603
10
730
3712
666
3422
352
1946
1295
677
3050
2638
1438
1572
1496
4751
4435
459
467
188
1616
1601
2114
95
2617
1735
2004
233
1820
1451
559
2749
1509
3334
1880
1236
948
1678
3360
4758
1071
3057
2372
459
476
618
4142
783
1993
771
791
3840
1179
264
799
503
4043
1010
572
1128
4925
1857
1847
1625
311
1884
2408
1168
2436
754
267
1024
1226
3464
2464
1954
2033
695
2579
383
51
1200
3048
1895
1263
875
1186
508
1593
419
1187
64
99
2416
506
2135
1149
3281
1479
569
978
3148
3182
2865
4816
2279
2570
2264
1705
2100
1900
317
1478
313
1343
3371
1393
262
3679
664
1477
1564
726
227
1596
339
1155
812
469
2105
502
689
1363
1526
1875
252
4429
852
2354
1433
2738
1450
1571
109
401
835
1343
464
1181
2452
1648
343
1563
1655
1736
394
2086
337
1722
2102
3833
1577
3306
183
264
2949
286
3596
767
2607
3175
3288
3020
2230
2119
56
2792
1929
2122
2020
1777
3137
2058
2085
1126
3385
718
3844
348
173
955
3314
2938
2421
1000
1102
1525
796
271
375
1441
1505
2058
3244
1952
1536
2201
3128
1461
2141
337
493
367
1437
370
1486
1478
196
1847
573
1765
2882
1678
1033
481
136
1784
346
25
2329
65
3938
1215
1288
2819
627
2940
3833
437
2118
1380
139
417
1802
16
4142
268
2303
3671
3433
2370
2592
198
3199
2834
3216
650
3307
3321
1071
1805
2895
911
1890
382
2742
3172
1484
1144
2178
2215
2211
758
2358
1417
2098
133
1701
4202
4399
3055
614
1870
232
34
1294
2261
779
231
552
1751
389
1196
1169
1727
3363
2051
256
1228
940
728
3640
2450
367
1703
996
1593
1842
2691
2170
702
175
1438
3663
2357
337
1006
1756
2919
1154
164
1801
2989
397
2716
2047
674
2458
375
3231
507
798
2964
1068
2877
457
2251
1940
1890
215
1951
18
484
2445
1690
2701
2536
242
322
328
1488
1438
1078
713
968
1881
1063
1318
1858
2708
128
139
2039
2450
1679
2684
2021
3338
1598
2976
282
290
1387
1363
426
1002
53
734
700
1580
1609
4179
932
767
2522
837
2065
1814
1170
1389
1113
1800
291
134
1682
37
872
286
97
770
1654
303
1154
2573
1849
50
2739
90
3504
1198
2079
2635
3301
178
3419
122
1442
1840
1078
797
2519
2274
3313
1189
395
2370
578
949
4362
579
929
4293
128
1336
2592
895
619
920
1932
849
2170
1632
113
3100
1010
294
2770
2752
1260
2525
606
4160
493
2958
1826
2236
555
1132
187
59
1714
418
638
40
2997
2951
2130
2551
2799
569
70
2189
3266
2556
268
401
485
556
1252
889
69
960
4083
3122
491
2094
2344
3209
1353
3230
1373
952
4033
1792
2110
3816
3215
406
402
1859
788
411
2000
4114
892
1961
1236
1303
2663
739
1394
118
4140
953
2043
648
2234
2067
755
829
1145
1089
3061
2027
1065
4023
1442
725
435
3298
1185
727
1150
2961
1699
4830
919
3396
1219
339
2870
207
617
1749
2474
921
422
438
3784
2333
2769
583
2495
269
1972
175
470
2035
607
1338
154
1234
1600
3578
1878
227
2365
2723
251
2508
1692
925
2306
1622
1494
428
2984
282
1093
601
343
12
1083
438
2859
839
3402
1803
3386
2149
1170
248
1494
2649
1622
255
3192
2426
2088
430
229
623
3034
2783
4414
4015
462
4266
336
1220
1867
1872
3958
885
1277
299
2089
3582
185
1600
1570
2708
3465
1959
2679
222
1121
492
380
2181
3541
2802
687
2266
2086
3014
152
1946
744
2905
2820
2633
1361
180
749
2154
1652
2780
366
454
80
1029
916
841
3655
4263
1609
2793
26
224
1274
2706
2434
1612
1235
4140
534
3728
2291
953
131
3803
1145
1204
1451
916
1682
2554
197
1339
638
252
2720
3953
381
2205
1208
620
2704
993
2110
2795
2091
1372
55
1264
2284
535
2796
631
591
246
509
1463
3407
1892
1654
3205
3610
1007
2873
554
1655
70
3918
2639
1459
1751
1631
1899
3347
1888
3941
4197
3981
1300
3334
2829
4398
400
2012
513
4261
380
1951
525
3042
181
1122
702
1565
798
3087
2635
1497
2853
17
2631
3084
2304
1228
1992
2473
578
3809
2691
70
1488
2280
402
3824
3732
708
4270
1152
3297
1377
4583
2446
432
129
1483
195
1875
2879
1453
70
1270
1220
2108
980
871
2854
444
764
393
3925
21
2194
449
3251
2072
1546
2584
750
1423
124
1971
376
942
615
4120
1810
453
2413
1318
3262
1772
1070
976
2505
406
2756
4711
1403
3072
1649
3805
1880
2077
849
2458
2628
2376
1744
1123
1498
3586
1891
517
1541
1544
337
234
2592
3438
224
1344
2483
3149
1784
1848
1229
940
1530
3639
3648
53
1867
3219
1006
1088
3956
1250
1207
2715
247
2047
1313
3277
280
2821
1787
918
771
2242
3137
840
186
1166
9
2097
2026
4026
268
3422
2859
1150
1047
332
3360
411
538
2599
3852
106
3371
1820
1183
648
486
560
410
2290
3401
1102
1423
1188
2297
2059
576
795
1094
1190
2039
952
1793
3200
826
1543
1014
2869
2354
3703
1780
741
2513
820
1349
2743
2387
2038
1817
829
1542
519
1530
2766
2966
331
2884
539
3869
478
2669
3249
3114
2890
566
1690
437
1008
686
3483
152
3074
271
1517
2544
1905
1909
875
78
4391
708
2025
751
2144
3962
641
833
2951
3833
1821
3014
1272
797
3146
79
312
2760
1470
410
970
2420
2972
2146
4314
2973
85
2163
1828
410
2756
2382
2639
3296
4868
1033
4808
1404
2456
2061
3062
188
3082
1727
1084
645
2801
1181
75
1725
306
1421
1471
4048
2525
733
2041
796
1763
3430
2648
1093
2877
2486
2975
1297
2692
3373
1420
2110
4653
1480
3195
2857
1879
2876
1707
2213
2673
1905
1589
538
2274
769
1324
4155
743
765
2346
3605
1938
959
2479
2790
1039
1405
2288
1651
2433
1999
1553
3487
3685
2370
58
3089
667
3293
3462
1454
1537
1549
1317
182
3831
3035
3162
3931
3582
2082
3055
623
420
1546
1138
4168
1374
1491
2486
11
1019
1615
1601
1424
3991
429
3091
1235
1177
3680
1768
1183
3428
767
2493
826
1319
116
3714
3996
275
101
2952
280
2444
502
2095
1512
1383
52
4027
368
1629
1923
2911
4400
3334
2062
2524
1624
3407
805
3802
4114
346
2400
3
683
1208
154
1240
670
863
1601
3102
500
1053
2976
3260
2406
2942
583
3683
2143
2309
1011
1218
3042
440
1188
2774
2128
2935
3681
15
3039
2449
1176
1550
1532
1749
2235
4714
1561
3952
1651
1508
1724
928
303
2723
2527
795
627
316
715
963
2227
1111
885
546
332
1908
2613
690
4164
420
444
910
517
4087
3173
506
480
1948
1322
1962
2460
766
1142
1090
366
1685
250
2237
3536
2650
2921
911
610
781
620
332
421
383
193
630
2363
403
4779
1284
3695
3100
914
384
2022
2256
73
821
4591
3138
667
2106
1608
738
34
362
2512
242
4577
95
2338
2646
285
476
1043
180
2688
1732
296
3246
1664
356
322
703
491
465
1763
2768
651
2484
3338
848
2885
1470
3524
1300
824
354
2182
1065
1356
1565
4116
788
1400
3061
3252
108
934
712
482
1311
893
411
3065
726
1165
1051
545
3718
2159
444
1891
2047
3654
2369
2464
4259
1235
2739
3853
780
2381
2526
3899
1354
1126
3018
1745
2344
4470
2255
440
770
1428
2330
2623
10
2869
1743
1128
3971
3261
3479
1083
1225
592
3304
240
1052
56
2352
1746
2470
2354
624
333
400
3679
561
1718
261
1980
214
1371
469
683
1724
2185
3861
1275
277
2584
2989
1651
1880
2804
2416
911
198
615
1395
2644
3116
3152
45
465
4018
1618
522
481
1415
992
3264
106
730
2422
3910
3718
841
2310
925
3408
78
2740
2100
904
3068
353
3364
2426
3829
1361
886
2346
322
242
4141
708
1443
1117
740
678
1063
80
4617
677
605
1822
1080
902
1901
933
1814
3069
2990
768
1228
1432
1085
4329
3919
1015
1633
972
4452
394
957
2026
1169
1516
1495
3706
2491
521
1995
483
3928
664
931
1906
3308
1220
408
2194
495
2466
2903
2292
1718
1033
2438
638
989
1439
2348
1069
1788
8
3242
3633
936
3497
1065
265
4572
2329
1307
779
936
769
514
645
1946
1224
2325
1361
1133
13
2877
2633
1346
3157
343
1552
1946
1287
1720
99
24
2977
1177
2352
182
2468
2010
1780
395
425
2470
2223
424
551
371
3180
499
277
2839
3408
3539
3946
1321
1354
2014
1548
939
2425
1975
3586
1474
685
2299
2351
778
1482
165
1509
35
1629
3355
1095
353
4522
1088
938
1694
2630
1914
673
1096
1051
129
913
771
2097
4219
1482
1331
982
3502
769
3131
885
965
3064
2658
632
1951
1272
66
3600
2619
1205
1347
1219
772
2135
1846
535
1867
1911
1157
1895
3531
432
1228
701
697
1903
1973
46
226
532
2830
3730
3002
2958
2951
81
1365
3126
587
3404
2714
2131
131
44
2359
3145
291
1313
59
2110
2050
1362
587
3309
344
2694
485
207
1451
909
2536
1050
3900
336
387
352
1291
694
100
1223
423
1193
1557
2066
3113
2275
523
1779
2925
352
2857
2146
761
2653
825
1910
937
438
332
3198
118
1188
4375
2153
270
1757
931
1682
1527
1205
55
582
1275
111
1956
130
2949
1125
4366
129
1975
4870
1922
1169
3547
1620
787
1150
569
2546
1268
2715
2232
550
2472
4158
706
3036
1503
1282
153
2871
3584
1527
1536
1435
241
275
484
3066
2674
703
807
78
2277
2551
4654
2759
1032
350
1509
3295
1955
948
536
2031
596
622
557
3138
4002
613
733
4639
3302
1913
480
239
840
514
465
58
2007
3357
453
2497
1632
2018
474
928
2532
3041
2198
1147
425
2058
367
1633
2491
1769
306
4038
1528
4
3877
2345
538
1816
612
755
710
2861
985
265
909
4148
2069
237
1995
615
1193
3565
2094
3356
1113
276
836
3513
2339
378
4361
245
3247
1559
73
3936
241
2009
1802
1875
2019
3045
632
3433
1748
1868
515
684
1434
3922
681
202
739
2990
1905
1905
1699
770
873
1480
3005
2512
126
2274
2618
1977
2194
4036
3252
766
1323
3132
849
1807
1347
4533
4292
1954
197
2271
1755
638
982
3583
1877
1227
93
1388
1837
1612
2712
2991
2298
2354
1889
1032
1012
477
3283
698
2874
1680
989
666
3641
4505
4195
998
3648
594
1770
305
1682
1603
2097
2537
11
1301
65
1093
3231
389
573
531
1196
1111
199
1286
4273
3737
31
1264
690
1174
2124
66
1583
301
2485
3095
2985
1013
2517
898
2653
963
40
47
219
751
1505
1698
3241
2938
2205
2773
3064
2604
4005
336
2233
840
4175
1653
2394
1350
3051
2286
393
98
1500
2180
887
3120
2023
65
1081
2282
1425
327
2018
1086
1262
521
854
2689
2280
3186
767
334
2752
668
192
2839
1126
1119
1926
2035
1376
3706
996
108
1502
395
1883
613
135
2267
659
1022
1042
2446
1889
1860
901
873
1659
1041
709
3734
3985
603
393
1201
273
2429
1886
502
106
728
125
431
3887
1463
2863
2098
1736
2031
2240
2305
2045
1197
984
2643
1313
1828
2094
1217
3552
257
494
2664
1301
86
1565
1383
1016
931
1833
482
1817
3913
403
1104
3346
455
626
1367
2971
1084
1802
737
4302
1168
3338
979
526
1502
1967
79
1556
788
2386
2282
9
1163
3831
547
1829
2169
1663
122
935
3895
3656
1656
636
1968
304
4449
1779
173
889
3431
4063
336
2427
950
2304
2790
1223
753
1750
2654
1101
2281
282
569
1378
2821
38
3207
334
42
652
1670
1816
1186
207
1051
4198
283
925
2790
539
1369
423
3322
965
55
1887
2185
566
1374
2417
2431
4756
2435
3557
4155
1377
479
1274
950
4048
1557
1023
945
530
2433
1428
29
556
4030
2224
4371
1952
900
1947
1458
1055
550
1011
1698
3460
149
571
1314
3187
85
105
1572
605
3877
1618
4021
150
1426
1348
593
2873
1742
3547
2471
3187
1784
1191
361
392
564
1603
2008
3232
3239
3665
2567
1421
824
224
2285
851
1860
980
2360
310
508
969
818
2685
142
1068
1658
2588
4424
499
797
323
3291
1537
1024
880
3322
257
1034
4705
348
55
2073
370
1590
436
2317
782
1322
489
460
1972
3528
53
3169
1172
4223
3239
46
1071
344
1012
1147
1424
1175
215
4331
3134
4425
2868
2672
323
2098
804
919
322
3170
209
949
2045
298
888
3252
161
4192
1250
1319
48
821
932
956
1831
3130
1819
282
42
3948
1578
2370
1207
1863
3162
3372
209
513
3095
56
20
3141
1807
1185
1812
1047
822
1262
743
2900
298
517
1433
632
2319
2066
4309
1581
421
52
3615
26
160
103
4123
730
2608
568
165
576
1157
1280
1552
433
3929
2169
574
993
662
999
35
3177
2634
2991
2463
2042
1031
3192
1669
1471
2165
2661
1538
1619
1616
472
2665
433
1011
487
2255
853
2553
2102
424
1913
1857
3092
1004
3403
1913
803
2766
266
2221
82
3539
3112
1106
751
338
345
1258
590
2656
3866
1264
890
266
348
2863
1759
1035
2072
1089
1919
1027
721
1097
1157
3112
1330
2437
3052
2336
3160
947
283
1808
2218
702
1304
1414
902
3730
1806
4174
1375
1845
1972
4463
4148
98
1810
36
1171
858
4237
740
171
326
2645
1297
357
205
1024
610
1561
1564
4757
1921
1016
1969
2234
975
2291
3236
2727
3823
1568
2672
1531
2474
2540
2927
96
1745
947
1191
2154
2867
2252
846
3416
3339
2654
638
2239
1321
260
1226
252
1494
757
3871
1954
1277
225
2207
1374
2583
1904
2478
836
2628
3160
1892
883
2266
3452
108
1162
384
255
757
380
1895
1322
1301
1724
1628
1065
2446
1367
4559
3222
1352
505
1711
930
44
706
3037
811
1545
346
1312
1480
4091
2936
1464
8
418
1074
545
187
84
826
2717
741
1673
3161
3074
3163
2686
1096
215
1864
625
2826
1938
108
952
1459
2243
163
757
168
2433
1061
121
1039
1888
1893
3215
1762
1142
2694
1205
2456
319
1900
543
509
720
4385
547
2662
384
3641
1716
1290
3775
1830
550
303
2384
3726
3578
3931
1745
2848
1780
3609
443
3533
2017
1750
1024
636
1363
637
1653
242
487
216
529
1787
4160
1318
2200
128
14
2065
2585
2559
4026
2392
2452
880
1906
1608
1406
146
785
2195
321
3430
2983
3741
2992
2425
3346
3068
759
2016
1361
2953
269
541
1113
1895
2597
1554
1275
916
2195
1223
131
375
1830
1410
2040
2632
936
900
479
4014
271
1478
1457
1974
907
3224
1005
1464
846
2259
3956
101
1084
1574
850
216
3329
39
4489
994
3397
1262
1822
761
736
1146
3809
2120
817
367
3247
1870
2049
1817
1322
1865
104
4441
1290
1769
2901
3580
937
55
1846
4286
2068
2418
364
1890
3629
251
75
1466
525
1713
2440
290
1030
2781
1372
551
188
119
2072
2819
936
3852
523
1920
1568
563
1646
1158
2195
3173
2931
404
1744
3741
3
340
1968
1590
3010
2692
373
1809
3073
3865
687
2567
2941
2163
974
2799
1257
1806
102
1820
354
2720
3157
655
1447
371
2590
1030
703
401
539
2273
2737
2961
2055
1564
760
343
2222
2252
1148
539
1913
3591
3582
3377
1734
122
1330
2249
1233
3055
1303
222
1448
99
2410
3382
1219
1643
376
1101
1165
2413
1300
1823
713
1975
698
1531
35
90
636
675
3758
4870
3999
2263
1028
2174
25
1994
2275
641
940
4756
1485
2702
19
604
283
903
108
1448
1574
3856
453
1263
716
1505
1733
1294
3969
1696
849
1365
1972
595
2558
292
613
940
163
1414
252
349
1037
1858
310
671
314
3514
2249
1635
854
2045
2868
882
2432
719
3945
2962
2292
1088
3450
3744
3836
2613
2384
137
2629
2302
2333
4020
193
2115
3812
2575
2142
1198
1864
1136
1037
675
2612
2882
364
268
2888
1529
340
4949
139
3903
2078
2616
949
800
408
246
385
2865
744
1587
373
1167
434
897
468
3214
386
601
1306
607
2306
305
966
3704
129
1584
1638
414
384
1599
482
1690
382
1628
54
2096
1989
2753
1744
2849
1747
459
1370
2747
2585
4252
2076
4456
726
1364
1289
3444
2712
4122
3189
1774
514
2080
1531
1317
155
1032
2265
2282
3212
436
2744
166
1205
3859
2866
101
462
73
197
1137
1184
2859
19
407
3862
157
4133
636
3732
1309
822
1181
145
3894
1465
363
407
1800
2615
321
2919
1586
2056
3205
1344
1435
445
1166
2016
1800
670
1823
56
4239
778
953
2220
1857
1177
100
198
1327
680
839
2563
157
3954
2220
3040
1099
265
2989
990
2467
2838
2205
814
4
3634
320
960
442
2124
3582
2977
786
1418
736
684
1030
367
3202
2816
2845
4052
728
1673
307
1774
881
929
709
75
692
908
395
2060
662
1621
483
74
3927
1395
1748
4210
103
809
160
1531
1543
1580
4400
630
262
454
2952
3597
87
208
805
3128
674
3313
1885
1738
440
1062
253
1520
4121
2834
3005
2885
517
1083
1303
201
732
2123
757
1801
2168
985
2484
947
1984
4000
1387
346
1379
1824
3712
1508
2058
2515
785
3595
191
2204
1383
3914
1910
2458
3620
1182
195
1927
673
2658
125
2214
364
2411
782
2820
2031
3471
927
1617
3314
2232
2947
347
3521
2151
2135
2512
3020
415
1391
312
1746
830
1009
2042
2065
326
2899
207
252
998
2513
1964
3194
283
1924
765
752
1695
31
1876
4503
2649
1801
285
1008
2214
412
221
1705
2902
1912
1862
1893
1714
1578
277
578
1067
1108
2893
105
249
1843
1673
462
595
1887
3257
3965
649
1284
661
3827
3284
3700
1164
857
1182
2818
20
382
180
1016
562
271
3036
59
2376
2326
1797
3505
1605
255
810
1215
2047
2524
692
3447
574
2417
2461
1827
1587
1953
739
870
833
2787
409
177
1217
1609
676
2563
3445
395
218
2235
3657
827
1180
722
2005
3067
220
2160
2220
1388
312
133
546
635
1394
3319
2199
1663
659
981
1483
27
44
1082
4107
4340
4212
1683
2073
3162
57
1150
305
2188
952
1270
1060
906
348
1265
3265
2197
1340
2322
1587
1688
588
4298
2232
1196
197
792
1229
359
124
317
1294
1211
945
490
687
1810
92
520
1094
607
1442
2316
1870
3894
178
2797
779
347
4380
453
3212
1004
2432
4575
2293
3421
1390
1457
2388
1291
883
2022
713
555
1878
2272
215
297
2741
1474
4722
1852
2233
22
1557
2361
2711
751
3087
2212
1418
144
1825
1990
4357
2462
579
591
1827
2579
1922
430
317
4268
3427
902
1391
302
2094
395
2653
1546
2631
1647
4135
1238
1768
1950
1119
1027
616
1375
523
2285
427
1488
92
1659
194
161
995
1296
269
950
3070
4037
2363
3145
3719
2740
1259
2981
1063
1608
2314
1168
1792
802
3439
4046
2991
1649
1429
1095
1980
1927
2627
1346
1735
757
1840
546
1095
286
104
2179
165
494
3304
2405
3909
1717
1537
988
4224
854
535
4385
1980
4027
1795
1616
1398
1310
2571
123
1140
361
1618
1984
3013
151
2310
1416
2503
1953
1251
2592
1325
1
3995
78
1304
100
1630
390
4645
1244
2510
3785
1380
3215
403
384
1189
1177
1478
242
1971
1626
2719
3880
1605
3767
2426
250
427
2635
1255
3604
337
2270
1455
2588
1837
1144
1262
2085
811
19
2355
2892
4280
709
1582
3018
1281
1832
922
11
22
1653
1106
706
423
1630
804
2407
316
438
1860
484
2304
293
1813
728
777
1449
4361
2259
473
510
2539
2388
272
342
27
2955
516
1138
1996
3103
393
1475
1884
3061
521
3675
2732
1753
762
2405
1648
4495
1678
1924
3750
919
2170
1895
274
2368
2825
493
620
2168
832
14
1291
1285
761
2604
2002
113
2971
710
1269
1852
1122
997
1039
3574
678
2716
1045
247
1129
2221
2620
300
760
1241
110
1193
3232
342
1376
1151
3127
312
1666
1291
2283
1397
3240
99
706
486
4592
1114
685
154
1785
3035
2091
2359
1840
240
1220
23
770
3950
1876
2884
286
689
677
469
61
434
1152
934
2450
2693
586
376
655
851
1976
1274
3119
3579
2623
865
491
480
3417
3047
1234
472
3594
4448
74
1503
3768
3613
245
4424
1236
3777
2785
3198
66
4402
1665
1731
2996
748
1415
1504
123
576
86
1218
2478
568
696
761
1225
294
1128
3107
2294
1174
1489
2844
2724
3579
2143
1132
3519
41
2405
2544
4354
1475
1815
1480
301
1308
1074
1425
1984
3512
266
428
3924
69
1862
1156
667
3900
2051
849
2042
1785
1374
316
652
419
428
2208
2241
4122
3069
2483
644
1327
1586
1444
462
1541
1895
777
3716
2647
676
209
1831
4281
1634
531
1094
2738
1943
2244
3539
1051
189
202
3960
918
717
55
361
3371
1860
298
3241
1452
3840
1121
1696
4178
1264
600
2974
2978
310
868
169
3709
1466
1160
1629
1073
648
1084
2370
2484
2953
539
165
1891
3147
3580
4818
3190
1703
3139
1203
207
204
1993
1505
3377
25
2172
1382
2948
1086
512
68
79
77
59
3169
1815
1601
2280
1850
2618
2090
2908
44
2153
2653
4735
273
3426
2961
2433
235
1356
561
3956
2132
2734
2700
1764
2094
557
1514
759
3963
2816
2967
3102
186
140
711
1416
578
1939
2357
69
2841
1596
1229
1091
1908
104
3078
1627
1199
1936
177
621
1633
1016
962
2856
2854
3787
3802
1773
2351
14
3723
3089
2840
968
127
1607
1622
714
1105
2263
1503
1346
258
727
3998
1328
3360
3427
3256
1844
2309
3556
2655
248
1438
415
2831
497
3614
226
3543
1668
2558
555
773
2671
1872
361
3464
951
235
907
1144
1540
1225
803
2715
1650
72
4621
1286
2294
2966
123
782
2232
3926
2794
3367
1225
2924
2603
4152
3923
703
1866
3793
3730
72
559
2064
2449
1390
3930
575
1866
254
1598
1654
1709
650
2268
2751
224
1115
1772
4170
806
2849
1596
2681
2245
1903
658
1703
507
3388
1980
1993
1018
761
2003
339
1023
2745
2217
232
296
2145
927
1088
1011
1700
3165
1852
76
1184
2191
2692
2928
1227
600
1795
110
3671
260
2887
255
2235
416
3434
630
3631
1652
1488
1846
663
2671
4375
1641
2392
4390
258
1200
1644
1793
1847
375
518
195
1049
370
334
19
285
1105
3672
952
4288
834
523
2120
690
236
2769
3180
442
1430
1521
77
3620
51
138
2993
803
2645
1030
933
1944
2641
3315
2349
2705
1242
2232
3389
3022
1458
2872
1008
1511
2497
4314
3683
2871
3232
822
2432
3597
3880
1453
1234
3054
4855
2460
986
1822
1946
823
2875
495
656
2288
1032
2543
1469
3071
1107
4607
797
2161
280
1520
3013
2717
1804
238
1727
3541
1833
1385
151
4601
599
810
1381
3469
3142
3346
2729
1280
3414
377
480
2307
4091
3193
64
394
451
492
896
1688
2210
1803
2850
2008
412
1971
1720
3552
2591
4691
1649
3905
354
3907
1451
1876
616
2659
350
57
1273
142
3494
58
1394
3119
1261
4392
1066
1631
634
2485
113
940
1609
4290
3459
367
1464
1660
1466
62
2176
1007
468
2126
1670
856
187
3969
1071
1140
3157
3279
2568
686
1464
1054
1484
4329
2245
1085
4529
926
2219
1030
1167
1150
1148
3202
3952
2051
3620
2903
2631
3628
108
3589
1187
466
3553
199
40
567
329
677
3617
2967
2063
423
862
2047
2413
2067
1679
2555
438
645
414
20
3893
2041
1375
1833
1695
1160
217
3437
1830
176
2670
2272
3034
2038
1660
1336
3181
189
1292
2910
1038
72
1445
312
941
3469
1147
2566
528
1764
2125
2228
3241
2669
1600
902
771
919
1473
1557
560
2336
1251
2641
838
389
4116
1567
779
3424
1140
1839
1934
352
951
78
95
359
4105
1254
146
562
1253
2653
1439
778
1015
2025
3672
2136
1257
980
2187
1874
785
2625
34
2507
792
1665
3691
1335
4001
1041
4224
1134
1253
453
1352
64
830
3602
1657
3382
4284
2371
184
2099
3160
1197
81
337
654
2253
574
690
578
510
419
2684
2061
306
2085
139
792
696
956
2168
661
4304
2262
1473
466
2165
29
2749
200
1523
523
2052
1618
1751
148
3040
1742
2503
2649
1002
169
19
2143
3239
1110
743
2007
1518
2672
1974
3064
439
3198
76
857
1482
3591
1475
1329
2234
2558
3461
2683
1962
4008
4182
4154
1110
119
3615
1479
876
1199
2111
141
156
2578
1818
1353
179
1235
842
2397
981
50
2021
1653
2147
27
210
2450
2407
596
968
604
2203
93
2786
2233
1109
1268
372
3583
491
1794
3775
209
4201
1667
1396
1411
532
752
4019
424
906
2601
1588
2892
795
2814
3019
16
1967
2619
396
51
2463
1464
2000
1084
259
2047
1693
445
276
2941
439
1076
1087
1063
1555
383
3440
2319
887
1646
2264
481
3300
20
781
266
2487
92
1245
2297
2317
2106
3065
1390
4641
651
479
314
1422
250
3064
1771
2673
2943
427
1150
3871
237
1077
318
1289
641
2049
1932
80
3091
621
1892
1630
1822
87
1111
4192
1190
4167
423
2091
595
403
4362
3801
403
145
3193
2191
174
2939
1308
1090
1794
1197
1233
829
424
1887
925
3857
1471
3411
456
1062
771
1636
649
1483
3236
446
959
2054
1973
810
919
684
685
2152
539
699
549
4745
941
3066
47
1715
1411
2743
2886
371
320
825
2343
1443
356
2551
1901
3029
1163
1034
1514
2562
1842
1291
511
2807
3853
3053
60
2601
3754
640
2730
3245
1653
404
631
2810
1351
21
1179
3040
1851
716
1560
2588
72
644
3016
1495
53
3160
1198
1921
314
2983
353
1342
470
1040
3764
3675
1545
883
3795
1710
3726
1845
4957
2488
1848
3398
1104
2178
66
2608
1679
1540
2235
2419
821
4207
2209
4673
887
1234
56
646
626
715
562
1150
2830
2213
4592
2051
193
684
1643
4135
1210
804
189
1622
1988
1545
951
4664
775
1611
1756
608
1432
2585
858
55
647
1632
936
1159
3433
4030
748
1102
225
3485
1299
659
1756
1558
1387
417
192
2002
768
2601
2672
551
1999
544
1254
23
1420
2097
3216
4923
17
842
1630
654
133
2439
661
4197
1637
468
100
338
1454
735
353
1078
970
78
2027
3817
1020
2235
798
2361
632
533
2095
751
1116
2213
85
2492
105
3528
2387
350
974
922
1343
980
2352
741
372
3237
976
595
456
117
198
2530
2095
3250
645
683
59
2804
1589
2321
1394
2292
275
209
2667
548
1232
1865
990
853
2942
1940
3883
574
472
9
3563
3159
1442
919
758
3930
1518
173
1592
536
2665
422
38
3183
1014
249
612
416
1177
1149
301
1636
1024
3646
2275
617
1091
2621
1631
36
842
433
544
3650
81
1814
94
394
2887
2380
986
1185
2254
3102
1294
1552
140
2207
4166
4374
1210
355
47
3181
129
598
1110
1793
1717
1582
4528
216
2859
2602
731
1815
507
4645
2996
105
391
1627
779
345
182
1834
197
1139
40
3545
509
1627
1188
2510
1386
715
1372
945
1238
1339
1754
1249
2941
3251
745
1733
2069
1686
1111
983
85
2093
1244
2248
181
799
2312
568
1524
1073
1008
1823
650
2634
2151
3023
3444
768
3141
22
717
505
672
2596
4225
2563
2740
1868
652
22
2393
2326
1005
140
3016
2737
454
4713
1108
935
3641
2139
2998
33
2550
1784
1273
186
3057
546
2577
3391
4228
1372
2820
2478
4004
2462
3610
546
3984
2217
1352
933
636
198
1763
2161
1072
446
163
767
308
508
1270
699
954
598
1070
197
1046
509
2367
815
2097
4685
1931
529
1900
942
3262
689
1457
1162
1530
3941
2371
1561
3103
2199
804
96
1841
155
2477
2932
182
730
1337
3595
3012
1768
769
1831
1880
1171
2315
1226
493
2063
1807
1841
2825
2259
2585
724
2132
985
2
336
1815
1974
4153
804
773
2024
2859
533
2078
160
480
966
3688
2656
3598
2788
520
1206
2417
675
560
2731
3767
1615
2344
843
2910
172
3796
2911
1509
4417
925
1146
1033
176
1717
1514
1983
816
2426
2346
249
2034
77
3964
943
2715
4243
542
3097
2984
4103
3820
893
728
1973
1159
2552
328
167
3709
2974
1624
323
3243
1809
1982
660
2110
3675
391
1159
995
1209
633
908
2166
1154
1289
1319
1069
1424
2980
566
3000
962
1021
1817
3957
1178
1426
3463
196
587
2212
70
158
1064
2224
3051
2815
1442
2270
2153
3114
1647
58
529
251
2828
3825
1466
2090
5
107
739
399
665
2346
2693
3168
2693
967
3268
1352
2574
355
3945
296
326
2136
535
1107
222
568
1151
1722
1479
1663
2264
1664
2322
2649
1883
1927
950
2444
1673
3469
847
2931
1934
1284
3862
3666
2532
3978
617
689
2020
924
464
810
4530
2235
564
2382
2354
2523
9
3046
62
2650
1663
3156
4743
1320
1847
372
521
2120
284
1801
944
1411
893
3421
1704
2044
4288
3171
1970
2292
764
1962
2057
1605
1123
1424
644
90
992
1645
3433
3174
948
1916
133
1980
3151
76
696
940
202
1198
1910
858
2889
1775
311
2117
2409
1644
859
1334
236
2318
589
648
2329
3129
3491
1238
3950
1698
3040
3002
4171
555
408
1437
3903
684
2760
519
1212
793
1888
3033
1413
509
484
1836
3363
4240
393
2156
156
2623
696
460
1841
3232
1095
1414
3013
2186
1076
1780
882
2451
3364
2771
88
2006
2215
3726
992
3139
1498
2852
362
688
839
744
886
2141
2339
1885
2865
3574
495
4224
2883
1585
1672
3706
1124
1103
458
104
4132
1492
4506
3147
371
53
3145
1397
103
1264
2213
517
825
196
1024
1995
575
738
145
1050
1170
372
4190
1931
3424
26
804
1217
266
3109
668
1044
300
1420
823
3317
88
1347
635
2651
1560
1602
2860
3792
683
2626
462
1512
784
232
599
2132
117
279
881
1523
618
3052
1328
485
2773
842
310
4615
1300
859
2123
2355
2482
2921
1086
1048
920
203
1895
593
915
3861
782
1311
2701
3234
99
4145
160
2433
1645
989
1647
412
1560
3062
24
630
1514
3492
3178
82
667
1571
55
3756
910
4682
2253
780
1667
2369
2623
1283
872
3107
2232
91
1309
3489
1991
420
270
48
289
1256
1291
1530
1171
4488
431
985
964
380
1217
1800
2677
1468
1635
872
958
1821
2219
1261
702
2492
719
1171
541
4326
407
4114
711
2107
790
1639
2658
911
1081
4397
1705
265
1309
3557
2879
448
1108
1944
1837
1342
512
2405
520
1907
2540
1439
3105
199
1033
3004
1036
1633
817
1445
988
3466
2633
3806
770
1511
1059
581
447
3045
1116
462
2385
471
1681
3545
2917
2699
2283
3765
237
509
2718
2009
555
4076
3645
2080
3632
263
2298
2899
3901
2949
2705
978
1235
49
512
1498
819
3018
399
1842
4220
1136
379
2722
600
1205
2239
3771
10
4372
3620
2364
967
1555
2396
465
4434
1692
972
2647
1631
3018
2746
511
2909
1072
181
3110
2406
1029
3822
1572
2158
954
1134
2939
1149
53
1496
3836
1900
540
1228
1872
2413
416
1289
2706
1954
84
601
1327
2110
958
1370
1691
3499
3025
887
3061
1318
191
1249
3616
961
2760
1011
2590
1562
3450
675
1348
2165
1920
652
422
949
3491
887
1391
1245
554
909
2065
2791
1377
1882
2475
146
2370
19
3828
3220
866
1984
255
2403
2599
3610
1887
3554
170
208
1741
2326
7
3316
1256
839
3780
3208
2105
2018
929
998
1776
3527
2045
2854
1887
2944
1221
3016
1203
1634
1508
1418
2124
1904
895
3593
782
2017
1779
238
2488
1392
9
4365
3275
2531
1408
3190
2532
730
77
560
1886
1712
3320
1727
382
1793
253
180
266
751
2732
2337
2806
2453
4798
2776
551
2837
2735
1043
860
85
3859
1911
686
812
1332
629
935
621
2190
544
1092
2270
39
938
2458
197
4066
2447
1264
1123
3302
3376
1899
974
1582
1020
989
1482
2766
332
1257
627
1712
582
3123
460
175
1389
2472
627
786
3458
1958
1605
366
948
732
3831
4496
370
2013
2288
3204
912
650
499
4219
805
54
1084
2820
280
4354
94
3002
1176
1149
2798
512
355
1525
887
2080
1815
1257
1143
1670
4494
3810
897
3808
3148
2536
1202
149
2361
464
2234
3766
53
1524
3659
678
1732
2168
2190
361
649
3957
2449
2130
1574
621
284
735
17
1598
2435
1473
1857
3548
4613
1245
413
1124
2291
2998
451
1729
227
3056
746
2004
2075
207
1656
1716
1105
463
932
2981
1343
2949
128
2619
203
423
1456
1746
360
1552
3813
4449
975
1486
3152
4162
1405
2276
213
2800
2578
2487
3366
540
2945
1327
202
23
817
3437
4150
1763
4350
85
2614
2531
2585
84
2320
3815
1596
1435
1576
3614
3269
3531
160
3637
1246
1058
2266
2221
1805
1980
1091
2344
2117
1500
2103
1027
1090
1601
1356
2186
2679
896
10
2782
1505
3469
4777
957
1175
1945
337
2019
1267
873
1274
1569
218
307
3130
271
3169
2022
1169
3689
679
624
4834
568
214
788
2207
872
2911
43
503
1701
305
435
442
1311
858
1040
3756
2247
1647
643
2025
2654
2669
2445
1780
1465
2380
123
1147
1075
709
559
2216
1296
3892
1588
1352
2187
2742
229
1451
789
2447
832
3229
750
388
1840
1083
291
1446
2222
3080
1089
2310
1231
723
3492
4620
238
1979
544
2841
2799
1445
1532
1503
479
1335
1581
393
726
1885
3779
685
169
2202
4163
1742
1003
454
80
901
430
1964
174
3581
1704
742
2357
1079
2414
2596
1515
631
1050
2255
45
944
2786
1096
34
883
2374
561
2608
2765
578
236
578
817
253
2137
144
1262
4956
266
313
1658
1407
2524
1193
3245
3615
2758
1306
632
1198
1731
1688
292
536
791
1313
661
917
3114
1487
685
692
1555
1081
672
4634
3597
1227
1160
3723
1484
824
2340
367
1322
2272
208
2865
1936
188
1328
2743
1330
3065
1441
2926
2029
874
2494
285
912
2803
1256
205
2592
1294
482
2054
2211
2080
4012
1125
376
1898
237
3436
769
2848
615
3307
281
3225
2319
2969
1128
1765
2676
650
2108
369
1902
152
116
41
461
1119
468
1529
999
2983
1857
554
2845
4043
1398
1800
417
1856
2486
2691
3603
1622
2528
22
1196
134
1627
2673
446
1427
1937
445
1274
3952
772
1848
178
1880
4245
254
3789
4061
323
2999
923
755
2911
1534
835
1200
2199
1296
923
536
52
822
932
1741
399
2244
613
1323
3279
1694
113
939
922
886
156
471
1713
1740
1918
1736
1508
3733
2280
1238
2717
1636
21
364
4101
267
2925
1337
1056
2788
850
1313
1070
1137
2576
778
3974
106
2570
251
500
971
1712
855
2292
412
2524
33
1841
851
1873
741
1261
541
1658
638
78
1281
763
415
725
1309
90
3413
1260
153
2169
1233
1179
753
3521
1037
1473
1355
2684
2065
1043
2003
1454
2467
661
1622
2174
3320
1728
1171
252
3366
639
537
931
3893
2308
1835
564
630
1284
236
2247
3076
1996
303
496
1765
796
1314
306
3398
762
1046
1286
2381
1293
699
849
38
937
80
712
4151
740
1967
22
1028
2054
2530
3793
3774
932
455
3359
399
1979
420
1518
1035
658
692
2076
1117
597
3816
111
1009
434
1197
556
3322
66
96
391
1063
2369
462
484
3363
1228
1611
2295
2154
2829
590
1175
3890
796
1863
1672
1459
760
2138
1551
1982
3768
637
1381
4104
300
979
1535
2160
2674
787
697
1173
1278
2617
4010
261
92
2480
635
192
2630
3034
3093
75
2553
311
2505
322
1070
2182
3839
2154
2528
3337
848
2367
2479
3508
840
3191
1927
642
1126
2546
2296
937
1446
1649
635
3799
1152
1512
1175
1607
778
26
1783
786
681
2366
3301
3654
1643
392
646
2215
2749
2841
2199
1283
1138
1581
998
416
1098
379
3251
1118
4128
2155
3513
1770
1645
2426
139
2734
3023
1374
3404
1096
210
3609
1197
1656
2189
865
725
1173
816
1327
699
3015
3544
4075
2198
333
2091
653
1616
3839
1665
2835
1043
1303
1613
774
1549
2837
3680
280
1033
3988
2138
2459
827
1410
2355
1183
3453
750
2330
2067
1457
861
271
698
782
59
1125
210
1609
1805
684
2142
1310
929
2396
1217
2552
887
663
1630
2565
135
523
345
719
1360
571
775
1340
883
971
657
821
2794
1900
2996
2481
970
427
459
1609
1599
1000
75
2666
1204
1910
4029
1155
275
170
4309
2641
2497
450
1637
1805
1202
841
1838
2376
2574
1913
1834
3778
201
1483
645
1877
103
1295
783
278
2589
138
3058
235
838
1127
287
3400
581
3134
2750
2592
3770
802
2008
776
2483
501
3255
1456
3180
3146
1995
242
111
969
2171
1339
652
733
414
2777
922
1083
1760
1086
2442
1450
1736
2714
884
4371
115
382
289
1171
675
4048
291
3862
293
952
853
2444
1753
4281
1534
924
2288
246
74
2786
1191
487
3440
2367
3114
963
1630
3457
307
666
1906
462
4057
3401
1955
2282
2731
1209
22
155
2916
2161
4152
434
100
697
446
537
2489
457
2953
4362
3281
1462
1426
1300
2446
601
495
2992
166
1002
1057
2218
3367
1894
4204
1044
1516
293
1743
2335
781
3040
1522
1027
4812
851
53
995
1131
3179
641
3950
858
349
2824
686
1674
1664
502
2288
1388
1811
346
3680
1684
2748
3279
1086
3627
3259
1994
876
4624
167
687
893
465
1716
1323
3466
313
3949
1015
2246
707
2179
2094
598
264
20
2396
1147
1934
4050
798
4431
2467
2224
1385
2176
1494
2091
154
2821
1622
681
3445
736
213
14
1810
973
2763
3522
2217
1419
71
1985
301
894
3506
2368
100
2522
2764
1029
944
3159
2247
1345
2563
798
2060
4557
2794
719
227
169
4063
2848
967
760
840
337
255
845
294
645
1496
2050
3610
1726
4517
27
682
367
875
119
2348
454
2751
250
1479
2015
406
361
2415
864
3255
772
618
3641
117
2329
2993
2779
499
1233
653
848
1349
415
2153
533
3788
1103
1507
19
1520
852
1868
803
1777
1004
735
965
2636
1974
3357
123
2684
742
722
138
1572
815
195
3727
227
827
1651
2106
753
1083
4071
3330
368
709
3363
834
391
1923
1233
2748
1193
1894
214
1986
3819
2689
2397
1439
3049
2805
108
3624
1425
1554
34
1000
1836
3432
2394
1138
344
1188
2272
2143
3582
3643
2817
1441
2163
3723
3955
59
241
77
515
447
2952
1181
3524
410
516
114
895
596
1865
831
825
2302
188
3366
617
1855
342
2653
1695
2987
3155
3569
3547
2421
513
1342
1515
1695
356
178
1469
888
3858
3409
1690
161
1631
1752
3488
398
1350
352
2263
340
1134
2659
14
1458
241
1890
1961
1963
504
2782
1138
384
2952
3174
3150
852
418
794
2098
1081
136
2789
1721
4025
193
1911
1507
39
2531
212
17
3671
1152
3656
3676
964
427
56
1283
3866
1247
1206
885
803
3436
1652
160
1705
2414
1114
2338
3839
1251
1388
758
1654
1744
1235
1402
1334
942
1296
1256
2471
2948
1675
1646
1552
2042
180
2696
2203
607
2266
4669
2299
84
1083
2677
3461
3021
290
3012
739
1579
3834
2368
1741
1502
2719
2370
2332
3606
1245
4070
2094
65
790
2877
427
989
2305
39
1528
72
1502
2224
4401
478
1688
604
3106
978
1258
1879
2568
943
4478
771
750
2050
769
1863
1137
138
1972
948
2653
47
931
578
2650
1405
2616
446
313
3958
63
209
965
1789
684
885
1295
816
289
1076
1517
2773
1877
2005
813
565
2873
1940
1774
3512
2363
1455
3202
1317
1053
214
1452
4090
63
1162
2821
2650
238
4740
401
929
701
1790
1132
719
3681
2209
3667
3758
1764
4583
2554
1855
2022
713
3620
350
1530
2211
1522
2827
2089
4347
1882
1255
2842
1096
467
1793
764
2777
1233
2664
34
1904
1359
1670
3752
2028
2371
985
4085
1410
118
4138
2785
2097
847
2481
170
486
995
1513
3360
800
106
3331
3192
2736
1504
3727
3578
3428
2022
2602
314
508
1334
915
376
1380
3342
828
1398
1081
995
1291
1712
1881
239
2337
1992
2059
1439
1175
640
1983
3235
1831
1701
677
760
381
493
454
244
3484
339
1908
1892
397
2010
1822
1152
2826
2130
318
827
37
2228
211
2918
7
2397
15
1438
1361
1789
426
4129
2319
132
402
4427
1163
1445
619
971
362
277
2085
1080
600
2471
4431
1981
1625
616
657
1664
2193
881
320
1582
237
496
45
3623
525
1687
2626
1413
3349
1675
3623
602
2924
2749
424
1829
1925
444
635
420
1665
2571
1923
3767
2883
188
862
2323
3864
1210
1143
88
1478
813
1181
2944
2133
1121
835
3175
1651
1741
2124
2031
1619
4252
1103
2798
2177
268
1106
1868
445
3920
3890
907
309
2045
1546
766
441
1234
1448
252
684
345
302
346
3021
735
2483
388
2232
1113
1150
2778
272
2211
2110
1697
525
332
69
578
1179
371
3301
1044
2179
62
438
857
2266
1739
2990
1135
4187
3265
1660
936
1813
3685
389
696
37
1197
329
3535
1686
1667
2955
215
1835
1078
2449
2250
889
451
263
581
2121
2320
2479
293
1470
2539
2285
1843
723
167
3336
1818
947
2535
3320
446
141
1652
1072
1073
2441
1935
2541
88
995
3424
3143
659
2522
3436
807
1606
381
1111
3274
2905
4058
1118
731
3298
2467
1721
31
3164
33
839
909
1389
2960
2721
2554
1975
1692
649
3682
2851
3177
1852
1498
1270
141
104
3989
118
2227
444
2500
2488
2427
1613
4162
3479
3021
877
400
17
139
921
2494
3309
1337
2952
1475
839
1679
1080
394
1318
2476
3639
1540
203
694
1104
2966
1033
2753
187
1818
2326
3971
1185
1268
3053
11
1130
116
2964
2067
2644
718
2667
896
1710
1738
945
2462
4610
657
734
3182
2960
2515
1104
1634
4176
2574
1638
1388
623
2775
316
758
2922
247
746
1615
154
1382
1272
3044
2994
1074
1500
2595
1988
3539
2101
1300
1055
2986
2363
60
718
3708
3815
3145
614
2204
2249
712
4137
3898
439
3352
1424
4283
1106
818
427
873
1039
4546
3555
1991
490
214
1357
237
2866
1325
519
3970
271
4468
830
347
2410
4339
542
1169
822
270
2906
2130
2160
7
1902
1831
934
1157
3217
1426
570
2856
3281
571
3236
3390
523
1546
3060
712
3578
